time,open,high,low,close,volume
2015-11-02T09:15:01+05:30,17.88,18.36,17.38,18.18,
2015-11-02T09:16:00+05:30,18.14,18.33,18.14,18.17,
2015-11-02T09:17:00+05:30,18.15,18.34,18.08,18.09,
2015-11-02T09:18:01+05:30,18.11,18.11,17.98,18.04,
2015-11-02T09:19:00+05:30,18.06,18.43,18.05,18.42,
2015-11-02T09:20:00+05:30,18.43,18.52,18.43,18.51,
2015-11-02T09:21:01+05:30,18.49,18.52,18.46,18.47,
2015-11-02T09:22:00+05:30,18.46,18.6,18.45,18.58,
2015-11-02T09:23:00+05:30,18.58,18.66,18.56,18.65,
2015-11-02T09:24:00+05:30,18.67,18.71,18.66,18.71,
2015-11-02T09:25:00+05:30,18.71,18.76,18.7,18.7,
2015-11-02T09:26:00+05:30,18.69,18.74,18.67,18.74,
2015-11-02T09:27:00+05:30,18.75,18.95,18.74,18.91,
2015-11-02T09:28:00+05:30,18.9,19.07,18.9,19,
2015-11-02T09:29:00+05:30,19.01,19.04,18.94,18.98,
2015-11-02T09:30:00+05:30,18.98,19.01,18.97,19,
2015-11-02T09:31:00+05:30,19.01,19.15,19,19.15,
2015-11-02T09:32:00+05:30,19.17,19.19,19.11,19.12,
2015-11-02T09:33:00+05:30,19.12,19.12,19.04,19.06,
2015-11-02T09:34:00+05:30,19.07,19.12,19.07,19.1,
2015-11-02T09:35:00+05:30,19.1,19.1,19.06,19.07,
2015-11-02T09:36:00+05:30,19.07,19.08,18.99,18.99,
2015-11-02T09:37:01+05:30,18.99,19.02,18.98,19,
2015-11-02T09:38:00+05:30,19,19,18.96,18.96,
2015-11-02T09:39:00+05:30,18.96,18.96,18.89,18.91,
2015-11-02T09:40:00+05:30,18.91,18.91,18.82,18.85,
2015-11-02T09:41:00+05:30,18.85,18.91,18.83,18.91,
2015-11-02T09:42:00+05:30,18.9,18.91,18.85,18.86,
2015-11-02T09:43:00+05:30,18.87,18.88,18.84,18.84,
2015-11-02T09:44:01+05:30,18.84,18.85,18.83,18.83,
2015-11-02T09:45:00+05:30,18.83,18.83,18.79,18.79,
2015-11-02T09:46:00+05:30,18.79,18.83,18.77,18.83,
2015-11-02T09:47:00+05:30,18.83,18.86,18.81,18.86,
2015-11-02T09:48:00+05:30,18.87,18.98,18.86,18.98,
2015-11-02T09:49:01+05:30,18.98,18.98,18.95,18.98,
2015-11-02T09:50:01+05:30,18.98,19.02,18.98,19.01,
2015-11-02T09:51:01+05:30,19.02,19.03,18.97,18.98,
2015-11-02T09:52:01+05:30,18.98,19,18.98,18.99,
2015-11-02T09:53:00+05:30,18.98,19.06,18.98,19.05,
2015-11-02T09:54:00+05:30,19.05,19.08,19.05,19.07,
2015-11-02T09:55:00+05:30,19.06,19.08,19.04,19.05,
2015-11-02T09:56:00+05:30,19.05,19.06,18.98,19,
2015-11-02T09:57:00+05:30,19,19.01,18.96,18.96,
2015-11-02T09:58:00+05:30,18.96,19.02,18.96,19,
2015-11-02T09:59:00+05:30,18.99,19.01,18.99,19.01,
2015-11-02T10:00:00+05:30,19.01,19.01,18.97,19,
2015-11-02T10:01:01+05:30,18.99,19.01,18.97,19.01,
2015-11-02T10:02:01+05:30,19.01,19.02,18.98,19.01,
2015-11-02T10:03:00+05:30,18.99,19.02,18.99,19.01,
2015-11-02T10:04:00+05:30,19.01,19.02,18.98,18.99,
2015-11-02T10:05:00+05:30,18.99,19.02,18.99,19,
2015-11-02T10:06:00+05:30,19,19,18.87,18.87,
2015-11-02T10:07:00+05:30,18.87,18.94,18.87,18.94,
2015-11-02T10:08:00+05:30,18.93,18.94,18.91,18.93,
2015-11-02T10:09:00+05:30,18.93,18.95,18.92,18.95,
2015-11-02T10:10:01+05:30,18.95,18.95,18.94,18.95,
2015-11-02T10:11:01+05:30,18.95,18.97,18.94,18.97,
2015-11-02T10:12:01+05:30,18.97,19,18.97,18.98,
2015-11-02T10:13:01+05:30,18.99,19.01,18.95,18.99,
2015-11-02T10:14:01+05:30,18.97,18.98,18.97,18.98,
2015-11-02T10:15:01+05:30,18.99,19.01,18.99,19.01,
2015-11-02T10:16:01+05:30,19.01,19.01,18.99,19.01,
2015-11-02T10:17:01+05:30,19.01,19.01,18.98,18.99,
2015-11-02T10:18:01+05:30,18.99,18.99,18.98,18.98,
2015-11-02T10:19:01+05:30,18.99,18.99,18.96,18.99,
2015-11-02T10:20:01+05:30,18.99,19,18.99,19,
2015-11-02T10:21:01+05:30,19,19.09,18.99,19.07,
2015-11-02T10:22:01+05:30,19.07,19.08,19.06,19.06,
2015-11-02T10:23:01+05:30,19.06,19.06,19.01,19.01,
2015-11-02T10:24:01+05:30,19.02,19.02,18.94,18.95,
2015-11-02T10:25:00+05:30,18.95,18.97,18.95,18.97,
2015-11-02T10:26:01+05:30,18.96,18.98,18.94,18.97,
2015-11-02T10:27:01+05:30,18.96,18.97,18.96,18.97,
2015-11-02T10:28:00+05:30,18.97,18.98,18.95,18.95,
2015-11-02T10:29:00+05:30,18.95,18.97,18.95,18.96,
2015-11-02T10:30:00+05:30,18.96,18.98,18.94,18.94,
2015-11-02T10:31:00+05:30,18.94,18.94,18.9,18.91,
2015-11-02T10:32:00+05:30,18.91,18.95,18.9,18.95,
2015-11-02T10:33:00+05:30,18.94,18.99,18.94,18.97,
2015-11-02T10:34:00+05:30,18.97,18.99,18.97,18.98,
2015-11-02T10:35:01+05:30,18.99,19.01,18.98,19,
2015-11-02T10:36:01+05:30,19.02,19.05,19.01,19.04,
2015-11-02T10:37:01+05:30,19.05,19.05,18.97,19.01,
2015-11-02T10:38:01+05:30,19,19.03,19,19.02,
2015-11-02T10:39:01+05:30,19.01,19.01,18.99,18.99,
2015-11-02T10:40:01+05:30,19,19.05,19,19.05,
2015-11-02T10:41:00+05:30,19.05,19.09,19.05,19.06,
2015-11-02T10:42:00+05:30,19.06,19.07,19.05,19.07,
2015-11-02T10:43:00+05:30,19.07,19.08,19.07,19.07,
2015-11-02T10:44:00+05:30,19.07,19.09,19.07,19.09,
2015-11-02T10:45:00+05:30,19.09,19.1,19.08,19.09,
2015-11-02T10:46:00+05:30,19.1,19.13,19.08,19.13,
2015-11-02T10:47:00+05:30,19.13,19.14,19.05,19.07,
2015-11-02T10:48:00+05:30,19.07,19.09,19.05,19.06,
2015-11-02T10:49:00+05:30,19.06,19.07,19.01,19.04,
2015-11-02T10:50:00+05:30,19.04,19.11,18.99,18.99,
2015-11-02T10:51:00+05:30,18.99,19.01,18.99,19.01,
2015-11-02T10:52:00+05:30,19.01,19.01,18.99,19,
2015-11-02T10:53:00+05:30,19,19.02,18.98,18.98,
2015-11-02T10:54:00+05:30,18.98,19,18.96,18.98,
2015-11-02T10:55:00+05:30,18.98,19,18.96,18.99,
2015-11-02T10:56:00+05:30,18.99,18.99,18.96,18.96,
2015-11-02T10:57:00+05:30,18.96,18.98,18.94,18.97,
2015-11-02T10:58:01+05:30,18.98,18.99,18.97,18.99,
2015-11-02T10:59:01+05:30,18.99,19.01,18.98,18.99,
2015-11-02T11:00:00+05:30,19,19.03,19,19.02,
2015-11-02T11:01:00+05:30,19.03,19.03,18.99,18.99,
2015-11-02T11:02:00+05:30,18.99,19.02,18.99,19.01,
2015-11-02T11:03:00+05:30,19.01,19.01,18.99,19.01,
2015-11-02T11:04:00+05:30,19.02,19.02,18.96,18.97,
2015-11-02T11:05:00+05:30,18.96,18.99,18.96,18.99,
2015-11-02T11:06:00+05:30,18.99,19.02,18.99,19,
2015-11-02T11:07:00+05:30,19,19,18.99,19,
2015-11-02T11:08:00+05:30,19,19,18.98,18.99,
2015-11-02T11:09:00+05:30,18.99,19,18.97,18.99,
2015-11-02T11:10:00+05:30,18.99,19,18.96,18.97,
2015-11-02T11:11:00+05:30,18.97,19.01,18.96,19,
2015-11-02T11:12:00+05:30,19,19,18.98,18.99,
2015-11-02T11:13:01+05:30,19,19.01,18.99,19,
2015-11-02T11:14:01+05:30,19.01,19.03,19,19.02,
2015-11-02T11:15:00+05:30,19.03,19.04,19.03,19.03,
2015-11-02T11:16:00+05:30,19.03,19.03,19.01,19.02,
2015-11-02T11:17:01+05:30,19.02,19.06,19.02,19.05,
2015-11-02T11:18:01+05:30,19.04,19.08,19.03,19.08,
2015-11-02T11:19:00+05:30,19.08,19.08,19.04,19.04,
2015-11-02T11:20:00+05:30,19.04,19.06,19.01,19.06,
2015-11-02T11:21:00+05:30,19.08,19.14,19.08,19.11,
2015-11-02T11:22:00+05:30,19.09,19.12,19.09,19.12,
2015-11-02T11:23:00+05:30,19.11,19.13,19.08,19.08,
2015-11-02T11:24:00+05:30,19.08,19.08,19.04,19.07,
2015-11-02T11:25:00+05:30,19.06,19.06,18.99,19,
2015-11-02T11:26:00+05:30,19,19.09,18.99,19.08,
2015-11-02T11:27:00+05:30,19.07,19.08,19.04,19.05,
2015-11-02T11:28:00+05:30,19.05,19.07,19.03,19.04,
2015-11-02T11:29:00+05:30,19.05,19.16,19.05,19.12,
2015-11-02T11:30:00+05:30,19.12,19.16,19.12,19.16,
2015-11-02T11:31:00+05:30,19.16,19.18,19.15,19.16,
2015-11-02T11:32:00+05:30,19.17,19.17,19.13,19.15,
2015-11-02T11:33:00+05:30,19.15,19.15,19.13,19.13,
2015-11-02T11:34:00+05:30,19.13,19.14,19.12,19.13,
2015-11-02T11:35:00+05:30,19.13,19.18,19.12,19.17,
2015-11-02T11:36:00+05:30,19.17,19.2,19.14,19.19,
2015-11-02T11:37:00+05:30,19.19,19.21,19.18,19.19,
2015-11-02T11:38:00+05:30,19.19,19.22,19.19,19.19,
2015-11-02T11:39:00+05:30,19.2,19.22,19.2,19.2,
2015-11-02T11:40:00+05:30,19.2,19.2,19.17,19.18,
2015-11-02T11:41:00+05:30,19.18,19.18,19.16,19.17,
2015-11-02T11:42:00+05:30,19.17,19.19,19.16,19.16,
2015-11-02T11:43:00+05:30,19.17,19.2,19.17,19.19,
2015-11-02T11:44:00+05:30,19.19,19.23,19.12,19.13,
2015-11-02T11:45:00+05:30,19.13,19.14,19.13,19.13,
2015-11-02T11:46:00+05:30,19.13,19.16,19.12,19.16,
2015-11-02T11:47:00+05:30,19.16,19.16,19.14,19.14,
2015-11-02T11:48:01+05:30,19.15,19.17,19.15,19.16,
2015-11-02T11:49:00+05:30,19.16,19.18,19.16,19.18,
2015-11-02T11:50:00+05:30,19.18,19.18,19.15,19.17,
2015-11-02T11:51:00+05:30,19.17,19.17,19.12,19.14,
2015-11-02T11:52:00+05:30,19.14,19.15,19.09,19.11,
2015-11-02T11:53:01+05:30,19.12,19.14,19.11,19.13,
2015-11-02T11:54:01+05:30,19.13,19.15,19.12,19.12,
2015-11-02T11:55:01+05:30,19.12,19.15,19.12,19.14,
2015-11-02T11:56:01+05:30,19.13,19.16,19.13,19.15,
2015-11-02T11:57:01+05:30,19.15,19.17,19.15,19.17,
2015-11-02T11:58:01+05:30,19.17,19.21,19.16,19.17,
2015-11-02T11:59:01+05:30,19.17,19.2,19.17,19.18,
2015-11-02T12:00:01+05:30,19.18,19.19,19.16,19.19,
2015-11-02T12:01:01+05:30,19.19,19.23,19.19,19.23,
2015-11-02T12:02:01+05:30,19.22,19.25,19.22,19.24,
2015-11-02T12:03:01+05:30,19.24,19.28,19.23,19.27,
2015-11-02T12:04:00+05:30,19.28,19.31,19.28,19.3,
2015-11-02T12:05:00+05:30,19.29,19.32,19.29,19.31,
2015-11-02T12:06:00+05:30,19.32,19.36,19.32,19.36,
2015-11-02T12:07:00+05:30,19.36,19.37,19.32,19.32,
2015-11-02T12:08:00+05:30,19.32,19.37,19.32,19.37,
2015-11-02T12:09:00+05:30,19.36,19.39,19.36,19.38,
2015-11-02T12:10:00+05:30,19.38,19.41,19.38,19.4,
2015-11-02T12:11:00+05:30,19.4,19.44,19.39,19.44,
2015-11-02T12:12:00+05:30,19.43,19.45,19.42,19.44,
2015-11-02T12:13:00+05:30,19.44,19.44,19.42,19.43,
2015-11-02T12:14:00+05:30,19.43,19.43,19.4,19.4,
2015-11-02T12:15:00+05:30,19.4,19.44,19.39,19.44,
2015-11-02T12:16:00+05:30,19.44,19.46,19.44,19.45,
2015-11-02T12:17:00+05:30,19.45,19.5,19.44,19.5,
2015-11-02T12:18:00+05:30,19.5,19.55,19.49,19.55,
2015-11-02T12:19:00+05:30,19.55,19.58,19.54,19.57,
2015-11-02T12:20:00+05:30,19.57,19.62,19.57,19.62,
2015-11-02T12:21:00+05:30,19.62,19.65,19.59,19.63,
2015-11-02T12:22:00+05:30,19.64,19.7,19.64,19.68,
2015-11-02T12:23:01+05:30,19.67,19.7,19.66,19.67,
2015-11-02T12:24:00+05:30,19.67,19.67,19.6,19.6,
2015-11-02T12:25:00+05:30,19.6,19.63,19.57,19.57,
2015-11-02T12:26:01+05:30,19.57,19.58,19.53,19.54,
2015-11-02T12:27:01+05:30,19.54,19.57,19.54,19.57,
2015-11-02T12:28:01+05:30,19.57,19.6,19.56,19.58,
2015-11-02T12:29:01+05:30,19.59,19.6,19.58,19.6,
2015-11-02T12:30:01+05:30,19.62,19.64,19.61,19.61,
2015-11-02T12:31:01+05:30,19.61,19.67,19.61,19.67,
2015-11-02T12:32:00+05:30,19.67,19.68,19.65,19.65,
2015-11-02T12:33:00+05:30,19.65,19.69,19.65,19.69,
2015-11-02T12:34:00+05:30,19.69,19.7,19.63,19.63,
2015-11-02T12:35:00+05:30,19.64,19.64,19.59,19.59,
2015-11-02T12:36:01+05:30,19.6,19.66,19.6,19.65,
2015-11-02T12:37:01+05:30,19.64,19.64,19.61,19.62,
2015-11-02T12:38:01+05:30,19.62,19.66,19.62,19.64,
2015-11-02T12:39:01+05:30,19.63,19.64,19.61,19.62,
2015-11-02T12:40:01+05:30,19.62,19.63,19.61,19.61,
2015-11-02T12:41:01+05:30,19.61,19.66,19.61,19.66,
2015-11-02T12:42:01+05:30,19.67,19.69,19.66,19.66,
2015-11-02T12:43:01+05:30,19.66,19.67,19.65,19.66,
2015-11-02T12:44:01+05:30,19.65,19.69,19.65,19.67,
2015-11-02T12:45:01+05:30,19.66,19.67,19.66,19.66,
2015-11-02T12:46:01+05:30,19.66,19.68,19.66,19.67,
2015-11-02T12:47:01+05:30,19.67,19.68,19.65,19.68,
2015-11-02T12:48:01+05:30,19.67,19.7,19.66,19.7,
2015-11-02T12:49:01+05:30,19.69,19.71,19.67,19.68,
2015-11-02T12:50:00+05:30,19.68,19.72,19.68,19.72,
2015-11-02T12:51:00+05:30,19.72,19.75,19.71,19.74,
2015-11-02T12:52:00+05:30,19.75,19.79,19.74,19.79,
2015-11-02T12:53:00+05:30,19.8,19.81,19.76,19.81,
2015-11-02T12:54:00+05:30,19.81,19.81,19.73,19.76,
2015-11-02T12:55:00+05:30,19.76,19.77,19.75,19.77,
2015-11-02T12:56:00+05:30,19.77,19.78,19.73,19.73,
2015-11-02T12:57:01+05:30,19.72,19.76,19.7,19.74,
2015-11-02T12:58:01+05:30,19.74,19.76,19.72,19.72,
2015-11-02T12:59:01+05:30,19.72,19.72,19.7,19.7,
2015-11-02T13:00:01+05:30,19.68,19.69,19.66,19.66,
2015-11-02T13:01:01+05:30,19.67,19.69,19.65,19.66,
2015-11-02T13:02:01+05:30,19.66,19.7,19.66,19.69,
2015-11-02T13:03:01+05:30,19.7,19.72,19.69,19.71,
2015-11-02T13:04:01+05:30,19.7,19.72,19.68,19.68,
2015-11-02T13:05:01+05:30,19.68,19.68,19.65,19.66,
2015-11-02T13:06:01+05:30,19.63,19.66,19.63,19.66,
2015-11-02T13:07:01+05:30,19.66,19.69,19.64,19.69,
2015-11-02T13:08:01+05:30,19.69,19.69,19.65,19.66,
2015-11-02T13:09:00+05:30,19.67,19.69,19.65,19.68,
2015-11-02T13:10:00+05:30,19.68,19.7,19.65,19.65,
2015-11-02T13:11:00+05:30,19.66,19.67,19.64,19.65,
2015-11-02T13:12:00+05:30,19.66,19.67,19.65,19.67,
2015-11-02T13:13:00+05:30,19.67,19.69,19.66,19.68,
2015-11-02T13:14:00+05:30,19.68,19.69,19.64,19.66,
2015-11-02T13:15:00+05:30,19.66,19.66,19.58,19.58,
2015-11-02T13:16:01+05:30,19.58,19.65,19.57,19.65,
2015-11-02T13:17:00+05:30,19.65,19.67,19.64,19.64,
2015-11-02T13:18:00+05:30,19.65,19.67,19.65,19.66,
2015-11-02T13:19:00+05:30,19.66,19.68,19.66,19.66,
2015-11-02T13:20:00+05:30,19.66,19.67,19.63,19.64,
2015-11-02T13:21:00+05:30,19.62,19.63,19.59,19.59,
2015-11-02T13:22:00+05:30,19.59,19.6,19.57,19.58,
2015-11-02T13:23:00+05:30,19.58,19.6,19.55,19.6,
2015-11-02T13:24:00+05:30,19.61,19.63,19.58,19.6,
2015-11-02T13:25:00+05:30,19.62,19.63,19.6,19.6,
2015-11-02T13:26:00+05:30,19.6,19.64,19.59,19.63,
2015-11-02T13:27:00+05:30,19.63,19.64,19.62,19.63,
2015-11-02T13:28:00+05:30,19.64,19.69,19.64,19.67,
2015-11-02T13:29:00+05:30,19.67,19.68,19.65,19.66,
2015-11-02T13:30:01+05:30,19.66,19.73,19.66,19.72,
2015-11-02T13:31:01+05:30,19.72,19.79,19.72,19.78,
2015-11-02T13:32:01+05:30,19.77,19.79,19.77,19.78,
2015-11-02T13:33:01+05:30,19.78,19.79,19.77,19.79,
2015-11-02T13:34:01+05:30,19.79,19.79,19.75,19.75,
2015-11-02T13:35:01+05:30,19.75,19.76,19.74,19.75,
2015-11-02T13:36:01+05:30,19.75,19.85,19.74,19.76,
2015-11-02T13:37:01+05:30,19.76,19.87,19.76,19.78,
2015-11-02T13:38:01+05:30,19.77,19.8,19.77,19.77,
2015-11-02T13:39:01+05:30,19.77,19.77,19.69,19.7,
2015-11-02T13:40:01+05:30,19.7,19.71,19.68,19.7,
2015-11-02T13:41:01+05:30,19.69,19.75,19.69,19.75,
2015-11-02T13:42:01+05:30,19.75,19.78,19.75,19.77,
2015-11-02T13:43:01+05:30,19.77,19.81,19.74,19.74,
2015-11-02T13:44:01+05:30,19.74,19.75,19.71,19.71,
2015-11-02T13:45:00+05:30,19.71,19.72,19.7,19.71,
2015-11-02T13:46:00+05:30,19.71,19.76,19.69,19.74,
2015-11-02T13:47:00+05:30,19.75,19.76,19.73,19.75,
2015-11-02T13:48:00+05:30,19.74,19.76,19.73,19.76,
2015-11-02T13:49:00+05:30,19.75,19.78,19.75,19.76,
2015-11-02T13:50:00+05:30,19.76,19.78,19.76,19.77,
2015-11-02T13:51:00+05:30,19.78,19.91,19.77,19.9,
2015-11-02T13:52:00+05:30,19.89,19.9,19.83,19.83,
2015-11-02T13:53:00+05:30,19.84,19.84,19.79,19.81,
2015-11-02T13:54:00+05:30,19.81,19.82,19.8,19.82,
2015-11-02T13:55:00+05:30,19.82,19.82,19.81,19.82,
2015-11-02T13:56:00+05:30,19.81,19.85,19.81,19.85,
2015-11-02T13:57:00+05:30,19.84,19.94,19.83,19.94,
2015-11-02T13:58:00+05:30,19.94,20,19.91,19.91,
2015-11-02T13:59:00+05:30,19.91,19.91,19.85,19.89,
2015-11-02T14:00:01+05:30,19.89,19.91,19.87,19.87,
2015-11-02T14:01:00+05:30,19.87,19.92,19.87,19.92,
2015-11-02T14:02:00+05:30,19.92,19.96,19.91,19.95,
2015-11-02T14:03:00+05:30,19.95,19.96,19.94,19.96,
2015-11-02T14:04:00+05:30,19.96,19.96,19.92,19.93,
2015-11-02T14:05:00+05:30,19.93,19.95,19.93,19.94,
2015-11-02T14:06:00+05:30,19.94,19.95,19.93,19.95,
2015-11-02T14:07:00+05:30,19.95,19.96,19.94,19.95,
2015-11-02T14:08:00+05:30,19.95,19.95,19.93,19.93,
2015-11-02T14:09:01+05:30,19.94,19.95,19.93,19.95,
2015-11-02T14:10:01+05:30,19.95,19.95,19.9,19.92,
2015-11-02T14:11:01+05:30,19.92,19.95,19.9,19.93,
2015-11-02T14:12:01+05:30,19.94,19.99,19.94,19.98,
2015-11-02T14:13:01+05:30,19.98,20.05,19.98,20.05,
2015-11-02T14:14:01+05:30,20.05,20.1,20.04,20.1,
2015-11-02T14:15:00+05:30,20.09,20.11,20.08,20.09,
2015-11-02T14:16:00+05:30,20.09,20.1,20.05,20.09,
2015-11-02T14:17:00+05:30,20.1,20.1,20.06,20.1,
2015-11-02T14:18:01+05:30,20.12,20.12,20.08,20.08,
2015-11-02T14:19:01+05:30,20.08,20.08,20.05,20.07,
2015-11-02T14:20:01+05:30,20.06,20.13,20.06,20.11,
2015-11-02T14:21:01+05:30,20.11,20.12,20.05,20.08,
2015-11-02T14:22:01+05:30,20.07,20.1,20.06,20.06,
2015-11-02T14:23:01+05:30,20.06,20.06,20.02,20.04,
2015-11-02T14:24:01+05:30,20.03,20.04,19.96,19.96,
2015-11-02T14:25:01+05:30,19.96,19.98,19.94,19.97,
2015-11-02T14:26:01+05:30,19.96,19.96,19.89,19.89,
2015-11-02T14:27:01+05:30,19.88,19.93,19.86,19.9,
2015-11-02T14:28:00+05:30,19.9,19.9,19.89,19.89,
2015-11-02T14:29:00+05:30,19.89,19.9,19.82,19.83,
2015-11-02T14:30:00+05:30,19.85,19.85,19.74,19.78,
2015-11-02T14:31:00+05:30,19.77,19.77,19.62,19.65,
2015-11-02T14:32:00+05:30,19.65,19.65,19.62,19.65,
2015-11-02T14:33:00+05:30,19.66,19.71,19.65,19.71,
2015-11-02T14:34:00+05:30,19.72,19.72,19.68,19.71,
2015-11-02T14:35:01+05:30,19.7,19.7,19.66,19.68,
2015-11-02T14:36:01+05:30,19.69,19.7,19.65,19.66,
2015-11-02T14:37:01+05:30,19.65,19.68,19.63,19.67,
2015-11-02T14:38:01+05:30,19.67,19.74,19.67,19.74,
2015-11-02T14:39:01+05:30,19.73,19.78,19.73,19.77,
2015-11-02T14:40:01+05:30,19.76,19.77,19.75,19.76,
2015-11-02T14:41:01+05:30,19.76,19.78,19.76,19.76,
2015-11-02T14:42:00+05:30,19.76,19.76,19.72,19.74,
2015-11-02T14:43:01+05:30,19.74,19.74,19.66,19.67,
2015-11-02T14:44:00+05:30,19.68,19.68,19.64,19.66,
2015-11-02T14:45:00+05:30,19.67,19.69,19.66,19.67,
2015-11-02T14:46:00+05:30,19.67,19.68,19.56,19.57,
2015-11-02T14:47:01+05:30,19.57,19.61,19.52,19.57,
2015-11-02T14:48:00+05:30,19.57,19.67,19.57,19.67,
2015-11-02T14:49:00+05:30,19.66,19.68,19.64,19.67,
2015-11-02T14:50:00+05:30,19.67,19.69,19.66,19.66,
2015-11-02T14:51:00+05:30,19.64,19.68,19.64,19.68,
2015-11-02T14:52:00+05:30,19.68,19.69,19.64,19.68,
2015-11-02T14:53:00+05:30,19.68,19.68,19.66,19.68,
2015-11-02T14:54:00+05:30,19.68,19.69,19.58,19.61,
2015-11-02T14:55:00+05:30,19.62,19.67,19.61,19.61,
2015-11-02T14:56:01+05:30,19.61,19.66,19.61,19.65,
2015-11-02T14:57:00+05:30,19.65,19.66,19.6,19.63,
2015-11-02T14:58:00+05:30,19.62,19.64,19.59,19.59,
2015-11-02T14:59:01+05:30,19.59,19.62,19.51,19.51,
2015-11-02T15:00:01+05:30,19.5,19.51,19.41,19.43,
2015-11-02T15:01:00+05:30,19.43,19.48,19.43,19.48,
2015-11-02T15:02:00+05:30,19.48,19.56,19.48,19.55,
2015-11-02T15:03:00+05:30,19.55,19.55,19.5,19.55,
2015-11-02T15:04:01+05:30,19.55,19.57,19.55,19.55,
2015-11-02T15:05:01+05:30,19.56,19.57,19.55,19.55,
2015-11-02T15:06:00+05:30,19.55,19.56,19.51,19.52,
2015-11-02T15:07:01+05:30,19.52,19.52,19.48,19.5,
2015-11-02T15:08:00+05:30,19.49,19.49,19.47,19.48,
2015-11-02T15:09:00+05:30,19.48,19.5,19.43,19.43,
2015-11-02T15:10:00+05:30,19.43,19.49,19.43,19.49,
2015-11-02T15:11:00+05:30,19.48,19.49,19.4,19.4,
2015-11-02T15:12:00+05:30,19.4,19.45,19.39,19.45,
2015-11-02T15:13:00+05:30,19.45,19.48,19.44,19.48,
2015-11-02T15:14:00+05:30,19.48,19.49,19.44,19.44,
2015-11-02T15:15:00+05:30,19.44,19.49,19.44,19.47,
2015-11-02T15:16:01+05:30,19.47,19.5,19.45,19.45,
2015-11-02T15:17:00+05:30,19.47,19.48,19.42,19.43,
2015-11-02T15:18:00+05:30,19.43,19.43,19.37,19.37,
2015-11-02T15:19:00+05:30,19.36,19.37,19.32,19.37,
2015-11-02T15:20:00+05:30,19.37,19.43,19.37,19.4,
2015-11-02T15:21:00+05:30,19.4,19.44,19.39,19.43,
2015-11-02T15:22:00+05:30,19.45,19.46,19.43,19.46,
2015-11-02T15:23:00+05:30,19.46,19.49,19.45,19.47,
2015-11-02T15:24:00+05:30,19.47,19.56,19.47,19.54,
2015-11-02T15:25:00+05:30,19.54,19.57,19.54,19.55,
2015-11-02T15:26:01+05:30,19.55,19.57,19.54,19.54,
2015-11-02T15:27:01+05:30,19.55,19.55,19.51,19.53,
2015-11-02T15:28:01+05:30,19.54,19.54,19.53,19.53,
2015-11-02T15:29:01+05:30,19.54,19.56,19.51,19.54,
2015-11-03T09:15:02+05:30,19.48,19.48,18.07,18.57,
2015-11-03T09:16:00+05:30,18.57,18.81,18.52,18.8,
2015-11-03T09:17:00+05:30,18.8,19.25,18.78,19.19,
2015-11-03T09:18:00+05:30,19.2,19.24,19.16,19.24,
2015-11-03T09:19:00+05:30,19.24,19.24,19.11,19.11,
2015-11-03T09:20:00+05:30,19.11,19.11,19,19,
2015-11-03T09:21:00+05:30,18.99,19.04,18.99,19.02,
2015-11-03T09:22:00+05:30,19.02,19.12,19.02,19.11,
2015-11-03T09:23:01+05:30,19.11,19.12,19.09,19.1,
2015-11-03T09:24:01+05:30,19.11,19.19,19.08,19.18,
2015-11-03T09:25:01+05:30,19.19,19.19,19.11,19.11,
2015-11-03T09:26:01+05:30,19.1,19.1,19.04,19.04,
2015-11-03T09:27:01+05:30,19.03,19.03,18.96,18.98,
2015-11-03T09:28:01+05:30,18.99,18.99,18.86,18.88,
2015-11-03T09:29:01+05:30,18.89,18.93,18.87,18.92,
2015-11-03T09:30:01+05:30,18.92,18.92,18.84,18.88,
2015-11-03T09:31:01+05:30,18.89,18.95,18.88,18.94,
2015-11-03T09:32:00+05:30,18.95,18.99,18.95,18.99,
2015-11-03T09:33:00+05:30,18.99,19,18.98,18.98,
2015-11-03T09:34:00+05:30,18.97,19.04,18.97,19.04,
2015-11-03T09:35:00+05:30,19.04,19.09,19.03,19.08,
2015-11-03T09:36:00+05:30,19.09,19.1,19.08,19.1,
2015-11-03T09:37:00+05:30,19.1,19.12,19.09,19.11,
2015-11-03T09:38:00+05:30,19.11,19.14,19.08,19.08,
2015-11-03T09:39:00+05:30,19.08,19.11,19.08,19.1,
2015-11-03T09:40:00+05:30,19.1,19.13,19.1,19.12,
2015-11-03T09:41:01+05:30,19.13,19.13,19.1,19.13,
2015-11-03T09:42:00+05:30,19.13,19.14,19.11,19.13,
2015-11-03T09:43:01+05:30,19.11,19.12,19.1,19.12,
2015-11-03T09:44:00+05:30,19.12,19.13,19.08,19.08,
2015-11-03T09:45:00+05:30,19.08,19.09,19.04,19.04,
2015-11-03T09:46:00+05:30,19.05,19.05,19.02,19.02,
2015-11-03T09:47:00+05:30,19.03,19.04,19,19,
2015-11-03T09:48:00+05:30,19,19.02,18.99,19.02,
2015-11-03T09:49:00+05:30,19.02,19.05,19.02,19.05,
2015-11-03T09:50:00+05:30,19.05,19.06,19.04,19.05,
2015-11-03T09:51:00+05:30,19.05,19.12,19.04,19.12,
2015-11-03T09:52:00+05:30,19.12,19.13,19.1,19.11,
2015-11-03T09:53:00+05:30,19.11,19.14,19.11,19.13,
2015-11-03T09:54:00+05:30,19.12,19.13,19.09,19.13,
2015-11-03T09:55:00+05:30,19.13,19.14,19.11,19.13,
2015-11-03T09:56:00+05:30,19.13,19.16,19.13,19.15,
2015-11-03T09:57:00+05:30,19.16,19.17,19.14,19.15,
2015-11-03T09:58:00+05:30,19.15,19.16,19.13,19.15,
2015-11-03T09:59:00+05:30,19.15,19.16,19.15,19.15,
2015-11-03T10:00:01+05:30,19.15,19.27,19.14,19.27,
2015-11-03T10:01:00+05:30,19.28,19.28,19.26,19.26,
2015-11-03T10:02:01+05:30,19.26,19.31,19.26,19.31,
2015-11-03T10:03:01+05:30,19.31,19.34,19.31,19.33,
2015-11-03T10:04:00+05:30,19.33,19.38,19.33,19.38,
2015-11-03T10:05:00+05:30,19.37,19.38,19.33,19.34,
2015-11-03T10:06:00+05:30,19.34,19.41,19.33,19.39,
2015-11-03T10:07:00+05:30,19.4,19.48,19.39,19.48,
2015-11-03T10:08:00+05:30,19.48,19.49,19.46,19.47,
2015-11-03T10:09:01+05:30,19.48,19.48,19.41,19.42,
2015-11-03T10:10:01+05:30,19.42,19.44,19.41,19.44,
2015-11-03T10:11:01+05:30,19.45,19.49,19.45,19.47,
2015-11-03T10:12:01+05:30,19.46,19.49,19.43,19.43,
2015-11-03T10:13:01+05:30,19.43,19.43,19.41,19.41,
2015-11-03T10:14:01+05:30,19.41,19.42,19.39,19.4,
2015-11-03T10:15:01+05:30,19.39,19.42,19.38,19.38,
2015-11-03T10:16:01+05:30,19.37,19.37,19.33,19.33,
2015-11-03T10:17:01+05:30,19.33,19.34,19.3,19.31,
2015-11-03T10:18:00+05:30,19.32,19.38,19.31,19.38,
2015-11-03T10:19:00+05:30,19.38,19.38,19.34,19.36,
2015-11-03T10:20:00+05:30,19.36,19.39,19.36,19.37,
2015-11-03T10:21:00+05:30,19.37,19.4,19.36,19.36,
2015-11-03T10:22:00+05:30,19.36,19.37,19.32,19.32,
2015-11-03T10:23:00+05:30,19.32,19.35,19.32,19.35,
2015-11-03T10:24:00+05:30,19.35,19.36,19.35,19.36,
2015-11-03T10:25:01+05:30,19.36,19.39,19.36,19.38,
2015-11-03T10:26:00+05:30,19.38,19.4,19.37,19.4,
2015-11-03T10:27:00+05:30,19.4,19.4,19.36,19.36,
2015-11-03T10:28:00+05:30,19.36,19.38,19.36,19.38,
2015-11-03T10:29:00+05:30,19.38,19.39,19.33,19.34,
2015-11-03T10:30:00+05:30,19.34,19.35,19.33,19.34,
2015-11-03T10:31:00+05:30,19.34,19.37,19.34,19.37,
2015-11-03T10:32:00+05:30,19.37,19.38,19.36,19.38,
2015-11-03T10:33:00+05:30,19.38,19.41,19.36,19.39,
2015-11-03T10:34:00+05:30,19.4,19.41,19.39,19.39,
2015-11-03T10:35:00+05:30,19.39,19.4,19.39,19.39,
2015-11-03T10:36:00+05:30,19.39,19.41,19.37,19.37,
2015-11-03T10:37:00+05:30,19.37,19.38,19.36,19.37,
2015-11-03T10:38:01+05:30,19.37,19.4,19.37,19.39,
2015-11-03T10:39:01+05:30,19.4,19.41,19.39,19.4,
2015-11-03T10:40:01+05:30,19.4,19.4,19.38,19.4,
2015-11-03T10:41:01+05:30,19.39,19.44,19.39,19.43,
2015-11-03T10:42:00+05:30,19.43,19.47,19.43,19.45,
2015-11-03T10:43:00+05:30,19.45,19.48,19.45,19.48,
2015-11-03T10:44:00+05:30,19.47,19.47,19.46,19.47,
2015-11-03T10:45:00+05:30,19.47,19.47,19.46,19.47,
2015-11-03T10:46:00+05:30,19.47,19.47,19.41,19.42,
2015-11-03T10:47:00+05:30,19.42,19.47,19.42,19.45,
2015-11-03T10:48:00+05:30,19.45,19.48,19.45,19.47,
2015-11-03T10:49:00+05:30,19.47,19.5,19.47,19.5,
2015-11-03T10:50:00+05:30,19.5,19.52,19.49,19.52,
2015-11-03T10:51:00+05:30,19.52,19.54,19.5,19.53,
2015-11-03T10:52:00+05:30,19.53,19.55,19.53,19.54,
2015-11-03T10:53:00+05:30,19.54,19.54,19.48,19.49,
2015-11-03T10:54:00+05:30,19.49,19.49,19.47,19.48,
2015-11-03T10:55:00+05:30,19.48,19.51,19.47,19.51,
2015-11-03T10:56:00+05:30,19.51,19.51,19.49,19.5,
2015-11-03T10:57:00+05:30,19.5,19.5,19.44,19.44,
2015-11-03T10:58:00+05:30,19.44,19.44,19.43,19.43,
2015-11-03T10:59:00+05:30,19.43,19.45,19.42,19.45,
2015-11-03T11:00:00+05:30,19.44,19.44,19.4,19.4,
2015-11-03T11:01:00+05:30,19.4,19.41,19.36,19.4,
2015-11-03T11:02:00+05:30,19.4,19.43,19.39,19.39,
2015-11-03T11:03:00+05:30,19.4,19.41,19.39,19.4,
2015-11-03T11:04:00+05:30,19.4,19.42,19.4,19.41,
2015-11-03T11:05:00+05:30,19.41,19.42,19.41,19.41,
2015-11-03T11:06:00+05:30,19.41,19.41,19.38,19.39,
2015-11-03T11:07:00+05:30,19.39,19.39,19.37,19.38,
2015-11-03T11:08:00+05:30,19.38,19.4,19.38,19.39,
2015-11-03T11:09:01+05:30,19.4,19.4,19.38,19.38,
2015-11-03T11:10:01+05:30,19.38,19.45,19.38,19.45,
2015-11-03T11:11:01+05:30,19.46,19.47,19.45,19.47,
2015-11-03T11:12:01+05:30,19.47,19.47,19.46,19.46,
2015-11-03T11:13:01+05:30,19.47,19.47,19.44,19.45,
2015-11-03T11:14:00+05:30,19.45,19.46,19.44,19.44,
2015-11-03T11:15:00+05:30,19.44,19.45,19.41,19.41,
2015-11-03T11:16:00+05:30,19.41,19.42,19.4,19.41,
2015-11-03T11:17:00+05:30,19.41,19.41,19.4,19.4,
2015-11-03T11:18:00+05:30,19.4,19.47,19.4,19.47,
2015-11-03T11:19:00+05:30,19.46,19.49,19.45,19.48,
2015-11-03T11:20:00+05:30,19.48,19.5,19.48,19.49,
2015-11-03T11:21:00+05:30,19.49,19.5,19.48,19.49,
2015-11-03T11:22:00+05:30,19.49,19.5,19.49,19.5,
2015-11-03T11:23:00+05:30,19.5,19.51,19.47,19.47,
2015-11-03T11:24:00+05:30,19.47,19.48,19.44,19.44,
2015-11-03T11:25:00+05:30,19.44,19.46,19.43,19.43,
2015-11-03T11:26:00+05:30,19.43,19.43,19.41,19.41,
2015-11-03T11:27:00+05:30,19.41,19.42,19.4,19.41,
2015-11-03T11:28:00+05:30,19.41,19.43,19.41,19.42,
2015-11-03T11:29:00+05:30,19.42,19.44,19.42,19.43,
2015-11-03T11:30:00+05:30,19.43,19.43,19.42,19.43,
2015-11-03T11:31:00+05:30,19.43,19.43,19.4,19.41,
2015-11-03T11:32:00+05:30,19.41,19.42,19.39,19.4,
2015-11-03T11:33:00+05:30,19.4,19.42,19.39,19.42,
2015-11-03T11:34:01+05:30,19.42,19.43,19.41,19.43,
2015-11-03T11:35:01+05:30,19.43,19.44,19.42,19.43,
2015-11-03T11:36:01+05:30,19.42,19.43,19.4,19.4,
2015-11-03T11:37:01+05:30,19.4,19.42,19.4,19.41,
2015-11-03T11:38:01+05:30,19.41,19.42,19.38,19.38,
2015-11-03T11:39:01+05:30,19.39,19.4,19.36,19.4,
2015-11-03T11:40:01+05:30,19.41,19.42,19.4,19.41,
2015-11-03T11:41:01+05:30,19.41,19.44,19.41,19.44,
2015-11-03T11:42:01+05:30,19.44,19.44,19.42,19.42,
2015-11-03T11:43:01+05:30,19.42,19.43,19.41,19.42,
2015-11-03T11:44:00+05:30,19.42,19.43,19.41,19.42,
2015-11-03T11:45:00+05:30,19.42,19.47,19.42,19.47,
2015-11-03T11:46:00+05:30,19.48,19.48,19.45,19.48,
2015-11-03T11:47:00+05:30,19.48,19.48,19.47,19.48,
2015-11-03T11:48:00+05:30,19.48,19.48,19.44,19.44,
2015-11-03T11:49:00+05:30,19.44,19.45,19.42,19.45,
2015-11-03T11:50:00+05:30,19.45,19.47,19.44,19.46,
2015-11-03T11:51:00+05:30,19.46,19.5,19.46,19.5,
2015-11-03T11:52:00+05:30,19.49,19.51,19.48,19.48,
2015-11-03T11:53:00+05:30,19.49,19.53,19.49,19.53,
2015-11-03T11:54:00+05:30,19.53,19.55,19.52,19.54,
2015-11-03T11:55:00+05:30,19.53,19.54,19.51,19.52,
2015-11-03T11:56:00+05:30,19.52,19.54,19.51,19.53,
2015-11-03T11:57:00+05:30,19.53,19.53,19.5,19.51,
2015-11-03T11:58:00+05:30,19.51,19.53,19.48,19.48,
2015-11-03T11:59:00+05:30,19.48,19.48,19.45,19.45,
2015-11-03T12:00:00+05:30,19.47,19.49,19.45,19.46,
2015-11-03T12:01:00+05:30,19.46,19.51,19.45,19.51,
2015-11-03T12:02:00+05:30,19.51,19.51,19.49,19.5,
2015-11-03T12:03:00+05:30,19.51,19.53,19.51,19.52,
2015-11-03T12:04:00+05:30,19.49,19.51,19.47,19.49,
2015-11-03T12:05:00+05:30,19.49,19.51,19.48,19.5,
2015-11-03T12:06:00+05:30,19.5,19.54,19.5,19.54,
2015-11-03T12:07:00+05:30,19.53,19.53,19.51,19.51,
2015-11-03T12:08:00+05:30,19.51,19.51,19.49,19.49,
2015-11-03T12:09:00+05:30,19.5,19.51,19.49,19.51,
2015-11-03T12:10:00+05:30,19.5,19.52,19.5,19.5,
2015-11-03T12:11:00+05:30,19.5,19.52,19.5,19.51,
2015-11-03T12:12:00+05:30,19.52,19.54,19.51,19.54,
2015-11-03T12:13:01+05:30,19.54,19.56,19.54,19.56,
2015-11-03T12:14:01+05:30,19.56,19.6,19.56,19.6,
2015-11-03T12:15:00+05:30,19.6,19.62,19.6,19.62,
2015-11-03T12:16:00+05:30,19.62,19.62,19.59,19.59,
2015-11-03T12:17:00+05:30,19.59,19.63,19.59,19.63,
2015-11-03T12:18:00+05:30,19.63,19.72,19.63,19.71,
2015-11-03T12:19:00+05:30,19.7,19.81,19.7,19.81,
2015-11-03T12:20:00+05:30,19.81,19.89,19.81,19.88,
2015-11-03T12:21:00+05:30,19.85,19.85,19.8,19.82,
2015-11-03T12:22:00+05:30,19.82,19.84,19.79,19.82,
2015-11-03T12:23:00+05:30,19.82,19.82,19.76,19.76,
2015-11-03T12:24:00+05:30,19.76,19.8,19.76,19.8,
2015-11-03T12:25:00+05:30,19.8,19.83,19.79,19.79,
2015-11-03T12:26:00+05:30,19.8,19.85,19.77,19.85,
2015-11-03T12:27:00+05:30,19.85,19.93,19.85,19.92,
2015-11-03T12:28:00+05:30,19.92,19.93,19.89,19.9,
2015-11-03T12:29:00+05:30,19.9,19.93,19.87,19.87,
2015-11-03T12:30:00+05:30,19.88,19.92,19.88,19.9,
2015-11-03T12:31:00+05:30,19.9,19.9,19.88,19.89,
2015-11-03T12:32:00+05:30,19.89,19.89,19.83,19.84,
2015-11-03T12:33:00+05:30,19.84,19.87,19.84,19.87,
2015-11-03T12:34:00+05:30,19.87,19.92,19.87,19.92,
2015-11-03T12:35:00+05:30,19.92,19.92,19.89,19.9,
2015-11-03T12:36:00+05:30,19.9,19.91,19.89,19.89,
2015-11-03T12:37:01+05:30,19.89,19.94,19.89,19.9,
2015-11-03T12:38:01+05:30,19.9,19.94,19.9,19.93,
2015-11-03T12:39:00+05:30,19.93,19.96,19.9,19.91,
2015-11-03T12:40:00+05:30,19.91,19.93,19.89,19.91,
2015-11-03T12:41:00+05:30,19.91,19.91,19.88,19.89,
2015-11-03T12:42:00+05:30,19.89,19.89,19.86,19.87,
2015-11-03T12:43:00+05:30,19.87,19.88,19.86,19.87,
2015-11-03T12:44:00+05:30,19.87,19.9,19.86,19.89,
2015-11-03T12:45:00+05:30,19.89,19.89,19.85,19.85,
2015-11-03T12:46:00+05:30,19.85,19.85,19.84,19.85,
2015-11-03T12:47:00+05:30,19.86,19.86,19.8,19.8,
2015-11-03T12:48:00+05:30,19.8,19.8,19.78,19.78,
2015-11-03T12:49:01+05:30,19.79,19.79,19.77,19.77,
2015-11-03T12:50:01+05:30,19.76,19.77,19.72,19.72,
2015-11-03T12:51:00+05:30,19.72,19.72,19.69,19.7,
2015-11-03T12:52:00+05:30,19.7,19.74,19.7,19.73,
2015-11-03T12:53:00+05:30,19.73,19.73,19.7,19.71,
2015-11-03T12:54:00+05:30,19.71,19.71,19.69,19.69,
2015-11-03T12:55:00+05:30,19.69,19.72,19.68,19.71,
2015-11-03T12:56:00+05:30,19.71,19.73,19.71,19.73,
2015-11-03T12:57:00+05:30,19.73,19.73,19.71,19.73,
2015-11-03T12:58:00+05:30,19.73,19.73,19.72,19.73,
2015-11-03T12:59:00+05:30,19.73,19.73,19.7,19.71,
2015-11-03T13:00:00+05:30,19.7,19.71,19.69,19.7,
2015-11-03T13:01:00+05:30,19.7,19.71,19.69,19.71,
2015-11-03T13:02:00+05:30,19.71,19.73,19.7,19.7,
2015-11-03T13:03:00+05:30,19.7,19.71,19.7,19.71,
2015-11-03T13:04:00+05:30,19.71,19.74,19.7,19.74,
2015-11-03T13:05:00+05:30,19.74,19.76,19.71,19.76,
2015-11-03T13:06:00+05:30,19.76,19.77,19.73,19.73,
2015-11-03T13:07:00+05:30,19.74,19.75,19.71,19.72,
2015-11-03T13:08:00+05:30,19.72,19.73,19.7,19.7,
2015-11-03T13:09:00+05:30,19.71,19.73,19.7,19.72,
2015-11-03T13:10:00+05:30,19.72,19.72,19.7,19.71,
2015-11-03T13:11:00+05:30,19.71,19.74,19.71,19.73,
2015-11-03T13:12:00+05:30,19.73,19.74,19.72,19.73,
2015-11-03T13:13:00+05:30,19.73,19.73,19.69,19.7,
2015-11-03T13:14:00+05:30,19.7,19.79,19.69,19.79,
2015-11-03T13:15:00+05:30,19.79,19.8,19.74,19.75,
2015-11-03T13:16:00+05:30,19.75,19.75,19.72,19.74,
2015-11-03T13:17:00+05:30,19.74,19.76,19.74,19.75,
2015-11-03T13:18:00+05:30,19.74,19.75,19.72,19.72,
2015-11-03T13:19:00+05:30,19.72,19.72,19.65,19.66,
2015-11-03T13:20:00+05:30,19.66,19.67,19.63,19.67,
2015-11-03T13:21:00+05:30,19.71,19.71,19.68,19.69,
2015-11-03T13:22:00+05:30,19.69,19.71,19.66,19.67,
2015-11-03T13:23:00+05:30,19.67,19.71,19.65,19.69,
2015-11-03T13:24:01+05:30,19.68,19.7,19.68,19.69,
2015-11-03T13:25:01+05:30,19.69,19.69,19.65,19.65,
2015-11-03T13:26:00+05:30,19.65,19.68,19.62,19.68,
2015-11-03T13:27:00+05:30,19.67,19.68,19.67,19.67,
2015-11-03T13:28:01+05:30,19.66,19.76,19.66,19.76,
2015-11-03T13:29:00+05:30,19.76,19.78,19.74,19.75,
2015-11-03T13:30:00+05:30,19.74,19.82,19.74,19.76,
2015-11-03T13:31:01+05:30,19.77,19.81,19.76,19.81,
2015-11-03T13:32:00+05:30,19.81,19.83,19.77,19.77,
2015-11-03T13:33:00+05:30,19.78,19.8,19.76,19.79,
2015-11-03T13:34:00+05:30,19.78,19.86,19.77,19.86,
2015-11-03T13:35:01+05:30,19.86,19.88,19.82,19.87,
2015-11-03T13:36:01+05:30,19.88,19.9,19.79,19.79,
2015-11-03T13:37:00+05:30,19.79,19.81,19.76,19.81,
2015-11-03T13:38:00+05:30,19.8,19.81,19.78,19.78,
2015-11-03T13:39:00+05:30,19.77,19.77,19.73,19.74,
2015-11-03T13:40:00+05:30,19.74,19.81,19.74,19.81,
2015-11-03T13:41:00+05:30,19.82,19.83,19.76,19.76,
2015-11-03T13:42:00+05:30,19.76,19.76,19.73,19.74,
2015-11-03T13:43:00+05:30,19.73,19.75,19.72,19.72,
2015-11-03T13:44:00+05:30,19.72,19.74,19.71,19.74,
2015-11-03T13:45:00+05:30,19.74,19.81,19.74,19.79,
2015-11-03T13:46:00+05:30,19.79,19.82,19.77,19.79,
2015-11-03T13:47:00+05:30,19.79,19.8,19.77,19.78,
2015-11-03T13:48:00+05:30,19.78,19.79,19.76,19.77,
2015-11-03T13:49:00+05:30,19.77,19.77,19.74,19.74,
2015-11-03T13:50:00+05:30,19.74,19.78,19.74,19.77,
2015-11-03T13:51:00+05:30,19.77,19.79,19.77,19.78,
2015-11-03T13:52:00+05:30,19.78,19.81,19.75,19.76,
2015-11-03T13:53:00+05:30,19.76,19.77,19.74,19.76,
2015-11-03T13:54:00+05:30,19.76,19.76,19.67,19.69,
2015-11-03T13:55:00+05:30,19.68,19.68,19.65,19.66,
2015-11-03T13:56:00+05:30,19.66,19.68,19.64,19.64,
2015-11-03T13:57:00+05:30,19.65,19.65,19.61,19.61,
2015-11-03T13:58:00+05:30,19.61,19.63,19.51,19.54,
2015-11-03T13:59:00+05:30,19.55,19.59,19.54,19.58,
2015-11-03T14:00:00+05:30,19.58,19.62,19.57,19.61,
2015-11-03T14:01:00+05:30,19.61,19.62,19.57,19.59,
2015-11-03T14:02:00+05:30,19.59,19.62,19.56,19.59,
2015-11-03T14:03:00+05:30,19.59,19.6,19.55,19.58,
2015-11-03T14:04:00+05:30,19.58,19.58,19.55,19.55,
2015-11-03T14:05:00+05:30,19.56,19.62,19.56,19.61,
2015-11-03T14:06:00+05:30,19.6,19.61,19.58,19.6,
2015-11-03T14:07:00+05:30,19.6,19.61,19.59,19.6,
2015-11-03T14:08:00+05:30,19.6,19.62,19.6,19.62,
2015-11-03T14:09:00+05:30,19.62,19.63,19.6,19.63,
2015-11-03T14:10:00+05:30,19.63,19.63,19.61,19.61,
2015-11-03T14:11:00+05:30,19.61,19.62,19.46,19.52,
2015-11-03T14:12:01+05:30,19.53,19.54,19.5,19.52,
2015-11-03T14:13:01+05:30,19.52,19.52,19.47,19.47,
2015-11-03T14:14:01+05:30,19.47,19.49,19.41,19.41,
2015-11-03T14:15:01+05:30,19.41,19.41,19.27,19.28,
2015-11-03T14:16:01+05:30,19.29,19.3,19.24,19.3,
2015-11-03T14:17:01+05:30,19.3,19.36,19.3,19.36,
2015-11-03T14:18:01+05:30,19.35,19.41,19.35,19.4,
2015-11-03T14:19:01+05:30,19.4,19.41,19.36,19.39,
2015-11-03T14:20:01+05:30,19.41,19.42,19.36,19.36,
2015-11-03T14:21:01+05:30,19.36,19.4,19.36,19.4,
2015-11-03T14:22:01+05:30,19.39,19.39,19.35,19.36,
2015-11-03T14:23:01+05:30,19.36,19.37,19.35,19.35,
2015-11-03T14:24:01+05:30,19.35,19.37,19.34,19.36,
2015-11-03T14:25:01+05:30,19.36,19.38,19.36,19.37,
2015-11-03T14:26:01+05:30,19.37,19.4,19.34,19.38,
2015-11-03T14:27:01+05:30,19.38,19.41,19.38,19.4,
2015-11-03T14:28:00+05:30,19.41,19.46,19.41,19.44,
2015-11-03T14:29:00+05:30,19.45,19.45,19.4,19.43,
2015-11-03T14:30:00+05:30,19.42,19.44,19.4,19.42,
2015-11-03T14:31:00+05:30,19.42,19.5,19.42,19.49,
2015-11-03T14:32:00+05:30,19.49,19.49,19.45,19.45,
2015-11-03T14:33:00+05:30,19.45,19.46,19.42,19.45,
2015-11-03T14:34:00+05:30,19.46,19.49,19.45,19.46,
2015-11-03T14:35:00+05:30,19.46,19.51,19.43,19.49,
2015-11-03T14:36:00+05:30,19.5,19.5,19.42,19.44,
2015-11-03T14:37:00+05:30,19.44,19.5,19.44,19.5,
2015-11-03T14:38:00+05:30,19.5,19.51,19.46,19.5,
2015-11-03T14:39:00+05:30,19.51,19.53,19.5,19.52,
2015-11-03T14:40:00+05:30,19.52,19.52,19.48,19.49,
2015-11-03T14:41:00+05:30,19.49,19.51,19.47,19.47,
2015-11-03T14:42:00+05:30,19.47,19.49,19.44,19.44,
2015-11-03T14:43:00+05:30,19.44,19.47,19.42,19.42,
2015-11-03T14:44:00+05:30,19.43,19.43,19.41,19.42,
2015-11-03T14:45:00+05:30,19.42,19.44,19.42,19.42,
2015-11-03T14:46:00+05:30,19.43,19.52,19.43,19.48,
2015-11-03T14:47:00+05:30,19.48,19.5,19.43,19.44,
2015-11-03T14:48:00+05:30,19.44,19.48,19.44,19.47,
2015-11-03T14:49:00+05:30,19.47,19.5,19.46,19.5,
2015-11-03T14:50:00+05:30,19.5,19.52,19.49,19.52,
2015-11-03T14:51:00+05:30,19.52,19.52,19.49,19.51,
2015-11-03T14:52:00+05:30,19.51,19.55,19.51,19.55,
2015-11-03T14:53:00+05:30,19.55,19.55,19.48,19.49,
2015-11-03T14:54:00+05:30,19.49,19.5,19.47,19.49,
2015-11-03T14:55:00+05:30,19.49,19.52,19.48,19.49,
2015-11-03T14:56:00+05:30,19.49,19.49,19.44,19.49,
2015-11-03T14:57:00+05:30,19.49,19.49,19.45,19.48,
2015-11-03T14:58:01+05:30,19.48,19.48,19.44,19.47,
2015-11-03T14:59:01+05:30,19.47,19.48,19.44,19.47,
2015-11-03T15:00:00+05:30,19.47,19.47,19.35,19.36,
2015-11-03T15:01:01+05:30,19.37,19.47,19.34,19.42,
2015-11-03T15:02:01+05:30,19.42,19.47,19.41,19.45,
2015-11-03T15:03:01+05:30,19.45,19.48,19.43,19.44,
2015-11-03T15:04:00+05:30,19.43,19.45,19.41,19.45,
2015-11-03T15:05:00+05:30,19.44,19.46,19.43,19.45,
2015-11-03T15:06:00+05:30,19.45,19.49,19.43,19.49,
2015-11-03T15:07:00+05:30,19.49,19.51,19.48,19.49,
2015-11-03T15:08:00+05:30,19.49,19.49,19.47,19.47,
2015-11-03T15:09:00+05:30,19.46,19.49,19.45,19.48,
2015-11-03T15:10:00+05:30,19.48,19.5,19.48,19.5,
2015-11-03T15:11:00+05:30,19.5,19.5,19.45,19.46,
2015-11-03T15:12:00+05:30,19.46,19.48,19.44,19.45,
2015-11-03T15:13:00+05:30,19.45,19.47,19.44,19.45,
2015-11-03T15:14:00+05:30,19.45,19.48,19.44,19.46,
2015-11-03T15:15:00+05:30,19.46,19.48,19.44,19.48,
2015-11-03T15:16:00+05:30,19.48,19.52,19.47,19.52,
2015-11-03T15:17:01+05:30,19.52,19.56,19.51,19.54,
2015-11-03T15:18:01+05:30,19.55,19.61,19.55,19.61,
2015-11-03T15:19:00+05:30,19.61,19.61,19.56,19.58,
2015-11-03T15:20:00+05:30,19.57,19.67,19.56,19.67,
2015-11-03T15:21:00+05:30,19.67,19.71,19.66,19.71,
2015-11-03T15:22:00+05:30,19.71,19.75,19.69,19.75,
2015-11-03T15:23:02+05:30,19.75,19.77,19.72,19.77,
2015-11-03T15:24:00+05:30,19.77,19.8,19.76,19.79,
2015-11-03T15:25:00+05:30,19.78,19.79,19.75,19.76,
2015-11-03T15:26:00+05:30,19.77,19.78,19.75,19.75,
2015-11-03T15:27:00+05:30,19.75,19.77,19.73,19.76,
2015-11-03T15:28:00+05:30,19.75,19.75,19.72,19.72,
2015-11-03T15:29:01+05:30,19.72,19.72,19.66,19.66,
2015-11-04T09:15:01+05:30,19.56,19.56,17.95,19.01,
2015-11-04T09:16:01+05:30,19.01,19.02,18.88,18.92,
2015-11-04T09:17:00+05:30,18.93,19.05,18.89,18.97,
2015-11-04T09:18:00+05:30,18.98,19.09,18.95,19.06,
2015-11-04T09:19:00+05:30,19.07,19.1,18.97,18.97,
2015-11-04T09:20:00+05:30,18.97,19.02,18.93,19.02,
2015-11-04T09:21:00+05:30,19.01,19.06,19.01,19.05,
2015-11-04T09:22:00+05:30,19.04,19.08,19.02,19.07,
2015-11-04T09:23:00+05:30,19.07,19.09,19.07,19.08,
2015-11-04T09:24:00+05:30,19.08,19.09,19.06,19.08,
2015-11-04T09:25:00+05:30,19.08,19.21,19.08,19.19,
2015-11-04T09:26:00+05:30,19.19,19.27,19.17,19.27,
2015-11-04T09:27:01+05:30,19.27,19.3,19.25,19.28,
2015-11-04T09:28:01+05:30,19.28,19.29,19.26,19.26,
2015-11-04T09:29:01+05:30,19.25,19.26,19.19,19.2,
2015-11-04T09:30:00+05:30,19.2,19.24,19.19,19.23,
2015-11-04T09:31:00+05:30,19.23,19.26,19.22,19.23,
2015-11-04T09:32:00+05:30,19.22,19.3,19.22,19.29,
2015-11-04T09:33:00+05:30,19.29,19.3,19.27,19.3,
2015-11-04T09:34:00+05:30,19.3,19.32,19.29,19.3,
2015-11-04T09:35:00+05:30,19.31,19.32,19.3,19.3,
2015-11-04T09:36:00+05:30,19.3,19.31,19.29,19.29,
2015-11-04T09:37:00+05:30,19.29,19.31,19.29,19.29,
2015-11-04T09:38:01+05:30,19.29,19.29,19.26,19.26,
2015-11-04T09:39:00+05:30,19.25,19.33,19.25,19.33,
2015-11-04T09:40:00+05:30,19.33,19.36,19.3,19.3,
2015-11-04T09:41:00+05:30,19.31,19.34,19.3,19.34,
2015-11-04T09:42:01+05:30,19.34,19.37,19.33,19.33,
2015-11-04T09:43:01+05:30,19.33,19.34,19.32,19.32,
2015-11-04T09:44:01+05:30,19.32,19.35,19.31,19.35,
2015-11-04T09:45:01+05:30,19.35,19.38,19.31,19.38,
2015-11-04T09:46:01+05:30,19.38,19.4,19.36,19.38,
2015-11-04T09:47:00+05:30,19.38,19.41,19.37,19.41,
2015-11-04T09:48:00+05:30,19.41,19.41,19.39,19.4,
2015-11-04T09:49:00+05:30,19.4,19.41,19.36,19.36,
2015-11-04T09:50:00+05:30,19.37,19.39,19.35,19.39,
2015-11-04T09:51:00+05:30,19.39,19.42,19.39,19.42,
2015-11-04T09:52:00+05:30,19.42,19.44,19.39,19.43,
2015-11-04T09:53:01+05:30,19.44,19.44,19.4,19.43,
2015-11-04T09:54:00+05:30,19.43,19.46,19.41,19.46,
2015-11-04T09:55:00+05:30,19.46,19.46,19.44,19.44,
2015-11-04T09:56:01+05:30,19.45,19.46,19.45,19.45,
2015-11-04T09:57:01+05:30,19.45,19.45,19.41,19.42,
2015-11-04T09:58:00+05:30,19.42,19.42,19.38,19.38,
2015-11-04T09:59:00+05:30,19.38,19.4,19.36,19.4,
2015-11-04T10:00:00+05:30,19.4,19.4,19.35,19.39,
2015-11-04T10:01:01+05:30,19.4,19.43,19.39,19.42,
2015-11-04T10:02:00+05:30,19.42,19.42,19.39,19.4,
2015-11-04T10:03:00+05:30,19.4,19.41,19.39,19.4,
2015-11-04T10:04:00+05:30,19.4,19.45,19.4,19.41,
2015-11-04T10:05:00+05:30,19.41,19.44,19.4,19.44,
2015-11-04T10:06:01+05:30,19.44,19.46,19.44,19.44,
2015-11-04T10:07:00+05:30,19.45,19.46,19.42,19.44,
2015-11-04T10:08:00+05:30,19.44,19.44,19.36,19.37,
2015-11-04T10:09:00+05:30,19.37,19.39,19.36,19.38,
2015-11-04T10:10:00+05:30,19.38,19.39,19.38,19.38,
2015-11-04T10:11:01+05:30,19.38,19.39,19.35,19.35,
2015-11-04T10:12:00+05:30,19.35,19.36,19.33,19.34,
2015-11-04T10:13:00+05:30,19.34,19.36,19.34,19.35,
2015-11-04T10:14:00+05:30,19.35,19.35,19.3,19.34,
2015-11-04T10:15:01+05:30,19.33,19.35,19.3,19.31,
2015-11-04T10:16:01+05:30,19.31,19.33,19.3,19.33,
2015-11-04T10:17:00+05:30,19.33,19.34,19.31,19.34,
2015-11-04T10:18:00+05:30,19.34,19.35,19.34,19.35,
2015-11-04T10:19:00+05:30,19.34,19.35,19.32,19.32,
2015-11-04T10:20:01+05:30,19.32,19.35,19.32,19.34,
2015-11-04T10:21:01+05:30,19.34,19.35,19.33,19.34,
2015-11-04T10:22:00+05:30,19.34,19.34,19.29,19.29,
2015-11-04T10:23:00+05:30,19.29,19.32,19.29,19.31,
2015-11-04T10:24:00+05:30,19.32,19.32,19.3,19.32,
2015-11-04T10:25:00+05:30,19.32,19.37,19.32,19.36,
2015-11-04T10:26:01+05:30,19.36,19.37,19.34,19.36,
2015-11-04T10:27:00+05:30,19.36,19.39,19.36,19.39,
2015-11-04T10:28:00+05:30,19.38,19.39,19.37,19.39,
2015-11-04T10:29:00+05:30,19.39,19.42,19.38,19.41,
2015-11-04T10:30:00+05:30,19.41,19.42,19.39,19.42,
2015-11-04T10:31:00+05:30,19.41,19.41,19.39,19.39,
2015-11-04T10:32:00+05:30,19.4,19.4,19.38,19.39,
2015-11-04T10:33:00+05:30,19.39,19.41,19.38,19.4,
2015-11-04T10:34:00+05:30,19.41,19.42,19.39,19.41,
2015-11-04T10:35:00+05:30,19.41,19.41,19.39,19.4,
2015-11-04T10:36:00+05:30,19.4,19.42,19.4,19.41,
2015-11-04T10:37:00+05:30,19.42,19.42,19.4,19.4,
2015-11-04T10:38:00+05:30,19.4,19.42,19.4,19.4,
2015-11-04T10:39:00+05:30,19.41,19.43,19.39,19.39,
2015-11-04T10:40:00+05:30,19.39,19.42,19.39,19.4,
2015-11-04T10:41:00+05:30,19.4,19.43,19.4,19.42,
2015-11-04T10:42:00+05:30,19.41,19.43,19.41,19.42,
2015-11-04T10:43:00+05:30,19.42,19.45,19.42,19.44,
2015-11-04T10:44:00+05:30,19.45,19.45,19.43,19.45,
2015-11-04T10:45:00+05:30,19.45,19.46,19.44,19.45,
2015-11-04T10:46:01+05:30,19.45,19.46,19.43,19.45,
2015-11-04T10:47:01+05:30,19.44,19.47,19.44,19.47,
2015-11-04T10:48:01+05:30,19.47,19.48,19.46,19.46,
2015-11-04T10:49:01+05:30,19.46,19.49,19.45,19.48,
2015-11-04T10:50:01+05:30,19.49,19.5,19.47,19.5,
2015-11-04T10:51:00+05:30,19.5,19.51,19.47,19.5,
2015-11-04T10:52:00+05:30,19.52,19.56,19.52,19.56,
2015-11-04T10:53:00+05:30,19.55,19.63,19.55,19.6,
2015-11-04T10:54:00+05:30,19.6,19.6,19.53,19.53,
2015-11-04T10:55:00+05:30,19.53,19.59,19.52,19.56,
2015-11-04T10:56:00+05:30,19.57,19.58,19.5,19.57,
2015-11-04T10:57:00+05:30,19.57,19.61,19.56,19.57,
2015-11-04T10:58:00+05:30,19.55,19.57,19.54,19.55,
2015-11-04T10:59:00+05:30,19.54,19.55,19.5,19.52,
2015-11-04T11:00:00+05:30,19.52,19.54,19.5,19.53,
2015-11-04T11:01:00+05:30,19.53,19.54,19.5,19.5,
2015-11-04T11:02:00+05:30,19.5,19.51,19.49,19.5,
2015-11-04T11:03:00+05:30,19.51,19.53,19.5,19.51,
2015-11-04T11:04:01+05:30,19.5,19.51,19.48,19.49,
2015-11-04T11:05:01+05:30,19.48,19.5,19.47,19.5,
2015-11-04T11:06:01+05:30,19.5,19.54,19.49,19.54,
2015-11-04T11:07:01+05:30,19.54,19.55,19.5,19.5,
2015-11-04T11:08:01+05:30,19.49,19.5,19.48,19.49,
2015-11-04T11:09:01+05:30,19.51,19.51,19.48,19.51,
2015-11-04T11:10:01+05:30,19.51,19.51,19.48,19.48,
2015-11-04T11:11:01+05:30,19.48,19.51,19.47,19.49,
2015-11-04T11:12:01+05:30,19.5,19.52,19.49,19.51,
2015-11-04T11:13:01+05:30,19.5,19.5,19.49,19.49,
2015-11-04T11:14:01+05:30,19.49,19.53,19.49,19.51,
2015-11-04T11:15:01+05:30,19.51,19.51,19.46,19.46,
2015-11-04T11:16:00+05:30,19.46,19.46,19.44,19.45,
2015-11-04T11:17:00+05:30,19.44,19.45,19.39,19.39,
2015-11-04T11:18:00+05:30,19.39,19.41,19.39,19.39,
2015-11-04T11:19:00+05:30,19.39,19.42,19.39,19.42,
2015-11-04T11:20:00+05:30,19.42,19.44,19.42,19.43,
2015-11-04T11:21:00+05:30,19.43,19.44,19.43,19.43,
2015-11-04T11:22:00+05:30,19.43,19.44,19.42,19.44,
2015-11-04T11:23:00+05:30,19.43,19.44,19.41,19.42,
2015-11-04T11:24:00+05:30,19.42,19.44,19.41,19.42,
2015-11-04T11:25:00+05:30,19.42,19.42,19.39,19.39,
2015-11-04T11:26:00+05:30,19.39,19.4,19.35,19.35,
2015-11-04T11:27:00+05:30,19.35,19.35,19.29,19.3,
2015-11-04T11:28:00+05:30,19.3,19.33,19.29,19.29,
2015-11-04T11:29:00+05:30,19.29,19.33,19.29,19.33,
2015-11-04T11:30:00+05:30,19.33,19.33,19.31,19.33,
2015-11-04T11:31:00+05:30,19.33,19.34,19.28,19.28,
2015-11-04T11:32:01+05:30,19.29,19.29,19.27,19.27,
2015-11-04T11:33:01+05:30,19.27,19.31,19.27,19.31,
2015-11-04T11:34:00+05:30,19.31,19.32,19.28,19.29,
2015-11-04T11:35:00+05:30,19.29,19.31,19.28,19.31,
2015-11-04T11:36:01+05:30,19.31,19.32,19.3,19.32,
2015-11-04T11:37:00+05:30,19.32,19.36,19.31,19.36,
2015-11-04T11:38:00+05:30,19.36,19.37,19.34,19.35,
2015-11-04T11:39:00+05:30,19.35,19.35,19.34,19.34,
2015-11-04T11:40:00+05:30,19.35,19.36,19.34,19.35,
2015-11-04T11:41:00+05:30,19.35,19.37,19.33,19.37,
2015-11-04T11:42:00+05:30,19.37,19.39,19.37,19.38,
2015-11-04T11:43:00+05:30,19.39,19.39,19.37,19.37,
2015-11-04T11:44:01+05:30,19.37,19.37,19.36,19.36,
2015-11-04T11:45:01+05:30,19.36,19.37,19.35,19.35,
2015-11-04T11:46:00+05:30,19.35,19.36,19.32,19.32,
2015-11-04T11:47:00+05:30,19.32,19.34,19.32,19.33,
2015-11-04T11:48:00+05:30,19.33,19.38,19.33,19.37,
2015-11-04T11:49:00+05:30,19.37,19.38,19.36,19.36,
2015-11-04T11:50:00+05:30,19.36,19.37,19.34,19.34,
2015-11-04T11:51:00+05:30,19.35,19.35,19.32,19.33,
2015-11-04T11:52:00+05:30,19.32,19.34,19.32,19.34,
2015-11-04T11:53:00+05:30,19.34,19.37,19.34,19.35,
2015-11-04T11:54:00+05:30,19.35,19.36,19.34,19.35,
2015-11-04T11:55:00+05:30,19.35,19.35,19.33,19.34,
2015-11-04T11:56:00+05:30,19.34,19.34,19.32,19.34,
2015-11-04T11:57:01+05:30,19.34,19.35,19.34,19.35,
2015-11-04T11:58:01+05:30,19.35,19.35,19.34,19.34,
2015-11-04T11:59:01+05:30,19.34,19.34,19.32,19.33,
2015-11-04T12:00:01+05:30,19.33,19.34,19.32,19.32,
2015-11-04T12:01:01+05:30,19.32,19.37,19.32,19.37,
2015-11-04T12:02:01+05:30,19.37,19.42,19.36,19.41,
2015-11-04T12:03:00+05:30,19.42,19.43,19.41,19.43,
2015-11-04T12:04:00+05:30,19.43,19.43,19.4,19.41,
2015-11-04T12:05:00+05:30,19.41,19.43,19.41,19.43,
2015-11-04T12:06:00+05:30,19.43,19.44,19.42,19.44,
2015-11-04T12:07:00+05:30,19.43,19.43,19.4,19.42,
2015-11-04T12:08:00+05:30,19.42,19.43,19.41,19.42,
2015-11-04T12:09:00+05:30,19.42,19.44,19.42,19.43,
2015-11-04T12:10:01+05:30,19.43,19.43,19.42,19.43,
2015-11-04T12:11:01+05:30,19.43,19.44,19.42,19.43,
2015-11-04T12:12:01+05:30,19.42,19.43,19.41,19.42,
2015-11-04T12:13:01+05:30,19.42,19.43,19.41,19.42,
2015-11-04T12:14:01+05:30,19.42,19.42,19.4,19.41,
2015-11-04T12:15:01+05:30,19.41,19.43,19.4,19.42,
2015-11-04T12:16:01+05:30,19.41,19.41,19.39,19.39,
2015-11-04T12:17:01+05:30,19.39,19.41,19.39,19.4,
2015-11-04T12:18:00+05:30,19.4,19.41,19.39,19.4,
2015-11-04T12:19:00+05:30,19.4,19.41,19.38,19.39,
2015-11-04T12:20:00+05:30,19.39,19.39,19.37,19.39,
2015-11-04T12:21:00+05:30,19.39,19.39,19.37,19.38,
2015-11-04T12:22:00+05:30,19.38,19.39,19.38,19.39,
2015-11-04T12:23:00+05:30,19.39,19.4,19.39,19.39,
2015-11-04T12:24:00+05:30,19.39,19.39,19.37,19.37,
2015-11-04T12:25:00+05:30,19.37,19.37,19.35,19.35,
2015-11-04T12:26:00+05:30,19.34,19.35,19.33,19.33,
2015-11-04T12:27:00+05:30,19.35,19.35,19.33,19.33,
2015-11-04T12:28:00+05:30,19.33,19.34,19.32,19.32,
2015-11-04T12:29:00+05:30,19.32,19.34,19.29,19.29,
2015-11-04T12:30:00+05:30,19.29,19.29,19.25,19.25,
2015-11-04T12:31:00+05:30,19.26,19.26,19.24,19.24,
2015-11-04T12:32:00+05:30,19.24,19.25,19.24,19.25,
2015-11-04T12:33:00+05:30,19.25,19.25,19.23,19.24,
2015-11-04T12:34:00+05:30,19.24,19.24,19.22,19.23,
2015-11-04T12:35:00+05:30,19.23,19.24,19.22,19.23,
2015-11-04T12:36:01+05:30,19.23,19.24,19.22,19.22,
2015-11-04T12:37:01+05:30,19.22,19.22,19.19,19.19,
2015-11-04T12:38:01+05:30,19.19,19.19,19.15,19.15,
2015-11-04T12:39:01+05:30,19.15,19.16,19.14,19.15,
2015-11-04T12:40:01+05:30,19.15,19.19,19.14,19.19,
2015-11-04T12:41:01+05:30,19.19,19.22,19.19,19.21,
2015-11-04T12:42:01+05:30,19.21,19.33,19.2,19.29,
2015-11-04T12:43:01+05:30,19.29,19.3,19.27,19.3,
2015-11-04T12:44:01+05:30,19.3,19.31,19.27,19.27,
2015-11-04T12:45:01+05:30,19.28,19.29,19.27,19.28,
2015-11-04T12:46:00+05:30,19.28,19.3,19.27,19.28,
2015-11-04T12:47:00+05:30,19.28,19.31,19.27,19.31,
2015-11-04T12:48:00+05:30,19.31,19.37,19.3,19.37,
2015-11-04T12:49:00+05:30,19.37,19.38,19.36,19.37,
2015-11-04T12:50:00+05:30,19.38,19.4,19.38,19.4,
2015-11-04T12:51:00+05:30,19.4,19.41,19.38,19.39,
2015-11-04T12:52:00+05:30,19.39,19.39,19.38,19.38,
2015-11-04T12:53:00+05:30,19.38,19.38,19.34,19.35,
2015-11-04T12:54:00+05:30,19.35,19.36,19.34,19.35,
2015-11-04T12:55:00+05:30,19.35,19.37,19.35,19.36,
2015-11-04T12:56:00+05:30,19.36,19.36,19.33,19.34,
2015-11-04T12:57:00+05:30,19.34,19.35,19.33,19.34,
2015-11-04T12:58:00+05:30,19.34,19.36,19.34,19.34,
2015-11-04T12:59:00+05:30,19.34,19.36,19.33,19.34,
2015-11-04T13:00:01+05:30,19.34,19.34,19.28,19.28,
2015-11-04T13:01:01+05:30,19.28,19.3,19.27,19.28,
2015-11-04T13:02:00+05:30,19.28,19.28,19.27,19.27,
2015-11-04T13:03:00+05:30,19.27,19.29,19.26,19.29,
2015-11-04T13:04:00+05:30,19.29,19.29,19.27,19.27,
2015-11-04T13:05:00+05:30,19.27,19.3,19.27,19.3,
2015-11-04T13:06:00+05:30,19.3,19.31,19.28,19.3,
2015-11-04T13:07:00+05:30,19.3,19.3,19.28,19.29,
2015-11-04T13:08:00+05:30,19.28,19.3,19.27,19.28,
2015-11-04T13:09:00+05:30,19.28,19.28,19.28,19.28,
2015-11-04T13:10:00+05:30,19.28,19.29,19.28,19.28,
2015-11-04T13:11:00+05:30,19.28,19.3,19.27,19.28,
2015-11-04T13:12:00+05:30,19.28,19.31,19.28,19.31,
2015-11-04T13:13:00+05:30,19.31,19.37,19.31,19.37,
2015-11-04T13:14:01+05:30,19.37,19.38,19.34,19.36,
2015-11-04T13:15:00+05:30,19.37,19.41,19.37,19.37,
2015-11-04T13:16:00+05:30,19.37,19.4,19.37,19.39,
2015-11-04T13:17:00+05:30,19.39,19.41,19.39,19.41,
2015-11-04T13:18:00+05:30,19.41,19.43,19.39,19.43,
2015-11-04T13:19:00+05:30,19.43,19.43,19.36,19.36,
2015-11-04T13:20:00+05:30,19.37,19.39,19.31,19.31,
2015-11-04T13:21:00+05:30,19.31,19.32,19.31,19.32,
2015-11-04T13:22:00+05:30,19.31,19.32,19.3,19.3,
2015-11-04T13:23:00+05:30,19.3,19.37,19.3,19.36,
2015-11-04T13:24:00+05:30,19.36,19.39,19.36,19.38,
2015-11-04T13:25:00+05:30,19.38,19.39,19.28,19.32,
2015-11-04T13:26:00+05:30,19.32,19.35,19.31,19.32,
2015-11-04T13:27:00+05:30,19.32,19.32,19.28,19.3,
2015-11-04T13:28:00+05:30,19.3,19.32,19.3,19.32,
2015-11-04T13:29:00+05:30,19.32,19.32,19.28,19.3,
2015-11-04T13:30:00+05:30,19.3,19.33,19.3,19.31,
2015-11-04T13:31:01+05:30,19.31,19.33,19.29,19.32,
2015-11-04T13:32:01+05:30,19.32,19.35,19.32,19.35,
2015-11-04T13:33:00+05:30,19.36,19.36,19.32,19.33,
2015-11-04T13:34:00+05:30,19.32,19.36,19.32,19.35,
2015-11-04T13:35:00+05:30,19.36,19.37,19.34,19.37,
2015-11-04T13:36:00+05:30,19.38,19.38,19.33,19.35,
2015-11-04T13:37:00+05:30,19.35,19.39,19.35,19.38,
2015-11-04T13:38:00+05:30,19.38,19.4,19.38,19.39,
2015-11-04T13:39:01+05:30,19.39,19.41,19.38,19.39,
2015-11-04T13:40:01+05:30,19.39,19.4,19.36,19.36,
2015-11-04T13:41:01+05:30,19.36,19.38,19.36,19.37,
2015-11-04T13:42:01+05:30,19.37,19.37,19.35,19.35,
2015-11-04T13:43:00+05:30,19.35,19.37,19.33,19.36,
2015-11-04T13:44:00+05:30,19.36,19.37,19.35,19.37,
2015-11-04T13:45:00+05:30,19.37,19.4,19.37,19.38,
2015-11-04T13:46:00+05:30,19.37,19.4,19.37,19.37,
2015-11-04T13:47:00+05:30,19.37,19.37,19.32,19.33,
2015-11-04T13:48:00+05:30,19.33,19.33,19.3,19.3,
2015-11-04T13:49:00+05:30,19.3,19.34,19.3,19.33,
2015-11-04T13:50:01+05:30,19.34,19.36,19.32,19.36,
2015-11-04T13:51:01+05:30,19.36,19.36,19.33,19.33,
2015-11-04T13:52:01+05:30,19.34,19.34,19.3,19.33,
2015-11-04T13:53:00+05:30,19.32,19.35,19.29,19.32,
2015-11-04T13:54:00+05:30,19.32,19.38,19.32,19.38,
2015-11-04T13:55:00+05:30,19.39,19.41,19.35,19.37,
2015-11-04T13:56:00+05:30,19.37,19.37,19.33,19.34,
2015-11-04T13:57:00+05:30,19.35,19.41,19.34,19.41,
2015-11-04T13:58:00+05:30,19.41,19.41,19.35,19.35,
2015-11-04T13:59:00+05:30,19.35,19.38,19.34,19.37,
2015-11-04T14:00:00+05:30,19.38,19.41,19.37,19.38,
2015-11-04T14:01:00+05:30,19.38,19.38,19.32,19.32,
2015-11-04T14:02:00+05:30,19.32,19.39,19.31,19.39,
2015-11-04T14:03:00+05:30,19.38,19.38,19.34,19.34,
2015-11-04T14:04:00+05:30,19.34,19.39,19.34,19.39,
2015-11-04T14:05:00+05:30,19.39,19.4,19.37,19.38,
2015-11-04T14:06:00+05:30,19.38,19.39,19.36,19.37,
2015-11-04T14:07:01+05:30,19.37,19.37,19.32,19.32,
2015-11-04T14:08:01+05:30,19.32,19.32,19.29,19.29,
2015-11-04T14:09:01+05:30,19.29,19.31,19.26,19.27,
2015-11-04T14:10:01+05:30,19.27,19.32,19.26,19.31,
2015-11-04T14:11:01+05:30,19.31,19.33,19.29,19.31,
2015-11-04T14:12:00+05:30,19.31,19.33,19.31,19.31,
2015-11-04T14:13:01+05:30,19.31,19.32,19.3,19.31,
2015-11-04T14:14:01+05:30,19.31,19.32,19.21,19.21,
2015-11-04T14:15:01+05:30,19.21,19.21,19.2,19.21,
2015-11-04T14:16:01+05:30,19.22,19.23,19.2,19.2,
2015-11-04T14:17:01+05:30,19.2,19.21,19.17,19.18,
2015-11-04T14:18:01+05:30,19.18,19.18,19.16,19.18,
2015-11-04T14:19:01+05:30,19.18,19.19,19.18,19.18,
2015-11-04T14:20:00+05:30,19.19,19.19,19.15,19.16,
2015-11-04T14:21:00+05:30,19.16,19.16,19.12,19.14,
2015-11-04T14:22:00+05:30,19.14,19.25,19.13,19.17,
2015-11-04T14:23:00+05:30,19.17,19.2,19.16,19.18,
2015-11-04T14:24:00+05:30,19.18,19.21,19.17,19.21,
2015-11-04T14:25:00+05:30,19.21,19.23,19.21,19.21,
2015-11-04T14:26:00+05:30,19.21,19.23,19.2,19.21,
2015-11-04T14:27:00+05:30,19.21,19.24,19.2,19.24,
2015-11-04T14:28:00+05:30,19.24,19.27,19.23,19.23,
2015-11-04T14:29:00+05:30,19.23,19.24,19.22,19.22,
2015-11-04T14:30:00+05:30,19.23,19.24,19.12,19.12,
2015-11-04T14:31:00+05:30,19.12,19.14,19.12,19.13,
2015-11-04T14:32:00+05:30,19.13,19.16,19.13,19.14,
2015-11-04T14:33:01+05:30,19.16,19.26,19.14,19.25,
2015-11-04T14:34:01+05:30,19.25,19.26,19.22,19.23,
2015-11-04T14:35:01+05:30,19.23,19.26,19.21,19.21,
2015-11-04T14:36:01+05:30,19.21,19.24,19.21,19.23,
2015-11-04T14:37:00+05:30,19.24,19.24,19.22,19.23,
2015-11-04T14:38:00+05:30,19.23,19.24,19.21,19.23,
2015-11-04T14:39:00+05:30,19.22,19.25,19.22,19.25,
2015-11-04T14:40:00+05:30,19.25,19.26,19.23,19.23,
2015-11-04T14:41:00+05:30,19.23,19.24,19.21,19.22,
2015-11-04T14:42:00+05:30,19.22,19.25,19.22,19.24,
2015-11-04T14:43:00+05:30,19.24,19.25,19.21,19.22,
2015-11-04T14:44:00+05:30,19.22,19.23,19.21,19.22,
2015-11-04T14:45:00+05:30,19.23,19.24,19.22,19.24,
2015-11-04T14:46:00+05:30,19.23,19.25,19.22,19.22,
2015-11-04T14:47:00+05:30,19.23,19.26,19.22,19.26,
2015-11-04T14:48:00+05:30,19.26,19.31,19.25,19.31,
2015-11-04T14:49:00+05:30,19.31,19.31,19.27,19.28,
2015-11-04T14:50:00+05:30,19.28,19.3,19.26,19.28,
2015-11-04T14:51:00+05:30,19.28,19.29,19.25,19.27,
2015-11-04T14:52:00+05:30,19.27,19.29,19.26,19.28,
2015-11-04T14:53:00+05:30,19.28,19.28,19.26,19.27,
2015-11-04T14:54:01+05:30,19.27,19.27,19.23,19.23,
2015-11-04T14:55:01+05:30,19.23,19.25,19.22,19.23,
2015-11-04T14:56:01+05:30,19.21,19.22,19.17,19.18,
2015-11-04T14:57:01+05:30,19.18,19.19,19.16,19.17,
2015-11-04T14:58:01+05:30,19.17,19.18,19.16,19.17,
2015-11-04T14:59:01+05:30,19.18,19.19,19.13,19.16,
2015-11-04T15:00:01+05:30,19.17,19.17,19.14,19.15,
2015-11-04T15:01:00+05:30,19.16,19.26,19.15,19.23,
2015-11-04T15:02:00+05:30,19.24,19.27,19.2,19.23,
2015-11-04T15:03:01+05:30,19.22,19.25,19.2,19.2,
2015-11-04T15:04:01+05:30,19.2,19.2,19.18,19.2,
2015-11-04T15:05:01+05:30,19.18,19.19,19.16,19.18,
2015-11-04T15:06:01+05:30,19.18,19.18,19.16,19.17,
2015-11-04T15:07:00+05:30,19.18,19.33,19.18,19.33,
2015-11-04T15:08:00+05:30,19.34,19.37,19.28,19.28,
2015-11-04T15:09:01+05:30,19.28,19.33,19.28,19.33,
2015-11-04T15:10:00+05:30,19.33,19.39,19.31,19.37,
2015-11-04T15:11:00+05:30,19.38,19.4,19.37,19.39,
2015-11-04T15:12:01+05:30,19.39,19.43,19.37,19.42,
2015-11-04T15:13:00+05:30,19.42,19.49,19.3,19.47,
2015-11-04T15:14:00+05:30,19.48,19.48,19.39,19.39,
2015-11-04T15:15:00+05:30,19.39,19.39,19.36,19.38,
2015-11-04T15:16:02+05:30,19.39,19.42,19.39,19.42,
2015-11-04T15:17:00+05:30,19.42,19.44,19.4,19.44,
2015-11-04T15:18:00+05:30,19.44,19.46,19.43,19.45,
2015-11-04T15:19:00+05:30,19.45,19.45,19.41,19.42,
2015-11-04T15:20:00+05:30,19.42,19.43,19.38,19.38,
2015-11-04T15:21:00+05:30,19.38,19.39,19.34,19.34,
2015-11-04T15:22:00+05:30,19.34,19.37,19.33,19.36,
2015-11-04T15:23:00+05:30,19.36,19.42,19.35,19.41,
2015-11-04T15:24:00+05:30,19.41,19.46,19.4,19.46,
2015-11-04T15:25:00+05:30,19.46,19.5,19.45,19.5,
2015-11-04T15:26:00+05:30,19.5,19.56,19.5,19.56,
2015-11-04T15:27:00+05:30,19.56,19.56,19.53,19.54,
2015-11-04T15:28:00+05:30,19.53,19.53,19.48,19.48,
2015-11-04T15:29:00+05:30,19.47,19.5,19.46,19.5,
2015-11-05T09:15:00+05:30,19.36,19.36,18.34,19.25,
2015-11-05T09:16:00+05:30,19.23,19.47,19.2,19.44,
2015-11-05T09:17:00+05:30,19.43,19.43,19.34,19.39,
2015-11-05T09:18:01+05:30,19.4,19.47,19.39,19.44,
2015-11-05T09:19:01+05:30,19.44,19.74,19.43,19.73,
2015-11-05T09:20:01+05:30,19.72,19.72,19.65,19.7,
2015-11-05T09:21:01+05:30,19.69,19.69,19.63,19.65,
2015-11-05T09:22:01+05:30,19.65,19.68,19.65,19.65,
2015-11-05T09:23:01+05:30,19.64,19.65,19.6,19.63,
2015-11-05T09:24:01+05:30,19.63,19.63,19.56,19.56,
2015-11-05T09:25:01+05:30,19.56,19.59,19.54,19.56,
2015-11-05T09:26:01+05:30,19.58,19.59,19.56,19.57,
2015-11-05T09:27:01+05:30,19.57,19.6,19.56,19.6,
2015-11-05T09:28:00+05:30,19.6,19.6,19.55,19.57,
2015-11-05T09:29:00+05:30,19.56,19.57,19.52,19.52,
2015-11-05T09:30:00+05:30,19.52,19.57,19.52,19.55,
2015-11-05T09:31:00+05:30,19.55,19.55,19.52,19.53,
2015-11-05T09:32:00+05:30,19.53,19.54,19.51,19.52,
2015-11-05T09:33:01+05:30,19.52,19.52,19.5,19.51,
2015-11-05T09:34:01+05:30,19.51,19.55,19.5,19.55,
2015-11-05T09:35:00+05:30,19.56,19.57,19.52,19.57,
2015-11-05T09:36:00+05:30,19.57,19.57,19.53,19.54,
2015-11-05T09:37:01+05:30,19.55,19.55,19.5,19.5,
2015-11-05T09:38:01+05:30,19.51,19.54,19.51,19.53,
2015-11-05T09:39:01+05:30,19.52,19.54,19.52,19.53,
2015-11-05T09:40:01+05:30,19.52,19.52,19.47,19.47,
2015-11-05T09:41:01+05:30,19.48,19.49,19.46,19.48,
2015-11-05T09:42:00+05:30,19.48,19.48,19.44,19.45,
2015-11-05T09:43:01+05:30,19.44,19.47,19.43,19.44,
2015-11-05T09:44:01+05:30,19.44,19.46,19.38,19.39,
2015-11-05T09:45:01+05:30,19.38,19.45,19.38,19.44,
2015-11-05T09:46:00+05:30,19.44,19.46,19.42,19.44,
2015-11-05T09:47:00+05:30,19.44,19.45,19.43,19.44,
2015-11-05T09:48:01+05:30,19.44,19.45,19.42,19.44,
2015-11-05T09:49:01+05:30,19.44,19.45,19.43,19.43,
2015-11-05T09:50:01+05:30,19.42,19.45,19.4,19.43,
2015-11-05T09:51:00+05:30,19.43,19.46,19.42,19.46,
2015-11-05T09:52:00+05:30,19.46,19.48,19.44,19.44,
2015-11-05T09:53:00+05:30,19.44,19.45,19.41,19.42,
2015-11-05T09:54:00+05:30,19.42,19.42,19.37,19.39,
2015-11-05T09:55:00+05:30,19.39,19.43,19.39,19.42,
2015-11-05T09:56:00+05:30,19.41,19.43,19.39,19.39,
2015-11-05T09:57:00+05:30,19.39,19.39,19.37,19.38,
2015-11-05T09:58:00+05:30,19.38,19.38,19.36,19.36,
2015-11-05T09:59:01+05:30,19.36,19.38,19.34,19.34,
2015-11-05T10:00:01+05:30,19.34,19.38,19.34,19.37,
2015-11-05T10:01:01+05:30,19.37,19.38,19.37,19.37,
2015-11-05T10:02:01+05:30,19.36,19.37,19.36,19.37,
2015-11-05T10:03:01+05:30,19.37,19.41,19.37,19.4,
2015-11-05T10:04:00+05:30,19.4,19.4,19.38,19.38,
2015-11-05T10:05:01+05:30,19.38,19.39,19.36,19.38,
2015-11-05T10:06:01+05:30,19.39,19.4,19.36,19.37,
2015-11-05T10:07:01+05:30,19.37,19.37,19.34,19.37,
2015-11-05T10:08:01+05:30,19.39,19.39,19.34,19.37,
2015-11-05T10:09:01+05:30,19.37,19.37,19.35,19.35,
2015-11-05T10:10:00+05:30,19.35,19.36,19.33,19.33,
2015-11-05T10:11:00+05:30,19.33,19.36,19.33,19.35,
2015-11-05T10:12:00+05:30,19.36,19.39,19.35,19.36,
2015-11-05T10:13:00+05:30,19.36,19.37,19.34,19.35,
2015-11-05T10:14:00+05:30,19.36,19.36,19.33,19.34,
2015-11-05T10:15:00+05:30,19.34,19.43,19.34,19.41,
2015-11-05T10:16:00+05:30,19.4,19.44,19.39,19.42,
2015-11-05T10:17:00+05:30,19.42,19.5,19.41,19.48,
2015-11-05T10:18:00+05:30,19.5,19.54,19.49,19.52,
2015-11-05T10:19:00+05:30,19.51,19.54,19.46,19.46,
2015-11-05T10:20:00+05:30,19.45,19.45,19.43,19.43,
2015-11-05T10:21:00+05:30,19.44,19.45,19.4,19.42,
2015-11-05T10:22:00+05:30,19.41,19.44,19.4,19.43,
2015-11-05T10:23:00+05:30,19.44,19.44,19.4,19.44,
2015-11-05T10:24:00+05:30,19.43,19.49,19.43,19.47,
2015-11-05T10:25:00+05:30,19.48,19.48,19.45,19.48,
2015-11-05T10:26:00+05:30,19.48,19.48,19.46,19.47,
2015-11-05T10:27:00+05:30,19.47,19.49,19.46,19.47,
2015-11-05T10:28:00+05:30,19.47,19.5,19.47,19.49,
2015-11-05T10:29:00+05:30,19.49,19.5,19.48,19.49,
2015-11-05T10:30:00+05:30,19.49,19.49,19.46,19.48,
2015-11-05T10:31:00+05:30,19.48,19.5,19.46,19.5,
2015-11-05T10:32:00+05:30,19.5,19.52,19.48,19.52,
2015-11-05T10:33:00+05:30,19.52,19.54,19.47,19.5,
2015-11-05T10:34:00+05:30,19.5,19.55,19.49,19.49,
2015-11-05T10:35:00+05:30,19.49,19.49,19.44,19.44,
2015-11-05T10:36:00+05:30,19.44,19.45,19.43,19.43,
2015-11-05T10:37:00+05:30,19.43,19.45,19.43,19.44,
2015-11-05T10:38:00+05:30,19.44,19.44,19.41,19.41,
2015-11-05T10:39:00+05:30,19.41,19.42,19.39,19.41,
2015-11-05T10:40:00+05:30,19.39,19.42,19.39,19.41,
2015-11-05T10:41:00+05:30,19.41,19.42,19.37,19.38,
2015-11-05T10:42:00+05:30,19.38,19.39,19.36,19.36,
2015-11-05T10:43:00+05:30,19.35,19.36,19.3,19.33,
2015-11-05T10:44:00+05:30,19.32,19.34,19.31,19.31,
2015-11-05T10:45:00+05:30,19.31,19.31,19.23,19.23,
2015-11-05T10:46:00+05:30,19.23,19.26,19.23,19.26,
2015-11-05T10:47:01+05:30,19.26,19.26,19.23,19.24,
2015-11-05T10:48:01+05:30,19.24,19.26,19.22,19.25,
2015-11-05T10:49:01+05:30,19.24,19.24,19.18,19.18,
2015-11-05T10:50:01+05:30,19.18,19.22,19.18,19.22,
2015-11-05T10:51:01+05:30,19.22,19.23,19.21,19.21,
2015-11-05T10:52:01+05:30,19.21,19.22,19.17,19.18,
2015-11-05T10:53:01+05:30,19.19,19.19,19.17,19.17,
2015-11-05T10:54:00+05:30,19.17,19.17,19.16,19.16,
2015-11-05T10:55:00+05:30,19.16,19.18,19.16,19.17,
2015-11-05T10:56:00+05:30,19.17,19.17,19.11,19.11,
2015-11-05T10:57:00+05:30,19.12,19.13,19.11,19.13,
2015-11-05T10:58:00+05:30,19.12,19.18,19.12,19.17,
2015-11-05T10:59:00+05:30,19.17,19.18,19.15,19.15,
2015-11-05T11:00:00+05:30,19.16,19.18,19.15,19.15,
2015-11-05T11:01:01+05:30,19.14,19.18,19.14,19.18,
2015-11-05T11:02:01+05:30,19.18,19.19,19.16,19.18,
2015-11-05T11:03:00+05:30,19.18,19.21,19.17,19.2,
2015-11-05T11:04:00+05:30,19.2,19.21,19.18,19.19,
2015-11-05T11:05:00+05:30,19.19,19.2,19.18,19.18,
2015-11-05T11:06:00+05:30,19.18,19.21,19.18,19.21,
2015-11-05T11:07:00+05:30,19.21,19.21,19.2,19.21,
2015-11-05T11:08:00+05:30,19.2,19.21,19.19,19.19,
2015-11-05T11:09:00+05:30,19.19,19.19,19.16,19.16,
2015-11-05T11:10:00+05:30,19.17,19.2,19.17,19.18,
2015-11-05T11:11:00+05:30,19.18,19.18,19.15,19.15,
2015-11-05T11:12:00+05:30,19.15,19.16,19.12,19.12,
2015-11-05T11:13:00+05:30,19.12,19.14,19.11,19.14,
2015-11-05T11:14:00+05:30,19.14,19.14,19.11,19.12,
2015-11-05T11:15:00+05:30,19.09,19.09,19.07,19.07,
2015-11-05T11:16:00+05:30,19.07,19.08,19.04,19.04,
2015-11-05T11:17:00+05:30,19.05,19.1,19.04,19.1,
2015-11-05T11:18:01+05:30,19.1,19.11,19.06,19.07,
2015-11-05T11:19:01+05:30,19.07,19.07,19.05,19.05,
2015-11-05T11:20:01+05:30,19.05,19.05,18.92,18.92,
2015-11-05T11:21:01+05:30,18.92,18.93,18.76,18.78,
2015-11-05T11:22:01+05:30,18.78,18.78,18.56,18.59,
2015-11-05T11:23:01+05:30,18.61,18.73,18.61,18.72,
2015-11-05T11:24:01+05:30,18.74,18.77,18.74,18.76,
2015-11-05T11:25:01+05:30,18.76,18.78,18.74,18.78,
2015-11-05T11:26:00+05:30,18.78,18.79,18.78,18.79,
2015-11-05T11:27:00+05:30,18.79,18.79,18.76,18.78,
2015-11-05T11:28:00+05:30,18.79,18.8,18.78,18.79,
2015-11-05T11:29:00+05:30,18.79,18.8,18.69,18.69,
2015-11-05T11:30:00+05:30,18.69,18.76,18.69,18.76,
2015-11-05T11:31:00+05:30,18.76,18.78,18.72,18.78,
2015-11-05T11:32:00+05:30,18.78,18.78,18.73,18.73,
2015-11-05T11:33:00+05:30,18.73,18.79,18.73,18.79,
2015-11-05T11:34:00+05:30,18.8,18.85,18.79,18.85,
2015-11-05T11:35:00+05:30,18.85,18.87,18.85,18.85,
2015-11-05T11:36:00+05:30,18.84,18.86,18.8,18.8,
2015-11-05T11:37:00+05:30,18.8,18.81,18.78,18.8,
2015-11-05T11:38:00+05:30,18.8,18.81,18.78,18.78,
2015-11-05T11:39:01+05:30,18.79,18.83,18.79,18.83,
2015-11-05T11:40:00+05:30,18.82,18.84,18.81,18.82,
2015-11-05T11:41:00+05:30,18.82,18.86,18.79,18.8,
2015-11-05T11:42:00+05:30,18.8,18.84,18.78,18.84,
2015-11-05T11:43:01+05:30,18.84,18.84,18.82,18.82,
2015-11-05T11:44:01+05:30,18.82,18.86,18.82,18.83,
2015-11-05T11:45:01+05:30,18.83,18.87,18.82,18.85,
2015-11-05T11:46:01+05:30,18.85,18.87,18.84,18.86,
2015-11-05T11:47:01+05:30,18.86,18.9,18.86,18.89,
2015-11-05T11:48:01+05:30,18.9,18.91,18.88,18.91,
2015-11-05T11:49:01+05:30,18.92,18.94,18.91,18.92,
2015-11-05T11:50:01+05:30,18.91,18.91,18.85,18.85,
2015-11-05T11:51:00+05:30,18.86,18.87,18.84,18.87,
2015-11-05T11:52:00+05:30,18.87,18.87,18.82,18.83,
2015-11-05T11:53:00+05:30,18.83,18.85,18.82,18.85,
2015-11-05T11:54:00+05:30,18.86,18.86,18.82,18.82,
2015-11-05T11:55:00+05:30,18.82,18.83,18.81,18.83,
2015-11-05T11:56:00+05:30,18.82,18.83,18.81,18.82,
2015-11-05T11:57:00+05:30,18.82,18.82,18.74,18.78,
2015-11-05T11:58:00+05:30,18.78,18.79,18.74,18.75,
2015-11-05T11:59:00+05:30,18.74,18.74,18.71,18.72,
2015-11-05T12:00:01+05:30,18.73,18.78,18.72,18.78,
2015-11-05T12:01:01+05:30,18.78,18.81,18.77,18.8,
2015-11-05T12:02:01+05:30,18.8,18.8,18.76,18.77,
2015-11-05T12:03:01+05:30,18.77,18.81,18.76,18.81,
2015-11-05T12:04:00+05:30,18.81,18.81,18.78,18.79,
2015-11-05T12:05:00+05:30,18.79,18.81,18.78,18.8,
2015-11-05T12:06:00+05:30,18.8,18.8,18.75,18.76,
2015-11-05T12:07:00+05:30,18.76,18.81,18.76,18.8,
2015-11-05T12:08:00+05:30,18.81,18.82,18.8,18.82,
2015-11-05T12:09:01+05:30,18.82,18.83,18.81,18.82,
2015-11-05T12:10:01+05:30,18.82,18.83,18.81,18.83,
2015-11-05T12:11:01+05:30,18.83,18.83,18.81,18.82,
2015-11-05T12:12:01+05:30,18.8,18.81,18.79,18.8,
2015-11-05T12:13:01+05:30,18.8,18.81,18.8,18.8,
2015-11-05T12:14:01+05:30,18.8,18.82,18.79,18.81,
2015-11-05T12:15:01+05:30,18.8,18.84,18.8,18.83,
2015-11-05T12:16:01+05:30,18.83,18.84,18.8,18.81,
2015-11-05T12:17:01+05:30,18.8,18.83,18.8,18.82,
2015-11-05T12:18:01+05:30,18.83,18.85,18.82,18.85,
2015-11-05T12:19:01+05:30,18.84,18.85,18.84,18.85,
2015-11-05T12:20:01+05:30,18.85,18.86,18.85,18.85,
2015-11-05T12:21:00+05:30,18.85,18.85,18.8,18.82,
2015-11-05T12:22:00+05:30,18.81,18.81,18.78,18.78,
2015-11-05T12:23:01+05:30,18.78,18.8,18.77,18.79,
2015-11-05T12:24:01+05:30,18.81,18.82,18.76,18.77,
2015-11-05T12:25:01+05:30,18.77,18.78,18.77,18.78,
2015-11-05T12:26:01+05:30,18.78,18.79,18.77,18.79,
2015-11-05T12:27:01+05:30,18.78,18.8,18.77,18.77,
2015-11-05T12:28:01+05:30,18.77,18.82,18.77,18.8,
2015-11-05T12:29:01+05:30,18.8,18.81,18.79,18.8,
2015-11-05T12:30:00+05:30,18.8,18.82,18.8,18.82,
2015-11-05T12:31:00+05:30,18.82,18.82,18.8,18.8,
2015-11-05T12:32:00+05:30,18.8,18.82,18.78,18.78,
2015-11-05T12:33:00+05:30,18.78,18.81,18.78,18.8,
2015-11-05T12:34:00+05:30,18.81,18.82,18.79,18.81,
2015-11-05T12:35:01+05:30,18.81,18.86,18.8,18.86,
2015-11-05T12:36:01+05:30,18.86,18.86,18.82,18.85,
2015-11-05T12:37:00+05:30,18.85,18.88,18.82,18.86,
2015-11-05T12:38:00+05:30,18.87,18.87,18.83,18.85,
2015-11-05T12:39:00+05:30,18.86,18.87,18.85,18.86,
2015-11-05T12:40:00+05:30,18.86,18.88,18.85,18.88,
2015-11-05T12:41:00+05:30,18.89,18.89,18.83,18.84,
2015-11-05T12:42:00+05:30,18.84,18.85,18.84,18.84,
2015-11-05T12:43:00+05:30,18.84,18.86,18.84,18.86,
2015-11-05T12:44:00+05:30,18.86,18.87,18.85,18.85,
2015-11-05T12:45:00+05:30,18.85,18.85,18.77,18.78,
2015-11-05T12:46:00+05:30,18.78,18.82,18.77,18.82,
2015-11-05T12:47:01+05:30,18.81,18.86,18.81,18.84,
2015-11-05T12:48:01+05:30,18.85,18.86,18.85,18.86,
2015-11-05T12:49:01+05:30,18.86,18.87,18.85,18.86,
2015-11-05T12:50:01+05:30,18.86,18.88,18.86,18.87,
2015-11-05T12:51:01+05:30,18.86,18.87,18.85,18.86,
2015-11-05T12:52:01+05:30,18.86,18.86,18.81,18.81,
2015-11-05T12:53:01+05:30,18.82,18.84,18.8,18.82,
2015-11-05T12:54:01+05:30,18.83,18.87,18.83,18.86,
2015-11-05T12:55:01+05:30,18.86,18.88,18.85,18.87,
2015-11-05T12:56:01+05:30,18.87,18.88,18.85,18.85,
2015-11-05T12:57:00+05:30,18.85,18.87,18.85,18.86,
2015-11-05T12:58:00+05:30,18.86,18.89,18.85,18.88,
2015-11-05T12:59:00+05:30,18.89,18.89,18.85,18.89,
2015-11-05T13:00:00+05:30,18.88,18.89,18.86,18.87,
2015-11-05T13:01:00+05:30,18.88,18.9,18.88,18.89,
2015-11-05T13:02:00+05:30,18.89,18.91,18.89,18.9,
2015-11-05T13:03:00+05:30,18.89,18.93,18.89,18.92,
2015-11-05T13:04:00+05:30,18.93,18.96,18.93,18.95,
2015-11-05T13:05:00+05:30,18.95,18.96,18.93,18.94,
2015-11-05T13:06:00+05:30,18.94,18.94,18.9,18.91,
2015-11-05T13:07:00+05:30,18.91,18.96,18.91,18.94,
2015-11-05T13:08:00+05:30,18.94,18.95,18.93,18.95,
2015-11-05T13:09:00+05:30,18.96,19,18.95,19,
2015-11-05T13:10:00+05:30,19,19,18.95,18.95,
2015-11-05T13:11:00+05:30,18.95,18.96,18.93,18.93,
2015-11-05T13:12:00+05:30,18.92,18.95,18.91,18.95,
2015-11-05T13:13:00+05:30,18.95,18.95,18.91,18.92,
2015-11-05T13:14:00+05:30,18.92,18.93,18.86,18.88,
2015-11-05T13:15:00+05:30,18.88,18.88,18.85,18.87,
2015-11-05T13:16:00+05:30,18.86,18.88,18.85,18.88,
2015-11-05T13:17:00+05:30,18.88,18.89,18.87,18.88,
2015-11-05T13:18:00+05:30,18.87,18.89,18.86,18.89,
2015-11-05T13:19:00+05:30,18.89,18.9,18.87,18.87,
2015-11-05T13:20:01+05:30,18.87,18.88,18.86,18.87,
2015-11-05T13:21:01+05:30,18.86,18.86,18.83,18.86,
2015-11-05T13:22:00+05:30,18.86,18.86,18.83,18.85,
2015-11-05T13:23:00+05:30,18.85,18.86,18.83,18.84,
2015-11-05T13:24:00+05:30,18.84,18.87,18.82,18.87,
2015-11-05T13:25:00+05:30,18.87,18.92,18.87,18.92,
2015-11-05T13:26:00+05:30,18.91,18.93,18.89,18.93,
2015-11-05T13:27:00+05:30,18.94,18.95,18.93,18.94,
2015-11-05T13:28:00+05:30,18.94,18.98,18.93,18.95,
2015-11-05T13:29:00+05:30,18.96,18.98,18.93,18.95,
2015-11-05T13:30:00+05:30,18.95,18.98,18.94,18.97,
2015-11-05T13:31:00+05:30,18.97,19,18.97,18.98,
2015-11-05T13:32:00+05:30,18.98,18.99,18.95,18.98,
2015-11-05T13:33:00+05:30,18.98,18.99,18.97,18.99,
2015-11-05T13:34:01+05:30,18.99,19,18.96,18.96,
2015-11-05T13:35:01+05:30,18.96,19,18.95,18.97,
2015-11-05T13:36:01+05:30,18.97,18.99,18.95,18.98,
2015-11-05T13:37:01+05:30,18.97,19,18.97,18.99,
2015-11-05T13:38:00+05:30,18.99,19,18.98,18.98,
2015-11-05T13:39:00+05:30,18.99,19.02,18.98,19.01,
2015-11-05T13:40:00+05:30,19.01,19.01,18.98,19.01,
2015-11-05T13:41:00+05:30,19.01,19.02,19.01,19.01,
2015-11-05T13:42:00+05:30,19.01,19.01,18.97,18.97,
2015-11-05T13:43:00+05:30,18.97,19.06,18.96,19.04,
2015-11-05T13:44:01+05:30,19.03,19.03,18.98,19,
2015-11-05T13:45:01+05:30,19,19.05,19,19.05,
2015-11-05T13:46:01+05:30,19.05,19.1,19.04,19.07,
2015-11-05T13:47:01+05:30,19.07,19.1,19.05,19.1,
2015-11-05T13:48:01+05:30,19.11,19.11,19.05,19.06,
2015-11-05T13:49:00+05:30,19.07,19.08,19.02,19.02,
2015-11-05T13:50:00+05:30,19.02,19.05,19,19,
2015-11-05T13:51:00+05:30,19,19.01,18.94,18.95,
2015-11-05T13:52:01+05:30,18.96,19,18.96,19,
2015-11-05T13:53:00+05:30,18.99,19.01,18.98,19.01,
2015-11-05T13:54:00+05:30,19.01,19.03,19.01,19.01,
2015-11-05T13:55:00+05:30,19.01,19.03,19,19.03,
2015-11-05T13:56:00+05:30,19.04,19.04,19,19.02,
2015-11-05T13:57:00+05:30,19.02,19.03,19.01,19.02,
2015-11-05T13:58:00+05:30,19,19.03,18.99,19.03,
2015-11-05T13:59:00+05:30,19.03,19.04,19.01,19.03,
2015-11-05T14:00:00+05:30,19.03,19.03,19.01,19.02,
2015-11-05T14:01:00+05:30,19.01,19.06,19.01,19.04,
2015-11-05T14:02:00+05:30,19.05,19.09,19.04,19.07,
2015-11-05T14:03:00+05:30,19.07,19.08,19.05,19.07,
2015-11-05T14:04:00+05:30,19.07,19.1,19.06,19.09,
2015-11-05T14:05:00+05:30,19.09,19.15,19.08,19.08,
2015-11-05T14:06:00+05:30,19.09,19.09,19.06,19.07,
2015-11-05T14:07:00+05:30,19.06,19.06,19.02,19.03,
2015-11-05T14:08:00+05:30,19.03,19.05,19.02,19.03,
2015-11-05T14:09:00+05:30,19.03,19.05,19.01,19.04,
2015-11-05T14:10:00+05:30,19.04,19.04,19.02,19.02,
2015-11-05T14:11:00+05:30,19.01,19.05,19.01,19.05,
2015-11-05T14:12:00+05:30,19.04,19.06,19.03,19.05,
2015-11-05T14:13:00+05:30,19.05,19.06,19.03,19.06,
2015-11-05T14:14:00+05:30,19.06,19.06,19.03,19.03,
2015-11-05T14:15:01+05:30,19.03,19.07,19.03,19.07,
2015-11-05T14:16:00+05:30,19.07,19.07,19.05,19.05,
2015-11-05T14:17:00+05:30,19.04,19.07,19.04,19.06,
2015-11-05T14:18:00+05:30,19.07,19.1,19.07,19.1,
2015-11-05T14:19:00+05:30,19.1,19.13,19.09,19.09,
2015-11-05T14:20:01+05:30,19.09,19.09,19.06,19.07,
2015-11-05T14:21:01+05:30,19.08,19.1,19.07,19.09,
2015-11-05T14:22:01+05:30,19.09,19.09,19.07,19.07,
2015-11-05T14:23:00+05:30,19.08,19.09,19.07,19.08,
2015-11-05T14:24:00+05:30,19.07,19.08,19.06,19.07,
2015-11-05T14:25:00+05:30,19.07,19.09,19.05,19.05,
2015-11-05T14:26:00+05:30,19.05,19.05,18.99,18.99,
2015-11-05T14:27:00+05:30,19,19,18.97,18.99,
2015-11-05T14:28:00+05:30,18.99,19.01,18.96,18.97,
2015-11-05T14:29:00+05:30,18.98,18.99,18.97,18.98,
2015-11-05T14:30:01+05:30,18.98,19.01,18.98,19,
2015-11-05T14:31:01+05:30,19,19.01,18.98,19,
2015-11-05T14:32:01+05:30,19.01,19.06,18.99,19.06,
2015-11-05T14:33:01+05:30,19.05,19.09,19.05,19.09,
2015-11-05T14:34:01+05:30,19.11,19.15,19.11,19.11,
2015-11-05T14:35:00+05:30,19.11,19.12,19.1,19.11,
2015-11-05T14:36:00+05:30,19.11,19.13,19.1,19.11,
2015-11-05T14:37:00+05:30,19.11,19.12,19.05,19.06,
2015-11-05T14:38:00+05:30,19.07,19.09,19.06,19.06,
2015-11-05T14:39:00+05:30,19.06,19.1,19.06,19.1,
2015-11-05T14:40:00+05:30,19.09,19.13,19.09,19.13,
2015-11-05T14:41:00+05:30,19.13,19.14,19.07,19.07,
2015-11-05T14:42:00+05:30,19.07,19.09,19.06,19.06,
2015-11-05T14:43:00+05:30,19.06,19.17,19.04,19.16,
2015-11-05T14:44:00+05:30,19.16,19.19,19.16,19.18,
2015-11-05T14:45:00+05:30,19.19,19.23,19.18,19.21,
2015-11-05T14:46:00+05:30,19.21,19.23,19.19,19.21,
2015-11-05T14:47:00+05:30,19.21,19.23,19.2,19.22,
2015-11-05T14:48:00+05:30,19.23,19.24,19.21,19.23,
2015-11-05T14:49:00+05:30,19.24,19.24,19.19,19.21,
2015-11-05T14:50:00+05:30,19.21,19.29,19.21,19.29,
2015-11-05T14:51:00+05:30,19.29,19.33,19.28,19.31,
2015-11-05T14:52:00+05:30,19.3,19.35,19.3,19.33,
2015-11-05T14:53:01+05:30,19.33,19.37,19.32,19.36,
2015-11-05T14:54:01+05:30,19.36,19.36,19.31,19.32,
2015-11-05T14:55:01+05:30,19.33,19.38,19.33,19.37,
2015-11-05T14:56:00+05:30,19.37,19.38,19.31,19.32,
2015-11-05T14:57:00+05:30,19.32,19.33,19.27,19.29,
2015-11-05T14:58:00+05:30,19.31,19.34,19.3,19.33,
2015-11-05T14:59:00+05:30,19.33,19.34,19.29,19.34,
2015-11-05T15:00:00+05:30,19.34,19.37,19.33,19.37,
2015-11-05T15:01:00+05:30,19.37,19.39,19.31,19.33,
2015-11-05T15:02:01+05:30,19.32,19.37,19.31,19.34,
2015-11-05T15:03:01+05:30,19.33,19.34,19.3,19.3,
2015-11-05T15:04:01+05:30,19.3,19.3,19.25,19.29,
2015-11-05T15:05:01+05:30,19.28,19.31,19.27,19.29,
2015-11-05T15:06:01+05:30,19.3,19.34,19.3,19.32,
2015-11-05T15:07:01+05:30,19.31,19.32,19.23,19.25,
2015-11-05T15:08:00+05:30,19.25,19.25,19.21,19.23,
2015-11-05T15:09:00+05:30,19.22,19.24,19.18,19.21,
2015-11-05T15:10:01+05:30,19.22,19.27,19.22,19.24,
2015-11-05T15:11:00+05:30,19.25,19.29,19.23,19.28,
2015-11-05T15:12:00+05:30,19.29,19.29,19.2,19.21,
2015-11-05T15:13:00+05:30,19.22,19.24,19.21,19.23,
2015-11-05T15:14:01+05:30,19.23,19.25,19.22,19.24,
2015-11-05T15:15:00+05:30,19.25,19.27,19.24,19.24,
2015-11-05T15:16:00+05:30,19.24,19.24,19.17,19.19,
2015-11-05T15:17:01+05:30,19.19,19.19,19.15,19.15,
2015-11-05T15:18:00+05:30,19.16,19.22,19.15,19.22,
2015-11-05T15:19:01+05:30,19.22,19.26,19.22,19.26,
2015-11-05T15:20:00+05:30,19.26,19.34,19.26,19.33,
2015-11-05T15:21:00+05:30,19.32,19.37,19.31,19.36,
2015-11-05T15:22:01+05:30,19.37,19.37,19.31,19.32,
2015-11-05T15:23:01+05:30,19.34,19.36,19.34,19.35,
2015-11-05T15:24:00+05:30,19.35,19.35,19.33,19.34,
2015-11-05T15:25:00+05:30,19.34,19.37,19.32,19.37,
2015-11-05T15:26:00+05:30,19.37,19.39,19.35,19.38,
2015-11-05T15:27:00+05:30,19.37,19.44,19.37,19.44,
2015-11-05T15:28:01+05:30,19.44,19.46,19.43,19.45,
2015-11-05T15:29:01+05:30,19.45,19.47,19.37,19.37,
2015-11-06T09:15:01+05:30,19.29,19.29,16.62,18.9,
2015-11-06T09:16:00+05:30,18.9,19.03,18.86,19.02,
2015-11-06T09:17:00+05:30,19.02,19.04,18.88,18.89,
2015-11-06T09:18:00+05:30,18.88,18.88,18.74,18.76,
2015-11-06T09:19:01+05:30,18.76,18.79,18.69,18.69,
2015-11-06T09:20:00+05:30,18.67,18.72,18.64,18.65,
2015-11-06T09:21:00+05:30,18.65,18.72,18.58,18.66,
2015-11-06T09:22:00+05:30,18.66,18.79,18.66,18.77,
2015-11-06T09:23:00+05:30,18.76,18.77,18.73,18.76,
2015-11-06T09:24:00+05:30,18.76,18.76,18.64,18.67,
2015-11-06T09:25:01+05:30,18.66,18.66,18.64,18.65,
2015-11-06T09:26:00+05:30,18.65,18.67,18.64,18.65,
2015-11-06T09:27:00+05:30,18.64,18.67,18.63,18.66,
2015-11-06T09:28:00+05:30,18.66,18.74,18.66,18.73,
2015-11-06T09:29:00+05:30,18.73,18.78,18.73,18.78,
2015-11-06T09:30:00+05:30,18.78,18.79,18.72,18.77,
2015-11-06T09:31:00+05:30,18.76,18.76,18.72,18.73,
2015-11-06T09:32:00+05:30,18.74,18.77,18.72,18.72,
2015-11-06T09:33:00+05:30,18.72,18.74,18.7,18.74,
2015-11-06T09:34:00+05:30,18.74,18.82,18.74,18.79,
2015-11-06T09:35:00+05:30,18.79,18.81,18.77,18.8,
2015-11-06T09:36:00+05:30,18.81,18.89,18.8,18.89,
2015-11-06T09:37:00+05:30,18.89,19,18.89,18.98,
2015-11-06T09:38:00+05:30,18.97,19,18.95,18.98,
2015-11-06T09:39:00+05:30,18.98,19.03,18.98,19.03,
2015-11-06T09:40:00+05:30,19.01,19.15,19.01,19.14,
2015-11-06T09:41:00+05:30,19.13,19.14,19.05,19.06,
2015-11-06T09:42:00+05:30,19.06,19.09,19.01,19.01,
2015-11-06T09:43:01+05:30,19.02,19.02,18.99,19,
2015-11-06T09:44:00+05:30,19,19,18.92,18.93,
2015-11-06T09:45:00+05:30,18.93,18.93,18.87,18.88,
2015-11-06T09:46:00+05:30,18.88,18.96,18.88,18.96,
2015-11-06T09:47:00+05:30,18.95,18.96,18.9,18.91,
2015-11-06T09:48:00+05:30,18.91,18.94,18.9,18.91,
2015-11-06T09:49:00+05:30,18.91,18.91,18.87,18.89,
2015-11-06T09:50:00+05:30,18.89,18.9,18.87,18.88,
2015-11-06T09:51:00+05:30,18.88,18.93,18.87,18.93,
2015-11-06T09:52:00+05:30,18.93,18.96,18.92,18.92,
2015-11-06T09:53:00+05:30,18.92,18.95,18.91,18.94,
2015-11-06T09:54:00+05:30,18.95,18.97,18.94,18.96,
2015-11-06T09:55:01+05:30,18.96,18.97,18.93,18.96,
2015-11-06T09:56:01+05:30,18.96,19.03,18.96,19.02,
2015-11-06T09:57:01+05:30,19.01,19.03,19.01,19.02,
2015-11-06T09:58:01+05:30,19.01,19.07,19.01,19.02,
2015-11-06T09:59:01+05:30,19.03,19.03,19.01,19.01,
2015-11-06T10:00:01+05:30,19.02,19.05,19,19.05,
2015-11-06T10:01:00+05:30,19.05,19.06,19.02,19.02,
2015-11-06T10:02:00+05:30,19.02,19.02,18.99,19,
2015-11-06T10:03:01+05:30,19,19.01,18.99,19,
2015-11-06T10:04:01+05:30,18.99,19.01,18.96,18.96,
2015-11-06T10:05:01+05:30,18.96,18.99,18.96,18.97,
2015-11-06T10:06:01+05:30,18.97,18.97,18.94,18.95,
2015-11-06T10:07:00+05:30,18.95,18.97,18.94,18.96,
2015-11-06T10:08:01+05:30,18.94,18.98,18.92,18.93,
2015-11-06T10:09:01+05:30,18.94,18.97,18.92,18.97,
2015-11-06T10:10:01+05:30,18.96,18.98,18.94,18.94,
2015-11-06T10:11:01+05:30,18.94,18.96,18.94,18.95,
2015-11-06T10:12:01+05:30,18.95,18.96,18.93,18.95,
2015-11-06T10:13:01+05:30,18.95,19,18.95,19,
2015-11-06T10:14:01+05:30,19,19.04,18.98,19.02,
2015-11-06T10:15:01+05:30,19.03,19.08,19.01,19.07,
2015-11-06T10:16:01+05:30,19.08,19.11,19.06,19.07,
2015-11-06T10:17:00+05:30,19.06,19.18,19.05,19.18,
2015-11-06T10:18:00+05:30,19.19,19.23,19.16,19.21,
2015-11-06T10:19:00+05:30,19.21,19.23,19.19,19.23,
2015-11-06T10:20:01+05:30,19.25,19.27,19.12,19.13,
2015-11-06T10:21:01+05:30,19.14,19.19,19.12,19.19,
2015-11-06T10:22:01+05:30,19.2,19.28,19.2,19.26,
2015-11-06T10:23:01+05:30,19.26,19.41,19.26,19.31,
2015-11-06T10:24:01+05:30,19.29,19.33,19.27,19.31,
2015-11-06T10:25:01+05:30,19.3,19.36,19.29,19.36,
2015-11-06T10:26:00+05:30,19.36,19.39,19.32,19.34,
2015-11-06T10:27:01+05:30,19.34,19.42,19.33,19.41,
2015-11-06T10:28:01+05:30,19.41,19.42,19.36,19.4,
2015-11-06T10:29:01+05:30,19.41,19.41,19.35,19.35,
2015-11-06T10:30:01+05:30,19.36,19.36,19.28,19.28,
2015-11-06T10:31:01+05:30,19.27,19.28,19.19,19.19,
2015-11-06T10:32:01+05:30,19.19,19.19,19.16,19.16,
2015-11-06T10:33:01+05:30,19.16,19.24,19.16,19.21,
2015-11-06T10:34:00+05:30,19.22,19.22,19.17,19.17,
2015-11-06T10:35:00+05:30,19.18,19.22,19.17,19.18,
2015-11-06T10:36:00+05:30,19.18,19.2,19.17,19.2,
2015-11-06T10:37:00+05:30,19.2,19.23,19.2,19.22,
2015-11-06T10:38:00+05:30,19.23,19.24,19.21,19.22,
2015-11-06T10:39:00+05:30,19.21,19.24,19.19,19.19,
2015-11-06T10:40:00+05:30,19.2,19.22,19.17,19.22,
2015-11-06T10:41:00+05:30,19.22,19.24,19.17,19.17,
2015-11-06T10:42:00+05:30,19.17,19.21,19.15,19.15,
2015-11-06T10:43:00+05:30,19.15,19.17,19.09,19.09,
2015-11-06T10:44:00+05:30,19.09,19.13,19.07,19.09,
2015-11-06T10:45:00+05:30,19.08,19.08,18.94,18.94,
2015-11-06T10:46:00+05:30,18.94,18.96,18.92,18.93,
2015-11-06T10:47:00+05:30,18.93,18.93,18.78,18.79,
2015-11-06T10:48:00+05:30,18.79,18.89,18.79,18.89,
2015-11-06T10:49:00+05:30,18.89,18.89,18.8,18.87,
2015-11-06T10:50:00+05:30,18.87,18.88,18.84,18.84,
2015-11-06T10:51:00+05:30,18.84,18.89,18.84,18.87,
2015-11-06T10:52:00+05:30,18.87,18.88,18.84,18.85,
2015-11-06T10:53:01+05:30,18.84,18.84,18.8,18.82,
2015-11-06T10:54:01+05:30,18.81,18.85,18.8,18.85,
2015-11-06T10:55:01+05:30,18.84,18.86,18.82,18.85,
2015-11-06T10:56:01+05:30,18.85,18.86,18.83,18.86,
2015-11-06T10:57:01+05:30,18.85,18.87,18.74,18.76,
2015-11-06T10:58:00+05:30,18.76,18.79,18.72,18.72,
2015-11-06T10:59:00+05:30,18.71,18.74,18.68,18.73,
2015-11-06T11:00:00+05:30,18.74,18.77,18.73,18.75,
2015-11-06T11:01:01+05:30,18.76,18.79,18.72,18.79,
2015-11-06T11:02:01+05:30,18.79,18.86,18.79,18.86,
2015-11-06T11:03:01+05:30,18.87,18.89,18.83,18.89,
2015-11-06T11:04:00+05:30,18.91,18.93,18.9,18.92,
2015-11-06T11:05:00+05:30,18.92,18.93,18.9,18.9,
2015-11-06T11:06:00+05:30,18.91,18.91,18.87,18.9,
2015-11-06T11:07:00+05:30,18.89,18.95,18.89,18.95,
2015-11-06T11:08:01+05:30,18.96,18.96,18.92,18.95,
2015-11-06T11:09:00+05:30,18.96,18.96,18.9,18.93,
2015-11-06T11:10:01+05:30,18.94,18.98,18.85,18.85,
2015-11-06T11:11:01+05:30,18.84,18.87,18.84,18.85,
2015-11-06T11:12:01+05:30,18.85,18.93,18.85,18.93,
2015-11-06T11:13:01+05:30,18.94,19.01,18.94,19.01,
2015-11-06T11:14:01+05:30,19.01,19.09,19.01,19.09,
2015-11-06T11:15:01+05:30,19.08,19.08,19.03,19.03,
2015-11-06T11:16:00+05:30,19.03,19.08,19.03,19.08,
2015-11-06T11:17:01+05:30,19.08,19.12,19.08,19.11,
2015-11-06T11:18:01+05:30,19.1,19.1,19.06,19.07,
2015-11-06T11:19:01+05:30,19.07,19.11,19.07,19.11,
2015-11-06T11:20:01+05:30,19.11,19.13,19.11,19.12,
2015-11-06T11:21:01+05:30,19.12,19.14,19.11,19.13,
2015-11-06T11:22:00+05:30,19.13,19.15,19.11,19.12,
2015-11-06T11:23:00+05:30,19.12,19.14,19.11,19.12,
2015-11-06T11:24:01+05:30,19.12,19.14,19.11,19.14,
2015-11-06T11:25:01+05:30,19.14,19.14,19.11,19.13,
2015-11-06T11:26:00+05:30,19.12,19.15,19.12,19.15,
2015-11-06T11:27:00+05:30,19.15,19.16,19.14,19.14,
2015-11-06T11:28:00+05:30,19.14,19.15,19.13,19.13,
2015-11-06T11:29:00+05:30,19.14,19.16,19.1,19.11,
2015-11-06T11:30:00+05:30,19.11,19.11,18.97,18.99,
2015-11-06T11:31:00+05:30,18.99,19.01,18.96,18.97,
2015-11-06T11:32:00+05:30,18.97,19,18.97,18.98,
2015-11-06T11:33:01+05:30,18.98,19.02,18.97,18.98,
2015-11-06T11:34:01+05:30,18.98,19,18.97,18.98,
2015-11-06T11:35:00+05:30,18.97,19.01,18.96,18.99,
2015-11-06T11:36:00+05:30,19,19,18.98,18.99,
2015-11-06T11:37:00+05:30,18.99,19.03,18.99,19.03,
2015-11-06T11:38:00+05:30,19.02,19.07,19.01,19.06,
2015-11-06T11:39:00+05:30,19.05,19.06,19.03,19.05,
2015-11-06T11:40:00+05:30,19.06,19.11,19.05,19.09,
2015-11-06T11:41:01+05:30,19.09,19.11,19.07,19.09,
2015-11-06T11:42:01+05:30,19.09,19.1,19.08,19.09,
2015-11-06T11:43:01+05:30,19.08,19.12,19.08,19.11,
2015-11-06T11:44:01+05:30,19.11,19.13,19.1,19.11,
2015-11-06T11:45:01+05:30,19.11,19.12,19.09,19.1,
2015-11-06T11:46:01+05:30,19.11,19.12,19.09,19.11,
2015-11-06T11:47:01+05:30,19.11,19.15,19.1,19.13,
2015-11-06T11:48:01+05:30,19.13,19.15,19.09,19.14,
2015-11-06T11:49:01+05:30,19.14,19.15,19.13,19.13,
2015-11-06T11:50:01+05:30,19.13,19.15,19.12,19.14,
2015-11-06T11:51:01+05:30,19.14,19.14,19.1,19.11,
2015-11-06T11:52:01+05:30,19.11,19.12,19.09,19.09,
2015-11-06T11:53:01+05:30,19.09,19.1,19.08,19.09,
2015-11-06T11:54:01+05:30,19.09,19.1,19.07,19.08,
2015-11-06T11:55:01+05:30,19.07,19.08,19.05,19.05,
2015-11-06T11:56:01+05:30,19.05,19.09,19.04,19.06,
2015-11-06T11:57:01+05:30,19.06,19.08,19.04,19.05,
2015-11-06T11:58:01+05:30,19.05,19.08,19.04,19.07,
2015-11-06T11:59:00+05:30,19.07,19.09,19.06,19.08,
2015-11-06T12:00:00+05:30,19.07,19.08,19.05,19.05,
2015-11-06T12:01:00+05:30,19.05,19.06,19,19,
2015-11-06T12:02:00+05:30,19.01,19.01,19,19.01,
2015-11-06T12:03:00+05:30,19.01,19.03,18.99,19.03,
2015-11-06T12:04:00+05:30,19.03,19.04,19.02,19.03,
2015-11-06T12:05:01+05:30,19.03,19.08,19.02,19.07,
2015-11-06T12:06:00+05:30,19.07,19.13,19.07,19.13,
2015-11-06T12:07:00+05:30,19.14,19.14,19.09,19.12,
2015-11-06T12:08:00+05:30,19.11,19.13,19.06,19.06,
2015-11-06T12:09:00+05:30,19.07,19.11,19.05,19.11,
2015-11-06T12:10:00+05:30,19.11,19.11,19.05,19.09,
2015-11-06T12:11:00+05:30,19.09,19.1,19.03,19.05,
2015-11-06T12:12:00+05:30,19.06,19.08,19.05,19.06,
2015-11-06T12:13:00+05:30,19.07,19.08,19.05,19.07,
2015-11-06T12:14:01+05:30,19.07,19.07,19.05,19.06,
2015-11-06T12:15:00+05:30,19.06,19.07,19.04,19.05,
2015-11-06T12:16:00+05:30,19.05,19.07,19.03,19.03,
2015-11-06T12:17:00+05:30,19.03,19.13,19.03,19.11,
2015-11-06T12:18:00+05:30,19.11,19.12,19.07,19.1,
2015-11-06T12:19:00+05:30,19.09,19.11,19.07,19.1,
2015-11-06T12:20:00+05:30,19.09,19.11,19.07,19.08,
2015-11-06T12:21:00+05:30,19.08,19.1,19.05,19.05,
2015-11-06T12:22:00+05:30,19.05,19.1,19.05,19.1,
2015-11-06T12:23:00+05:30,19.1,19.12,19.09,19.11,
2015-11-06T12:24:00+05:30,19.11,19.12,19.11,19.12,
2015-11-06T12:25:00+05:30,19.11,19.13,19.1,19.11,
2015-11-06T12:26:00+05:30,19.12,19.12,19.1,19.11,
2015-11-06T12:27:00+05:30,19.11,19.11,19.09,19.09,
2015-11-06T12:28:00+05:30,19.09,19.11,19.09,19.09,
2015-11-06T12:29:00+05:30,19.09,19.1,19.07,19.1,
2015-11-06T12:30:01+05:30,19.1,19.1,19.06,19.06,
2015-11-06T12:31:00+05:30,19.06,19.06,19,19.04,
2015-11-06T12:32:01+05:30,19.04,19.06,19.03,19.06,
2015-11-06T12:33:01+05:30,19.06,19.07,19.05,19.07,
2015-11-06T12:34:01+05:30,19.07,19.08,19.05,19.08,
2015-11-06T12:35:00+05:30,19.08,19.11,19.08,19.11,
2015-11-06T12:36:00+05:30,19.11,19.15,19.11,19.12,
2015-11-06T12:37:00+05:30,19.13,19.13,19.12,19.13,
2015-11-06T12:38:00+05:30,19.13,19.14,19.13,19.13,
2015-11-06T12:39:00+05:30,19.13,19.13,19.07,19.07,
2015-11-06T12:40:00+05:30,19.07,19.11,19.07,19.09,
2015-11-06T12:41:01+05:30,19.09,19.1,19.08,19.09,
2015-11-06T12:42:01+05:30,19.09,19.12,19.08,19.08,
2015-11-06T12:43:00+05:30,19.09,19.1,19.08,19.09,
2015-11-06T12:44:00+05:30,19.09,19.09,19.07,19.08,
2015-11-06T12:45:00+05:30,19.07,19.09,19.07,19.07,
2015-11-06T12:46:00+05:30,19.07,19.09,18.99,18.99,
2015-11-06T12:47:00+05:30,18.99,19.03,18.97,19,
2015-11-06T12:48:00+05:30,19,19.02,18.98,19,
2015-11-06T12:49:00+05:30,19,19,18.96,18.97,
2015-11-06T12:50:01+05:30,18.97,18.97,18.95,18.97,
2015-11-06T12:51:00+05:30,18.98,18.99,18.96,18.97,
2015-11-06T12:52:00+05:30,18.97,18.98,18.95,18.98,
2015-11-06T12:53:00+05:30,18.98,19.06,18.97,19.05,
2015-11-06T12:54:01+05:30,19.05,19.06,19.04,19.05,
2015-11-06T12:55:00+05:30,19.05,19.09,19.05,19.08,
2015-11-06T12:56:01+05:30,19.08,19.09,19.06,19.07,
2015-11-06T12:57:00+05:30,19.07,19.09,19.03,19.05,
2015-11-06T12:58:01+05:30,19.05,19.07,19.02,19.07,
2015-11-06T12:59:00+05:30,19.08,19.1,19.07,19.09,
2015-11-06T13:00:00+05:30,19.08,19.15,19.08,19.13,
2015-11-06T13:01:00+05:30,19.13,19.13,19.08,19.1,
2015-11-06T13:02:00+05:30,19.08,19.09,19.08,19.09,
2015-11-06T13:03:00+05:30,19.09,19.09,19.04,19.04,
2015-11-06T13:04:00+05:30,19.04,19.09,19.04,19.08,
2015-11-06T13:05:00+05:30,19.09,19.12,19.08,19.11,
2015-11-06T13:06:00+05:30,19.11,19.12,19.09,19.1,
2015-11-06T13:07:00+05:30,19.1,19.1,19.08,19.09,
2015-11-06T13:08:00+05:30,19.09,19.09,19.06,19.06,
2015-11-06T13:09:00+05:30,19.06,19.1,19.05,19.09,
2015-11-06T13:10:00+05:30,19.09,19.12,19.09,19.09,
2015-11-06T13:11:00+05:30,19.09,19.12,19.09,19.12,
2015-11-06T13:12:00+05:30,19.12,19.16,19.1,19.16,
2015-11-06T13:13:00+05:30,19.14,19.16,19.13,19.16,
2015-11-06T13:14:00+05:30,19.16,19.17,19.15,19.16,
2015-11-06T13:15:00+05:30,19.16,19.18,19.15,19.18,
2015-11-06T13:16:00+05:30,19.19,19.19,19.13,19.13,
2015-11-06T13:17:00+05:30,19.12,19.12,19.08,19.09,
2015-11-06T13:18:01+05:30,19.09,19.09,19.08,19.08,
2015-11-06T13:19:00+05:30,19.09,19.09,19.07,19.07,
2015-11-06T13:20:00+05:30,19.08,19.09,19.06,19.06,
2015-11-06T13:21:00+05:30,19.07,19.15,19.06,19.15,
2015-11-06T13:22:00+05:30,19.15,19.17,19.11,19.11,
2015-11-06T13:23:00+05:30,19.11,19.12,19.09,19.1,
2015-11-06T13:24:01+05:30,19.1,19.15,19.1,19.14,
2015-11-06T13:25:00+05:30,19.14,19.14,19.11,19.13,
2015-11-06T13:26:00+05:30,19.13,19.14,19.12,19.13,
2015-11-06T13:27:00+05:30,19.13,19.16,19.13,19.16,
2015-11-06T13:28:00+05:30,19.16,19.21,19.13,19.19,
2015-11-06T13:29:01+05:30,19.2,19.2,19.17,19.2,
2015-11-06T13:30:01+05:30,19.19,19.19,19.17,19.19,
2015-11-06T13:31:00+05:30,19.2,19.22,19.19,19.21,
2015-11-06T13:32:00+05:30,19.21,19.22,19.2,19.21,
2015-11-06T13:33:00+05:30,19.21,19.27,19.21,19.25,
2015-11-06T13:34:00+05:30,19.25,19.28,19.24,19.27,
2015-11-06T13:35:01+05:30,19.27,19.27,19.23,19.23,
2015-11-06T13:36:01+05:30,19.23,19.25,19.22,19.25,
2015-11-06T13:37:00+05:30,19.26,19.27,19.25,19.27,
2015-11-06T13:38:00+05:30,19.28,19.28,19.26,19.27,
2015-11-06T13:39:00+05:30,19.27,19.28,19.26,19.27,
2015-11-06T13:40:00+05:30,19.27,19.27,19.23,19.25,
2015-11-06T13:41:00+05:30,19.25,19.28,19.23,19.28,
2015-11-06T13:42:00+05:30,19.28,19.28,19.23,19.23,
2015-11-06T13:43:01+05:30,19.23,19.24,19.2,19.23,
2015-11-06T13:44:01+05:30,19.23,19.24,19.18,19.19,
2015-11-06T13:45:00+05:30,19.19,19.26,19.19,19.25,
2015-11-06T13:46:00+05:30,19.26,19.3,19.23,19.3,
2015-11-06T13:47:00+05:30,19.3,19.3,19.27,19.29,
2015-11-06T13:48:00+05:30,19.29,19.3,19.27,19.29,
2015-11-06T13:49:00+05:30,19.29,19.32,19.29,19.31,
2015-11-06T13:50:00+05:30,19.3,19.34,19.3,19.33,
2015-11-06T13:51:00+05:30,19.32,19.35,19.32,19.34,
2015-11-06T13:52:00+05:30,19.34,19.37,19.32,19.36,
2015-11-06T13:53:00+05:30,19.36,19.41,19.33,19.41,
2015-11-06T13:54:00+05:30,19.4,19.43,19.38,19.38,
2015-11-06T13:55:00+05:30,19.38,19.4,19.37,19.37,
2015-11-06T13:56:00+05:30,19.36,19.41,19.36,19.38,
2015-11-06T13:57:00+05:30,19.38,19.41,19.36,19.36,
2015-11-06T13:58:00+05:30,19.36,19.42,19.36,19.42,
2015-11-06T13:59:00+05:30,19.42,19.43,19.39,19.41,
2015-11-06T14:00:00+05:30,19.41,19.41,19.29,19.29,
2015-11-06T14:01:01+05:30,19.3,19.31,19.28,19.29,
2015-11-06T14:02:01+05:30,19.3,19.35,19.29,19.34,
2015-11-06T14:03:00+05:30,19.33,19.35,19.33,19.35,
2015-11-06T14:04:00+05:30,19.35,19.38,19.34,19.37,
2015-11-06T14:05:00+05:30,19.37,19.37,19.32,19.33,
2015-11-06T14:06:00+05:30,19.33,19.37,19.32,19.36,
2015-11-06T14:07:00+05:30,19.37,19.37,19.33,19.33,
2015-11-06T14:08:00+05:30,19.33,19.36,19.33,19.35,
2015-11-06T14:09:00+05:30,19.35,19.38,19.35,19.38,
2015-11-06T14:10:00+05:30,19.38,19.38,19.34,19.34,
2015-11-06T14:11:00+05:30,19.34,19.34,19.28,19.28,
2015-11-06T14:12:00+05:30,19.28,19.28,19.22,19.22,
2015-11-06T14:13:00+05:30,19.22,19.23,19.2,19.23,
2015-11-06T14:14:00+05:30,19.23,19.32,19.23,19.31,
2015-11-06T14:15:00+05:30,19.31,19.32,19.27,19.29,
2015-11-06T14:16:00+05:30,19.29,19.32,19.28,19.32,
2015-11-06T14:17:00+05:30,19.32,19.32,19.3,19.32,
2015-11-06T14:18:00+05:30,19.31,19.34,19.31,19.34,
2015-11-06T14:19:00+05:30,19.33,19.37,19.33,19.37,
2015-11-06T14:20:00+05:30,19.37,19.4,19.37,19.38,
2015-11-06T14:21:00+05:30,19.38,19.39,19.37,19.38,
2015-11-06T14:22:00+05:30,19.39,19.4,19.36,19.36,
2015-11-06T14:23:01+05:30,19.36,19.4,19.36,19.4,
2015-11-06T14:24:01+05:30,19.4,19.41,19.39,19.39,
2015-11-06T14:25:01+05:30,19.39,19.41,19.39,19.4,
2015-11-06T14:26:00+05:30,19.39,19.4,19.39,19.39,
2015-11-06T14:27:00+05:30,19.39,19.39,19.17,19.17,
2015-11-06T14:28:00+05:30,19.17,19.17,19.07,19.14,
2015-11-06T14:29:00+05:30,19.15,19.22,19.13,19.22,
2015-11-06T14:30:00+05:30,19.19,19.25,19.19,19.24,
2015-11-06T14:31:00+05:30,19.23,19.23,19.09,19.1,
2015-11-06T14:32:00+05:30,19.09,19.26,19.06,19.26,
2015-11-06T14:33:00+05:30,19.26,19.29,19.26,19.28,
2015-11-06T14:34:00+05:30,19.28,19.32,19.26,19.29,
2015-11-06T14:35:00+05:30,19.3,19.3,19.26,19.26,
2015-11-06T14:36:00+05:30,19.26,19.29,19.13,19.16,
2015-11-06T14:37:00+05:30,19.16,19.2,19.14,19.17,
2015-11-06T14:38:01+05:30,19.17,19.22,19.14,19.21,
2015-11-06T14:39:01+05:30,19.21,19.25,19.2,19.23,
2015-11-06T14:40:01+05:30,19.24,19.28,19.22,19.22,
2015-11-06T14:41:00+05:30,19.23,19.26,19.22,19.26,
2015-11-06T14:42:00+05:30,19.26,19.29,19.25,19.29,
2015-11-06T14:43:00+05:30,19.29,19.35,19.28,19.35,
2015-11-06T14:44:00+05:30,19.35,19.42,19.34,19.4,
2015-11-06T14:45:00+05:30,19.39,19.41,19.32,19.32,
2015-11-06T14:46:00+05:30,19.32,19.35,19.3,19.35,
2015-11-06T14:47:00+05:30,19.35,19.43,19.35,19.39,
2015-11-06T14:48:00+05:30,19.39,19.49,19.39,19.46,
2015-11-06T14:49:00+05:30,19.46,19.46,19.33,19.33,
2015-11-06T14:50:00+05:30,19.33,19.42,19.33,19.41,
2015-11-06T14:51:00+05:30,19.41,19.41,19.34,19.34,
2015-11-06T14:52:00+05:30,19.33,19.38,19.31,19.37,
2015-11-06T14:53:00+05:30,19.36,19.39,19.33,19.37,
2015-11-06T14:54:00+05:30,19.38,19.42,19.38,19.41,
2015-11-06T14:55:00+05:30,19.41,19.44,19.41,19.44,
2015-11-06T14:56:01+05:30,19.44,19.49,19.44,19.49,
2015-11-06T14:57:01+05:30,19.49,19.51,19.45,19.46,
2015-11-06T14:58:01+05:30,19.46,19.5,19.46,19.48,
2015-11-06T14:59:00+05:30,19.47,19.52,19.47,19.51,
2015-11-06T15:00:00+05:30,19.51,19.54,19.5,19.53,
2015-11-06T15:01:01+05:30,19.53,19.55,19.53,19.53,
2015-11-06T15:02:01+05:30,19.53,19.56,19.52,19.52,
2015-11-06T15:03:01+05:30,19.53,19.55,19.52,19.52,
2015-11-06T15:04:01+05:30,19.52,19.52,19.46,19.48,
2015-11-06T15:05:00+05:30,19.48,19.49,19.45,19.46,
2015-11-06T15:06:00+05:30,19.45,19.46,19.41,19.45,
2015-11-06T15:07:00+05:30,19.45,19.52,19.44,19.5,
2015-11-06T15:08:00+05:30,19.5,19.54,19.49,19.52,
2015-11-06T15:09:01+05:30,19.53,19.56,19.53,19.53,
2015-11-06T15:10:00+05:30,19.54,19.55,19.5,19.51,
2015-11-06T15:11:00+05:30,19.5,19.52,19.46,19.52,
2015-11-06T15:12:00+05:30,19.51,19.53,19.5,19.5,
2015-11-06T15:13:00+05:30,19.5,19.54,19.5,19.53,
2015-11-06T15:14:00+05:30,19.53,19.58,19.52,19.55,
2015-11-06T15:15:00+05:30,19.56,19.59,19.53,19.53,
2015-11-06T15:16:00+05:30,19.54,19.58,19.53,19.53,
2015-11-06T15:17:00+05:30,19.53,19.53,19.5,19.5,
2015-11-06T15:18:00+05:30,19.5,19.51,19.47,19.49,
2015-11-06T15:19:00+05:30,19.49,19.5,19.45,19.45,
2015-11-06T15:20:00+05:30,19.45,19.45,19.38,19.39,
2015-11-06T15:21:00+05:30,19.38,19.4,19.37,19.4,
2015-11-06T15:22:00+05:30,19.4,19.4,19.36,19.37,
2015-11-06T15:23:00+05:30,19.36,19.36,19.31,19.34,
2015-11-06T15:24:00+05:30,19.33,19.36,19.31,19.35,
2015-11-06T15:25:00+05:30,19.35,19.36,19.34,19.36,
2015-11-06T15:26:00+05:30,19.36,19.38,19.36,19.38,
2015-11-06T15:27:00+05:30,19.38,19.42,19.37,19.41,
2015-11-06T15:28:01+05:30,19.41,19.47,19.41,19.47,
2015-11-06T15:29:00+05:30,19.47,19.58,19.47,19.57,
2015-11-09T09:15:00+05:30,19.47,19.47,15.99,17.55,
2015-11-09T09:16:00+05:30,17.54,17.54,17.27,17.41,
2015-11-09T09:17:00+05:30,17.43,17.46,17.13,17.18,
2015-11-09T09:18:00+05:30,17.16,17.16,17.04,17.05,
2015-11-09T09:19:00+05:30,17.03,18.56,17.03,18.38,
2015-11-09T09:20:00+05:30,18.37,18.89,18.37,18.69,
2015-11-09T09:21:00+05:30,18.7,18.79,18.52,18.56,
2015-11-09T09:22:00+05:30,18.56,18.62,18.56,18.6,
2015-11-09T09:23:01+05:30,18.62,18.8,18.61,18.78,
2015-11-09T09:24:01+05:30,18.78,18.83,18.76,18.81,
2015-11-09T09:25:01+05:30,18.8,18.8,18.67,18.67,
2015-11-09T09:26:00+05:30,18.67,18.69,18.56,18.56,
2015-11-09T09:27:00+05:30,18.54,18.54,18.28,18.28,
2015-11-09T09:28:00+05:30,18.28,18.28,18.21,18.25,
2015-11-09T09:29:00+05:30,18.27,18.27,18.19,18.23,
2015-11-09T09:30:00+05:30,18.24,18.3,18.2,18.21,
2015-11-09T09:31:00+05:30,18.21,18.23,18.12,18.17,
2015-11-09T09:32:00+05:30,18.17,18.18,18.12,18.17,
2015-11-09T09:33:00+05:30,18.17,18.21,18.12,18.14,
2015-11-09T09:34:00+05:30,18.11,18.13,18.09,18.11,
2015-11-09T09:35:00+05:30,18.12,18.24,18.11,18.17,
2015-11-09T09:36:01+05:30,18.17,18.17,18.1,18.1,
2015-11-09T09:37:00+05:30,18.1,18.12,18.01,18.05,
2015-11-09T09:38:00+05:30,18.05,18.07,18,18,
2015-11-09T09:39:00+05:30,18.01,18.01,17.89,17.91,
2015-11-09T09:40:00+05:30,17.9,17.9,17.85,17.87,
2015-11-09T09:41:00+05:30,17.87,17.88,17.79,17.8,
2015-11-09T09:42:01+05:30,17.8,17.82,17.75,17.8,
2015-11-09T09:43:00+05:30,17.8,17.83,17.74,17.74,
2015-11-09T09:44:00+05:30,17.74,17.88,17.74,17.85,
2015-11-09T09:45:00+05:30,17.84,17.84,17.75,17.77,
2015-11-09T09:46:00+05:30,17.77,17.77,17.7,17.72,
2015-11-09T09:47:00+05:30,17.71,17.74,17.69,17.73,
2015-11-09T09:48:00+05:30,17.74,17.74,17.69,17.7,
2015-11-09T09:49:00+05:30,17.7,17.7,17.66,17.68,
2015-11-09T09:50:00+05:30,17.68,17.69,17.64,17.64,
2015-11-09T09:51:01+05:30,17.64,17.64,17.6,17.6,
2015-11-09T09:52:01+05:30,17.6,17.66,17.59,17.66,
2015-11-09T09:53:00+05:30,17.66,17.68,17.62,17.65,
2015-11-09T09:54:00+05:30,17.63,17.65,17.59,17.61,
2015-11-09T09:55:00+05:30,17.61,17.63,17.59,17.61,
2015-11-09T09:56:00+05:30,17.61,17.62,17.57,17.57,
2015-11-09T09:57:00+05:30,17.58,17.6,17.58,17.59,
2015-11-09T09:58:00+05:30,17.59,17.59,17.56,17.56,
2015-11-09T09:59:00+05:30,17.56,17.57,17.53,17.55,
2015-11-09T10:00:00+05:30,17.54,17.54,17.39,17.39,
2015-11-09T10:01:00+05:30,17.39,17.44,17.38,17.43,
2015-11-09T10:02:00+05:30,17.44,17.44,17.37,17.4,
2015-11-09T10:03:00+05:30,17.4,17.4,17.3,17.3,
2015-11-09T10:04:00+05:30,17.29,17.29,17.2,17.2,
2015-11-09T10:05:00+05:30,17.2,17.22,17.16,17.19,
2015-11-09T10:06:00+05:30,17.2,17.26,17.17,17.22,
2015-11-09T10:07:01+05:30,17.21,17.21,17.15,17.15,
2015-11-09T10:08:00+05:30,17.14,17.19,17.14,17.17,
2015-11-09T10:09:01+05:30,17.17,17.18,17.14,17.17,
2015-11-09T10:10:01+05:30,17.19,17.19,17.08,17.09,
2015-11-09T10:11:01+05:30,17.1,17.12,17.07,17.07,
2015-11-09T10:12:01+05:30,17.07,17.11,17.03,17.07,
2015-11-09T10:13:00+05:30,17.07,17.07,17.01,17.01,
2015-11-09T10:14:01+05:30,17.02,17.06,17.01,17.06,
2015-11-09T10:15:00+05:30,17.06,17.09,17.06,17.07,
2015-11-09T10:16:00+05:30,17.08,17.13,17.06,17.12,
2015-11-09T10:17:00+05:30,17.13,17.17,17.11,17.11,
2015-11-09T10:18:01+05:30,17.09,17.17,17.09,17.16,
2015-11-09T10:19:01+05:30,17.17,17.23,17.17,17.19,
2015-11-09T10:20:01+05:30,17.18,17.26,17.18,17.25,
2015-11-09T10:21:01+05:30,17.25,17.3,17.23,17.28,
2015-11-09T10:22:01+05:30,17.28,17.32,17.27,17.31,
2015-11-09T10:23:01+05:30,17.31,17.36,17.31,17.35,
2015-11-09T10:24:01+05:30,17.36,17.38,17.33,17.36,
2015-11-09T10:25:01+05:30,17.36,17.39,17.36,17.38,
2015-11-09T10:26:00+05:30,17.38,17.38,17.35,17.36,
2015-11-09T10:27:00+05:30,17.35,17.37,17.35,17.36,
2015-11-09T10:28:00+05:30,17.36,17.39,17.36,17.39,
2015-11-09T10:29:00+05:30,17.39,17.41,17.39,17.4,
2015-11-09T10:30:00+05:30,17.4,17.4,17.36,17.37,
2015-11-09T10:31:00+05:30,17.38,17.41,17.38,17.4,
2015-11-09T10:32:00+05:30,17.41,17.45,17.41,17.44,
2015-11-09T10:33:00+05:30,17.44,17.44,17.39,17.42,
2015-11-09T10:34:01+05:30,17.42,17.48,17.41,17.47,
2015-11-09T10:35:01+05:30,17.47,17.51,17.47,17.49,
2015-11-09T10:36:01+05:30,17.49,17.5,17.45,17.47,
2015-11-09T10:37:01+05:30,17.48,17.48,17.45,17.45,
2015-11-09T10:38:01+05:30,17.46,17.46,17.41,17.41,
2015-11-09T10:39:01+05:30,17.42,17.44,17.38,17.41,
2015-11-09T10:40:01+05:30,17.41,17.41,17.39,17.4,
2015-11-09T10:41:01+05:30,17.4,17.43,17.38,17.41,
2015-11-09T10:42:01+05:30,17.41,17.48,17.41,17.48,
2015-11-09T10:43:01+05:30,17.48,17.51,17.47,17.48,
2015-11-09T10:44:01+05:30,17.48,17.49,17.47,17.48,
2015-11-09T10:45:01+05:30,17.48,17.52,17.47,17.51,
2015-11-09T10:46:01+05:30,17.51,17.52,17.48,17.5,
2015-11-09T10:47:00+05:30,17.5,17.52,17.48,17.51,
2015-11-09T10:48:01+05:30,17.5,17.5,17.47,17.48,
2015-11-09T10:49:01+05:30,17.49,17.5,17.47,17.5,
2015-11-09T10:50:01+05:30,17.51,17.55,17.51,17.55,
2015-11-09T10:51:01+05:30,17.54,17.56,17.54,17.56,
2015-11-09T10:52:01+05:30,17.56,17.56,17.52,17.53,
2015-11-09T10:53:00+05:30,17.53,17.55,17.52,17.53,
2015-11-09T10:54:00+05:30,17.53,17.54,17.51,17.53,
2015-11-09T10:55:00+05:30,17.52,17.53,17.51,17.53,
2015-11-09T10:56:00+05:30,17.53,17.55,17.52,17.53,
2015-11-09T10:57:00+05:30,17.53,17.54,17.51,17.51,
2015-11-09T10:58:00+05:30,17.51,17.53,17.5,17.52,
2015-11-09T10:59:00+05:30,17.52,17.52,17.49,17.49,
2015-11-09T11:00:00+05:30,17.49,17.49,17.43,17.43,
2015-11-09T11:01:00+05:30,17.43,17.46,17.43,17.45,
2015-11-09T11:02:00+05:30,17.44,17.5,17.44,17.5,
2015-11-09T11:03:01+05:30,17.51,17.52,17.49,17.51,
2015-11-09T11:04:01+05:30,17.52,17.53,17.5,17.5,
2015-11-09T11:05:01+05:30,17.5,17.5,17.47,17.49,
2015-11-09T11:06:01+05:30,17.49,17.49,17.47,17.49,
2015-11-09T11:07:01+05:30,17.49,17.5,17.47,17.48,
2015-11-09T11:08:00+05:30,17.48,17.49,17.47,17.47,
2015-11-09T11:09:01+05:30,17.47,17.51,17.47,17.5,
2015-11-09T11:10:01+05:30,17.5,17.5,17.45,17.46,
2015-11-09T11:11:01+05:30,17.46,17.47,17.44,17.45,
2015-11-09T11:12:01+05:30,17.45,17.45,17.41,17.42,
2015-11-09T11:13:01+05:30,17.43,17.46,17.42,17.46,
2015-11-09T11:14:00+05:30,17.45,17.48,17.45,17.45,
2015-11-09T11:15:01+05:30,17.45,17.47,17.43,17.43,
2015-11-09T11:16:01+05:30,17.43,17.48,17.43,17.47,
2015-11-09T11:17:01+05:30,17.47,17.52,17.47,17.51,
2015-11-09T11:18:00+05:30,17.51,17.52,17.48,17.48,
2015-11-09T11:19:00+05:30,17.48,17.5,17.48,17.49,
2015-11-09T11:20:00+05:30,17.49,17.49,17.47,17.47,
2015-11-09T11:21:00+05:30,17.47,17.47,17.43,17.43,
2015-11-09T11:22:00+05:30,17.44,17.45,17.43,17.43,
2015-11-09T11:23:00+05:30,17.43,17.47,17.43,17.46,
2015-11-09T11:24:00+05:30,17.45,17.45,17.44,17.44,
2015-11-09T11:25:00+05:30,17.44,17.45,17.44,17.44,
2015-11-09T11:26:01+05:30,17.45,17.46,17.43,17.46,
2015-11-09T11:27:00+05:30,17.46,17.47,17.44,17.46,
2015-11-09T11:28:00+05:30,17.46,17.49,17.45,17.48,
2015-11-09T11:29:00+05:30,17.48,17.49,17.45,17.46,
2015-11-09T11:30:00+05:30,17.46,17.47,17.44,17.45,
2015-11-09T11:31:00+05:30,17.46,17.49,17.46,17.49,
2015-11-09T11:32:00+05:30,17.48,17.5,17.45,17.47,
2015-11-09T11:33:00+05:30,17.47,17.5,17.46,17.47,
2015-11-09T11:34:00+05:30,17.47,17.48,17.46,17.47,
2015-11-09T11:35:00+05:30,17.47,17.48,17.44,17.46,
2015-11-09T11:36:01+05:30,17.47,17.48,17.45,17.48,
2015-11-09T11:37:01+05:30,17.48,17.48,17.47,17.47,
2015-11-09T11:38:00+05:30,17.47,17.5,17.47,17.5,
2015-11-09T11:39:00+05:30,17.5,17.52,17.49,17.5,
2015-11-09T11:40:00+05:30,17.49,17.51,17.48,17.5,
2015-11-09T11:41:00+05:30,17.5,17.52,17.5,17.51,
2015-11-09T11:42:00+05:30,17.51,17.53,17.5,17.52,
2015-11-09T11:43:01+05:30,17.52,17.53,17.51,17.52,
2015-11-09T11:44:01+05:30,17.52,17.53,17.52,17.53,
2015-11-09T11:45:00+05:30,17.53,17.54,17.51,17.51,
2015-11-09T11:46:00+05:30,17.51,17.52,17.49,17.5,
2015-11-09T11:47:00+05:30,17.49,17.49,17.47,17.47,
2015-11-09T11:48:00+05:30,17.47,17.5,17.47,17.49,
2015-11-09T11:49:00+05:30,17.5,17.5,17.46,17.48,
2015-11-09T11:50:00+05:30,17.48,17.49,17.46,17.47,
2015-11-09T11:51:00+05:30,17.48,17.49,17.47,17.48,
2015-11-09T11:52:00+05:30,17.47,17.49,17.47,17.48,
2015-11-09T11:53:00+05:30,17.48,17.49,17.47,17.49,
2015-11-09T11:54:00+05:30,17.49,17.51,17.47,17.49,
2015-11-09T11:55:00+05:30,17.49,17.5,17.46,17.48,
2015-11-09T11:56:00+05:30,17.48,17.49,17.47,17.47,
2015-11-09T11:57:00+05:30,17.47,17.5,17.46,17.49,
2015-11-09T11:58:00+05:30,17.5,17.52,17.47,17.48,
2015-11-09T11:59:00+05:30,17.47,17.48,17.43,17.44,
2015-11-09T12:00:00+05:30,17.45,17.45,17.41,17.44,
2015-11-09T12:01:00+05:30,17.46,17.46,17.43,17.43,
2015-11-09T12:02:00+05:30,17.43,17.43,17.36,17.37,
2015-11-09T12:03:00+05:30,17.37,17.38,17.35,17.37,
2015-11-09T12:04:00+05:30,17.37,17.37,17.36,17.37,
2015-11-09T12:05:00+05:30,17.37,17.37,17.34,17.35,
2015-11-09T12:06:00+05:30,17.35,17.36,17.32,17.34,
2015-11-09T12:07:00+05:30,17.34,17.35,17.32,17.34,
2015-11-09T12:08:01+05:30,17.34,17.34,17.31,17.32,
2015-11-09T12:09:01+05:30,17.31,17.34,17.31,17.32,
2015-11-09T12:10:01+05:30,17.33,17.34,17.32,17.33,
2015-11-09T12:11:01+05:30,17.33,17.35,17.32,17.34,
2015-11-09T12:12:01+05:30,17.34,17.36,17.34,17.35,
2015-11-09T12:13:01+05:30,17.35,17.38,17.35,17.38,
2015-11-09T12:14:01+05:30,17.39,17.39,17.37,17.39,
2015-11-09T12:15:00+05:30,17.38,17.39,17.35,17.36,
2015-11-09T12:16:00+05:30,17.37,17.37,17.34,17.36,
2015-11-09T12:17:00+05:30,17.36,17.38,17.34,17.35,
2015-11-09T12:18:00+05:30,17.35,17.36,17.34,17.34,
2015-11-09T12:19:00+05:30,17.34,17.34,17.31,17.31,
2015-11-09T12:20:00+05:30,17.31,17.31,17.29,17.29,
2015-11-09T12:21:00+05:30,17.3,17.32,17.29,17.31,
2015-11-09T12:22:00+05:30,17.31,17.31,17.29,17.31,
2015-11-09T12:23:00+05:30,17.32,17.32,17.28,17.3,
2015-11-09T12:24:00+05:30,17.3,17.34,17.3,17.34,
2015-11-09T12:25:00+05:30,17.34,17.35,17.33,17.34,
2015-11-09T12:26:00+05:30,17.34,17.35,17.32,17.32,
2015-11-09T12:27:00+05:30,17.32,17.34,17.29,17.31,
2015-11-09T12:28:00+05:30,17.31,17.32,17.3,17.31,
2015-11-09T12:29:00+05:30,17.31,17.32,17.29,17.31,
2015-11-09T12:30:00+05:30,17.31,17.31,17.29,17.3,
2015-11-09T12:31:01+05:30,17.3,17.31,17.3,17.3,
2015-11-09T12:32:01+05:30,17.29,17.32,17.29,17.32,
2015-11-09T12:33:00+05:30,17.32,17.33,17.3,17.33,
2015-11-09T12:34:00+05:30,17.34,17.35,17.31,17.31,
2015-11-09T12:35:00+05:30,17.31,17.32,17.29,17.3,
2015-11-09T12:36:00+05:30,17.3,17.31,17.28,17.3,
2015-11-09T12:37:00+05:30,17.3,17.31,17.29,17.29,
2015-11-09T12:38:00+05:30,17.29,17.31,17.29,17.31,
2015-11-09T12:39:00+05:30,17.31,17.31,17.3,17.31,
2015-11-09T12:40:00+05:30,17.31,17.32,17.29,17.32,
2015-11-09T12:41:01+05:30,17.32,17.33,17.3,17.33,
2015-11-09T12:42:00+05:30,17.33,17.34,17.3,17.31,
2015-11-09T12:43:01+05:30,17.31,17.32,17.3,17.31,
2015-11-09T12:44:01+05:30,17.31,17.32,17.3,17.31,
2015-11-09T12:45:01+05:30,17.31,17.33,17.31,17.32,
2015-11-09T12:46:01+05:30,17.32,17.32,17.28,17.28,
2015-11-09T12:47:01+05:30,17.28,17.29,17.26,17.29,
2015-11-09T12:48:01+05:30,17.3,17.31,17.27,17.28,
2015-11-09T12:49:00+05:30,17.27,17.29,17.26,17.28,
2015-11-09T12:50:00+05:30,17.28,17.28,17.26,17.26,
2015-11-09T12:51:01+05:30,17.27,17.29,17.25,17.28,
2015-11-09T12:52:00+05:30,17.29,17.29,17.24,17.26,
2015-11-09T12:53:00+05:30,17.26,17.27,17.24,17.27,
2015-11-09T12:54:00+05:30,17.27,17.27,17.24,17.24,
2015-11-09T12:55:00+05:30,17.25,17.26,17.23,17.23,
2015-11-09T12:56:00+05:30,17.23,17.24,17.22,17.23,
2015-11-09T12:57:00+05:30,17.22,17.23,17.21,17.21,
2015-11-09T12:58:00+05:30,17.21,17.22,17.2,17.21,
2015-11-09T12:59:01+05:30,17.21,17.27,17.21,17.23,
2015-11-09T13:00:01+05:30,17.24,17.25,17.23,17.24,
2015-11-09T13:01:01+05:30,17.24,17.25,17.21,17.23,
2015-11-09T13:02:00+05:30,17.22,17.27,17.22,17.27,
2015-11-09T13:03:01+05:30,17.27,17.28,17.26,17.26,
2015-11-09T13:04:01+05:30,17.26,17.27,17.23,17.23,
2015-11-09T13:05:01+05:30,17.23,17.25,17.23,17.25,
2015-11-09T13:06:00+05:30,17.25,17.28,17.24,17.27,
2015-11-09T13:07:00+05:30,17.27,17.27,17.24,17.26,
2015-11-09T13:08:00+05:30,17.26,17.26,17.24,17.24,
2015-11-09T13:09:00+05:30,17.24,17.24,17.2,17.2,
2015-11-09T13:10:00+05:30,17.2,17.22,17.2,17.21,
2015-11-09T13:11:00+05:30,17.21,17.23,17.2,17.21,
2015-11-09T13:12:00+05:30,17.2,17.26,17.2,17.26,
2015-11-09T13:13:00+05:30,17.26,17.29,17.25,17.28,
2015-11-09T13:14:00+05:30,17.28,17.32,17.28,17.3,
2015-11-09T13:15:00+05:30,17.3,17.3,17.28,17.28,
2015-11-09T13:16:00+05:30,17.28,17.31,17.28,17.3,
2015-11-09T13:17:00+05:30,17.31,17.31,17.28,17.28,
2015-11-09T13:18:01+05:30,17.28,17.3,17.27,17.3,
2015-11-09T13:19:00+05:30,17.3,17.3,17.26,17.26,
2015-11-09T13:20:00+05:30,17.26,17.26,17.24,17.25,
2015-11-09T13:21:00+05:30,17.25,17.25,17.23,17.25,
2015-11-09T13:22:00+05:30,17.25,17.26,17.24,17.25,
2015-11-09T13:23:00+05:30,17.25,17.26,17.21,17.21,
2015-11-09T13:24:00+05:30,17.22,17.26,17.22,17.25,
2015-11-09T13:25:00+05:30,17.25,17.27,17.25,17.27,
2015-11-09T13:26:00+05:30,17.27,17.28,17.26,17.26,
2015-11-09T13:27:00+05:30,17.26,17.27,17.23,17.24,
2015-11-09T13:28:00+05:30,17.24,17.26,17.23,17.24,
2015-11-09T13:29:00+05:30,17.24,17.26,17.23,17.24,
2015-11-09T13:30:00+05:30,17.25,17.25,17.23,17.23,
2015-11-09T13:31:00+05:30,17.23,17.25,17.21,17.23,
2015-11-09T13:32:01+05:30,17.22,17.24,17.22,17.24,
2015-11-09T13:33:00+05:30,17.24,17.25,17.22,17.25,
2015-11-09T13:34:00+05:30,17.25,17.26,17.23,17.23,
2015-11-09T13:35:00+05:30,17.24,17.42,17.24,17.4,
2015-11-09T13:36:00+05:30,17.4,17.43,17.23,17.43,
2015-11-09T13:37:00+05:30,17.43,17.46,17.43,17.45,
2015-11-09T13:38:00+05:30,17.45,17.48,17.45,17.47,
2015-11-09T13:39:00+05:30,17.47,17.48,17.47,17.47,
2015-11-09T13:40:00+05:30,17.47,17.48,17.46,17.48,
2015-11-09T13:41:00+05:30,17.48,17.51,17.48,17.51,
2015-11-09T13:42:00+05:30,17.51,17.52,17.48,17.48,
2015-11-09T13:43:00+05:30,17.48,17.5,17.48,17.49,
2015-11-09T13:44:00+05:30,17.5,17.5,17.47,17.47,
2015-11-09T13:45:00+05:30,17.47,17.49,17.47,17.48,
2015-11-09T13:46:00+05:30,17.48,17.5,17.48,17.49,
2015-11-09T13:47:00+05:30,17.49,17.51,17.48,17.48,
2015-11-09T13:48:00+05:30,17.49,17.52,17.49,17.49,
2015-11-09T13:49:00+05:30,17.49,17.52,17.49,17.52,
2015-11-09T13:50:00+05:30,17.52,17.54,17.51,17.53,
2015-11-09T13:51:00+05:30,17.54,17.55,17.54,17.54,
2015-11-09T13:52:00+05:30,17.54,17.54,17.51,17.51,
2015-11-09T13:53:00+05:30,17.51,17.53,17.51,17.51,
2015-11-09T13:54:00+05:30,17.51,17.55,17.51,17.53,
2015-11-09T13:55:00+05:30,17.53,17.55,17.51,17.51,
2015-11-09T13:56:00+05:30,17.51,17.52,17.41,17.45,
2015-11-09T13:57:00+05:30,17.45,17.45,17.4,17.41,
2015-11-09T13:58:00+05:30,17.4,17.4,17.29,17.29,
2015-11-09T13:59:00+05:30,17.3,17.33,17.29,17.3,
2015-11-09T14:00:00+05:30,17.3,17.31,17.29,17.31,
2015-11-09T14:01:00+05:30,17.3,17.32,17.29,17.32,
2015-11-09T14:02:00+05:30,17.32,17.34,17.32,17.32,
2015-11-09T14:03:00+05:30,17.32,17.32,17.28,17.28,
2015-11-09T14:04:00+05:30,17.28,17.29,17.27,17.29,
2015-11-09T14:05:00+05:30,17.29,17.3,17.26,17.27,
2015-11-09T14:06:00+05:30,17.28,17.31,17.25,17.27,
2015-11-09T14:07:00+05:30,17.27,17.28,17.26,17.28,
2015-11-09T14:08:00+05:30,17.28,17.28,17.27,17.27,
2015-11-09T14:09:00+05:30,17.27,17.3,17.26,17.3,
2015-11-09T14:10:00+05:30,17.3,17.32,17.29,17.3,
2015-11-09T14:11:00+05:30,17.3,17.32,17.29,17.29,
2015-11-09T14:12:00+05:30,17.29,17.31,17.28,17.28,
2015-11-09T14:13:00+05:30,17.29,17.32,17.29,17.3,
2015-11-09T14:14:00+05:30,17.3,17.31,17.27,17.29,
2015-11-09T14:15:01+05:30,17.31,17.31,17.24,17.24,
2015-11-09T14:16:01+05:30,17.24,17.24,17.21,17.23,
2015-11-09T14:17:01+05:30,17.22,17.22,17.16,17.17,
2015-11-09T14:18:00+05:30,17.17,17.2,17.14,17.18,
2015-11-09T14:19:00+05:30,17.18,17.22,17.18,17.22,
2015-11-09T14:20:00+05:30,17.21,17.23,17.17,17.17,
2015-11-09T14:21:00+05:30,17.17,17.19,17.15,17.17,
2015-11-09T14:22:00+05:30,17.17,17.19,17.15,17.18,
2015-11-09T14:23:01+05:30,17.18,17.21,17.18,17.19,
2015-11-09T14:24:00+05:30,17.19,17.22,17.19,17.22,
2015-11-09T14:25:00+05:30,17.22,17.28,17.21,17.25,
2015-11-09T14:26:00+05:30,17.25,17.29,17.24,17.29,
2015-11-09T14:27:00+05:30,17.29,17.3,17.27,17.3,
2015-11-09T14:28:01+05:30,17.3,17.3,17.26,17.27,
2015-11-09T14:29:01+05:30,17.28,17.3,17.27,17.3,
2015-11-09T14:30:01+05:30,17.29,17.3,17.26,17.3,
2015-11-09T14:31:01+05:30,17.3,17.31,17.28,17.3,
2015-11-09T14:32:01+05:30,17.3,17.32,17.27,17.27,
2015-11-09T14:33:00+05:30,17.26,17.29,17.26,17.29,
2015-11-09T14:34:00+05:30,17.29,17.33,17.29,17.3,
2015-11-09T14:35:00+05:30,17.3,17.3,17.26,17.27,
2015-11-09T14:36:00+05:30,17.27,17.27,17.24,17.24,
2015-11-09T14:37:00+05:30,17.25,17.25,17.23,17.24,
2015-11-09T14:38:01+05:30,17.24,17.25,17.16,17.18,
2015-11-09T14:39:01+05:30,17.17,17.24,17.16,17.21,
2015-11-09T14:40:00+05:30,17.21,17.23,17.18,17.18,
2015-11-09T14:41:00+05:30,17.18,17.19,17.1,17.12,
2015-11-09T14:42:00+05:30,17.12,17.14,17.09,17.13,
2015-11-09T14:43:00+05:30,17.14,17.16,17.11,17.13,
2015-11-09T14:44:00+05:30,17.13,17.17,17.12,17.13,
2015-11-09T14:45:00+05:30,17.13,17.18,17.11,17.15,
2015-11-09T14:46:00+05:30,17.13,17.19,17.12,17.18,
2015-11-09T14:47:00+05:30,17.18,17.22,17.16,17.22,
2015-11-09T14:48:00+05:30,17.22,17.22,17.17,17.17,
2015-11-09T14:49:00+05:30,17.17,17.18,17.14,17.15,
2015-11-09T14:50:00+05:30,17.16,17.17,17.15,17.16,
2015-11-09T14:51:01+05:30,17.15,17.17,17.11,17.13,
2015-11-09T14:52:01+05:30,17.12,17.17,17.12,17.15,
2015-11-09T14:53:00+05:30,17.13,17.19,17.13,17.19,
2015-11-09T14:54:00+05:30,17.19,17.23,17.19,17.2,
2015-11-09T14:55:00+05:30,17.21,17.21,17.17,17.18,
2015-11-09T14:56:01+05:30,17.18,17.2,17.15,17.17,
2015-11-09T14:57:01+05:30,17.18,17.19,17.16,17.19,
2015-11-09T14:58:01+05:30,17.18,17.21,17.17,17.19,
2015-11-09T14:59:01+05:30,17.18,17.19,17.15,17.15,
2015-11-09T15:00:00+05:30,17.15,17.2,17.15,17.2,
2015-11-09T15:01:00+05:30,17.19,17.19,17.16,17.18,
2015-11-09T15:02:00+05:30,17.18,17.22,17.16,17.17,
2015-11-09T15:03:00+05:30,17.16,17.16,17.08,17.11,
2015-11-09T15:04:01+05:30,17.12,17.13,17.1,17.13,
2015-11-09T15:05:00+05:30,17.13,17.17,17.1,17.15,
2015-11-09T15:06:00+05:30,17.15,17.15,17.08,17.11,
2015-11-09T15:07:00+05:30,17.11,17.14,17.09,17.1,
2015-11-09T15:08:01+05:30,17.1,17.11,17.07,17.08,
2015-11-09T15:09:01+05:30,17.07,17.17,17.02,17.02,
2015-11-09T15:10:01+05:30,17.02,17.07,17.02,17.07,
2015-11-09T15:11:01+05:30,17.07,17.16,17.03,17.07,
2015-11-09T15:12:00+05:30,17.07,17.07,17.03,17.03,
2015-11-09T15:13:00+05:30,17.02,17.08,17.02,17.05,
2015-11-09T15:14:00+05:30,17.05,17.11,17.05,17.07,
2015-11-09T15:15:00+05:30,17.07,17.07,17,17.01,
2015-11-09T15:16:00+05:30,17.01,17.02,16.98,17,
2015-11-09T15:17:00+05:30,17,17.03,16.99,17.03,
2015-11-09T15:18:00+05:30,17.02,17.04,17,17.01,
2015-11-09T15:19:00+05:30,17.02,17.06,17.02,17.06,
2015-11-09T15:20:00+05:30,17.06,17.08,17.04,17.04,
2015-11-09T15:21:00+05:30,17.04,17.05,16.99,17.02,
2015-11-09T15:22:00+05:30,17.02,17.02,17,17.01,
2015-11-09T15:23:00+05:30,17.01,17.02,17,17.01,
2015-11-09T15:24:01+05:30,17.02,17.03,16.98,16.99,
2015-11-09T15:25:01+05:30,17,17.02,16.97,17,
2015-11-09T15:26:01+05:30,16.99,16.99,16.87,16.88,
2015-11-09T15:27:01+05:30,16.88,16.88,16.82,16.83,
2015-11-09T15:28:01+05:30,16.82,16.83,16.78,16.82,
2015-11-09T15:29:00+05:30,16.82,16.85,16.81,16.82,
2015-11-10T09:15:02+05:30,17.04,17.04,15.3,16.18,
2015-11-10T09:16:00+05:30,16.46,16.47,16.26,16.29,
2015-11-10T09:17:00+05:30,16.28,16.31,16.21,16.26,
2015-11-10T09:18:00+05:30,16.26,16.64,16.24,16.57,
2015-11-10T09:19:00+05:30,16.58,16.65,16.54,16.65,
2015-11-10T09:20:00+05:30,16.65,16.71,16.63,16.7,
2015-11-10T09:21:00+05:30,16.7,16.85,16.7,16.83,
2015-11-10T09:22:00+05:30,16.83,16.86,16.8,16.8,
2015-11-10T09:23:00+05:30,16.8,16.88,16.79,16.87,
2015-11-10T09:24:01+05:30,16.87,16.95,16.86,16.88,
2015-11-10T09:25:01+05:30,16.88,16.91,16.86,16.88,
2015-11-10T09:26:00+05:30,16.87,16.96,16.87,16.93,
2015-11-10T09:27:01+05:30,16.93,16.97,16.92,16.93,
2015-11-10T09:28:00+05:30,16.95,17.01,16.95,16.98,
2015-11-10T09:29:01+05:30,16.98,16.99,16.96,16.98,
2015-11-10T09:30:01+05:30,16.98,16.98,16.95,16.96,
2015-11-10T09:31:00+05:30,16.96,16.97,16.93,16.93,
2015-11-10T09:32:01+05:30,16.93,16.93,16.88,16.9,
2015-11-10T09:33:00+05:30,16.92,16.94,16.89,16.89,
2015-11-10T09:34:00+05:30,16.9,16.94,16.9,16.93,
2015-11-10T09:35:00+05:30,16.94,16.94,16.9,16.9,
2015-11-10T09:36:00+05:30,16.9,16.91,16.88,16.89,
2015-11-10T09:37:00+05:30,16.89,16.91,16.89,16.89,
2015-11-10T09:38:00+05:30,16.89,16.91,16.88,16.89,
2015-11-10T09:39:00+05:30,16.89,16.89,16.86,16.87,
2015-11-10T09:40:00+05:30,16.87,16.87,16.81,16.81,
2015-11-10T09:41:00+05:30,16.82,16.83,16.78,16.78,
2015-11-10T09:42:01+05:30,16.76,16.8,16.76,16.78,
2015-11-10T09:43:01+05:30,16.78,16.8,16.78,16.78,
2015-11-10T09:44:01+05:30,16.79,16.8,16.77,16.78,
2015-11-10T09:45:00+05:30,16.78,16.78,16.75,16.76,
2015-11-10T09:46:00+05:30,16.76,16.81,16.76,16.81,
2015-11-10T09:47:00+05:30,16.81,16.81,16.78,16.79,
2015-11-10T09:48:00+05:30,16.79,16.81,16.76,16.81,
2015-11-10T09:49:00+05:30,16.8,16.81,16.75,16.76,
2015-11-10T09:50:00+05:30,16.76,16.79,16.76,16.77,
2015-11-10T09:51:00+05:30,16.76,16.78,16.76,16.76,
2015-11-10T09:52:00+05:30,16.77,16.78,16.77,16.78,
2015-11-10T09:53:00+05:30,16.78,16.8,16.78,16.8,
2015-11-10T09:54:00+05:30,16.8,16.8,16.78,16.78,
2015-11-10T09:55:00+05:30,16.78,16.85,16.78,16.84,
2015-11-10T09:56:00+05:30,16.84,16.85,16.81,16.82,
2015-11-10T09:57:00+05:30,16.82,16.84,16.81,16.81,
2015-11-10T09:58:00+05:30,16.81,16.85,16.79,16.82,
2015-11-10T09:59:00+05:30,16.82,16.84,16.81,16.83,
2015-11-10T10:00:00+05:30,16.83,16.88,16.82,16.85,
2015-11-10T10:01:00+05:30,16.85,16.9,16.85,16.89,
2015-11-10T10:02:00+05:30,16.9,16.93,16.89,16.89,
2015-11-10T10:03:00+05:30,16.89,16.89,16.83,16.83,
2015-11-10T10:04:01+05:30,16.83,16.83,16.78,16.79,
2015-11-10T10:05:00+05:30,16.79,16.79,16.74,16.74,
2015-11-10T10:06:00+05:30,16.74,16.94,16.73,16.93,
2015-11-10T10:07:00+05:30,16.93,16.96,16.92,16.96,
2015-11-10T10:08:01+05:30,16.96,16.98,16.95,16.97,
2015-11-10T10:09:01+05:30,16.97,16.99,16.97,16.99,
2015-11-10T10:10:00+05:30,16.99,16.99,16.97,16.97,
2015-11-10T10:11:00+05:30,16.97,17,16.97,17,
2015-11-10T10:12:00+05:30,17.01,17.04,17.01,17.03,
2015-11-10T10:13:00+05:30,17.03,17.06,17.03,17.05,
2015-11-10T10:14:00+05:30,17.05,17.05,17.01,17.02,
2015-11-10T10:15:00+05:30,17.02,17.03,16.99,17,
2015-11-10T10:16:00+05:30,17,17.02,16.98,17.01,
2015-11-10T10:17:00+05:30,17.01,17.03,16.83,16.83,
2015-11-10T10:18:00+05:30,16.83,16.85,16.83,16.85,
2015-11-10T10:19:00+05:30,16.85,16.86,16.83,16.84,
2015-11-10T10:20:00+05:30,16.83,16.85,16.83,16.85,
2015-11-10T10:21:00+05:30,16.85,16.88,16.85,16.86,
2015-11-10T10:22:00+05:30,16.86,16.86,16.82,16.82,
2015-11-10T10:23:00+05:30,16.82,16.86,16.82,16.86,
2015-11-10T10:24:00+05:30,16.86,16.86,16.81,16.81,
2015-11-10T10:25:00+05:30,16.81,16.81,16.79,16.8,
2015-11-10T10:26:00+05:30,16.8,16.81,16.78,16.8,
2015-11-10T10:27:00+05:30,16.8,16.82,16.78,16.78,
2015-11-10T10:28:00+05:30,16.79,16.87,16.78,16.85,
2015-11-10T10:29:00+05:30,16.86,16.86,16.83,16.84,
2015-11-10T10:30:00+05:30,16.84,16.87,16.83,16.86,
2015-11-10T10:31:00+05:30,16.86,16.87,16.84,16.85,
2015-11-10T10:32:00+05:30,16.84,16.86,16.82,16.82,
2015-11-10T10:33:00+05:30,16.82,16.82,16.8,16.81,
2015-11-10T10:34:00+05:30,16.8,16.81,16.77,16.78,
2015-11-10T10:35:00+05:30,16.78,16.79,16.77,16.77,
2015-11-10T10:36:00+05:30,16.77,16.78,16.75,16.76,
2015-11-10T10:37:00+05:30,16.77,16.77,16.76,16.77,
2015-11-10T10:38:00+05:30,16.77,16.77,16.75,16.75,
2015-11-10T10:39:00+05:30,16.75,16.76,16.74,16.76,
2015-11-10T10:40:00+05:30,16.76,16.76,16.75,16.76,
2015-11-10T10:41:01+05:30,16.76,16.76,16.73,16.75,
2015-11-10T10:42:00+05:30,16.75,16.76,16.74,16.75,
2015-11-10T10:43:01+05:30,16.75,16.76,16.75,16.75,
2015-11-10T10:44:01+05:30,16.75,16.76,16.74,16.74,
2015-11-10T10:45:00+05:30,16.74,16.76,16.74,16.76,
2015-11-10T10:46:00+05:30,16.76,16.77,16.74,16.74,
2015-11-10T10:47:00+05:30,16.74,16.74,16.72,16.72,
2015-11-10T10:48:00+05:30,16.72,16.73,16.72,16.73,
2015-11-10T10:49:00+05:30,16.72,16.73,16.7,16.7,
2015-11-10T10:50:00+05:30,16.7,16.7,16.68,16.7,
2015-11-10T10:51:00+05:30,16.69,16.71,16.69,16.7,
2015-11-10T10:52:00+05:30,16.7,16.72,16.7,16.72,
2015-11-10T10:53:00+05:30,16.73,16.73,16.68,16.68,
2015-11-10T10:54:01+05:30,16.69,16.7,16.67,16.67,
2015-11-10T10:55:01+05:30,16.67,16.68,16.65,16.67,
2015-11-10T10:56:01+05:30,16.67,16.75,16.66,16.74,
2015-11-10T10:57:01+05:30,16.74,16.74,16.68,16.68,
2015-11-10T10:58:01+05:30,16.68,16.7,16.67,16.68,
2015-11-10T10:59:01+05:30,16.68,16.7,16.67,16.69,
2015-11-10T11:00:01+05:30,16.69,16.69,16.67,16.68,
2015-11-10T11:01:01+05:30,16.68,16.68,16.66,16.66,
2015-11-10T11:02:01+05:30,16.67,16.67,16.65,16.67,
2015-11-10T11:03:00+05:30,16.67,16.67,16.65,16.66,
2015-11-10T11:04:00+05:30,16.66,16.7,16.65,16.7,
2015-11-10T11:05:00+05:30,16.7,16.7,16.65,16.65,
2015-11-10T11:06:00+05:30,16.65,16.65,16.63,16.63,
2015-11-10T11:07:00+05:30,16.63,16.63,16.61,16.61,
2015-11-10T11:08:00+05:30,16.61,16.64,16.61,16.62,
2015-11-10T11:09:00+05:30,16.62,16.63,16.61,16.61,
2015-11-10T11:10:00+05:30,16.62,16.63,16.6,16.6,
2015-11-10T11:11:01+05:30,16.6,16.61,16.59,16.59,
2015-11-10T11:12:00+05:30,16.59,16.62,16.59,16.62,
2015-11-10T11:13:00+05:30,16.62,16.63,16.6,16.63,
2015-11-10T11:14:01+05:30,16.63,16.63,16.62,16.63,
2015-11-10T11:15:00+05:30,16.63,16.64,16.62,16.64,
2015-11-10T11:16:00+05:30,16.64,16.64,16.63,16.63,
2015-11-10T11:17:01+05:30,16.63,16.65,16.63,16.63,
2015-11-10T11:18:01+05:30,16.63,16.64,16.62,16.64,
2015-11-10T11:19:00+05:30,16.64,16.64,16.62,16.63,
2015-11-10T11:20:00+05:30,16.63,16.63,16.59,16.6,
2015-11-10T11:21:01+05:30,16.6,16.6,16.58,16.59,
2015-11-10T11:22:01+05:30,16.6,16.62,16.59,16.61,
2015-11-10T11:23:01+05:30,16.61,16.63,16.6,16.63,
2015-11-10T11:24:00+05:30,16.63,16.64,16.6,16.61,
2015-11-10T11:25:00+05:30,16.61,16.62,16.59,16.59,
2015-11-10T11:26:00+05:30,16.59,16.59,16.54,16.56,
2015-11-10T11:27:00+05:30,16.58,16.59,16.58,16.58,
2015-11-10T11:28:00+05:30,16.58,16.59,16.57,16.59,
2015-11-10T11:29:00+05:30,16.58,16.61,16.57,16.6,
2015-11-10T11:30:00+05:30,16.6,16.61,16.59,16.61,
2015-11-10T11:31:00+05:30,16.61,16.61,16.6,16.6,
2015-11-10T11:32:00+05:30,16.6,16.63,16.6,16.62,
2015-11-10T11:33:00+05:30,16.62,16.63,16.59,16.6,
2015-11-10T11:34:01+05:30,16.59,16.62,16.59,16.61,
2015-11-10T11:35:01+05:30,16.61,16.63,16.61,16.62,
2015-11-10T11:36:01+05:30,16.62,16.63,16.61,16.61,
2015-11-10T11:37:00+05:30,16.61,16.63,16.6,16.6,
2015-11-10T11:38:00+05:30,16.61,16.62,16.6,16.6,
2015-11-10T11:39:00+05:30,16.6,16.61,16.57,16.57,
2015-11-10T11:40:00+05:30,16.58,16.59,16.56,16.58,
2015-11-10T11:41:00+05:30,16.58,16.59,16.58,16.59,
2015-11-10T11:42:00+05:30,16.59,16.59,16.57,16.57,
2015-11-10T11:43:00+05:30,16.57,16.58,16.54,16.56,
2015-11-10T11:44:01+05:30,16.56,16.56,16.55,16.56,
2015-11-10T11:45:01+05:30,16.55,16.56,16.54,16.54,
2015-11-10T11:46:01+05:30,16.55,16.57,16.53,16.56,
2015-11-10T11:47:00+05:30,16.56,16.59,16.55,16.59,
2015-11-10T11:48:00+05:30,16.59,16.59,16.58,16.58,
2015-11-10T11:49:00+05:30,16.58,16.58,16.55,16.57,
2015-11-10T11:50:00+05:30,16.56,16.57,16.54,16.57,
2015-11-10T11:51:00+05:30,16.56,16.57,16.55,16.56,
2015-11-10T11:52:01+05:30,16.56,16.58,16.56,16.56,
2015-11-10T11:53:01+05:30,16.56,16.59,16.56,16.58,
2015-11-10T11:54:01+05:30,16.58,16.58,16.57,16.57,
2015-11-10T11:55:01+05:30,16.57,16.57,16.55,16.55,
2015-11-10T11:56:01+05:30,16.54,16.57,16.54,16.56,
2015-11-10T11:57:01+05:30,16.55,16.57,16.55,16.57,
2015-11-10T11:58:01+05:30,16.57,16.73,16.56,16.73,
2015-11-10T11:59:01+05:30,16.74,16.74,16.56,16.57,
2015-11-10T12:00:00+05:30,16.58,16.61,16.57,16.59,
2015-11-10T12:01:01+05:30,16.59,16.6,16.56,16.57,
2015-11-10T12:02:00+05:30,16.57,16.58,16.56,16.56,
2015-11-10T12:03:00+05:30,16.56,16.58,16.55,16.57,
2015-11-10T12:04:00+05:30,16.57,16.57,16.55,16.56,
2015-11-10T12:05:00+05:30,16.55,16.57,16.53,16.54,
2015-11-10T12:06:00+05:30,16.54,16.56,16.54,16.56,
2015-11-10T12:07:00+05:30,16.56,16.57,16.55,16.56,
2015-11-10T12:08:00+05:30,16.57,16.6,16.55,16.59,
2015-11-10T12:09:00+05:30,16.6,16.63,16.59,16.59,
2015-11-10T12:10:00+05:30,16.6,16.62,16.59,16.61,
2015-11-10T12:11:00+05:30,16.61,16.61,16.56,16.58,
2015-11-10T12:12:00+05:30,16.57,16.59,16.56,16.59,
2015-11-10T12:13:00+05:30,16.59,16.6,16.55,16.55,
2015-11-10T12:14:00+05:30,16.55,16.57,16.55,16.57,
2015-11-10T12:15:01+05:30,16.57,16.57,16.55,16.56,
2015-11-10T12:16:01+05:30,16.55,16.57,16.55,16.57,
2015-11-10T12:17:01+05:30,16.57,16.59,16.56,16.57,
2015-11-10T12:18:01+05:30,16.57,16.57,16.55,16.57,
2015-11-10T12:19:01+05:30,16.57,16.61,16.56,16.6,
2015-11-10T12:20:01+05:30,16.6,16.61,16.59,16.6,
2015-11-10T12:21:01+05:30,16.6,16.6,16.59,16.59,
2015-11-10T12:22:00+05:30,16.59,16.59,16.58,16.59,
2015-11-10T12:23:00+05:30,16.58,16.6,16.58,16.59,
2015-11-10T12:24:00+05:30,16.59,16.59,16.56,16.56,
2015-11-10T12:25:00+05:30,16.57,16.57,16.54,16.55,
2015-11-10T12:26:00+05:30,16.55,16.61,16.55,16.6,
2015-11-10T12:27:00+05:30,16.6,16.61,16.56,16.59,
2015-11-10T12:28:00+05:30,16.59,16.61,16.58,16.59,
2015-11-10T12:29:01+05:30,16.59,16.61,16.57,16.61,
2015-11-10T12:30:00+05:30,16.61,16.66,16.61,16.65,
2015-11-10T12:31:01+05:30,16.64,16.66,16.64,16.66,
2015-11-10T12:32:01+05:30,16.67,16.76,16.65,16.75,
2015-11-10T12:33:00+05:30,16.76,16.76,16.67,16.71,
2015-11-10T12:34:00+05:30,16.7,16.73,16.7,16.71,
2015-11-10T12:35:00+05:30,16.71,16.71,16.69,16.71,
2015-11-10T12:36:01+05:30,16.71,16.71,16.68,16.7,
2015-11-10T12:37:01+05:30,16.7,16.75,16.7,16.74,
2015-11-10T12:38:01+05:30,16.74,16.76,16.72,16.73,
2015-11-10T12:39:01+05:30,16.73,16.78,16.73,16.78,
2015-11-10T12:40:00+05:30,16.78,16.81,16.76,16.78,
2015-11-10T12:41:00+05:30,16.78,16.78,16.72,16.73,
2015-11-10T12:42:00+05:30,16.72,16.73,16.71,16.71,
2015-11-10T12:43:00+05:30,16.72,16.73,16.71,16.72,
2015-11-10T12:44:00+05:30,16.72,16.77,16.7,16.71,
2015-11-10T12:45:01+05:30,16.7,16.71,16.68,16.7,
2015-11-10T12:46:01+05:30,16.71,16.72,16.68,16.69,
2015-11-10T12:47:01+05:30,16.69,16.72,16.67,16.68,
2015-11-10T12:48:01+05:30,16.68,16.71,16.64,16.64,
2015-11-10T12:49:01+05:30,16.64,16.66,16.62,16.62,
2015-11-10T12:50:01+05:30,16.62,16.67,16.62,16.66,
2015-11-10T12:51:01+05:30,16.67,16.67,16.63,16.64,
2015-11-10T12:52:01+05:30,16.64,16.66,16.62,16.62,
2015-11-10T12:53:01+05:30,16.62,16.66,16.62,16.65,
2015-11-10T12:54:01+05:30,16.65,16.65,16.63,16.65,
2015-11-10T12:55:01+05:30,16.64,16.65,16.63,16.64,
2015-11-10T12:56:00+05:30,16.64,16.66,16.64,16.66,
2015-11-10T12:57:00+05:30,16.66,16.67,16.66,16.67,
2015-11-10T12:58:00+05:30,16.67,16.67,16.63,16.64,
2015-11-10T12:59:00+05:30,16.63,16.65,16.62,16.63,
2015-11-10T13:00:00+05:30,16.63,16.63,16.6,16.61,
2015-11-10T13:01:00+05:30,16.61,16.66,16.61,16.61,
2015-11-10T13:02:00+05:30,16.61,16.61,16.58,16.6,
2015-11-10T13:03:00+05:30,16.6,16.61,16.59,16.59,
2015-11-10T13:04:00+05:30,16.59,16.61,16.58,16.6,
2015-11-10T13:05:00+05:30,16.59,16.59,16.53,16.54,
2015-11-10T13:06:00+05:30,16.54,16.56,16.53,16.56,
2015-11-10T13:07:00+05:30,16.56,16.57,16.55,16.57,
2015-11-10T13:08:00+05:30,16.56,16.6,16.56,16.58,
2015-11-10T13:09:00+05:30,16.58,16.61,16.58,16.6,
2015-11-10T13:10:00+05:30,16.6,16.62,16.59,16.62,
2015-11-10T13:11:00+05:30,16.62,16.63,16.61,16.63,
2015-11-10T13:12:00+05:30,16.63,16.65,16.61,16.61,
2015-11-10T13:13:00+05:30,16.6,16.64,16.6,16.64,
2015-11-10T13:14:01+05:30,16.64,16.64,16.61,16.63,
2015-11-10T13:15:01+05:30,16.63,16.65,16.63,16.65,
2015-11-10T13:16:00+05:30,16.65,16.66,16.64,16.64,
2015-11-10T13:17:00+05:30,16.64,16.65,16.63,16.63,
2015-11-10T13:18:00+05:30,16.63,16.64,16.61,16.62,
2015-11-10T13:19:00+05:30,16.62,16.63,16.61,16.62,
2015-11-10T13:20:00+05:30,16.62,16.62,16.59,16.6,
2015-11-10T13:21:00+05:30,16.6,16.61,16.57,16.59,
2015-11-10T13:22:00+05:30,16.59,16.62,16.59,16.61,
2015-11-10T13:23:00+05:30,16.61,16.64,16.61,16.64,
2015-11-10T13:24:00+05:30,16.64,16.64,16.6,16.62,
2015-11-10T13:25:00+05:30,16.62,16.62,16.6,16.6,
2015-11-10T13:26:00+05:30,16.6,16.63,16.59,16.62,
2015-11-10T13:27:00+05:30,16.61,16.61,16.58,16.59,
2015-11-10T13:28:00+05:30,16.59,16.63,16.58,16.63,
2015-11-10T13:29:00+05:30,16.63,16.67,16.62,16.67,
2015-11-10T13:30:00+05:30,16.67,16.71,16.64,16.71,
2015-11-10T13:31:01+05:30,16.7,16.71,16.67,16.69,
2015-11-10T13:32:00+05:30,16.7,16.7,16.65,16.66,
2015-11-10T13:33:00+05:30,16.66,16.68,16.64,16.64,
2015-11-10T13:34:00+05:30,16.64,16.69,16.63,16.69,
2015-11-10T13:35:00+05:30,16.69,16.7,16.68,16.7,
2015-11-10T13:36:00+05:30,16.69,16.69,16.6,16.61,
2015-11-10T13:37:00+05:30,16.6,16.61,16.58,16.58,
2015-11-10T13:38:01+05:30,16.58,16.59,16.54,16.57,
2015-11-10T13:39:01+05:30,16.57,16.6,16.56,16.58,
2015-11-10T13:40:01+05:30,16.58,16.59,16.54,16.55,
2015-11-10T13:41:01+05:30,16.55,16.55,16.53,16.55,
2015-11-10T13:42:01+05:30,16.55,16.58,16.55,16.55,
2015-11-10T13:43:01+05:30,16.56,16.62,16.56,16.6,
2015-11-10T13:44:01+05:30,16.6,16.62,16.59,16.6,
2015-11-10T13:45:01+05:30,16.6,16.61,16.57,16.58,
2015-11-10T13:46:01+05:30,16.59,16.63,16.57,16.6,
2015-11-10T13:47:01+05:30,16.6,16.66,16.59,16.64,
2015-11-10T13:48:01+05:30,16.65,16.65,16.61,16.63,
2015-11-10T13:49:00+05:30,16.65,16.65,16.62,16.62,
2015-11-10T13:50:00+05:30,16.61,16.65,16.59,16.61,
2015-11-10T13:51:00+05:30,16.61,16.65,16.6,16.63,
2015-11-10T13:52:00+05:30,16.62,16.64,16.6,16.6,
2015-11-10T13:53:00+05:30,16.6,16.6,16.58,16.58,
2015-11-10T13:54:00+05:30,16.59,16.59,16.55,16.55,
2015-11-10T13:55:00+05:30,16.55,16.55,16.5,16.52,
2015-11-10T13:56:00+05:30,16.52,16.53,16.46,16.46,
2015-11-10T13:57:00+05:30,16.46,16.5,16.45,16.49,
2015-11-10T13:58:00+05:30,16.49,16.5,16.47,16.48,
2015-11-10T13:59:01+05:30,16.48,16.5,16.42,16.43,
2015-11-10T14:00:00+05:30,16.43,16.43,16.41,16.42,
2015-11-10T14:01:00+05:30,16.42,16.43,16.4,16.41,
2015-11-10T14:02:00+05:30,16.41,16.44,16.38,16.39,
2015-11-10T14:03:00+05:30,16.39,16.42,16.39,16.41,
2015-11-10T14:04:00+05:30,16.4,16.45,16.4,16.45,
2015-11-10T14:05:00+05:30,16.46,16.5,16.46,16.49,
2015-11-10T14:06:00+05:30,16.49,16.51,16.47,16.47,
2015-11-10T14:07:00+05:30,16.48,16.48,16.43,16.43,
2015-11-10T14:08:00+05:30,16.43,16.44,16.39,16.4,
2015-11-10T14:09:01+05:30,16.4,16.41,16.39,16.4,
2015-11-10T14:10:00+05:30,16.4,16.46,16.4,16.46,
2015-11-10T14:11:00+05:30,16.46,16.46,16.39,16.39,
2015-11-10T14:12:00+05:30,16.39,16.44,16.39,16.42,
2015-11-10T14:13:00+05:30,16.42,16.44,16.4,16.42,
2015-11-10T14:14:00+05:30,16.42,16.45,16.41,16.43,
2015-11-10T14:15:00+05:30,16.43,16.45,16.42,16.44,
2015-11-10T14:16:00+05:30,16.44,16.47,16.44,16.47,
2015-11-10T14:17:00+05:30,16.47,16.48,16.45,16.46,
2015-11-10T14:18:00+05:30,16.46,16.47,16.46,16.46,
2015-11-10T14:19:00+05:30,16.46,16.5,16.44,16.48,
2015-11-10T14:20:00+05:30,16.48,16.51,16.47,16.49,
2015-11-10T14:21:01+05:30,16.49,16.5,16.48,16.49,
2015-11-10T14:22:01+05:30,16.49,16.49,16.43,16.43,
2015-11-10T14:23:01+05:30,16.44,16.46,16.42,16.46,
2015-11-10T14:24:00+05:30,16.45,16.48,16.45,16.45,
2015-11-10T14:25:00+05:30,16.44,16.47,16.43,16.45,
2015-11-10T14:26:00+05:30,16.45,16.5,16.45,16.49,
2015-11-10T14:27:00+05:30,16.49,16.5,16.46,16.46,
2015-11-10T14:28:00+05:30,16.46,16.49,16.45,16.47,
2015-11-10T14:29:00+05:30,16.47,16.49,16.47,16.48,
2015-11-10T14:30:01+05:30,16.48,16.49,16.45,16.49,
2015-11-10T14:31:01+05:30,16.5,16.54,16.47,16.53,
2015-11-10T14:32:01+05:30,16.53,16.53,16.48,16.5,
2015-11-10T14:33:00+05:30,16.5,16.53,16.5,16.53,
2015-11-10T14:34:00+05:30,16.53,16.54,16.5,16.54,
2015-11-10T14:35:00+05:30,16.54,16.58,16.54,16.55,
2015-11-10T14:36:00+05:30,16.56,16.59,16.54,16.58,
2015-11-10T14:37:00+05:30,16.58,16.6,16.58,16.58,
2015-11-10T14:38:01+05:30,16.57,16.58,16.55,16.57,
2015-11-10T14:39:01+05:30,16.57,16.58,16.53,16.55,
2015-11-10T14:40:01+05:30,16.55,16.69,16.55,16.68,
2015-11-10T14:41:00+05:30,16.69,16.78,16.65,16.65,
2015-11-10T14:42:00+05:30,16.65,16.68,16.65,16.68,
2015-11-10T14:43:00+05:30,16.67,16.72,16.67,16.7,
2015-11-10T14:44:00+05:30,16.7,16.73,16.69,16.7,
2015-11-10T14:45:00+05:30,16.7,16.74,16.67,16.67,
2015-11-10T14:46:01+05:30,16.68,16.74,16.66,16.69,
2015-11-10T14:47:01+05:30,16.7,16.73,16.67,16.7,
2015-11-10T14:48:01+05:30,16.69,16.73,16.69,16.72,
2015-11-10T14:49:01+05:30,16.72,16.74,16.69,16.73,
2015-11-10T14:50:01+05:30,16.72,16.74,16.71,16.71,
2015-11-10T14:51:00+05:30,16.7,16.74,16.66,16.66,
2015-11-10T14:52:00+05:30,16.66,16.71,16.65,16.71,
2015-11-10T14:53:00+05:30,16.71,16.73,16.69,16.72,
2015-11-10T14:54:00+05:30,16.71,16.76,16.71,16.72,
2015-11-10T14:55:00+05:30,16.72,16.73,16.7,16.7,
2015-11-10T14:56:00+05:30,16.7,16.74,16.7,16.72,
2015-11-10T14:57:00+05:30,16.71,16.75,16.71,16.74,
2015-11-10T14:58:00+05:30,16.74,16.74,16.7,16.72,
2015-11-10T14:59:00+05:30,16.72,16.77,16.72,16.73,
2015-11-10T15:00:00+05:30,16.72,16.8,16.72,16.75,
2015-11-10T15:01:01+05:30,16.75,16.76,16.7,16.7,
2015-11-10T15:02:00+05:30,16.71,16.77,16.71,16.77,
2015-11-10T15:03:00+05:30,16.78,16.84,16.77,16.81,
2015-11-10T15:04:00+05:30,16.8,16.83,16.77,16.8,
2015-11-10T15:05:00+05:30,16.8,16.81,16.76,16.81,
2015-11-10T15:06:00+05:30,16.81,16.85,16.79,16.85,
2015-11-10T15:07:01+05:30,16.85,16.86,16.84,16.86,
2015-11-10T15:08:01+05:30,16.87,16.89,16.85,16.86,
2015-11-10T15:09:01+05:30,16.85,16.9,16.83,16.87,
2015-11-10T15:10:01+05:30,16.87,16.88,16.86,16.87,
2015-11-10T15:11:00+05:30,16.88,17.03,16.85,17.03,
2015-11-10T15:12:00+05:30,17.04,17.04,16.79,16.81,
2015-11-10T15:13:00+05:30,16.82,16.83,16.79,16.82,
2015-11-10T15:14:00+05:30,16.83,16.83,16.78,16.78,
2015-11-10T15:15:00+05:30,16.79,16.81,16.76,16.81,
2015-11-10T15:16:00+05:30,16.81,16.82,16.81,16.81,
2015-11-10T15:17:01+05:30,16.81,16.85,16.8,16.8,
2015-11-10T15:18:01+05:30,16.8,16.81,16.79,16.79,
2015-11-10T15:19:01+05:30,16.79,16.81,16.77,16.81,
2015-11-10T15:20:01+05:30,16.79,16.82,16.79,16.81,
2015-11-10T15:21:01+05:30,16.79,16.83,16.79,16.81,
2015-11-10T15:22:00+05:30,16.81,16.89,16.81,16.87,
2015-11-10T15:23:00+05:30,16.86,16.9,16.86,16.9,
2015-11-10T15:24:00+05:30,16.9,16.9,16.87,16.9,
2015-11-10T15:25:00+05:30,16.9,16.9,16.83,16.85,
2015-11-10T15:26:00+05:30,16.84,16.85,16.83,16.84,
2015-11-10T15:27:00+05:30,16.84,16.86,16.83,16.86,
2015-11-10T15:28:00+05:30,16.86,16.89,16.86,16.89,
2015-11-10T15:29:00+05:30,16.89,16.96,16.89,16.94,
2015-11-11T17:45:01+05:30,16.83,16.83,15.19,16.19,
2015-11-11T17:46:01+05:30,16.18,16.56,16.15,16.51,
2015-11-11T17:47:01+05:30,16.52,16.61,16.48,16.59,
2015-11-11T17:48:01+05:30,16.59,16.59,16.51,16.53,
2015-11-11T17:49:01+05:30,16.51,16.8,16.47,16.73,
2015-11-11T17:50:01+05:30,16.74,16.76,16.71,16.76,
2015-11-11T17:51:00+05:30,16.77,16.82,16.74,16.79,
2015-11-11T17:52:00+05:30,16.79,16.82,16.78,16.8,
2015-11-11T17:53:00+05:30,16.8,16.81,16.78,16.79,
2015-11-11T17:54:00+05:30,16.79,16.79,16.71,16.75,
2015-11-11T17:55:00+05:30,16.74,16.75,16.71,16.71,
2015-11-11T17:56:00+05:30,16.71,16.74,16.7,16.71,
2015-11-11T17:57:00+05:30,16.72,16.76,16.71,16.76,
2015-11-11T17:58:00+05:30,16.76,16.77,16.74,16.75,
2015-11-11T17:59:00+05:30,16.76,16.78,16.74,16.75,
2015-11-11T18:00:00+05:30,16.75,16.76,16.73,16.76,
2015-11-11T18:01:01+05:30,16.76,16.8,16.74,16.8,
2015-11-11T18:02:00+05:30,16.79,16.82,16.77,16.82,
2015-11-11T18:03:00+05:30,16.81,16.86,16.8,16.85,
2015-11-11T18:04:00+05:30,16.85,16.87,16.84,16.86,
2015-11-11T18:05:00+05:30,16.87,16.89,16.86,16.86,
2015-11-11T18:06:01+05:30,16.86,16.89,16.86,16.88,
2015-11-11T18:07:01+05:30,16.88,16.9,16.88,16.88,
2015-11-11T18:08:01+05:30,16.88,16.88,16.86,16.86,
2015-11-11T18:09:01+05:30,16.86,16.88,16.85,16.88,
2015-11-11T18:10:01+05:30,16.88,16.91,16.87,16.91,
2015-11-11T18:11:01+05:30,16.89,16.91,16.88,16.88,
2015-11-11T18:12:01+05:30,16.88,16.89,16.84,16.84,
2015-11-11T18:13:00+05:30,16.84,16.86,16.82,16.82,
2015-11-11T18:14:01+05:30,16.83,16.86,16.82,16.85,
2015-11-11T18:15:01+05:30,16.85,16.87,16.85,16.87,
2015-11-11T18:16:00+05:30,16.87,16.89,16.87,16.88,
2015-11-11T18:17:00+05:30,16.88,16.9,16.88,16.89,
2015-11-11T18:18:00+05:30,16.9,16.92,16.9,16.91,
2015-11-11T18:19:00+05:30,16.91,16.93,16.9,16.92,
2015-11-11T18:20:00+05:30,16.91,16.92,16.9,16.91,
2015-11-11T18:21:00+05:30,16.91,16.92,16.9,16.91,
2015-11-11T18:22:00+05:30,16.91,16.93,16.9,16.93,
2015-11-11T18:23:00+05:30,16.93,16.95,16.92,16.95,
2015-11-11T18:24:00+05:30,16.95,16.95,16.91,16.93,
2015-11-11T18:25:00+05:30,16.93,16.94,16.92,16.92,
2015-11-11T18:26:00+05:30,16.92,16.93,16.91,16.91,
2015-11-11T18:27:00+05:30,16.91,16.92,16.9,16.91,
2015-11-11T18:28:00+05:30,16.92,16.93,16.91,16.92,
2015-11-11T18:29:00+05:30,16.92,16.93,16.91,16.92,
2015-11-11T18:30:01+05:30,16.92,16.93,16.91,16.91,
2015-11-11T18:31:01+05:30,16.91,16.93,16.89,16.9,
2015-11-11T18:32:00+05:30,16.9,16.91,16.89,16.9,
2015-11-11T18:33:00+05:30,16.9,16.92,16.89,16.91,
2015-11-11T18:34:00+05:30,16.91,16.94,16.91,16.92,
2015-11-11T18:35:00+05:30,16.92,16.94,16.92,16.93,
2015-11-11T18:36:00+05:30,16.93,16.94,16.88,16.88,
2015-11-11T18:37:00+05:30,16.89,16.9,16.88,16.88,
2015-11-11T18:38:00+05:30,16.88,16.91,16.88,16.91,
2015-11-11T18:39:00+05:30,16.91,16.92,16.89,16.89,
2015-11-11T18:40:00+05:30,16.9,16.9,16.88,16.89,
2015-11-11T18:41:00+05:30,16.9,16.92,16.88,16.91,
2015-11-11T18:42:00+05:30,16.91,16.92,16.84,16.85,
2015-11-11T18:43:00+05:30,16.85,16.89,16.84,16.88,
2015-11-11T18:44:01+05:30,16.88,16.91,16.84,16.85,
2015-11-13T09:15:02+05:30,16.91,16.91,15.8,16.6,
2015-11-13T09:16:00+05:30,16.59,16.69,16.59,16.63,
2015-11-13T09:17:01+05:30,16.62,16.8,16.62,16.77,
2015-11-13T09:18:01+05:30,16.75,17.14,16.67,17.14,
2015-11-13T09:19:00+05:30,17.14,17.18,17.14,17.18,
2015-11-13T09:20:01+05:30,17.17,17.22,17.09,17.18,
2015-11-13T09:21:00+05:30,17.16,17.24,17.11,17.24,
2015-11-13T09:22:00+05:30,17.24,17.34,17.24,17.31,
2015-11-13T09:23:00+05:30,17.31,17.32,17.25,17.25,
2015-11-13T09:24:00+05:30,17.24,17.43,17.24,17.4,
2015-11-13T09:25:00+05:30,17.41,17.42,17.39,17.41,
2015-11-13T09:26:00+05:30,17.41,17.44,17.4,17.41,
2015-11-13T09:27:00+05:30,17.4,17.41,17.29,17.32,
2015-11-13T09:28:00+05:30,17.31,17.32,17.3,17.31,
2015-11-13T09:29:00+05:30,17.32,17.42,17.32,17.37,
2015-11-13T09:30:00+05:30,17.37,17.38,17.35,17.36,
2015-11-13T09:31:01+05:30,17.35,17.35,17.31,17.31,
2015-11-13T09:32:01+05:30,17.31,17.35,17.31,17.33,
2015-11-13T09:33:01+05:30,17.33,17.36,17.33,17.34,
2015-11-13T09:34:01+05:30,17.35,17.35,17.33,17.33,
2015-11-13T09:35:00+05:30,17.33,17.34,17.32,17.33,
2015-11-13T09:36:00+05:30,17.33,17.35,17.32,17.35,
2015-11-13T09:37:01+05:30,17.35,17.35,17.31,17.31,
2015-11-13T09:38:01+05:30,17.31,17.36,17.31,17.33,
2015-11-13T09:39:00+05:30,17.33,17.34,17.32,17.33,
2015-11-13T09:40:00+05:30,17.32,17.33,17.29,17.33,
2015-11-13T09:41:00+05:30,17.34,17.34,17.28,17.32,
2015-11-13T09:42:00+05:30,17.32,17.38,17.32,17.35,
2015-11-13T09:43:00+05:30,17.34,17.38,17.34,17.37,
2015-11-13T09:44:00+05:30,17.37,17.39,17.36,17.37,
2015-11-13T09:45:00+05:30,17.37,17.37,17.32,17.32,
2015-11-13T09:46:00+05:30,17.32,17.35,17.28,17.29,
2015-11-13T09:47:00+05:30,17.28,17.33,17.28,17.32,
2015-11-13T09:48:00+05:30,17.33,17.33,17.3,17.31,
2015-11-13T09:49:00+05:30,17.31,17.31,17.26,17.27,
2015-11-13T09:50:00+05:30,17.26,17.28,17.22,17.22,
2015-11-13T09:51:00+05:30,17.21,17.29,17.21,17.29,
2015-11-13T09:52:00+05:30,17.3,17.32,17.25,17.26,
2015-11-13T09:53:00+05:30,17.26,17.28,17.25,17.27,
2015-11-13T09:54:00+05:30,17.27,17.28,17.24,17.25,
2015-11-13T09:55:00+05:30,17.25,17.27,17.25,17.26,
2015-11-13T09:56:00+05:30,17.26,17.3,17.25,17.28,
2015-11-13T09:57:00+05:30,17.29,17.36,17.23,17.28,
2015-11-13T09:58:00+05:30,17.28,17.29,17.26,17.28,
2015-11-13T09:59:00+05:30,17.28,17.29,17.26,17.28,
2015-11-13T10:00:00+05:30,17.28,17.32,17.28,17.32,
2015-11-13T10:01:00+05:30,17.31,17.33,17.29,17.29,
2015-11-13T10:02:00+05:30,17.29,17.32,17.28,17.31,
2015-11-13T10:03:00+05:30,17.31,17.33,17.3,17.33,
2015-11-13T10:04:00+05:30,17.33,17.33,17.3,17.3,
2015-11-13T10:05:00+05:30,17.3,17.31,17.29,17.31,
2015-11-13T10:06:00+05:30,17.3,17.31,17.3,17.31,
2015-11-13T10:07:00+05:30,17.3,17.37,17.3,17.35,
2015-11-13T10:08:00+05:30,17.35,17.36,17.32,17.33,
2015-11-13T10:09:00+05:30,17.33,17.33,17.28,17.29,
2015-11-13T10:10:01+05:30,17.3,17.3,17.21,17.24,
2015-11-13T10:11:01+05:30,17.25,17.28,17.25,17.25,
2015-11-13T10:12:00+05:30,17.25,17.27,17.24,17.27,
2015-11-13T10:13:00+05:30,17.27,17.28,17.27,17.28,
2015-11-13T10:14:00+05:30,17.28,17.29,17.27,17.28,
2015-11-13T10:15:00+05:30,17.28,17.29,17.27,17.28,
2015-11-13T10:16:01+05:30,17.28,17.28,17.24,17.25,
2015-11-13T10:17:01+05:30,17.25,17.25,17.18,17.19,
2015-11-13T10:18:01+05:30,17.19,17.23,17.18,17.22,
2015-11-13T10:19:00+05:30,17.22,17.24,17.22,17.24,
2015-11-13T10:20:00+05:30,17.23,17.24,17.23,17.24,
2015-11-13T10:21:00+05:30,17.24,17.26,17.22,17.24,
2015-11-13T10:22:00+05:30,17.25,17.28,17.25,17.28,
2015-11-13T10:23:00+05:30,17.28,17.28,17.25,17.25,
2015-11-13T10:24:00+05:30,17.26,17.26,17.25,17.25,
2015-11-13T10:25:00+05:30,17.24,17.25,17.22,17.22,
2015-11-13T10:26:00+05:30,17.22,17.23,17.22,17.23,
2015-11-13T10:27:00+05:30,17.23,17.25,17.19,17.24,
2015-11-13T10:28:00+05:30,17.24,17.25,17.22,17.23,
2015-11-13T10:29:01+05:30,17.23,17.25,17.22,17.22,
2015-11-13T10:30:00+05:30,17.21,17.24,17.21,17.22,
2015-11-13T10:31:00+05:30,17.22,17.23,17.2,17.22,
2015-11-13T10:32:00+05:30,17.22,17.26,17.21,17.26,
2015-11-13T10:33:00+05:30,17.26,17.26,17.23,17.25,
2015-11-13T10:34:00+05:30,17.25,17.26,17.24,17.24,
2015-11-13T10:35:00+05:30,17.24,17.26,17.23,17.24,
2015-11-13T10:36:00+05:30,17.25,17.27,17.23,17.25,
2015-11-13T10:37:00+05:30,17.25,17.27,17.24,17.26,
2015-11-13T10:38:00+05:30,17.26,17.3,17.26,17.29,
2015-11-13T10:39:00+05:30,17.29,17.3,17.28,17.29,
2015-11-13T10:40:00+05:30,17.29,17.3,17.28,17.29,
2015-11-13T10:41:00+05:30,17.29,17.31,17.29,17.31,
2015-11-13T10:42:00+05:30,17.3,17.32,17.3,17.3,
2015-11-13T10:43:00+05:30,17.3,17.31,17.29,17.29,
2015-11-13T10:44:00+05:30,17.3,17.34,17.29,17.34,
2015-11-13T10:45:00+05:30,17.34,17.36,17.33,17.36,
2015-11-13T10:46:00+05:30,17.36,17.37,17.32,17.33,
2015-11-13T10:47:00+05:30,17.33,17.34,17.32,17.33,
2015-11-13T10:48:00+05:30,17.33,17.34,17.28,17.28,
2015-11-13T10:49:01+05:30,17.28,17.29,17.27,17.29,
2015-11-13T10:50:01+05:30,17.29,17.29,17.28,17.28,
2015-11-13T10:51:01+05:30,17.29,17.3,17.27,17.27,
2015-11-13T10:52:00+05:30,17.27,17.29,17.26,17.28,
2015-11-13T10:53:00+05:30,17.28,17.31,17.27,17.31,
2015-11-13T10:54:00+05:30,17.31,17.34,17.3,17.33,
2015-11-13T10:55:00+05:30,17.31,17.32,17.31,17.32,
2015-11-13T10:56:00+05:30,17.31,17.31,17.29,17.31,
2015-11-13T10:57:00+05:30,17.31,17.35,17.3,17.35,
2015-11-13T10:58:01+05:30,17.34,17.34,17.3,17.32,
2015-11-13T10:59:01+05:30,17.31,17.33,17.3,17.32,
2015-11-13T11:00:00+05:30,17.32,17.33,17.31,17.32,
2015-11-13T11:01:01+05:30,17.32,17.33,17.3,17.33,
2015-11-13T11:02:00+05:30,17.33,17.33,17.32,17.32,
2015-11-13T11:03:00+05:30,17.32,17.37,17.31,17.37,
2015-11-13T11:04:00+05:30,17.37,17.38,17.35,17.38,
2015-11-13T11:05:00+05:30,17.37,17.39,17.37,17.38,
2015-11-13T11:06:00+05:30,17.38,17.38,17.36,17.36,
2015-11-13T11:07:00+05:30,17.36,17.37,17.33,17.33,
2015-11-13T11:08:00+05:30,17.34,17.39,17.33,17.39,
2015-11-13T11:09:00+05:30,17.39,17.42,17.39,17.4,
2015-11-13T11:10:00+05:30,17.4,17.42,17.39,17.4,
2015-11-13T11:11:00+05:30,17.4,17.41,17.39,17.4,
2015-11-13T11:12:00+05:30,17.39,17.42,17.38,17.4,
2015-11-13T11:13:00+05:30,17.39,17.39,17.37,17.37,
2015-11-13T11:14:00+05:30,17.37,17.39,17.37,17.39,
2015-11-13T11:15:00+05:30,17.39,17.39,17.36,17.36,
2015-11-13T11:16:00+05:30,17.35,17.37,17.35,17.36,
2015-11-13T11:17:00+05:30,17.36,17.39,17.36,17.39,
2015-11-13T11:18:00+05:30,17.39,17.39,17.37,17.37,
2015-11-13T11:19:00+05:30,17.37,17.41,17.37,17.41,
2015-11-13T11:20:00+05:30,17.4,17.41,17.37,17.37,
2015-11-13T11:21:00+05:30,17.37,17.4,17.37,17.4,
2015-11-13T11:22:00+05:30,17.38,17.39,17.37,17.38,
2015-11-13T11:23:00+05:30,17.38,17.41,17.38,17.4,
2015-11-13T11:24:00+05:30,17.4,17.41,17.4,17.41,
2015-11-13T11:25:00+05:30,17.41,17.47,17.41,17.45,
2015-11-13T11:26:00+05:30,17.46,17.53,17.46,17.52,
2015-11-13T11:27:00+05:30,17.52,17.53,17.5,17.52,
2015-11-13T11:28:00+05:30,17.53,17.56,17.52,17.55,
2015-11-13T11:29:00+05:30,17.55,17.56,17.54,17.55,
2015-11-13T11:30:00+05:30,17.55,17.62,17.54,17.6,
2015-11-13T11:31:01+05:30,17.6,17.61,17.52,17.52,
2015-11-13T11:32:01+05:30,17.52,17.59,17.51,17.59,
2015-11-13T11:33:00+05:30,17.59,17.59,17.53,17.54,
2015-11-13T11:34:00+05:30,17.55,17.56,17.5,17.5,
2015-11-13T11:35:00+05:30,17.5,17.5,17.45,17.45,
2015-11-13T11:36:00+05:30,17.45,17.5,17.45,17.5,
2015-11-13T11:37:00+05:30,17.5,17.5,17.44,17.44,
2015-11-13T11:38:00+05:30,17.44,17.47,17.43,17.43,
2015-11-13T11:39:00+05:30,17.43,17.46,17.42,17.45,
2015-11-13T11:40:00+05:30,17.45,17.45,17.4,17.42,
2015-11-13T11:41:00+05:30,17.42,17.44,17.41,17.43,
2015-11-13T11:42:01+05:30,17.43,17.44,17.41,17.42,
2015-11-13T11:43:01+05:30,17.42,17.47,17.42,17.44,
2015-11-13T11:44:00+05:30,17.44,17.45,17.42,17.43,
2015-11-13T11:45:01+05:30,17.43,17.46,17.43,17.45,
2015-11-13T11:46:01+05:30,17.45,17.46,17.45,17.46,
2015-11-13T11:47:01+05:30,17.46,17.5,17.46,17.47,
2015-11-13T11:48:01+05:30,17.47,17.5,17.46,17.46,
2015-11-13T11:49:01+05:30,17.46,17.5,17.46,17.49,
2015-11-13T11:50:00+05:30,17.48,17.49,17.47,17.48,
2015-11-13T11:51:00+05:30,17.48,17.48,17.46,17.47,
2015-11-13T11:52:00+05:30,17.47,17.48,17.46,17.47,
2015-11-13T11:53:00+05:30,17.47,17.48,17.45,17.46,
2015-11-13T11:54:00+05:30,17.46,17.46,17.44,17.44,
2015-11-13T11:55:00+05:30,17.44,17.48,17.44,17.48,
2015-11-13T11:56:00+05:30,17.48,17.48,17.43,17.45,
2015-11-13T11:57:00+05:30,17.45,17.46,17.43,17.43,
2015-11-13T11:58:00+05:30,17.42,17.42,17.38,17.4,
2015-11-13T11:59:00+05:30,17.39,17.39,17.34,17.34,
2015-11-13T12:00:00+05:30,17.34,17.42,17.33,17.38,
2015-11-13T12:01:00+05:30,17.38,17.43,17.38,17.4,
2015-11-13T12:02:00+05:30,17.4,17.43,17.4,17.43,
2015-11-13T12:03:00+05:30,17.43,17.44,17.42,17.42,
2015-11-13T12:04:00+05:30,17.42,17.45,17.42,17.45,
2015-11-13T12:05:00+05:30,17.45,17.46,17.41,17.41,
2015-11-13T12:06:00+05:30,17.41,17.41,17.39,17.39,
2015-11-13T12:07:00+05:30,17.39,17.4,17.39,17.4,
2015-11-13T12:08:00+05:30,17.4,17.45,17.39,17.45,
2015-11-13T12:09:00+05:30,17.45,17.45,17.42,17.42,
2015-11-13T12:10:00+05:30,17.42,17.44,17.42,17.43,
2015-11-13T12:11:00+05:30,17.43,17.44,17.42,17.44,
2015-11-13T12:12:00+05:30,17.44,17.48,17.44,17.47,
2015-11-13T12:13:00+05:30,17.47,17.49,17.45,17.45,
2015-11-13T12:14:00+05:30,17.45,17.46,17.4,17.43,
2015-11-13T12:15:00+05:30,17.44,17.45,17.42,17.43,
2015-11-13T12:16:00+05:30,17.44,17.46,17.41,17.41,
2015-11-13T12:17:00+05:30,17.41,17.44,17.4,17.43,
2015-11-13T12:18:00+05:30,17.44,17.47,17.44,17.46,
2015-11-13T12:19:00+05:30,17.46,17.46,17.41,17.43,
2015-11-13T12:20:01+05:30,17.43,17.44,17.38,17.38,
2015-11-13T12:21:01+05:30,17.38,17.4,17.33,17.33,
2015-11-13T12:22:01+05:30,17.33,17.35,17.32,17.34,
2015-11-13T12:23:01+05:30,17.34,17.36,17.33,17.36,
2015-11-13T12:24:01+05:30,17.37,17.39,17.35,17.38,
2015-11-13T12:25:01+05:30,17.38,17.4,17.38,17.38,
2015-11-13T12:26:01+05:30,17.38,17.43,17.38,17.43,
2015-11-13T12:27:00+05:30,17.44,17.47,17.43,17.45,
2015-11-13T12:28:00+05:30,17.46,17.47,17.44,17.44,
2015-11-13T12:29:00+05:30,17.44,17.47,17.43,17.46,
2015-11-13T12:30:00+05:30,17.46,17.46,17.43,17.45,
2015-11-13T12:31:00+05:30,17.45,17.45,17.43,17.45,
2015-11-13T12:32:00+05:30,17.45,17.48,17.44,17.48,
2015-11-13T12:33:00+05:30,17.47,17.47,17.45,17.46,
2015-11-13T12:34:00+05:30,17.46,17.5,17.46,17.48,
2015-11-13T12:35:00+05:30,17.47,17.48,17.46,17.47,
2015-11-13T12:36:00+05:30,17.48,17.49,17.47,17.48,
2015-11-13T12:37:00+05:30,17.48,17.49,17.47,17.49,
2015-11-13T12:38:00+05:30,17.49,17.49,17.47,17.48,
2015-11-13T12:39:00+05:30,17.48,17.5,17.47,17.5,
2015-11-13T12:40:00+05:30,17.5,17.51,17.49,17.49,
2015-11-13T12:41:00+05:30,17.49,17.51,17.49,17.51,
2015-11-13T12:42:00+05:30,17.5,17.51,17.49,17.49,
2015-11-13T12:43:00+05:30,17.49,17.51,17.48,17.5,
2015-11-13T12:44:00+05:30,17.5,17.51,17.48,17.5,
2015-11-13T12:45:00+05:30,17.5,17.51,17.5,17.5,
2015-11-13T12:46:00+05:30,17.5,17.51,17.49,17.51,
2015-11-13T12:47:00+05:30,17.5,17.51,17.48,17.5,
2015-11-13T12:48:00+05:30,17.5,17.51,17.49,17.51,
2015-11-13T12:49:01+05:30,17.51,17.51,17.49,17.51,
2015-11-13T12:50:01+05:30,17.51,17.54,17.5,17.54,
2015-11-13T12:51:01+05:30,17.54,17.55,17.53,17.53,
2015-11-13T12:52:01+05:30,17.53,17.53,17.51,17.52,
2015-11-13T12:53:01+05:30,17.52,17.53,17.52,17.53,
2015-11-13T12:54:00+05:30,17.53,17.54,17.52,17.52,
2015-11-13T12:55:00+05:30,17.52,17.57,17.51,17.56,
2015-11-13T12:56:00+05:30,17.56,17.57,17.52,17.52,
2015-11-13T12:57:00+05:30,17.52,17.53,17.5,17.52,
2015-11-13T12:58:00+05:30,17.52,17.52,17.49,17.5,
2015-11-13T12:59:00+05:30,17.51,17.51,17.5,17.5,
2015-11-13T13:00:00+05:30,17.5,17.54,17.5,17.51,
2015-11-13T13:01:01+05:30,17.51,17.52,17.48,17.48,
2015-11-13T13:02:01+05:30,17.48,17.5,17.44,17.45,
2015-11-13T13:03:01+05:30,17.45,17.46,17.42,17.44,
2015-11-13T13:04:00+05:30,17.44,17.45,17.41,17.41,
2015-11-13T13:05:00+05:30,17.41,17.42,17.4,17.41,
2015-11-13T13:06:01+05:30,17.42,17.45,17.42,17.44,
2015-11-13T13:07:01+05:30,17.43,17.44,17.4,17.4,
2015-11-13T13:08:01+05:30,17.41,17.46,17.4,17.45,
2015-11-13T13:09:01+05:30,17.46,17.46,17.43,17.45,
2015-11-13T13:10:00+05:30,17.44,17.44,17.41,17.42,
2015-11-13T13:11:01+05:30,17.41,17.42,17.39,17.42,
2015-11-13T13:12:01+05:30,17.41,17.45,17.4,17.44,
2015-11-13T13:13:01+05:30,17.44,17.46,17.42,17.46,
2015-11-13T13:14:01+05:30,17.46,17.48,17.45,17.47,
2015-11-13T13:15:01+05:30,17.47,17.48,17.45,17.46,
2015-11-13T13:16:01+05:30,17.46,17.48,17.46,17.47,
2015-11-13T13:17:01+05:30,17.46,17.47,17.45,17.47,
2015-11-13T13:18:01+05:30,17.47,17.5,17.46,17.5,
2015-11-13T13:19:00+05:30,17.5,17.51,17.49,17.5,
2015-11-13T13:20:00+05:30,17.5,17.51,17.49,17.5,
2015-11-13T13:21:00+05:30,17.5,17.51,17.5,17.5,
2015-11-13T13:22:00+05:30,17.5,17.51,17.49,17.51,
2015-11-13T13:23:00+05:30,17.51,17.53,17.51,17.52,
2015-11-13T13:24:01+05:30,17.52,17.54,17.5,17.54,
2015-11-13T13:25:01+05:30,17.54,17.55,17.51,17.51,
2015-11-13T13:26:01+05:30,17.51,17.55,17.51,17.54,
2015-11-13T13:27:01+05:30,17.54,17.54,17.52,17.53,
2015-11-13T13:28:01+05:30,17.53,17.55,17.53,17.53,
2015-11-13T13:29:00+05:30,17.53,17.54,17.52,17.53,
2015-11-13T13:30:00+05:30,17.54,17.59,17.54,17.58,
2015-11-13T13:31:01+05:30,17.58,17.58,17.55,17.57,
2015-11-13T13:32:00+05:30,17.56,17.56,17.54,17.54,
2015-11-13T13:33:00+05:30,17.54,17.54,17.52,17.53,
2015-11-13T13:34:00+05:30,17.53,17.55,17.53,17.54,
2015-11-13T13:35:00+05:30,17.54,17.58,17.5,17.5,
2015-11-13T13:36:00+05:30,17.49,17.52,17.49,17.49,
2015-11-13T13:37:00+05:30,17.5,17.52,17.49,17.51,
2015-11-13T13:38:00+05:30,17.51,17.53,17.51,17.52,
2015-11-13T13:39:00+05:30,17.51,17.53,17.5,17.52,
2015-11-13T13:40:00+05:30,17.52,17.54,17.49,17.52,
2015-11-13T13:41:00+05:30,17.51,17.53,17.5,17.51,
2015-11-13T13:42:00+05:30,17.51,17.52,17.48,17.48,
2015-11-13T13:43:00+05:30,17.48,17.51,17.47,17.51,
2015-11-13T13:44:00+05:30,17.51,17.55,17.51,17.53,
2015-11-13T13:45:00+05:30,17.54,17.57,17.54,17.55,
2015-11-13T13:46:01+05:30,17.54,17.55,17.51,17.52,
2015-11-13T13:47:01+05:30,17.52,17.53,17.51,17.53,
2015-11-13T13:48:00+05:30,17.53,17.54,17.52,17.54,
2015-11-13T13:49:00+05:30,17.54,17.55,17.51,17.51,
2015-11-13T13:50:00+05:30,17.51,17.51,17.49,17.5,
2015-11-13T13:51:00+05:30,17.5,17.51,17.49,17.49,
2015-11-13T13:52:00+05:30,17.5,17.57,17.49,17.56,
2015-11-13T13:53:00+05:30,17.55,17.6,17.55,17.59,
2015-11-13T13:54:00+05:30,17.59,17.61,17.57,17.61,
2015-11-13T13:55:00+05:30,17.61,17.62,17.6,17.62,
2015-11-13T13:56:00+05:30,17.62,17.64,17.62,17.63,
2015-11-13T13:57:00+05:30,17.63,17.65,17.63,17.63,
2015-11-13T13:58:00+05:30,17.62,17.62,17.59,17.59,
2015-11-13T13:59:00+05:30,17.59,17.59,17.55,17.55,
2015-11-13T14:00:00+05:30,17.55,17.56,17.55,17.56,
2015-11-13T14:01:01+05:30,17.56,17.58,17.54,17.56,
2015-11-13T14:02:01+05:30,17.54,17.55,17.52,17.55,
2015-11-13T14:03:01+05:30,17.55,17.55,17.51,17.51,
2015-11-13T14:04:00+05:30,17.51,17.51,17.41,17.42,
2015-11-13T14:05:00+05:30,17.42,17.43,17.38,17.39,
2015-11-13T14:06:00+05:30,17.38,17.42,17.37,17.38,
2015-11-13T14:07:00+05:30,17.37,17.39,17.35,17.37,
2015-11-13T14:08:00+05:30,17.36,17.38,17.33,17.37,
2015-11-13T14:09:00+05:30,17.37,17.43,17.37,17.43,
2015-11-13T14:10:00+05:30,17.43,17.43,17.4,17.4,
2015-11-13T14:11:00+05:30,17.4,17.48,17.4,17.48,
2015-11-13T14:12:00+05:30,17.49,17.55,17.49,17.55,
2015-11-13T14:13:01+05:30,17.56,17.61,17.56,17.61,
2015-11-13T14:14:01+05:30,17.62,17.67,17.61,17.65,
2015-11-13T14:15:00+05:30,17.66,17.67,17.6,17.6,
2015-11-13T14:16:00+05:30,17.6,17.64,17.6,17.63,
2015-11-13T14:17:00+05:30,17.63,17.63,17.6,17.62,
2015-11-13T14:18:00+05:30,17.62,17.62,17.6,17.6,
2015-11-13T14:19:00+05:30,17.6,17.61,17.57,17.6,
2015-11-13T14:20:00+05:30,17.6,17.6,17.59,17.59,
2015-11-13T14:21:00+05:30,17.6,17.6,17.55,17.57,
2015-11-13T14:22:00+05:30,17.56,17.57,17.52,17.53,
2015-11-13T14:23:00+05:30,17.53,17.58,17.52,17.57,
2015-11-13T14:24:00+05:30,17.57,17.59,17.56,17.57,
2015-11-13T14:25:00+05:30,17.57,17.57,17.53,17.56,
2015-11-13T14:26:00+05:30,17.56,17.57,17.51,17.51,
2015-11-13T14:27:01+05:30,17.51,17.55,17.5,17.52,
2015-11-13T14:28:01+05:30,17.52,17.52,17.48,17.48,
2015-11-13T14:29:01+05:30,17.48,17.49,17.48,17.48,
2015-11-13T14:30:00+05:30,17.48,17.51,17.48,17.48,
2015-11-13T14:31:00+05:30,17.48,17.54,17.48,17.54,
2015-11-13T14:32:00+05:30,17.54,17.55,17.52,17.53,
2015-11-13T14:33:00+05:30,17.52,17.55,17.49,17.54,
2015-11-13T14:34:00+05:30,17.54,17.54,17.52,17.52,
2015-11-13T14:35:00+05:30,17.52,17.55,17.52,17.55,
2015-11-13T14:36:00+05:30,17.55,17.57,17.54,17.54,
2015-11-13T14:37:01+05:30,17.54,17.54,17.5,17.53,
2015-11-13T14:38:01+05:30,17.54,17.55,17.53,17.55,
2015-11-13T14:39:00+05:30,17.55,17.57,17.54,17.57,
2015-11-13T14:40:00+05:30,17.57,17.58,17.53,17.54,
2015-11-13T14:41:00+05:30,17.54,17.57,17.54,17.57,
2015-11-13T14:42:00+05:30,17.56,17.57,17.53,17.56,
2015-11-13T14:43:00+05:30,17.56,17.59,17.56,17.58,
2015-11-13T14:44:00+05:30,17.58,17.59,17.53,17.55,
2015-11-13T14:45:00+05:30,17.55,17.56,17.54,17.56,
2015-11-13T14:46:00+05:30,17.55,17.59,17.55,17.59,
2015-11-13T14:47:01+05:30,17.59,17.6,17.57,17.58,
2015-11-13T14:48:01+05:30,17.59,17.62,17.58,17.61,
2015-11-13T14:49:01+05:30,17.61,17.61,17.57,17.57,
2015-11-13T14:50:00+05:30,17.57,17.59,17.57,17.57,
2015-11-13T14:51:00+05:30,17.57,17.58,17.55,17.58,
2015-11-13T14:52:00+05:30,17.59,17.61,17.59,17.59,
2015-11-13T14:53:00+05:30,17.58,17.6,17.57,17.57,
2015-11-13T14:54:00+05:30,17.57,17.58,17.55,17.58,
2015-11-13T14:55:00+05:30,17.58,17.58,17.55,17.55,
2015-11-13T14:56:00+05:30,17.55,17.57,17.55,17.55,
2015-11-13T14:57:00+05:30,17.55,17.55,17.52,17.52,
2015-11-13T14:58:00+05:30,17.52,17.53,17.47,17.47,
2015-11-13T14:59:01+05:30,17.47,17.5,17.46,17.49,
2015-11-13T15:00:00+05:30,17.49,17.51,17.48,17.51,
2015-11-13T15:01:01+05:30,17.53,17.53,17.49,17.52,
2015-11-13T15:02:01+05:30,17.51,17.58,17.51,17.57,
2015-11-13T15:03:00+05:30,17.57,17.61,17.57,17.6,
2015-11-13T15:04:00+05:30,17.59,17.64,17.59,17.62,
2015-11-13T15:05:00+05:30,17.62,17.67,17.62,17.65,
2015-11-13T15:06:00+05:30,17.65,17.66,17.63,17.64,
2015-11-13T15:07:00+05:30,17.64,17.69,17.63,17.65,
2015-11-13T15:08:00+05:30,17.64,17.68,17.64,17.67,
2015-11-13T15:09:00+05:30,17.67,17.69,17.66,17.69,
2015-11-13T15:10:00+05:30,17.68,17.68,17.66,17.67,
2015-11-13T15:11:00+05:30,17.67,17.69,17.66,17.68,
2015-11-13T15:12:00+05:30,17.68,17.68,17.66,17.67,
2015-11-13T15:13:00+05:30,17.67,17.71,17.66,17.71,
2015-11-13T15:14:00+05:30,17.72,17.72,17.69,17.7,
2015-11-13T15:15:00+05:30,17.7,17.71,17.67,17.69,
2015-11-13T15:16:00+05:30,17.69,17.7,17.68,17.69,
2015-11-13T15:17:00+05:30,17.69,17.7,17.69,17.69,
2015-11-13T15:18:00+05:30,17.69,17.69,17.67,17.68,
2015-11-13T15:19:00+05:30,17.68,17.69,17.67,17.68,
2015-11-13T15:20:00+05:30,17.68,17.7,17.63,17.65,
2015-11-13T15:21:01+05:30,17.65,17.66,17.61,17.62,
2015-11-13T15:22:00+05:30,17.61,17.69,17.61,17.68,
2015-11-13T15:23:00+05:30,17.68,17.7,17.67,17.69,
2015-11-13T15:24:00+05:30,17.69,17.69,17.66,17.66,
2015-11-13T15:25:00+05:30,17.66,17.67,17.64,17.65,
2015-11-13T15:26:00+05:30,17.65,17.69,17.65,17.69,
2015-11-13T15:27:00+05:30,17.68,17.71,17.68,17.7,
2015-11-13T15:28:00+05:30,17.7,17.71,17.68,17.68,
2015-11-13T15:29:00+05:30,17.68,17.7,17.67,17.67,
2015-11-16T09:15:00+05:30,17.65,17.65,15.42,17.53,
2015-11-16T09:16:00+05:30,17.53,17.86,17.51,17.85,
2015-11-16T09:17:00+05:30,17.82,17.85,17.7,17.7,
2015-11-16T09:18:00+05:30,17.7,17.72,17.66,17.69,
2015-11-16T09:19:00+05:30,17.7,18.26,17.68,18.16,
2015-11-16T09:20:00+05:30,18.16,18.24,18.12,18.23,
2015-11-16T09:21:00+05:30,18.23,18.28,18.2,18.28,
2015-11-16T09:22:00+05:30,18.27,18.35,18.25,18.35,
2015-11-16T09:23:00+05:30,18.37,18.38,18.27,18.28,
2015-11-16T09:24:00+05:30,18.27,18.36,18.26,18.3,
2015-11-16T09:25:00+05:30,18.32,18.4,18.3,18.35,
2015-11-16T09:26:00+05:30,18.36,18.36,18.32,18.35,
2015-11-16T09:27:00+05:30,18.35,18.37,18.31,18.34,
2015-11-16T09:28:00+05:30,18.34,18.39,18.34,18.39,
2015-11-16T09:29:00+05:30,18.39,18.39,18.34,18.34,
2015-11-16T09:30:00+05:30,18.34,18.35,18.32,18.35,
2015-11-16T09:31:00+05:30,18.35,18.38,18.34,18.37,
2015-11-16T09:32:00+05:30,18.37,18.42,18.35,18.39,
2015-11-16T09:33:00+05:30,18.39,18.42,18.39,18.41,
2015-11-16T09:34:00+05:30,18.41,18.43,18.4,18.4,
2015-11-16T09:35:00+05:30,18.4,18.42,18.37,18.37,
2015-11-16T09:36:00+05:30,18.38,18.39,18.37,18.38,
2015-11-16T09:37:00+05:30,18.38,18.39,18.36,18.37,
2015-11-16T09:38:00+05:30,18.36,18.38,18.36,18.38,
2015-11-16T09:39:00+05:30,18.37,18.38,18.35,18.37,
2015-11-16T09:40:00+05:30,18.37,18.38,18.36,18.38,
2015-11-16T09:41:00+05:30,18.38,18.38,18.35,18.36,
2015-11-16T09:42:00+05:30,18.36,18.37,18.35,18.35,
2015-11-16T09:43:00+05:30,18.36,18.38,18.36,18.36,
2015-11-16T09:44:00+05:30,18.36,18.38,18.35,18.36,
2015-11-16T09:45:00+05:30,18.36,18.38,18.35,18.38,
2015-11-16T09:46:00+05:30,18.38,18.38,18.34,18.36,
2015-11-16T09:47:00+05:30,18.35,18.39,18.35,18.38,
2015-11-16T09:48:00+05:30,18.38,18.4,18.37,18.39,
2015-11-16T09:49:00+05:30,18.39,18.39,18.37,18.39,
2015-11-16T09:50:00+05:30,18.4,18.4,18.36,18.37,
2015-11-16T09:51:00+05:30,18.37,18.37,18.35,18.37,
2015-11-16T09:52:00+05:30,18.39,18.41,18.39,18.39,
2015-11-16T09:53:00+05:30,18.36,18.4,18.36,18.39,
2015-11-16T09:54:00+05:30,18.39,18.41,18.37,18.41,
2015-11-16T09:55:00+05:30,18.4,18.4,18.37,18.38,
2015-11-16T09:56:00+05:30,18.38,18.4,18.37,18.39,
2015-11-16T09:57:00+05:30,18.39,18.44,18.39,18.43,
2015-11-16T09:58:00+05:30,18.43,18.45,18.43,18.43,
2015-11-16T09:59:00+05:30,18.44,18.46,18.42,18.46,
2015-11-16T10:00:00+05:30,18.45,18.45,18.41,18.42,
2015-11-16T10:01:00+05:30,18.43,18.43,18.41,18.43,
2015-11-16T10:02:00+05:30,18.43,18.45,18.42,18.45,
2015-11-16T10:03:00+05:30,18.44,18.52,18.44,18.49,
2015-11-16T10:04:00+05:30,18.49,18.52,18.48,18.5,
2015-11-16T10:05:00+05:30,18.5,18.51,18.48,18.51,
2015-11-16T10:06:00+05:30,18.51,18.53,18.5,18.5,
2015-11-16T10:07:00+05:30,18.5,18.51,18.49,18.49,
2015-11-16T10:08:00+05:30,18.49,18.51,18.49,18.5,
2015-11-16T10:09:00+05:30,18.52,18.53,18.49,18.5,
2015-11-16T10:10:00+05:30,18.5,18.51,18.49,18.5,
2015-11-16T10:11:00+05:30,18.5,18.51,18.49,18.49,
2015-11-16T10:12:00+05:30,18.49,18.5,18.48,18.49,
2015-11-16T10:13:00+05:30,18.49,18.5,18.47,18.47,
2015-11-16T10:14:00+05:30,18.47,18.48,18.44,18.46,
2015-11-16T10:15:00+05:30,18.47,18.49,18.46,18.48,
2015-11-16T10:16:00+05:30,18.48,18.49,18.47,18.48,
2015-11-16T10:17:00+05:30,18.48,18.49,18.48,18.49,
2015-11-16T10:18:00+05:30,18.49,18.52,18.45,18.45,
2015-11-16T10:19:00+05:30,18.44,18.46,18.43,18.44,
2015-11-16T10:20:00+05:30,18.43,18.47,18.41,18.46,
2015-11-16T10:21:00+05:30,18.46,18.52,18.46,18.51,
2015-11-16T10:22:00+05:30,18.51,18.52,18.49,18.52,
2015-11-16T10:23:00+05:30,18.51,18.53,18.5,18.52,
2015-11-16T10:24:00+05:30,18.51,18.53,18.5,18.53,
2015-11-16T10:25:00+05:30,18.53,18.54,18.51,18.52,
2015-11-16T10:26:00+05:30,18.52,18.54,18.51,18.53,
2015-11-16T10:27:00+05:30,18.53,18.54,18.52,18.53,
2015-11-16T10:28:00+05:30,18.53,18.55,18.52,18.53,
2015-11-16T10:29:00+05:30,18.53,18.54,18.51,18.54,
2015-11-16T10:30:00+05:30,18.54,18.56,18.54,18.56,
2015-11-16T10:31:00+05:30,18.56,18.57,18.55,18.55,
2015-11-16T10:32:00+05:30,18.55,18.59,18.55,18.58,
2015-11-16T10:33:00+05:30,18.58,18.61,18.58,18.59,
2015-11-16T10:34:00+05:30,18.59,18.59,18.57,18.58,
2015-11-16T10:35:00+05:30,18.58,18.6,18.57,18.6,
2015-11-16T10:36:00+05:30,18.6,18.6,18.58,18.59,
2015-11-16T10:37:00+05:30,18.59,18.59,18.54,18.54,
2015-11-16T10:38:00+05:30,18.54,18.56,18.53,18.56,
2015-11-16T10:39:00+05:30,18.55,18.55,18.53,18.54,
2015-11-16T10:40:00+05:30,18.54,18.55,18.54,18.54,
2015-11-16T10:41:00+05:30,18.54,18.55,18.53,18.53,
2015-11-16T10:42:00+05:30,18.52,18.52,18.48,18.48,
2015-11-16T10:43:00+05:30,18.48,18.49,18.47,18.48,
2015-11-16T10:44:00+05:30,18.48,18.49,18.46,18.48,
2015-11-16T10:45:00+05:30,18.48,18.49,18.41,18.44,
2015-11-16T10:46:00+05:30,18.44,18.49,18.44,18.47,
2015-11-16T10:47:00+05:30,18.48,18.49,18.45,18.47,
2015-11-16T10:48:00+05:30,18.47,18.49,18.45,18.45,
2015-11-16T10:49:00+05:30,18.46,18.48,18.45,18.47,
2015-11-16T10:50:00+05:30,18.47,18.49,18.46,18.48,
2015-11-16T10:51:00+05:30,18.48,18.48,18.44,18.44,
2015-11-16T10:52:00+05:30,18.45,18.45,18.38,18.39,
2015-11-16T10:53:00+05:30,18.39,18.4,18.38,18.39,
2015-11-16T10:54:00+05:30,18.39,18.41,18.38,18.39,
2015-11-16T10:55:00+05:30,18.38,18.39,18.28,18.33,
2015-11-16T10:56:00+05:30,18.33,18.34,18.31,18.32,
2015-11-16T10:57:00+05:30,18.32,18.32,18.27,18.28,
2015-11-16T10:58:00+05:30,18.28,18.31,18.28,18.31,
2015-11-16T10:59:00+05:30,18.32,18.37,18.31,18.36,
2015-11-16T11:00:00+05:30,18.36,18.38,18.34,18.36,
2015-11-16T11:01:00+05:30,18.36,18.4,18.36,18.37,
2015-11-16T11:02:00+05:30,18.37,18.4,18.35,18.36,
2015-11-16T11:03:00+05:30,18.37,18.41,18.35,18.41,
2015-11-16T11:04:00+05:30,18.41,18.44,18.41,18.43,
2015-11-16T11:05:00+05:30,18.43,18.44,18.42,18.43,
2015-11-16T11:06:00+05:30,18.42,18.42,18.35,18.36,
2015-11-16T11:07:00+05:30,18.35,18.39,18.35,18.38,
2015-11-16T11:08:00+05:30,18.38,18.41,18.38,18.4,
2015-11-16T11:09:00+05:30,18.39,18.41,18.36,18.36,
2015-11-16T11:10:00+05:30,18.36,18.39,18.36,18.38,
2015-11-16T11:11:00+05:30,18.38,18.4,18.37,18.4,
2015-11-16T11:12:00+05:30,18.4,18.41,18.4,18.4,
2015-11-16T11:13:00+05:30,18.4,18.4,18.36,18.4,
2015-11-16T11:14:00+05:30,18.39,18.39,18.35,18.37,
2015-11-16T11:15:00+05:30,18.36,18.41,18.36,18.41,
2015-11-16T11:16:00+05:30,18.41,18.41,18.39,18.4,
2015-11-16T11:17:00+05:30,18.41,18.41,18.39,18.4,
2015-11-16T11:18:00+05:30,18.39,18.4,18.39,18.39,
2015-11-16T11:19:00+05:30,18.39,18.39,18.38,18.39,
2015-11-16T11:20:00+05:30,18.39,18.39,18.37,18.37,
2015-11-16T11:21:00+05:30,18.37,18.37,18.36,18.36,
2015-11-16T11:22:00+05:30,18.36,18.38,18.36,18.38,
2015-11-16T11:23:00+05:30,18.38,18.4,18.37,18.4,
2015-11-16T11:24:00+05:30,18.4,18.41,18.39,18.4,
2015-11-16T11:25:00+05:30,18.4,18.42,18.4,18.4,
2015-11-16T11:26:00+05:30,18.41,18.41,18.39,18.4,
2015-11-16T11:27:00+05:30,18.4,18.4,18.38,18.4,
2015-11-16T11:28:00+05:30,18.4,18.4,18.3,18.3,
2015-11-16T11:29:00+05:30,18.29,18.34,18.25,18.25,
2015-11-16T11:30:00+05:30,18.26,18.34,18.23,18.33,
2015-11-16T11:31:00+05:30,18.33,18.36,18.33,18.34,
2015-11-16T11:32:00+05:30,18.34,18.35,18.32,18.32,
2015-11-16T11:33:00+05:30,18.32,18.36,18.31,18.36,
2015-11-16T11:34:00+05:30,18.35,18.37,18.31,18.34,
2015-11-16T11:35:00+05:30,18.35,18.37,18.34,18.36,
2015-11-16T11:36:00+05:30,18.35,18.37,18.35,18.36,
2015-11-16T11:37:00+05:30,18.36,18.36,18.34,18.34,
2015-11-16T11:38:00+05:30,18.34,18.35,18.31,18.32,
2015-11-16T11:39:00+05:30,18.33,18.33,18.28,18.29,
2015-11-16T11:40:00+05:30,18.29,18.31,18.28,18.3,
2015-11-16T11:41:00+05:30,18.3,18.32,18.28,18.28,
2015-11-16T11:42:00+05:30,18.28,18.29,18.27,18.28,
2015-11-16T11:43:00+05:30,18.28,18.29,18.26,18.28,
2015-11-16T11:44:00+05:30,18.28,18.29,18.25,18.26,
2015-11-16T11:45:00+05:30,18.27,18.3,18.27,18.28,
2015-11-16T11:46:00+05:30,18.28,18.32,18.28,18.29,
2015-11-16T11:47:00+05:30,18.29,18.29,18.26,18.27,
2015-11-16T11:48:00+05:30,18.27,18.28,18.26,18.27,
2015-11-16T11:49:00+05:30,18.27,18.27,18.24,18.24,
2015-11-16T11:50:00+05:30,18.24,18.26,18.24,18.26,
2015-11-16T11:51:00+05:30,18.26,18.26,18.25,18.25,
2015-11-16T11:52:00+05:30,18.25,18.26,18.23,18.25,
2015-11-16T11:53:00+05:30,18.25,18.26,18.23,18.24,
2015-11-16T11:54:00+05:30,18.23,18.26,18.23,18.25,
2015-11-16T11:55:00+05:30,18.25,18.25,18.22,18.23,
2015-11-16T11:56:00+05:30,18.22,18.24,18.2,18.21,
2015-11-16T11:57:00+05:30,18.22,18.23,18.2,18.21,
2015-11-16T11:58:00+05:30,18.21,18.22,18.12,18.13,
2015-11-16T11:59:00+05:30,18.13,18.16,18.12,18.14,
2015-11-16T12:00:00+05:30,18.14,18.14,18.12,18.14,
2015-11-16T12:01:00+05:30,18.14,18.16,18.12,18.16,
2015-11-16T12:02:00+05:30,18.16,18.17,18.14,18.16,
2015-11-16T12:03:00+05:30,18.16,18.16,18.03,18.06,
2015-11-16T12:04:00+05:30,18.07,18.07,18.01,18.02,
2015-11-16T12:05:00+05:30,18.02,18.07,18.01,18.02,
2015-11-16T12:06:00+05:30,18.02,18.05,18,18.01,
2015-11-16T12:07:00+05:30,18.01,18.05,18,18.02,
2015-11-16T12:08:00+05:30,18.02,18.03,17.97,17.98,
2015-11-16T12:09:00+05:30,17.98,17.98,17.96,17.97,
2015-11-16T12:10:00+05:30,17.96,17.98,17.92,17.95,
2015-11-16T12:11:00+05:30,17.95,17.99,17.94,17.99,
2015-11-16T12:12:00+05:30,18,18.01,17.98,17.98,
2015-11-16T12:13:00+05:30,17.99,18.01,17.98,17.99,
2015-11-16T12:14:00+05:30,18,18.05,18,18.01,
2015-11-16T12:15:00+05:30,18.01,18.03,18.01,18.01,
2015-11-16T12:16:00+05:30,18.02,18.06,18,18.06,
2015-11-16T12:17:00+05:30,18.06,18.07,18.03,18.05,
2015-11-16T12:18:00+05:30,18.04,18.07,18.03,18.07,
2015-11-16T12:19:00+05:30,18.07,18.07,18.05,18.07,
2015-11-16T12:20:00+05:30,18.07,18.08,18.03,18.03,
2015-11-16T12:21:00+05:30,18.03,18.04,18.02,18.04,
2015-11-16T12:22:00+05:30,18.04,18.05,18.03,18.03,
2015-11-16T12:23:00+05:30,18.03,18.06,18.03,18.06,
2015-11-16T12:24:00+05:30,18.06,18.06,18.04,18.05,
2015-11-16T12:25:00+05:30,18.04,18.07,18.04,18.06,
2015-11-16T12:26:00+05:30,18.06,18.08,18.05,18.07,
2015-11-16T12:27:00+05:30,18.08,18.08,18.05,18.06,
2015-11-16T12:28:00+05:30,18.06,18.07,18.05,18.06,
2015-11-16T12:29:00+05:30,18.06,18.06,18.04,18.06,
2015-11-16T12:30:00+05:30,18.06,18.12,18.06,18.11,
2015-11-16T12:31:00+05:30,18.11,18.11,18.07,18.07,
2015-11-16T12:32:00+05:30,18.07,18.07,18.02,18.02,
2015-11-16T12:33:00+05:30,18.02,18.02,17.99,18.01,
2015-11-16T12:34:00+05:30,18,18.02,17.97,17.97,
2015-11-16T12:35:00+05:30,17.97,17.99,17.97,17.99,
2015-11-16T12:36:00+05:30,17.99,18,17.97,17.98,
2015-11-16T12:37:00+05:30,17.98,17.98,17.92,17.92,
2015-11-16T12:38:00+05:30,17.92,17.93,17.88,17.89,
2015-11-16T12:39:00+05:30,17.9,17.91,17.9,17.9,
2015-11-16T12:40:00+05:30,17.91,17.91,17.87,17.89,
2015-11-16T12:41:00+05:30,17.89,17.95,17.89,17.94,
2015-11-16T12:42:00+05:30,17.94,17.94,17.88,17.88,
2015-11-16T12:43:00+05:30,17.88,17.88,17.82,17.82,
2015-11-16T12:44:00+05:30,17.83,17.84,17.77,17.79,
2015-11-16T12:45:00+05:30,17.8,17.81,17.77,17.78,
2015-11-16T12:46:00+05:30,17.78,17.79,17.75,17.79,
2015-11-16T12:47:00+05:30,17.8,17.81,17.8,17.81,
2015-11-16T12:48:00+05:30,17.81,17.82,17.79,17.81,
2015-11-16T12:49:00+05:30,17.81,17.83,17.8,17.82,
2015-11-16T12:50:00+05:30,17.82,17.91,17.82,17.91,
2015-11-16T12:51:00+05:30,17.9,17.91,17.85,17.85,
2015-11-16T12:52:00+05:30,17.85,17.88,17.85,17.87,
2015-11-16T12:53:00+05:30,17.87,17.88,17.85,17.86,
2015-11-16T12:54:00+05:30,17.86,17.9,17.84,17.9,
2015-11-16T12:55:00+05:30,17.9,17.91,17.88,17.89,
2015-11-16T12:56:00+05:30,17.9,17.91,17.89,17.91,
2015-11-16T12:57:00+05:30,17.91,17.95,17.88,17.95,
2015-11-16T12:58:00+05:30,17.96,18.08,17.96,18.06,
2015-11-16T12:59:00+05:30,18.06,18.08,17.98,17.99,
2015-11-16T13:00:00+05:30,17.99,18,17.93,17.94,
2015-11-16T13:01:00+05:30,17.95,17.95,17.9,17.94,
2015-11-16T13:02:00+05:30,17.93,17.95,17.91,17.93,
2015-11-16T13:03:00+05:30,17.93,17.93,17.89,17.9,
2015-11-16T13:04:00+05:30,17.9,17.9,17.86,17.88,
2015-11-16T13:05:00+05:30,17.88,17.89,17.87,17.88,
2015-11-16T13:06:00+05:30,17.88,17.88,17.85,17.88,
2015-11-16T13:07:00+05:30,17.88,17.9,17.84,17.85,
2015-11-16T13:08:00+05:30,17.85,17.88,17.85,17.85,
2015-11-16T13:09:00+05:30,17.85,17.87,17.83,17.85,
2015-11-16T13:10:00+05:30,17.85,17.88,17.84,17.88,
2015-11-16T13:11:00+05:30,17.88,17.9,17.87,17.9,
2015-11-16T13:12:00+05:30,17.89,17.93,17.89,17.9,
2015-11-16T13:13:00+05:30,17.9,17.9,17.86,17.87,
2015-11-16T13:14:00+05:30,17.86,17.87,17.85,17.85,
2015-11-16T13:15:00+05:30,17.84,17.87,17.84,17.84,
2015-11-16T13:16:00+05:30,17.83,17.83,17.79,17.8,
2015-11-16T13:17:00+05:30,17.8,17.84,17.8,17.83,
2015-11-16T13:18:00+05:30,17.84,17.91,17.83,17.9,
2015-11-16T13:19:00+05:30,17.9,17.95,17.88,17.95,
2015-11-16T13:20:00+05:30,17.95,17.96,17.94,17.96,
2015-11-16T13:21:00+05:30,17.96,17.98,17.95,17.97,
2015-11-16T13:22:00+05:30,17.97,17.98,17.95,17.97,
2015-11-16T13:23:00+05:30,17.97,17.97,17.95,17.96,
2015-11-16T13:24:00+05:30,17.96,17.98,17.95,17.95,
2015-11-16T13:25:00+05:30,17.95,17.96,17.94,17.95,
2015-11-16T13:26:00+05:30,17.95,17.96,17.94,17.94,
2015-11-16T13:27:00+05:30,17.94,17.95,17.92,17.93,
2015-11-16T13:28:00+05:30,17.94,17.97,17.94,17.94,
2015-11-16T13:29:00+05:30,17.95,17.95,17.92,17.93,
2015-11-16T13:30:00+05:30,17.93,17.93,17.84,17.84,
2015-11-16T13:31:00+05:30,17.84,17.89,17.83,17.89,
2015-11-16T13:32:00+05:30,17.89,17.93,17.88,17.91,
2015-11-16T13:33:00+05:30,17.91,17.91,17.83,17.83,
2015-11-16T13:34:00+05:30,17.81,17.82,17.79,17.81,
2015-11-16T13:35:00+05:30,17.82,17.86,17.82,17.86,
2015-11-16T13:36:00+05:30,17.86,17.88,17.84,17.86,
2015-11-16T13:37:00+05:30,17.87,17.91,17.87,17.91,
2015-11-16T13:38:00+05:30,17.91,17.93,17.89,17.89,
2015-11-16T13:39:00+05:30,17.89,17.89,17.85,17.87,
2015-11-16T13:40:00+05:30,17.88,17.91,17.85,17.86,
2015-11-16T13:41:00+05:30,17.85,17.9,17.85,17.89,
2015-11-16T13:42:00+05:30,17.89,17.91,17.88,17.89,
2015-11-16T13:43:00+05:30,17.89,17.9,17.87,17.89,
2015-11-16T13:44:00+05:30,17.89,17.89,17.86,17.87,
2015-11-16T13:45:00+05:30,17.87,17.94,17.87,17.93,
2015-11-16T13:46:00+05:30,17.93,17.95,17.9,17.94,
2015-11-16T13:47:00+05:30,17.94,17.95,17.93,17.94,
2015-11-16T13:48:00+05:30,17.94,17.94,17.88,17.89,
2015-11-16T13:49:00+05:30,17.89,17.92,17.88,17.92,
2015-11-16T13:50:00+05:30,17.92,17.93,17.86,17.88,
2015-11-16T13:51:00+05:30,17.89,17.9,17.88,17.88,
2015-11-16T13:52:00+05:30,17.89,17.9,17.87,17.9,
2015-11-16T13:53:00+05:30,17.9,17.93,17.89,17.92,
2015-11-16T13:54:00+05:30,17.92,17.92,17.87,17.89,
2015-11-16T13:55:00+05:30,17.89,17.92,17.88,17.92,
2015-11-16T13:56:00+05:30,17.91,17.92,17.89,17.91,
2015-11-16T13:57:00+05:30,17.9,17.92,17.88,17.9,
2015-11-16T13:58:00+05:30,17.9,17.91,17.88,17.89,
2015-11-16T13:59:00+05:30,17.88,17.9,17.87,17.88,
2015-11-16T14:00:00+05:30,17.88,17.89,17.87,17.88,
2015-11-16T14:01:00+05:30,17.88,17.92,17.88,17.91,
2015-11-16T14:02:00+05:30,17.92,17.92,17.89,17.9,
2015-11-16T14:03:00+05:30,17.91,17.91,17.84,17.84,
2015-11-16T14:04:00+05:30,17.83,17.83,17.79,17.8,
2015-11-16T14:05:00+05:30,17.79,17.81,17.78,17.78,
2015-11-16T14:06:00+05:30,17.78,17.84,17.78,17.82,
2015-11-16T14:07:00+05:30,17.82,17.82,17.76,17.76,
2015-11-16T14:08:00+05:30,17.76,17.76,17.73,17.74,
2015-11-16T14:09:00+05:30,17.74,17.74,17.7,17.73,
2015-11-16T14:10:00+05:30,17.72,17.76,17.7,17.72,
2015-11-16T14:11:00+05:30,17.73,17.73,17.7,17.7,
2015-11-16T14:12:00+05:30,17.69,17.72,17.69,17.7,
2015-11-16T14:13:00+05:30,17.7,17.74,17.7,17.74,
2015-11-16T14:14:00+05:30,17.73,17.78,17.73,17.76,
2015-11-16T14:15:00+05:30,17.76,17.81,17.76,17.81,
2015-11-16T14:16:00+05:30,17.81,17.83,17.8,17.83,
2015-11-16T14:17:00+05:30,17.82,17.83,17.8,17.81,
2015-11-16T14:18:00+05:30,17.8,17.81,17.77,17.81,
2015-11-16T14:19:00+05:30,17.8,17.81,17.79,17.8,
2015-11-16T14:20:00+05:30,17.79,17.81,17.78,17.8,
2015-11-16T14:21:00+05:30,17.8,17.84,17.79,17.84,
2015-11-16T14:22:00+05:30,17.84,17.87,17.83,17.87,
2015-11-16T14:23:00+05:30,17.87,17.88,17.83,17.84,
2015-11-16T14:24:00+05:30,17.84,17.87,17.84,17.85,
2015-11-16T14:25:00+05:30,17.84,17.86,17.81,17.82,
2015-11-16T14:26:00+05:30,17.82,17.83,17.8,17.83,
2015-11-16T14:27:00+05:30,17.83,17.87,17.78,17.81,
2015-11-16T14:28:00+05:30,17.81,17.84,17.8,17.8,
2015-11-16T14:29:00+05:30,17.81,17.81,17.77,17.78,
2015-11-16T14:30:00+05:30,17.77,17.82,17.77,17.79,
2015-11-16T14:31:00+05:30,17.8,17.81,17.76,17.76,
2015-11-16T14:32:00+05:30,17.76,17.77,17.72,17.73,
2015-11-16T14:33:00+05:30,17.73,17.74,17.71,17.73,
2015-11-16T14:34:00+05:30,17.73,17.75,17.71,17.75,
2015-11-16T14:35:00+05:30,17.75,17.75,17.71,17.71,
2015-11-16T14:36:00+05:30,17.71,17.74,17.71,17.72,
2015-11-16T14:37:00+05:30,17.72,17.73,17.7,17.7,
2015-11-16T14:38:00+05:30,17.7,17.72,17.69,17.69,
2015-11-16T14:39:00+05:30,17.69,17.71,17.68,17.7,
2015-11-16T14:40:00+05:30,17.7,17.7,17.65,17.67,
2015-11-16T14:41:00+05:30,17.66,17.67,17.64,17.64,
2015-11-16T14:42:00+05:30,17.64,17.67,17.64,17.67,
2015-11-16T14:43:00+05:30,17.67,17.67,17.64,17.67,
2015-11-16T14:44:00+05:30,17.68,17.68,17.59,17.62,
2015-11-16T14:45:00+05:30,17.62,17.65,17.62,17.64,
2015-11-16T14:46:00+05:30,17.64,17.65,17.61,17.64,
2015-11-16T14:47:00+05:30,17.64,17.65,17.61,17.62,
2015-11-16T14:48:00+05:30,17.63,17.66,17.63,17.64,
2015-11-16T14:49:00+05:30,17.63,17.66,17.63,17.65,
2015-11-16T14:50:00+05:30,17.65,17.67,17.64,17.66,
2015-11-16T14:51:00+05:30,17.66,17.69,17.65,17.68,
2015-11-16T14:52:00+05:30,17.68,17.7,17.67,17.7,
2015-11-16T14:53:00+05:30,17.69,17.72,17.69,17.72,
2015-11-16T14:54:00+05:30,17.71,17.74,17.7,17.71,
2015-11-16T14:55:00+05:30,17.71,17.74,17.71,17.74,
2015-11-16T14:56:00+05:30,17.74,17.75,17.68,17.69,
2015-11-16T14:57:00+05:30,17.7,17.71,17.69,17.7,
2015-11-16T14:58:00+05:30,17.69,17.72,17.69,17.72,
2015-11-16T14:59:00+05:30,17.72,17.73,17.69,17.72,
2015-11-16T15:00:00+05:30,17.73,17.73,17.7,17.72,
2015-11-16T15:01:00+05:30,17.73,17.76,17.72,17.76,
2015-11-16T15:02:00+05:30,17.76,17.77,17.73,17.73,
2015-11-16T15:03:00+05:30,17.73,17.76,17.73,17.74,
2015-11-16T15:04:00+05:30,17.74,17.74,17.71,17.73,
2015-11-16T15:05:00+05:30,17.73,17.81,17.73,17.81,
2015-11-16T15:06:00+05:30,17.8,17.83,17.78,17.79,
2015-11-16T15:07:00+05:30,17.78,17.81,17.75,17.78,
2015-11-16T15:08:00+05:30,17.78,17.84,17.78,17.84,
2015-11-16T15:09:00+05:30,17.84,17.88,17.84,17.87,
2015-11-16T15:10:00+05:30,17.87,17.91,17.86,17.9,
2015-11-16T15:11:00+05:30,17.91,17.94,17.91,17.91,
2015-11-16T15:12:00+05:30,17.91,17.93,17.87,17.88,
2015-11-16T15:13:00+05:30,17.88,17.94,17.86,17.94,
2015-11-16T15:14:00+05:30,17.95,17.98,17.94,17.98,
2015-11-16T15:15:00+05:30,17.98,17.98,17.93,17.94,
2015-11-16T15:16:00+05:30,17.94,18,17.88,17.88,
2015-11-16T15:17:00+05:30,17.88,17.96,17.88,17.93,
2015-11-16T15:18:00+05:30,17.93,17.96,17.93,17.95,
2015-11-16T15:19:00+05:30,17.95,17.96,17.91,17.93,
2015-11-16T15:20:00+05:30,17.93,17.93,17.9,17.92,
2015-11-16T15:21:00+05:30,17.92,17.95,17.92,17.94,
2015-11-16T15:22:00+05:30,17.93,17.94,17.92,17.94,
2015-11-16T15:23:00+05:30,17.93,17.97,17.92,17.93,
2015-11-16T15:24:00+05:30,17.94,17.97,17.94,17.97,
2015-11-16T15:25:00+05:30,17.96,17.99,17.96,17.98,
2015-11-16T15:26:00+05:30,17.97,17.99,17.96,17.99,
2015-11-16T15:27:00+05:30,17.98,17.98,17.93,17.93,
2015-11-16T15:28:00+05:30,17.93,17.95,17.93,17.94,
2015-11-16T15:29:00+05:30,17.94,17.94,17.86,17.89,
2015-11-17T09:15:00+05:30,17.88,17.88,15.62,17.32,
2015-11-17T09:16:00+05:30,17.33,17.53,17.33,17.45,
2015-11-17T09:17:00+05:30,17.47,17.55,17.44,17.46,
2015-11-17T09:18:00+05:30,17.46,17.47,17.43,17.44,
2015-11-17T09:19:00+05:30,17.43,17.45,17.41,17.43,
2015-11-17T09:20:00+05:30,17.4,17.44,17.4,17.44,
2015-11-17T09:21:00+05:30,17.44,17.55,17.43,17.53,
2015-11-17T09:22:00+05:30,17.54,17.61,17.54,17.61,
2015-11-17T09:23:00+05:30,17.6,17.62,17.47,17.47,
2015-11-17T09:24:00+05:30,17.46,17.47,17.45,17.45,
2015-11-17T09:25:00+05:30,17.45,17.46,17.43,17.44,
2015-11-17T09:26:00+05:30,17.44,17.46,17.42,17.42,
2015-11-17T09:27:00+05:30,17.43,17.45,17.43,17.44,
2015-11-17T09:28:00+05:30,17.45,17.45,17.41,17.42,
2015-11-17T09:29:00+05:30,17.42,17.42,17.38,17.41,
2015-11-17T09:30:00+05:30,17.41,17.41,17.38,17.41,
2015-11-17T09:31:00+05:30,17.41,17.58,17.4,17.56,
2015-11-17T09:32:00+05:30,17.56,17.56,17.52,17.55,
2015-11-17T09:33:00+05:30,17.55,17.63,17.55,17.63,
2015-11-17T09:34:00+05:30,17.63,17.66,17.62,17.64,
2015-11-17T09:35:00+05:30,17.64,17.66,17.61,17.61,
2015-11-17T09:36:00+05:30,17.61,17.63,17.58,17.62,
2015-11-17T09:37:00+05:30,17.62,17.62,17.54,17.54,
2015-11-17T09:38:00+05:30,17.54,17.54,17.52,17.52,
2015-11-17T09:39:00+05:30,17.52,17.56,17.51,17.55,
2015-11-17T09:40:00+05:30,17.54,17.55,17.51,17.54,
2015-11-17T09:41:00+05:30,17.53,17.53,17.5,17.51,
2015-11-17T09:42:00+05:30,17.51,17.51,17.44,17.46,
2015-11-17T09:43:00+05:30,17.46,17.48,17.43,17.47,
2015-11-17T09:44:00+05:30,17.47,17.51,17.46,17.51,
2015-11-17T09:45:00+05:30,17.51,17.53,17.48,17.51,
2015-11-17T09:46:00+05:30,17.51,17.51,17.47,17.48,
2015-11-17T09:47:00+05:30,17.5,17.51,17.5,17.51,
2015-11-17T09:48:00+05:30,17.51,17.51,17.48,17.48,
2015-11-17T09:49:00+05:30,17.48,17.52,17.48,17.51,
2015-11-17T09:50:00+05:30,17.51,17.56,17.5,17.5,
2015-11-17T09:51:00+05:30,17.5,17.54,17.5,17.5,
2015-11-17T09:52:00+05:30,17.5,17.51,17.49,17.51,
2015-11-17T09:53:00+05:30,17.52,17.52,17.49,17.52,
2015-11-17T09:54:00+05:30,17.51,17.53,17.5,17.5,
2015-11-17T09:55:00+05:30,17.49,17.5,17.48,17.5,
2015-11-17T09:56:00+05:30,17.5,17.52,17.49,17.51,
2015-11-17T09:57:00+05:30,17.51,17.53,17.49,17.49,
2015-11-17T09:58:00+05:30,17.5,17.5,17.49,17.5,
2015-11-17T09:59:00+05:30,17.5,17.53,17.49,17.52,
2015-11-17T10:00:00+05:30,17.52,17.53,17.51,17.53,
2015-11-17T10:01:00+05:30,17.53,17.53,17.51,17.51,
2015-11-17T10:02:00+05:30,17.51,17.53,17.51,17.53,
2015-11-17T10:03:00+05:30,17.53,17.55,17.52,17.54,
2015-11-17T10:04:00+05:30,17.55,17.59,17.54,17.58,
2015-11-17T10:05:00+05:30,17.59,17.59,17.56,17.59,
2015-11-17T10:06:00+05:30,17.58,17.62,17.58,17.6,
2015-11-17T10:07:00+05:30,17.6,17.62,17.58,17.62,
2015-11-17T10:08:00+05:30,17.62,17.63,17.61,17.61,
2015-11-17T10:09:00+05:30,17.6,17.61,17.58,17.59,
2015-11-17T10:10:00+05:30,17.6,17.63,17.6,17.61,
2015-11-17T10:11:00+05:30,17.61,17.63,17.61,17.63,
2015-11-17T10:12:00+05:30,17.64,17.64,17.58,17.6,
2015-11-17T10:13:00+05:30,17.59,17.61,17.57,17.57,
2015-11-17T10:14:00+05:30,17.57,17.57,17.53,17.53,
2015-11-17T10:15:00+05:30,17.53,17.57,17.53,17.57,
2015-11-17T10:16:00+05:30,17.57,17.57,17.54,17.57,
2015-11-17T10:17:00+05:30,17.57,17.58,17.55,17.55,
2015-11-17T10:18:00+05:30,17.55,17.56,17.54,17.55,
2015-11-17T10:19:00+05:30,17.55,17.55,17.54,17.54,
2015-11-17T10:20:00+05:30,17.53,17.53,17.48,17.48,
2015-11-17T10:21:00+05:30,17.49,17.51,17.48,17.48,
2015-11-17T10:22:00+05:30,17.47,17.47,17.44,17.44,
2015-11-17T10:23:00+05:30,17.45,17.45,17.42,17.43,
2015-11-17T10:24:00+05:30,17.43,17.43,17.39,17.4,
2015-11-17T10:25:00+05:30,17.4,17.4,17.37,17.38,
2015-11-17T10:26:00+05:30,17.38,17.38,17.32,17.32,
2015-11-17T10:27:00+05:30,17.32,17.34,17.32,17.32,
2015-11-17T10:28:00+05:30,17.32,17.34,17.32,17.34,
2015-11-17T10:29:00+05:30,17.34,17.35,17.32,17.33,
2015-11-17T10:30:00+05:30,17.33,17.34,17.32,17.33,
2015-11-17T10:31:00+05:30,17.33,17.33,17.31,17.31,
2015-11-17T10:32:00+05:30,17.31,17.33,17.26,17.29,
2015-11-17T10:33:00+05:30,17.28,17.3,17.27,17.28,
2015-11-17T10:34:00+05:30,17.29,17.29,17.24,17.25,
2015-11-17T10:35:00+05:30,17.26,17.27,17.24,17.24,
2015-11-17T10:36:00+05:30,17.25,17.26,17.22,17.23,
2015-11-17T10:37:00+05:30,17.23,17.26,17.23,17.24,
2015-11-17T10:38:00+05:30,17.23,17.27,17.23,17.26,
2015-11-17T10:39:00+05:30,17.26,17.26,17.22,17.22,
2015-11-17T10:40:00+05:30,17.22,17.28,17.22,17.28,
2015-11-17T10:41:00+05:30,17.27,17.32,17.27,17.3,
2015-11-17T10:42:00+05:30,17.3,17.3,17.28,17.3,
2015-11-17T10:43:00+05:30,17.3,17.32,17.27,17.32,
2015-11-17T10:44:00+05:30,17.32,17.32,17.26,17.28,
2015-11-17T10:45:00+05:30,17.27,17.28,17.2,17.2,
2015-11-17T10:46:00+05:30,17.2,17.21,17.2,17.21,
2015-11-17T10:47:00+05:30,17.21,17.23,17.19,17.23,
2015-11-17T10:48:00+05:30,17.23,17.28,17.23,17.28,
2015-11-17T10:49:00+05:30,17.28,17.29,17.26,17.27,
2015-11-17T10:50:00+05:30,17.27,17.28,17.26,17.27,
2015-11-17T10:51:00+05:30,17.27,17.28,17.24,17.26,
2015-11-17T10:52:00+05:30,17.26,17.27,17.24,17.24,
2015-11-17T10:53:00+05:30,17.24,17.24,17.22,17.24,
2015-11-17T10:54:00+05:30,17.24,17.25,17.22,17.22,
2015-11-17T10:55:00+05:30,17.22,17.23,17.2,17.2,
2015-11-17T10:56:00+05:30,17.2,17.21,17.2,17.2,
2015-11-17T10:57:00+05:30,17.2,17.21,17.18,17.18,
2015-11-17T10:58:00+05:30,17.18,17.19,17.16,17.16,
2015-11-17T10:59:00+05:30,17.16,17.18,17.16,17.18,
2015-11-17T11:00:00+05:30,17.18,17.2,17.17,17.19,
2015-11-17T11:01:00+05:30,17.19,17.23,17.19,17.23,
2015-11-17T11:02:00+05:30,17.22,17.22,17.2,17.21,
2015-11-17T11:03:00+05:30,17.21,17.21,17.2,17.21,
2015-11-17T11:04:00+05:30,17.2,17.21,17.19,17.19,
2015-11-17T11:05:00+05:30,17.19,17.21,17.17,17.17,
2015-11-17T11:06:00+05:30,17.18,17.21,17.18,17.18,
2015-11-17T11:07:00+05:30,17.18,17.22,17.18,17.21,
2015-11-17T11:08:00+05:30,17.21,17.24,17.21,17.23,
2015-11-17T11:09:00+05:30,17.24,17.26,17.21,17.26,
2015-11-17T11:10:00+05:30,17.26,17.32,17.25,17.32,
2015-11-17T11:11:00+05:30,17.31,17.4,17.3,17.35,
2015-11-17T11:12:00+05:30,17.35,17.35,17.32,17.35,
2015-11-17T11:13:00+05:30,17.36,17.36,17.26,17.28,
2015-11-17T11:14:00+05:30,17.28,17.37,17.27,17.37,
2015-11-17T11:15:00+05:30,17.37,17.4,17.35,17.35,
2015-11-17T11:16:00+05:30,17.36,17.39,17.36,17.39,
2015-11-17T11:17:00+05:30,17.4,17.41,17.35,17.35,
2015-11-17T11:18:00+05:30,17.35,17.4,17.35,17.37,
2015-11-17T11:19:00+05:30,17.37,17.38,17.34,17.37,
2015-11-17T11:20:00+05:30,17.37,17.41,17.37,17.39,
2015-11-17T11:21:00+05:30,17.4,17.43,17.39,17.42,
2015-11-17T11:22:00+05:30,17.41,17.41,17.39,17.41,
2015-11-17T11:23:00+05:30,17.4,17.4,17.36,17.36,
2015-11-17T11:24:00+05:30,17.36,17.37,17.34,17.37,
2015-11-17T11:25:00+05:30,17.36,17.4,17.35,17.4,
2015-11-17T11:26:00+05:30,17.4,17.44,17.4,17.44,
2015-11-17T11:27:00+05:30,17.44,17.44,17.4,17.41,
2015-11-17T11:28:00+05:30,17.4,17.47,17.38,17.46,
2015-11-17T11:29:00+05:30,17.46,17.46,17.36,17.36,
2015-11-17T11:30:00+05:30,17.35,17.44,17.35,17.41,
2015-11-17T11:31:00+05:30,17.41,17.41,17.37,17.4,
2015-11-17T11:32:00+05:30,17.4,17.4,17.36,17.37,
2015-11-17T11:33:00+05:30,17.36,17.43,17.35,17.39,
2015-11-17T11:34:00+05:30,17.38,17.39,17.36,17.39,
2015-11-17T11:35:00+05:30,17.38,17.4,17.37,17.37,
2015-11-17T11:36:00+05:30,17.37,17.38,17.3,17.31,
2015-11-17T11:37:00+05:30,17.31,17.32,17.3,17.31,
2015-11-17T11:38:00+05:30,17.3,17.3,17.27,17.27,
2015-11-17T11:39:00+05:30,17.27,17.29,17.26,17.28,
2015-11-17T11:40:00+05:30,17.28,17.29,17.28,17.29,
2015-11-17T11:41:00+05:30,17.29,17.3,17.28,17.28,
2015-11-17T11:42:00+05:30,17.27,17.28,17.25,17.25,
2015-11-17T11:43:00+05:30,17.25,17.27,17.24,17.27,
2015-11-17T11:44:00+05:30,17.27,17.3,17.27,17.28,
2015-11-17T11:45:00+05:30,17.28,17.28,17.26,17.28,
2015-11-17T11:46:00+05:30,17.28,17.28,17.26,17.27,
2015-11-17T11:47:00+05:30,17.27,17.31,17.27,17.31,
2015-11-17T11:48:00+05:30,17.32,17.34,17.32,17.33,
2015-11-17T11:49:00+05:30,17.33,17.33,17.26,17.26,
2015-11-17T11:50:00+05:30,17.27,17.29,17.25,17.29,
2015-11-17T11:51:00+05:30,17.29,17.34,17.28,17.34,
2015-11-17T11:52:00+05:30,17.33,17.35,17.32,17.32,
2015-11-17T11:53:00+05:30,17.32,17.33,17.31,17.31,
2015-11-17T11:54:00+05:30,17.32,17.35,17.3,17.35,
2015-11-17T11:55:00+05:30,17.36,17.37,17.35,17.37,
2015-11-17T11:56:00+05:30,17.37,17.38,17.33,17.33,
2015-11-17T11:57:00+05:30,17.34,17.35,17.32,17.32,
2015-11-17T11:58:00+05:30,17.32,17.32,17.28,17.29,
2015-11-17T11:59:00+05:30,17.3,17.3,17.28,17.28,
2015-11-17T12:00:00+05:30,17.29,17.32,17.28,17.32,
2015-11-17T12:01:00+05:30,17.32,17.34,17.3,17.3,
2015-11-17T12:02:00+05:30,17.31,17.31,17.24,17.24,
2015-11-17T12:03:00+05:30,17.24,17.25,17.24,17.25,
2015-11-17T12:04:00+05:30,17.25,17.25,17.23,17.24,
2015-11-17T12:05:00+05:30,17.24,17.28,17.24,17.27,
2015-11-17T12:06:00+05:30,17.27,17.3,17.27,17.28,
2015-11-17T12:07:00+05:30,17.28,17.28,17.22,17.22,
2015-11-17T12:08:00+05:30,17.22,17.26,17.21,17.25,
2015-11-17T12:09:00+05:30,17.25,17.25,17.23,17.24,
2015-11-17T12:10:00+05:30,17.23,17.27,17.23,17.23,
2015-11-17T12:11:00+05:30,17.23,17.27,17.23,17.25,
2015-11-17T12:12:00+05:30,17.26,17.27,17.24,17.26,
2015-11-17T12:13:00+05:30,17.26,17.27,17.25,17.26,
2015-11-17T12:14:00+05:30,17.26,17.26,17.23,17.23,
2015-11-17T12:15:00+05:30,17.24,17.27,17.23,17.27,
2015-11-17T12:16:00+05:30,17.26,17.28,17.26,17.28,
2015-11-17T12:17:00+05:30,17.27,17.27,17.23,17.24,
2015-11-17T12:18:00+05:30,17.24,17.25,17.23,17.24,
2015-11-17T12:19:00+05:30,17.24,17.25,17.23,17.24,
2015-11-17T12:20:00+05:30,17.23,17.26,17.23,17.23,
2015-11-17T12:21:00+05:30,17.24,17.24,17.19,17.19,
2015-11-17T12:22:00+05:30,17.19,17.23,17.19,17.2,
2015-11-17T12:23:00+05:30,17.2,17.22,17.19,17.22,
2015-11-17T12:24:00+05:30,17.22,17.23,17.2,17.2,
2015-11-17T12:25:00+05:30,17.21,17.21,17.2,17.2,
2015-11-17T12:26:00+05:30,17.21,17.22,17.2,17.22,
2015-11-17T12:27:00+05:30,17.22,17.22,17.2,17.2,
2015-11-17T12:28:00+05:30,17.2,17.2,17.17,17.18,
2015-11-17T12:29:00+05:30,17.18,17.21,17.18,17.21,
2015-11-17T12:30:00+05:30,17.21,17.21,17.17,17.18,
2015-11-17T12:31:00+05:30,17.18,17.21,17.17,17.21,
2015-11-17T12:32:00+05:30,17.21,17.22,17.21,17.22,
2015-11-17T12:33:00+05:30,17.22,17.31,17.21,17.31,
2015-11-17T12:34:00+05:30,17.28,17.34,17.28,17.34,
2015-11-17T12:35:00+05:30,17.34,17.36,17.33,17.33,
2015-11-17T12:36:00+05:30,17.33,17.33,17.31,17.32,
2015-11-17T12:37:00+05:30,17.32,17.36,17.32,17.35,
2015-11-17T12:38:00+05:30,17.35,17.36,17.34,17.34,
2015-11-17T12:39:00+05:30,17.34,17.36,17.34,17.35,
2015-11-17T12:40:00+05:30,17.36,17.4,17.3,17.35,
2015-11-17T12:41:00+05:30,17.35,17.38,17.31,17.37,
2015-11-17T12:42:00+05:30,17.37,17.37,17.32,17.33,
2015-11-17T12:43:00+05:30,17.33,17.36,17.32,17.35,
2015-11-17T12:44:00+05:30,17.35,17.35,17.31,17.34,
2015-11-17T12:45:00+05:30,17.33,17.35,17.27,17.28,
2015-11-17T12:46:00+05:30,17.28,17.32,17.27,17.28,
2015-11-17T12:47:00+05:30,17.28,17.28,17.25,17.26,
2015-11-17T12:48:00+05:30,17.26,17.28,17.25,17.27,
2015-11-17T12:49:00+05:30,17.28,17.32,17.27,17.32,
2015-11-17T12:50:00+05:30,17.31,17.36,17.31,17.33,
2015-11-17T12:51:00+05:30,17.32,17.35,17.28,17.28,
2015-11-17T12:52:00+05:30,17.28,17.33,17.27,17.31,
2015-11-17T12:53:00+05:30,17.31,17.36,17.31,17.32,
2015-11-17T12:54:00+05:30,17.32,17.32,17.3,17.3,
2015-11-17T12:55:00+05:30,17.3,17.31,17.28,17.31,
2015-11-17T12:56:00+05:30,17.31,17.35,17.31,17.34,
2015-11-17T12:57:00+05:30,17.34,17.34,17.29,17.29,
2015-11-17T12:58:00+05:30,17.3,17.3,17.28,17.29,
2015-11-17T12:59:00+05:30,17.3,17.3,17.27,17.28,
2015-11-17T13:00:00+05:30,17.28,17.3,17.27,17.29,
2015-11-17T13:01:00+05:30,17.29,17.33,17.27,17.32,
2015-11-17T13:02:00+05:30,17.32,17.32,17.3,17.3,
2015-11-17T13:03:00+05:30,17.3,17.31,17.28,17.28,
2015-11-17T13:04:00+05:30,17.28,17.29,17.26,17.28,
2015-11-17T13:05:00+05:30,17.28,17.29,17.27,17.29,
2015-11-17T13:06:00+05:30,17.27,17.27,17.24,17.25,
2015-11-17T13:07:00+05:30,17.25,17.26,17.24,17.26,
2015-11-17T13:08:00+05:30,17.26,17.26,17.25,17.26,
2015-11-17T13:09:00+05:30,17.25,17.27,17.25,17.25,
2015-11-17T13:10:00+05:30,17.25,17.26,17.24,17.26,
2015-11-17T13:11:00+05:30,17.26,17.29,17.25,17.29,
2015-11-17T13:12:00+05:30,17.29,17.29,17.25,17.26,
2015-11-17T13:13:00+05:30,17.26,17.26,17.24,17.25,
2015-11-17T13:14:00+05:30,17.26,17.26,17.22,17.25,
2015-11-17T13:15:00+05:30,17.25,17.31,17.25,17.3,
2015-11-17T13:16:00+05:30,17.3,17.32,17.29,17.29,
2015-11-17T13:17:00+05:30,17.29,17.29,17.24,17.24,
2015-11-17T13:18:00+05:30,17.24,17.27,17.22,17.27,
2015-11-17T13:19:00+05:30,17.26,17.27,17.26,17.27,
2015-11-17T13:20:00+05:30,17.27,17.28,17.21,17.22,
2015-11-17T13:21:00+05:30,17.22,17.23,17.19,17.2,
2015-11-17T13:22:00+05:30,17.2,17.21,17.19,17.19,
2015-11-17T13:23:00+05:30,17.2,17.2,17.14,17.17,
2015-11-17T13:24:00+05:30,17.18,17.18,17.15,17.18,
2015-11-17T13:25:00+05:30,17.18,17.18,17.13,17.15,
2015-11-17T13:26:00+05:30,17.14,17.19,17.14,17.19,
2015-11-17T13:27:00+05:30,17.19,17.2,17.16,17.17,
2015-11-17T13:28:00+05:30,17.17,17.2,17.16,17.2,
2015-11-17T13:29:00+05:30,17.2,17.21,17.18,17.19,
2015-11-17T13:30:00+05:30,17.19,17.23,17.18,17.23,
2015-11-17T13:31:00+05:30,17.23,17.23,17.2,17.22,
2015-11-17T13:32:00+05:30,17.22,17.22,17.17,17.19,
2015-11-17T13:33:00+05:30,17.19,17.21,17.19,17.19,
2015-11-17T13:34:00+05:30,17.19,17.22,17.18,17.21,
2015-11-17T13:35:00+05:30,17.21,17.22,17.2,17.22,
2015-11-17T13:36:00+05:30,17.22,17.22,17.17,17.21,
2015-11-17T13:37:00+05:30,17.2,17.21,17.19,17.2,
2015-11-17T13:38:00+05:30,17.2,17.37,17.13,17.33,
2015-11-17T13:39:00+05:30,17.32,17.37,17.31,17.33,
2015-11-17T13:40:00+05:30,17.33,17.37,17.13,17.13,
2015-11-17T13:41:00+05:30,17.13,17.19,17.11,17.13,
2015-11-17T13:42:00+05:30,17.13,17.19,17.13,17.19,
2015-11-17T13:43:00+05:30,17.19,17.22,17.19,17.22,
2015-11-17T13:44:00+05:30,17.23,17.24,17.22,17.23,
2015-11-17T13:45:00+05:30,17.23,17.24,17.22,17.22,
2015-11-17T13:46:00+05:30,17.22,17.27,17.22,17.26,
2015-11-17T13:47:00+05:30,17.27,17.27,17.22,17.24,
2015-11-17T13:48:00+05:30,17.24,17.24,17.22,17.23,
2015-11-17T13:49:00+05:30,17.22,17.24,17.2,17.24,
2015-11-17T13:50:00+05:30,17.23,17.23,17.2,17.21,
2015-11-17T13:51:00+05:30,17.21,17.21,17.19,17.21,
2015-11-17T13:52:00+05:30,17.21,17.27,17.21,17.27,
2015-11-17T13:53:00+05:30,17.27,17.49,17.26,17.47,
2015-11-17T13:54:00+05:30,17.47,17.47,17.44,17.46,
2015-11-17T13:55:00+05:30,17.46,17.49,17.46,17.48,
2015-11-17T13:56:00+05:30,17.48,17.52,17.48,17.51,
2015-11-17T13:57:00+05:30,17.51,17.52,17.5,17.5,
2015-11-17T13:58:00+05:30,17.5,17.5,17.44,17.44,
2015-11-17T13:59:00+05:30,17.44,17.45,17.4,17.42,
2015-11-17T14:00:00+05:30,17.42,17.45,17.38,17.44,
2015-11-17T14:01:00+05:30,17.44,17.45,17.42,17.45,
2015-11-17T14:02:00+05:30,17.45,17.46,17.44,17.44,
2015-11-17T14:03:00+05:30,17.44,17.45,17.41,17.42,
2015-11-17T14:04:00+05:30,17.42,17.45,17.41,17.44,
2015-11-17T14:05:00+05:30,17.43,17.44,17.39,17.44,
2015-11-17T14:06:00+05:30,17.44,17.44,17.4,17.41,
2015-11-17T14:07:00+05:30,17.41,17.41,17.35,17.37,
2015-11-17T14:08:00+05:30,17.37,17.39,17.35,17.37,
2015-11-17T14:09:00+05:30,17.37,17.39,17.34,17.35,
2015-11-17T14:10:00+05:30,17.36,17.36,17.23,17.25,
2015-11-17T14:11:00+05:30,17.25,17.29,17.24,17.29,
2015-11-17T14:12:00+05:30,17.29,17.3,17.26,17.27,
2015-11-17T14:13:00+05:30,17.26,17.26,17.17,17.2,
2015-11-17T14:14:00+05:30,17.2,17.26,17.19,17.25,
2015-11-17T14:15:00+05:30,17.25,17.28,17.25,17.28,
2015-11-17T14:16:00+05:30,17.27,17.29,17.26,17.29,
2015-11-17T14:17:00+05:30,17.28,17.3,17.27,17.3,
2015-11-17T14:18:00+05:30,17.3,17.36,17.3,17.36,
2015-11-17T14:19:00+05:30,17.36,17.36,17.32,17.36,
2015-11-17T14:20:00+05:30,17.37,17.4,17.37,17.37,
2015-11-17T14:21:00+05:30,17.37,17.37,17.33,17.35,
2015-11-17T14:22:00+05:30,17.35,17.37,17.33,17.36,
2015-11-17T14:23:00+05:30,17.37,17.4,17.37,17.38,
2015-11-17T14:24:00+05:30,17.37,17.37,17.32,17.32,
2015-11-17T14:25:00+05:30,17.32,17.35,17.31,17.31,
2015-11-17T14:26:00+05:30,17.29,17.34,17.29,17.33,
2015-11-17T14:27:00+05:30,17.33,17.34,17.3,17.32,
2015-11-17T14:28:00+05:30,17.32,17.34,17.31,17.34,
2015-11-17T14:29:00+05:30,17.34,17.35,17.32,17.34,
2015-11-17T14:30:00+05:30,17.34,17.35,17.32,17.34,
2015-11-17T14:31:00+05:30,17.33,17.34,17.31,17.33,
2015-11-17T14:32:00+05:30,17.33,17.35,17.32,17.35,
2015-11-17T14:33:00+05:30,17.35,17.37,17.25,17.25,
2015-11-17T14:34:00+05:30,17.25,17.26,17.19,17.19,
2015-11-17T14:35:00+05:30,17.2,17.2,17.15,17.18,
2015-11-17T14:36:00+05:30,17.18,17.19,17.17,17.18,
2015-11-17T14:37:00+05:30,17.18,17.19,17.15,17.15,
2015-11-17T14:38:00+05:30,17.16,17.21,17.15,17.21,
2015-11-17T14:39:00+05:30,17.2,17.2,17.17,17.2,
2015-11-17T14:40:00+05:30,17.2,17.22,17.18,17.18,
2015-11-17T14:41:00+05:30,17.18,17.2,17.17,17.19,
2015-11-17T14:42:00+05:30,17.19,17.2,17.12,17.12,
2015-11-17T14:43:00+05:30,17.12,17.21,17.12,17.21,
2015-11-17T14:44:00+05:30,17.14,17.21,17.12,17.16,
2015-11-17T14:45:00+05:30,17.16,17.19,17.15,17.19,
2015-11-17T14:46:00+05:30,17.18,17.21,17.18,17.2,
2015-11-17T14:47:00+05:30,17.2,17.2,16.93,16.93,
2015-11-17T14:48:00+05:30,16.94,16.95,16.91,16.93,
2015-11-17T14:49:00+05:30,16.94,16.95,16.92,16.95,
2015-11-17T14:50:00+05:30,16.95,16.97,16.94,16.95,
2015-11-17T14:51:00+05:30,16.96,16.99,16.94,16.98,
2015-11-17T14:52:00+05:30,16.97,17,16.95,16.95,
2015-11-17T14:53:00+05:30,16.96,16.97,16.92,16.95,
2015-11-17T14:54:00+05:30,16.95,16.99,16.95,16.96,
2015-11-17T14:55:00+05:30,16.96,16.99,16.95,16.99,
2015-11-17T14:56:00+05:30,16.98,17,16.96,17,
2015-11-17T14:57:00+05:30,17,17,16.96,16.97,
2015-11-17T14:58:00+05:30,16.97,16.99,16.97,16.99,
2015-11-17T14:59:00+05:30,16.99,16.99,16.95,16.97,
2015-11-17T15:00:00+05:30,16.97,16.99,16.93,16.93,
2015-11-17T15:01:00+05:30,16.93,16.95,16.92,16.93,
2015-11-17T15:02:00+05:30,16.92,16.97,16.92,16.96,
2015-11-17T15:03:00+05:30,16.96,16.96,16.91,16.92,
2015-11-17T15:04:00+05:30,16.93,16.94,16.92,16.94,
2015-11-17T15:05:00+05:30,16.93,16.97,16.91,16.95,
2015-11-17T15:06:00+05:30,16.94,17,16.94,17,
2015-11-17T15:07:00+05:30,17,17,16.96,16.96,
2015-11-17T15:08:00+05:30,16.96,16.98,16.95,16.97,
2015-11-17T15:09:00+05:30,16.97,16.97,16.92,16.94,
2015-11-17T15:10:00+05:30,16.94,16.96,16.93,16.94,
2015-11-17T15:11:00+05:30,16.94,16.96,16.93,16.95,
2015-11-17T15:12:00+05:30,16.94,16.97,16.92,16.92,
2015-11-17T15:13:00+05:30,16.93,16.93,16.91,16.92,
2015-11-17T15:14:00+05:30,16.91,16.96,16.9,16.96,
2015-11-17T15:15:00+05:30,16.96,16.98,16.93,16.96,
2015-11-17T15:16:00+05:30,16.96,16.97,16.93,16.93,
2015-11-17T15:17:00+05:30,16.93,16.96,16.93,16.95,
2015-11-17T15:18:00+05:30,16.95,16.97,16.93,16.93,
2015-11-17T15:19:00+05:30,16.94,16.97,16.93,16.93,
2015-11-17T15:20:00+05:30,16.93,16.97,16.93,16.95,
2015-11-17T15:21:00+05:30,16.96,16.97,16.95,16.96,
2015-11-17T15:22:00+05:30,16.95,16.96,16.91,16.96,
2015-11-17T15:23:00+05:30,16.97,17.01,16.96,17.01,
2015-11-17T15:24:00+05:30,17.01,17.09,17.01,17.09,
2015-11-17T15:25:00+05:30,17.09,17.13,17.09,17.12,
2015-11-17T15:26:00+05:30,17.12,17.13,17.09,17.11,
2015-11-17T15:27:00+05:30,17.11,17.15,17.09,17.09,
2015-11-17T15:28:00+05:30,17.09,17.09,17.03,17.04,
2015-11-17T15:29:00+05:30,17.03,17.04,17,17,
2015-11-18T09:15:00+05:30,16.97,16.97,14.9,16.56,
2015-11-18T09:16:00+05:30,16.53,17.08,16.53,17.04,
2015-11-18T09:17:00+05:30,17.05,17.11,17.02,17.04,
2015-11-18T09:18:00+05:30,17.04,17.06,16.96,16.96,
2015-11-18T09:19:00+05:30,16.96,16.96,16.85,16.85,
2015-11-18T09:20:00+05:30,16.84,16.85,16.82,16.85,
2015-11-18T09:21:00+05:30,16.83,16.88,16.83,16.85,
2015-11-18T09:22:00+05:30,16.85,16.88,16.83,16.88,
2015-11-18T09:23:00+05:30,16.88,16.89,16.84,16.88,
2015-11-18T09:24:00+05:30,16.88,16.9,16.86,16.87,
2015-11-18T09:25:00+05:30,16.88,16.89,16.84,16.87,
2015-11-18T09:26:00+05:30,16.87,16.89,16.79,16.88,
2015-11-18T09:27:00+05:30,16.88,16.89,16.86,16.88,
2015-11-18T09:28:00+05:30,16.88,16.88,16.84,16.85,
2015-11-18T09:29:00+05:30,16.84,16.84,16.76,16.77,
2015-11-18T09:30:00+05:30,16.77,16.84,16.75,16.8,
2015-11-18T09:31:00+05:30,16.79,16.8,16.77,16.8,
2015-11-18T09:32:00+05:30,16.8,16.86,16.8,16.85,
2015-11-18T09:33:00+05:30,16.85,16.85,16.82,16.83,
2015-11-18T09:34:00+05:30,16.83,16.84,16.82,16.83,
2015-11-18T09:35:00+05:30,16.83,16.83,16.81,16.81,
2015-11-18T09:36:00+05:30,16.8,16.82,16.78,16.82,
2015-11-18T09:37:00+05:30,16.82,16.82,16.79,16.79,
2015-11-18T09:38:00+05:30,16.78,16.78,16.75,16.77,
2015-11-18T09:39:00+05:30,16.77,16.78,16.74,16.75,
2015-11-18T09:40:00+05:30,16.75,16.79,16.73,16.75,
2015-11-18T09:41:00+05:30,16.76,16.8,16.76,16.77,
2015-11-18T09:42:00+05:30,16.77,16.79,16.77,16.79,
2015-11-18T09:43:00+05:30,16.78,16.8,16.77,16.78,
2015-11-18T09:44:00+05:30,16.77,16.77,16.73,16.74,
2015-11-18T09:45:00+05:30,16.74,16.76,16.74,16.75,
2015-11-18T09:46:00+05:30,16.75,16.79,16.75,16.79,
2015-11-18T09:47:00+05:30,16.79,16.82,16.79,16.8,
2015-11-18T09:48:00+05:30,16.8,16.82,16.8,16.82,
2015-11-18T09:49:00+05:30,16.82,16.82,16.78,16.79,
2015-11-18T09:50:00+05:30,16.79,16.8,16.78,16.8,
2015-11-18T09:51:00+05:30,16.8,16.82,16.8,16.81,
2015-11-18T09:52:00+05:30,16.81,16.81,16.78,16.79,
2015-11-18T09:53:00+05:30,16.79,16.8,16.76,16.8,
2015-11-18T09:54:00+05:30,16.8,16.82,16.8,16.81,
2015-11-18T09:55:00+05:30,16.81,16.81,16.78,16.81,
2015-11-18T09:56:00+05:30,16.81,16.81,16.77,16.78,
2015-11-18T09:57:00+05:30,16.78,16.8,16.77,16.79,
2015-11-18T09:58:00+05:30,16.78,16.8,16.77,16.78,
2015-11-18T09:59:00+05:30,16.78,16.81,16.77,16.81,
2015-11-18T10:00:00+05:30,16.81,16.82,16.8,16.81,
2015-11-18T10:01:00+05:30,16.81,16.85,16.81,16.85,
2015-11-18T10:02:00+05:30,16.86,16.87,16.85,16.85,
2015-11-18T10:03:00+05:30,16.86,16.87,16.84,16.87,
2015-11-18T10:04:00+05:30,16.87,16.87,16.84,16.86,
2015-11-18T10:05:00+05:30,16.86,16.89,16.86,16.86,
2015-11-18T10:06:00+05:30,16.86,16.88,16.86,16.88,
2015-11-18T10:07:00+05:30,16.88,16.88,16.86,16.86,
2015-11-18T10:08:00+05:30,16.86,16.89,16.86,16.88,
2015-11-18T10:09:00+05:30,16.88,16.88,16.86,16.87,
2015-11-18T10:10:00+05:30,16.87,16.87,16.85,16.86,
2015-11-18T10:11:00+05:30,16.85,16.86,16.83,16.84,
2015-11-18T10:12:00+05:30,16.84,16.86,16.82,16.86,
2015-11-18T10:13:00+05:30,16.86,16.87,16.83,16.87,
2015-11-18T10:14:00+05:30,16.87,16.87,16.85,16.85,
2015-11-18T10:15:00+05:30,16.85,16.86,16.84,16.86,
2015-11-18T10:16:00+05:30,16.86,16.89,16.86,16.88,
2015-11-18T10:17:00+05:30,16.88,16.89,16.87,16.89,
2015-11-18T10:18:00+05:30,16.89,16.91,16.88,16.89,
2015-11-18T10:19:00+05:30,16.88,16.92,16.87,16.87,
2015-11-18T10:20:00+05:30,16.87,16.87,16.83,16.84,
2015-11-18T10:21:00+05:30,16.84,16.84,16.79,16.79,
2015-11-18T10:22:00+05:30,16.8,16.8,16.78,16.79,
2015-11-18T10:23:00+05:30,16.79,16.83,16.79,16.8,
2015-11-18T10:24:00+05:30,16.8,16.84,16.79,16.82,
2015-11-18T10:25:00+05:30,16.83,16.83,16.81,16.82,
2015-11-18T10:26:00+05:30,16.82,16.82,16.78,16.79,
2015-11-18T10:27:00+05:30,16.79,16.8,16.79,16.8,
2015-11-18T10:28:00+05:30,16.8,16.82,16.79,16.82,
2015-11-18T10:29:00+05:30,16.82,16.82,16.79,16.8,
2015-11-18T10:30:00+05:30,16.8,16.81,16.79,16.8,
2015-11-18T10:31:00+05:30,16.8,16.82,16.78,16.82,
2015-11-18T10:32:00+05:30,16.83,16.85,16.81,16.82,
2015-11-18T10:33:00+05:30,16.82,16.82,16.79,16.81,
2015-11-18T10:34:00+05:30,16.81,16.83,16.79,16.79,
2015-11-18T10:35:00+05:30,16.79,16.83,16.79,16.8,
2015-11-18T10:36:00+05:30,16.8,16.8,16.79,16.79,
2015-11-18T10:37:00+05:30,16.86,16.86,16.77,16.77,
2015-11-18T10:38:00+05:30,16.77,16.8,16.77,16.79,
2015-11-18T10:39:00+05:30,16.79,16.8,16.79,16.79,
2015-11-18T10:40:00+05:30,16.79,16.82,16.79,16.81,
2015-11-18T10:41:00+05:30,16.81,16.82,16.79,16.79,
2015-11-18T10:42:00+05:30,16.79,16.81,16.79,16.81,
2015-11-18T10:43:00+05:30,16.81,16.82,16.79,16.8,
2015-11-18T10:44:00+05:30,16.8,16.8,16.78,16.79,
2015-11-18T10:45:00+05:30,16.79,16.79,16.78,16.79,
2015-11-18T10:46:00+05:30,16.79,16.82,16.77,16.78,
2015-11-18T10:47:00+05:30,16.78,16.79,16.77,16.78,
2015-11-18T10:48:00+05:30,16.78,16.83,16.78,16.82,
2015-11-18T10:49:00+05:30,16.82,16.85,16.82,16.82,
2015-11-18T10:50:00+05:30,16.82,16.84,16.81,16.83,
2015-11-18T10:51:00+05:30,16.83,16.84,16.83,16.84,
2015-11-18T10:52:00+05:30,16.84,16.84,16.82,16.83,
2015-11-18T10:53:00+05:30,16.83,16.85,16.79,16.79,
2015-11-18T10:54:00+05:30,16.79,16.8,16.78,16.8,
2015-11-18T10:55:00+05:30,16.8,16.8,16.77,16.78,
2015-11-18T10:56:00+05:30,16.78,16.78,16.75,16.77,
2015-11-18T10:57:00+05:30,16.77,16.79,16.77,16.78,
2015-11-18T10:58:00+05:30,16.79,16.82,16.78,16.81,
2015-11-18T10:59:00+05:30,16.82,16.83,16.81,16.82,
2015-11-18T11:00:00+05:30,16.82,16.84,16.8,16.8,
2015-11-18T11:01:00+05:30,16.8,16.84,16.8,16.84,
2015-11-18T11:02:00+05:30,16.85,16.85,16.82,16.82,
2015-11-18T11:03:00+05:30,16.81,16.82,16.8,16.82,
2015-11-18T11:04:00+05:30,16.82,16.84,16.82,16.84,
2015-11-18T11:05:00+05:30,16.82,16.85,16.81,16.84,
2015-11-18T11:06:00+05:30,16.84,16.84,16.81,16.83,
2015-11-18T11:07:00+05:30,16.83,16.83,16.78,16.81,
2015-11-18T11:08:00+05:30,16.81,16.81,16.78,16.8,
2015-11-18T11:09:00+05:30,16.8,16.82,16.8,16.8,
2015-11-18T11:10:00+05:30,16.8,16.81,16.79,16.81,
2015-11-18T11:11:00+05:30,16.8,16.8,16.77,16.79,
2015-11-18T11:12:00+05:30,16.8,16.82,16.8,16.81,
2015-11-18T11:13:00+05:30,16.81,16.82,16.79,16.8,
2015-11-18T11:14:00+05:30,16.8,16.84,16.8,16.81,
2015-11-18T11:15:00+05:30,16.81,16.82,16.8,16.82,
2015-11-18T11:16:00+05:30,16.82,17.02,16.82,17,
2015-11-18T11:17:00+05:30,17,17.03,17,17.02,
2015-11-18T11:18:00+05:30,17.01,17.01,16.96,16.97,
2015-11-18T11:19:00+05:30,16.97,17.03,16.97,17.02,
2015-11-18T11:20:00+05:30,17.02,17.02,16.98,17,
2015-11-18T11:21:00+05:30,17,17.01,16.97,16.98,
2015-11-18T11:22:00+05:30,16.98,16.99,16.98,16.98,
2015-11-18T11:23:00+05:30,16.98,17,16.98,16.98,
2015-11-18T11:24:00+05:30,16.98,17,16.98,16.98,
2015-11-18T11:25:00+05:30,16.98,16.99,16.96,16.97,
2015-11-18T11:26:00+05:30,16.97,16.97,16.95,16.97,
2015-11-18T11:27:00+05:30,16.97,16.99,16.96,16.98,
2015-11-18T11:28:00+05:30,16.98,16.99,16.95,16.95,
2015-11-18T11:29:00+05:30,16.94,17,16.94,17,
2015-11-18T11:30:00+05:30,17,17.02,16.99,17.02,
2015-11-18T11:31:00+05:30,17.02,17.03,17.01,17.02,
2015-11-18T11:32:00+05:30,17.02,17.02,16.98,16.99,
2015-11-18T11:33:00+05:30,16.99,17,16.97,16.97,
2015-11-18T11:34:00+05:30,16.97,17,16.97,16.98,
2015-11-18T11:35:00+05:30,16.98,17.04,16.97,17.03,
2015-11-18T11:36:00+05:30,17.03,17.05,17.03,17.04,
2015-11-18T11:37:00+05:30,17.04,17.05,17.02,17.03,
2015-11-18T11:38:00+05:30,17.03,17.03,17.01,17.03,
2015-11-18T11:39:00+05:30,17.03,17.04,17.02,17.03,
2015-11-18T11:40:00+05:30,17.03,17.05,17,17,
2015-11-18T11:41:00+05:30,17,17.01,16.99,16.99,
2015-11-18T11:42:00+05:30,16.99,16.99,16.78,16.78,
2015-11-18T11:43:00+05:30,16.79,16.81,16.78,16.8,
2015-11-18T11:44:00+05:30,16.8,17.01,16.8,16.99,
2015-11-18T11:45:00+05:30,16.99,17.02,16.99,17,
2015-11-18T11:46:00+05:30,17,17.01,16.97,16.97,
2015-11-18T11:47:00+05:30,16.97,16.99,16.97,16.98,
2015-11-18T11:48:00+05:30,16.98,16.98,16.98,16.98,
2015-11-18T11:49:00+05:30,16.98,17,16.97,17,
2015-11-18T11:50:00+05:30,17,17,16.99,16.99,
2015-11-18T11:51:00+05:30,16.98,17.01,16.98,16.99,
2015-11-18T11:52:00+05:30,16.99,17,16.95,16.95,
2015-11-18T11:53:00+05:30,16.95,17.02,16.95,16.99,
2015-11-18T11:54:00+05:30,16.98,16.98,16.94,16.94,
2015-11-18T11:55:00+05:30,16.94,16.95,16.92,16.93,
2015-11-18T11:56:00+05:30,16.93,16.93,16.9,16.91,
2015-11-18T11:57:00+05:30,16.91,16.94,16.9,16.9,
2015-11-18T11:58:00+05:30,16.9,16.92,16.9,16.92,
2015-11-18T11:59:00+05:30,16.92,16.92,16.9,16.9,
2015-11-18T12:00:00+05:30,16.9,16.93,16.9,16.93,
2015-11-18T12:01:00+05:30,16.93,16.93,16.89,16.9,
2015-11-18T12:02:00+05:30,16.9,16.91,16.89,16.9,
2015-11-18T12:03:00+05:30,16.9,16.92,16.9,16.92,
2015-11-18T12:04:00+05:30,16.92,16.92,16.89,16.9,
2015-11-18T12:05:00+05:30,16.9,16.9,16.87,16.88,
2015-11-18T12:06:00+05:30,16.88,16.9,16.7,16.7,
2015-11-18T12:07:00+05:30,16.7,16.89,16.69,16.88,
2015-11-18T12:08:00+05:30,16.88,16.88,16.86,16.87,
2015-11-18T12:09:00+05:30,16.88,16.91,16.88,16.88,
2015-11-18T12:10:00+05:30,16.88,16.9,16.87,16.89,
2015-11-18T12:11:00+05:30,16.89,16.91,16.88,16.88,
2015-11-18T12:12:00+05:30,16.88,16.89,16.86,16.87,
2015-11-18T12:13:00+05:30,16.88,16.89,16.85,16.85,
2015-11-18T12:14:00+05:30,16.85,16.86,16.84,16.85,
2015-11-18T12:15:00+05:30,16.86,16.86,16.83,16.83,
2015-11-18T12:16:00+05:30,16.83,16.84,16.82,16.83,
2015-11-18T12:17:00+05:30,16.83,16.84,16.8,16.8,
2015-11-18T12:18:00+05:30,16.79,16.83,16.78,16.83,
2015-11-18T12:19:00+05:30,16.83,16.84,16.82,16.84,
2015-11-18T12:20:00+05:30,16.85,16.91,16.85,16.91,
2015-11-18T12:21:00+05:30,16.91,16.93,16.91,16.91,
2015-11-18T12:22:00+05:30,16.91,16.94,16.9,16.94,
2015-11-18T12:23:00+05:30,16.93,16.98,16.93,16.98,
2015-11-18T12:24:00+05:30,17.01,17.02,16.99,17.01,
2015-11-18T12:25:00+05:30,17.01,17.03,16.99,17,
2015-11-18T12:26:00+05:30,17,17,16.97,16.97,
2015-11-18T12:27:00+05:30,16.98,17.05,16.97,17.05,
2015-11-18T12:28:00+05:30,17.04,17.04,16.99,17,
2015-11-18T12:29:00+05:30,17.01,17.04,17,17.01,
2015-11-18T12:30:00+05:30,17,17.03,17,17.01,
2015-11-18T12:31:00+05:30,17.02,17.02,16.99,17.01,
2015-11-18T12:32:00+05:30,17.01,17.03,17,17,
2015-11-18T12:33:00+05:30,17,17.02,16.98,17,
2015-11-18T12:34:00+05:30,17.01,17.04,17,17.03,
2015-11-18T12:35:00+05:30,17.04,17.04,17.01,17.02,
2015-11-18T12:36:00+05:30,17.02,17.04,17,17.03,
2015-11-18T12:37:00+05:30,17.03,17.07,17.03,17.04,
2015-11-18T12:38:00+05:30,17.03,17.07,17.03,17.07,
2015-11-18T12:39:00+05:30,17.07,17.08,17.06,17.07,
2015-11-18T12:40:00+05:30,17.07,17.11,17.05,17.11,
2015-11-18T12:41:00+05:30,17.12,17.12,17.08,17.08,
2015-11-18T12:42:00+05:30,17.08,17.09,17.04,17.04,
2015-11-18T12:43:00+05:30,17.04,17.05,17.04,17.04,
2015-11-18T12:44:00+05:30,17.04,17.09,17.03,17.08,
2015-11-18T12:45:00+05:30,17.08,17.08,17.04,17.07,
2015-11-18T12:46:00+05:30,17.06,17.06,17.03,17.03,
2015-11-18T12:47:00+05:30,17.03,17.05,17.03,17.03,
2015-11-18T12:48:00+05:30,17.03,17.03,16.98,16.98,
2015-11-18T12:49:00+05:30,16.99,17.04,16.99,17.04,
2015-11-18T12:50:00+05:30,17.03,17.04,17.01,17.03,
2015-11-18T12:51:00+05:30,17.04,17.05,17.01,17.01,
2015-11-18T12:52:00+05:30,17.01,17.01,16.99,17.01,
2015-11-18T12:53:00+05:30,17,17.02,16.99,17.01,
2015-11-18T12:54:00+05:30,17.01,17.01,17.01,17.01,
2015-11-18T12:55:00+05:30,17.01,17.03,17.01,17.03,
2015-11-18T12:56:00+05:30,17.03,17.03,17.01,17.01,
2015-11-18T12:57:00+05:30,17.02,17.03,17.01,17.01,
2015-11-18T12:58:00+05:30,17.01,17.18,17,17.01,
2015-11-18T12:59:00+05:30,17.01,17.22,16.98,16.99,
2015-11-18T13:00:00+05:30,16.98,17.01,16.98,16.99,
2015-11-18T13:01:00+05:30,16.99,17.02,16.99,16.99,
2015-11-18T13:02:00+05:30,16.99,17.02,16.97,17.01,
2015-11-18T13:03:00+05:30,17.01,17.01,16.97,16.97,
2015-11-18T13:04:00+05:30,16.96,16.98,16.96,16.96,
2015-11-18T13:05:00+05:30,16.96,16.96,16.95,16.95,
2015-11-18T13:06:00+05:30,16.95,16.97,16.94,16.95,
2015-11-18T13:07:00+05:30,16.95,16.98,16.95,16.97,
2015-11-18T13:08:00+05:30,16.97,16.98,16.97,16.98,
2015-11-18T13:09:00+05:30,16.97,16.98,16.96,16.96,
2015-11-18T13:10:00+05:30,16.96,16.99,16.95,16.96,
2015-11-18T13:11:00+05:30,16.96,16.97,16.95,16.96,
2015-11-18T13:12:00+05:30,16.96,16.99,16.95,16.99,
2015-11-18T13:13:00+05:30,16.99,17.02,16.99,17.01,
2015-11-18T13:14:00+05:30,17,17.01,16.99,17.01,
2015-11-18T13:15:00+05:30,17.01,17.02,16.99,17.02,
2015-11-18T13:16:00+05:30,17.02,17.09,17.02,17.02,
2015-11-18T13:17:00+05:30,17.03,17.11,17.03,17.11,
2015-11-18T13:18:00+05:30,17.11,17.23,17.11,17.23,
2015-11-18T13:19:00+05:30,17.23,17.38,17.23,17.29,
2015-11-18T13:20:00+05:30,17.3,17.32,17.2,17.2,
2015-11-18T13:21:00+05:30,17.2,17.23,17.17,17.22,
2015-11-18T13:22:00+05:30,17.22,17.24,17.12,17.13,
2015-11-18T13:23:00+05:30,17.13,17.19,17.11,17.13,
2015-11-18T13:24:00+05:30,17.14,17.21,17.12,17.17,
2015-11-18T13:25:00+05:30,17.18,17.23,17.17,17.22,
2015-11-18T13:26:00+05:30,17.22,17.23,17.16,17.16,
2015-11-18T13:27:00+05:30,17.17,17.22,17.17,17.2,
2015-11-18T13:28:00+05:30,17.2,17.22,17.13,17.21,
2015-11-18T13:29:00+05:30,17.21,17.26,17.21,17.25,
2015-11-18T13:30:00+05:30,17.25,17.44,17.22,17.44,
2015-11-18T13:31:00+05:30,17.45,17.63,17.45,17.57,
2015-11-18T13:32:00+05:30,17.57,17.57,17.5,17.55,
2015-11-18T13:33:00+05:30,17.55,17.63,17.55,17.62,
2015-11-18T13:34:00+05:30,17.62,17.63,17.58,17.61,
2015-11-18T13:35:00+05:30,17.61,17.69,17.58,17.58,
2015-11-18T13:36:00+05:30,17.59,17.59,17.51,17.53,
2015-11-18T13:37:00+05:30,17.53,17.53,17.46,17.48,
2015-11-18T13:38:00+05:30,17.47,17.47,17.34,17.39,
2015-11-18T13:39:00+05:30,17.41,17.41,17.36,17.36,
2015-11-18T13:40:00+05:30,17.36,17.44,17.36,17.41,
2015-11-18T13:41:00+05:30,17.41,17.5,17.4,17.5,
2015-11-18T13:42:00+05:30,17.5,17.53,17.47,17.47,
2015-11-18T13:43:00+05:30,17.47,17.5,17.39,17.42,
2015-11-18T13:44:00+05:30,17.43,17.43,17.33,17.33,
2015-11-18T13:45:00+05:30,17.33,17.36,17.31,17.33,
2015-11-18T13:46:00+05:30,17.32,17.32,17.27,17.28,
2015-11-18T13:47:00+05:30,17.29,17.33,17.29,17.32,
2015-11-18T13:48:00+05:30,17.32,17.34,17.31,17.34,
2015-11-18T13:49:00+05:30,17.34,17.34,17.23,17.24,
2015-11-18T13:50:00+05:30,17.26,17.31,17.26,17.31,
2015-11-18T13:51:00+05:30,17.32,17.34,17.29,17.33,
2015-11-18T13:52:00+05:30,17.35,17.4,17.35,17.39,
2015-11-18T13:53:00+05:30,17.39,17.48,17.39,17.48,
2015-11-18T13:54:00+05:30,17.49,17.54,17.49,17.52,
2015-11-18T13:55:00+05:30,17.52,17.58,17.45,17.45,
2015-11-18T13:56:00+05:30,17.44,17.44,17.4,17.42,
2015-11-18T13:57:00+05:30,17.42,17.58,17.42,17.54,
2015-11-18T13:58:00+05:30,17.53,17.54,17.42,17.45,
2015-11-18T13:59:00+05:30,17.48,17.49,17.45,17.46,
2015-11-18T14:00:00+05:30,17.46,17.51,17.45,17.49,
2015-11-18T14:01:00+05:30,17.51,17.53,17.5,17.5,
2015-11-18T14:02:00+05:30,17.5,17.54,17.49,17.51,
2015-11-18T14:03:00+05:30,17.5,17.51,17.49,17.49,
2015-11-18T14:04:00+05:30,17.49,17.53,17.47,17.53,
2015-11-18T14:05:00+05:30,17.52,17.56,17.51,17.53,
2015-11-18T14:06:00+05:30,17.53,17.54,17.51,17.53,
2015-11-18T14:07:00+05:30,17.53,17.54,17.41,17.41,
2015-11-18T14:08:00+05:30,17.42,17.48,17.4,17.44,
2015-11-18T14:09:00+05:30,17.44,17.5,17.44,17.5,
2015-11-18T14:10:00+05:30,17.5,17.51,17.45,17.45,
2015-11-18T14:11:00+05:30,17.45,17.53,17.45,17.52,
2015-11-18T14:12:00+05:30,17.52,17.56,17.48,17.56,
2015-11-18T14:13:00+05:30,17.56,17.58,17.48,17.48,
2015-11-18T14:14:00+05:30,17.48,17.5,17.46,17.49,
2015-11-18T14:15:00+05:30,17.49,17.56,17.48,17.56,
2015-11-18T14:16:00+05:30,17.55,17.64,17.5,17.64,
2015-11-18T14:17:00+05:30,17.64,17.7,17.62,17.7,
2015-11-18T14:18:00+05:30,17.67,17.69,17.63,17.65,
2015-11-18T14:19:00+05:30,17.64,17.69,17.64,17.65,
2015-11-18T14:20:00+05:30,17.64,17.64,17.57,17.62,
2015-11-18T14:21:00+05:30,17.63,17.66,17.6,17.64,
2015-11-18T14:22:00+05:30,17.64,17.66,17.61,17.61,
2015-11-18T14:23:00+05:30,17.61,17.72,17.61,17.72,
2015-11-18T14:24:00+05:30,17.72,17.75,17.64,17.64,
2015-11-18T14:25:00+05:30,17.61,17.65,17.6,17.63,
2015-11-18T14:26:00+05:30,17.63,17.63,17.58,17.61,
2015-11-18T14:27:00+05:30,17.61,17.71,17.61,17.7,
2015-11-18T14:28:00+05:30,17.7,17.71,17.66,17.69,
2015-11-18T14:29:00+05:30,17.69,17.7,17.65,17.69,
2015-11-18T14:30:00+05:30,17.68,17.69,17.62,17.62,
2015-11-18T14:31:00+05:30,17.61,17.61,17.49,17.54,
2015-11-18T14:32:00+05:30,17.6,17.64,17.48,17.48,
2015-11-18T14:33:00+05:30,17.48,17.48,17.45,17.47,
2015-11-18T14:34:00+05:30,17.47,17.48,17.39,17.4,
2015-11-18T14:35:00+05:30,17.41,17.41,17.37,17.38,
2015-11-18T14:36:00+05:30,17.4,17.42,17.38,17.4,
2015-11-18T14:37:00+05:30,17.4,17.48,17.39,17.44,
2015-11-18T14:38:00+05:30,17.43,17.43,17.37,17.37,
2015-11-18T14:39:00+05:30,17.37,17.41,17.37,17.4,
2015-11-18T14:40:00+05:30,17.41,17.41,17.39,17.39,
2015-11-18T14:41:00+05:30,17.39,17.43,17.39,17.42,
2015-11-18T14:42:00+05:30,17.43,17.43,17.35,17.39,
2015-11-18T14:43:00+05:30,17.4,17.43,17.4,17.42,
2015-11-18T14:44:00+05:30,17.41,17.43,17.39,17.41,
2015-11-18T14:45:00+05:30,17.41,17.5,17.41,17.5,
2015-11-18T14:46:00+05:30,17.5,17.53,17.42,17.48,
2015-11-18T14:47:00+05:30,17.48,17.49,17.47,17.47,
2015-11-18T14:48:00+05:30,17.47,17.49,17.45,17.49,
2015-11-18T14:49:00+05:30,17.49,17.49,17.45,17.45,
2015-11-18T14:50:00+05:30,17.45,17.48,17.45,17.47,
2015-11-18T14:51:00+05:30,17.47,17.47,17.43,17.43,
2015-11-18T14:52:00+05:30,17.43,17.48,17.41,17.48,
2015-11-18T14:53:00+05:30,17.48,17.48,17.42,17.47,
2015-11-18T14:54:00+05:30,17.47,17.52,17.47,17.52,
2015-11-18T14:55:00+05:30,17.52,17.55,17.51,17.54,
2015-11-18T14:56:00+05:30,17.53,17.58,17.53,17.56,
2015-11-18T14:57:00+05:30,17.56,17.6,17.55,17.59,
2015-11-18T14:58:00+05:30,17.58,17.58,17.5,17.53,
2015-11-18T14:59:00+05:30,17.52,17.54,17.51,17.51,
2015-11-18T15:00:00+05:30,17.51,17.56,17.51,17.53,
2015-11-18T15:01:00+05:30,17.53,17.53,17.48,17.48,
2015-11-18T15:02:00+05:30,17.48,17.5,17.41,17.42,
2015-11-18T15:03:00+05:30,17.41,17.48,17.38,17.47,
2015-11-18T15:04:00+05:30,17.47,17.52,17.47,17.52,
2015-11-18T15:05:00+05:30,17.51,17.53,17.48,17.51,
2015-11-18T15:06:00+05:30,17.52,17.54,17.49,17.49,
2015-11-18T15:07:00+05:30,17.5,17.55,17.49,17.54,
2015-11-18T15:08:00+05:30,17.53,17.56,17.5,17.51,
2015-11-18T15:09:00+05:30,17.52,17.56,17.48,17.49,
2015-11-18T15:10:00+05:30,17.49,17.49,17.43,17.44,
2015-11-18T15:11:00+05:30,17.45,17.45,17.34,17.34,
2015-11-18T15:12:00+05:30,17.34,17.39,17.32,17.38,
2015-11-18T15:13:00+05:30,17.38,17.42,17.38,17.4,
2015-11-18T15:14:00+05:30,17.4,17.42,17.39,17.42,
2015-11-18T15:15:00+05:30,17.41,17.42,17.35,17.42,
2015-11-18T15:16:00+05:30,17.42,17.46,17.41,17.45,
2015-11-18T15:17:00+05:30,17.46,17.46,17.37,17.38,
2015-11-18T15:18:00+05:30,17.38,17.39,17.36,17.39,
2015-11-18T15:19:00+05:30,17.39,17.39,17.32,17.34,
2015-11-18T15:20:00+05:30,17.35,17.36,17.29,17.31,
2015-11-18T15:21:00+05:30,17.31,17.34,17.3,17.31,
2015-11-18T15:22:00+05:30,17.32,17.32,17.28,17.29,
2015-11-18T15:23:00+05:30,17.3,17.32,17.27,17.3,
2015-11-18T15:24:00+05:30,17.29,17.33,17.29,17.3,
2015-11-18T15:25:00+05:30,17.31,17.33,17.3,17.33,
2015-11-18T15:26:00+05:30,17.33,17.34,17.32,17.33,
2015-11-18T15:27:00+05:30,17.34,17.43,17.33,17.43,
2015-11-18T15:28:00+05:30,17.42,17.48,17.41,17.47,
2015-11-18T15:29:00+05:30,17.48,17.51,17.45,17.45,
2015-11-19T09:15:00+05:30,17.42,17.42,14.42,16.4,
2015-11-19T09:16:00+05:30,16.4,16.43,16.28,16.38,
2015-11-19T09:17:00+05:30,16.39,16.4,16.28,16.35,
2015-11-19T09:18:00+05:30,16.37,16.66,16.37,16.62,
2015-11-19T09:19:00+05:30,16.62,16.67,16.62,16.66,
2015-11-19T09:20:00+05:30,16.66,16.7,16.66,16.69,
2015-11-19T09:21:00+05:30,16.66,16.68,16.61,16.68,
2015-11-19T09:22:00+05:30,16.67,16.69,16.63,16.64,
2015-11-19T09:23:00+05:30,16.63,16.64,16.61,16.63,
2015-11-19T09:24:00+05:30,16.6,16.61,16.55,16.58,
2015-11-19T09:25:00+05:30,16.57,16.63,16.56,16.61,
2015-11-19T09:26:00+05:30,16.61,16.64,16.58,16.58,
2015-11-19T09:27:00+05:30,16.59,16.59,16.53,16.54,
2015-11-19T09:28:00+05:30,16.54,16.55,16.49,16.52,
2015-11-19T09:29:00+05:30,16.51,16.6,16.5,16.6,
2015-11-19T09:30:00+05:30,16.6,16.62,16.58,16.59,
2015-11-19T09:31:00+05:30,16.59,16.61,16.58,16.6,
2015-11-19T09:32:00+05:30,16.59,16.6,16.57,16.57,
2015-11-19T09:33:00+05:30,16.57,16.6,16.56,16.58,
2015-11-19T09:34:00+05:30,16.58,16.59,16.52,16.53,
2015-11-19T09:35:00+05:30,16.53,16.55,16.49,16.55,
2015-11-19T09:36:00+05:30,16.55,16.55,16.49,16.53,
2015-11-19T09:37:00+05:30,16.54,16.58,16.53,16.54,
2015-11-19T09:38:00+05:30,16.54,16.56,16.53,16.55,
2015-11-19T09:39:00+05:30,16.55,16.57,16.52,16.54,
2015-11-19T09:40:00+05:30,16.54,16.58,16.52,16.53,
2015-11-19T09:41:00+05:30,16.53,16.57,16.52,16.57,
2015-11-19T09:42:00+05:30,16.57,16.59,16.52,16.54,
2015-11-19T09:43:00+05:30,16.54,16.54,16.48,16.52,
2015-11-19T09:44:00+05:30,16.51,16.52,16.49,16.51,
2015-11-19T09:45:00+05:30,16.53,16.55,16.51,16.54,
2015-11-19T09:46:00+05:30,16.53,16.53,16.48,16.48,
2015-11-19T09:47:00+05:30,16.49,16.53,16.49,16.53,
2015-11-19T09:48:00+05:30,16.53,16.56,16.52,16.54,
2015-11-19T09:49:00+05:30,16.54,16.55,16.52,16.54,
2015-11-19T09:50:00+05:30,16.54,16.55,16.5,16.51,
2015-11-19T09:51:00+05:30,16.51,16.52,16.47,16.51,
2015-11-19T09:52:00+05:30,16.5,16.73,16.5,16.72,
2015-11-19T09:53:00+05:30,16.72,16.74,16.71,16.73,
2015-11-19T09:54:00+05:30,16.73,16.76,16.7,16.7,
2015-11-19T09:55:00+05:30,16.7,16.72,16.66,16.68,
2015-11-19T09:56:00+05:30,16.67,16.71,16.66,16.69,
2015-11-19T09:57:00+05:30,16.7,16.71,16.69,16.71,
2015-11-19T09:58:00+05:30,16.71,16.71,16.65,16.65,
2015-11-19T09:59:00+05:30,16.67,16.69,16.66,16.69,
2015-11-19T10:00:00+05:30,16.69,16.72,16.67,16.71,
2015-11-19T10:01:00+05:30,16.7,16.73,16.67,16.71,
2015-11-19T10:02:00+05:30,16.71,16.71,16.6,16.61,
2015-11-19T10:03:00+05:30,16.6,16.65,16.6,16.64,
2015-11-19T10:04:00+05:30,16.64,16.67,16.64,16.65,
2015-11-19T10:05:00+05:30,16.65,16.67,16.64,16.67,
2015-11-19T10:06:00+05:30,16.67,16.67,16.58,16.58,
2015-11-19T10:07:00+05:30,16.58,16.59,16.57,16.59,
2015-11-19T10:08:00+05:30,16.59,16.59,16.55,16.57,
2015-11-19T10:09:00+05:30,16.57,16.58,16.55,16.56,
2015-11-19T10:10:00+05:30,16.55,16.56,16.53,16.55,
2015-11-19T10:11:00+05:30,16.55,16.58,16.54,16.57,
2015-11-19T10:12:00+05:30,16.57,16.6,16.56,16.59,
2015-11-19T10:13:00+05:30,16.58,16.58,16.55,16.57,
2015-11-19T10:14:00+05:30,16.57,16.58,16.56,16.57,
2015-11-19T10:15:00+05:30,16.57,16.59,16.52,16.56,
2015-11-19T10:16:00+05:30,16.56,16.63,16.56,16.57,
2015-11-19T10:17:00+05:30,16.57,16.63,16.57,16.57,
2015-11-19T10:18:00+05:30,16.57,16.62,16.56,16.61,
2015-11-19T10:19:00+05:30,16.61,16.63,16.54,16.57,
2015-11-19T10:20:00+05:30,16.56,16.56,16.5,16.55,
2015-11-19T10:21:00+05:30,16.54,16.55,16.49,16.49,
2015-11-19T10:22:00+05:30,16.49,16.55,16.49,16.51,
2015-11-19T10:23:00+05:30,16.51,16.56,16.51,16.53,
2015-11-19T10:24:00+05:30,16.53,16.6,16.51,16.59,
2015-11-19T10:25:00+05:30,16.59,16.6,16.57,16.58,
2015-11-19T10:26:00+05:30,16.58,16.58,16.55,16.58,
2015-11-19T10:27:00+05:30,16.58,16.58,16.54,16.54,
2015-11-19T10:28:00+05:30,16.54,16.57,16.54,16.57,
2015-11-19T10:29:00+05:30,16.56,16.59,16.54,16.55,
2015-11-19T10:30:00+05:30,16.55,16.58,16.55,16.58,
2015-11-19T10:31:00+05:30,16.58,16.61,16.54,16.54,
2015-11-19T10:32:00+05:30,16.55,16.57,16.54,16.56,
2015-11-19T10:33:00+05:30,16.56,16.57,16.53,16.56,
2015-11-19T10:34:00+05:30,16.58,16.6,16.56,16.57,
2015-11-19T10:35:00+05:30,16.57,16.58,16.54,16.56,
2015-11-19T10:36:00+05:30,16.55,16.55,16.48,16.49,
2015-11-19T10:37:00+05:30,16.51,16.55,16.48,16.49,
2015-11-19T10:38:00+05:30,16.49,16.5,16.46,16.47,
2015-11-19T10:39:00+05:30,16.48,16.48,16.36,16.39,
2015-11-19T10:40:00+05:30,16.38,16.41,16.37,16.39,
2015-11-19T10:41:00+05:30,16.39,16.43,16.37,16.43,
2015-11-19T10:42:00+05:30,16.43,16.43,16.38,16.41,
2015-11-19T10:43:00+05:30,16.41,16.43,16.4,16.43,
2015-11-19T10:44:00+05:30,16.43,16.43,16.38,16.4,
2015-11-19T10:45:00+05:30,16.41,16.46,16.4,16.41,
2015-11-19T10:46:00+05:30,16.41,16.43,16.38,16.41,
2015-11-19T10:47:00+05:30,16.41,16.41,16.34,16.39,
2015-11-19T10:48:00+05:30,16.39,16.39,16.35,16.38,
2015-11-19T10:49:00+05:30,16.38,16.4,16.36,16.36,
2015-11-19T10:50:00+05:30,16.36,16.37,16.31,16.32,
2015-11-19T10:51:00+05:30,16.31,16.33,16.29,16.31,
2015-11-19T10:52:00+05:30,16.3,16.33,16.29,16.32,
2015-11-19T10:53:00+05:30,16.32,16.32,16.12,16.13,
2015-11-19T10:54:00+05:30,16.13,16.16,16.12,16.15,
2015-11-19T10:55:00+05:30,16.15,16.15,16.04,16.04,
2015-11-19T10:56:00+05:30,16.05,16.07,16.03,16.07,
2015-11-19T10:57:00+05:30,16.07,16.1,16.05,16.05,
2015-11-19T10:58:00+05:30,16.05,16.1,16.05,16.08,
2015-11-19T10:59:00+05:30,16.08,16.1,16.04,16.05,
2015-11-19T11:00:00+05:30,16.05,16.06,16.01,16.02,
2015-11-19T11:01:00+05:30,16.02,16.06,15.98,16.06,
2015-11-19T11:02:00+05:30,16.06,16.07,16.04,16.07,
2015-11-19T11:03:00+05:30,16.07,16.07,16.05,16.06,
2015-11-19T11:04:00+05:30,16.06,16.06,16.02,16.03,
2015-11-19T11:05:00+05:30,16.03,16.04,16.01,16.04,
2015-11-19T11:06:00+05:30,16.04,16.06,16.02,16.03,
2015-11-19T11:07:00+05:30,16.04,16.11,16.04,16.1,
2015-11-19T11:08:00+05:30,16.1,16.11,16.07,16.07,
2015-11-19T11:09:00+05:30,16.07,16.08,16.03,16.03,
2015-11-19T11:10:00+05:30,16.03,16.03,15.98,16,
2015-11-19T11:11:00+05:30,15.98,15.99,15.95,15.95,
2015-11-19T11:12:00+05:30,15.95,15.95,15.91,15.91,
2015-11-19T11:13:00+05:30,15.91,15.91,15.88,15.89,
2015-11-19T11:14:00+05:30,15.89,15.92,15.87,15.88,
2015-11-19T11:15:00+05:30,15.9,15.9,15.86,15.87,
2015-11-19T11:16:00+05:30,15.88,15.92,15.88,15.9,
2015-11-19T11:17:00+05:30,15.9,15.9,15.86,15.87,
2015-11-19T11:18:00+05:30,15.87,15.88,15.83,15.84,
2015-11-19T11:19:00+05:30,15.84,15.87,15.82,15.82,
2015-11-19T11:20:00+05:30,15.82,15.84,15.81,15.84,
2015-11-19T11:21:00+05:30,15.83,15.85,15.82,15.84,
2015-11-19T11:22:00+05:30,15.84,15.9,15.84,15.88,
2015-11-19T11:23:00+05:30,15.88,15.9,15.87,15.89,
2015-11-19T11:24:00+05:30,15.9,15.94,15.89,15.91,
2015-11-19T11:25:00+05:30,15.91,15.94,15.91,15.92,
2015-11-19T11:26:00+05:30,15.93,15.94,15.91,15.93,
2015-11-19T11:27:00+05:30,15.93,15.95,15.9,15.91,
2015-11-19T11:28:00+05:30,15.91,15.95,15.9,15.93,
2015-11-19T11:29:00+05:30,15.93,16.01,15.93,15.99,
2015-11-19T11:30:00+05:30,15.99,15.99,15.95,15.96,
2015-11-19T11:31:00+05:30,15.96,15.97,15.94,15.96,
2015-11-19T11:32:00+05:30,15.96,15.98,15.95,15.97,
2015-11-19T11:33:00+05:30,15.96,15.97,15.94,15.96,
2015-11-19T11:34:00+05:30,15.95,15.99,15.95,15.96,
2015-11-19T11:35:00+05:30,15.96,15.99,15.95,15.97,
2015-11-19T11:36:00+05:30,15.97,16.02,15.97,16.01,
2015-11-19T11:37:00+05:30,16.02,16.24,16.01,16.23,
2015-11-19T11:38:00+05:30,16.24,16.26,16.21,16.23,
2015-11-19T11:39:00+05:30,16.24,16.27,16.23,16.26,
2015-11-19T11:40:00+05:30,16.27,16.31,16.25,16.3,
2015-11-19T11:41:00+05:30,16.3,16.33,16.06,16.07,
2015-11-19T11:42:00+05:30,16.06,16.13,16.05,16.12,
2015-11-19T11:43:00+05:30,16.12,16.13,16.1,16.11,
2015-11-19T11:44:00+05:30,16.11,16.12,16.09,16.11,
2015-11-19T11:45:00+05:30,16.11,16.13,16.1,16.12,
2015-11-19T11:46:00+05:30,16.11,16.29,16.09,16.29,
2015-11-19T11:47:00+05:30,16.31,16.33,16.27,16.3,
2015-11-19T11:48:00+05:30,16.3,16.33,16.28,16.32,
2015-11-19T11:49:00+05:30,16.32,16.38,16.32,16.37,
2015-11-19T11:50:00+05:30,16.39,16.41,16.36,16.39,
2015-11-19T11:51:00+05:30,16.37,16.38,16.32,16.34,
2015-11-19T11:52:00+05:30,16.34,16.37,16.32,16.36,
2015-11-19T11:53:00+05:30,16.36,16.43,16.36,16.41,
2015-11-19T11:54:00+05:30,16.41,16.43,16.35,16.35,
2015-11-19T11:55:00+05:30,16.36,16.4,16.31,16.4,
2015-11-19T11:56:00+05:30,16.41,16.41,16.35,16.36,
2015-11-19T11:57:00+05:30,16.36,16.37,16.17,16.17,
2015-11-19T11:58:00+05:30,16.17,16.36,16.16,16.29,
2015-11-19T11:59:00+05:30,16.28,16.33,16.27,16.33,
2015-11-19T12:00:00+05:30,16.34,16.36,16.32,16.33,
2015-11-19T12:01:00+05:30,16.33,16.34,16.26,16.3,
2015-11-19T12:02:00+05:30,16.31,16.33,16.28,16.3,
2015-11-19T12:03:00+05:30,16.3,16.34,16.3,16.32,
2015-11-19T12:04:00+05:30,16.33,16.35,16.31,16.34,
2015-11-19T12:05:00+05:30,16.34,16.35,16.31,16.34,
2015-11-19T12:06:00+05:30,16.34,16.36,16.33,16.35,
2015-11-19T12:07:00+05:30,16.35,16.35,16.31,16.33,
2015-11-19T12:08:00+05:30,16.32,16.34,16.28,16.29,
2015-11-19T12:09:00+05:30,16.27,16.31,16.26,16.28,
2015-11-19T12:10:00+05:30,16.27,16.34,16.26,16.32,
2015-11-19T12:11:00+05:30,16.32,16.33,16.3,16.33,
2015-11-19T12:12:00+05:30,16.33,16.35,16.31,16.33,
2015-11-19T12:13:00+05:30,16.31,16.33,16.29,16.31,
2015-11-19T12:14:00+05:30,16.31,16.37,16.3,16.37,
2015-11-19T12:15:00+05:30,16.37,16.38,16.36,16.36,
2015-11-19T12:16:00+05:30,16.37,16.39,16.34,16.34,
2015-11-19T12:17:00+05:30,16.33,16.34,16.28,16.28,
2015-11-19T12:18:00+05:30,16.28,16.34,16.28,16.33,
2015-11-19T12:19:00+05:30,16.33,16.34,16.27,16.32,
2015-11-19T12:20:00+05:30,16.32,16.38,16.32,16.35,
2015-11-19T12:21:00+05:30,16.35,16.4,16.35,16.39,
2015-11-19T12:22:00+05:30,16.39,16.39,16.31,16.33,
2015-11-19T12:23:00+05:30,16.33,16.34,16.3,16.31,
2015-11-19T12:24:00+05:30,16.31,16.33,16.29,16.33,
2015-11-19T12:25:00+05:30,16.33,16.36,16.31,16.35,
2015-11-19T12:26:00+05:30,16.35,16.37,16.32,16.33,
2015-11-19T12:27:00+05:30,16.33,16.4,16.32,16.36,
2015-11-19T12:28:00+05:30,16.36,16.39,16.35,16.37,
2015-11-19T12:29:00+05:30,16.37,16.41,16.37,16.37,
2015-11-19T12:30:00+05:30,16.38,16.4,16.33,16.4,
2015-11-19T12:31:00+05:30,16.4,16.42,16.38,16.41,
2015-11-19T12:32:00+05:30,16.41,16.46,16.39,16.39,
2015-11-19T12:33:00+05:30,16.39,16.4,16.35,16.36,
2015-11-19T12:34:00+05:30,16.37,16.39,16.35,16.37,
2015-11-19T12:35:00+05:30,16.38,16.38,16.32,16.36,
2015-11-19T12:36:00+05:30,16.36,16.4,16.34,16.4,
2015-11-19T12:37:00+05:30,16.4,16.42,16.38,16.38,
2015-11-19T12:38:00+05:30,16.39,16.4,16.37,16.37,
2015-11-19T12:39:00+05:30,16.37,16.39,16.36,16.38,
2015-11-19T12:40:00+05:30,16.38,16.39,16.36,16.37,
2015-11-19T12:41:00+05:30,16.38,16.38,16.28,16.31,
2015-11-19T12:42:00+05:30,16.32,16.33,16.3,16.33,
2015-11-19T12:43:00+05:30,16.33,16.34,16.29,16.33,
2015-11-19T12:44:00+05:30,16.33,16.35,16.32,16.34,
2015-11-19T12:45:00+05:30,16.34,16.34,16.32,16.33,
2015-11-19T12:46:00+05:30,16.31,16.37,16.31,16.37,
2015-11-19T12:47:00+05:30,16.38,16.39,16.37,16.38,
2015-11-19T12:48:00+05:30,16.38,16.39,16.35,16.35,
2015-11-19T12:49:00+05:30,16.35,16.35,16.31,16.33,
2015-11-19T12:50:00+05:30,16.33,16.36,16.32,16.34,
2015-11-19T12:51:00+05:30,16.34,16.36,16.32,16.33,
2015-11-19T12:52:00+05:30,16.34,16.39,16.34,16.37,
2015-11-19T12:53:00+05:30,16.35,16.37,16.35,16.35,
2015-11-19T12:54:00+05:30,16.35,16.37,16.34,16.37,
2015-11-19T12:55:00+05:30,16.37,16.37,16.31,16.33,
2015-11-19T12:56:00+05:30,16.32,16.33,16.28,16.29,
2015-11-19T12:57:00+05:30,16.29,16.32,16.29,16.29,
2015-11-19T12:58:00+05:30,16.3,16.32,16.27,16.28,
2015-11-19T12:59:00+05:30,16.28,16.31,16.26,16.26,
2015-11-19T13:00:00+05:30,16.27,16.32,16.26,16.27,
2015-11-19T13:01:00+05:30,16.27,16.28,16.21,16.28,
2015-11-19T13:02:00+05:30,16.28,16.28,16.26,16.27,
2015-11-19T13:03:00+05:30,16.27,16.28,16.2,16.23,
2015-11-19T13:04:00+05:30,16.22,16.27,16.21,16.23,
2015-11-19T13:05:00+05:30,16.23,16.25,16.18,16.19,
2015-11-19T13:06:00+05:30,16.17,16.21,16.17,16.2,
2015-11-19T13:07:00+05:30,16.2,16.25,16.2,16.25,
2015-11-19T13:08:00+05:30,16.25,16.27,16.17,16.17,
2015-11-19T13:09:00+05:30,16.16,16.19,16.14,16.19,
2015-11-19T13:10:00+05:30,16.19,16.2,16.18,16.18,
2015-11-19T13:11:00+05:30,16.18,16.25,16.18,16.22,
2015-11-19T13:12:00+05:30,16.22,16.28,16.22,16.27,
2015-11-19T13:13:00+05:30,16.27,16.29,16.2,16.2,
2015-11-19T13:14:00+05:30,16.21,16.23,16.17,16.19,
2015-11-19T13:15:00+05:30,16.19,16.23,16.18,16.22,
2015-11-19T13:16:00+05:30,16.22,16.25,16.16,16.16,
2015-11-19T13:17:00+05:30,16.16,16.19,16.1,16.14,
2015-11-19T13:18:00+05:30,16.12,16.15,16.06,16.08,
2015-11-19T13:19:00+05:30,16.07,16.12,16.05,16.05,
2015-11-19T13:20:00+05:30,16.05,16.08,16.04,16.04,
2015-11-19T13:21:00+05:30,16.03,16.07,16,16.02,
2015-11-19T13:22:00+05:30,16.01,16.04,15.97,16,
2015-11-19T13:23:00+05:30,16,16.03,15.96,15.96,
2015-11-19T13:24:00+05:30,15.95,15.97,15.92,15.93,
2015-11-19T13:25:00+05:30,15.92,16,15.92,15.97,
2015-11-19T13:26:00+05:30,15.98,15.98,15.9,15.96,
2015-11-19T13:27:00+05:30,15.96,16.06,15.96,16.02,
2015-11-19T13:28:00+05:30,16.02,16.04,15.98,15.98,
2015-11-19T13:29:00+05:30,15.97,16.01,15.96,16.01,
2015-11-19T13:30:00+05:30,16,16.08,15.94,16.08,
2015-11-19T13:31:00+05:30,16.08,16.08,16.01,16.05,
2015-11-19T13:32:00+05:30,16.06,16.1,16.06,16.1,
2015-11-19T13:33:00+05:30,16.1,16.13,16.06,16.08,
2015-11-19T13:34:00+05:30,16.07,16.13,16.07,16.11,
2015-11-19T13:35:00+05:30,16.11,16.13,16.06,16.09,
2015-11-19T13:36:00+05:30,16.08,16.11,16.03,16.05,
2015-11-19T13:37:00+05:30,16.05,16.11,16.04,16.1,
2015-11-19T13:38:00+05:30,16.1,16.16,16.07,16.13,
2015-11-19T13:39:00+05:30,16.14,16.15,16.05,16.05,
2015-11-19T13:40:00+05:30,16.06,16.12,16.06,16.12,
2015-11-19T13:41:00+05:30,16.12,16.18,16.11,16.13,
2015-11-19T13:42:00+05:30,16.12,16.12,16.02,16.06,
2015-11-19T13:43:00+05:30,16.06,16.09,16.01,16.09,
2015-11-19T13:44:00+05:30,16.1,16.12,16.04,16.04,
2015-11-19T13:45:00+05:30,16.04,16.1,16.02,16.06,
2015-11-19T13:46:00+05:30,16.07,16.07,16,16.01,
2015-11-19T13:47:00+05:30,16,16.06,16,16.04,
2015-11-19T13:48:00+05:30,16.03,16.1,16.02,16.09,
2015-11-19T13:49:00+05:30,16.1,16.12,16.03,16.04,
2015-11-19T13:50:00+05:30,16.04,16.12,16.03,16.07,
2015-11-19T13:51:00+05:30,16.07,16.14,16.07,16.11,
2015-11-19T13:52:00+05:30,16.09,16.11,16.05,16.05,
2015-11-19T13:53:00+05:30,16.06,16.12,16.04,16.07,
2015-11-19T13:54:00+05:30,16.07,16.09,16.04,16.05,
2015-11-19T13:55:00+05:30,16.06,16.09,16.04,16.04,
2015-11-19T13:56:00+05:30,16.04,16.07,16.03,16.03,
2015-11-19T13:57:00+05:30,16.04,16.1,16.04,16.1,
2015-11-19T13:58:00+05:30,16.1,16.2,16.1,16.18,
2015-11-19T13:59:00+05:30,16.18,16.19,16.1,16.11,
2015-11-19T14:00:00+05:30,16.11,16.13,16.07,16.09,
2015-11-19T14:01:00+05:30,16.1,16.21,16.1,16.21,
2015-11-19T14:02:00+05:30,16.21,16.21,16.16,16.17,
2015-11-19T14:03:00+05:30,16.17,16.17,16.15,16.15,
2015-11-19T14:04:00+05:30,16.15,16.17,16.12,16.13,
2015-11-19T14:05:00+05:30,16.13,16.17,16.13,16.16,
2015-11-19T14:06:00+05:30,16.17,16.19,16.14,16.16,
2015-11-19T14:07:00+05:30,16.16,16.17,16.13,16.17,
2015-11-19T14:08:00+05:30,16.17,16.18,16.13,16.13,
2015-11-19T14:09:00+05:30,16.14,16.15,16.03,16.03,
2015-11-19T14:10:00+05:30,16.03,16.22,16.03,16.22,
2015-11-19T14:11:00+05:30,16.21,16.24,16.16,16.16,
2015-11-19T14:12:00+05:30,16.16,16.29,16.16,16.28,
2015-11-19T14:13:00+05:30,16.29,16.35,16.26,16.28,
2015-11-19T14:14:00+05:30,16.27,16.28,16.23,16.28,
2015-11-19T14:15:00+05:30,16.28,16.31,16.22,16.24,
2015-11-19T14:16:00+05:30,16.26,16.27,16.21,16.23,
2015-11-19T14:17:00+05:30,16.22,16.22,16.17,16.21,
2015-11-19T14:18:00+05:30,16.21,16.21,16.14,16.15,
2015-11-19T14:19:00+05:30,16.15,16.18,16.15,16.16,
2015-11-19T14:20:00+05:30,16.16,16.17,16.09,16.1,
2015-11-19T14:21:00+05:30,16.1,16.14,16.07,16.08,
2015-11-19T14:22:00+05:30,16.09,16.17,16.07,16.14,
2015-11-19T14:23:00+05:30,16.15,16.2,16.15,16.16,
2015-11-19T14:24:00+05:30,16.15,16.16,16.11,16.11,
2015-11-19T14:25:00+05:30,16.14,16.18,16.13,16.17,
2015-11-19T14:26:00+05:30,16.17,16.19,16.12,16.12,
2015-11-19T14:27:00+05:30,16.11,16.19,16.11,16.19,
2015-11-19T14:28:00+05:30,16.19,16.25,16.15,16.25,
2015-11-19T14:29:00+05:30,16.26,16.28,16.24,16.24,
2015-11-19T14:30:00+05:30,16.22,16.31,16.22,16.31,
2015-11-19T14:31:00+05:30,16.3,16.32,16.19,16.19,
2015-11-19T14:32:00+05:30,16.18,16.22,16.16,16.2,
2015-11-19T14:33:00+05:30,16.2,16.3,16.19,16.29,
2015-11-19T14:34:00+05:30,16.29,16.33,16.28,16.31,
2015-11-19T14:35:00+05:30,16.3,16.35,16.26,16.32,
2015-11-19T14:36:00+05:30,16.31,16.33,16.27,16.27,
2015-11-19T14:37:00+05:30,16.27,16.27,16.21,16.25,
2015-11-19T14:38:00+05:30,16.25,16.27,16.22,16.23,
2015-11-19T14:39:00+05:30,16.23,16.28,16.2,16.24,
2015-11-19T14:40:00+05:30,16.24,16.26,16.19,16.19,
2015-11-19T14:41:00+05:30,16.19,16.19,16.14,16.14,
2015-11-19T14:42:00+05:30,16.15,16.15,16.03,16.03,
2015-11-19T14:43:00+05:30,16.02,16.07,16.02,16.05,
2015-11-19T14:44:00+05:30,16.05,16.08,16.04,16.06,
2015-11-19T14:45:00+05:30,16.06,16.09,16.03,16.06,
2015-11-19T14:46:00+05:30,16.06,16.07,16.01,16.03,
2015-11-19T14:47:00+05:30,16.04,16.05,16.02,16.05,
2015-11-19T14:48:00+05:30,16.03,16.03,15.99,16,
2015-11-19T14:49:00+05:30,16,16.01,15.96,16.01,
2015-11-19T14:50:00+05:30,16.01,16.07,15.98,15.98,
2015-11-19T14:51:00+05:30,15.99,16,15.94,15.99,
2015-11-19T14:52:00+05:30,16,16,15.98,15.98,
2015-11-19T14:53:00+05:30,15.98,16.01,15.98,16.01,
2015-11-19T14:54:00+05:30,16.02,16.04,15.96,15.97,
2015-11-19T14:55:00+05:30,15.97,15.97,15.95,15.95,
2015-11-19T14:56:00+05:30,15.94,15.99,15.91,15.95,
2015-11-19T14:57:00+05:30,15.92,15.96,15.9,15.92,
2015-11-19T14:58:00+05:30,15.93,15.97,15.91,15.95,
2015-11-19T14:59:00+05:30,15.96,16.01,15.94,15.96,
2015-11-19T15:00:00+05:30,15.96,15.97,15.92,15.96,
2015-11-19T15:01:00+05:30,15.96,15.96,15.92,15.94,
2015-11-19T15:02:00+05:30,15.95,15.99,15.94,15.96,
2015-11-19T15:03:00+05:30,15.95,15.96,15.94,15.95,
2015-11-19T15:04:00+05:30,15.95,16,15.9,15.95,
2015-11-19T15:05:00+05:30,15.95,15.97,15.9,15.91,
2015-11-19T15:06:00+05:30,15.91,15.94,15.88,15.94,
2015-11-19T15:07:00+05:30,15.95,15.97,15.91,15.91,
2015-11-19T15:08:00+05:30,15.92,15.93,15.88,15.89,
2015-11-19T15:09:00+05:30,15.89,15.93,15.82,15.82,
2015-11-19T15:10:00+05:30,15.82,15.83,15.8,15.82,
2015-11-19T15:11:00+05:30,15.82,15.86,15.76,15.79,
2015-11-19T15:12:00+05:30,15.8,15.81,15.78,15.8,
2015-11-19T15:13:00+05:30,15.81,15.83,15.78,15.8,
2015-11-19T15:14:00+05:30,15.8,15.81,15.76,15.77,
2015-11-19T15:15:00+05:30,15.78,15.81,15.75,15.78,
2015-11-19T15:16:00+05:30,15.78,15.8,15.71,15.73,
2015-11-19T15:17:00+05:30,15.73,15.77,15.7,15.76,
2015-11-19T15:18:00+05:30,15.75,15.77,15.72,15.72,
2015-11-19T15:19:00+05:30,15.72,15.77,15.72,15.73,
2015-11-19T15:20:00+05:30,15.74,15.82,15.71,15.77,
2015-11-19T15:21:00+05:30,15.77,15.77,15.72,15.75,
2015-11-19T15:22:00+05:30,15.75,15.87,15.75,15.83,
2015-11-19T15:23:00+05:30,15.83,15.86,15.83,15.83,
2015-11-19T15:24:00+05:30,15.83,15.88,15.8,15.85,
2015-11-19T15:25:00+05:30,15.85,15.89,15.81,15.85,
2015-11-19T15:26:00+05:30,15.84,15.88,15.8,15.84,
2015-11-19T15:27:00+05:30,15.83,15.87,15.81,15.83,
2015-11-19T15:28:00+05:30,15.83,15.86,15.8,15.85,
2015-11-19T15:29:00+05:30,15.85,15.86,15.76,15.81,
2015-11-20T09:15:00+05:30,15.84,15.84,13.83,15.31,
2015-11-20T09:16:00+05:30,15.31,15.5,15.31,15.5,
2015-11-20T09:17:00+05:30,15.49,15.49,15.34,15.35,
2015-11-20T09:18:00+05:30,15.35,15.4,15.3,15.37,
2015-11-20T09:19:00+05:30,15.37,15.51,15.37,15.46,
2015-11-20T09:20:00+05:30,15.46,15.65,15.45,15.64,
2015-11-20T09:21:00+05:30,15.63,15.7,15.62,15.64,
2015-11-20T09:22:00+05:30,15.64,15.68,15.63,15.64,
2015-11-20T09:23:00+05:30,15.65,15.66,15.6,15.6,
2015-11-20T09:24:00+05:30,15.61,15.73,15.61,15.7,
2015-11-20T09:25:00+05:30,15.7,15.75,15.7,15.71,
2015-11-20T09:26:00+05:30,15.71,15.75,15.67,15.75,
2015-11-20T09:27:00+05:30,15.75,15.75,15.65,15.67,
2015-11-20T09:28:00+05:30,15.66,15.68,15.6,15.64,
2015-11-20T09:29:00+05:30,15.64,15.67,15.59,15.62,
2015-11-20T09:30:00+05:30,15.61,15.63,15.56,15.58,
2015-11-20T09:31:00+05:30,15.58,15.65,15.57,15.58,
2015-11-20T09:32:00+05:30,15.6,15.63,15.57,15.59,
2015-11-20T09:33:00+05:30,15.59,15.64,15.57,15.57,
2015-11-20T09:34:00+05:30,15.57,15.62,15.56,15.61,
2015-11-20T09:35:00+05:30,15.6,15.6,15.5,15.58,
2015-11-20T09:36:00+05:30,15.58,15.62,15.56,15.61,
2015-11-20T09:37:00+05:30,15.6,15.62,15.58,15.6,
2015-11-20T09:38:00+05:30,15.6,15.64,15.55,15.55,
2015-11-20T09:39:00+05:30,15.55,15.58,15.53,15.56,
2015-11-20T09:40:00+05:30,15.56,15.61,15.53,15.59,
2015-11-20T09:41:00+05:30,15.58,15.6,15.5,15.55,
2015-11-20T09:42:00+05:30,15.55,15.57,15.51,15.55,
2015-11-20T09:43:00+05:30,15.55,15.56,15.53,15.53,
2015-11-20T09:44:00+05:30,15.55,15.58,15.5,15.5,
2015-11-20T09:45:00+05:30,15.5,15.51,15.42,15.46,
2015-11-20T09:46:00+05:30,15.46,15.48,15.41,15.46,
2015-11-20T09:47:00+05:30,15.46,15.48,15.43,15.43,
2015-11-20T09:48:00+05:30,15.43,15.5,15.42,15.48,
2015-11-20T09:49:00+05:30,15.48,15.5,15.44,15.49,
2015-11-20T09:50:00+05:30,15.49,15.53,15.44,15.53,
2015-11-20T09:51:00+05:30,15.53,15.55,15.48,15.55,
2015-11-20T09:52:00+05:30,15.56,15.6,15.52,15.57,
2015-11-20T09:53:00+05:30,15.58,15.64,15.55,15.61,
2015-11-20T09:54:00+05:30,15.61,15.77,15.6,15.77,
2015-11-20T09:55:00+05:30,15.73,15.75,15.65,15.68,
2015-11-20T09:56:00+05:30,15.68,15.8,15.66,15.76,
2015-11-20T09:57:00+05:30,15.76,15.76,15.62,15.7,
2015-11-20T09:58:00+05:30,15.72,15.72,15.64,15.65,
2015-11-20T09:59:00+05:30,15.65,15.69,15.63,15.68,
2015-11-20T10:00:00+05:30,15.68,15.69,15.6,15.61,
2015-11-20T10:01:00+05:30,15.63,15.64,15.56,15.57,
2015-11-20T10:02:00+05:30,15.6,15.6,15.53,15.57,
2015-11-20T10:03:00+05:30,15.57,15.57,15.53,15.55,
2015-11-20T10:04:00+05:30,15.57,15.6,15.54,15.57,
2015-11-20T10:05:00+05:30,15.56,15.62,15.56,15.59,
2015-11-20T10:06:00+05:30,15.59,15.67,15.59,15.66,
2015-11-20T10:07:00+05:30,15.65,15.73,15.65,15.7,
2015-11-20T10:08:00+05:30,15.71,15.75,15.66,15.74,
2015-11-20T10:09:00+05:30,15.74,15.75,15.66,15.69,
2015-11-20T10:10:00+05:30,15.69,15.72,15.66,15.67,
2015-11-20T10:11:00+05:30,15.68,15.73,15.68,15.7,
2015-11-20T10:12:00+05:30,15.7,15.77,15.7,15.77,
2015-11-20T10:13:00+05:30,15.77,15.77,15.68,15.77,
2015-11-20T10:14:00+05:30,15.77,15.77,15.62,15.62,
2015-11-20T10:15:00+05:30,15.61,15.68,15.59,15.65,
2015-11-20T10:16:00+05:30,15.66,15.68,15.63,15.65,
2015-11-20T10:17:00+05:30,15.65,15.73,15.65,15.7,
2015-11-20T10:18:00+05:30,15.7,15.73,15.62,15.65,
2015-11-20T10:19:00+05:30,15.65,15.66,15.6,15.65,
2015-11-20T10:20:00+05:30,15.64,15.67,15.61,15.61,
2015-11-20T10:21:00+05:30,15.62,15.67,15.59,15.59,
2015-11-20T10:22:00+05:30,15.59,15.7,15.59,15.7,
2015-11-20T10:23:00+05:30,15.7,15.7,15.6,15.64,
2015-11-20T10:24:00+05:30,15.64,15.76,15.59,15.66,
2015-11-20T10:25:00+05:30,15.67,15.68,15.61,15.63,
2015-11-20T10:26:00+05:30,15.63,15.69,15.6,15.68,
2015-11-20T10:27:00+05:30,15.69,15.71,15.62,15.65,
2015-11-20T10:28:00+05:30,15.67,15.7,15.57,15.64,
2015-11-20T10:29:00+05:30,15.64,15.7,15.61,15.68,
2015-11-20T10:30:00+05:30,15.67,15.74,15.63,15.74,
2015-11-20T10:31:00+05:30,15.74,15.74,15.58,15.58,
2015-11-20T10:32:00+05:30,15.58,15.66,15.58,15.62,
2015-11-20T10:33:00+05:30,15.61,15.64,15.57,15.63,
2015-11-20T10:34:00+05:30,15.63,15.65,15.58,15.64,
2015-11-20T10:35:00+05:30,15.64,15.72,15.63,15.69,
2015-11-20T10:36:00+05:30,15.68,15.72,15.63,15.64,
2015-11-20T10:37:00+05:30,15.64,15.66,15.59,15.64,
2015-11-20T10:38:00+05:30,15.64,15.66,15.6,15.64,
2015-11-20T10:39:00+05:30,15.63,15.68,15.57,15.62,
2015-11-20T10:40:00+05:30,15.62,15.67,15.6,15.67,
2015-11-20T10:41:00+05:30,15.67,15.7,15.6,15.65,
2015-11-20T10:42:00+05:30,15.65,15.73,15.65,15.65,
2015-11-20T10:43:00+05:30,15.65,15.71,15.61,15.62,
2015-11-20T10:44:00+05:30,15.61,15.67,15.57,15.67,
2015-11-20T10:45:00+05:30,15.67,15.67,15.56,15.58,
2015-11-20T10:46:00+05:30,15.58,15.63,15.54,15.57,
2015-11-20T10:47:00+05:30,15.57,15.58,15.48,15.48,
2015-11-20T10:48:00+05:30,15.48,15.53,15.45,15.5,
2015-11-20T10:49:00+05:30,15.48,15.49,15.38,15.44,
2015-11-20T10:50:00+05:30,15.45,15.49,15.37,15.42,
2015-11-20T10:51:00+05:30,15.43,15.49,15.35,15.39,
2015-11-20T10:52:00+05:30,15.38,15.63,15.37,15.63,
2015-11-20T10:53:00+05:30,15.61,15.68,15.61,15.65,
2015-11-20T10:54:00+05:30,15.63,15.63,15.51,15.57,
2015-11-20T10:55:00+05:30,15.56,15.62,15.5,15.5,
2015-11-20T10:56:00+05:30,15.5,15.54,15.49,15.51,
2015-11-20T10:57:00+05:30,15.5,15.53,15.48,15.52,
2015-11-20T10:58:00+05:30,15.52,15.6,15.5,15.57,
2015-11-20T10:59:00+05:30,15.57,15.61,15.5,15.53,
2015-11-20T11:00:00+05:30,15.53,15.59,15.51,15.57,
2015-11-20T11:01:00+05:30,15.57,15.6,15.52,15.53,
2015-11-20T11:02:00+05:30,15.54,15.58,15.52,15.56,
2015-11-20T11:03:00+05:30,15.55,15.59,15.54,15.55,
2015-11-20T11:04:00+05:30,15.57,15.62,15.56,15.6,
2015-11-20T11:05:00+05:30,15.6,15.61,15.58,15.6,
2015-11-20T11:06:00+05:30,15.6,15.68,15.58,15.64,
2015-11-20T11:07:00+05:30,15.65,15.65,15.54,15.61,
2015-11-20T11:08:00+05:30,15.62,15.62,15.54,15.56,
2015-11-20T11:09:00+05:30,15.56,15.58,15.52,15.55,
2015-11-20T11:10:00+05:30,15.57,15.64,15.57,15.61,
2015-11-20T11:11:00+05:30,15.61,15.63,15.58,15.59,
2015-11-20T11:12:00+05:30,15.59,15.65,15.54,15.54,
2015-11-20T11:13:00+05:30,15.55,15.63,15.55,15.58,
2015-11-20T11:14:00+05:30,15.59,15.61,15.54,15.56,
2015-11-20T11:15:00+05:30,15.56,15.6,15.54,15.58,
2015-11-20T11:16:00+05:30,15.58,15.59,15.53,15.59,
2015-11-20T11:17:00+05:30,15.59,15.66,15.54,15.64,
2015-11-20T11:18:00+05:30,15.65,15.68,15.62,15.66,
2015-11-20T11:19:00+05:30,15.65,15.71,15.62,15.64,
2015-11-20T11:20:00+05:30,15.65,15.71,15.64,15.64,
2015-11-20T11:21:00+05:30,15.65,15.71,15.62,15.63,
2015-11-20T11:22:00+05:30,15.63,15.75,15.62,15.72,
2015-11-20T11:23:00+05:30,15.72,15.79,15.7,15.71,
2015-11-20T11:24:00+05:30,15.69,15.76,15.68,15.71,
2015-11-20T11:25:00+05:30,15.72,15.78,15.72,15.76,
2015-11-20T11:26:00+05:30,15.76,15.76,15.69,15.74,
2015-11-20T11:27:00+05:30,15.73,15.76,15.72,15.76,
2015-11-20T11:28:00+05:30,15.76,15.78,15.73,15.73,
2015-11-20T11:29:00+05:30,15.73,15.8,15.71,15.74,
2015-11-20T11:30:00+05:30,15.76,15.76,15.68,15.68,
2015-11-20T11:31:00+05:30,15.68,15.71,15.65,15.69,
2015-11-20T11:32:00+05:30,15.69,15.73,15.69,15.71,
2015-11-20T11:33:00+05:30,15.71,15.75,15.7,15.75,
2015-11-20T11:34:00+05:30,15.76,15.81,15.72,15.8,
2015-11-20T11:35:00+05:30,15.8,15.8,15.72,15.78,
2015-11-20T11:36:00+05:30,15.76,15.83,15.75,15.76,
2015-11-20T11:37:00+05:30,15.77,15.78,15.74,15.76,
2015-11-20T11:38:00+05:30,15.76,15.82,15.75,15.75,
2015-11-20T11:39:00+05:30,15.75,15.78,15.7,15.72,
2015-11-20T11:40:00+05:30,15.79,15.8,15.71,15.8,
2015-11-20T11:41:00+05:30,15.81,15.83,15.79,15.8,
2015-11-20T11:42:00+05:30,15.8,15.83,15.77,15.81,
2015-11-20T11:43:00+05:30,15.79,15.8,15.75,15.77,
2015-11-20T11:44:00+05:30,15.77,15.83,15.76,15.79,
2015-11-20T11:45:00+05:30,15.77,15.82,15.76,15.77,
2015-11-20T11:46:00+05:30,15.74,15.79,15.73,15.78,
2015-11-20T11:47:00+05:30,15.79,15.84,15.77,15.79,
2015-11-20T11:48:00+05:30,15.81,15.81,15.73,15.77,
2015-11-20T11:49:00+05:30,15.74,15.84,15.71,15.76,
2015-11-20T11:50:00+05:30,15.77,15.8,15.69,15.69,
2015-11-20T11:51:00+05:30,15.71,15.78,15.68,15.75,
2015-11-20T11:52:00+05:30,15.76,15.8,15.75,15.79,
2015-11-20T11:53:00+05:30,15.79,15.82,15.74,15.82,
2015-11-20T11:54:00+05:30,15.81,15.81,15.76,15.79,
2015-11-20T11:55:00+05:30,15.79,15.8,15.76,15.76,
2015-11-20T11:56:00+05:30,15.76,15.84,15.76,15.78,
2015-11-20T11:57:00+05:30,15.77,15.89,15.77,15.89,
2015-11-20T11:58:00+05:30,15.84,15.88,15.82,15.87,
2015-11-20T11:59:00+05:30,15.88,15.92,15.86,15.88,
2015-11-20T12:00:00+05:30,15.89,15.91,15.81,15.85,
2015-11-20T12:01:00+05:30,15.85,15.9,15.83,15.86,
2015-11-20T12:02:00+05:30,15.85,15.87,15.81,15.83,
2015-11-20T12:03:00+05:30,15.81,15.86,15.81,15.83,
2015-11-20T12:04:00+05:30,15.81,15.93,15.78,15.92,
2015-11-20T12:05:00+05:30,15.92,15.95,15.85,15.92,
2015-11-20T12:06:00+05:30,15.93,15.93,15.77,15.77,
2015-11-20T12:07:00+05:30,15.77,15.85,15.77,15.85,
2015-11-20T12:08:00+05:30,15.84,15.95,15.84,15.89,
2015-11-20T12:09:00+05:30,15.89,15.91,15.85,15.91,
2015-11-20T12:10:00+05:30,15.91,16.01,15.9,15.9,
2015-11-20T12:11:00+05:30,15.9,15.92,15.86,15.88,
2015-11-20T12:12:00+05:30,15.88,15.88,15.8,15.81,
2015-11-20T12:13:00+05:30,15.82,15.84,15.79,15.83,
2015-11-20T12:14:00+05:30,15.83,15.84,15.78,15.8,
2015-11-20T12:15:00+05:30,15.8,15.82,15.79,15.79,
2015-11-20T12:16:00+05:30,15.77,15.88,15.77,15.86,
2015-11-20T12:17:00+05:30,15.86,15.88,15.8,15.83,
2015-11-20T12:18:00+05:30,15.82,15.85,15.8,15.85,
2015-11-20T12:19:00+05:30,15.82,15.89,15.8,15.8,
2015-11-20T12:20:00+05:30,15.82,15.86,15.81,15.83,
2015-11-20T12:21:00+05:30,15.83,15.85,15.79,15.8,
2015-11-20T12:22:00+05:30,15.79,15.89,15.75,15.8,
2015-11-20T12:23:00+05:30,15.82,15.86,15.79,15.82,
2015-11-20T12:24:00+05:30,15.82,15.83,15.73,15.76,
2015-11-20T12:25:00+05:30,15.74,15.75,15.71,15.72,
2015-11-20T12:26:00+05:30,15.72,15.73,15.64,15.7,
2015-11-20T12:27:00+05:30,15.72,15.78,15.65,15.66,
2015-11-20T12:28:00+05:30,15.67,15.74,15.66,15.69,
2015-11-20T12:29:00+05:30,15.69,15.7,15.65,15.66,
2015-11-20T12:30:00+05:30,15.68,15.8,15.68,15.69,
2015-11-20T12:31:00+05:30,15.69,15.75,15.64,15.74,
2015-11-20T12:32:00+05:30,15.74,15.75,15.66,15.7,
2015-11-20T12:33:00+05:30,15.7,15.71,15.65,15.67,
2015-11-20T12:34:00+05:30,15.67,15.74,15.65,15.74,
2015-11-20T12:35:00+05:30,15.74,15.74,15.63,15.68,
2015-11-20T12:36:00+05:30,15.68,15.74,15.62,15.63,
2015-11-20T12:37:00+05:30,15.63,15.69,15.63,15.65,
2015-11-20T12:38:00+05:30,15.65,15.77,15.65,15.65,
2015-11-20T12:39:00+05:30,15.66,15.72,15.63,15.65,
2015-11-20T12:40:00+05:30,15.68,15.71,15.62,15.63,
2015-11-20T12:41:00+05:30,15.64,15.68,15.58,15.68,
2015-11-20T12:42:00+05:30,15.69,15.74,15.61,15.61,
2015-11-20T12:43:00+05:30,15.62,15.75,15.61,15.67,
2015-11-20T12:44:00+05:30,15.68,15.7,15.62,15.68,
2015-11-20T12:45:00+05:30,15.68,15.7,15.64,15.66,
2015-11-20T12:46:00+05:30,15.66,15.76,15.66,15.68,
2015-11-20T12:47:00+05:30,15.7,15.76,15.63,15.63,
2015-11-20T12:48:00+05:30,15.63,15.71,15.63,15.65,
2015-11-20T12:49:00+05:30,15.68,15.78,15.63,15.65,
2015-11-20T12:50:00+05:30,15.65,15.77,15.64,15.76,
2015-11-20T12:51:00+05:30,15.75,15.79,15.68,15.72,
2015-11-20T12:52:00+05:30,15.72,15.82,15.68,15.71,
2015-11-20T12:53:00+05:30,15.72,15.82,15.71,15.81,
2015-11-20T12:54:00+05:30,15.81,15.82,15.73,15.77,
2015-11-20T12:55:00+05:30,15.77,15.81,15.75,15.8,
2015-11-20T12:56:00+05:30,15.79,15.86,15.76,15.85,
2015-11-20T12:57:00+05:30,15.85,15.85,15.78,15.82,
2015-11-20T12:58:00+05:30,15.82,15.82,15.76,15.77,
2015-11-20T12:59:00+05:30,15.77,15.89,15.76,15.83,
2015-11-20T13:00:00+05:30,15.84,15.84,15.75,15.79,
2015-11-20T13:01:00+05:30,15.79,15.82,15.75,15.75,
2015-11-20T13:02:00+05:30,15.75,15.86,15.74,15.85,
2015-11-20T13:03:00+05:30,15.85,15.86,15.73,15.84,
2015-11-20T13:04:00+05:30,15.83,15.84,15.78,15.79,
2015-11-20T13:05:00+05:30,15.78,15.81,15.76,15.77,
2015-11-20T13:06:00+05:30,15.78,15.85,15.72,15.76,
2015-11-20T13:07:00+05:30,15.77,15.81,15.75,15.78,
2015-11-20T13:08:00+05:30,15.77,15.79,15.72,15.76,
2015-11-20T13:09:00+05:30,15.76,15.8,15.73,15.77,
2015-11-20T13:10:00+05:30,15.76,15.78,15.7,15.77,
2015-11-20T13:11:00+05:30,15.77,15.79,15.73,15.73,
2015-11-20T13:12:00+05:30,15.73,15.79,15.7,15.77,
2015-11-20T13:13:00+05:30,15.76,15.85,15.73,15.77,
2015-11-20T13:14:00+05:30,15.77,15.81,15.74,15.77,
2015-11-20T13:15:00+05:30,15.76,15.78,15.71,15.75,
2015-11-20T13:16:00+05:30,15.75,15.77,15.72,15.72,
2015-11-20T13:17:00+05:30,15.73,15.78,15.69,15.78,
2015-11-20T13:18:00+05:30,15.78,15.78,15.69,15.74,
2015-11-20T13:19:00+05:30,15.73,15.76,15.7,15.73,
2015-11-20T13:20:00+05:30,15.73,15.75,15.65,15.65,
2015-11-20T13:21:00+05:30,15.64,15.75,15.62,15.71,
2015-11-20T13:22:00+05:30,15.71,15.74,15.67,15.7,
2015-11-20T13:23:00+05:30,15.7,15.76,15.68,15.72,
2015-11-20T13:24:00+05:30,15.72,15.72,15.64,15.66,
2015-11-20T13:25:00+05:30,15.65,15.71,15.64,15.67,
2015-11-20T13:26:00+05:30,15.65,15.68,15.6,15.68,
2015-11-20T13:27:00+05:30,15.66,15.69,15.61,15.65,
2015-11-20T13:28:00+05:30,15.66,15.71,15.64,15.66,
2015-11-20T13:29:00+05:30,15.66,15.7,15.64,15.66,
2015-11-20T13:30:00+05:30,15.66,15.74,15.65,15.66,
2015-11-20T13:31:00+05:30,15.66,15.68,15.63,15.63,
2015-11-20T13:32:00+05:30,15.63,15.68,15.6,15.6,
2015-11-20T13:33:00+05:30,15.61,15.64,15.58,15.6,
2015-11-20T13:34:00+05:30,15.6,15.64,15.58,15.61,
2015-11-20T13:35:00+05:30,15.61,15.68,15.59,15.63,
2015-11-20T13:36:00+05:30,15.63,15.66,15.59,15.62,
2015-11-20T13:37:00+05:30,15.62,15.65,15.6,15.62,
2015-11-20T13:38:00+05:30,15.62,15.65,15.56,15.57,
2015-11-20T13:39:00+05:30,15.57,15.67,15.52,15.67,
2015-11-20T13:40:00+05:30,15.68,15.71,15.6,15.63,
2015-11-20T13:41:00+05:30,15.62,15.67,15.54,15.67,
2015-11-20T13:42:00+05:30,15.67,15.68,15.59,15.6,
2015-11-20T13:43:00+05:30,15.6,15.72,15.6,15.72,
2015-11-20T13:44:00+05:30,15.71,15.71,15.6,15.68,
2015-11-20T13:45:00+05:30,15.68,15.71,15.63,15.67,
2015-11-20T13:46:00+05:30,15.68,15.68,15.61,15.64,
2015-11-20T13:47:00+05:30,15.62,15.7,15.6,15.65,
2015-11-20T13:48:00+05:30,15.64,15.67,15.58,15.65,
2015-11-20T13:49:00+05:30,15.65,15.67,15.58,15.61,
2015-11-20T13:50:00+05:30,15.61,15.65,15.61,15.64,
2015-11-20T13:51:00+05:30,15.67,15.75,15.66,15.68,
2015-11-20T13:52:00+05:30,15.69,15.7,15.65,15.65,
2015-11-20T13:53:00+05:30,15.63,15.7,15.62,15.66,
2015-11-20T13:54:00+05:30,15.67,15.73,15.67,15.7,
2015-11-20T13:55:00+05:30,15.71,15.71,15.63,15.64,
2015-11-20T13:56:00+05:30,15.64,15.68,15.59,15.63,
2015-11-20T13:57:00+05:30,15.63,15.67,15.59,15.64,
2015-11-20T13:58:00+05:30,15.62,15.68,15.6,15.66,
2015-11-20T13:59:00+05:30,15.66,15.72,15.65,15.71,
2015-11-20T14:00:00+05:30,15.7,15.71,15.62,15.65,
2015-11-20T14:01:00+05:30,15.64,15.67,15.61,15.62,
2015-11-20T14:02:00+05:30,15.62,15.67,15.6,15.67,
2015-11-20T14:03:00+05:30,15.66,15.7,15.62,15.65,
2015-11-20T14:04:00+05:30,15.65,15.73,15.64,15.73,
2015-11-20T14:05:00+05:30,15.73,15.77,15.71,15.76,
2015-11-20T14:06:00+05:30,15.75,15.79,15.73,15.76,
2015-11-20T14:07:00+05:30,15.74,15.75,15.66,15.74,
2015-11-20T14:08:00+05:30,15.73,15.82,15.7,15.8,
2015-11-20T14:09:00+05:30,15.8,15.87,15.78,15.86,
2015-11-20T14:10:00+05:30,15.84,15.84,15.75,15.77,
2015-11-20T14:11:00+05:30,15.77,15.8,15.71,15.72,
2015-11-20T14:12:00+05:30,15.72,15.77,15.7,15.74,
2015-11-20T14:13:00+05:30,15.72,15.78,15.7,15.71,
2015-11-20T14:14:00+05:30,15.71,15.82,15.68,15.82,
2015-11-20T14:15:00+05:30,15.82,15.84,15.68,15.77,
2015-11-20T14:16:00+05:30,15.75,15.76,15.68,15.7,
2015-11-20T14:17:00+05:30,15.69,15.71,15.65,15.65,
2015-11-20T14:18:00+05:30,15.63,15.66,15.59,15.6,
2015-11-20T14:19:00+05:30,15.61,15.73,15.6,15.65,
2015-11-20T14:20:00+05:30,15.64,15.74,15.63,15.69,
2015-11-20T14:21:00+05:30,15.68,15.74,15.68,15.7,
2015-11-20T14:22:00+05:30,15.7,15.72,15.58,15.58,
2015-11-20T14:23:00+05:30,15.58,15.62,15.56,15.6,
2015-11-20T14:24:00+05:30,15.6,15.66,15.6,15.61,
2015-11-20T14:25:00+05:30,15.62,15.69,15.6,15.61,
2015-11-20T14:26:00+05:30,15.6,15.7,15.6,15.62,
2015-11-20T14:27:00+05:30,15.61,15.65,15.6,15.64,
2015-11-20T14:28:00+05:30,15.64,15.69,15.59,15.65,
2015-11-20T14:29:00+05:30,15.64,15.66,15.61,15.61,
2015-11-20T14:30:00+05:30,15.62,15.68,15.61,15.65,
2015-11-20T14:31:00+05:30,15.64,15.68,15.63,15.65,
2015-11-20T14:32:00+05:30,15.66,15.68,15.57,15.59,
2015-11-20T14:33:00+05:30,15.6,15.65,15.58,15.6,
2015-11-20T14:34:00+05:30,15.6,15.69,15.59,15.68,
2015-11-20T14:35:00+05:30,15.67,15.68,15.58,15.64,
2015-11-20T14:36:00+05:30,15.64,15.68,15.58,15.58,
2015-11-20T14:37:00+05:30,15.59,15.64,15.56,15.64,
2015-11-20T14:38:00+05:30,15.63,15.69,15.61,15.66,
2015-11-20T14:39:00+05:30,15.66,15.7,15.64,15.68,
2015-11-20T14:40:00+05:30,15.69,15.72,15.65,15.65,
2015-11-20T14:41:00+05:30,15.65,15.7,15.65,15.65,
2015-11-20T14:42:00+05:30,15.65,15.68,15.61,15.66,
2015-11-20T14:43:00+05:30,15.66,15.69,15.65,15.69,
2015-11-20T14:44:00+05:30,15.69,15.7,15.63,15.69,
2015-11-20T14:45:00+05:30,15.7,15.76,15.62,15.76,
2015-11-20T14:46:00+05:30,15.76,15.86,15.73,15.78,
2015-11-20T14:47:00+05:30,15.75,15.75,15.67,15.71,
2015-11-20T14:48:00+05:30,15.72,15.81,15.71,15.72,
2015-11-20T14:49:00+05:30,15.72,15.84,15.68,15.78,
2015-11-20T14:50:00+05:30,15.79,15.79,15.71,15.74,
2015-11-20T14:51:00+05:30,15.73,15.77,15.7,15.77,
2015-11-20T14:52:00+05:30,15.76,15.78,15.75,15.78,
2015-11-20T14:53:00+05:30,15.78,15.85,15.73,15.83,
2015-11-20T14:54:00+05:30,15.83,15.87,15.81,15.82,
2015-11-20T14:55:00+05:30,15.84,15.84,15.79,15.83,
2015-11-20T14:56:00+05:30,15.84,15.84,15.76,15.78,
2015-11-20T14:57:00+05:30,15.82,15.92,15.8,15.9,
2015-11-20T14:58:00+05:30,15.9,15.95,15.84,15.94,
2015-11-20T14:59:00+05:30,15.94,15.94,15.82,15.86,
2015-11-20T15:00:00+05:30,15.86,15.9,15.79,15.8,
2015-11-20T15:01:00+05:30,15.8,15.9,15.79,15.85,
2015-11-20T15:02:00+05:30,15.85,15.88,15.8,15.8,
2015-11-20T15:03:00+05:30,15.8,15.8,15.68,15.68,
2015-11-20T15:04:00+05:30,15.69,15.75,15.69,15.73,
2015-11-20T15:05:00+05:30,15.72,15.82,15.72,15.75,
2015-11-20T15:06:00+05:30,15.72,15.78,15.72,15.75,
2015-11-20T15:07:00+05:30,15.75,15.8,15.75,15.8,
2015-11-20T15:08:00+05:30,15.81,15.81,15.74,15.76,
2015-11-20T15:09:00+05:30,15.76,15.83,15.72,15.77,
2015-11-20T15:10:00+05:30,15.79,15.82,15.76,15.79,
2015-11-20T15:11:00+05:30,15.79,15.83,15.77,15.83,
2015-11-20T15:12:00+05:30,15.82,15.86,15.79,15.79,
2015-11-20T15:13:00+05:30,15.79,15.88,15.77,15.82,
2015-11-20T15:14:00+05:30,15.82,15.91,15.79,15.88,
2015-11-20T15:15:00+05:30,15.88,15.95,15.85,15.85,
2015-11-20T15:16:00+05:30,15.89,15.97,15.87,15.93,
2015-11-20T15:17:00+05:30,15.94,16.03,15.94,15.96,
2015-11-20T15:18:00+05:30,16.01,16.13,15.99,16.02,
2015-11-20T15:19:00+05:30,16.02,16.12,16.01,16.08,
2015-11-20T15:20:00+05:30,16.09,16.09,15.99,16.06,
2015-11-20T15:21:00+05:30,16.1,16.13,16.06,16.09,
2015-11-20T15:22:00+05:30,16.08,16.14,16.05,16.1,
2015-11-20T15:23:00+05:30,16.09,16.09,16.03,16.06,
2015-11-20T15:24:00+05:30,16.07,16.07,15.99,16.05,
2015-11-20T15:25:00+05:30,16.08,16.12,16.03,16.06,
2015-11-20T15:26:00+05:30,16.06,16.06,15.87,15.9,
2015-11-20T15:27:00+05:30,15.9,15.93,15.87,15.92,
2015-11-20T15:28:00+05:30,15.92,15.98,15.9,15.97,
2015-11-20T15:29:00+05:30,15.99,15.99,15.85,15.92,
2015-11-23T09:15:00+05:30,15.9,16.45,15.78,16.42,
2015-11-23T09:16:00+05:30,16.39,16.69,15.92,16.16,
2015-11-23T09:17:00+05:30,16.14,16.87,15.99,16.4,
2015-11-23T09:18:00+05:30,16.37,16.87,16.19,16.19,
2015-11-23T09:19:00+05:30,16.64,17.13,16.25,16.64,
2015-11-23T09:20:00+05:30,16.67,17.42,16.67,16.96,
2015-11-23T09:21:00+05:30,16.98,17,16.9,16.97,
2015-11-23T09:22:00+05:30,16.88,17.29,16.8,16.86,
2015-11-23T09:23:00+05:30,16.9,16.9,16.64,16.79,
2015-11-23T09:24:00+05:30,16.78,16.94,16.76,16.8,
2015-11-23T09:25:00+05:30,16.86,16.93,16.7,16.78,
2015-11-23T09:26:00+05:30,16.78,16.86,16.66,16.74,
2015-11-23T09:27:00+05:30,16.75,16.88,16.69,16.84,
2015-11-23T09:28:00+05:30,16.85,16.85,16.66,16.73,
2015-11-23T09:29:00+05:30,16.73,16.86,16.7,16.81,
2015-11-23T09:30:00+05:30,16.85,16.88,16.77,16.78,
2015-11-23T09:31:00+05:30,16.85,16.85,16.73,16.84,
2015-11-23T09:32:00+05:30,16.83,16.91,16.8,16.83,
2015-11-23T09:33:00+05:30,16.84,16.94,16.79,16.9,
2015-11-23T09:34:00+05:30,16.9,16.92,16.8,16.87,
2015-11-23T09:35:00+05:30,16.87,17.07,16.87,16.98,
2015-11-23T09:36:00+05:30,16.99,17.12,16.94,17.07,
2015-11-23T09:37:00+05:30,17.06,17.06,16.84,16.86,
2015-11-23T09:38:00+05:30,16.91,17.04,16.9,16.96,
2015-11-23T09:39:00+05:30,16.95,17.04,16.83,16.97,
2015-11-23T09:40:00+05:30,17.01,17.11,16.89,16.93,
2015-11-23T09:41:00+05:30,16.95,17.11,16.93,17.04,
2015-11-23T09:42:00+05:30,17.03,17.13,16.95,16.98,
2015-11-23T09:43:00+05:30,16.94,17.23,16.69,17.16,
2015-11-23T09:44:00+05:30,17.14,17.22,17.08,17.13,
2015-11-23T09:45:00+05:30,17.13,17.18,17.01,17.16,
2015-11-23T09:46:00+05:30,17.09,17.18,17.03,17.1,
2015-11-23T09:47:00+05:30,17.1,17.16,17.01,17.08,
2015-11-23T09:48:00+05:30,17.09,17.13,16.99,17.08,
2015-11-23T09:49:00+05:30,17.05,17.16,17,17.07,
2015-11-23T09:50:00+05:30,17.02,17.13,16.97,17.07,
2015-11-23T09:51:00+05:30,17.08,17.18,17,17.17,
2015-11-23T09:52:00+05:30,17.16,17.16,17.03,17.06,
2015-11-23T09:53:00+05:30,17.1,17.12,17,17.04,
2015-11-23T09:54:00+05:30,17.01,17.1,17.01,17.04,
2015-11-23T09:55:00+05:30,17.06,17.06,16.97,17.03,
2015-11-23T09:56:00+05:30,16.97,17.07,16.91,17,
2015-11-23T09:57:00+05:30,16.99,17.07,16.97,17.02,
2015-11-23T09:58:00+05:30,17.02,17.07,16.98,17.06,
2015-11-23T09:59:00+05:30,17.06,17.18,16.96,17.1,
2015-11-23T10:00:00+05:30,17.12,17.12,16.98,17.05,
2015-11-23T10:01:00+05:30,17.04,17.04,16.97,17.02,
2015-11-23T10:02:00+05:30,17.04,17.05,16.88,16.94,
2015-11-23T10:03:00+05:30,16.94,17.05,16.92,16.97,
2015-11-23T10:04:00+05:30,16.97,17.07,16.94,17.04,
2015-11-23T10:05:00+05:30,17.05,17.08,16.97,16.98,
2015-11-23T10:06:00+05:30,16.97,17.03,16.93,16.93,
2015-11-23T10:07:00+05:30,16.93,16.96,16.87,16.93,
2015-11-23T10:08:00+05:30,16.9,17.02,16.89,17.01,
2015-11-23T10:09:00+05:30,16.98,17.03,16.89,16.93,
2015-11-23T10:10:00+05:30,16.99,17.05,16.95,17.05,
2015-11-23T10:11:00+05:30,17.01,17.08,16.97,17.04,
2015-11-23T10:12:00+05:30,17.04,17.13,16.96,17.08,
2015-11-23T10:13:00+05:30,17.05,17.14,17,17.06,
2015-11-23T10:14:00+05:30,17.04,17.1,17.01,17.03,
2015-11-23T10:15:00+05:30,17.02,17.09,16.92,17.05,
2015-11-23T10:16:00+05:30,17.04,17.08,16.96,17,
2015-11-23T10:17:00+05:30,17,17.11,16.98,17.06,
2015-11-23T10:18:00+05:30,17.05,17.12,17.02,17.05,
2015-11-23T10:19:00+05:30,17.06,17.09,17,17.07,
2015-11-23T10:20:00+05:30,17.1,17.1,17.01,17.01,
2015-11-23T10:21:00+05:30,17.01,17.08,16.94,16.98,
2015-11-23T10:22:00+05:30,17.03,17.08,16.96,16.98,
2015-11-23T10:23:00+05:30,16.97,17.1,16.97,17.01,
2015-11-23T10:24:00+05:30,17.03,17.09,17.01,17.04,
2015-11-23T10:25:00+05:30,17.04,17.09,17.01,17.07,
2015-11-23T10:26:00+05:30,17,17.09,17,17.01,
2015-11-23T10:27:00+05:30,16.94,17.09,16.94,17.09,
2015-11-23T10:28:00+05:30,17.1,17.11,17.02,17.1,
2015-11-23T10:29:00+05:30,17.11,17.13,17,17.08,
2015-11-23T10:30:00+05:30,17.1,17.13,17.03,17.11,
2015-11-23T10:31:00+05:30,17.13,17.14,17.01,17.01,
2015-11-23T10:32:00+05:30,17.09,17.13,16.96,17.12,
2015-11-23T10:33:00+05:30,17.09,17.16,17.01,17.05,
2015-11-23T10:34:00+05:30,17.08,17.16,17.07,17.09,
2015-11-23T10:35:00+05:30,17.1,17.16,17.05,17.12,
2015-11-23T10:36:00+05:30,17.14,17.16,17.07,17.13,
2015-11-23T10:37:00+05:30,17.1,17.16,17.01,17.1,
2015-11-23T10:38:00+05:30,17.09,17.12,17.03,17.09,
2015-11-23T10:39:00+05:30,17.09,17.2,17.05,17.12,
2015-11-23T10:40:00+05:30,17.12,17.2,17.08,17.17,
2015-11-23T10:41:00+05:30,17.17,17.22,17.09,17.16,
2015-11-23T10:42:00+05:30,17.17,17.22,17.1,17.16,
2015-11-23T10:43:00+05:30,17.17,17.19,17.1,17.14,
2015-11-23T10:44:00+05:30,17.16,17.19,17.04,17.04,
2015-11-23T10:45:00+05:30,17.06,17.12,17.02,17.04,
2015-11-23T10:46:00+05:30,17.03,17.15,17.02,17.05,
2015-11-23T10:47:00+05:30,17.06,17.13,17.01,17.09,
2015-11-23T10:48:00+05:30,17.11,17.15,17.03,17.04,
2015-11-23T10:49:00+05:30,17.06,17.16,16.98,17.1,
2015-11-23T10:50:00+05:30,17.06,17.08,17.03,17.06,
2015-11-23T10:51:00+05:30,17.06,17.07,16.98,17.06,
2015-11-23T10:52:00+05:30,17.07,17.1,17.03,17.07,
2015-11-23T10:53:00+05:30,17.06,17.1,16.99,17,
2015-11-23T10:54:00+05:30,17.03,17.07,16.97,17.04,
2015-11-23T10:55:00+05:30,17.02,17.02,16.85,16.95,
2015-11-23T10:56:00+05:30,17.01,17.08,16.94,17.07,
2015-11-23T10:57:00+05:30,17.03,17.07,16.95,16.99,
2015-11-23T10:58:00+05:30,17.02,17.02,16.92,16.97,
2015-11-23T10:59:00+05:30,16.97,17.01,16.89,16.96,
2015-11-23T11:00:00+05:30,16.93,17.04,16.93,16.95,
2015-11-23T11:01:00+05:30,16.96,17.06,16.92,16.99,
2015-11-23T11:02:00+05:30,16.98,17.02,16.94,16.96,
2015-11-23T11:03:00+05:30,16.98,17.03,16.92,16.97,
2015-11-23T11:04:00+05:30,16.96,17.02,16.92,16.97,
2015-11-23T11:05:00+05:30,16.98,17,16.89,16.98,
2015-11-23T11:06:00+05:30,16.95,16.99,16.89,16.92,
2015-11-23T11:07:00+05:30,16.91,16.96,16.84,16.95,
2015-11-23T11:08:00+05:30,16.96,17.01,16.87,16.89,
2015-11-23T11:09:00+05:30,16.94,16.99,16.83,16.92,
2015-11-23T11:10:00+05:30,16.91,16.99,16.84,16.87,
2015-11-23T11:11:00+05:30,16.9,16.95,16.86,16.88,
2015-11-23T11:12:00+05:30,16.91,16.92,16.83,16.88,
2015-11-23T11:13:00+05:30,16.86,16.91,16.83,16.88,
2015-11-23T11:14:00+05:30,16.87,16.9,16.84,16.86,
2015-11-23T11:15:00+05:30,16.85,16.91,16.83,16.9,
2015-11-23T11:16:00+05:30,16.89,16.91,16.83,16.83,
2015-11-23T11:17:00+05:30,16.87,16.95,16.8,16.8,
2015-11-23T11:18:00+05:30,16.82,16.91,16.82,16.86,
2015-11-23T11:19:00+05:30,16.88,16.92,16.75,16.83,
2015-11-23T11:20:00+05:30,16.82,16.86,16.72,16.79,
2015-11-23T11:21:00+05:30,16.83,16.89,16.73,16.8,
2015-11-23T11:22:00+05:30,16.8,16.85,16.7,16.72,
2015-11-23T11:23:00+05:30,16.73,16.77,16.58,16.72,
2015-11-23T11:24:00+05:30,16.71,16.76,16.59,16.69,
2015-11-23T11:25:00+05:30,16.69,16.73,16.61,16.68,
2015-11-23T11:26:00+05:30,16.71,16.74,16.59,16.72,
2015-11-23T11:27:00+05:30,16.72,16.76,16.6,16.72,
2015-11-23T11:28:00+05:30,16.72,16.73,16.63,16.72,
2015-11-23T11:29:00+05:30,16.69,16.76,16.67,16.7,
2015-11-23T11:30:00+05:30,16.69,16.73,16.57,16.57,
2015-11-23T11:31:00+05:30,16.57,16.69,16.57,16.63,
2015-11-23T11:32:00+05:30,16.68,16.75,16.64,16.7,
2015-11-23T11:33:00+05:30,16.7,16.76,16.66,16.74,
2015-11-23T11:34:00+05:30,16.75,16.77,16.66,16.72,
2015-11-23T11:35:00+05:30,16.73,16.75,16.64,16.65,
2015-11-23T11:36:00+05:30,16.69,16.69,16.59,16.6,
2015-11-23T11:37:00+05:30,16.63,16.74,16.63,16.67,
2015-11-23T11:38:00+05:30,16.67,16.72,16.61,16.69,
2015-11-23T11:39:00+05:30,16.67,16.71,16.59,16.61,
2015-11-23T11:40:00+05:30,16.62,16.66,16.59,16.63,
2015-11-23T11:41:00+05:30,16.6,16.64,16.52,16.52,
2015-11-23T11:42:00+05:30,16.54,16.64,16.53,16.57,
2015-11-23T11:43:00+05:30,16.61,16.63,16.5,16.59,
2015-11-23T11:44:00+05:30,16.61,16.63,16.52,16.61,
2015-11-23T11:45:00+05:30,16.62,16.62,16.53,16.6,
2015-11-23T11:46:00+05:30,16.6,16.6,16.47,16.51,
2015-11-23T11:47:00+05:30,16.54,16.56,16.45,16.48,
2015-11-23T11:48:00+05:30,16.48,16.57,16.44,16.49,
2015-11-23T11:49:00+05:30,16.46,16.49,16.41,16.48,
2015-11-23T11:50:00+05:30,16.49,16.52,16.33,16.42,
2015-11-23T11:51:00+05:30,16.42,16.45,16.34,16.38,
2015-11-23T11:52:00+05:30,16.43,16.43,16.33,16.41,
2015-11-23T11:53:00+05:30,16.43,16.43,16.32,16.33,
2015-11-23T11:54:00+05:30,16.34,16.45,16.31,16.43,
2015-11-23T11:55:00+05:30,16.45,16.49,16.4,16.47,
2015-11-23T11:56:00+05:30,16.47,16.58,16.4,16.47,
2015-11-23T11:57:00+05:30,16.47,16.62,16.47,16.54,
2015-11-23T11:58:00+05:30,16.57,16.64,16.55,16.6,
2015-11-23T11:59:00+05:30,16.63,16.7,16.59,16.62,
2015-11-23T12:00:00+05:30,16.61,16.69,16.59,16.68,
2015-11-23T12:01:00+05:30,16.62,16.69,16.62,16.66,
2015-11-23T12:02:00+05:30,16.67,16.67,16.6,16.64,
2015-11-23T12:03:00+05:30,16.64,16.66,16.6,16.62,
2015-11-23T12:04:00+05:30,16.63,16.68,16.58,16.61,
2015-11-23T12:05:00+05:30,16.61,16.72,16.56,16.64,
2015-11-23T12:06:00+05:30,16.64,16.68,16.58,16.65,
2015-11-23T12:07:00+05:30,16.67,16.67,16.57,16.6,
2015-11-23T12:08:00+05:30,16.59,16.67,16.55,16.64,
2015-11-23T12:09:00+05:30,16.63,16.74,16.61,16.73,
2015-11-23T12:10:00+05:30,16.73,16.79,16.65,16.74,
2015-11-23T12:11:00+05:30,16.75,16.77,16.64,16.76,
2015-11-23T12:12:00+05:30,16.75,16.79,16.72,16.78,
2015-11-23T12:13:00+05:30,16.77,16.8,16.71,16.74,
2015-11-23T12:14:00+05:30,16.73,16.77,16.7,16.77,
2015-11-23T12:15:00+05:30,16.75,16.83,16.71,16.77,
2015-11-23T12:16:00+05:30,16.77,16.9,16.77,16.84,
2015-11-23T12:17:00+05:30,16.89,16.96,16.85,16.91,
2015-11-23T12:18:00+05:30,16.88,16.91,16.81,16.82,
2015-11-23T12:19:00+05:30,16.83,16.91,16.83,16.87,
2015-11-23T12:20:00+05:30,16.86,16.9,16.8,16.82,
2015-11-23T12:21:00+05:30,16.81,16.87,16.73,16.8,
2015-11-23T12:22:00+05:30,16.8,16.83,16.66,16.81,
2015-11-23T12:23:00+05:30,16.8,16.82,16.71,16.79,
2015-11-23T12:24:00+05:30,16.78,16.83,16.71,16.74,
2015-11-23T12:25:00+05:30,16.75,16.77,16.67,16.73,
2015-11-23T12:26:00+05:30,16.76,16.77,16.69,16.74,
2015-11-23T12:27:00+05:30,16.73,16.81,16.71,16.73,
2015-11-23T12:28:00+05:30,16.75,16.79,16.69,16.72,
2015-11-23T12:29:00+05:30,16.71,16.8,16.66,16.7,
2015-11-23T12:30:00+05:30,16.7,16.78,16.65,16.67,
2015-11-23T12:31:00+05:30,16.71,16.74,16.65,16.68,
2015-11-23T12:32:00+05:30,16.68,16.71,16.64,16.69,
2015-11-23T12:33:00+05:30,16.7,16.78,16.7,16.76,
2015-11-23T12:34:00+05:30,16.75,16.79,16.65,16.74,
2015-11-23T12:35:00+05:30,16.75,16.75,16.65,16.7,
2015-11-23T12:36:00+05:30,16.69,16.76,16.64,16.73,
2015-11-23T12:37:00+05:30,16.74,16.8,16.67,16.79,
2015-11-23T12:38:00+05:30,16.8,16.9,16.72,16.86,
2015-11-23T12:39:00+05:30,16.85,16.93,16.83,16.9,
2015-11-23T12:40:00+05:30,16.89,16.96,16.84,16.88,
2015-11-23T12:41:00+05:30,16.89,16.92,16.81,16.86,
2015-11-23T12:42:00+05:30,16.85,16.92,16.82,16.85,
2015-11-23T12:43:00+05:30,16.85,16.91,16.72,16.78,
2015-11-23T12:44:00+05:30,16.79,16.83,16.74,16.79,
2015-11-23T12:45:00+05:30,16.81,16.89,16.78,16.84,
2015-11-23T12:46:00+05:30,16.84,16.96,16.81,16.87,
2015-11-23T12:47:00+05:30,16.85,16.93,16.85,16.91,
2015-11-23T12:48:00+05:30,16.9,16.93,16.84,16.88,
2015-11-23T12:49:00+05:30,16.88,16.95,16.85,16.92,
2015-11-23T12:50:00+05:30,16.92,16.96,16.87,16.91,
2015-11-23T12:51:00+05:30,16.95,16.96,16.85,16.93,
2015-11-23T12:52:00+05:30,16.94,16.96,16.84,16.94,
2015-11-23T12:53:00+05:30,16.96,16.96,16.88,16.94,
2015-11-23T12:54:00+05:30,16.89,16.94,16.87,16.89,
2015-11-23T12:55:00+05:30,16.93,16.98,16.88,16.93,
2015-11-23T12:56:00+05:30,16.92,16.96,16.86,16.93,
2015-11-23T12:57:00+05:30,16.93,17.03,16.93,16.97,
2015-11-23T12:58:00+05:30,17.03,17.05,16.92,16.98,
2015-11-23T12:59:00+05:30,16.97,17.03,16.92,16.99,
2015-11-23T13:00:00+05:30,17.01,17.05,16.97,17.05,
2015-11-23T13:01:00+05:30,17.09,17.18,17.01,17.13,
2015-11-23T13:02:00+05:30,17.08,17.21,17.08,17.14,
2015-11-23T13:03:00+05:30,17.16,17.16,17.07,17.09,
2015-11-23T13:04:00+05:30,17.07,17.1,17.01,17.1,
2015-11-23T13:05:00+05:30,17.08,17.14,17.02,17.1,
2015-11-23T13:06:00+05:30,17.13,17.13,17,17.08,
2015-11-23T13:07:00+05:30,17.05,17.07,16.95,16.96,
2015-11-23T13:08:00+05:30,16.9,16.98,16.9,16.96,
2015-11-23T13:09:00+05:30,16.96,17.08,16.94,17.04,
2015-11-23T13:10:00+05:30,17.04,17.11,17,17.05,
2015-11-23T13:11:00+05:30,17.04,17.1,17.01,17.09,
2015-11-23T13:12:00+05:30,17.07,17.12,17.03,17.11,
2015-11-23T13:13:00+05:30,17.1,17.14,17,17.08,
2015-11-23T13:14:00+05:30,17.1,17.16,17.07,17.13,
2015-11-23T13:15:00+05:30,17.15,17.25,17.11,17.18,
2015-11-23T13:16:00+05:30,17.17,17.22,17.1,17.12,
2015-11-23T13:17:00+05:30,17.12,17.36,17.12,17.17,
2015-11-23T13:18:00+05:30,17.17,17.25,17.15,17.15,
2015-11-23T13:19:00+05:30,17.15,17.35,17.12,17.15,
2015-11-23T13:20:00+05:30,17.08,17.18,17.08,17.14,
2015-11-23T13:21:00+05:30,17.14,17.16,17.04,17.1,
2015-11-23T13:22:00+05:30,17.1,17.34,17.04,17.04,
2015-11-23T13:23:00+05:30,17.01,17.15,17.01,17.08,
2015-11-23T13:24:00+05:30,17.08,17.14,17.05,17.07,
2015-11-23T13:25:00+05:30,17.05,17.21,17.03,17.11,
2015-11-23T13:26:00+05:30,17.1,17.15,17.04,17.09,
2015-11-23T13:27:00+05:30,17.09,17.14,16.98,16.98,
2015-11-23T13:28:00+05:30,17.05,17.09,17.02,17.04,
2015-11-23T13:29:00+05:30,17.02,17.05,16.97,17.03,
2015-11-23T13:30:00+05:30,17.01,17.14,16.97,17.12,
2015-11-23T13:31:00+05:30,17.06,17.17,17.06,17.12,
2015-11-23T13:32:00+05:30,17.12,17.15,17.06,17.15,
2015-11-23T13:33:00+05:30,17.14,17.16,17.05,17.09,
2015-11-23T13:34:00+05:30,17.1,17.15,17.04,17.12,
2015-11-23T13:35:00+05:30,17.12,17.12,16.97,17.06,
2015-11-23T13:36:00+05:30,17.07,17.12,17,17.07,
2015-11-23T13:37:00+05:30,17.07,17.07,16.94,17.03,
2015-11-23T13:38:00+05:30,17.03,17.1,16.99,17.07,
2015-11-23T13:39:00+05:30,17.05,17.07,16.92,16.95,
2015-11-23T13:40:00+05:30,16.95,17.01,16.87,17,
2015-11-23T13:41:00+05:30,16.99,17.07,16.95,17.02,
2015-11-23T13:42:00+05:30,17.02,17.27,16.98,17.08,
2015-11-23T13:43:00+05:30,17.08,17.24,17.02,17.22,
2015-11-23T13:44:00+05:30,17.21,17.24,17.06,17.16,
2015-11-23T13:45:00+05:30,17.14,17.15,16.99,17.07,
2015-11-23T13:46:00+05:30,17.06,17.14,17.01,17.04,
2015-11-23T13:47:00+05:30,17.03,17.15,17.03,17.12,
2015-11-23T13:48:00+05:30,17.15,17.15,17.08,17.08,
2015-11-23T13:49:00+05:30,17.09,17.13,17.04,17.04,
2015-11-23T13:50:00+05:30,17.02,17.12,17.01,17.09,
2015-11-23T13:51:00+05:30,17.09,17.12,17.03,17.06,
2015-11-23T13:52:00+05:30,17.07,17.14,17.05,17.09,
2015-11-23T13:53:00+05:30,17.11,17.12,17.04,17.08,
2015-11-23T13:54:00+05:30,17.09,17.12,17,17.08,
2015-11-23T13:55:00+05:30,17.09,17.19,17.07,17.17,
2015-11-23T13:56:00+05:30,17.17,17.2,17.03,17.09,
2015-11-23T13:57:00+05:30,17.09,17.09,16.97,17,
2015-11-23T13:58:00+05:30,17,17,16.86,16.97,
2015-11-23T13:59:00+05:30,16.98,17.03,16.91,17.01,
2015-11-23T14:00:00+05:30,17.1,17.1,16.84,16.94,
2015-11-23T14:01:00+05:30,16.95,17.05,16.88,17.05,
2015-11-23T14:02:00+05:30,17.04,17.12,17.01,17.06,
2015-11-23T14:03:00+05:30,17.07,17.16,17,17.15,
2015-11-23T14:04:00+05:30,17.12,17.21,17.1,17.19,
2015-11-23T14:05:00+05:30,17.19,17.28,17.19,17.21,
2015-11-23T14:06:00+05:30,17.2,17.27,17.13,17.15,
2015-11-23T14:07:00+05:30,17.13,17.41,17.1,17.31,
2015-11-23T14:08:00+05:30,17.3,17.33,17.23,17.27,
2015-11-23T14:09:00+05:30,17.27,17.3,17.19,17.27,
2015-11-23T14:10:00+05:30,17.27,17.33,17.23,17.32,
2015-11-23T14:11:00+05:30,17.31,17.35,17.23,17.3,
2015-11-23T14:12:00+05:30,17.31,17.43,17.3,17.38,
2015-11-23T14:13:00+05:30,17.38,17.47,17.37,17.42,
2015-11-23T14:14:00+05:30,17.43,17.49,17.37,17.37,
2015-11-23T14:15:00+05:30,17.43,17.49,17.39,17.47,
2015-11-23T14:16:00+05:30,17.45,17.5,17.32,17.35,
2015-11-23T14:17:00+05:30,17.38,17.5,17.38,17.45,
2015-11-23T14:18:00+05:30,17.45,17.49,17.36,17.48,
2015-11-23T14:19:00+05:30,17.48,17.48,17.36,17.45,
2015-11-23T14:20:00+05:30,17.45,17.46,17.37,17.43,
2015-11-23T14:21:00+05:30,17.43,17.46,17.35,17.38,
2015-11-23T14:22:00+05:30,17.36,17.48,17.31,17.43,
2015-11-23T14:23:00+05:30,17.39,17.56,17.38,17.48,
2015-11-23T14:24:00+05:30,17.48,17.51,17.39,17.42,
2015-11-23T14:25:00+05:30,17.43,17.45,17.27,17.27,
2015-11-23T14:26:00+05:30,17.25,17.27,17.07,17.17,
2015-11-23T14:27:00+05:30,17.16,17.19,17.07,17.15,
2015-11-23T14:28:00+05:30,17.13,17.23,17.1,17.17,
2015-11-23T14:29:00+05:30,17.21,17.21,17.04,17.19,
2015-11-23T14:30:00+05:30,17.2,17.2,16.71,17.05,
2015-11-23T14:31:00+05:30,17.05,17.09,16.97,17.08,
2015-11-23T14:32:00+05:30,17.12,17.24,17.08,17.1,
2015-11-23T14:33:00+05:30,17.09,17.2,17.01,17.08,
2015-11-23T14:34:00+05:30,17.05,17.18,17.02,17.12,
2015-11-23T14:35:00+05:30,17.14,17.22,17.06,17.1,
2015-11-23T14:36:00+05:30,17.08,17.1,17.02,17.02,
2015-11-23T14:37:00+05:30,17.04,17.15,16.99,17.07,
2015-11-23T14:38:00+05:30,17.09,17.13,17.02,17.05,
2015-11-23T14:39:00+05:30,17.08,17.09,16.92,16.94,
2015-11-23T14:40:00+05:30,16.93,17.03,16.9,16.99,
2015-11-23T14:41:00+05:30,17.02,17.08,16.94,17,
2015-11-23T14:42:00+05:30,17.01,17.09,16.96,16.98,
2015-11-23T14:43:00+05:30,17.02,17.04,16.91,17.02,
2015-11-23T14:44:00+05:30,16.99,17.03,16.97,16.98,
2015-11-23T14:45:00+05:30,17,17.05,16.84,16.89,
2015-11-23T14:46:00+05:30,16.87,16.91,16.81,16.87,
2015-11-23T14:47:00+05:30,16.86,16.95,16.81,16.93,
2015-11-23T14:48:00+05:30,16.92,16.96,16.87,16.96,
2015-11-23T14:49:00+05:30,16.92,16.95,16.86,16.91,
2015-11-23T14:50:00+05:30,16.91,17.08,16.91,17.06,
2015-11-23T14:51:00+05:30,17.07,17.07,16.98,17.07,
2015-11-23T14:52:00+05:30,17.02,17.13,17.02,17.09,
2015-11-23T14:53:00+05:30,17.07,17.15,16.96,17.13,
2015-11-23T14:54:00+05:30,17.13,17.13,17.01,17.08,
2015-11-23T14:55:00+05:30,17.06,17.12,17.03,17.06,
2015-11-23T14:56:00+05:30,17.06,17.11,17,17.01,
2015-11-23T14:57:00+05:30,16.99,17.09,16.9,17.01,
2015-11-23T14:58:00+05:30,17.03,17.04,16.92,16.99,
2015-11-23T14:59:00+05:30,16.97,17.03,16.93,17.03,
2015-11-23T15:00:00+05:30,17.03,17.06,16.94,17.05,
2015-11-23T15:01:00+05:30,17.06,17.07,16.97,16.98,
2015-11-23T15:02:00+05:30,16.99,17.06,16.94,17.06,
2015-11-23T15:03:00+05:30,17.08,17.11,16.97,17.1,
2015-11-23T15:04:00+05:30,17.08,17.17,17.06,17.1,
2015-11-23T15:05:00+05:30,17.1,17.19,17.07,17.08,
2015-11-23T15:06:00+05:30,17.14,17.15,17.03,17.1,
2015-11-23T15:07:00+05:30,17.07,17.12,17.05,17.11,
2015-11-23T15:08:00+05:30,17.12,17.14,17.04,17.08,
2015-11-23T15:09:00+05:30,17.05,17.1,16.99,17.05,
2015-11-23T15:10:00+05:30,17.04,17.11,16.98,17.08,
2015-11-23T15:11:00+05:30,17.09,17.18,17.07,17.18,
2015-11-23T15:12:00+05:30,17.19,17.22,17.09,17.16,
2015-11-23T15:13:00+05:30,17.15,17.17,17.04,17.05,
2015-11-23T15:14:00+05:30,17.06,17.14,17.04,17.07,
2015-11-23T15:15:00+05:30,17.08,17.13,16.99,17.09,
2015-11-23T15:16:00+05:30,17.06,17.16,17.03,17.05,
2015-11-23T15:17:00+05:30,17.06,17.16,17.06,17.07,
2015-11-23T15:18:00+05:30,17.08,17.16,17.05,17.1,
2015-11-23T15:19:00+05:30,17.12,17.18,17.06,17.13,
2015-11-23T15:20:00+05:30,17.14,17.16,17.04,17.13,
2015-11-23T15:21:00+05:30,17.13,17.16,17.04,17.13,
2015-11-23T15:22:00+05:30,17.13,17.19,17.07,17.19,
2015-11-23T15:23:00+05:30,17.13,17.17,17.03,17.06,
2015-11-23T15:24:00+05:30,17.07,17.15,17.05,17.1,
2015-11-23T15:25:00+05:30,17.1,17.15,17,17.14,
2015-11-23T15:26:00+05:30,17.14,17.14,17.01,17.02,
2015-11-23T15:27:00+05:30,17.03,17.09,17.02,17.02,
2015-11-23T15:28:00+05:30,17.02,17.07,16.95,16.96,
2015-11-23T15:29:00+05:30,16.94,16.99,16.88,16.91,
2015-11-24T09:15:00+05:30,17.08,17.08,15.95,17.02,
2015-11-24T09:16:00+05:30,17.01,17.01,16.54,16.64,
2015-11-24T09:17:00+05:30,16.69,16.98,16.67,16.86,
2015-11-24T09:18:00+05:30,16.81,16.87,16.73,16.83,
2015-11-24T09:19:00+05:30,16.89,16.92,16.83,16.87,
2015-11-24T09:20:00+05:30,16.87,16.88,16.69,16.71,
2015-11-24T09:21:00+05:30,16.67,16.78,16.65,16.65,
2015-11-24T09:22:00+05:30,16.68,16.79,16.66,16.77,
2015-11-24T09:23:00+05:30,16.76,16.76,16.64,16.75,
2015-11-24T09:24:00+05:30,16.76,16.85,16.71,16.75,
2015-11-24T09:25:00+05:30,16.75,16.75,16.58,16.64,
2015-11-24T09:26:00+05:30,16.65,16.68,16.58,16.62,
2015-11-24T09:27:00+05:30,16.62,16.75,16.62,16.68,
2015-11-24T09:28:00+05:30,16.71,16.72,16.59,16.62,
2015-11-24T09:29:00+05:30,16.63,16.63,16.54,16.57,
2015-11-24T09:30:00+05:30,16.55,16.6,16.42,16.55,
2015-11-24T09:31:00+05:30,16.56,16.59,16.45,16.53,
2015-11-24T09:32:00+05:30,16.56,16.62,16.47,16.5,
2015-11-24T09:33:00+05:30,16.49,16.6,16.41,16.49,
2015-11-24T09:34:00+05:30,16.52,16.52,16.34,16.41,
2015-11-24T09:35:00+05:30,16.35,16.53,16.32,16.4,
2015-11-24T09:36:00+05:30,16.4,16.52,16.32,16.39,
2015-11-24T09:37:00+05:30,16.38,16.43,16.32,16.38,
2015-11-24T09:38:00+05:30,16.39,16.45,16.31,16.32,
2015-11-24T09:39:00+05:30,16.31,16.43,16.3,16.38,
2015-11-24T09:40:00+05:30,16.38,16.47,16.34,16.46,
2015-11-24T09:41:00+05:30,16.46,16.48,16.32,16.32,
2015-11-24T09:42:00+05:30,16.29,16.32,16.21,16.24,
2015-11-24T09:43:00+05:30,16.25,16.31,16.17,16.24,
2015-11-24T09:44:00+05:30,16.3,16.32,16.19,16.25,
2015-11-24T09:45:00+05:30,16.24,16.28,16.13,16.19,
2015-11-24T09:46:00+05:30,16.22,16.26,16.17,16.26,
2015-11-24T09:47:00+05:30,16.25,16.27,16.1,16.17,
2015-11-24T09:48:00+05:30,16.18,16.19,16.1,16.12,
2015-11-24T09:49:00+05:30,16.17,16.2,16.07,16.14,
2015-11-24T09:50:00+05:30,16.12,16.18,16.08,16.17,
2015-11-24T09:51:00+05:30,16.17,16.26,16.13,16.21,
2015-11-24T09:52:00+05:30,16.2,16.32,16.11,16.2,
2015-11-24T09:53:00+05:30,16.22,16.31,16.06,16.06,
2015-11-24T09:54:00+05:30,16.13,16.25,16.09,16.17,
2015-11-24T09:55:00+05:30,16.14,16.24,16.1,16.21,
2015-11-24T09:56:00+05:30,16.21,16.24,16.07,16.14,
2015-11-24T09:57:00+05:30,16.12,16.25,16.05,16.15,
2015-11-24T09:58:00+05:30,16.13,16.13,15.99,16.07,
2015-11-24T09:59:00+05:30,16.06,16.11,15.94,15.94,
2015-11-24T10:00:00+05:30,15.93,15.96,15.79,15.79,
2015-11-24T10:01:00+05:30,15.76,15.86,15.68,15.74,
2015-11-24T10:02:00+05:30,15.76,15.86,15.68,15.73,
2015-11-24T10:03:00+05:30,15.73,15.77,15.65,15.72,
2015-11-24T10:04:00+05:30,15.72,15.8,15.66,15.72,
2015-11-24T10:05:00+05:30,15.72,15.82,15.65,15.74,
2015-11-24T10:06:00+05:30,15.74,15.81,15.68,15.76,
2015-11-24T10:07:00+05:30,15.78,16.13,15.78,16.13,
2015-11-24T10:08:00+05:30,16.11,16.27,16.01,16.27,
2015-11-24T10:09:00+05:30,16.24,16.26,16.14,16.22,
2015-11-24T10:10:00+05:30,16.22,16.3,16.2,16.22,
2015-11-24T10:11:00+05:30,16.22,16.3,16.21,16.3,
2015-11-24T10:12:00+05:30,16.35,16.4,16.27,16.3,
2015-11-24T10:13:00+05:30,16.29,16.36,16.2,16.23,
2015-11-24T10:14:00+05:30,16.24,16.29,16.2,16.22,
2015-11-24T10:15:00+05:30,16.2,16.24,16.1,16.14,
2015-11-24T10:16:00+05:30,16.15,16.24,16.09,16.15,
2015-11-24T10:17:00+05:30,16.14,16.21,16.14,16.2,
2015-11-24T10:18:00+05:30,16.2,16.3,16.13,16.21,
2015-11-24T10:19:00+05:30,16.23,16.28,16.18,16.22,
2015-11-24T10:20:00+05:30,16.23,16.23,16.07,16.16,
2015-11-24T10:21:00+05:30,16.16,16.18,16.03,16.03,
2015-11-24T10:22:00+05:30,16.03,16.1,15.99,16.03,
2015-11-24T10:23:00+05:30,16.02,16.09,15.93,15.94,
2015-11-24T10:24:00+05:30,15.96,16,15.93,15.96,
2015-11-24T10:25:00+05:30,15.95,16.08,15.91,16.06,
2015-11-24T10:26:00+05:30,16.08,16.11,16.01,16.11,
2015-11-24T10:27:00+05:30,16.08,16.14,16.06,16.12,
2015-11-24T10:28:00+05:30,16.11,16.24,16.1,16.16,
2015-11-24T10:29:00+05:30,16.16,16.21,16.1,16.17,
2015-11-24T10:30:00+05:30,16.3,16.3,16.13,16.18,
2015-11-24T10:31:00+05:30,16.18,16.25,16.13,16.25,
2015-11-24T10:32:00+05:30,16.32,16.32,16.16,16.25,
2015-11-24T10:33:00+05:30,16.25,16.34,16.19,16.31,
2015-11-24T10:34:00+05:30,16.26,16.32,16.19,16.25,
2015-11-24T10:35:00+05:30,16.26,16.35,16.19,16.25,
2015-11-24T10:36:00+05:30,16.26,16.31,16.09,16.09,
2015-11-24T10:37:00+05:30,16.13,16.19,16.1,16.14,
2015-11-24T10:38:00+05:30,16.13,16.23,16.08,16.14,
2015-11-24T10:39:00+05:30,16.16,16.22,16.09,16.11,
2015-11-24T10:40:00+05:30,16.11,16.22,16.09,16.14,
2015-11-24T10:41:00+05:30,16.16,16.29,16.11,16.19,
2015-11-24T10:42:00+05:30,16.18,16.23,16.15,16.18,
2015-11-24T10:43:00+05:30,16.19,16.25,16.15,16.2,
2015-11-24T10:44:00+05:30,16.2,16.24,16.14,16.16,
2015-11-24T10:45:00+05:30,16.17,16.27,16.14,16.24,
2015-11-24T10:46:00+05:30,16.22,16.31,16.16,16.18,
2015-11-24T10:47:00+05:30,16.22,16.25,16.17,16.22,
2015-11-24T10:48:00+05:30,16.22,16.27,16.18,16.26,
2015-11-24T10:49:00+05:30,16.25,16.31,16.21,16.21,
2015-11-24T10:50:00+05:30,16.2,16.32,16.19,16.29,
2015-11-24T10:51:00+05:30,16.28,16.3,16.21,16.29,
2015-11-24T10:52:00+05:30,16.28,16.32,16.2,16.24,
2015-11-24T10:53:00+05:30,16.27,16.27,16.19,16.21,
2015-11-24T10:54:00+05:30,16.23,16.28,16.19,16.25,
2015-11-24T10:55:00+05:30,16.25,16.29,16.18,16.26,
2015-11-24T10:56:00+05:30,16.24,16.34,16.16,16.34,
2015-11-24T10:57:00+05:30,16.38,16.45,16.33,16.34,
2015-11-24T10:58:00+05:30,16.34,16.41,16.31,16.36,
2015-11-24T10:59:00+05:30,16.36,16.41,16.32,16.37,
2015-11-24T11:00:00+05:30,16.37,16.43,16.34,16.38,
2015-11-24T11:01:00+05:30,16.4,16.45,16.32,16.38,
2015-11-24T11:02:00+05:30,16.39,16.42,16.27,16.32,
2015-11-24T11:03:00+05:30,16.32,16.33,16.26,16.3,
2015-11-24T11:04:00+05:30,16.3,16.39,16.29,16.37,
2015-11-24T11:05:00+05:30,16.39,16.39,16.3,16.31,
2015-11-24T11:06:00+05:30,16.34,16.44,16.27,16.33,
2015-11-24T11:07:00+05:30,16.32,16.38,16.25,16.33,
2015-11-24T11:08:00+05:30,16.33,16.37,16.28,16.31,
2015-11-24T11:09:00+05:30,16.3,16.42,16.26,16.36,
2015-11-24T11:10:00+05:30,16.38,16.49,16.31,16.35,
2015-11-24T11:11:00+05:30,16.37,16.49,16.36,16.49,
2015-11-24T11:12:00+05:30,16.46,16.54,16.35,16.45,
2015-11-24T11:13:00+05:30,16.49,16.52,16.4,16.41,
2015-11-24T11:14:00+05:30,16.41,16.45,16.34,16.35,
2015-11-24T11:15:00+05:30,16.37,16.43,16.33,16.35,
2015-11-24T11:16:00+05:30,16.36,16.48,16.35,16.39,
2015-11-24T11:17:00+05:30,16.37,16.47,16.31,16.38,
2015-11-24T11:18:00+05:30,16.37,16.46,16.3,16.38,
2015-11-24T11:19:00+05:30,16.38,16.42,16.3,16.35,
2015-11-24T11:20:00+05:30,16.34,16.43,16.29,16.37,
2015-11-24T11:21:00+05:30,16.36,16.47,16.35,16.47,
2015-11-24T11:22:00+05:30,16.49,16.5,16.34,16.36,
2015-11-24T11:23:00+05:30,16.35,16.44,16.31,16.32,
2015-11-24T11:24:00+05:30,16.27,16.36,16.25,16.34,
2015-11-24T11:25:00+05:30,16.34,16.42,16.28,16.41,
2015-11-24T11:26:00+05:30,16.42,16.42,16.25,16.31,
2015-11-24T11:27:00+05:30,16.33,16.41,16.25,16.25,
2015-11-24T11:28:00+05:30,16.25,16.39,16.25,16.28,
2015-11-24T11:29:00+05:30,16.32,16.47,16.3,16.47,
2015-11-24T11:30:00+05:30,16.42,16.42,16.3,16.37,
2015-11-24T11:31:00+05:30,16.37,16.42,16.33,16.39,
2015-11-24T11:32:00+05:30,16.41,16.45,16.35,16.41,
2015-11-24T11:33:00+05:30,16.43,16.5,16.39,16.44,
2015-11-24T11:34:00+05:30,16.41,16.52,16.41,16.47,
2015-11-24T11:35:00+05:30,16.49,16.53,16.4,16.51,
2015-11-24T11:36:00+05:30,16.48,16.53,16.41,16.44,
2015-11-24T11:37:00+05:30,16.48,16.55,16.41,16.43,
2015-11-24T11:38:00+05:30,16.46,16.5,16.36,16.48,
2015-11-24T11:39:00+05:30,16.48,16.5,16.39,16.44,
2015-11-24T11:40:00+05:30,16.46,16.55,16.42,16.48,
2015-11-24T11:41:00+05:30,16.45,16.5,16.38,16.4,
2015-11-24T11:42:00+05:30,16.42,16.52,16.4,16.46,
2015-11-24T11:43:00+05:30,16.43,16.52,16.38,16.47,
2015-11-24T11:44:00+05:30,16.45,16.52,16.42,16.49,
2015-11-24T11:45:00+05:30,16.5,16.58,16.45,16.5,
2015-11-24T11:46:00+05:30,16.51,16.57,16.47,16.54,
2015-11-24T11:47:00+05:30,16.56,16.56,16.46,16.52,
2015-11-24T11:48:00+05:30,16.53,16.58,16.47,16.49,
2015-11-24T11:49:00+05:30,16.49,16.54,16.47,16.53,
2015-11-24T11:50:00+05:30,16.54,16.57,16.44,16.47,
2015-11-24T11:51:00+05:30,16.49,16.57,16.42,16.53,
2015-11-24T11:52:00+05:30,16.54,16.57,16.43,16.5,
2015-11-24T11:53:00+05:30,16.47,16.52,16.39,16.44,
2015-11-24T11:54:00+05:30,16.44,16.54,16.41,16.46,
2015-11-24T11:55:00+05:30,16.46,16.57,16.39,16.57,
2015-11-24T11:56:00+05:30,16.56,16.64,16.48,16.49,
2015-11-24T11:57:00+05:30,16.55,16.61,16.45,16.53,
2015-11-24T11:58:00+05:30,16.54,16.57,16.46,16.46,
2015-11-24T11:59:00+05:30,16.46,16.53,16.46,16.51,
2015-11-24T12:00:00+05:30,16.48,16.6,16.48,16.6,
2015-11-24T12:01:00+05:30,16.6,16.65,16.49,16.56,
2015-11-24T12:02:00+05:30,16.55,16.68,16.52,16.57,
2015-11-24T12:03:00+05:30,16.59,16.67,16.53,16.59,
2015-11-24T12:04:00+05:30,16.59,16.66,16.53,16.59,
2015-11-24T12:05:00+05:30,16.61,16.71,16.54,16.62,
2015-11-24T12:06:00+05:30,16.6,16.68,16.51,16.62,
2015-11-24T12:07:00+05:30,16.62,16.66,16.55,16.61,
2015-11-24T12:08:00+05:30,16.6,16.71,16.57,16.71,
2015-11-24T12:09:00+05:30,16.71,16.71,16.56,16.58,
2015-11-24T12:10:00+05:30,16.58,16.66,16.55,16.6,
2015-11-24T12:11:00+05:30,16.6,16.7,16.56,16.61,
2015-11-24T12:12:00+05:30,16.59,16.68,16.55,16.59,
2015-11-24T12:13:00+05:30,16.58,16.64,16.55,16.55,
2015-11-24T12:14:00+05:30,16.57,16.64,16.54,16.58,
2015-11-24T12:15:00+05:30,16.59,16.65,16.52,16.64,
2015-11-24T12:16:00+05:30,16.64,16.68,16.6,16.68,
2015-11-24T12:17:00+05:30,16.68,16.69,16.58,16.58,
2015-11-24T12:18:00+05:30,16.59,16.72,16.59,16.65,
2015-11-24T12:19:00+05:30,16.65,16.69,16.56,16.61,
2015-11-24T12:20:00+05:30,16.61,16.7,16.53,16.64,
2015-11-24T12:21:00+05:30,16.64,16.69,16.59,16.64,
2015-11-24T12:22:00+05:30,16.63,16.66,16.56,16.57,
2015-11-24T12:23:00+05:30,16.57,16.65,16.5,16.54,
2015-11-24T12:24:00+05:30,16.55,16.57,16.46,16.48,
2015-11-24T12:25:00+05:30,16.48,16.54,16.42,16.47,
2015-11-24T12:26:00+05:30,16.47,16.5,16.42,16.43,
2015-11-24T12:27:00+05:30,16.41,16.46,16.39,16.46,
2015-11-24T12:28:00+05:30,16.46,16.5,16.42,16.48,
2015-11-24T12:29:00+05:30,16.48,16.54,16.45,16.49,
2015-11-24T12:30:00+05:30,16.47,16.49,16.45,16.45,
2015-11-24T12:31:00+05:30,16.47,16.54,16.43,16.44,
2015-11-24T12:32:00+05:30,16.44,16.54,16.43,16.52,
2015-11-24T12:33:00+05:30,16.51,16.59,16.48,16.53,
2015-11-24T12:34:00+05:30,16.52,16.59,16.47,16.54,
2015-11-24T12:35:00+05:30,16.54,16.55,16.46,16.54,
2015-11-24T12:36:00+05:30,16.54,16.61,16.5,16.57,
2015-11-24T12:37:00+05:30,16.56,16.6,16.49,16.51,
2015-11-24T12:38:00+05:30,16.51,16.54,16.44,16.48,
2015-11-24T12:39:00+05:30,16.45,16.52,16.45,16.49,
2015-11-24T12:40:00+05:30,16.5,16.52,16.43,16.47,
2015-11-24T12:41:00+05:30,16.47,16.54,16.45,16.52,
2015-11-24T12:42:00+05:30,16.51,16.56,16.46,16.48,
2015-11-24T12:43:00+05:30,16.48,16.52,16.39,16.43,
2015-11-24T12:44:00+05:30,16.44,16.5,16.42,16.5,
2015-11-24T12:45:00+05:30,16.5,16.5,16.39,16.41,
2015-11-24T12:46:00+05:30,16.4,16.41,16.34,16.36,
2015-11-24T12:47:00+05:30,16.35,16.42,16.33,16.33,
2015-11-24T12:48:00+05:30,16.34,16.38,16.3,16.35,
2015-11-24T12:49:00+05:30,16.34,16.43,16.34,16.39,
2015-11-24T12:50:00+05:30,16.39,16.48,16.34,16.42,
2015-11-24T12:51:00+05:30,16.43,16.44,16.37,16.37,
2015-11-24T12:52:00+05:30,16.36,16.44,16.34,16.4,
2015-11-24T12:53:00+05:30,16.41,16.45,16.35,16.36,
2015-11-24T12:54:00+05:30,16.35,16.39,16.26,16.33,
2015-11-24T12:55:00+05:30,16.39,16.44,16.34,16.41,
2015-11-24T12:56:00+05:30,16.43,16.5,16.33,16.45,
2015-11-24T12:57:00+05:30,16.45,16.48,16.39,16.42,
2015-11-24T12:58:00+05:30,16.42,16.42,16.32,16.32,
2015-11-24T12:59:00+05:30,16.32,16.39,16.3,16.36,
2015-11-24T13:00:00+05:30,16.37,16.4,16.28,16.4,
2015-11-24T13:01:00+05:30,16.38,16.44,16.36,16.37,
2015-11-24T13:02:00+05:30,16.37,16.47,16.35,16.41,
2015-11-24T13:03:00+05:30,16.42,16.51,16.4,16.42,
2015-11-24T13:04:00+05:30,16.43,16.43,16.33,16.35,
2015-11-24T13:05:00+05:30,16.34,16.42,16.32,16.33,
2015-11-24T13:06:00+05:30,16.35,16.38,16.31,16.36,
2015-11-24T13:07:00+05:30,16.35,16.49,16.32,16.35,
2015-11-24T13:08:00+05:30,16.35,16.4,16.31,16.34,
2015-11-24T13:09:00+05:30,16.38,16.42,16.34,16.38,
2015-11-24T13:10:00+05:30,16.41,16.42,16.33,16.37,
2015-11-24T13:11:00+05:30,16.38,16.41,16.3,16.36,
2015-11-24T13:12:00+05:30,16.38,16.38,16.28,16.34,
2015-11-24T13:13:00+05:30,16.31,16.42,16.31,16.34,
2015-11-24T13:14:00+05:30,16.36,16.36,16.27,16.27,
2015-11-24T13:15:00+05:30,16.3,16.37,16.25,16.28,
2015-11-24T13:16:00+05:30,16.27,16.33,16.26,16.3,
2015-11-24T13:17:00+05:30,16.3,16.32,16.24,16.32,
2015-11-24T13:18:00+05:30,16.31,16.31,16.19,16.23,
2015-11-24T13:19:00+05:30,16.25,16.32,16.22,16.22,
2015-11-24T13:20:00+05:30,16.24,16.27,16.16,16.2,
2015-11-24T13:21:00+05:30,16.22,16.27,16.19,16.23,
2015-11-24T13:22:00+05:30,16.23,16.29,16.18,16.24,
2015-11-24T13:23:00+05:30,16.23,16.3,16.22,16.22,
2015-11-24T13:24:00+05:30,16.22,16.27,16.17,16.17,
2015-11-24T13:25:00+05:30,16.16,16.25,16.16,16.24,
2015-11-24T13:26:00+05:30,16.21,16.26,16.13,16.21,
2015-11-24T13:27:00+05:30,16.22,16.28,16.17,16.17,
2015-11-24T13:28:00+05:30,16.17,16.22,16.14,16.16,
2015-11-24T13:29:00+05:30,16.19,16.24,16.14,16.21,
2015-11-24T13:30:00+05:30,16.2,16.26,16.15,16.24,
2015-11-24T13:31:00+05:30,16.26,16.26,16.11,16.16,
2015-11-24T13:32:00+05:30,16.11,16.28,16.11,16.28,
2015-11-24T13:33:00+05:30,16.29,16.29,16.1,16.13,
2015-11-24T13:34:00+05:30,16.19,16.31,16.12,16.3,
2015-11-24T13:35:00+05:30,16.28,16.41,16.25,16.36,
2015-11-24T13:36:00+05:30,16.37,16.47,16.32,16.37,
2015-11-24T13:37:00+05:30,16.35,16.49,16.33,16.41,
2015-11-24T13:38:00+05:30,16.42,16.5,16.33,16.33,
2015-11-24T13:39:00+05:30,16.33,16.43,16.28,16.28,
2015-11-24T13:40:00+05:30,16.27,16.33,16.18,16.18,
2015-11-24T13:41:00+05:30,16.19,16.23,16.1,16.14,
2015-11-24T13:42:00+05:30,16.13,16.23,16.12,16.18,
2015-11-24T13:43:00+05:30,16.2,16.21,16.12,16.12,
2015-11-24T13:44:00+05:30,16.12,16.25,16.12,16.21,
2015-11-24T13:45:00+05:30,16.19,16.21,16.14,16.18,
2015-11-24T13:46:00+05:30,16.15,16.26,16.14,16.21,
2015-11-24T13:47:00+05:30,16.21,16.24,16.12,16.13,
2015-11-24T13:48:00+05:30,16.15,16.3,16.15,16.27,
2015-11-24T13:49:00+05:30,16.25,16.26,16.16,16.2,
2015-11-24T13:50:00+05:30,16.24,16.3,16.15,16.16,
2015-11-24T13:51:00+05:30,16.17,16.21,16.14,16.17,
2015-11-24T13:52:00+05:30,16.16,16.26,16.11,16.16,
2015-11-24T13:53:00+05:30,16.18,16.21,16.1,16.15,
2015-11-24T13:54:00+05:30,16.2,16.24,16.1,16.17,
2015-11-24T13:55:00+05:30,16.13,16.23,16.13,16.14,
2015-11-24T13:56:00+05:30,16.15,16.25,16.13,16.19,
2015-11-24T13:57:00+05:30,16.19,16.23,16.12,16.15,
2015-11-24T13:58:00+05:30,16.14,16.23,16.13,16.23,
2015-11-24T13:59:00+05:30,16.24,16.24,16.13,16.18,
2015-11-24T14:00:00+05:30,16.18,16.27,16.14,16.23,
2015-11-24T14:01:00+05:30,16.22,16.24,16.14,16.15,
2015-11-24T14:02:00+05:30,16.15,16.22,16.12,16.18,
2015-11-24T14:03:00+05:30,16.19,16.22,16.14,16.16,
2015-11-24T14:04:00+05:30,16.16,16.25,16.11,16.23,
2015-11-24T14:05:00+05:30,16.2,16.24,16.18,16.22,
2015-11-24T14:06:00+05:30,16.25,16.3,16.16,16.27,
2015-11-24T14:07:00+05:30,16.27,16.29,16.18,16.21,
2015-11-24T14:08:00+05:30,16.21,16.29,16.17,16.24,
2015-11-24T14:09:00+05:30,16.24,16.26,16.17,16.19,
2015-11-24T14:10:00+05:30,16.19,16.23,16.14,16.22,
2015-11-24T14:11:00+05:30,16.21,16.22,16.13,16.17,
2015-11-24T14:12:00+05:30,16.18,16.3,16.15,16.28,
2015-11-24T14:13:00+05:30,16.27,16.28,16.19,16.19,
2015-11-24T14:14:00+05:30,16.22,16.26,16.13,16.22,
2015-11-24T14:15:00+05:30,16.21,16.25,16.19,16.21,
2015-11-24T14:16:00+05:30,16.23,16.27,16.18,16.24,
2015-11-24T14:17:00+05:30,16.23,16.24,16.11,16.11,
2015-11-24T14:18:00+05:30,16.12,16.25,16.09,16.15,
2015-11-24T14:19:00+05:30,16.15,16.18,16.11,16.11,
2015-11-24T14:20:00+05:30,16.12,16.25,16.1,16.21,
2015-11-24T14:21:00+05:30,16.18,16.31,16.1,16.3,
2015-11-24T14:22:00+05:30,16.32,16.33,16.08,16.15,
2015-11-24T14:23:00+05:30,16.16,16.31,16.11,16.24,
2015-11-24T14:24:00+05:30,16.21,16.31,16.2,16.31,
2015-11-24T14:25:00+05:30,16.32,16.32,16.18,16.21,
2015-11-24T14:26:00+05:30,16.24,16.37,16.18,16.29,
2015-11-24T14:27:00+05:30,16.29,16.29,16.1,16.25,
2015-11-24T14:28:00+05:30,16.21,16.33,16.17,16.28,
2015-11-24T14:29:00+05:30,16.29,16.43,16.28,16.35,
2015-11-24T14:30:00+05:30,16.4,16.43,16.31,16.36,
2015-11-24T14:31:00+05:30,16.39,16.64,16.38,16.55,
2015-11-24T14:32:00+05:30,16.55,16.61,16.47,16.47,
2015-11-24T14:33:00+05:30,16.45,16.59,16.45,16.47,
2015-11-24T14:34:00+05:30,16.47,16.54,16.4,16.44,
2015-11-24T14:35:00+05:30,16.42,16.55,16.38,16.53,
2015-11-24T14:36:00+05:30,16.51,16.56,16.43,16.52,
2015-11-24T14:37:00+05:30,16.53,16.56,16.45,16.49,
2015-11-24T14:38:00+05:30,16.44,16.57,16.43,16.46,
2015-11-24T14:39:00+05:30,16.46,16.46,16.33,16.42,
2015-11-24T14:40:00+05:30,16.45,16.5,16.35,16.47,
2015-11-24T14:41:00+05:30,16.48,16.56,16.46,16.53,
2015-11-24T14:42:00+05:30,16.51,16.59,16.46,16.53,
2015-11-24T14:43:00+05:30,16.53,16.58,16.46,16.46,
2015-11-24T14:44:00+05:30,16.49,16.63,16.45,16.6,
2015-11-24T14:45:00+05:30,16.57,16.65,16.46,16.49,
2015-11-24T14:46:00+05:30,16.49,16.56,16.47,16.54,
2015-11-24T14:47:00+05:30,16.54,16.62,16.51,16.59,
2015-11-24T14:48:00+05:30,16.55,16.66,16.22,16.22,
2015-11-24T14:49:00+05:30,16.51,16.59,16.49,16.59,
2015-11-24T14:50:00+05:30,16.57,16.59,16.49,16.57,
2015-11-24T14:51:00+05:30,16.56,16.58,16.42,16.42,
2015-11-24T14:52:00+05:30,16.42,16.47,16.39,16.43,
2015-11-24T14:53:00+05:30,16.4,16.5,16.39,16.39,
2015-11-24T14:54:00+05:30,16.37,16.46,16.36,16.4,
2015-11-24T14:55:00+05:30,16.4,16.43,16.29,16.32,
2015-11-24T14:56:00+05:30,16.3,16.39,16.29,16.29,
2015-11-24T14:57:00+05:30,16.3,16.4,16.27,16.37,
2015-11-24T14:58:00+05:30,16.38,16.42,16.3,16.36,
2015-11-24T14:59:00+05:30,16.33,16.38,16.26,16.34,
2015-11-24T15:00:00+05:30,16.33,16.38,16.28,16.35,
2015-11-24T15:01:00+05:30,16.34,16.48,16.34,16.35,
2015-11-24T15:02:00+05:30,16.38,16.43,16.31,16.38,
2015-11-24T15:03:00+05:30,16.36,16.43,16.33,16.43,
2015-11-24T15:04:00+05:30,16.42,16.55,16.38,16.4,
2015-11-24T15:05:00+05:30,16.4,16.46,16.35,16.37,
2015-11-24T15:06:00+05:30,16.33,16.4,16.32,16.34,
2015-11-24T15:07:00+05:30,16.33,16.35,16.25,16.27,
2015-11-24T15:08:00+05:30,16.27,16.29,16.16,16.18,
2015-11-24T15:09:00+05:30,16.19,16.24,16.1,16.1,
2015-11-24T15:10:00+05:30,16.09,16.18,16.08,16.12,
2015-11-24T15:11:00+05:30,16.12,16.18,16.06,16.15,
2015-11-24T15:12:00+05:30,16.16,16.27,16.14,16.16,
2015-11-24T15:13:00+05:30,16.2,16.27,16.17,16.19,
2015-11-24T15:14:00+05:30,16.2,16.23,16.12,16.14,
2015-11-24T15:15:00+05:30,16.13,16.15,16.06,16.14,
2015-11-24T15:16:00+05:30,16.12,16.22,16.11,16.22,
2015-11-24T15:17:00+05:30,16.18,16.26,16.14,16.24,
2015-11-24T15:18:00+05:30,16.26,16.27,16.11,16.17,
2015-11-24T15:19:00+05:30,16.17,16.25,16.15,16.22,
2015-11-24T15:20:00+05:30,16.24,16.25,16.1,16.13,
2015-11-24T15:21:00+05:30,16.12,16.2,16.1,16.14,
2015-11-24T15:22:00+05:30,16.16,16.25,16.14,16.19,
2015-11-24T15:23:00+05:30,16.17,16.29,16.15,16.16,
2015-11-24T15:24:00+05:30,16.16,16.32,16.16,16.22,
2015-11-24T15:25:00+05:30,16.23,16.31,16.19,16.21,
2015-11-24T15:26:00+05:30,16.21,16.33,16.17,16.27,
2015-11-24T15:27:00+05:30,16.3,16.36,16.23,16.36,
2015-11-24T15:28:00+05:30,16.31,16.36,16.24,16.24,
2015-11-24T15:29:00+05:30,16.27,16.33,16.22,16.27,
2015-11-26T09:15:00+05:30,16.25,16.25,15.09,15.33,
2015-11-26T09:16:00+05:30,15.34,15.93,15.26,15.85,
2015-11-26T09:17:00+05:30,16.04,16.04,15.74,15.87,
2015-11-26T09:18:00+05:30,15.88,15.96,15.79,15.83,
2015-11-26T09:19:00+05:30,15.85,16.15,15.85,15.99,
2015-11-26T09:20:00+05:30,16.01,16.29,15.98,15.98,
2015-11-26T09:21:00+05:30,16,16.15,15.97,16.15,
2015-11-26T09:22:00+05:30,16.14,16.14,15.97,15.99,
2015-11-26T09:23:00+05:30,16.01,16.13,15.87,15.9,
2015-11-26T09:24:00+05:30,15.9,16.08,15.86,15.86,
2015-11-26T09:25:00+05:30,15.85,16.03,15.81,16.02,
2015-11-26T09:26:00+05:30,16.03,16.05,15.84,16.02,
2015-11-26T09:27:00+05:30,15.95,16.01,15.8,15.91,
2015-11-26T09:28:00+05:30,15.91,16.06,15.89,15.95,
2015-11-26T09:29:00+05:30,15.96,16.1,15.91,16,
2015-11-26T09:30:00+05:30,16.01,16.29,15.99,16.25,
2015-11-26T09:31:00+05:30,16.27,16.39,16.17,16.39,
2015-11-26T09:32:00+05:30,16.38,16.39,16.13,16.14,
2015-11-26T09:33:00+05:30,16.32,16.32,16.09,16.22,
2015-11-26T09:34:00+05:30,16.09,16.23,16.09,16.13,
2015-11-26T09:35:00+05:30,16.1,16.12,16.08,16.09,
2015-11-26T09:36:00+05:30,16.09,16.1,16.06,16.08,
2015-11-26T09:37:00+05:30,16.08,16.1,16.05,16.06,
2015-11-26T09:38:00+05:30,16.07,16.09,16.03,16.05,
2015-11-26T09:39:00+05:30,16.06,16.1,16.05,16.08,
2015-11-26T09:40:00+05:30,16.08,16.14,16.08,16.08,
2015-11-26T09:41:00+05:30,16.08,16.12,16.06,16.08,
2015-11-26T09:42:00+05:30,16.09,16.11,16.06,16.08,
2015-11-26T09:43:00+05:30,16.08,16.1,16.06,16.09,
2015-11-26T09:44:00+05:30,16.09,16.1,15.94,15.97,
2015-11-26T09:45:00+05:30,15.97,16.01,15.94,15.97,
2015-11-26T09:46:00+05:30,15.96,16.03,15.96,16.03,
2015-11-26T09:47:00+05:30,16.02,16.05,16.01,16.05,
2015-11-26T09:48:00+05:30,16.04,16.07,16,16,
2015-11-26T09:49:00+05:30,15.99,16.04,15.99,16.02,
2015-11-26T09:50:00+05:30,16.03,16.07,16,16.04,
2015-11-26T09:51:00+05:30,16.02,16.05,16.01,16.05,
2015-11-26T09:52:00+05:30,16.05,16.1,16.04,16.07,
2015-11-26T09:53:00+05:30,16.08,16.15,16,16.01,
2015-11-26T09:54:00+05:30,16.03,16.07,16.03,16.04,
2015-11-26T09:55:00+05:30,16.05,16.13,16.02,16.07,
2015-11-26T09:56:00+05:30,16.05,16.08,16.02,16.08,
2015-11-26T09:57:00+05:30,16.08,16.12,16.07,16.09,
2015-11-26T09:58:00+05:30,16.1,16.14,16.07,16.08,
2015-11-26T09:59:00+05:30,16.09,16.18,16.08,16.17,
2015-11-26T10:00:00+05:30,16.16,16.17,16.11,16.17,
2015-11-26T10:01:00+05:30,16.19,16.19,16.1,16.11,
2015-11-26T10:02:00+05:30,16.13,16.13,16.06,16.13,
2015-11-26T10:03:00+05:30,16.1,16.15,16.09,16.14,
2015-11-26T10:04:00+05:30,16.16,16.25,16.16,16.24,
2015-11-26T10:05:00+05:30,16.25,16.37,16.25,16.37,
2015-11-26T10:06:00+05:30,16.37,16.45,16.36,16.45,
2015-11-26T10:07:00+05:30,16.45,16.46,16.38,16.42,
2015-11-26T10:08:00+05:30,16.42,16.44,16.38,16.41,
2015-11-26T10:09:00+05:30,16.41,16.41,16.38,16.4,
2015-11-26T10:10:00+05:30,16.4,16.4,16.36,16.37,
2015-11-26T10:11:00+05:30,16.37,16.38,16.33,16.36,
2015-11-26T10:12:00+05:30,16.35,16.35,16.31,16.33,
2015-11-26T10:13:00+05:30,16.33,16.35,16.3,16.3,
2015-11-26T10:14:00+05:30,16.29,16.31,16.27,16.28,
2015-11-26T10:15:00+05:30,16.28,16.31,16.27,16.29,
2015-11-26T10:16:00+05:30,16.29,16.32,16.26,16.27,
2015-11-26T10:17:00+05:30,16.27,16.32,16.27,16.29,
2015-11-26T10:18:00+05:30,16.28,16.3,16.24,16.24,
2015-11-26T10:19:00+05:30,16.24,16.24,16.2,16.21,
2015-11-26T10:20:00+05:30,16.21,16.21,16.17,16.17,
2015-11-26T10:21:00+05:30,16.17,16.18,16.12,16.13,
2015-11-26T10:22:00+05:30,16.14,16.15,16.12,16.15,
2015-11-26T10:23:00+05:30,16.15,16.15,16.12,16.13,
2015-11-26T10:24:00+05:30,16.13,16.16,16.12,16.15,
2015-11-26T10:25:00+05:30,16.15,16.18,16.15,16.16,
2015-11-26T10:26:00+05:30,16.16,16.18,16.16,16.18,
2015-11-26T10:27:00+05:30,16.18,16.22,16.18,16.21,
2015-11-26T10:28:00+05:30,16.21,16.29,16.17,16.17,
2015-11-26T10:29:00+05:30,16.17,16.31,16.17,16.17,
2015-11-26T10:30:00+05:30,16.17,16.27,16.13,16.14,
2015-11-26T10:31:00+05:30,16.14,16.17,16.12,16.13,
2015-11-26T10:32:00+05:30,16.13,16.17,16.13,16.15,
2015-11-26T10:33:00+05:30,16.15,16.18,16.14,16.16,
2015-11-26T10:34:00+05:30,16.16,16.16,16.12,16.13,
2015-11-26T10:35:00+05:30,16.13,16.26,16.12,16.18,
2015-11-26T10:36:00+05:30,16.17,16.29,16.15,16.16,
2015-11-26T10:37:00+05:30,16.17,16.19,16.13,16.18,
2015-11-26T10:38:00+05:30,16.17,16.28,16.12,16.15,
2015-11-26T10:39:00+05:30,16.15,16.15,16.11,16.14,
2015-11-26T10:40:00+05:30,16.14,16.15,16.11,16.14,
2015-11-26T10:41:00+05:30,16.15,16.2,16.13,16.16,
2015-11-26T10:42:00+05:30,16.17,16.19,16.15,16.19,
2015-11-26T10:43:00+05:30,16.18,16.18,16.13,16.17,
2015-11-26T10:44:00+05:30,16.17,16.25,16.16,16.24,
2015-11-26T10:45:00+05:30,16.24,16.25,16.2,16.25,
2015-11-26T10:46:00+05:30,16.25,16.25,16.21,16.24,
2015-11-26T10:47:00+05:30,16.23,16.27,16.21,16.26,
2015-11-26T10:48:00+05:30,16.26,16.26,16.19,16.2,
2015-11-26T10:49:00+05:30,16.2,16.23,16.19,16.23,
2015-11-26T10:50:00+05:30,16.23,16.23,16.19,16.19,
2015-11-26T10:51:00+05:30,16.19,16.21,16.18,16.18,
2015-11-26T10:52:00+05:30,16.18,16.21,16.18,16.2,
2015-11-26T10:53:00+05:30,16.21,16.24,16.2,16.24,
2015-11-26T10:54:00+05:30,16.23,16.25,16.18,16.19,
2015-11-26T10:55:00+05:30,16.19,16.23,16.19,16.19,
2015-11-26T10:56:00+05:30,16.19,16.22,16.19,16.21,
2015-11-26T10:57:00+05:30,16.21,16.21,16.18,16.21,
2015-11-26T10:58:00+05:30,16.21,16.21,16.17,16.17,
2015-11-26T10:59:00+05:30,16.18,16.19,16.16,16.17,
2015-11-26T11:00:00+05:30,16.17,16.21,16.16,16.16,
2015-11-26T11:01:00+05:30,16.17,16.24,16.15,16.19,
2015-11-26T11:02:00+05:30,16.19,16.19,16.14,16.16,
2015-11-26T11:03:00+05:30,16.17,16.2,16.16,16.2,
2015-11-26T11:04:00+05:30,16.2,16.2,16.16,16.16,
2015-11-26T11:05:00+05:30,16.17,16.17,16.14,16.14,
2015-11-26T11:06:00+05:30,16.15,16.16,16.13,16.16,
2015-11-26T11:07:00+05:30,16.15,16.18,16.14,16.17,
2015-11-26T11:08:00+05:30,16.17,16.2,16.16,16.17,
2015-11-26T11:09:00+05:30,16.18,16.21,16.16,16.17,
2015-11-26T11:10:00+05:30,16.18,16.19,16.16,16.18,
2015-11-26T11:11:00+05:30,16.19,16.22,16.18,16.22,
2015-11-26T11:12:00+05:30,16.23,16.25,16.16,16.16,
2015-11-26T11:13:00+05:30,16.17,16.19,16.14,16.18,
2015-11-26T11:14:00+05:30,16.19,16.2,16.17,16.2,
2015-11-26T11:15:00+05:30,16.19,16.19,16.14,16.15,
2015-11-26T11:16:00+05:30,16.14,16.19,16.13,16.19,
2015-11-26T11:17:00+05:30,16.19,16.2,16.13,16.13,
2015-11-26T11:18:00+05:30,16.13,16.17,16.13,16.16,
2015-11-26T11:19:00+05:30,16.16,16.18,16.15,16.17,
2015-11-26T11:20:00+05:30,16.18,16.18,16.15,16.15,
2015-11-26T11:21:00+05:30,16.15,16.22,16.14,16.22,
2015-11-26T11:22:00+05:30,16.22,16.22,16.15,16.18,
2015-11-26T11:23:00+05:30,16.18,16.2,16.16,16.18,
2015-11-26T11:24:00+05:30,16.18,16.19,16.15,16.16,
2015-11-26T11:25:00+05:30,16.16,16.19,16.15,16.15,
2015-11-26T11:26:00+05:30,16.16,16.17,16.13,16.14,
2015-11-26T11:27:00+05:30,16.14,16.19,16.13,16.19,
2015-11-26T11:28:00+05:30,16.18,16.2,16.16,16.18,
2015-11-26T11:29:00+05:30,16.19,16.19,16.14,16.15,
2015-11-26T11:30:00+05:30,16.15,16.16,16.14,16.14,
2015-11-26T11:31:00+05:30,16.15,16.21,16.14,16.21,
2015-11-26T11:32:00+05:30,16.2,16.21,16.17,16.17,
2015-11-26T11:33:00+05:30,16.18,16.23,16.17,16.23,
2015-11-26T11:34:00+05:30,16.23,16.23,16.15,16.15,
2015-11-26T11:35:00+05:30,16.16,16.17,16.14,16.16,
2015-11-26T11:36:00+05:30,16.16,16.22,16.16,16.22,
2015-11-26T11:37:00+05:30,16.21,16.23,16.17,16.22,
2015-11-26T11:38:00+05:30,16.21,16.21,16.18,16.2,
2015-11-26T11:39:00+05:30,16.21,16.21,16.14,16.18,
2015-11-26T11:40:00+05:30,16.19,16.22,16.18,16.21,
2015-11-26T11:41:00+05:30,16.22,16.22,16.18,16.18,
2015-11-26T11:42:00+05:30,16.18,16.21,16.15,16.19,
2015-11-26T11:43:00+05:30,16.19,16.19,16.14,16.17,
2015-11-26T11:44:00+05:30,16.17,16.19,16.16,16.16,
2015-11-26T11:45:00+05:30,16.16,16.18,16.14,16.17,
2015-11-26T11:46:00+05:30,16.17,16.21,16.17,16.18,
2015-11-26T11:47:00+05:30,16.18,16.22,16.16,16.16,
2015-11-26T11:48:00+05:30,16.17,16.17,16.11,16.11,
2015-11-26T11:49:00+05:30,16.12,16.18,16.12,16.17,
2015-11-26T11:50:00+05:30,16.17,16.18,16.15,16.15,
2015-11-26T11:51:00+05:30,16.16,16.17,16.13,16.17,
2015-11-26T11:52:00+05:30,16.17,16.19,16.16,16.17,
2015-11-26T11:53:00+05:30,16.17,16.17,16.14,16.16,
2015-11-26T11:54:00+05:30,16.16,16.18,16.14,16.15,
2015-11-26T11:55:00+05:30,16.15,16.17,16.14,16.17,
2015-11-26T11:56:00+05:30,16.16,16.17,16.15,16.17,
2015-11-26T11:57:00+05:30,16.17,16.17,16.11,16.12,
2015-11-26T11:58:00+05:30,16.13,16.13,16.1,16.12,
2015-11-26T11:59:00+05:30,16.12,16.13,16.11,16.11,
2015-11-26T12:00:00+05:30,16.11,16.11,16.08,16.1,
2015-11-26T12:01:00+05:30,16.1,16.13,16.1,16.13,
2015-11-26T12:02:00+05:30,16.13,16.13,16.11,16.12,
2015-11-26T12:03:00+05:30,16.13,16.15,16.13,16.14,
2015-11-26T12:04:00+05:30,16.15,16.15,16.11,16.13,
2015-11-26T12:05:00+05:30,16.14,16.14,16.12,16.14,
2015-11-26T12:06:00+05:30,16.13,16.15,16.11,16.11,
2015-11-26T12:07:00+05:30,16.11,16.12,16.07,16.09,
2015-11-26T12:08:00+05:30,16.09,16.09,16.07,16.08,
2015-11-26T12:09:00+05:30,16.08,16.08,16.05,16.07,
2015-11-26T12:10:00+05:30,16.08,16.09,16.04,16.04,
2015-11-26T12:11:00+05:30,16.04,16.07,16.04,16.05,
2015-11-26T12:12:00+05:30,16.05,16.08,16.04,16.07,
2015-11-26T12:13:00+05:30,16.07,16.1,16.06,16.08,
2015-11-26T12:14:00+05:30,16.08,16.11,16.07,16.11,
2015-11-26T12:15:00+05:30,16.12,16.12,16.11,16.11,
2015-11-26T12:16:00+05:30,16.12,16.13,16.07,16.1,
2015-11-26T12:17:00+05:30,16.1,16.11,16.09,16.09,
2015-11-26T12:18:00+05:30,16.09,16.11,16.09,16.1,
2015-11-26T12:19:00+05:30,16.09,16.11,16.08,16.08,
2015-11-26T12:20:00+05:30,16.08,16.11,16.08,16.11,
2015-11-26T12:21:00+05:30,16.1,16.1,16.07,16.08,
2015-11-26T12:22:00+05:30,16.08,16.1,16.08,16.1,
2015-11-26T12:23:00+05:30,16.09,16.12,16.09,16.12,
2015-11-26T12:24:00+05:30,16.13,16.18,16.11,16.17,
2015-11-26T12:25:00+05:30,16.17,16.17,16.14,16.14,
2015-11-26T12:26:00+05:30,16.14,16.17,16.14,16.17,
2015-11-26T12:27:00+05:30,16.17,16.17,16.14,16.16,
2015-11-26T12:28:00+05:30,16.16,16.18,16.15,16.17,
2015-11-26T12:29:00+05:30,16.17,16.18,16.15,16.15,
2015-11-26T12:30:00+05:30,16.15,16.19,16.14,16.19,
2015-11-26T12:31:00+05:30,16.19,16.2,16.15,16.16,
2015-11-26T12:32:00+05:30,16.16,16.19,16.16,16.19,
2015-11-26T12:33:00+05:30,16.19,16.19,16.17,16.18,
2015-11-26T12:34:00+05:30,16.18,16.18,16.16,16.18,
2015-11-26T12:35:00+05:30,16.17,16.18,16.16,16.17,
2015-11-26T12:36:00+05:30,16.17,16.19,16.16,16.16,
2015-11-26T12:37:00+05:30,16.18,16.18,16.14,16.18,
2015-11-26T12:38:00+05:30,16.17,16.19,16.17,16.18,
2015-11-26T12:39:00+05:30,16.17,16.19,16.15,16.17,
2015-11-26T12:40:00+05:30,16.18,16.19,16.17,16.18,
2015-11-26T12:41:00+05:30,16.18,16.19,16.16,16.17,
2015-11-26T12:42:00+05:30,16.18,16.2,16.18,16.19,
2015-11-26T12:43:00+05:30,16.18,16.2,16.17,16.17,
2015-11-26T12:44:00+05:30,16.18,16.2,16.17,16.2,
2015-11-26T12:45:00+05:30,16.2,16.21,16.18,16.2,
2015-11-26T12:46:00+05:30,16.2,16.23,16.2,16.23,
2015-11-26T12:47:00+05:30,16.22,16.26,16.22,16.24,
2015-11-26T12:48:00+05:30,16.25,16.27,16.23,16.24,
2015-11-26T12:49:00+05:30,16.24,16.26,16.21,16.25,
2015-11-26T12:50:00+05:30,16.25,16.3,16.24,16.29,
2015-11-26T12:51:00+05:30,16.29,16.3,16.25,16.25,
2015-11-26T12:52:00+05:30,16.24,16.3,16.24,16.24,
2015-11-26T12:53:00+05:30,16.24,16.28,16.22,16.22,
2015-11-26T12:54:00+05:30,16.21,16.22,16.2,16.22,
2015-11-26T12:55:00+05:30,16.23,16.23,16.21,16.22,
2015-11-26T12:56:00+05:30,16.22,16.23,16.15,16.16,
2015-11-26T12:57:00+05:30,16.16,16.18,16.13,16.17,
2015-11-26T12:58:00+05:30,16.17,16.19,16.14,16.17,
2015-11-26T12:59:00+05:30,16.17,16.17,16.15,16.16,
2015-11-26T13:00:00+05:30,16.16,16.19,16.15,16.18,
2015-11-26T13:01:00+05:30,16.19,16.21,16.18,16.2,
2015-11-26T13:02:00+05:30,16.2,16.21,16.19,16.2,
2015-11-26T13:03:00+05:30,16.2,16.23,16.17,16.17,
2015-11-26T13:04:00+05:30,16.16,16.22,16.11,16.15,
2015-11-26T13:05:00+05:30,16.16,16.16,16.13,16.14,
2015-11-26T13:06:00+05:30,16.14,16.15,16.12,16.13,
2015-11-26T13:07:00+05:30,16.13,16.16,16.12,16.13,
2015-11-26T13:08:00+05:30,16.13,16.16,16.13,16.16,
2015-11-26T13:09:00+05:30,16.15,16.18,16.15,16.16,
2015-11-26T13:10:00+05:30,16.16,16.18,16.13,16.15,
2015-11-26T13:11:00+05:30,16.14,16.15,16.12,16.12,
2015-11-26T13:12:00+05:30,16.12,16.14,16.11,16.13,
2015-11-26T13:13:00+05:30,16.13,16.15,16.11,16.12,
2015-11-26T13:14:00+05:30,16.12,16.15,16.12,16.12,
2015-11-26T13:15:00+05:30,16.13,16.14,16.12,16.14,
2015-11-26T13:16:00+05:30,16.13,16.14,16.13,16.14,
2015-11-26T13:17:00+05:30,16.13,16.15,16.12,16.14,
2015-11-26T13:18:00+05:30,16.14,16.17,16.12,16.16,
2015-11-26T13:19:00+05:30,16.16,16.18,16.15,16.15,
2015-11-26T13:20:00+05:30,16.15,16.17,16.14,16.15,
2015-11-26T13:21:00+05:30,16.15,16.15,16.11,16.11,
2015-11-26T13:22:00+05:30,16.11,16.12,16.1,16.12,
2015-11-26T13:23:00+05:30,16.12,16.16,16.12,16.15,
2015-11-26T13:24:00+05:30,16.16,16.17,16.14,16.17,
2015-11-26T13:25:00+05:30,16.16,16.18,16.14,16.16,
2015-11-26T13:26:00+05:30,16.16,16.18,16.14,16.14,
2015-11-26T13:27:00+05:30,16.15,16.18,16.12,16.12,
2015-11-26T13:28:00+05:30,16.12,16.13,16.11,16.12,
2015-11-26T13:29:00+05:30,16.12,16.13,16.08,16.12,
2015-11-26T13:30:00+05:30,16.12,16.14,16.1,16.11,
2015-11-26T13:31:00+05:30,16.11,16.14,16.11,16.14,
2015-11-26T13:32:00+05:30,16.14,16.14,16.11,16.11,
2015-11-26T13:33:00+05:30,16.11,16.15,16.11,16.14,
2015-11-26T13:34:00+05:30,16.14,16.16,16.11,16.16,
2015-11-26T13:35:00+05:30,16.16,16.16,16.09,16.1,
2015-11-26T13:36:00+05:30,16.1,16.13,16.1,16.11,
2015-11-26T13:37:00+05:30,16.11,16.13,16.08,16.11,
2015-11-26T13:38:00+05:30,16.11,16.13,16.06,16.06,
2015-11-26T13:39:00+05:30,16.06,16.09,16.04,16.04,
2015-11-26T13:40:00+05:30,16.05,16.05,15.94,16,
2015-11-26T13:41:00+05:30,16,16.06,16,16.05,
2015-11-26T13:42:00+05:30,16.06,16.07,16.05,16.05,
2015-11-26T13:43:00+05:30,16.03,16.07,16.03,16.06,
2015-11-26T13:44:00+05:30,16.06,16.07,16.04,16.06,
2015-11-26T13:45:00+05:30,16.06,16.08,16.05,16.07,
2015-11-26T13:46:00+05:30,16.07,16.1,16.06,16.08,
2015-11-26T13:47:00+05:30,16.08,16.12,16.07,16.11,
2015-11-26T13:48:00+05:30,16.11,16.12,16.1,16.12,
2015-11-26T13:49:00+05:30,16.12,16.12,16.1,16.11,
2015-11-26T13:50:00+05:30,16.11,16.11,16.1,16.1,
2015-11-26T13:51:00+05:30,16.09,16.12,16.09,16.12,
2015-11-26T13:52:00+05:30,16.11,16.16,16.1,16.11,
2015-11-26T13:53:00+05:30,16.11,16.11,16.08,16.1,
2015-11-26T13:54:00+05:30,16.1,16.12,16.08,16.09,
2015-11-26T13:55:00+05:30,16.11,16.15,16.08,16.12,
2015-11-26T13:56:00+05:30,16.11,16.11,16.03,16.11,
2015-11-26T13:57:00+05:30,16.1,16.11,16.08,16.11,
2015-11-26T13:58:00+05:30,16.12,16.13,16.09,16.12,
2015-11-26T13:59:00+05:30,16.12,16.13,16.1,16.1,
2015-11-26T14:00:00+05:30,16.11,16.14,16.09,16.11,
2015-11-26T14:01:00+05:30,16.13,16.16,16.11,16.13,
2015-11-26T14:02:00+05:30,16.13,16.14,16.08,16.12,
2015-11-26T14:03:00+05:30,16.13,16.15,16.13,16.13,
2015-11-26T14:04:00+05:30,16.13,16.16,16.12,16.14,
2015-11-26T14:05:00+05:30,16.14,16.15,16.11,16.14,
2015-11-26T14:06:00+05:30,16.14,16.15,16.13,16.14,
2015-11-26T14:07:00+05:30,16.13,16.14,16.11,16.11,
2015-11-26T14:08:00+05:30,16.1,16.13,16.1,16.1,
2015-11-26T14:09:00+05:30,16.1,16.12,16.1,16.11,
2015-11-26T14:10:00+05:30,16.12,16.14,16.11,16.14,
2015-11-26T14:11:00+05:30,16.14,16.15,16.11,16.11,
2015-11-26T14:12:00+05:30,16.11,16.12,16.06,16.06,
2015-11-26T14:13:00+05:30,16.07,16.07,16.03,16.06,
2015-11-26T14:14:00+05:30,16.07,16.07,16.04,16.06,
2015-11-26T14:15:00+05:30,16.06,16.07,16.03,16.06,
2015-11-26T14:16:00+05:30,16.06,16.12,16.06,16.1,
2015-11-26T14:17:00+05:30,16.1,16.16,16.09,16.12,
2015-11-26T14:18:00+05:30,16.12,16.14,16.09,16.11,
2015-11-26T14:19:00+05:30,16.11,16.15,16.11,16.14,
2015-11-26T14:20:00+05:30,16.14,16.16,16.1,16.1,
2015-11-26T14:21:00+05:30,16.09,16.11,16.06,16.07,
2015-11-26T14:22:00+05:30,16.07,16.13,16.06,16.08,
2015-11-26T14:23:00+05:30,16.09,16.14,16.08,16.12,
2015-11-26T14:24:00+05:30,16.12,16.15,16.11,16.14,
2015-11-26T14:25:00+05:30,16.13,16.14,16.09,16.09,
2015-11-26T14:26:00+05:30,16.09,16.1,16.06,16.06,
2015-11-26T14:27:00+05:30,16.06,16.1,16.06,16.08,
2015-11-26T14:28:00+05:30,16.08,16.1,16.07,16.07,
2015-11-26T14:29:00+05:30,16.07,16.12,16.07,16.1,
2015-11-26T14:30:00+05:30,16.1,16.13,16.1,16.13,
2015-11-26T14:31:00+05:30,16.13,16.13,16.11,16.12,
2015-11-26T14:32:00+05:30,16.12,16.13,16.09,16.13,
2015-11-26T14:33:00+05:30,16.14,16.16,16.08,16.11,
2015-11-26T14:34:00+05:30,16.12,16.12,16.08,16.11,
2015-11-26T14:35:00+05:30,16.1,16.13,16.09,16.13,
2015-11-26T14:36:00+05:30,16.14,16.18,16.12,16.13,
2015-11-26T14:37:00+05:30,16.13,16.17,16.12,16.13,
2015-11-26T14:38:00+05:30,16.14,16.14,16.08,16.12,
2015-11-26T14:39:00+05:30,16.12,16.14,16.08,16.14,
2015-11-26T14:40:00+05:30,16.14,16.15,16.13,16.15,
2015-11-26T14:41:00+05:30,16.15,16.25,16.15,16.19,
2015-11-26T14:42:00+05:30,16.19,16.25,16.18,16.25,
2015-11-26T14:43:00+05:30,16.26,16.3,16.23,16.28,
2015-11-26T14:44:00+05:30,16.3,16.32,16.27,16.29,
2015-11-26T14:45:00+05:30,16.3,16.31,16.25,16.29,
2015-11-26T14:46:00+05:30,16.32,16.34,16.28,16.31,
2015-11-26T14:47:00+05:30,16.31,16.36,16.27,16.34,
2015-11-26T14:48:00+05:30,16.35,16.37,16.33,16.37,
2015-11-26T14:49:00+05:30,16.37,16.37,16.33,16.36,
2015-11-26T14:50:00+05:30,16.36,16.37,16.34,16.36,
2015-11-26T14:51:00+05:30,16.36,16.36,16.34,16.35,
2015-11-26T14:52:00+05:30,16.37,16.45,16.37,16.45,
2015-11-26T14:53:00+05:30,16.44,16.45,16.4,16.45,
2015-11-26T14:54:00+05:30,16.45,16.47,16.45,16.47,
2015-11-26T14:55:00+05:30,16.47,16.5,16.46,16.49,
2015-11-26T14:56:00+05:30,16.49,16.57,16.48,16.56,
2015-11-26T14:57:00+05:30,16.56,16.65,16.55,16.65,
2015-11-26T14:58:00+05:30,16.64,16.67,16.61,16.66,
2015-11-26T14:59:00+05:30,16.66,16.66,16.62,16.66,
2015-11-26T15:00:00+05:30,16.67,16.73,16.66,16.72,
2015-11-26T15:01:00+05:30,16.72,16.76,16.68,16.69,
2015-11-26T15:02:00+05:30,16.7,16.76,16.68,16.75,
2015-11-26T15:03:00+05:30,16.75,16.79,16.73,16.78,
2015-11-26T15:04:00+05:30,16.78,16.78,16.7,16.71,
2015-11-26T15:05:00+05:30,16.71,16.73,16.66,16.67,
2015-11-26T15:06:00+05:30,16.67,16.69,16.64,16.66,
2015-11-26T15:07:00+05:30,16.66,16.69,16.61,16.69,
2015-11-26T15:08:00+05:30,16.68,16.73,16.67,16.71,
2015-11-26T15:09:00+05:30,16.71,16.74,16.7,16.72,
2015-11-26T15:10:00+05:30,16.72,16.72,16.69,16.7,
2015-11-26T15:11:00+05:30,16.7,16.74,16.68,16.73,
2015-11-26T15:12:00+05:30,16.73,16.74,16.66,16.68,
2015-11-26T15:13:00+05:30,16.69,16.7,16.64,16.68,
2015-11-26T15:14:00+05:30,16.68,16.7,16.65,16.65,
2015-11-26T15:15:00+05:30,16.65,16.74,16.63,16.72,
2015-11-26T15:16:00+05:30,16.73,16.74,16.7,16.7,
2015-11-26T15:17:00+05:30,16.7,16.72,16.68,16.68,
2015-11-26T15:18:00+05:30,16.68,16.69,16.65,16.66,
2015-11-26T15:19:00+05:30,16.65,16.65,16.6,16.63,
2015-11-26T15:20:00+05:30,16.62,16.69,16.61,16.67,
2015-11-26T15:21:00+05:30,16.67,16.7,16.66,16.68,
2015-11-26T15:22:00+05:30,16.7,16.7,16.68,16.68,
2015-11-26T15:23:00+05:30,16.69,16.71,16.66,16.66,
2015-11-26T15:24:00+05:30,16.66,16.67,16.62,16.65,
2015-11-26T15:25:00+05:30,16.65,16.68,16.62,16.63,
2015-11-26T15:26:00+05:30,16.63,16.67,16.63,16.64,
2015-11-26T15:27:00+05:30,16.62,16.68,16.62,16.66,
2015-11-26T15:28:00+05:30,16.66,16.73,16.65,16.71,
2015-11-26T15:29:00+05:30,16.69,16.73,16.61,16.63,
2015-11-27T09:15:00+05:30,16.69,16.69,16.17,16.31,
2015-11-27T09:16:00+05:30,16.33,16.83,16.33,16.83,
2015-11-27T09:17:00+05:30,16.83,16.92,16.63,16.7,
2015-11-27T09:18:00+05:30,16.71,16.98,16.64,16.78,
2015-11-27T09:19:00+05:30,16.75,16.89,16.71,16.77,
2015-11-27T09:20:00+05:30,16.92,16.92,16.69,16.74,
2015-11-27T09:21:00+05:30,16.9,16.93,16.59,16.63,
2015-11-27T09:22:00+05:30,16.63,16.82,16.63,16.79,
2015-11-27T09:23:00+05:30,16.76,16.76,16.61,16.71,
2015-11-27T09:24:00+05:30,16.71,16.78,16.67,16.78,
2015-11-27T09:25:00+05:30,16.78,16.82,16.75,16.81,
2015-11-27T09:26:00+05:30,16.81,16.81,16.77,16.77,
2015-11-27T09:27:00+05:30,16.78,16.86,16.76,16.84,
2015-11-27T09:28:00+05:30,16.86,16.88,16.79,16.8,
2015-11-27T09:29:00+05:30,16.8,16.87,16.79,16.84,
2015-11-27T09:30:00+05:30,16.84,16.89,16.82,16.84,
2015-11-27T09:31:00+05:30,16.83,16.86,16.81,16.82,
2015-11-27T09:32:00+05:30,16.83,16.85,16.81,16.84,
2015-11-27T09:33:00+05:30,16.84,16.93,16.82,16.89,
2015-11-27T09:34:00+05:30,16.91,16.91,16.84,16.84,
2015-11-27T09:35:00+05:30,16.86,16.93,16.84,16.87,
2015-11-27T09:36:00+05:30,16.87,16.88,16.82,16.88,
2015-11-27T09:37:00+05:30,16.91,16.91,16.79,16.8,
2015-11-27T09:38:00+05:30,16.83,16.87,16.81,16.86,
2015-11-27T09:39:00+05:30,16.85,16.91,16.8,16.87,
2015-11-27T09:40:00+05:30,16.87,16.91,16.82,16.84,
2015-11-27T09:41:00+05:30,16.85,16.86,16.8,16.83,
2015-11-27T09:42:00+05:30,16.83,16.83,16.74,16.76,
2015-11-27T09:43:00+05:30,16.75,16.77,16.62,16.62,
2015-11-27T09:44:00+05:30,16.63,16.66,16.53,16.55,
2015-11-27T09:45:00+05:30,16.54,16.56,16.44,16.53,
2015-11-27T09:46:00+05:30,16.52,16.55,16.49,16.49,
2015-11-27T09:47:00+05:30,16.48,16.53,16.45,16.49,
2015-11-27T09:48:00+05:30,16.48,16.53,16.46,16.5,
2015-11-27T09:49:00+05:30,16.49,16.51,16.47,16.49,
2015-11-27T09:50:00+05:30,16.49,16.57,16.48,16.53,
2015-11-27T09:51:00+05:30,16.53,16.55,16.5,16.5,
2015-11-27T09:52:00+05:30,16.5,16.53,16.45,16.47,
2015-11-27T09:53:00+05:30,16.46,16.49,16.41,16.48,
2015-11-27T09:54:00+05:30,16.49,16.54,16.47,16.53,
2015-11-27T09:55:00+05:30,16.54,16.56,16.5,16.51,
2015-11-27T09:56:00+05:30,16.52,16.55,16.5,16.53,
2015-11-27T09:57:00+05:30,16.52,16.54,16.43,16.46,
2015-11-27T09:58:00+05:30,16.47,16.47,16.32,16.32,
2015-11-27T09:59:00+05:30,16.32,16.43,16.27,16.42,
2015-11-27T10:00:00+05:30,16.43,16.44,16.38,16.42,
2015-11-27T10:01:00+05:30,16.4,16.41,16.36,16.38,
2015-11-27T10:02:00+05:30,16.38,16.43,16.35,16.41,
2015-11-27T10:03:00+05:30,16.42,16.47,16.41,16.46,
2015-11-27T10:04:00+05:30,16.47,16.47,16.43,16.44,
2015-11-27T10:05:00+05:30,16.43,16.47,16.43,16.45,
2015-11-27T10:06:00+05:30,16.44,16.47,16.4,16.43,
2015-11-27T10:07:00+05:30,16.42,16.47,16.4,16.43,
2015-11-27T10:08:00+05:30,16.42,16.65,16.42,16.57,
2015-11-27T10:09:00+05:30,16.57,16.57,16.5,16.5,
2015-11-27T10:10:00+05:30,16.51,16.57,16.51,16.57,
2015-11-27T10:11:00+05:30,16.56,16.56,16.51,16.53,
2015-11-27T10:12:00+05:30,16.52,16.6,16.52,16.54,
2015-11-27T10:13:00+05:30,16.55,16.59,16.54,16.57,
2015-11-27T10:14:00+05:30,16.57,16.6,16.54,16.55,
2015-11-27T10:15:00+05:30,16.57,16.59,16.55,16.57,
2015-11-27T10:16:00+05:30,16.57,16.61,16.53,16.57,
2015-11-27T10:17:00+05:30,16.57,16.59,16.55,16.58,
2015-11-27T10:18:00+05:30,16.58,16.6,16.56,16.6,
2015-11-27T10:19:00+05:30,16.6,16.6,16.54,16.54,
2015-11-27T10:20:00+05:30,16.56,16.6,16.55,16.57,
2015-11-27T10:21:00+05:30,16.57,16.6,16.52,16.56,
2015-11-27T10:22:00+05:30,16.56,16.59,16.53,16.57,
2015-11-27T10:23:00+05:30,16.57,16.57,16.53,16.56,
2015-11-27T10:24:00+05:30,16.56,16.57,16.52,16.52,
2015-11-27T10:25:00+05:30,16.53,16.55,16.49,16.55,
2015-11-27T10:26:00+05:30,16.53,16.58,16.53,16.58,
2015-11-27T10:27:00+05:30,16.58,16.6,16.57,16.58,
2015-11-27T10:28:00+05:30,16.59,16.59,16.55,16.57,
2015-11-27T10:29:00+05:30,16.57,16.58,16.55,16.57,
2015-11-27T10:30:00+05:30,16.57,16.6,16.56,16.57,
2015-11-27T10:31:00+05:30,16.57,16.58,16.55,16.56,
2015-11-27T10:32:00+05:30,16.56,16.57,16.53,16.53,
2015-11-27T10:33:00+05:30,16.54,16.58,16.51,16.55,
2015-11-27T10:34:00+05:30,16.56,16.58,16.53,16.54,
2015-11-27T10:35:00+05:30,16.54,16.58,16.41,16.42,
2015-11-27T10:36:00+05:30,16.42,16.43,16.38,16.38,
2015-11-27T10:37:00+05:30,16.39,16.41,16.38,16.39,
2015-11-27T10:38:00+05:30,16.38,16.39,16.36,16.39,
2015-11-27T10:39:00+05:30,16.39,16.4,16.38,16.38,
2015-11-27T10:40:00+05:30,16.38,16.39,16.34,16.36,
2015-11-27T10:41:00+05:30,16.35,16.41,16.35,16.4,
2015-11-27T10:42:00+05:30,16.39,16.39,16.36,16.36,
2015-11-27T10:43:00+05:30,16.36,16.39,16.35,16.38,
2015-11-27T10:44:00+05:30,16.37,16.4,16.34,16.34,
2015-11-27T10:45:00+05:30,16.33,16.38,16.33,16.34,
2015-11-27T10:46:00+05:30,16.34,16.36,16.33,16.34,
2015-11-27T10:47:00+05:30,16.34,16.36,16.32,16.35,
2015-11-27T10:48:00+05:30,16.36,16.36,16.32,16.35,
2015-11-27T10:49:00+05:30,16.35,16.36,16.29,16.3,
2015-11-27T10:50:00+05:30,16.3,16.32,16.27,16.3,
2015-11-27T10:51:00+05:30,16.3,16.34,16.28,16.31,
2015-11-27T10:52:00+05:30,16.31,16.33,16.28,16.29,
2015-11-27T10:53:00+05:30,16.29,16.47,16.29,16.47,
2015-11-27T10:54:00+05:30,16.47,16.5,16.45,16.48,
2015-11-27T10:55:00+05:30,16.47,16.47,16.45,16.47,
2015-11-27T10:56:00+05:30,16.47,16.48,16.43,16.45,
2015-11-27T10:57:00+05:30,16.47,16.49,16.41,16.47,
2015-11-27T10:58:00+05:30,16.47,16.49,16.45,16.47,
2015-11-27T10:59:00+05:30,16.47,16.52,16.46,16.52,
2015-11-27T11:00:00+05:30,16.52,16.59,16.5,16.56,
2015-11-27T11:01:00+05:30,16.55,16.57,16.54,16.54,
2015-11-27T11:02:00+05:30,16.54,16.57,16.52,16.53,
2015-11-27T11:03:00+05:30,16.53,16.54,16.51,16.53,
2015-11-27T11:04:00+05:30,16.53,16.53,16.48,16.49,
2015-11-27T11:05:00+05:30,16.49,16.54,16.49,16.54,
2015-11-27T11:06:00+05:30,16.54,16.54,16.51,16.53,
2015-11-27T11:07:00+05:30,16.53,16.6,16.53,16.57,
2015-11-27T11:08:00+05:30,16.57,16.59,16.56,16.57,
2015-11-27T11:09:00+05:30,16.57,16.59,16.54,16.56,
2015-11-27T11:10:00+05:30,16.56,16.56,16.52,16.53,
2015-11-27T11:11:00+05:30,16.53,16.58,16.52,16.52,
2015-11-27T11:12:00+05:30,16.52,16.54,16.5,16.53,
2015-11-27T11:13:00+05:30,16.53,16.54,16.51,16.53,
2015-11-27T11:14:00+05:30,16.53,16.54,16.52,16.53,
2015-11-27T11:15:00+05:30,16.53,16.53,16.49,16.5,
2015-11-27T11:16:00+05:30,16.5,16.56,16.49,16.49,
2015-11-27T11:17:00+05:30,16.5,16.54,16.5,16.53,
2015-11-27T11:18:00+05:30,16.53,16.56,16.51,16.54,
2015-11-27T11:19:00+05:30,16.52,16.57,16.5,16.51,
2015-11-27T11:20:00+05:30,16.51,16.54,16.51,16.52,
2015-11-27T11:21:00+05:30,16.52,16.52,16.49,16.5,
2015-11-27T11:22:00+05:30,16.5,16.54,16.5,16.53,
2015-11-27T11:23:00+05:30,16.53,16.56,16.51,16.52,
2015-11-27T11:24:00+05:30,16.52,16.54,16.48,16.51,
2015-11-27T11:25:00+05:30,16.51,16.52,16.49,16.5,
2015-11-27T11:26:00+05:30,16.5,16.53,16.48,16.49,
2015-11-27T11:27:00+05:30,16.49,16.53,16.49,16.5,
2015-11-27T11:28:00+05:30,16.49,16.55,16.49,16.53,
2015-11-27T11:29:00+05:30,16.53,16.57,16.53,16.56,
2015-11-27T11:30:00+05:30,16.55,16.57,16.53,16.54,
2015-11-27T11:31:00+05:30,16.54,16.54,16.51,16.54,
2015-11-27T11:32:00+05:30,16.55,16.6,16.55,16.58,
2015-11-27T11:33:00+05:30,16.58,16.62,16.58,16.59,
2015-11-27T11:34:00+05:30,16.59,16.61,16.59,16.6,
2015-11-27T11:35:00+05:30,16.61,16.63,16.59,16.59,
2015-11-27T11:36:00+05:30,16.59,16.62,16.57,16.6,
2015-11-27T11:37:00+05:30,16.59,16.62,16.58,16.6,
2015-11-27T11:38:00+05:30,16.59,16.6,16.57,16.58,
2015-11-27T11:39:00+05:30,16.58,16.59,16.56,16.58,
2015-11-27T11:40:00+05:30,16.58,16.6,16.55,16.55,
2015-11-27T11:41:00+05:30,16.55,16.59,16.53,16.59,
2015-11-27T11:42:00+05:30,16.57,16.58,16.54,16.56,
2015-11-27T11:43:00+05:30,16.56,16.57,16.53,16.54,
2015-11-27T11:44:00+05:30,16.54,16.58,16.52,16.57,
2015-11-27T11:45:00+05:30,16.58,16.6,16.56,16.58,
2015-11-27T11:46:00+05:30,16.57,16.59,16.54,16.56,
2015-11-27T11:47:00+05:30,16.56,16.56,16.51,16.54,
2015-11-27T11:48:00+05:30,16.54,16.57,16.5,16.53,
2015-11-27T11:49:00+05:30,16.53,16.56,16.52,16.56,
2015-11-27T11:50:00+05:30,16.57,16.58,16.55,16.55,
2015-11-27T11:51:00+05:30,16.55,16.59,16.53,16.59,
2015-11-27T11:52:00+05:30,16.59,16.61,16.57,16.59,
2015-11-27T11:53:00+05:30,16.59,16.63,16.58,16.62,
2015-11-27T11:54:00+05:30,16.63,16.64,16.61,16.64,
2015-11-27T11:55:00+05:30,16.63,16.65,16.6,16.65,
2015-11-27T11:56:00+05:30,16.62,16.65,16.59,16.62,
2015-11-27T11:57:00+05:30,16.63,16.64,16.62,16.63,
2015-11-27T11:58:00+05:30,16.63,16.68,16.63,16.66,
2015-11-27T11:59:00+05:30,16.66,16.7,16.65,16.66,
2015-11-27T12:00:00+05:30,16.67,16.7,16.67,16.7,
2015-11-27T12:01:00+05:30,16.71,16.85,16.66,16.84,
2015-11-27T12:02:00+05:30,16.83,16.87,16.79,16.84,
2015-11-27T12:03:00+05:30,16.84,16.84,16.72,16.73,
2015-11-27T12:04:00+05:30,16.73,16.85,16.73,16.81,
2015-11-27T12:05:00+05:30,16.8,16.82,16.79,16.79,
2015-11-27T12:06:00+05:30,16.79,16.79,16.66,16.67,
2015-11-27T12:07:00+05:30,16.67,16.72,16.64,16.71,
2015-11-27T12:08:00+05:30,16.7,16.7,16.68,16.69,
2015-11-27T12:09:00+05:30,16.68,16.69,16.65,16.68,
2015-11-27T12:10:00+05:30,16.67,16.73,16.67,16.7,
2015-11-27T12:11:00+05:30,16.71,16.79,16.7,16.79,
2015-11-27T12:12:00+05:30,16.79,16.82,16.75,16.81,
2015-11-27T12:13:00+05:30,16.8,16.82,16.77,16.8,
2015-11-27T12:14:00+05:30,16.8,16.86,16.79,16.83,
2015-11-27T12:15:00+05:30,16.83,16.88,16.83,16.85,
2015-11-27T12:16:00+05:30,16.84,16.88,16.84,16.85,
2015-11-27T12:17:00+05:30,16.85,16.87,16.83,16.85,
2015-11-27T12:18:00+05:30,16.85,16.89,16.83,16.86,
2015-11-27T12:19:00+05:30,16.85,16.91,16.85,16.91,
2015-11-27T12:20:00+05:30,16.91,16.92,16.87,16.88,
2015-11-27T12:21:00+05:30,16.85,16.85,16.75,16.78,
2015-11-27T12:22:00+05:30,16.79,16.83,16.76,16.8,
2015-11-27T12:23:00+05:30,16.8,16.82,16.74,16.76,
2015-11-27T12:24:00+05:30,16.77,16.85,16.77,16.79,
2015-11-27T12:25:00+05:30,16.79,16.79,16.69,16.76,
2015-11-27T12:26:00+05:30,16.76,16.78,16.74,16.76,
2015-11-27T12:27:00+05:30,16.75,16.76,16.7,16.75,
2015-11-27T12:28:00+05:30,16.76,16.8,16.75,16.78,
2015-11-27T12:29:00+05:30,16.79,16.83,16.78,16.82,
2015-11-27T12:30:00+05:30,16.82,16.85,16.79,16.81,
2015-11-27T12:31:00+05:30,16.79,16.83,16.75,16.81,
2015-11-27T12:32:00+05:30,16.79,16.83,16.78,16.8,
2015-11-27T12:33:00+05:30,16.81,16.84,16.79,16.79,
2015-11-27T12:34:00+05:30,16.78,16.82,16.76,16.79,
2015-11-27T12:35:00+05:30,16.79,16.83,16.77,16.82,
2015-11-27T12:36:00+05:30,16.82,16.83,16.79,16.8,
2015-11-27T12:37:00+05:30,16.8,16.83,16.79,16.79,
2015-11-27T12:38:00+05:30,16.8,16.84,16.78,16.83,
2015-11-27T12:39:00+05:30,16.82,16.85,16.81,16.82,
2015-11-27T12:40:00+05:30,16.82,16.88,16.82,16.86,
2015-11-27T12:41:00+05:30,16.86,16.86,16.82,16.84,
2015-11-27T12:42:00+05:30,16.84,16.85,16.8,16.83,
2015-11-27T12:43:00+05:30,16.83,16.84,16.79,16.81,
2015-11-27T12:44:00+05:30,16.8,16.83,16.79,16.82,
2015-11-27T12:45:00+05:30,16.82,16.85,16.81,16.85,
2015-11-27T12:46:00+05:30,16.85,16.85,16.83,16.83,
2015-11-27T12:47:00+05:30,16.84,16.86,16.82,16.82,
2015-11-27T12:48:00+05:30,16.82,16.85,16.8,16.84,
2015-11-27T12:49:00+05:30,16.84,16.86,16.82,16.85,
2015-11-27T12:50:00+05:30,16.85,16.85,16.81,16.82,
2015-11-27T12:51:00+05:30,16.82,16.82,16.76,16.8,
2015-11-27T12:52:00+05:30,16.73,16.8,16.73,16.77,
2015-11-27T12:53:00+05:30,16.78,16.79,16.76,16.78,
2015-11-27T12:54:00+05:30,16.78,16.78,16.74,16.77,
2015-11-27T12:55:00+05:30,16.76,16.8,16.74,16.8,
2015-11-27T12:56:00+05:30,16.8,16.81,16.78,16.8,
2015-11-27T12:57:00+05:30,16.8,16.83,16.8,16.82,
2015-11-27T12:58:00+05:30,16.82,16.83,16.8,16.82,
2015-11-27T12:59:00+05:30,16.82,16.85,16.81,16.84,
2015-11-27T13:00:00+05:30,16.83,16.86,16.82,16.86,
2015-11-27T13:01:00+05:30,16.85,16.86,16.83,16.86,
2015-11-27T13:02:00+05:30,16.85,16.89,16.83,16.89,
2015-11-27T13:03:00+05:30,16.9,16.91,16.85,16.91,
2015-11-27T13:04:00+05:30,16.91,16.94,16.91,16.92,
2015-11-27T13:05:00+05:30,16.93,16.96,16.93,16.96,
2015-11-27T13:06:00+05:30,16.96,16.96,16.88,16.92,
2015-11-27T13:07:00+05:30,16.92,16.94,16.87,16.88,
2015-11-27T13:08:00+05:30,16.88,16.91,16.86,16.9,
2015-11-27T13:09:00+05:30,16.9,16.9,16.87,16.87,
2015-11-27T13:10:00+05:30,16.87,16.89,16.83,16.84,
2015-11-27T13:11:00+05:30,16.85,16.85,16.79,16.82,
2015-11-27T13:12:00+05:30,16.84,16.87,16.81,16.82,
2015-11-27T13:13:00+05:30,16.82,16.85,16.81,16.82,
2015-11-27T13:14:00+05:30,16.83,16.83,16.78,16.81,
2015-11-27T13:15:00+05:30,16.82,16.83,16.78,16.8,
2015-11-27T13:16:00+05:30,16.81,16.81,16.73,16.76,
2015-11-27T13:17:00+05:30,16.77,16.77,16.75,16.76,
2015-11-27T13:18:00+05:30,16.76,16.79,16.74,16.76,
2015-11-27T13:19:00+05:30,16.77,16.78,16.75,16.78,
2015-11-27T13:20:00+05:30,16.76,16.85,16.76,16.81,
2015-11-27T13:21:00+05:30,16.81,16.82,16.76,16.77,
2015-11-27T13:22:00+05:30,16.78,16.84,16.75,16.83,
2015-11-27T13:23:00+05:30,16.82,16.85,16.8,16.82,
2015-11-27T13:24:00+05:30,16.82,16.85,16.81,16.83,
2015-11-27T13:25:00+05:30,16.83,16.85,16.81,16.84,
2015-11-27T13:26:00+05:30,16.85,16.87,16.81,16.81,
2015-11-27T13:27:00+05:30,16.81,16.84,16.81,16.83,
2015-11-27T13:28:00+05:30,16.83,16.87,16.82,16.83,
2015-11-27T13:29:00+05:30,16.83,16.83,16.78,16.81,
2015-11-27T13:30:00+05:30,16.81,16.86,16.76,16.86,
2015-11-27T13:31:00+05:30,16.86,16.9,16.83,16.88,
2015-11-27T13:32:00+05:30,16.86,16.9,16.83,16.87,
2015-11-27T13:33:00+05:30,16.88,16.93,16.86,16.91,
2015-11-27T13:34:00+05:30,16.91,16.95,16.89,16.89,
2015-11-27T13:35:00+05:30,16.89,16.92,16.88,16.89,
2015-11-27T13:36:00+05:30,16.89,16.92,16.88,16.89,
2015-11-27T13:37:00+05:30,16.88,16.91,16.87,16.87,
2015-11-27T13:38:00+05:30,16.87,16.88,16.8,16.81,
2015-11-27T13:39:00+05:30,16.79,16.84,16.79,16.83,
2015-11-27T13:40:00+05:30,16.83,16.86,16.8,16.84,
2015-11-27T13:41:00+05:30,16.83,16.85,16.81,16.83,
2015-11-27T13:42:00+05:30,16.82,16.94,16.82,16.94,
2015-11-27T13:43:00+05:30,16.91,16.91,16.85,16.87,
2015-11-27T13:44:00+05:30,16.87,16.89,16.84,16.88,
2015-11-27T13:45:00+05:30,16.87,16.9,16.86,16.89,
2015-11-27T13:46:00+05:30,16.88,16.88,16.83,16.85,
2015-11-27T13:47:00+05:30,16.84,16.84,16.74,16.8,
2015-11-27T13:48:00+05:30,16.78,16.86,16.77,16.8,
2015-11-27T13:49:00+05:30,16.8,16.82,16.77,16.79,
2015-11-27T13:50:00+05:30,16.79,16.81,16.78,16.8,
2015-11-27T13:51:00+05:30,16.8,16.82,16.6,16.6,
2015-11-27T13:52:00+05:30,16.59,16.62,16.56,16.58,
2015-11-27T13:53:00+05:30,16.58,16.65,16.56,16.65,
2015-11-27T13:54:00+05:30,16.65,16.69,16.63,16.68,
2015-11-27T13:55:00+05:30,16.67,16.69,16.62,16.64,
2015-11-27T13:56:00+05:30,16.64,16.69,16.63,16.65,
2015-11-27T13:57:00+05:30,16.65,16.66,16.6,16.64,
2015-11-27T13:58:00+05:30,16.64,16.68,16.61,16.61,
2015-11-27T13:59:00+05:30,16.61,16.63,16.55,16.56,
2015-11-27T14:00:00+05:30,16.55,16.62,16.55,16.57,
2015-11-27T14:01:00+05:30,16.56,16.58,16.52,16.53,
2015-11-27T14:02:00+05:30,16.67,16.7,16.64,16.7,
2015-11-27T14:03:00+05:30,16.69,16.7,16.57,16.57,
2015-11-27T14:04:00+05:30,16.57,16.6,16.52,16.58,
2015-11-27T14:05:00+05:30,16.59,16.67,16.54,16.66,
2015-11-27T14:06:00+05:30,16.64,16.69,16.63,16.68,
2015-11-27T14:07:00+05:30,16.69,16.72,16.67,16.71,
2015-11-27T14:08:00+05:30,16.71,16.71,16.67,16.7,
2015-11-27T14:09:00+05:30,16.7,16.73,16.69,16.73,
2015-11-27T14:10:00+05:30,16.73,16.74,16.64,16.64,
2015-11-27T14:11:00+05:30,16.64,16.66,16.63,16.66,
2015-11-27T14:12:00+05:30,16.66,16.7,16.65,16.68,
2015-11-27T14:13:00+05:30,16.67,16.68,16.64,16.67,
2015-11-27T14:14:00+05:30,16.67,16.72,16.65,16.71,
2015-11-27T14:15:00+05:30,16.71,16.71,16.66,16.69,
2015-11-27T14:16:00+05:30,16.69,16.69,16.67,16.67,
2015-11-27T14:17:00+05:30,16.67,16.72,16.67,16.7,
2015-11-27T14:18:00+05:30,16.7,16.71,16.65,16.65,
2015-11-27T14:19:00+05:30,16.66,16.75,16.66,16.73,
2015-11-27T14:20:00+05:30,16.73,16.74,16.72,16.73,
2015-11-27T14:21:00+05:30,16.73,16.74,16.67,16.67,
2015-11-27T14:22:00+05:30,16.67,16.71,16.65,16.69,
2015-11-27T14:23:00+05:30,16.69,16.73,16.68,16.69,
2015-11-27T14:24:00+05:30,16.67,16.71,16.64,16.65,
2015-11-27T14:25:00+05:30,16.65,16.7,16.64,16.67,
2015-11-27T14:26:00+05:30,16.68,16.72,16.65,16.72,
2015-11-27T14:27:00+05:30,16.72,16.73,16.63,16.67,
2015-11-27T14:28:00+05:30,16.66,16.68,16.63,16.63,
2015-11-27T14:29:00+05:30,16.64,16.71,16.64,16.68,
2015-11-27T14:30:00+05:30,16.68,16.69,16.63,16.69,
2015-11-27T14:31:00+05:30,16.69,16.7,16.67,16.68,
2015-11-27T14:32:00+05:30,16.69,16.7,16.63,16.68,
2015-11-27T14:33:00+05:30,16.68,16.69,16.61,16.62,
2015-11-27T14:34:00+05:30,16.64,16.67,16.62,16.67,
2015-11-27T14:35:00+05:30,16.66,16.66,16.61,16.66,
2015-11-27T14:36:00+05:30,16.65,16.66,16.58,16.63,
2015-11-27T14:37:00+05:30,16.63,16.67,16.62,16.65,
2015-11-27T14:38:00+05:30,16.65,16.67,16.63,16.64,
2015-11-27T14:39:00+05:30,16.64,16.68,16.63,16.66,
2015-11-27T14:40:00+05:30,16.64,16.67,16.63,16.64,
2015-11-27T14:41:00+05:30,16.63,16.68,16.61,16.63,
2015-11-27T14:42:00+05:30,16.63,16.66,16.6,16.63,
2015-11-27T14:43:00+05:30,16.61,16.64,16.59,16.6,
2015-11-27T14:44:00+05:30,16.61,16.63,16.59,16.62,
2015-11-27T14:45:00+05:30,16.63,16.63,16.51,16.57,
2015-11-27T14:46:00+05:30,16.56,16.59,16.56,16.59,
2015-11-27T14:47:00+05:30,16.59,16.59,16.53,16.58,
2015-11-27T14:48:00+05:30,16.58,16.6,16.57,16.6,
2015-11-27T14:49:00+05:30,16.6,16.61,16.56,16.58,
2015-11-27T14:50:00+05:30,16.59,16.63,16.59,16.61,
2015-11-27T14:51:00+05:30,16.61,16.64,16.59,16.62,
2015-11-27T14:52:00+05:30,16.62,16.68,16.62,16.66,
2015-11-27T14:53:00+05:30,16.66,16.7,16.64,16.67,
2015-11-27T14:54:00+05:30,16.66,16.69,16.64,16.66,
2015-11-27T14:55:00+05:30,16.66,16.69,16.64,16.66,
2015-11-27T14:56:00+05:30,16.65,16.69,16.64,16.65,
2015-11-27T14:57:00+05:30,16.65,16.7,16.64,16.68,
2015-11-27T14:58:00+05:30,16.66,16.69,16.64,16.69,
2015-11-27T14:59:00+05:30,16.69,16.74,16.67,16.74,
2015-11-27T15:00:00+05:30,16.74,16.77,16.72,16.75,
2015-11-27T15:01:00+05:30,16.75,16.77,16.69,16.74,
2015-11-27T15:02:00+05:30,16.74,16.75,16.66,16.75,
2015-11-27T15:03:00+05:30,16.75,16.75,16.7,16.71,
2015-11-27T15:04:00+05:30,16.71,16.74,16.69,16.72,
2015-11-27T15:05:00+05:30,16.73,16.74,16.66,16.7,
2015-11-27T15:06:00+05:30,16.7,16.71,16.69,16.69,
2015-11-27T15:07:00+05:30,16.69,16.71,16.69,16.7,
2015-11-27T15:08:00+05:30,16.7,16.73,16.68,16.69,
2015-11-27T15:09:00+05:30,16.7,16.71,16.67,16.7,
2015-11-27T15:10:00+05:30,16.7,16.71,16.68,16.7,
2015-11-27T15:11:00+05:30,16.7,16.73,16.67,16.73,
2015-11-27T15:12:00+05:30,16.73,16.75,16.7,16.7,
2015-11-27T15:13:00+05:30,16.72,16.72,16.68,16.68,
2015-11-27T15:14:00+05:30,16.68,16.72,16.65,16.69,
2015-11-27T15:15:00+05:30,16.69,16.72,16.67,16.71,
2015-11-27T15:16:00+05:30,16.7,16.73,16.67,16.7,
2015-11-27T15:17:00+05:30,16.7,16.73,16.67,16.71,
2015-11-27T15:18:00+05:30,16.71,16.74,16.71,16.74,
2015-11-27T15:19:00+05:30,16.74,16.75,16.7,16.71,
2015-11-27T15:20:00+05:30,16.71,16.75,16.71,16.75,
2015-11-27T15:21:00+05:30,16.74,16.74,16.7,16.71,
2015-11-27T15:22:00+05:30,16.7,16.76,16.7,16.76,
2015-11-27T15:23:00+05:30,16.76,16.83,16.76,16.83,
2015-11-27T15:24:00+05:30,16.83,16.87,16.81,16.86,
2015-11-27T15:25:00+05:30,16.86,16.91,16.86,16.9,
2015-11-27T15:26:00+05:30,16.88,16.88,16.83,16.84,
2015-11-27T15:27:00+05:30,16.84,16.85,16.79,16.79,
2015-11-27T15:28:00+05:30,16.79,16.81,16.69,16.69,
2015-11-27T15:29:00+05:30,16.69,16.7,16.58,16.58,
2015-11-30T09:15:00+05:30,16.73,17.08,16.05,17.06,
2015-11-30T09:16:00+05:30,17.03,17.19,16.87,17.19,
2015-11-30T09:17:00+05:30,17.19,17.19,16.97,16.98,
2015-11-30T09:18:00+05:30,16.99,17.02,16.98,17.02,
2015-11-30T09:19:00+05:30,17.02,17.11,17.01,17.09,
2015-11-30T09:20:00+05:30,17.08,17.09,17.03,17.06,
2015-11-30T09:21:00+05:30,17.06,17.17,17.06,17.13,
2015-11-30T09:22:00+05:30,17.12,17.15,17.07,17.08,
2015-11-30T09:23:00+05:30,17.07,17.13,17.06,17.13,
2015-11-30T09:24:00+05:30,17.12,17.16,17.11,17.14,
2015-11-30T09:25:00+05:30,17.15,17.17,17.1,17.1,
2015-11-30T09:26:00+05:30,17.11,17.12,17.06,17.06,
2015-11-30T09:27:00+05:30,17.06,17.11,17.03,17.03,
2015-11-30T09:28:00+05:30,17.03,17.04,16.97,17.04,
2015-11-30T09:29:00+05:30,17.04,17.05,17,17.04,
2015-11-30T09:30:00+05:30,17.04,17.09,17,17.07,
2015-11-30T09:31:00+05:30,17.06,17.06,16.99,17,
2015-11-30T09:32:00+05:30,17,17.03,16.98,17,
2015-11-30T09:33:00+05:30,17,17.02,16.94,16.94,
2015-11-30T09:34:00+05:30,16.97,16.98,16.96,16.97,
2015-11-30T09:35:00+05:30,16.96,17,16.95,16.95,
2015-11-30T09:36:00+05:30,16.95,16.98,16.93,16.94,
2015-11-30T09:37:00+05:30,16.94,16.98,16.94,16.97,
2015-11-30T09:38:00+05:30,16.97,16.98,16.93,16.96,
2015-11-30T09:39:00+05:30,16.96,16.99,16.93,16.98,
2015-11-30T09:40:00+05:30,16.97,17.01,16.95,16.99,
2015-11-30T09:41:00+05:30,17.01,17.04,17.01,17.01,
2015-11-30T09:42:00+05:30,17.01,17.04,17.01,17.03,
2015-11-30T09:43:00+05:30,17.03,17.05,17.02,17.04,
2015-11-30T09:44:00+05:30,17.05,17.05,17,17,
2015-11-30T09:45:00+05:30,17.01,17.03,16.99,17.02,
2015-11-30T09:46:00+05:30,17.02,17.05,17.01,17.03,
2015-11-30T09:47:00+05:30,17.03,17.04,16.99,16.99,
2015-11-30T09:48:00+05:30,16.99,17.03,16.98,17.02,
2015-11-30T09:49:00+05:30,17.02,17.04,17,17.04,
2015-11-30T09:50:00+05:30,17.04,17.04,17.02,17.03,
2015-11-30T09:51:00+05:30,17.03,17.05,17.01,17.05,
2015-11-30T09:52:00+05:30,17.03,17.06,17.03,17.04,
2015-11-30T09:53:00+05:30,17.04,17.05,17.01,17.01,
2015-11-30T09:54:00+05:30,17.01,17.06,17.01,17.03,
2015-11-30T09:55:00+05:30,17.03,17.06,17.03,17.04,
2015-11-30T09:56:00+05:30,17.04,17.08,17.04,17.07,
2015-11-30T09:57:00+05:30,17.07,17.14,17.07,17.14,
2015-11-30T09:58:00+05:30,17.13,17.14,17.04,17.08,
2015-11-30T09:59:00+05:30,17.08,17.1,17.07,17.07,
2015-11-30T10:00:00+05:30,17.07,17.07,17.04,17.06,
2015-11-30T10:01:00+05:30,17.06,17.06,17.02,17.05,
2015-11-30T10:02:00+05:30,17.06,17.1,17.04,17.09,
2015-11-30T10:03:00+05:30,17.09,17.12,17.09,17.1,
2015-11-30T10:04:00+05:30,17.1,17.15,17.1,17.15,
2015-11-30T10:05:00+05:30,17.14,17.17,17.12,17.14,
2015-11-30T10:06:00+05:30,17.15,17.15,17.08,17.1,
2015-11-30T10:07:00+05:30,17.1,17.13,17.09,17.11,
2015-11-30T10:08:00+05:30,17.12,17.13,17.1,17.11,
2015-11-30T10:09:00+05:30,17.12,17.16,17.1,17.14,
2015-11-30T10:10:00+05:30,17.15,17.15,17.1,17.1,
2015-11-30T10:11:00+05:30,17.1,17.11,17.07,17.11,
2015-11-30T10:12:00+05:30,17.11,17.16,17.11,17.15,
2015-11-30T10:13:00+05:30,17.15,17.16,17.13,17.16,
2015-11-30T10:14:00+05:30,17.16,17.16,17.13,17.14,
2015-11-30T10:15:00+05:30,17.14,17.14,17.12,17.14,
2015-11-30T10:16:00+05:30,17.15,17.18,17.15,17.16,
2015-11-30T10:17:00+05:30,17.15,17.2,17.15,17.19,
2015-11-30T10:18:00+05:30,17.17,17.18,17.15,17.16,
2015-11-30T10:19:00+05:30,17.16,17.19,17.16,17.19,
2015-11-30T10:20:00+05:30,17.19,17.19,17.16,17.16,
2015-11-30T10:21:00+05:30,17.17,17.2,17.17,17.17,
2015-11-30T10:22:00+05:30,17.18,17.21,17.16,17.2,
2015-11-30T10:23:00+05:30,17.21,17.24,17.21,17.22,
2015-11-30T10:24:00+05:30,17.22,17.22,17.18,17.18,
2015-11-30T10:25:00+05:30,17.18,17.19,17.17,17.18,
2015-11-30T10:26:00+05:30,17.18,17.19,17.17,17.19,
2015-11-30T10:27:00+05:30,17.19,17.21,17.18,17.19,
2015-11-30T10:28:00+05:30,17.19,17.19,17.13,17.13,
2015-11-30T10:29:00+05:30,17.13,17.14,17.11,17.13,
2015-11-30T10:30:00+05:30,17.12,17.12,17.11,17.11,
2015-11-30T10:31:00+05:30,17.11,17.14,17.11,17.11,
2015-11-30T10:32:00+05:30,17.11,17.12,17.09,17.09,
2015-11-30T10:33:00+05:30,17.1,17.12,17.09,17.12,
2015-11-30T10:34:00+05:30,17.12,17.13,17.11,17.12,
2015-11-30T10:35:00+05:30,17.11,17.13,17.11,17.13,
2015-11-30T10:36:00+05:30,17.13,17.13,17.12,17.13,
2015-11-30T10:37:00+05:30,17.12,17.13,17.12,17.13,
2015-11-30T10:38:00+05:30,17.13,17.16,17.12,17.12,
2015-11-30T10:39:00+05:30,17.12,17.14,17.12,17.13,
2015-11-30T10:40:00+05:30,17.13,17.14,17.1,17.11,
2015-11-30T10:41:00+05:30,17.09,17.12,17.09,17.1,
2015-11-30T10:42:00+05:30,17.1,17.15,17.1,17.12,
2015-11-30T10:43:00+05:30,17.12,17.13,17.1,17.13,
2015-11-30T10:44:00+05:30,17.13,17.13,17.09,17.1,
2015-11-30T10:45:00+05:30,17.1,17.11,17.09,17.09,
2015-11-30T10:46:00+05:30,17.09,17.13,17.08,17.09,
2015-11-30T10:47:00+05:30,17.09,17.11,17.08,17.09,
2015-11-30T10:48:00+05:30,17.1,17.12,17.09,17.1,
2015-11-30T10:49:00+05:30,17.1,17.12,17.09,17.12,
2015-11-30T10:50:00+05:30,17.11,17.14,17.1,17.12,
2015-11-30T10:51:00+05:30,17.12,17.12,17.08,17.08,
2015-11-30T10:52:00+05:30,17.08,17.11,17.06,17.06,
2015-11-30T10:53:00+05:30,17.06,17.1,17.05,17.05,
2015-11-30T10:54:00+05:30,17.06,17.08,17.05,17.05,
2015-11-30T10:55:00+05:30,17.06,17.07,17.05,17.06,
2015-11-30T10:56:00+05:30,17.05,17.07,17.05,17.07,
2015-11-30T10:57:00+05:30,17.07,17.08,17.05,17.06,
2015-11-30T10:58:00+05:30,17.06,17.06,17.04,17.05,
2015-11-30T10:59:00+05:30,17.05,17.06,17.04,17.06,
2015-11-30T11:00:00+05:30,17.06,17.08,17.05,17.06,
2015-11-30T11:01:00+05:30,17.06,17.07,17.03,17.03,
2015-11-30T11:02:00+05:30,17.03,17.04,17.02,17.04,
2015-11-30T11:03:00+05:30,17.04,17.06,17.02,17.02,
2015-11-30T11:04:00+05:30,17.02,17.05,17.01,17.02,
2015-11-30T11:05:00+05:30,17.02,17.04,17.02,17.02,
2015-11-30T11:06:00+05:30,17.02,17.05,17,17,
2015-11-30T11:07:00+05:30,17.01,17.01,17,17,
2015-11-30T11:08:00+05:30,17,17.01,16.98,17,
2015-11-30T11:09:00+05:30,16.98,17,16.97,16.97,
2015-11-30T11:10:00+05:30,16.97,16.98,16.96,16.98,
2015-11-30T11:11:00+05:30,16.98,17,16.96,17,
2015-11-30T11:12:00+05:30,17,17.02,16.99,17.02,
2015-11-30T11:13:00+05:30,17.02,17.03,17,17.01,
2015-11-30T11:14:00+05:30,17.01,17.01,16.99,17,
2015-11-30T11:15:00+05:30,17.02,17.03,16.98,17,
2015-11-30T11:16:00+05:30,17,17.03,16.99,17.01,
2015-11-30T11:17:00+05:30,17.01,17.02,16.99,16.99,
2015-11-30T11:18:00+05:30,16.99,17.01,16.97,17.01,
2015-11-30T11:19:00+05:30,17.01,17.03,16.99,17.03,
2015-11-30T11:20:00+05:30,17.03,17.04,17,17.04,
2015-11-30T11:21:00+05:30,17.04,17.04,17.02,17.04,
2015-11-30T11:22:00+05:30,17.04,17.06,17.02,17.02,
2015-11-30T11:23:00+05:30,17.02,17.04,17,17.01,
2015-11-30T11:24:00+05:30,17.02,17.02,17,17.01,
2015-11-30T11:25:00+05:30,17,17.01,16.99,17.01,
2015-11-30T11:26:00+05:30,17,17.06,17,17.06,
2015-11-30T11:27:00+05:30,17.06,17.06,17.03,17.04,
2015-11-30T11:28:00+05:30,17.04,17.09,17.04,17.07,
2015-11-30T11:29:00+05:30,17.07,17.08,17.03,17.08,
2015-11-30T11:30:00+05:30,17.08,17.09,17.05,17.07,
2015-11-30T11:31:00+05:30,17.07,17.08,17.04,17.04,
2015-11-30T11:32:00+05:30,17.05,17.08,17.05,17.07,
2015-11-30T11:33:00+05:30,17.07,17.09,17.05,17.05,
2015-11-30T11:34:00+05:30,17.06,17.1,17.06,17.09,
2015-11-30T11:35:00+05:30,17.09,17.12,17.09,17.09,
2015-11-30T11:36:00+05:30,17.1,17.12,17.07,17.07,
2015-11-30T11:37:00+05:30,17.08,17.11,17.07,17.11,
2015-11-30T11:38:00+05:30,17.11,17.12,17.09,17.1,
2015-11-30T11:39:00+05:30,17.1,17.11,17.1,17.11,
2015-11-30T11:40:00+05:30,17.11,17.11,17.08,17.08,
2015-11-30T11:41:00+05:30,17.08,17.09,17.06,17.07,
2015-11-30T11:42:00+05:30,17.06,17.07,17.03,17.06,
2015-11-30T11:43:00+05:30,17.08,17.09,17.06,17.07,
2015-11-30T11:44:00+05:30,17.06,17.08,17.05,17.06,
2015-11-30T11:45:00+05:30,17.06,17.07,17.04,17.06,
2015-11-30T11:46:00+05:30,17.06,17.09,17.05,17.06,
2015-11-30T11:47:00+05:30,17.06,17.07,17.04,17.06,
2015-11-30T11:48:00+05:30,17.06,17.07,17.05,17.06,
2015-11-30T11:49:00+05:30,17.04,17.08,17.04,17.05,
2015-11-30T11:50:00+05:30,17.05,17.06,17.02,17.05,
2015-11-30T11:51:00+05:30,17.05,17.05,17.02,17.02,
2015-11-30T11:52:00+05:30,17.02,17.05,17.02,17.04,
2015-11-30T11:53:00+05:30,17.04,17.05,17.03,17.03,
2015-11-30T11:54:00+05:30,17.04,17.04,17,17,
2015-11-30T11:55:00+05:30,17,17.02,17,17,
2015-11-30T11:56:00+05:30,17.02,17.02,16.99,17.01,
2015-11-30T11:57:00+05:30,17.02,17.02,16.97,16.97,
2015-11-30T11:58:00+05:30,16.97,17.01,16.97,17,
2015-11-30T11:59:00+05:30,17,17.01,16.98,16.99,
2015-11-30T12:00:00+05:30,17,17.01,16.98,16.98,
2015-11-30T12:01:00+05:30,16.98,16.98,16.97,16.98,
2015-11-30T12:02:00+05:30,16.98,17,16.98,16.99,
2015-11-30T12:03:00+05:30,16.99,16.99,16.96,16.97,
2015-11-30T12:04:00+05:30,16.97,16.98,16.96,16.97,
2015-11-30T12:05:00+05:30,16.97,16.97,16.94,16.96,
2015-11-30T12:06:00+05:30,16.96,16.96,16.92,16.96,
2015-11-30T12:07:00+05:30,16.96,16.98,16.95,16.96,
2015-11-30T12:08:00+05:30,16.96,16.99,16.96,16.99,
2015-11-30T12:09:00+05:30,16.99,17,16.94,16.96,
2015-11-30T12:10:00+05:30,16.96,16.98,16.95,16.98,
2015-11-30T12:11:00+05:30,16.98,16.99,16.97,16.98,
2015-11-30T12:12:00+05:30,16.99,17,16.95,16.96,
2015-11-30T12:13:00+05:30,16.96,16.96,16.94,16.94,
2015-11-30T12:14:00+05:30,16.94,16.95,16.91,16.91,
2015-11-30T12:15:00+05:30,16.92,16.92,16.9,16.9,
2015-11-30T12:16:00+05:30,16.9,16.92,16.9,16.91,
2015-11-30T12:17:00+05:30,16.9,16.92,16.89,16.91,
2015-11-30T12:18:00+05:30,16.91,16.94,16.91,16.91,
2015-11-30T12:19:00+05:30,16.91,16.91,16.9,16.91,
2015-11-30T12:20:00+05:30,16.91,16.91,16.87,16.88,
2015-11-30T12:21:00+05:30,16.88,16.89,16.79,16.82,
2015-11-30T12:22:00+05:30,16.83,16.87,16.82,16.83,
2015-11-30T12:23:00+05:30,16.82,16.85,16.79,16.83,
2015-11-30T12:24:00+05:30,16.83,16.85,16.81,16.84,
2015-11-30T12:25:00+05:30,16.84,16.85,16.83,16.85,
2015-11-30T12:26:00+05:30,16.85,16.87,16.85,16.86,
2015-11-30T12:27:00+05:30,16.86,16.88,16.82,16.88,
2015-11-30T12:28:00+05:30,16.88,16.88,16.85,16.86,
2015-11-30T12:29:00+05:30,16.86,16.9,16.85,16.9,
2015-11-30T12:30:00+05:30,16.9,16.9,16.84,16.84,
2015-11-30T12:31:00+05:30,16.84,16.91,16.84,16.89,
2015-11-30T12:32:00+05:30,16.89,16.89,16.84,16.85,
2015-11-30T12:33:00+05:30,16.86,16.86,16.81,16.83,
2015-11-30T12:34:00+05:30,16.84,16.84,16.8,16.82,
2015-11-30T12:35:00+05:30,16.83,16.93,16.83,16.91,
2015-11-30T12:36:00+05:30,16.91,16.91,16.87,16.88,
2015-11-30T12:37:00+05:30,16.88,16.88,16.85,16.88,
2015-11-30T12:38:00+05:30,16.88,16.93,16.88,16.91,
2015-11-30T12:39:00+05:30,16.91,16.93,16.89,16.89,
2015-11-30T12:40:00+05:30,16.89,16.9,16.83,16.87,
2015-11-30T12:41:00+05:30,16.87,16.87,16.83,16.83,
2015-11-30T12:42:00+05:30,16.84,16.84,16.82,16.83,
2015-11-30T12:43:00+05:30,16.83,16.84,16.81,16.83,
2015-11-30T12:44:00+05:30,16.83,16.86,16.83,16.85,
2015-11-30T12:45:00+05:30,16.84,16.91,16.84,16.88,
2015-11-30T12:46:00+05:30,16.88,16.91,16.88,16.88,
2015-11-30T12:47:00+05:30,16.88,16.89,16.86,16.89,
2015-11-30T12:48:00+05:30,16.89,16.9,16.86,16.9,
2015-11-30T12:49:00+05:30,16.9,16.94,16.9,16.9,
2015-11-30T12:50:00+05:30,16.91,16.93,16.9,16.91,
2015-11-30T12:51:00+05:30,16.91,16.94,16.87,16.93,
2015-11-30T12:52:00+05:30,16.93,16.94,16.91,16.93,
2015-11-30T12:53:00+05:30,16.93,16.95,16.92,16.93,
2015-11-30T12:54:00+05:30,16.96,16.97,16.94,16.95,
2015-11-30T12:55:00+05:30,16.95,16.97,16.94,16.96,
2015-11-30T12:56:00+05:30,16.96,16.96,16.95,16.95,
2015-11-30T12:57:00+05:30,16.95,16.98,16.95,16.98,
2015-11-30T12:58:00+05:30,16.98,16.98,16.96,16.96,
2015-11-30T12:59:00+05:30,16.96,16.98,16.95,16.97,
2015-11-30T13:00:00+05:30,16.97,16.98,16.95,16.96,
2015-11-30T13:01:00+05:30,16.95,16.98,16.94,16.98,
2015-11-30T13:02:00+05:30,16.98,16.99,16.97,16.97,
2015-11-30T13:03:00+05:30,16.97,17,16.96,16.98,
2015-11-30T13:04:00+05:30,16.98,16.99,16.97,16.98,
2015-11-30T13:05:00+05:30,16.98,17,16.97,16.99,
2015-11-30T13:06:00+05:30,16.98,16.99,16.93,16.95,
2015-11-30T13:07:00+05:30,16.94,16.95,16.93,16.93,
2015-11-30T13:08:00+05:30,16.93,16.94,16.91,16.92,
2015-11-30T13:09:00+05:30,16.92,16.92,16.91,16.92,
2015-11-30T13:10:00+05:30,16.92,16.95,16.89,16.92,
2015-11-30T13:11:00+05:30,16.91,16.93,16.89,16.9,
2015-11-30T13:12:00+05:30,16.91,16.93,16.9,16.91,
2015-11-30T13:13:00+05:30,16.91,16.93,16.89,16.9,
2015-11-30T13:14:00+05:30,16.9,16.92,16.89,16.91,
2015-11-30T13:15:00+05:30,16.91,16.93,16.9,16.93,
2015-11-30T13:16:00+05:30,16.93,16.95,16.87,16.9,
2015-11-30T13:17:00+05:30,16.9,16.9,16.86,16.9,
2015-11-30T13:18:00+05:30,16.9,16.92,16.88,16.91,
2015-11-30T13:19:00+05:30,16.91,16.92,16.9,16.91,
2015-11-30T13:20:00+05:30,16.9,16.92,16.89,16.91,
2015-11-30T13:21:00+05:30,16.9,16.92,16.87,16.87,
2015-11-30T13:22:00+05:30,16.87,16.89,16.86,16.87,
2015-11-30T13:23:00+05:30,16.87,16.89,16.84,16.86,
2015-11-30T13:24:00+05:30,16.86,16.88,16.8,16.83,
2015-11-30T13:25:00+05:30,16.83,16.84,16.8,16.83,
2015-11-30T13:26:00+05:30,16.85,16.85,16.8,16.83,
2015-11-30T13:27:00+05:30,16.83,16.85,16.83,16.84,
2015-11-30T13:28:00+05:30,16.83,16.85,16.83,16.84,
2015-11-30T13:29:00+05:30,16.85,16.86,16.84,16.85,
2015-11-30T13:30:00+05:30,16.86,16.86,16.84,16.85,
2015-11-30T13:31:00+05:30,16.85,16.86,16.83,16.85,
2015-11-30T13:32:00+05:30,16.84,16.85,16.83,16.84,
2015-11-30T13:33:00+05:30,16.84,16.86,16.84,16.85,
2015-11-30T13:34:00+05:30,16.86,16.88,16.83,16.85,
2015-11-30T13:35:00+05:30,16.85,16.88,16.82,16.86,
2015-11-30T13:36:00+05:30,16.86,16.87,16.85,16.86,
2015-11-30T13:37:00+05:30,16.87,16.89,16.86,16.88,
2015-11-30T13:38:00+05:30,16.89,16.9,16.84,16.85,
2015-11-30T13:39:00+05:30,16.86,16.87,16.78,16.8,
2015-11-30T13:40:00+05:30,16.8,16.82,16.78,16.81,
2015-11-30T13:41:00+05:30,16.81,16.81,16.77,16.78,
2015-11-30T13:42:00+05:30,16.78,16.84,16.78,16.84,
2015-11-30T13:43:00+05:30,16.83,16.83,16.78,16.78,
2015-11-30T13:44:00+05:30,16.78,16.82,16.78,16.8,
2015-11-30T13:45:00+05:30,16.79,16.83,16.79,16.79,
2015-11-30T13:46:00+05:30,16.79,16.81,16.78,16.78,
2015-11-30T13:47:00+05:30,16.79,16.81,16.79,16.79,
2015-11-30T13:48:00+05:30,16.79,16.83,16.79,16.8,
2015-11-30T13:49:00+05:30,16.81,16.82,16.79,16.79,
2015-11-30T13:50:00+05:30,16.79,16.82,16.78,16.81,
2015-11-30T13:51:00+05:30,16.81,16.81,16.79,16.81,
2015-11-30T13:52:00+05:30,16.81,16.81,16.77,16.77,
2015-11-30T13:53:00+05:30,16.77,16.82,16.77,16.82,
2015-11-30T13:54:00+05:30,16.82,16.83,16.8,16.8,
2015-11-30T13:55:00+05:30,16.81,16.84,16.81,16.84,
2015-11-30T13:56:00+05:30,16.84,16.87,16.83,16.85,
2015-11-30T13:57:00+05:30,16.85,16.88,16.85,16.88,
2015-11-30T13:58:00+05:30,16.87,16.87,16.86,16.86,
2015-11-30T13:59:00+05:30,16.86,16.86,16.81,16.82,
2015-11-30T14:00:00+05:30,16.82,16.85,16.8,16.81,
2015-11-30T14:01:00+05:30,16.81,16.82,16.73,16.76,
2015-11-30T14:02:00+05:30,16.75,16.78,16.74,16.78,
2015-11-30T14:03:00+05:30,16.77,16.81,16.77,16.81,
2015-11-30T14:04:00+05:30,16.8,16.83,16.79,16.83,
2015-11-30T14:05:00+05:30,16.83,16.83,16.76,16.77,
2015-11-30T14:06:00+05:30,16.77,16.79,16.76,16.78,
2015-11-30T14:07:00+05:30,16.78,16.78,16.75,16.75,
2015-11-30T14:08:00+05:30,16.75,16.79,16.75,16.76,
2015-11-30T14:09:00+05:30,16.76,16.77,16.72,16.72,
2015-11-30T14:10:00+05:30,16.72,16.73,16.7,16.7,
2015-11-30T14:11:00+05:30,16.71,16.74,16.71,16.73,
2015-11-30T14:12:00+05:30,16.74,16.74,16.7,16.72,
2015-11-30T14:13:00+05:30,16.74,16.75,16.73,16.73,
2015-11-30T14:14:00+05:30,16.73,16.75,16.7,16.73,
2015-11-30T14:15:00+05:30,16.73,16.77,16.73,16.75,
2015-11-30T14:16:00+05:30,16.75,16.77,16.73,16.76,
2015-11-30T14:17:00+05:30,16.76,16.81,16.74,16.77,
2015-11-30T14:18:00+05:30,16.77,16.78,16.75,16.77,
2015-11-30T14:19:00+05:30,16.76,16.82,16.76,16.79,
2015-11-30T14:20:00+05:30,16.79,16.8,16.76,16.76,
2015-11-30T14:21:00+05:30,16.76,16.79,16.74,16.74,
2015-11-30T14:22:00+05:30,16.74,16.75,16.72,16.74,
2015-11-30T14:23:00+05:30,16.74,16.78,16.72,16.77,
2015-11-30T14:24:00+05:30,16.77,16.78,16.75,16.76,
2015-11-30T14:25:00+05:30,16.76,16.77,16.74,16.76,
2015-11-30T14:26:00+05:30,16.76,16.8,16.76,16.8,
2015-11-30T14:27:00+05:30,16.8,16.81,16.78,16.79,
2015-11-30T14:28:00+05:30,16.78,16.81,16.76,16.76,
2015-11-30T14:29:00+05:30,16.76,16.8,16.76,16.8,
2015-11-30T14:30:00+05:30,16.8,16.82,16.77,16.81,
2015-11-30T14:31:00+05:30,16.8,16.87,16.8,16.86,
2015-11-30T14:32:00+05:30,16.86,16.86,16.82,16.83,
2015-11-30T14:33:00+05:30,16.82,16.83,16.79,16.82,
2015-11-30T14:34:00+05:30,16.82,16.82,16.79,16.82,
2015-11-30T14:35:00+05:30,16.81,16.82,16.77,16.77,
2015-11-30T14:36:00+05:30,16.77,16.77,16.66,16.66,
2015-11-30T14:37:00+05:30,16.67,16.69,16.61,16.68,
2015-11-30T14:38:00+05:30,16.68,16.69,16.66,16.68,
2015-11-30T14:39:00+05:30,16.69,16.7,16.67,16.7,
2015-11-30T14:40:00+05:30,16.7,16.71,16.66,16.68,
2015-11-30T14:41:00+05:30,16.68,16.69,16.63,16.69,
2015-11-30T14:42:00+05:30,16.68,16.73,16.68,16.73,
2015-11-30T14:43:00+05:30,16.74,16.74,16.68,16.7,
2015-11-30T14:44:00+05:30,16.7,16.71,16.67,16.68,
2015-11-30T14:45:00+05:30,16.68,16.71,16.67,16.69,
2015-11-30T14:46:00+05:30,16.69,16.72,16.68,16.71,
2015-11-30T14:47:00+05:30,16.72,16.73,16.64,16.65,
2015-11-30T14:48:00+05:30,16.65,16.66,16.6,16.61,
2015-11-30T14:49:00+05:30,16.62,16.64,16.59,16.6,
2015-11-30T14:50:00+05:30,16.6,16.62,16.57,16.59,
2015-11-30T14:51:00+05:30,16.59,16.63,16.58,16.62,
2015-11-30T14:52:00+05:30,16.62,16.64,16.62,16.63,
2015-11-30T14:53:00+05:30,16.65,16.65,16.61,16.62,
2015-11-30T14:54:00+05:30,16.61,16.62,16.57,16.58,
2015-11-30T14:55:00+05:30,16.58,16.61,16.55,16.55,
2015-11-30T14:56:00+05:30,16.55,16.6,16.54,16.55,
2015-11-30T14:57:00+05:30,16.55,16.56,16.52,16.55,
2015-11-30T14:58:00+05:30,16.54,16.57,16.52,16.52,
2015-11-30T14:59:00+05:30,16.52,16.55,16.52,16.55,
2015-11-30T15:00:00+05:30,16.55,16.57,16.52,16.56,
2015-11-30T15:01:00+05:30,16.56,16.59,16.54,16.57,
2015-11-30T15:02:00+05:30,16.57,16.61,16.55,16.59,
2015-11-30T15:03:00+05:30,16.59,16.6,16.56,16.59,
2015-11-30T15:04:00+05:30,16.59,16.61,16.56,16.56,
2015-11-30T15:05:00+05:30,16.56,16.59,16.51,16.52,
2015-11-30T15:06:00+05:30,16.53,16.53,16.5,16.52,
2015-11-30T15:07:00+05:30,16.53,16.57,16.51,16.52,
2015-11-30T15:08:00+05:30,16.52,16.54,16.5,16.51,
2015-11-30T15:09:00+05:30,16.51,16.52,16.48,16.48,
2015-11-30T15:10:00+05:30,16.48,16.5,16.45,16.45,
2015-11-30T15:11:00+05:30,16.45,16.45,16.39,16.39,
2015-11-30T15:12:00+05:30,16.4,16.4,16.38,16.39,
2015-11-30T15:13:00+05:30,16.39,16.43,16.35,16.37,
2015-11-30T15:14:00+05:30,16.37,16.43,16.36,16.4,
2015-11-30T15:15:00+05:30,16.4,16.43,16.37,16.42,
2015-11-30T15:16:00+05:30,16.43,16.47,16.41,16.41,
2015-11-30T15:17:00+05:30,16.41,16.46,16.38,16.38,
2015-11-30T15:18:00+05:30,16.39,16.4,16.37,16.38,
2015-11-30T15:19:00+05:30,16.39,16.42,16.39,16.4,
2015-11-30T15:20:00+05:30,16.4,16.41,16.31,16.32,
2015-11-30T15:21:00+05:30,16.32,16.35,16.32,16.34,
2015-11-30T15:22:00+05:30,16.35,16.37,16.31,16.37,
2015-11-30T15:23:00+05:30,16.37,16.43,16.37,16.39,
2015-11-30T15:24:00+05:30,16.39,16.43,16.38,16.41,
2015-11-30T15:25:00+05:30,16.41,16.44,16.33,16.33,
2015-11-30T15:26:00+05:30,16.33,16.34,16.31,16.32,
2015-11-30T15:27:00+05:30,16.32,16.33,16.26,16.26,
2015-11-30T15:28:00+05:30,16.25,16.28,16.25,16.26,
2015-11-30T15:29:00+05:30,16.27,16.29,16.22,16.29,
