time,open,high,low,close,volume
2016-04-01T09:15:00+05:30,16.58,17.32,16.33,17.3,
2016-04-01T09:16:00+05:30,17.29,17.5,17.26,17.4,
2016-04-01T09:17:00+05:30,17.39,17.43,17.33,17.36,
2016-04-01T09:18:00+05:30,17.36,17.45,17.34,17.34,
2016-04-01T09:19:00+05:30,17.35,17.35,17.28,17.31,
2016-04-01T09:20:00+05:30,17.32,17.45,17.3,17.45,
2016-04-01T09:21:00+05:30,17.45,17.45,17.36,17.41,
2016-04-01T09:22:00+05:30,17.4,17.47,17.37,17.37,
2016-04-01T09:23:00+05:30,17.35,17.41,17.29,17.39,
2016-04-01T09:24:00+05:30,17.39,17.46,17.39,17.42,
2016-04-01T09:25:00+05:30,17.42,17.43,17.31,17.37,
2016-04-01T09:26:00+05:30,17.37,17.48,17.37,17.46,
2016-04-01T09:27:00+05:30,17.47,17.54,17.46,17.48,
2016-04-01T09:28:00+05:30,17.49,17.52,17.49,17.5,
2016-04-01T09:29:00+05:30,17.5,17.5,17.45,17.45,
2016-04-01T09:30:00+05:30,17.44,17.45,17.38,17.44,
2016-04-01T09:31:00+05:30,17.38,17.43,17.33,17.4,
2016-04-01T09:32:00+05:30,17.41,17.44,17.37,17.44,
2016-04-01T09:33:00+05:30,17.44,17.46,17.36,17.45,
2016-04-01T09:34:00+05:30,17.45,17.47,17.39,17.44,
2016-04-01T09:35:00+05:30,17.44,17.46,17.4,17.44,
2016-04-01T09:36:00+05:30,17.44,17.45,17.4,17.4,
2016-04-01T09:37:00+05:30,17.4,17.47,17.4,17.46,
2016-04-01T09:38:00+05:30,17.46,17.48,17.41,17.41,
2016-04-01T09:39:00+05:30,17.41,17.43,17.36,17.39,
2016-04-01T09:40:00+05:30,17.38,17.39,17.31,17.35,
2016-04-01T09:41:00+05:30,17.35,17.36,17.31,17.33,
2016-04-01T09:42:00+05:30,17.34,17.35,17.27,17.32,
2016-04-01T09:43:00+05:30,17.33,17.38,17.32,17.36,
2016-04-01T09:44:00+05:30,17.35,17.37,17.33,17.33,
2016-04-01T09:45:00+05:30,17.33,17.37,17.3,17.31,
2016-04-01T09:46:00+05:30,17.33,17.33,17.31,17.32,
2016-04-01T09:47:00+05:30,17.32,17.35,17.32,17.34,
2016-04-01T09:48:00+05:30,17.34,17.37,17.32,17.34,
2016-04-01T09:49:00+05:30,17.35,17.35,17.33,17.35,
2016-04-01T09:50:00+05:30,17.34,17.36,17.31,17.32,
2016-04-01T09:51:00+05:30,17.32,17.34,17.3,17.31,
2016-04-01T09:52:00+05:30,17.31,17.32,17.27,17.29,
2016-04-01T09:53:00+05:30,17.28,17.31,17.27,17.28,
2016-04-01T09:54:00+05:30,17.3,17.3,17.16,17.18,
2016-04-01T09:55:00+05:30,17.18,17.23,17.16,17.2,
2016-04-01T09:56:00+05:30,17.2,17.22,17.13,17.13,
2016-04-01T09:57:00+05:30,17.14,17.17,17.11,17.17,
2016-04-01T09:58:00+05:30,17.17,17.2,17.17,17.19,
2016-04-01T09:59:00+05:30,17.19,17.24,17.19,17.24,
2016-04-01T10:00:00+05:30,17.24,17.26,17.22,17.22,
2016-04-01T10:01:00+05:30,17.23,17.23,17.09,17.11,
2016-04-01T10:02:00+05:30,17.11,17.15,17.11,17.15,
2016-04-01T10:03:00+05:30,17.15,17.22,17.12,17.21,
2016-04-01T10:04:00+05:30,17.21,17.25,17.21,17.23,
2016-04-01T10:05:00+05:30,17.23,17.24,17.2,17.24,
2016-04-01T10:06:00+05:30,17.24,17.25,17.21,17.23,
2016-04-01T10:07:00+05:30,17.23,17.24,17.2,17.21,
2016-04-01T10:08:00+05:30,17.21,17.22,17.18,17.2,
2016-04-01T10:09:00+05:30,17.2,17.2,17.15,17.19,
2016-04-01T10:10:00+05:30,17.19,17.21,17.18,17.21,
2016-04-01T10:11:00+05:30,17.22,17.25,17.21,17.22,
2016-04-01T10:12:00+05:30,17.22,17.24,17.21,17.24,
2016-04-01T10:13:00+05:30,17.24,17.26,17.23,17.26,
2016-04-01T10:14:00+05:30,17.26,17.28,17.23,17.28,
2016-04-01T10:15:00+05:30,17.28,17.28,17.24,17.26,
2016-04-01T10:16:00+05:30,17.25,17.3,17.24,17.28,
2016-04-01T10:17:00+05:30,17.28,17.32,17.26,17.26,
2016-04-01T10:18:00+05:30,17.26,17.29,17.25,17.27,
2016-04-01T10:19:00+05:30,17.27,17.32,17.27,17.32,
2016-04-01T10:20:00+05:30,17.31,17.4,17.3,17.39,
2016-04-01T10:21:00+05:30,17.4,17.4,17.32,17.32,
2016-04-01T10:22:00+05:30,17.34,17.37,17.33,17.34,
2016-04-01T10:23:00+05:30,17.35,17.36,17.33,17.36,
2016-04-01T10:24:00+05:30,17.36,17.42,17.34,17.42,
2016-04-01T10:25:00+05:30,17.41,17.44,17.38,17.42,
2016-04-01T10:26:00+05:30,17.42,17.43,17.39,17.41,
2016-04-01T10:27:00+05:30,17.41,17.41,17.38,17.41,
2016-04-01T10:28:00+05:30,17.41,17.43,17.39,17.41,
2016-04-01T10:29:00+05:30,17.43,17.43,17.39,17.41,
2016-04-01T10:30:00+05:30,17.41,17.44,17.4,17.4,
2016-04-01T10:31:00+05:30,17.4,17.44,17.4,17.43,
2016-04-01T10:32:00+05:30,17.41,17.41,17.29,17.37,
2016-04-01T10:33:00+05:30,17.37,17.38,17.34,17.34,
2016-04-01T10:34:00+05:30,17.34,17.35,17.3,17.31,
2016-04-01T10:35:00+05:30,17.31,17.34,17.3,17.33,
2016-04-01T10:36:00+05:30,17.33,17.33,17.3,17.32,
2016-04-01T10:37:00+05:30,17.32,17.35,17.3,17.35,
2016-04-01T10:38:00+05:30,17.35,17.35,17.32,17.33,
2016-04-01T10:39:00+05:30,17.33,17.33,17.3,17.32,
2016-04-01T10:40:00+05:30,17.31,17.37,17.3,17.37,
2016-04-01T10:41:00+05:30,17.37,17.39,17.36,17.38,
2016-04-01T10:42:00+05:30,17.38,17.4,17.36,17.36,
2016-04-01T10:43:00+05:30,17.36,17.38,17.34,17.35,
2016-04-01T10:44:00+05:30,17.35,17.37,17.33,17.35,
2016-04-01T10:45:00+05:30,17.35,17.4,17.33,17.33,
2016-04-01T10:46:00+05:30,17.33,17.37,17.33,17.37,
2016-04-01T10:47:00+05:30,17.37,17.46,17.37,17.44,
2016-04-01T10:48:00+05:30,17.43,17.45,17.4,17.42,
2016-04-01T10:49:00+05:30,17.41,17.45,17.39,17.42,
2016-04-01T10:50:00+05:30,17.38,17.41,17.37,17.4,
2016-04-01T10:51:00+05:30,17.39,17.44,17.39,17.43,
2016-04-01T10:52:00+05:30,17.44,17.46,17.41,17.45,
2016-04-01T10:53:00+05:30,17.45,17.49,17.44,17.46,
2016-04-01T10:54:00+05:30,17.47,17.47,17.45,17.45,
2016-04-01T10:55:00+05:30,17.44,17.47,17.41,17.47,
2016-04-01T10:56:00+05:30,17.46,17.47,17.45,17.46,
2016-04-01T10:57:00+05:30,17.46,17.47,17.43,17.45,
2016-04-01T10:58:00+05:30,17.45,17.45,17.41,17.43,
2016-04-01T10:59:00+05:30,17.43,17.43,17.4,17.41,
2016-04-01T11:00:00+05:30,17.4,17.41,17.39,17.4,
2016-04-01T11:01:00+05:30,17.4,17.4,17.35,17.36,
2016-04-01T11:02:00+05:30,17.36,17.41,17.36,17.4,
2016-04-01T11:03:00+05:30,17.4,17.42,17.4,17.42,
2016-04-01T11:04:00+05:30,17.42,17.44,17.4,17.4,
2016-04-01T11:05:00+05:30,17.42,17.42,17.38,17.41,
2016-04-01T11:06:00+05:30,17.42,17.42,17.38,17.4,
2016-04-01T11:07:00+05:30,17.4,17.41,17.38,17.39,
2016-04-01T11:08:00+05:30,17.39,17.42,17.39,17.4,
2016-04-01T11:09:00+05:30,17.41,17.41,17.36,17.36,
2016-04-01T11:10:00+05:30,17.37,17.4,17.36,17.38,
2016-04-01T11:11:00+05:30,17.37,17.38,17.36,17.38,
2016-04-01T11:12:00+05:30,17.38,17.42,17.36,17.41,
2016-04-01T11:13:00+05:30,17.4,17.44,17.39,17.42,
2016-04-01T11:14:00+05:30,17.41,17.42,17.39,17.4,
2016-04-01T11:15:00+05:30,17.4,17.44,17.39,17.42,
2016-04-01T11:16:00+05:30,17.42,17.43,17.36,17.37,
2016-04-01T11:17:00+05:30,17.37,17.41,17.37,17.4,
2016-04-01T11:18:00+05:30,17.4,17.45,17.39,17.43,
2016-04-01T11:19:00+05:30,17.43,17.43,17.4,17.4,
2016-04-01T11:20:00+05:30,17.41,17.41,17.35,17.4,
2016-04-01T11:21:00+05:30,17.4,17.43,17.38,17.41,
2016-04-01T11:22:00+05:30,17.4,17.41,17.36,17.38,
2016-04-01T11:23:00+05:30,17.39,17.39,17.35,17.38,
2016-04-01T11:24:00+05:30,17.38,17.42,17.38,17.41,
2016-04-01T11:25:00+05:30,17.41,17.44,17.41,17.43,
2016-04-01T11:26:00+05:30,17.42,17.44,17.39,17.44,
2016-04-01T11:27:00+05:30,17.44,17.44,17.4,17.42,
2016-04-01T11:28:00+05:30,17.42,17.43,17.38,17.4,
2016-04-01T11:29:00+05:30,17.4,17.42,17.39,17.42,
2016-04-01T11:30:00+05:30,17.42,17.45,17.41,17.43,
2016-04-01T11:31:00+05:30,17.43,17.44,17.41,17.43,
2016-04-01T11:32:00+05:30,17.43,17.44,17.41,17.42,
2016-04-01T11:33:00+05:30,17.42,17.43,17.34,17.4,
2016-04-01T11:34:00+05:30,17.4,17.45,17.4,17.43,
2016-04-01T11:35:00+05:30,17.44,17.44,17.38,17.44,
2016-04-01T11:36:00+05:30,17.45,17.45,17.41,17.42,
2016-04-01T11:37:00+05:30,17.42,17.49,17.42,17.42,
2016-04-01T11:38:00+05:30,17.43,17.44,17.41,17.43,
2016-04-01T11:39:00+05:30,17.45,17.48,17.42,17.44,
2016-04-01T11:40:00+05:30,17.44,17.48,17.42,17.43,
2016-04-01T11:41:00+05:30,17.43,17.44,17.4,17.42,
2016-04-01T11:42:00+05:30,17.42,17.43,17.36,17.43,
2016-04-01T11:43:00+05:30,17.42,17.44,17.41,17.41,
2016-04-01T11:44:00+05:30,17.41,17.43,17.39,17.42,
2016-04-01T11:45:00+05:30,17.43,17.43,17.4,17.42,
2016-04-01T11:46:00+05:30,17.35,17.41,17.34,17.34,
2016-04-01T11:47:00+05:30,17.34,17.36,17.3,17.31,
2016-04-01T11:48:00+05:30,17.31,17.39,17.31,17.38,
2016-04-01T11:49:00+05:30,17.37,17.39,17.35,17.36,
2016-04-01T11:50:00+05:30,17.37,17.37,17.33,17.37,
2016-04-01T11:51:00+05:30,17.37,17.38,17.3,17.35,
2016-04-01T11:52:00+05:30,17.34,17.35,17.26,17.35,
2016-04-01T11:53:00+05:30,17.35,17.36,17.31,17.32,
2016-04-01T11:54:00+05:30,17.32,17.34,17.3,17.33,
2016-04-01T11:55:00+05:30,17.33,17.35,17.3,17.34,
2016-04-01T11:56:00+05:30,17.33,17.34,17.31,17.31,
2016-04-01T11:57:00+05:30,17.33,17.36,17.31,17.36,
2016-04-01T11:58:00+05:30,17.36,17.36,17.32,17.34,
2016-04-01T11:59:00+05:30,17.34,17.37,17.34,17.35,
2016-04-01T12:00:00+05:30,17.35,17.36,17.34,17.34,
2016-04-01T12:01:00+05:30,17.34,17.36,17.33,17.33,
2016-04-01T12:02:00+05:30,17.34,17.35,17.32,17.34,
2016-04-01T12:03:00+05:30,17.34,17.36,17.33,17.34,
2016-04-01T12:04:00+05:30,17.34,17.34,17.32,17.32,
2016-04-01T12:05:00+05:30,17.32,17.39,17.32,17.39,
2016-04-01T12:06:00+05:30,17.38,17.39,17.37,17.38,
2016-04-01T12:07:00+05:30,17.38,17.38,17.36,17.36,
2016-04-01T12:08:00+05:30,17.36,17.37,17.35,17.36,
2016-04-01T12:09:00+05:30,17.36,17.38,17.34,17.36,
2016-04-01T12:10:00+05:30,17.36,17.36,17.32,17.34,
2016-04-01T12:11:00+05:30,17.33,17.34,17.3,17.34,
2016-04-01T12:12:00+05:30,17.35,17.35,17.33,17.33,
2016-04-01T12:13:00+05:30,17.33,17.36,17.33,17.34,
2016-04-01T12:14:00+05:30,17.34,17.35,17.33,17.35,
2016-04-01T12:15:00+05:30,17.34,17.41,17.34,17.38,
2016-04-01T12:16:00+05:30,17.38,17.4,17.36,17.36,
2016-04-01T12:17:00+05:30,17.36,17.38,17.32,17.37,
2016-04-01T12:18:00+05:30,17.38,17.42,17.37,17.4,
2016-04-01T12:19:00+05:30,17.4,17.4,17.34,17.36,
2016-04-01T12:20:00+05:30,17.36,17.4,17.35,17.39,
2016-04-01T12:21:00+05:30,17.39,17.4,17.36,17.4,
2016-04-01T12:22:00+05:30,17.4,17.43,17.39,17.43,
2016-04-01T12:23:00+05:30,17.41,17.41,17.38,17.39,
2016-04-01T12:24:00+05:30,17.39,17.41,17.38,17.4,
2016-04-01T12:25:00+05:30,17.4,17.44,17.39,17.4,
2016-04-01T12:26:00+05:30,17.39,17.42,17.37,17.41,
2016-04-01T12:27:00+05:30,17.41,17.5,17.4,17.48,
2016-04-01T12:28:00+05:30,17.47,17.49,17.46,17.47,
2016-04-01T12:29:00+05:30,17.47,17.5,17.45,17.5,
2016-04-01T12:30:00+05:30,17.5,17.51,17.46,17.51,
2016-04-01T12:31:00+05:30,17.51,17.55,17.49,17.55,
2016-04-01T12:32:00+05:30,17.55,17.55,17.52,17.55,
2016-04-01T12:33:00+05:30,17.56,17.56,17.53,17.55,
2016-04-01T12:34:00+05:30,17.56,17.58,17.53,17.58,
2016-04-01T12:35:00+05:30,17.58,17.59,17.56,17.59,
2016-04-01T12:36:00+05:30,17.58,17.58,17.52,17.57,
2016-04-01T12:37:00+05:30,17.57,17.57,17.54,17.54,
2016-04-01T12:38:00+05:30,17.54,17.6,17.54,17.59,
2016-04-01T12:39:00+05:30,17.57,17.59,17.55,17.57,
2016-04-01T12:40:00+05:30,17.57,17.64,17.56,17.64,
2016-04-01T12:41:00+05:30,17.64,17.68,17.63,17.67,
2016-04-01T12:42:00+05:30,17.67,17.67,17.63,17.66,
2016-04-01T12:43:00+05:30,17.66,17.66,17.62,17.63,
2016-04-01T12:44:00+05:30,17.64,17.66,17.62,17.62,
2016-04-01T12:45:00+05:30,17.6,17.73,17.6,17.73,
2016-04-01T12:46:00+05:30,17.72,17.75,17.71,17.73,
2016-04-01T12:47:00+05:30,17.72,17.77,17.71,17.72,
2016-04-01T12:48:00+05:30,17.72,17.79,17.71,17.75,
2016-04-01T12:49:00+05:30,17.75,17.76,17.73,17.74,
2016-04-01T12:50:00+05:30,17.75,17.78,17.74,17.74,
2016-04-01T12:51:00+05:30,17.74,17.75,17.68,17.7,
2016-04-01T12:52:00+05:30,17.7,17.79,17.7,17.78,
2016-04-01T12:53:00+05:30,17.78,17.86,17.78,17.86,
2016-04-01T12:54:00+05:30,17.85,17.86,17.76,17.76,
2016-04-01T12:55:00+05:30,17.77,17.85,17.77,17.78,
2016-04-01T12:56:00+05:30,17.78,17.79,17.75,17.77,
2016-04-01T12:57:00+05:30,17.79,17.79,17.73,17.76,
2016-04-01T12:58:00+05:30,17.78,17.81,17.77,17.81,
2016-04-01T12:59:00+05:30,17.81,17.84,17.79,17.81,
2016-04-01T13:00:00+05:30,17.81,17.86,17.8,17.86,
2016-04-01T13:01:00+05:30,17.85,17.87,17.83,17.84,
2016-04-01T13:02:00+05:30,17.84,17.88,17.84,17.87,
2016-04-01T13:03:00+05:30,17.87,17.89,17.84,17.88,
2016-04-01T13:04:00+05:30,17.88,17.9,17.83,17.83,
2016-04-01T13:05:00+05:30,17.83,17.87,17.83,17.87,
2016-04-01T13:06:00+05:30,17.87,17.89,17.84,17.84,
2016-04-01T13:07:00+05:30,17.84,17.87,17.82,17.83,
2016-04-01T13:08:00+05:30,17.83,17.84,17.76,17.79,
2016-04-01T13:09:00+05:30,17.78,17.79,17.71,17.74,
2016-04-01T13:10:00+05:30,17.72,17.72,17.52,17.56,
2016-04-01T13:11:00+05:30,17.56,17.65,17.56,17.61,
2016-04-01T13:12:00+05:30,17.61,17.66,17.6,17.64,
2016-04-01T13:13:00+05:30,17.64,17.64,17.56,17.56,
2016-04-01T13:14:00+05:30,17.56,17.6,17.53,17.56,
2016-04-01T13:15:00+05:30,17.56,17.57,17.52,17.54,
2016-04-01T13:16:00+05:30,17.53,17.62,17.52,17.6,
2016-04-01T13:17:00+05:30,17.6,17.65,17.6,17.63,
2016-04-01T13:18:00+05:30,17.62,17.65,17.6,17.62,
2016-04-01T13:19:00+05:30,17.61,17.61,17.55,17.61,
2016-04-01T13:20:00+05:30,17.6,17.67,17.6,17.66,
2016-04-01T13:21:00+05:30,17.66,17.69,17.66,17.69,
2016-04-01T13:22:00+05:30,17.7,17.74,17.68,17.68,
2016-04-01T13:23:00+05:30,17.69,17.75,17.69,17.75,
2016-04-01T13:24:00+05:30,17.75,17.8,17.74,17.8,
2016-04-01T13:25:00+05:30,17.79,17.87,17.78,17.84,
2016-04-01T13:26:00+05:30,17.84,17.85,17.73,17.73,
2016-04-01T13:27:00+05:30,17.73,17.84,17.72,17.84,
2016-04-01T13:28:00+05:30,17.84,17.89,17.78,17.78,
2016-04-01T13:29:00+05:30,17.77,17.78,17.72,17.78,
2016-04-01T13:30:00+05:30,17.78,17.85,17.78,17.8,
2016-04-01T13:31:00+05:30,17.81,17.85,17.74,17.74,
2016-04-01T13:32:00+05:30,17.73,17.8,17.73,17.77,
2016-04-01T13:33:00+05:30,17.77,17.77,17.74,17.77,
2016-04-01T13:34:00+05:30,17.77,17.77,17.7,17.71,
2016-04-01T13:35:00+05:30,17.72,17.74,17.69,17.72,
2016-04-01T13:36:00+05:30,17.72,17.73,17.6,17.6,
2016-04-01T13:37:00+05:30,17.59,17.64,17.59,17.64,
2016-04-01T13:38:00+05:30,17.64,17.69,17.63,17.69,
2016-04-01T13:39:00+05:30,17.69,17.69,17.63,17.67,
2016-04-01T13:40:00+05:30,17.65,17.67,17.62,17.66,
2016-04-01T13:41:00+05:30,17.66,17.7,17.65,17.7,
2016-04-01T13:42:00+05:30,17.71,17.71,17.67,17.69,
2016-04-01T13:43:00+05:30,17.69,17.73,17.63,17.66,
2016-04-01T13:44:00+05:30,17.66,17.67,17.6,17.66,
2016-04-01T13:45:00+05:30,17.66,17.68,17.64,17.67,
2016-04-01T13:46:00+05:30,17.67,17.68,17.64,17.65,
2016-04-01T13:47:00+05:30,17.64,17.66,17.62,17.63,
2016-04-01T13:48:00+05:30,17.62,17.68,17.62,17.68,
2016-04-01T13:49:00+05:30,17.68,17.73,17.68,17.72,
2016-04-01T13:50:00+05:30,17.73,17.74,17.69,17.71,
2016-04-01T13:51:00+05:30,17.71,17.72,17.69,17.71,
2016-04-01T13:52:00+05:30,17.69,17.7,17.65,17.67,
2016-04-01T13:53:00+05:30,17.67,17.67,17.63,17.65,
2016-04-01T13:54:00+05:30,17.65,17.71,17.65,17.68,
2016-04-01T13:55:00+05:30,17.68,17.72,17.66,17.68,
2016-04-01T13:56:00+05:30,17.68,17.69,17.6,17.64,
2016-04-01T13:57:00+05:30,17.64,17.68,17.62,17.66,
2016-04-01T13:58:00+05:30,17.66,17.67,17.42,17.44,
2016-04-01T13:59:00+05:30,17.44,17.44,17.37,17.42,
2016-04-01T14:00:00+05:30,17.42,17.5,17.42,17.45,
2016-04-01T14:01:00+05:30,17.46,17.46,17.32,17.36,
2016-04-01T14:02:00+05:30,17.36,17.39,17.31,17.37,
2016-04-01T14:03:00+05:30,17.37,17.39,17.35,17.35,
2016-04-01T14:04:00+05:30,17.36,17.38,17.31,17.38,
2016-04-01T14:05:00+05:30,17.38,17.43,17.35,17.41,
2016-04-01T14:06:00+05:30,17.41,17.41,17.33,17.38,
2016-04-01T14:07:00+05:30,17.38,17.4,17.36,17.38,
2016-04-01T14:08:00+05:30,17.39,17.39,17.3,17.31,
2016-04-01T14:09:00+05:30,17.3,17.31,17.24,17.26,
2016-04-01T14:10:00+05:30,17.25,17.25,17.15,17.19,
2016-04-01T14:11:00+05:30,17.2,17.22,17.19,17.22,
2016-04-01T14:12:00+05:30,17.23,17.24,17.21,17.23,
2016-04-01T14:13:00+05:30,17.23,17.39,17.23,17.37,
2016-04-01T14:14:00+05:30,17.37,17.41,17.34,17.39,
2016-04-01T14:15:00+05:30,17.39,17.42,17.34,17.34,
2016-04-01T14:16:00+05:30,17.34,17.38,17.32,17.34,
2016-04-01T14:17:00+05:30,17.34,17.4,17.34,17.37,
2016-04-01T14:18:00+05:30,17.37,17.38,17.34,17.35,
2016-04-01T14:19:00+05:30,17.35,17.38,17.35,17.35,
2016-04-01T14:20:00+05:30,17.35,17.39,17.35,17.39,
2016-04-01T14:21:00+05:30,17.39,17.41,17.36,17.39,
2016-04-01T14:22:00+05:30,17.38,17.43,17.38,17.42,
2016-04-01T14:23:00+05:30,17.41,17.43,17.4,17.43,
2016-04-01T14:24:00+05:30,17.43,17.43,17.4,17.43,
2016-04-01T14:25:00+05:30,17.46,17.49,17.44,17.49,
2016-04-01T14:26:00+05:30,17.48,17.5,17.45,17.49,
2016-04-01T14:27:00+05:30,17.49,17.51,17.47,17.48,
2016-04-01T14:28:00+05:30,17.48,17.53,17.47,17.52,
2016-04-01T14:29:00+05:30,17.51,17.52,17.44,17.44,
2016-04-01T14:30:00+05:30,17.45,17.48,17.39,17.41,
2016-04-01T14:31:00+05:30,17.4,17.45,17.34,17.34,
2016-04-01T14:32:00+05:30,17.34,17.44,17.34,17.4,
2016-04-01T14:33:00+05:30,17.41,17.41,17.34,17.35,
2016-04-01T14:34:00+05:30,17.35,17.36,17.31,17.36,
2016-04-01T14:35:00+05:30,17.35,17.39,17.34,17.37,
2016-04-01T14:36:00+05:30,17.37,17.4,17.34,17.34,
2016-04-01T14:37:00+05:30,17.34,17.36,17.3,17.35,
2016-04-01T14:38:00+05:30,17.34,17.36,17.3,17.36,
2016-04-01T14:39:00+05:30,17.36,17.39,17.36,17.37,
2016-04-01T14:40:00+05:30,17.37,17.44,17.37,17.43,
2016-04-01T14:41:00+05:30,17.42,17.42,17.33,17.35,
2016-04-01T14:42:00+05:30,17.37,17.38,17.36,17.38,
2016-04-01T14:43:00+05:30,17.38,17.41,17.37,17.38,
2016-04-01T14:44:00+05:30,17.38,17.46,17.38,17.43,
2016-04-01T14:45:00+05:30,17.44,17.44,17.38,17.41,
2016-04-01T14:46:00+05:30,17.41,17.44,17.38,17.39,
2016-04-01T14:47:00+05:30,17.39,17.4,17.37,17.4,
2016-04-01T14:48:00+05:30,17.4,17.44,17.39,17.41,
2016-04-01T14:49:00+05:30,17.42,17.43,17.4,17.4,
2016-04-01T14:50:00+05:30,17.4,17.41,17.37,17.41,
2016-04-01T14:51:00+05:30,17.42,17.43,17.35,17.36,
2016-04-01T14:52:00+05:30,17.36,17.38,17.34,17.34,
2016-04-01T14:53:00+05:30,17.35,17.37,17.31,17.33,
2016-04-01T14:54:00+05:30,17.34,17.36,17.33,17.35,
2016-04-01T14:55:00+05:30,17.36,17.4,17.36,17.39,
2016-04-01T14:56:00+05:30,17.38,17.41,17.37,17.38,
2016-04-01T14:57:00+05:30,17.4,17.47,17.39,17.45,
2016-04-01T14:58:00+05:30,17.46,17.46,17.39,17.42,
2016-04-01T14:59:00+05:30,17.42,17.47,17.41,17.45,
2016-04-01T15:00:00+05:30,17.45,17.46,17.4,17.44,
2016-04-01T15:01:00+05:30,17.45,17.45,17.42,17.45,
2016-04-01T15:02:00+05:30,17.45,17.45,17.38,17.4,
2016-04-01T15:03:00+05:30,17.4,17.42,17.36,17.36,
2016-04-01T15:04:00+05:30,17.36,17.39,17.34,17.36,
2016-04-01T15:05:00+05:30,17.36,17.37,17.32,17.35,
2016-04-01T15:06:00+05:30,17.35,17.38,17.34,17.34,
2016-04-01T15:07:00+05:30,17.34,17.37,17.33,17.33,
2016-04-01T15:08:00+05:30,17.33,17.36,17.32,17.35,
2016-04-01T15:09:00+05:30,17.35,17.38,17.34,17.36,
2016-04-01T15:10:00+05:30,17.37,17.38,17.34,17.34,
2016-04-01T15:11:00+05:30,17.33,17.34,17.31,17.32,
2016-04-01T15:12:00+05:30,17.32,17.33,17.3,17.32,
2016-04-01T15:13:00+05:30,17.32,17.32,17.29,17.31,
2016-04-01T15:14:00+05:30,17.31,17.35,17.31,17.33,
2016-04-01T15:15:00+05:30,17.34,17.35,17.28,17.29,
2016-04-01T15:16:00+05:30,17.29,17.3,17.17,17.18,
2016-04-01T15:17:00+05:30,17.19,17.21,17.18,17.21,
2016-04-01T15:18:00+05:30,17.21,17.26,17.2,17.24,
2016-04-01T15:19:00+05:30,17.25,17.25,17.19,17.21,
2016-04-01T15:20:00+05:30,17.21,17.22,17.18,17.18,
2016-04-01T15:21:00+05:30,17.16,17.16,17.06,17.1,
2016-04-01T15:22:00+05:30,17.11,17.17,17.1,17.14,
2016-04-01T15:23:00+05:30,17.14,17.2,17.14,17.17,
2016-04-01T15:24:00+05:30,17.17,17.19,17.15,17.19,
2016-04-01T15:25:00+05:30,17.19,17.22,17.18,17.19,
2016-04-01T15:26:00+05:30,17.18,17.19,17.14,17.19,
2016-04-01T15:27:00+05:30,17.19,17.26,17.17,17.23,
2016-04-01T15:28:00+05:30,17.23,17.25,17.2,17.21,
2016-04-01T15:29:00+05:30,17.21,17.24,17.15,17.15,
2016-04-04T09:15:00+05:30,17.28,17.28,16.23,17.08,
2016-04-04T09:16:00+05:30,17.07,17.4,17.04,17.34,
2016-04-04T09:17:00+05:30,17.34,17.41,17.34,17.36,
2016-04-04T09:18:00+05:30,17.36,17.42,17.36,17.42,
2016-04-04T09:19:00+05:30,17.42,17.45,17.39,17.45,
2016-04-04T09:20:00+05:30,17.45,17.48,17.43,17.46,
2016-04-04T09:21:00+05:30,17.46,17.56,17.46,17.56,
2016-04-04T09:22:00+05:30,17.57,17.67,17.56,17.66,
2016-04-04T09:23:00+05:30,17.66,17.7,17.65,17.68,
2016-04-04T09:24:00+05:30,17.68,17.71,17.67,17.68,
2016-04-04T09:25:00+05:30,17.67,17.69,17.64,17.65,
2016-04-04T09:26:00+05:30,17.65,17.68,17.64,17.66,
2016-04-04T09:27:00+05:30,17.67,17.67,17.61,17.65,
2016-04-04T09:28:00+05:30,17.65,17.7,17.65,17.68,
2016-04-04T09:29:00+05:30,17.68,17.7,17.68,17.69,
2016-04-04T09:30:00+05:30,17.7,17.73,17.69,17.69,
2016-04-04T09:31:00+05:30,17.69,17.72,17.66,17.72,
2016-04-04T09:32:00+05:30,17.72,17.73,17.7,17.7,
2016-04-04T09:33:00+05:30,17.69,17.76,17.69,17.75,
2016-04-04T09:34:00+05:30,17.75,17.76,17.64,17.72,
2016-04-04T09:35:00+05:30,17.73,17.73,17.68,17.69,
2016-04-04T09:36:00+05:30,17.7,17.75,17.69,17.75,
2016-04-04T09:37:00+05:30,17.76,17.79,17.75,17.79,
2016-04-04T09:38:00+05:30,17.8,17.84,17.67,17.8,
2016-04-04T09:39:00+05:30,17.8,17.85,17.79,17.82,
2016-04-04T09:40:00+05:30,17.82,17.85,17.8,17.85,
2016-04-04T09:41:00+05:30,17.85,17.85,17.83,17.84,
2016-04-04T09:42:00+05:30,17.84,17.87,17.78,17.78,
2016-04-04T09:43:00+05:30,17.78,17.79,17.76,17.76,
2016-04-04T09:44:00+05:30,17.75,17.83,17.73,17.79,
2016-04-04T09:45:00+05:30,17.78,17.8,17.77,17.78,
2016-04-04T09:46:00+05:30,17.78,17.85,17.78,17.84,
2016-04-04T09:47:00+05:30,17.85,17.85,17.79,17.83,
2016-04-04T09:48:00+05:30,17.83,17.86,17.8,17.85,
2016-04-04T09:49:00+05:30,17.81,17.88,17.8,17.88,
2016-04-04T09:50:00+05:30,17.9,17.9,17.87,17.87,
2016-04-04T09:51:00+05:30,17.86,17.87,17.83,17.86,
2016-04-04T09:52:00+05:30,17.86,17.92,17.86,17.89,
2016-04-04T09:53:00+05:30,17.89,17.93,17.88,17.93,
2016-04-04T09:54:00+05:30,17.93,17.95,17.92,17.93,
2016-04-04T09:55:00+05:30,17.93,17.94,17.87,17.88,
2016-04-04T09:56:00+05:30,17.87,17.9,17.86,17.9,
2016-04-04T09:57:00+05:30,17.89,17.91,17.88,17.88,
2016-04-04T09:58:00+05:30,17.88,17.9,17.88,17.89,
2016-04-04T09:59:00+05:30,17.89,17.91,17.87,17.89,
2016-04-04T10:00:00+05:30,17.89,17.91,17.89,17.9,
2016-04-04T10:01:00+05:30,17.9,17.91,17.85,17.89,
2016-04-04T10:02:00+05:30,17.88,17.91,17.87,17.91,
2016-04-04T10:03:00+05:30,17.91,17.91,17.83,17.83,
2016-04-04T10:04:00+05:30,17.84,17.85,17.81,17.83,
2016-04-04T10:05:00+05:30,17.83,17.83,17.8,17.82,
2016-04-04T10:06:00+05:30,17.82,17.83,17.81,17.81,
2016-04-04T10:07:00+05:30,17.81,17.86,17.81,17.83,
2016-04-04T10:08:00+05:30,17.83,17.83,17.8,17.8,
2016-04-04T10:09:00+05:30,17.8,17.83,17.75,17.81,
2016-04-04T10:10:00+05:30,17.82,17.86,17.81,17.86,
2016-04-04T10:11:00+05:30,17.86,17.89,17.86,17.87,
2016-04-04T10:12:00+05:30,17.87,17.87,17.85,17.86,
2016-04-04T10:13:00+05:30,17.86,17.9,17.86,17.89,
2016-04-04T10:14:00+05:30,17.89,17.89,17.85,17.88,
2016-04-04T10:15:00+05:30,17.88,17.89,17.87,17.88,
2016-04-04T10:16:00+05:30,17.87,17.89,17.86,17.89,
2016-04-04T10:17:00+05:30,17.88,17.89,17.87,17.87,
2016-04-04T10:18:00+05:30,17.88,17.91,17.84,17.84,
2016-04-04T10:19:00+05:30,17.84,17.87,17.84,17.87,
2016-04-04T10:20:00+05:30,17.87,17.88,17.85,17.86,
2016-04-04T10:21:00+05:30,17.86,17.87,17.84,17.85,
2016-04-04T10:22:00+05:30,17.85,17.85,17.83,17.83,
2016-04-04T10:23:00+05:30,17.84,17.87,17.84,17.87,
2016-04-04T10:24:00+05:30,17.87,17.88,17.87,17.87,
2016-04-04T10:25:00+05:30,17.87,17.89,17.85,17.86,
2016-04-04T10:26:00+05:30,17.87,17.93,17.86,17.93,
2016-04-04T10:27:00+05:30,17.93,17.95,17.92,17.94,
2016-04-04T10:28:00+05:30,17.95,17.98,17.94,17.95,
2016-04-04T10:29:00+05:30,17.96,17.96,17.94,17.96,
2016-04-04T10:30:00+05:30,17.96,17.96,17.93,17.96,
2016-04-04T10:31:00+05:30,17.97,17.99,17.89,17.9,
2016-04-04T10:32:00+05:30,17.9,17.91,17.88,17.89,
2016-04-04T10:33:00+05:30,17.89,17.9,17.88,17.88,
2016-04-04T10:34:00+05:30,17.88,17.9,17.87,17.89,
2016-04-04T10:35:00+05:30,17.9,17.96,17.89,17.95,
2016-04-04T10:36:00+05:30,17.95,17.95,17.93,17.94,
2016-04-04T10:37:00+05:30,17.93,17.95,17.92,17.94,
2016-04-04T10:38:00+05:30,17.94,18.09,17.94,18.09,
2016-04-04T10:39:00+05:30,18.09,18.12,18.07,18.08,
2016-04-04T10:40:00+05:30,18.08,18.09,18.05,18.08,
2016-04-04T10:41:00+05:30,18.08,18.09,18.06,18.07,
2016-04-04T10:42:00+05:30,18.07,18.1,18.07,18.07,
2016-04-04T10:43:00+05:30,18.08,18.13,18.07,18.13,
2016-04-04T10:44:00+05:30,18.14,18.17,18.11,18.11,
2016-04-04T10:45:00+05:30,18.1,18.13,18.1,18.11,
2016-04-04T10:46:00+05:30,18.11,18.12,18.1,18.1,
2016-04-04T10:47:00+05:30,18.1,18.1,18.03,18.03,
2016-04-04T10:48:00+05:30,18.02,18.08,18.01,18.08,
2016-04-04T10:49:00+05:30,18.08,18.1,18.06,18.09,
2016-04-04T10:50:00+05:30,18.1,18.11,18.08,18.11,
2016-04-04T10:51:00+05:30,18.11,18.11,18.08,18.09,
2016-04-04T10:52:00+05:30,18.08,18.08,18.04,18.05,
2016-04-04T10:53:00+05:30,18.05,18.07,18.04,18.04,
2016-04-04T10:54:00+05:30,18.04,18.07,18.04,18.05,
2016-04-04T10:55:00+05:30,18.05,18.07,18.02,18.03,
2016-04-04T10:56:00+05:30,18.03,18.03,17.99,17.99,
2016-04-04T10:57:00+05:30,17.99,18.06,17.99,18.05,
2016-04-04T10:58:00+05:30,18.05,18.07,18.05,18.06,
2016-04-04T10:59:00+05:30,18.07,18.07,18.02,18.04,
2016-04-04T11:00:00+05:30,18.04,18.05,18.01,18.01,
2016-04-04T11:01:00+05:30,18.01,18.01,17.98,17.98,
2016-04-04T11:02:00+05:30,17.98,18,17.97,17.98,
2016-04-04T11:03:00+05:30,17.97,18.03,17.97,18.01,
2016-04-04T11:04:00+05:30,18.01,18.03,18,18.01,
2016-04-04T11:05:00+05:30,18.02,18.03,18,18.01,
2016-04-04T11:06:00+05:30,18.01,18.02,18.01,18.02,
2016-04-04T11:07:00+05:30,18.02,18.06,18.02,18.05,
2016-04-04T11:08:00+05:30,18.05,18.06,18.03,18.04,
2016-04-04T11:09:00+05:30,18.04,18.06,18.04,18.05,
2016-04-04T11:10:00+05:30,18.05,18.05,17.99,18,
2016-04-04T11:11:00+05:30,18,18.02,17.97,18,
2016-04-04T11:12:00+05:30,18,18.03,17.99,17.99,
2016-04-04T11:13:00+05:30,18,18.04,17.99,18.03,
2016-04-04T11:14:00+05:30,18.03,18.04,18.02,18.04,
2016-04-04T11:15:00+05:30,18.04,18.05,18.03,18.04,
2016-04-04T11:16:00+05:30,18.04,18.04,17.99,18.01,
2016-04-04T11:17:00+05:30,18.01,18.02,18,18.01,
2016-04-04T11:18:00+05:30,18.01,18.04,18,18.01,
2016-04-04T11:19:00+05:30,18.01,18.01,17.98,17.98,
2016-04-04T11:20:00+05:30,17.98,17.98,17.94,17.95,
2016-04-04T11:21:00+05:30,17.94,17.96,17.94,17.95,
2016-04-04T11:22:00+05:30,17.95,17.98,17.94,17.98,
2016-04-04T11:23:00+05:30,17.97,17.98,17.96,17.97,
2016-04-04T11:24:00+05:30,17.97,17.99,17.96,17.99,
2016-04-04T11:25:00+05:30,17.99,18,17.98,18,
2016-04-04T11:26:00+05:30,18,18.01,17.97,17.98,
2016-04-04T11:27:00+05:30,17.98,18,17.97,17.97,
2016-04-04T11:28:00+05:30,17.97,18,17.97,18,
2016-04-04T11:29:00+05:30,17.99,18.01,17.98,18.01,
2016-04-04T11:30:00+05:30,18.01,18.01,17.93,17.94,
2016-04-04T11:31:00+05:30,17.94,17.97,17.94,17.96,
2016-04-04T11:32:00+05:30,17.96,17.99,17.95,17.96,
2016-04-04T11:33:00+05:30,17.96,17.97,17.95,17.97,
2016-04-04T11:34:00+05:30,17.97,17.98,17.96,17.97,
2016-04-04T11:35:00+05:30,17.96,17.99,17.95,17.99,
2016-04-04T11:36:00+05:30,17.99,17.99,17.97,17.98,
2016-04-04T11:37:00+05:30,17.98,18,17.98,17.99,
2016-04-04T11:38:00+05:30,18,18.03,17.99,18.03,
2016-04-04T11:39:00+05:30,18.02,18.03,17.98,18.02,
2016-04-04T11:40:00+05:30,18.02,18.03,18.01,18.02,
2016-04-04T11:41:00+05:30,18.02,18.06,18.02,18.06,
2016-04-04T11:42:00+05:30,18.06,18.06,18.02,18.02,
2016-04-04T11:43:00+05:30,18.02,18.07,18.02,18.07,
2016-04-04T11:44:00+05:30,18.07,18.07,18.04,18.04,
2016-04-04T11:45:00+05:30,18.04,18.04,18.02,18.02,
2016-04-04T11:46:00+05:30,18.02,18.03,18,18.01,
2016-04-04T11:47:00+05:30,18.01,18.02,18,18,
2016-04-04T11:48:00+05:30,18,18.02,18,18.01,
2016-04-04T11:49:00+05:30,18.01,18.03,18.01,18.02,
2016-04-04T11:50:00+05:30,18.02,18.05,18.02,18.05,
2016-04-04T11:51:00+05:30,18.05,18.08,18.05,18.08,
2016-04-04T11:52:00+05:30,18.08,18.08,18.06,18.07,
2016-04-04T11:53:00+05:30,18.07,18.09,18.05,18.08,
2016-04-04T11:54:00+05:30,18.08,18.08,18.05,18.05,
2016-04-04T11:55:00+05:30,18.05,18.08,18.05,18.08,
2016-04-04T11:56:00+05:30,18.07,18.09,18.07,18.07,
2016-04-04T11:57:00+05:30,18.07,18.08,18.05,18.08,
2016-04-04T11:58:00+05:30,18.08,18.1,18.06,18.07,
2016-04-04T11:59:00+05:30,18.08,18.08,18.05,18.05,
2016-04-04T12:00:00+05:30,18.05,18.06,18.03,18.03,
2016-04-04T12:01:00+05:30,18.03,18.04,18,18,
2016-04-04T12:02:00+05:30,18.01,18.01,17.97,17.97,
2016-04-04T12:03:00+05:30,17.98,18.03,17.97,18.03,
2016-04-04T12:04:00+05:30,18.03,18.03,18.01,18.01,
2016-04-04T12:05:00+05:30,18.01,18.02,18,18.02,
2016-04-04T12:06:00+05:30,18.02,18.02,17.98,17.99,
2016-04-04T12:07:00+05:30,17.99,18,17.99,17.99,
2016-04-04T12:08:00+05:30,17.98,18.01,17.98,18.01,
2016-04-04T12:09:00+05:30,18.01,18.02,17.99,18.02,
2016-04-04T12:10:00+05:30,18.01,18.03,18,18.02,
2016-04-04T12:11:00+05:30,18.02,18.02,18,18,
2016-04-04T12:12:00+05:30,18.01,18.02,18,18.01,
2016-04-04T12:13:00+05:30,18.01,18.02,17.99,18.01,
2016-04-04T12:14:00+05:30,18.01,18.03,17.99,18.01,
2016-04-04T12:15:00+05:30,18.01,18.02,17.99,18,
2016-04-04T12:16:00+05:30,18,18,17.96,17.97,
2016-04-04T12:17:00+05:30,17.97,17.98,17.94,17.94,
2016-04-04T12:18:00+05:30,17.95,17.99,17.94,17.99,
2016-04-04T12:19:00+05:30,17.99,18.02,17.99,18.01,
2016-04-04T12:20:00+05:30,18.01,18.05,18.01,18.02,
2016-04-04T12:21:00+05:30,18.02,18.02,17.99,18.01,
2016-04-04T12:22:00+05:30,18.01,18.02,17.99,17.99,
2016-04-04T12:23:00+05:30,18,18.03,17.99,18.03,
2016-04-04T12:24:00+05:30,18.03,18.03,17.99,18,
2016-04-04T12:25:00+05:30,17.99,18.03,17.99,18,
2016-04-04T12:26:00+05:30,18,18.01,17.95,17.95,
2016-04-04T12:27:00+05:30,17.95,17.96,17.94,17.94,
2016-04-04T12:28:00+05:30,17.94,17.94,17.92,17.94,
2016-04-04T12:29:00+05:30,17.94,17.96,17.93,17.95,
2016-04-04T12:30:00+05:30,17.95,17.99,17.94,17.99,
2016-04-04T12:31:00+05:30,17.99,17.99,17.96,17.98,
2016-04-04T12:32:00+05:30,17.98,17.98,17.96,17.96,
2016-04-04T12:33:00+05:30,17.96,17.97,17.95,17.97,
2016-04-04T12:34:00+05:30,17.94,17.99,17.91,17.98,
2016-04-04T12:35:00+05:30,17.98,17.99,17.95,17.98,
2016-04-04T12:36:00+05:30,17.97,18,17.97,17.99,
2016-04-04T12:37:00+05:30,17.98,18.01,17.97,18,
2016-04-04T12:38:00+05:30,18,18.01,17.96,17.97,
2016-04-04T12:39:00+05:30,17.97,17.99,17.95,17.99,
2016-04-04T12:40:00+05:30,17.99,18.06,17.98,18.03,
2016-04-04T12:41:00+05:30,18.03,18.06,18.02,18.03,
2016-04-04T12:42:00+05:30,18.02,18.04,18.01,18.03,
2016-04-04T12:43:00+05:30,18.03,18.05,18.02,18.05,
2016-04-04T12:44:00+05:30,18.05,18.07,18.04,18.06,
2016-04-04T12:45:00+05:30,18.06,18.08,18.05,18.06,
2016-04-04T12:46:00+05:30,18.05,18.08,18.04,18.04,
2016-04-04T12:47:00+05:30,18.05,18.05,18,18.01,
2016-04-04T12:48:00+05:30,18.02,18.05,18,18.01,
2016-04-04T12:49:00+05:30,18,18.03,18,18.03,
2016-04-04T12:50:00+05:30,18.03,18.03,17.98,17.98,
2016-04-04T12:51:00+05:30,17.99,18.02,17.98,17.98,
2016-04-04T12:52:00+05:30,17.99,18.01,17.98,17.99,
2016-04-04T12:53:00+05:30,17.98,17.98,17.94,17.98,
2016-04-04T12:54:00+05:30,17.98,18,17.96,17.96,
2016-04-04T12:55:00+05:30,17.96,17.96,17.89,17.89,
2016-04-04T12:56:00+05:30,17.9,17.94,17.9,17.93,
2016-04-04T12:57:00+05:30,17.92,17.95,17.89,17.92,
2016-04-04T12:58:00+05:30,17.92,17.94,17.9,17.92,
2016-04-04T12:59:00+05:30,17.94,17.96,17.93,17.95,
2016-04-04T13:00:00+05:30,17.96,17.98,17.95,17.96,
2016-04-04T13:01:00+05:30,17.96,18.02,17.95,17.97,
2016-04-04T13:02:00+05:30,17.97,17.99,17.92,17.93,
2016-04-04T13:03:00+05:30,17.94,17.95,17.92,17.94,
2016-04-04T13:04:00+05:30,17.94,17.99,17.94,17.96,
2016-04-04T13:05:00+05:30,17.97,17.97,17.92,17.95,
2016-04-04T13:06:00+05:30,17.95,17.95,17.91,17.91,
2016-04-04T13:07:00+05:30,17.91,17.95,17.91,17.94,
2016-04-04T13:08:00+05:30,17.94,17.95,17.92,17.92,
2016-04-04T13:09:00+05:30,17.92,17.93,17.91,17.92,
2016-04-04T13:10:00+05:30,17.92,17.94,17.9,17.92,
2016-04-04T13:11:00+05:30,17.92,17.92,17.89,17.9,
2016-04-04T13:12:00+05:30,17.92,17.92,17.88,17.9,
2016-04-04T13:13:00+05:30,17.9,17.92,17.89,17.92,
2016-04-04T13:14:00+05:30,17.91,17.93,17.9,17.91,
2016-04-04T13:15:00+05:30,17.91,17.91,17.85,17.87,
2016-04-04T13:16:00+05:30,17.87,17.89,17.78,17.79,
2016-04-04T13:17:00+05:30,17.79,17.81,17.79,17.79,
2016-04-04T13:18:00+05:30,17.79,17.85,17.79,17.84,
2016-04-04T13:19:00+05:30,17.85,17.85,17.82,17.85,
2016-04-04T13:20:00+05:30,17.85,17.85,17.84,17.85,
2016-04-04T13:21:00+05:30,17.85,17.86,17.83,17.86,
2016-04-04T13:22:00+05:30,17.86,17.9,17.84,17.88,
2016-04-04T13:23:00+05:30,17.88,17.88,17.71,17.71,
2016-04-04T13:24:00+05:30,17.71,17.75,17.69,17.72,
2016-04-04T13:25:00+05:30,17.72,17.78,17.7,17.77,
2016-04-04T13:26:00+05:30,17.78,17.84,17.74,17.74,
2016-04-04T13:27:00+05:30,17.74,17.81,17.74,17.78,
2016-04-04T13:28:00+05:30,17.78,17.84,17.78,17.84,
2016-04-04T13:29:00+05:30,17.84,17.86,17.82,17.86,
2016-04-04T13:30:00+05:30,17.85,17.85,17.84,17.84,
2016-04-04T13:31:00+05:30,17.84,17.88,17.82,17.87,
2016-04-04T13:32:00+05:30,17.87,17.89,17.82,17.86,
2016-04-04T13:33:00+05:30,17.85,17.91,17.85,17.87,
2016-04-04T13:34:00+05:30,17.88,17.89,17.84,17.84,
2016-04-04T13:35:00+05:30,17.85,17.85,17.82,17.84,
2016-04-04T13:36:00+05:30,17.84,17.84,17.78,17.81,
2016-04-04T13:37:00+05:30,17.81,17.83,17.81,17.81,
2016-04-04T13:38:00+05:30,17.81,17.85,17.8,17.83,
2016-04-04T13:39:00+05:30,17.83,17.86,17.82,17.85,
2016-04-04T13:40:00+05:30,17.84,17.84,17.79,17.79,
2016-04-04T13:41:00+05:30,17.79,17.79,17.63,17.68,
2016-04-04T13:42:00+05:30,17.69,17.73,17.68,17.69,
2016-04-04T13:43:00+05:30,17.7,17.7,17.67,17.69,
2016-04-04T13:44:00+05:30,17.69,17.76,17.69,17.75,
2016-04-04T13:45:00+05:30,17.74,17.75,17.73,17.74,
2016-04-04T13:46:00+05:30,17.75,17.75,17.72,17.74,
2016-04-04T13:47:00+05:30,17.74,17.74,17.65,17.68,
2016-04-04T13:48:00+05:30,17.68,17.7,17.66,17.66,
2016-04-04T13:49:00+05:30,17.66,17.68,17.65,17.65,
2016-04-04T13:50:00+05:30,17.65,17.65,17.6,17.65,
2016-04-04T13:51:00+05:30,17.65,17.7,17.65,17.66,
2016-04-04T13:52:00+05:30,17.66,17.72,17.65,17.69,
2016-04-04T13:53:00+05:30,17.68,17.69,17.67,17.68,
2016-04-04T13:54:00+05:30,17.67,17.69,17.67,17.69,
2016-04-04T13:55:00+05:30,17.69,17.71,17.67,17.71,
2016-04-04T13:56:00+05:30,17.71,17.74,17.71,17.72,
2016-04-04T13:57:00+05:30,17.73,17.77,17.73,17.74,
2016-04-04T13:58:00+05:30,17.74,17.76,17.73,17.75,
2016-04-04T13:59:00+05:30,17.76,17.76,17.71,17.71,
2016-04-04T14:00:00+05:30,17.7,17.71,17.67,17.68,
2016-04-04T14:01:00+05:30,17.69,17.71,17.68,17.69,
2016-04-04T14:02:00+05:30,17.69,17.73,17.69,17.69,
2016-04-04T14:03:00+05:30,17.68,17.71,17.67,17.71,
2016-04-04T14:04:00+05:30,17.71,17.71,17.68,17.68,
2016-04-04T14:05:00+05:30,17.7,17.73,17.7,17.72,
2016-04-04T14:06:00+05:30,17.73,17.74,17.7,17.71,
2016-04-04T14:07:00+05:30,17.71,17.73,17.69,17.7,
2016-04-04T14:08:00+05:30,17.7,17.71,17.69,17.7,
2016-04-04T14:09:00+05:30,17.7,17.72,17.7,17.72,
2016-04-04T14:10:00+05:30,17.72,17.72,17.7,17.72,
2016-04-04T14:11:00+05:30,17.73,17.73,17.68,17.69,
2016-04-04T14:12:00+05:30,17.69,17.7,17.67,17.67,
2016-04-04T14:13:00+05:30,17.66,17.69,17.65,17.68,
2016-04-04T14:14:00+05:30,17.68,17.72,17.65,17.72,
2016-04-04T14:15:00+05:30,17.72,17.73,17.69,17.71,
2016-04-04T14:16:00+05:30,17.72,17.75,17.71,17.73,
2016-04-04T14:17:00+05:30,17.73,17.74,17.71,17.72,
2016-04-04T14:18:00+05:30,17.72,17.72,17.7,17.72,
2016-04-04T14:19:00+05:30,17.72,17.75,17.72,17.75,
2016-04-04T14:20:00+05:30,17.75,17.76,17.71,17.73,
2016-04-04T14:21:00+05:30,17.73,17.75,17.71,17.72,
2016-04-04T14:22:00+05:30,17.72,17.74,17.72,17.73,
2016-04-04T14:23:00+05:30,17.73,17.75,17.72,17.74,
2016-04-04T14:24:00+05:30,17.74,17.75,17.68,17.69,
2016-04-04T14:25:00+05:30,17.69,17.75,17.69,17.69,
2016-04-04T14:26:00+05:30,17.69,17.74,17.68,17.71,
2016-04-04T14:27:00+05:30,17.71,17.73,17.69,17.69,
2016-04-04T14:28:00+05:30,17.69,17.73,17.69,17.73,
2016-04-04T14:29:00+05:30,17.73,17.8,17.71,17.77,
2016-04-04T14:30:00+05:30,17.77,17.8,17.77,17.78,
2016-04-04T14:31:00+05:30,17.78,17.79,17.77,17.79,
2016-04-04T14:32:00+05:30,17.78,17.78,17.74,17.74,
2016-04-04T14:33:00+05:30,17.74,17.75,17.73,17.73,
2016-04-04T14:34:00+05:30,17.73,17.75,17.71,17.72,
2016-04-04T14:35:00+05:30,17.73,17.82,17.71,17.82,
2016-04-04T14:36:00+05:30,17.82,17.83,17.73,17.73,
2016-04-04T14:37:00+05:30,17.73,17.73,17.7,17.7,
2016-04-04T14:38:00+05:30,17.7,17.71,17.69,17.7,
2016-04-04T14:39:00+05:30,17.7,17.76,17.69,17.73,
2016-04-04T14:40:00+05:30,17.73,17.75,17.73,17.75,
2016-04-04T14:41:00+05:30,17.75,17.76,17.75,17.75,
2016-04-04T14:42:00+05:30,17.75,17.77,17.73,17.75,
2016-04-04T14:43:00+05:30,17.75,17.75,17.73,17.73,
2016-04-04T14:44:00+05:30,17.73,17.73,17.7,17.72,
2016-04-04T14:45:00+05:30,17.71,17.73,17.71,17.71,
2016-04-04T14:46:00+05:30,17.72,17.74,17.68,17.68,
2016-04-04T14:47:00+05:30,17.69,17.7,17.68,17.7,
2016-04-04T14:48:00+05:30,17.7,17.7,17.68,17.69,
2016-04-04T14:49:00+05:30,17.69,17.69,17.64,17.64,
2016-04-04T14:50:00+05:30,17.64,17.64,17.56,17.57,
2016-04-04T14:51:00+05:30,17.56,17.56,17.46,17.54,
2016-04-04T14:52:00+05:30,17.55,17.56,17.5,17.5,
2016-04-04T14:53:00+05:30,17.56,17.6,17.51,17.58,
2016-04-04T14:54:00+05:30,17.58,17.59,17.56,17.59,
2016-04-04T14:55:00+05:30,17.59,17.6,17.5,17.6,
2016-04-04T14:56:00+05:30,17.6,17.6,17.55,17.55,
2016-04-04T14:57:00+05:30,17.56,17.65,17.55,17.63,
2016-04-04T14:58:00+05:30,17.63,17.64,17.56,17.57,
2016-04-04T14:59:00+05:30,17.57,17.6,17.54,17.54,
2016-04-04T15:00:00+05:30,17.55,17.56,17.5,17.53,
2016-04-04T15:01:00+05:30,17.53,17.53,17.47,17.49,
2016-04-04T15:02:00+05:30,17.49,17.5,17.47,17.48,
2016-04-04T15:03:00+05:30,17.47,17.5,17.47,17.49,
2016-04-04T15:04:00+05:30,17.49,17.54,17.43,17.5,
2016-04-04T15:05:00+05:30,17.5,17.52,17.48,17.48,
2016-04-04T15:06:00+05:30,17.48,17.5,17.46,17.47,
2016-04-04T15:07:00+05:30,17.46,17.48,17.46,17.47,
2016-04-04T15:08:00+05:30,17.48,17.49,17.45,17.46,
2016-04-04T15:09:00+05:30,17.46,17.48,17.46,17.48,
2016-04-04T15:10:00+05:30,17.48,17.49,17.47,17.47,
2016-04-04T15:11:00+05:30,17.47,17.49,17.47,17.48,
2016-04-04T15:12:00+05:30,17.48,17.49,17.47,17.48,
2016-04-04T15:13:00+05:30,17.47,17.49,17.46,17.48,
2016-04-04T15:14:00+05:30,17.48,17.48,17.45,17.46,
2016-04-04T15:15:00+05:30,17.46,17.46,17.37,17.4,
2016-04-04T15:16:00+05:30,17.4,17.43,17.36,17.42,
2016-04-04T15:17:00+05:30,17.42,17.45,17.37,17.45,
2016-04-04T15:18:00+05:30,17.45,17.46,17.41,17.42,
2016-04-04T15:19:00+05:30,17.42,17.45,17.41,17.43,
2016-04-04T15:20:00+05:30,17.44,17.45,17.42,17.45,
2016-04-04T15:21:00+05:30,17.46,17.46,17.42,17.43,
2016-04-04T15:22:00+05:30,17.43,17.43,17.42,17.43,
2016-04-04T15:23:00+05:30,17.43,17.43,17.41,17.41,
2016-04-04T15:24:00+05:30,17.41,17.42,17.4,17.4,
2016-04-04T15:25:00+05:30,17.4,17.41,17.38,17.41,
2016-04-04T15:26:00+05:30,17.41,17.42,17.41,17.41,
2016-04-04T15:27:00+05:30,17.41,17.43,17.41,17.42,
2016-04-04T15:28:00+05:30,17.42,17.44,17.41,17.44,
2016-04-04T15:29:00+05:30,17.44,17.45,17.39,17.4,
2016-04-05T09:15:00+05:30,17.45,17.45,16.89,17,
2016-04-05T09:16:00+05:30,17.23,17.44,17.23,17.42,
2016-04-05T09:17:00+05:30,17.41,17.48,17.37,17.42,
2016-04-05T09:18:00+05:30,17.42,17.43,17.39,17.42,
2016-04-05T09:19:00+05:30,17.42,17.48,17.42,17.44,
2016-04-05T09:20:00+05:30,17.44,17.48,17.4,17.45,
2016-04-05T09:21:00+05:30,17.44,17.48,17.44,17.47,
2016-04-05T09:22:00+05:30,17.47,17.54,17.44,17.52,
2016-04-05T09:23:00+05:30,17.53,17.56,17.51,17.55,
2016-04-05T09:24:00+05:30,17.55,17.55,17.52,17.54,
2016-04-05T09:25:00+05:30,17.54,17.56,17.53,17.55,
2016-04-05T09:26:00+05:30,17.54,17.55,17.49,17.5,
2016-04-05T09:27:00+05:30,17.51,17.56,17.51,17.55,
2016-04-05T09:28:00+05:30,17.55,17.56,17.54,17.55,
2016-04-05T09:29:00+05:30,17.55,17.55,17.54,17.54,
2016-04-05T09:30:00+05:30,17.54,17.55,17.53,17.55,
2016-04-05T09:31:00+05:30,17.55,17.56,17.53,17.53,
2016-04-05T09:32:00+05:30,17.54,17.57,17.54,17.55,
2016-04-05T09:33:00+05:30,17.56,17.56,17.53,17.53,
2016-04-05T09:34:00+05:30,17.54,17.57,17.54,17.57,
2016-04-05T09:35:00+05:30,17.56,17.57,17.55,17.55,
2016-04-05T09:36:00+05:30,17.55,17.56,17.53,17.53,
2016-04-05T09:37:00+05:30,17.54,17.55,17.51,17.54,
2016-04-05T09:38:00+05:30,17.54,17.56,17.52,17.55,
2016-04-05T09:39:00+05:30,17.54,17.55,17.51,17.53,
2016-04-05T09:40:00+05:30,17.51,17.54,17.51,17.54,
2016-04-05T09:41:00+05:30,17.54,17.56,17.51,17.53,
2016-04-05T09:42:00+05:30,17.53,17.54,17.51,17.53,
2016-04-05T09:43:00+05:30,17.54,17.54,17.5,17.51,
2016-04-05T09:44:00+05:30,17.51,17.54,17.51,17.53,
2016-04-05T09:45:00+05:30,17.54,17.54,17.49,17.53,
2016-04-05T09:46:00+05:30,17.53,17.54,17.5,17.5,
2016-04-05T09:47:00+05:30,17.51,17.51,17.49,17.5,
2016-04-05T09:48:00+05:30,17.5,17.51,17.46,17.49,
2016-04-05T09:49:00+05:30,17.49,17.56,17.47,17.55,
2016-04-05T09:50:00+05:30,17.55,17.59,17.54,17.56,
2016-04-05T09:51:00+05:30,17.56,17.57,17.53,17.54,
2016-04-05T09:52:00+05:30,17.55,17.56,17.53,17.53,
2016-04-05T09:53:00+05:30,17.52,17.55,17.51,17.51,
2016-04-05T09:54:00+05:30,17.51,17.51,17.49,17.5,
2016-04-05T09:55:00+05:30,17.51,17.54,17.51,17.52,
2016-04-05T09:56:00+05:30,17.53,17.53,17.51,17.51,
2016-04-05T09:57:00+05:30,17.51,17.57,17.51,17.56,
2016-04-05T09:58:00+05:30,17.56,17.58,17.56,17.57,
2016-04-05T09:59:00+05:30,17.57,17.57,17.55,17.57,
2016-04-05T10:00:00+05:30,17.57,17.58,17.56,17.57,
2016-04-05T10:01:00+05:30,17.57,17.59,17.56,17.58,
2016-04-05T10:02:00+05:30,17.59,17.59,17.56,17.59,
2016-04-05T10:03:00+05:30,17.6,17.61,17.58,17.6,
2016-04-05T10:04:00+05:30,17.6,17.6,17.57,17.59,
2016-04-05T10:05:00+05:30,17.59,17.61,17.58,17.61,
2016-04-05T10:06:00+05:30,17.61,17.61,17.58,17.59,
2016-04-05T10:07:00+05:30,17.59,17.6,17.58,17.58,
2016-04-05T10:08:00+05:30,17.57,17.61,17.57,17.6,
2016-04-05T10:09:00+05:30,17.6,17.61,17.59,17.59,
2016-04-05T10:10:00+05:30,17.59,17.6,17.57,17.58,
2016-04-05T10:11:00+05:30,17.58,17.58,17.54,17.56,
2016-04-05T10:12:00+05:30,17.55,17.58,17.55,17.56,
2016-04-05T10:13:00+05:30,17.57,17.58,17.54,17.54,
2016-04-05T10:14:00+05:30,17.55,17.56,17.54,17.56,
2016-04-05T10:15:00+05:30,17.55,17.56,17.52,17.54,
2016-04-05T10:16:00+05:30,17.54,17.54,17.52,17.53,
2016-04-05T10:17:00+05:30,17.53,17.57,17.31,17.45,
2016-04-05T10:18:00+05:30,17.45,17.45,17.31,17.36,
2016-04-05T10:19:00+05:30,17.36,17.51,17.29,17.5,
2016-04-05T10:20:00+05:30,17.5,17.51,17.48,17.51,
2016-04-05T10:21:00+05:30,17.49,17.5,17.48,17.49,
2016-04-05T10:22:00+05:30,17.49,17.49,17.45,17.45,
2016-04-05T10:23:00+05:30,17.45,17.49,17.38,17.49,
2016-04-05T10:24:00+05:30,17.49,17.5,17.46,17.47,
2016-04-05T10:25:00+05:30,17.47,17.48,17.39,17.46,
2016-04-05T10:26:00+05:30,17.47,17.47,17.44,17.47,
2016-04-05T10:27:00+05:30,17.47,17.47,17.44,17.45,
2016-04-05T10:28:00+05:30,17.45,17.51,17.43,17.51,
2016-04-05T10:29:00+05:30,17.51,17.52,17.49,17.5,
2016-04-05T10:30:00+05:30,17.5,17.55,17.48,17.54,
2016-04-05T10:31:00+05:30,17.54,17.56,17.54,17.55,
2016-04-05T10:32:00+05:30,17.55,17.58,17.55,17.58,
2016-04-05T10:33:00+05:30,17.59,17.59,17.55,17.55,
2016-04-05T10:34:00+05:30,17.54,17.55,17.54,17.55,
2016-04-05T10:35:00+05:30,17.55,17.57,17.55,17.56,
2016-04-05T10:36:00+05:30,17.56,17.57,17.55,17.56,
2016-04-05T10:37:00+05:30,17.56,17.57,17.54,17.57,
2016-04-05T10:38:00+05:30,17.57,17.59,17.56,17.57,
2016-04-05T10:39:00+05:30,17.57,17.59,17.56,17.59,
2016-04-05T10:40:00+05:30,17.59,17.63,17.58,17.61,
2016-04-05T10:41:00+05:30,17.62,17.63,17.61,17.61,
2016-04-05T10:42:00+05:30,17.62,17.64,17.61,17.63,
2016-04-05T10:43:00+05:30,17.63,17.65,17.59,17.65,
2016-04-05T10:44:00+05:30,17.65,17.65,17.63,17.63,
2016-04-05T10:45:00+05:30,17.64,17.67,17.63,17.66,
2016-04-05T10:46:00+05:30,17.67,17.68,17.64,17.64,
2016-04-05T10:47:00+05:30,17.64,17.65,17.56,17.56,
2016-04-05T10:48:00+05:30,17.55,17.59,17.53,17.56,
2016-04-05T10:49:00+05:30,17.57,17.6,17.57,17.59,
2016-04-05T10:50:00+05:30,17.59,17.61,17.56,17.61,
2016-04-05T10:51:00+05:30,17.61,17.61,17.58,17.58,
2016-04-05T10:52:00+05:30,17.58,17.58,17.56,17.56,
2016-04-05T10:53:00+05:30,17.57,17.6,17.56,17.6,
2016-04-05T10:54:00+05:30,17.6,17.61,17.56,17.56,
2016-04-05T10:55:00+05:30,17.57,17.64,17.57,17.62,
2016-04-05T10:56:00+05:30,17.62,17.62,17.6,17.62,
2016-04-05T10:57:00+05:30,17.62,17.66,17.61,17.65,
2016-04-05T10:58:00+05:30,17.65,17.66,17.62,17.64,
2016-04-05T10:59:00+05:30,17.64,17.68,17.63,17.67,
2016-04-05T11:00:00+05:30,17.67,17.81,17.54,17.54,
2016-04-05T11:01:00+05:30,17.55,17.56,17.42,17.42,
2016-04-05T11:02:00+05:30,17.45,17.52,17.31,17.52,
2016-04-05T11:03:00+05:30,17.53,17.56,17.49,17.56,
2016-04-05T11:04:00+05:30,17.56,17.6,17.49,17.57,
2016-04-05T11:05:00+05:30,17.56,17.59,17.43,17.45,
2016-04-05T11:06:00+05:30,17.47,17.52,17.42,17.48,
2016-04-05T11:07:00+05:30,17.48,17.49,17.36,17.43,
2016-04-05T11:08:00+05:30,17.43,17.46,17.39,17.42,
2016-04-05T11:09:00+05:30,17.41,17.44,17.38,17.43,
2016-04-05T11:10:00+05:30,17.42,17.42,17.33,17.35,
2016-04-05T11:11:00+05:30,17.34,17.41,17.31,17.4,
2016-04-05T11:12:00+05:30,17.4,17.41,17.34,17.39,
2016-04-05T11:13:00+05:30,17.37,17.39,17.34,17.35,
2016-04-05T11:14:00+05:30,17.35,17.39,17.35,17.38,
2016-04-05T11:15:00+05:30,17.38,17.39,17.35,17.37,
2016-04-05T11:16:00+05:30,17.37,17.38,17.33,17.37,
2016-04-05T11:17:00+05:30,17.37,17.37,17.28,17.35,
2016-04-05T11:18:00+05:30,17.34,17.42,17.34,17.42,
2016-04-05T11:19:00+05:30,17.42,17.46,17.4,17.43,
2016-04-05T11:20:00+05:30,17.43,17.48,17.39,17.46,
2016-04-05T11:21:00+05:30,17.45,17.51,17.44,17.51,
2016-04-05T11:22:00+05:30,17.51,17.57,17.51,17.55,
2016-04-05T11:23:00+05:30,17.56,17.57,17.49,17.54,
2016-04-05T11:24:00+05:30,17.55,17.55,17.43,17.48,
2016-04-05T11:25:00+05:30,17.48,17.59,17.48,17.59,
2016-04-05T11:26:00+05:30,17.59,17.63,17.56,17.6,
2016-04-05T11:27:00+05:30,17.61,17.62,17.5,17.52,
2016-04-05T11:28:00+05:30,17.52,17.53,17.5,17.51,
2016-04-05T11:29:00+05:30,17.51,17.54,17.5,17.5,
2016-04-05T11:30:00+05:30,17.5,17.54,17.49,17.54,
2016-04-05T11:31:00+05:30,17.53,17.57,17.52,17.54,
2016-04-05T11:32:00+05:30,17.54,17.54,17.49,17.53,
2016-04-05T11:33:00+05:30,17.53,17.53,17.48,17.49,
2016-04-05T11:34:00+05:30,17.48,17.48,17.42,17.42,
2016-04-05T11:35:00+05:30,17.42,17.46,17.41,17.44,
2016-04-05T11:36:00+05:30,17.44,17.46,17.42,17.42,
2016-04-05T11:37:00+05:30,17.41,17.45,17.4,17.44,
2016-04-05T11:38:00+05:30,17.43,17.47,17.43,17.44,
2016-04-05T11:39:00+05:30,17.43,17.43,17.38,17.43,
2016-04-05T11:40:00+05:30,17.44,17.45,17.41,17.42,
2016-04-05T11:41:00+05:30,17.42,17.46,17.42,17.44,
2016-04-05T11:42:00+05:30,17.44,17.45,17.42,17.44,
2016-04-05T11:43:00+05:30,17.44,17.44,17.41,17.43,
2016-04-05T11:44:00+05:30,17.43,17.44,17.42,17.42,
2016-04-05T11:45:00+05:30,17.41,17.43,17.34,17.36,
2016-04-05T11:46:00+05:30,17.36,17.37,17.29,17.33,
2016-04-05T11:47:00+05:30,17.33,17.42,17.33,17.34,
2016-04-05T11:48:00+05:30,17.34,17.4,17.34,17.39,
2016-04-05T11:49:00+05:30,17.39,17.42,17.39,17.4,
2016-04-05T11:50:00+05:30,17.39,17.43,17.39,17.41,
2016-04-05T11:51:00+05:30,17.41,17.41,17.37,17.37,
2016-04-05T11:52:00+05:30,17.38,17.39,17.36,17.39,
2016-04-05T11:53:00+05:30,17.39,17.45,17.37,17.38,
2016-04-05T11:54:00+05:30,17.38,17.42,17.37,17.42,
2016-04-05T11:55:00+05:30,17.42,17.42,17.38,17.4,
2016-04-05T11:56:00+05:30,17.41,17.43,17.38,17.39,
2016-04-05T11:57:00+05:30,17.39,17.46,17.37,17.46,
2016-04-05T11:58:00+05:30,17.39,17.39,17.3,17.3,
2016-04-05T11:59:00+05:30,17.31,17.32,17.29,17.29,
2016-04-05T12:00:00+05:30,17.31,17.37,17.3,17.33,
2016-04-05T12:01:00+05:30,17.33,17.39,17.33,17.36,
2016-04-05T12:02:00+05:30,17.36,17.42,17.34,17.39,
2016-04-05T12:03:00+05:30,17.39,17.4,17.32,17.39,
2016-04-05T12:04:00+05:30,17.38,17.42,17.33,17.41,
2016-04-05T12:05:00+05:30,17.41,17.41,17.34,17.37,
2016-04-05T12:06:00+05:30,17.37,17.4,17.36,17.39,
2016-04-05T12:07:00+05:30,17.39,17.41,17.36,17.4,
2016-04-05T12:08:00+05:30,17.4,17.42,17.36,17.36,
2016-04-05T12:09:00+05:30,17.36,17.39,17.36,17.36,
2016-04-05T12:10:00+05:30,17.32,17.4,17.32,17.4,
2016-04-05T12:11:00+05:30,17.4,17.4,17.33,17.33,
2016-04-05T12:12:00+05:30,17.33,17.38,17.32,17.33,
2016-04-05T12:13:00+05:30,17.33,17.34,17.31,17.33,
2016-04-05T12:14:00+05:30,17.33,17.46,17.32,17.46,
2016-04-05T12:15:00+05:30,17.45,17.47,17.44,17.47,
2016-04-05T12:16:00+05:30,17.47,17.47,17.43,17.43,
2016-04-05T12:17:00+05:30,17.43,17.44,17.36,17.36,
2016-04-05T12:18:00+05:30,17.37,17.37,17.34,17.35,
2016-04-05T12:19:00+05:30,17.36,17.37,17.34,17.35,
2016-04-05T12:20:00+05:30,17.36,17.37,17.34,17.36,
2016-04-05T12:21:00+05:30,17.36,17.36,17.32,17.36,
2016-04-05T12:22:00+05:30,17.36,17.4,17.36,17.4,
2016-04-05T12:23:00+05:30,17.38,17.42,17.38,17.4,
2016-04-05T12:24:00+05:30,17.39,17.4,17.37,17.38,
2016-04-05T12:25:00+05:30,17.38,17.4,17.36,17.37,
2016-04-05T12:26:00+05:30,17.36,17.39,17.33,17.33,
2016-04-05T12:27:00+05:30,17.33,17.39,17.33,17.39,
2016-04-05T12:28:00+05:30,17.37,17.39,17.34,17.34,
2016-04-05T12:29:00+05:30,17.34,17.36,17.32,17.32,
2016-04-05T12:30:00+05:30,17.32,17.39,17.31,17.38,
2016-04-05T12:31:00+05:30,17.37,17.37,17.34,17.35,
2016-04-05T12:32:00+05:30,17.35,17.38,17.34,17.36,
2016-04-05T12:33:00+05:30,17.36,17.37,17.35,17.35,
2016-04-05T12:34:00+05:30,17.35,17.41,17.35,17.4,
2016-04-05T12:35:00+05:30,17.4,17.43,17.4,17.41,
2016-04-05T12:36:00+05:30,17.4,17.4,17.33,17.33,
2016-04-05T12:37:00+05:30,17.34,17.36,17.32,17.35,
2016-04-05T12:38:00+05:30,17.35,17.38,17.35,17.36,
2016-04-05T12:39:00+05:30,17.36,17.39,17.33,17.39,
2016-04-05T12:40:00+05:30,17.39,17.4,17.36,17.39,
2016-04-05T12:41:00+05:30,17.39,17.46,17.39,17.42,
2016-04-05T12:42:00+05:30,17.42,17.44,17.37,17.4,
2016-04-05T12:43:00+05:30,17.39,17.39,17.37,17.38,
2016-04-05T12:44:00+05:30,17.38,17.4,17.37,17.4,
2016-04-05T12:45:00+05:30,17.41,17.42,17.38,17.39,
2016-04-05T12:46:00+05:30,17.4,17.41,17.35,17.35,
2016-04-05T12:47:00+05:30,17.35,17.44,17.35,17.44,
2016-04-05T12:48:00+05:30,17.44,17.44,17.39,17.4,
2016-04-05T12:49:00+05:30,17.4,17.41,17.38,17.41,
2016-04-05T12:50:00+05:30,17.41,17.42,17.38,17.41,
2016-04-05T12:51:00+05:30,17.41,17.42,17.34,17.34,
2016-04-05T12:52:00+05:30,17.34,17.39,17.32,17.39,
2016-04-05T12:53:00+05:30,17.39,17.39,17.35,17.35,
2016-04-05T12:54:00+05:30,17.34,17.38,17.33,17.36,
2016-04-05T12:55:00+05:30,17.36,17.39,17.36,17.37,
2016-04-05T12:56:00+05:30,17.37,17.37,17.34,17.34,
2016-04-05T12:57:00+05:30,17.34,17.39,17.34,17.38,
2016-04-05T12:58:00+05:30,17.4,17.41,17.35,17.35,
2016-04-05T12:59:00+05:30,17.35,17.37,17.33,17.34,
2016-04-05T13:00:00+05:30,17.26,17.32,17.25,17.32,
2016-04-05T13:01:00+05:30,17.32,17.32,17.29,17.3,
2016-04-05T13:02:00+05:30,17.3,17.35,17.3,17.32,
2016-04-05T13:03:00+05:30,17.31,17.34,17.31,17.32,
2016-04-05T13:04:00+05:30,17.32,17.37,17.32,17.37,
2016-04-05T13:05:00+05:30,17.37,17.42,17.37,17.4,
2016-04-05T13:06:00+05:30,17.4,17.42,17.4,17.41,
2016-04-05T13:07:00+05:30,17.41,17.43,17.37,17.4,
2016-04-05T13:08:00+05:30,17.4,17.42,17.38,17.41,
2016-04-05T13:09:00+05:30,17.41,17.44,17.4,17.4,
2016-04-05T13:10:00+05:30,17.4,17.42,17.4,17.42,
2016-04-05T13:11:00+05:30,17.42,17.43,17.38,17.39,
2016-04-05T13:12:00+05:30,17.39,17.44,17.38,17.44,
2016-04-05T13:13:00+05:30,17.44,17.46,17.44,17.44,
2016-04-05T13:14:00+05:30,17.45,17.45,17.41,17.42,
2016-04-05T13:15:00+05:30,17.42,17.45,17.42,17.43,
2016-04-05T13:16:00+05:30,17.44,17.45,17.42,17.43,
2016-04-05T13:17:00+05:30,17.43,17.44,17.42,17.43,
2016-04-05T13:18:00+05:30,17.43,17.45,17.42,17.43,
2016-04-05T13:19:00+05:30,17.43,17.44,17.42,17.43,
2016-04-05T13:20:00+05:30,17.43,17.45,17.42,17.42,
2016-04-05T13:21:00+05:30,17.43,17.43,17.41,17.43,
2016-04-05T13:22:00+05:30,17.43,17.47,17.42,17.43,
2016-04-05T13:23:00+05:30,17.43,17.44,17.41,17.41,
2016-04-05T13:24:00+05:30,17.43,17.48,17.43,17.45,
2016-04-05T13:25:00+05:30,17.45,17.51,17.45,17.5,
2016-04-05T13:26:00+05:30,17.51,17.51,17.46,17.46,
2016-04-05T13:27:00+05:30,17.47,17.5,17.45,17.5,
2016-04-05T13:28:00+05:30,17.5,17.5,17.47,17.5,
2016-04-05T13:29:00+05:30,17.5,17.5,17.47,17.47,
2016-04-05T13:30:00+05:30,17.47,17.52,17.47,17.51,
2016-04-05T13:31:00+05:30,17.51,17.51,17.48,17.49,
2016-04-05T13:32:00+05:30,17.49,17.49,17.47,17.49,
2016-04-05T13:33:00+05:30,17.49,17.51,17.49,17.5,
2016-04-05T13:34:00+05:30,17.48,17.48,17.4,17.45,
2016-04-05T13:35:00+05:30,17.46,17.47,17.42,17.43,
2016-04-05T13:36:00+05:30,17.43,17.46,17.42,17.44,
2016-04-05T13:37:00+05:30,17.44,17.48,17.38,17.47,
2016-04-05T13:38:00+05:30,17.46,17.47,17.42,17.45,
2016-04-05T13:39:00+05:30,17.45,17.45,17.37,17.37,
2016-04-05T13:40:00+05:30,17.37,17.42,17.36,17.42,
2016-04-05T13:41:00+05:30,17.41,17.44,17.39,17.42,
2016-04-05T13:42:00+05:30,17.42,17.43,17.41,17.42,
2016-04-05T13:43:00+05:30,17.43,17.47,17.43,17.46,
2016-04-05T13:44:00+05:30,17.45,17.46,17.44,17.46,
2016-04-05T13:45:00+05:30,17.46,17.52,17.45,17.49,
2016-04-05T13:46:00+05:30,17.49,17.55,17.45,17.54,
2016-04-05T13:47:00+05:30,17.54,17.54,17.44,17.52,
2016-04-05T13:48:00+05:30,17.52,17.53,17.48,17.52,
2016-04-05T13:49:00+05:30,17.51,17.57,17.47,17.57,
2016-04-05T13:50:00+05:30,17.57,17.57,17.53,17.54,
2016-04-05T13:51:00+05:30,17.55,17.58,17.54,17.58,
2016-04-05T13:52:00+05:30,17.58,17.59,17.54,17.54,
2016-04-05T13:53:00+05:30,17.55,17.68,17.54,17.68,
2016-04-05T13:54:00+05:30,17.68,17.68,17.64,17.67,
2016-04-05T13:55:00+05:30,17.67,17.69,17.65,17.68,
2016-04-05T13:56:00+05:30,17.68,17.69,17.66,17.67,
2016-04-05T13:57:00+05:30,17.67,17.69,17.64,17.67,
2016-04-05T13:58:00+05:30,17.68,17.7,17.67,17.69,
2016-04-05T13:59:00+05:30,17.68,17.72,17.67,17.72,
2016-04-05T14:00:00+05:30,17.72,17.72,17.67,17.69,
2016-04-05T14:01:00+05:30,17.69,17.71,17.67,17.71,
2016-04-05T14:02:00+05:30,17.71,17.84,17.71,17.79,
2016-04-05T14:03:00+05:30,17.8,17.82,17.78,17.79,
2016-04-05T14:04:00+05:30,17.79,17.79,17.76,17.77,
2016-04-05T14:05:00+05:30,17.77,17.8,17.76,17.78,
2016-04-05T14:06:00+05:30,17.79,17.82,17.78,17.79,
2016-04-05T14:07:00+05:30,17.79,17.79,17.7,17.71,
2016-04-05T14:08:00+05:30,17.71,17.72,17.69,17.71,
2016-04-05T14:09:00+05:30,17.71,17.73,17.7,17.71,
2016-04-05T14:10:00+05:30,17.71,17.74,17.69,17.7,
2016-04-05T14:11:00+05:30,17.7,17.74,17.7,17.73,
2016-04-05T14:12:00+05:30,17.73,17.75,17.69,17.7,
2016-04-05T14:13:00+05:30,17.71,17.72,17.69,17.7,
2016-04-05T14:14:00+05:30,17.71,17.71,17.65,17.65,
2016-04-05T14:15:00+05:30,17.64,17.69,17.63,17.69,
2016-04-05T14:16:00+05:30,17.69,17.72,17.69,17.72,
2016-04-05T14:17:00+05:30,17.72,17.75,17.71,17.74,
2016-04-05T14:18:00+05:30,17.74,17.74,17.71,17.73,
2016-04-05T14:19:00+05:30,17.73,17.74,17.63,17.64,
2016-04-05T14:20:00+05:30,17.65,17.65,17.62,17.63,
2016-04-05T14:21:00+05:30,17.62,17.63,17.58,17.63,
2016-04-05T14:22:00+05:30,17.63,17.65,17.62,17.62,
2016-04-05T14:23:00+05:30,17.62,17.63,17.59,17.59,
2016-04-05T14:24:00+05:30,17.59,17.61,17.58,17.59,
2016-04-05T14:25:00+05:30,17.58,17.59,17.56,17.58,
2016-04-05T14:26:00+05:30,17.56,17.58,17.56,17.58,
2016-04-05T14:27:00+05:30,17.58,17.63,17.57,17.61,
2016-04-05T14:28:00+05:30,17.61,17.64,17.61,17.62,
2016-04-05T14:29:00+05:30,17.61,17.63,17.6,17.62,
2016-04-05T14:30:00+05:30,17.62,17.65,17.62,17.65,
2016-04-05T14:31:00+05:30,17.65,17.7,17.65,17.66,
2016-04-05T14:32:00+05:30,17.67,17.68,17.64,17.67,
2016-04-05T14:33:00+05:30,17.67,17.69,17.65,17.65,
2016-04-05T14:34:00+05:30,17.65,17.7,17.65,17.68,
2016-04-05T14:35:00+05:30,17.68,17.7,17.67,17.68,
2016-04-05T14:36:00+05:30,17.68,17.69,17.64,17.65,
2016-04-05T14:37:00+05:30,17.65,17.67,17.65,17.67,
2016-04-05T14:38:00+05:30,17.67,17.68,17.63,17.64,
2016-04-05T14:39:00+05:30,17.64,17.66,17.63,17.65,
2016-04-05T14:40:00+05:30,17.66,17.66,17.63,17.63,
2016-04-05T14:41:00+05:30,17.64,17.65,17.56,17.58,
2016-04-05T14:42:00+05:30,17.58,17.6,17.55,17.59,
2016-04-05T14:43:00+05:30,17.59,17.61,17.56,17.61,
2016-04-05T14:44:00+05:30,17.61,17.65,17.59,17.65,
2016-04-05T14:45:00+05:30,17.65,17.67,17.62,17.62,
2016-04-05T14:46:00+05:30,17.62,17.66,17.62,17.64,
2016-04-05T14:47:00+05:30,17.64,17.66,17.62,17.62,
2016-04-05T14:48:00+05:30,17.62,17.65,17.62,17.62,
2016-04-05T14:49:00+05:30,17.62,17.66,17.62,17.63,
2016-04-05T14:50:00+05:30,17.64,17.67,17.58,17.58,
2016-04-05T14:51:00+05:30,17.58,17.62,17.57,17.59,
2016-04-05T14:52:00+05:30,17.59,17.61,17.57,17.59,
2016-04-05T14:53:00+05:30,17.59,17.62,17.57,17.6,
2016-04-05T14:54:00+05:30,17.59,17.61,17.58,17.58,
2016-04-05T14:55:00+05:30,17.59,17.61,17.56,17.57,
2016-04-05T14:56:00+05:30,17.56,17.56,17.44,17.53,
2016-04-05T14:57:00+05:30,17.53,17.53,17.49,17.49,
2016-04-05T14:58:00+05:30,17.5,17.53,17.5,17.51,
2016-04-05T14:59:00+05:30,17.51,17.54,17.5,17.53,
2016-04-05T15:00:00+05:30,17.54,17.57,17.53,17.56,
2016-04-05T15:01:00+05:30,17.56,17.59,17.54,17.55,
2016-04-05T15:02:00+05:30,17.56,17.58,17.55,17.57,
2016-04-05T15:03:00+05:30,17.56,17.62,17.56,17.58,
2016-04-05T15:04:00+05:30,17.58,17.68,17.58,17.65,
2016-04-05T15:05:00+05:30,17.66,17.73,17.66,17.72,
2016-04-05T15:06:00+05:30,17.73,17.75,17.69,17.74,
2016-04-05T15:07:00+05:30,17.74,17.81,17.74,17.78,
2016-04-05T15:08:00+05:30,17.78,17.82,17.78,17.8,
2016-04-05T15:09:00+05:30,17.8,17.85,17.74,17.79,
2016-04-05T15:10:00+05:30,17.78,17.85,17.78,17.84,
2016-04-05T15:11:00+05:30,17.85,17.87,17.8,17.86,
2016-04-05T15:12:00+05:30,17.84,17.91,17.84,17.91,
2016-04-05T15:13:00+05:30,17.91,17.92,17.88,17.88,
2016-04-05T15:14:00+05:30,17.88,17.88,17.83,17.83,
2016-04-05T15:15:00+05:30,17.83,17.84,17.8,17.84,
2016-04-05T15:16:00+05:30,17.85,17.92,17.84,17.92,
2016-04-05T15:17:00+05:30,17.92,18.02,17.91,17.95,
2016-04-05T15:18:00+05:30,17.95,17.96,17.92,17.96,
2016-04-05T15:19:00+05:30,17.96,18.06,17.94,18.03,
2016-04-05T15:20:00+05:30,18.03,18.06,18.03,18.04,
2016-04-05T15:21:00+05:30,18.04,18.04,17.92,17.93,
2016-04-05T15:22:00+05:30,17.92,17.94,17.86,17.86,
2016-04-05T15:23:00+05:30,17.86,17.95,17.86,17.95,
2016-04-05T15:24:00+05:30,17.95,17.96,17.93,17.93,
2016-04-05T15:25:00+05:30,17.93,17.93,17.87,17.93,
2016-04-05T15:26:00+05:30,17.92,17.93,17.89,17.9,
2016-04-05T15:27:00+05:30,17.9,17.94,17.88,17.94,
2016-04-05T15:28:00+05:30,17.94,17.95,17.93,17.93,
2016-04-05T15:29:00+05:30,17.93,17.95,17.91,17.93,
2016-04-06T09:15:00+05:30,17.83,17.83,16.13,17.42,
2016-04-06T09:16:00+05:30,17.41,17.75,17.41,17.72,
2016-04-06T09:17:00+05:30,17.74,17.75,17.68,17.71,
2016-04-06T09:18:00+05:30,17.72,17.75,17.63,17.63,
2016-04-06T09:19:00+05:30,17.63,17.81,17.63,17.8,
2016-04-06T09:20:00+05:30,17.8,17.84,17.75,17.76,
2016-04-06T09:21:00+05:30,17.75,17.82,17.71,17.78,
2016-04-06T09:22:00+05:30,17.78,17.86,17.78,17.82,
2016-04-06T09:23:00+05:30,17.81,17.83,17.77,17.77,
2016-04-06T09:24:00+05:30,17.79,17.79,17.75,17.77,
2016-04-06T09:25:00+05:30,17.77,17.85,17.74,17.81,
2016-04-06T09:26:00+05:30,17.81,17.81,17.77,17.79,
2016-04-06T09:27:00+05:30,17.79,17.84,17.78,17.81,
2016-04-06T09:28:00+05:30,17.81,17.88,17.81,17.87,
2016-04-06T09:29:00+05:30,17.87,17.87,17.84,17.85,
2016-04-06T09:30:00+05:30,17.85,17.85,17.83,17.83,
2016-04-06T09:31:00+05:30,17.82,17.87,17.82,17.87,
2016-04-06T09:32:00+05:30,17.88,17.91,17.88,17.9,
2016-04-06T09:33:00+05:30,17.91,17.92,17.86,17.86,
2016-04-06T09:34:00+05:30,17.86,17.86,17.81,17.81,
2016-04-06T09:35:00+05:30,17.81,17.84,17.79,17.83,
2016-04-06T09:36:00+05:30,17.83,17.84,17.8,17.81,
2016-04-06T09:37:00+05:30,17.81,17.82,17.77,17.81,
2016-04-06T09:38:00+05:30,17.8,17.81,17.78,17.8,
2016-04-06T09:39:00+05:30,17.8,17.81,17.73,17.74,
2016-04-06T09:40:00+05:30,17.74,17.77,17.73,17.75,
2016-04-06T09:41:00+05:30,17.75,17.76,17.73,17.76,
2016-04-06T09:42:00+05:30,17.77,17.79,17.75,17.75,
2016-04-06T09:43:00+05:30,17.76,17.77,17.73,17.77,
2016-04-06T09:44:00+05:30,17.77,17.81,17.77,17.78,
2016-04-06T09:45:00+05:30,17.78,17.8,17.77,17.79,
2016-04-06T09:46:00+05:30,17.79,17.79,17.76,17.78,
2016-04-06T09:47:00+05:30,17.77,17.79,17.7,17.7,
2016-04-06T09:48:00+05:30,17.71,17.75,17.7,17.74,
2016-04-06T09:49:00+05:30,17.74,17.74,17.71,17.71,
2016-04-06T09:50:00+05:30,17.72,17.73,17.65,17.65,
2016-04-06T09:51:00+05:30,17.66,17.68,17.6,17.6,
2016-04-06T09:52:00+05:30,17.61,17.66,17.61,17.65,
2016-04-06T09:53:00+05:30,17.65,17.67,17.63,17.63,
2016-04-06T09:54:00+05:30,17.62,17.66,17.6,17.63,
2016-04-06T09:55:00+05:30,17.63,17.63,17.6,17.61,
2016-04-06T09:56:00+05:30,17.61,17.66,17.6,17.65,
2016-04-06T09:57:00+05:30,17.65,17.67,17.58,17.58,
2016-04-06T09:58:00+05:30,17.64,17.66,17.63,17.64,
2016-04-06T09:59:00+05:30,17.64,17.67,17.64,17.66,
2016-04-06T10:00:00+05:30,17.67,17.69,17.64,17.64,
2016-04-06T10:01:00+05:30,17.63,17.7,17.63,17.67,
2016-04-06T10:02:00+05:30,17.67,17.67,17.62,17.64,
2016-04-06T10:03:00+05:30,17.63,17.65,17.63,17.64,
2016-04-06T10:04:00+05:30,17.64,17.69,17.64,17.68,
2016-04-06T10:05:00+05:30,17.65,17.69,17.64,17.67,
2016-04-06T10:06:00+05:30,17.67,17.72,17.67,17.69,
2016-04-06T10:07:00+05:30,17.69,17.73,17.65,17.69,
2016-04-06T10:08:00+05:30,17.69,17.74,17.68,17.68,
2016-04-06T10:09:00+05:30,17.68,17.71,17.67,17.7,
2016-04-06T10:10:00+05:30,17.7,17.71,17.67,17.67,
2016-04-06T10:11:00+05:30,17.66,17.77,17.66,17.75,
2016-04-06T10:12:00+05:30,17.75,17.76,17.72,17.73,
2016-04-06T10:13:00+05:30,17.73,17.75,17.72,17.74,
2016-04-06T10:14:00+05:30,17.74,17.76,17.7,17.76,
2016-04-06T10:15:00+05:30,17.76,17.77,17.73,17.73,
2016-04-06T10:16:00+05:30,17.73,17.78,17.73,17.76,
2016-04-06T10:17:00+05:30,17.76,17.77,17.73,17.74,
2016-04-06T10:18:00+05:30,17.74,17.76,17.72,17.73,
2016-04-06T10:19:00+05:30,17.73,17.76,17.72,17.75,
2016-04-06T10:20:00+05:30,17.75,17.75,17.73,17.74,
2016-04-06T10:21:00+05:30,17.74,17.77,17.74,17.76,
2016-04-06T10:22:00+05:30,17.77,17.8,17.76,17.77,
2016-04-06T10:23:00+05:30,17.78,17.8,17.77,17.78,
2016-04-06T10:24:00+05:30,17.78,17.81,17.73,17.73,
2016-04-06T10:25:00+05:30,17.74,17.79,17.74,17.78,
2016-04-06T10:26:00+05:30,17.78,17.8,17.77,17.79,
2016-04-06T10:27:00+05:30,17.78,17.79,17.75,17.77,
2016-04-06T10:28:00+05:30,17.77,17.78,17.74,17.75,
2016-04-06T10:29:00+05:30,17.74,17.75,17.71,17.71,
2016-04-06T10:30:00+05:30,17.69,17.74,17.69,17.74,
2016-04-06T10:31:00+05:30,17.74,17.75,17.7,17.72,
2016-04-06T10:32:00+05:30,17.72,17.73,17.69,17.7,
2016-04-06T10:33:00+05:30,17.69,17.75,17.69,17.73,
2016-04-06T10:34:00+05:30,17.73,17.73,17.7,17.73,
2016-04-06T10:35:00+05:30,17.73,17.74,17.71,17.72,
2016-04-06T10:36:00+05:30,17.72,17.75,17.71,17.74,
2016-04-06T10:37:00+05:30,17.75,17.76,17.71,17.72,
2016-04-06T10:38:00+05:30,17.71,17.74,17.7,17.71,
2016-04-06T10:39:00+05:30,17.71,17.72,17.68,17.71,
2016-04-06T10:40:00+05:30,17.71,17.74,17.69,17.7,
2016-04-06T10:41:00+05:30,17.69,17.73,17.69,17.7,
2016-04-06T10:42:00+05:30,17.7,17.73,17.68,17.73,
2016-04-06T10:43:00+05:30,17.73,17.74,17.69,17.71,
2016-04-06T10:44:00+05:30,17.71,17.73,17.71,17.72,
2016-04-06T10:45:00+05:30,17.71,17.74,17.69,17.71,
2016-04-06T10:46:00+05:30,17.71,17.73,17.7,17.72,
2016-04-06T10:47:00+05:30,17.71,17.73,17.71,17.72,
2016-04-06T10:48:00+05:30,17.73,17.74,17.71,17.73,
2016-04-06T10:49:00+05:30,17.73,17.73,17.7,17.71,
2016-04-06T10:50:00+05:30,17.71,17.73,17.7,17.72,
2016-04-06T10:51:00+05:30,17.73,17.74,17.71,17.73,
2016-04-06T10:52:00+05:30,17.73,17.73,17.72,17.73,
2016-04-06T10:53:00+05:30,17.72,17.72,17.7,17.7,
2016-04-06T10:54:00+05:30,17.69,17.73,17.69,17.73,
2016-04-06T10:55:00+05:30,17.73,17.73,17.7,17.71,
2016-04-06T10:56:00+05:30,17.71,17.71,17.68,17.69,
2016-04-06T10:57:00+05:30,17.69,17.7,17.68,17.68,
2016-04-06T10:58:00+05:30,17.68,17.7,17.66,17.69,
2016-04-06T10:59:00+05:30,17.69,17.7,17.68,17.7,
2016-04-06T11:00:00+05:30,17.69,17.7,17.68,17.7,
2016-04-06T11:01:00+05:30,17.7,17.73,17.69,17.72,
2016-04-06T11:02:00+05:30,17.72,17.74,17.72,17.74,
2016-04-06T11:03:00+05:30,17.74,17.74,17.7,17.73,
2016-04-06T11:04:00+05:30,17.73,17.74,17.7,17.71,
2016-04-06T11:05:00+05:30,17.71,17.71,17.67,17.67,
2016-04-06T11:06:00+05:30,17.67,17.71,17.67,17.69,
2016-04-06T11:07:00+05:30,17.69,17.71,17.69,17.7,
2016-04-06T11:08:00+05:30,17.7,17.72,17.69,17.71,
2016-04-06T11:09:00+05:30,17.71,17.72,17.69,17.7,
2016-04-06T11:10:00+05:30,17.7,17.71,17.67,17.7,
2016-04-06T11:11:00+05:30,17.7,17.72,17.69,17.7,
2016-04-06T11:12:00+05:30,17.69,17.72,17.65,17.71,
2016-04-06T11:13:00+05:30,17.71,17.71,17.68,17.7,
2016-04-06T11:14:00+05:30,17.7,17.71,17.7,17.7,
2016-04-06T11:15:00+05:30,17.7,17.7,17.69,17.7,
2016-04-06T11:16:00+05:30,17.7,17.72,17.7,17.71,
2016-04-06T11:17:00+05:30,17.71,17.71,17.68,17.68,
2016-04-06T11:18:00+05:30,17.68,17.68,17.62,17.62,
2016-04-06T11:19:00+05:30,17.62,17.63,17.61,17.61,
2016-04-06T11:20:00+05:30,17.61,17.61,17.59,17.59,
2016-04-06T11:21:00+05:30,17.6,17.63,17.58,17.62,
2016-04-06T11:22:00+05:30,17.62,17.62,17.58,17.58,
2016-04-06T11:23:00+05:30,17.58,17.6,17.55,17.55,
2016-04-06T11:24:00+05:30,17.55,17.56,17.51,17.53,
2016-04-06T11:25:00+05:30,17.54,17.54,17.5,17.51,
2016-04-06T11:26:00+05:30,17.52,17.52,17.46,17.47,
2016-04-06T11:27:00+05:30,17.46,17.48,17.44,17.47,
2016-04-06T11:28:00+05:30,17.47,17.48,17.45,17.46,
2016-04-06T11:29:00+05:30,17.46,17.49,17.44,17.46,
2016-04-06T11:30:00+05:30,17.46,17.49,17.46,17.47,
2016-04-06T11:31:00+05:30,17.46,17.47,17.29,17.37,
2016-04-06T11:32:00+05:30,17.38,17.46,17.38,17.46,
2016-04-06T11:33:00+05:30,17.45,17.51,17.45,17.5,
2016-04-06T11:34:00+05:30,17.5,17.54,17.49,17.52,
2016-04-06T11:35:00+05:30,17.52,17.54,17.52,17.54,
2016-04-06T11:36:00+05:30,17.54,17.55,17.52,17.52,
2016-04-06T11:37:00+05:30,17.52,17.56,17.52,17.55,
2016-04-06T11:38:00+05:30,17.54,17.57,17.53,17.56,
2016-04-06T11:39:00+05:30,17.57,17.57,17.38,17.54,
2016-04-06T11:40:00+05:30,17.54,17.56,17.53,17.54,
2016-04-06T11:41:00+05:30,17.54,17.55,17.52,17.53,
2016-04-06T11:42:00+05:30,17.54,17.56,17.53,17.54,
2016-04-06T11:43:00+05:30,17.54,17.55,17.5,17.51,
2016-04-06T11:44:00+05:30,17.51,17.52,17.47,17.5,
2016-04-06T11:45:00+05:30,17.5,17.53,17.5,17.51,
2016-04-06T11:46:00+05:30,17.52,17.55,17.51,17.52,
2016-04-06T11:47:00+05:30,17.54,17.55,17.5,17.5,
2016-04-06T11:48:00+05:30,17.51,17.56,17.5,17.53,
2016-04-06T11:49:00+05:30,17.53,17.53,17.47,17.47,
2016-04-06T11:50:00+05:30,17.48,17.51,17.48,17.49,
2016-04-06T11:51:00+05:30,17.49,17.5,17.46,17.49,
2016-04-06T11:52:00+05:30,17.49,17.49,17.47,17.48,
2016-04-06T11:53:00+05:30,17.48,17.48,17.46,17.48,
2016-04-06T11:54:00+05:30,17.48,17.51,17.48,17.48,
2016-04-06T11:55:00+05:30,17.48,17.5,17.48,17.5,
2016-04-06T11:56:00+05:30,17.5,17.53,17.5,17.51,
2016-04-06T11:57:00+05:30,17.5,17.53,17.5,17.52,
2016-04-06T11:58:00+05:30,17.52,17.53,17.51,17.52,
2016-04-06T11:59:00+05:30,17.52,17.52,17.5,17.5,
2016-04-06T12:00:00+05:30,17.49,17.49,17.4,17.41,
2016-04-06T12:01:00+05:30,17.41,17.42,17.38,17.41,
2016-04-06T12:02:00+05:30,17.41,17.46,17.41,17.45,
2016-04-06T12:03:00+05:30,17.46,17.47,17.44,17.46,
2016-04-06T12:04:00+05:30,17.45,17.47,17.43,17.43,
2016-04-06T12:05:00+05:30,17.4,17.5,17.4,17.49,
2016-04-06T12:06:00+05:30,17.49,17.52,17.49,17.52,
2016-04-06T12:07:00+05:30,17.52,17.52,17.47,17.5,
2016-04-06T12:08:00+05:30,17.5,17.52,17.48,17.51,
2016-04-06T12:09:00+05:30,17.5,17.51,17.49,17.51,
2016-04-06T12:10:00+05:30,17.51,17.51,17.48,17.49,
2016-04-06T12:11:00+05:30,17.47,17.47,17.46,17.46,
2016-04-06T12:12:00+05:30,17.46,17.5,17.46,17.5,
2016-04-06T12:13:00+05:30,17.49,17.52,17.49,17.51,
2016-04-06T12:14:00+05:30,17.51,17.53,17.49,17.5,
2016-04-06T12:15:00+05:30,17.5,17.53,17.49,17.51,
2016-04-06T12:16:00+05:30,17.5,17.53,17.49,17.5,
2016-04-06T12:17:00+05:30,17.5,17.52,17.48,17.51,
2016-04-06T12:18:00+05:30,17.51,17.53,17.51,17.53,
2016-04-06T12:19:00+05:30,17.52,17.54,17.51,17.54,
2016-04-06T12:20:00+05:30,17.54,17.54,17.47,17.47,
2016-04-06T12:21:00+05:30,17.46,17.48,17.46,17.47,
2016-04-06T12:22:00+05:30,17.47,17.48,17.44,17.45,
2016-04-06T12:23:00+05:30,17.44,17.46,17.43,17.44,
2016-04-06T12:24:00+05:30,17.43,17.49,17.43,17.47,
2016-04-06T12:25:00+05:30,17.47,17.47,17.41,17.42,
2016-04-06T12:26:00+05:30,17.43,17.44,17.4,17.41,
2016-04-06T12:27:00+05:30,17.41,17.43,17.4,17.41,
2016-04-06T12:28:00+05:30,17.41,17.43,17.4,17.4,
2016-04-06T12:29:00+05:30,17.41,17.44,17.4,17.44,
2016-04-06T12:30:00+05:30,17.43,17.45,17.41,17.42,
2016-04-06T12:31:00+05:30,17.42,17.47,17.42,17.43,
2016-04-06T12:32:00+05:30,17.45,17.46,17.42,17.45,
2016-04-06T12:33:00+05:30,17.44,17.46,17.41,17.41,
2016-04-06T12:34:00+05:30,17.44,17.47,17.41,17.46,
2016-04-06T12:35:00+05:30,17.46,17.49,17.44,17.47,
2016-04-06T12:36:00+05:30,17.48,17.49,17.46,17.47,
2016-04-06T12:37:00+05:30,17.47,17.47,17.42,17.43,
2016-04-06T12:38:00+05:30,17.43,17.43,17.4,17.4,
2016-04-06T12:39:00+05:30,17.4,17.44,17.4,17.41,
2016-04-06T12:40:00+05:30,17.41,17.42,17.38,17.38,
2016-04-06T12:41:00+05:30,17.38,17.41,17.38,17.41,
2016-04-06T12:42:00+05:30,17.41,17.43,17.39,17.42,
2016-04-06T12:43:00+05:30,17.42,17.44,17.41,17.43,
2016-04-06T12:44:00+05:30,17.42,17.44,17.41,17.44,
2016-04-06T12:45:00+05:30,17.43,17.43,17.4,17.41,
2016-04-06T12:46:00+05:30,17.41,17.41,17.36,17.38,
2016-04-06T12:47:00+05:30,17.39,17.4,17.37,17.4,
2016-04-06T12:48:00+05:30,17.4,17.41,17.38,17.38,
2016-04-06T12:49:00+05:30,17.38,17.39,17.36,17.37,
2016-04-06T12:50:00+05:30,17.37,17.39,17.35,17.35,
2016-04-06T12:51:00+05:30,17.35,17.36,17.34,17.36,
2016-04-06T12:52:00+05:30,17.36,17.39,17.36,17.37,
2016-04-06T12:53:00+05:30,17.37,17.45,17.37,17.43,
2016-04-06T12:54:00+05:30,17.43,17.44,17.4,17.42,
2016-04-06T12:55:00+05:30,17.42,17.46,17.42,17.46,
2016-04-06T12:56:00+05:30,17.46,17.48,17.43,17.45,
2016-04-06T12:57:00+05:30,17.45,17.46,17.43,17.44,
2016-04-06T12:58:00+05:30,17.44,17.44,17.41,17.41,
2016-04-06T12:59:00+05:30,17.42,17.44,17.39,17.41,
2016-04-06T13:00:00+05:30,17.41,17.41,17.39,17.41,
2016-04-06T13:01:00+05:30,17.4,17.42,17.4,17.41,
2016-04-06T13:02:00+05:30,17.41,17.42,17.36,17.37,
2016-04-06T13:03:00+05:30,17.37,17.41,17.37,17.39,
2016-04-06T13:04:00+05:30,17.4,17.41,17.38,17.38,
2016-04-06T13:05:00+05:30,17.39,17.4,17.37,17.39,
2016-04-06T13:06:00+05:30,17.39,17.42,17.38,17.42,
2016-04-06T13:07:00+05:30,17.42,17.45,17.41,17.43,
2016-04-06T13:08:00+05:30,17.43,17.43,17.41,17.42,
2016-04-06T13:09:00+05:30,17.42,17.45,17.34,17.34,
2016-04-06T13:10:00+05:30,17.33,17.36,17.31,17.36,
2016-04-06T13:11:00+05:30,17.36,17.42,17.36,17.41,
2016-04-06T13:12:00+05:30,17.41,17.42,17.37,17.42,
2016-04-06T13:13:00+05:30,17.41,17.43,17.4,17.43,
2016-04-06T13:14:00+05:30,17.43,17.44,17.39,17.41,
2016-04-06T13:15:00+05:30,17.42,17.42,17.37,17.37,
2016-04-06T13:16:00+05:30,17.38,17.42,17.38,17.39,
2016-04-06T13:17:00+05:30,17.39,17.44,17.39,17.44,
2016-04-06T13:18:00+05:30,17.44,17.46,17.42,17.45,
2016-04-06T13:19:00+05:30,17.44,17.48,17.44,17.45,
2016-04-06T13:20:00+05:30,17.45,17.47,17.44,17.45,
2016-04-06T13:21:00+05:30,17.45,17.46,17.44,17.45,
2016-04-06T13:22:00+05:30,17.45,17.45,17.41,17.42,
2016-04-06T13:23:00+05:30,17.42,17.42,17.38,17.41,
2016-04-06T13:24:00+05:30,17.41,17.45,17.41,17.42,
2016-04-06T13:25:00+05:30,17.41,17.44,17.41,17.44,
2016-04-06T13:26:00+05:30,17.44,17.44,17.38,17.4,
2016-04-06T13:27:00+05:30,17.4,17.42,17.34,17.36,
2016-04-06T13:28:00+05:30,17.36,17.43,17.36,17.43,
2016-04-06T13:29:00+05:30,17.43,17.44,17.29,17.38,
2016-04-06T13:30:00+05:30,17.38,17.41,17.32,17.37,
2016-04-06T13:31:00+05:30,17.37,17.44,17.36,17.44,
2016-04-06T13:32:00+05:30,17.44,17.47,17.41,17.46,
2016-04-06T13:33:00+05:30,17.45,17.48,17.45,17.45,
2016-04-06T13:34:00+05:30,17.46,17.46,17.43,17.45,
2016-04-06T13:35:00+05:30,17.45,17.5,17.45,17.48,
2016-04-06T13:36:00+05:30,17.47,17.51,17.46,17.47,
2016-04-06T13:37:00+05:30,17.47,17.49,17.45,17.48,
2016-04-06T13:38:00+05:30,17.47,17.47,17.43,17.44,
2016-04-06T13:39:00+05:30,17.44,17.45,17.42,17.43,
2016-04-06T13:40:00+05:30,17.43,17.44,17.41,17.42,
2016-04-06T13:41:00+05:30,17.42,17.44,17.41,17.43,
2016-04-06T13:42:00+05:30,17.42,17.49,17.42,17.49,
2016-04-06T13:43:00+05:30,17.49,17.49,17.44,17.44,
2016-04-06T13:44:00+05:30,17.45,17.46,17.42,17.44,
2016-04-06T13:45:00+05:30,17.43,17.46,17.42,17.44,
2016-04-06T13:46:00+05:30,17.45,17.48,17.45,17.48,
2016-04-06T13:47:00+05:30,17.46,17.47,17.43,17.44,
2016-04-06T13:48:00+05:30,17.44,17.5,17.44,17.5,
2016-04-06T13:49:00+05:30,17.5,17.5,17.45,17.46,
2016-04-06T13:50:00+05:30,17.46,17.54,17.46,17.51,
2016-04-06T13:51:00+05:30,17.52,17.52,17.47,17.48,
2016-04-06T13:52:00+05:30,17.47,17.49,17.43,17.44,
2016-04-06T13:53:00+05:30,17.45,17.48,17.44,17.45,
2016-04-06T13:54:00+05:30,17.45,17.48,17.44,17.47,
2016-04-06T13:55:00+05:30,17.47,17.53,17.47,17.53,
2016-04-06T13:56:00+05:30,17.52,17.54,17.5,17.51,
2016-04-06T13:57:00+05:30,17.51,17.56,17.5,17.55,
2016-04-06T13:58:00+05:30,17.55,17.57,17.55,17.56,
2016-04-06T13:59:00+05:30,17.56,17.56,17.48,17.48,
2016-04-06T14:00:00+05:30,17.48,17.49,17.42,17.45,
2016-04-06T14:01:00+05:30,17.46,17.47,17.42,17.45,
2016-04-06T14:02:00+05:30,17.45,17.47,17.44,17.44,
2016-04-06T14:03:00+05:30,17.44,17.45,17.4,17.42,
2016-04-06T14:04:00+05:30,17.42,17.5,17.42,17.5,
2016-04-06T14:05:00+05:30,17.5,17.52,17.48,17.49,
2016-04-06T14:06:00+05:30,17.49,17.52,17.48,17.52,
2016-04-06T14:07:00+05:30,17.52,17.61,17.48,17.6,
2016-04-06T14:08:00+05:30,17.6,17.63,17.59,17.61,
2016-04-06T14:09:00+05:30,17.61,17.63,17.6,17.61,
2016-04-06T14:10:00+05:30,17.61,17.62,17.57,17.57,
2016-04-06T14:11:00+05:30,17.57,17.58,17.56,17.56,
2016-04-06T14:12:00+05:30,17.56,17.57,17.54,17.57,
2016-04-06T14:13:00+05:30,17.57,17.57,17.49,17.53,
2016-04-06T14:14:00+05:30,17.54,17.57,17.53,17.55,
2016-04-06T14:15:00+05:30,17.56,17.58,17.54,17.55,
2016-04-06T14:16:00+05:30,17.55,17.59,17.55,17.58,
2016-04-06T14:17:00+05:30,17.58,17.63,17.57,17.62,
2016-04-06T14:18:00+05:30,17.62,17.63,17.55,17.55,
2016-04-06T14:19:00+05:30,17.56,17.63,17.52,17.6,
2016-04-06T14:20:00+05:30,17.6,17.61,17.55,17.57,
2016-04-06T14:21:00+05:30,17.57,17.58,17.52,17.53,
2016-04-06T14:22:00+05:30,17.53,17.62,17.53,17.62,
2016-04-06T14:23:00+05:30,17.61,17.62,17.61,17.62,
2016-04-06T14:24:00+05:30,17.62,17.64,17.6,17.6,
2016-04-06T14:25:00+05:30,17.6,17.62,17.6,17.61,
2016-04-06T14:26:00+05:30,17.6,17.61,17.55,17.56,
2016-04-06T14:27:00+05:30,17.56,17.56,17.47,17.47,
2016-04-06T14:28:00+05:30,17.47,17.49,17.41,17.42,
2016-04-06T14:29:00+05:30,17.42,17.46,17.39,17.41,
2016-04-06T14:30:00+05:30,17.4,17.47,17.4,17.43,
2016-04-06T14:31:00+05:30,17.43,17.45,17.36,17.37,
2016-04-06T14:32:00+05:30,17.37,17.43,17.37,17.39,
2016-04-06T14:33:00+05:30,17.39,17.4,17.36,17.38,
2016-04-06T14:34:00+05:30,17.36,17.4,17.36,17.38,
2016-04-06T14:35:00+05:30,17.38,17.45,17.38,17.45,
2016-04-06T14:36:00+05:30,17.46,17.47,17.4,17.43,
2016-04-06T14:37:00+05:30,17.44,17.44,17.38,17.39,
2016-04-06T14:38:00+05:30,17.39,17.43,17.37,17.39,
2016-04-06T14:39:00+05:30,17.39,17.43,17.39,17.42,
2016-04-06T14:40:00+05:30,17.42,17.43,17.41,17.42,
2016-04-06T14:41:00+05:30,17.42,17.42,17.39,17.4,
2016-04-06T14:42:00+05:30,17.41,17.43,17.39,17.4,
2016-04-06T14:43:00+05:30,17.4,17.43,17.4,17.41,
2016-04-06T14:44:00+05:30,17.41,17.44,17.4,17.42,
2016-04-06T14:45:00+05:30,17.41,17.42,17.39,17.4,
2016-04-06T14:46:00+05:30,17.39,17.4,17.36,17.4,
2016-04-06T14:47:00+05:30,17.39,17.39,17.36,17.39,
2016-04-06T14:48:00+05:30,17.39,17.42,17.39,17.41,
2016-04-06T14:49:00+05:30,17.41,17.41,17.39,17.4,
2016-04-06T14:50:00+05:30,17.4,17.41,17.35,17.35,
2016-04-06T14:51:00+05:30,17.35,17.35,17.31,17.31,
2016-04-06T14:52:00+05:30,17.31,17.33,17.3,17.31,
2016-04-06T14:53:00+05:30,17.31,17.36,17.31,17.35,
2016-04-06T14:54:00+05:30,17.36,17.38,17.34,17.36,
2016-04-06T14:55:00+05:30,17.37,17.37,17.32,17.33,
2016-04-06T14:56:00+05:30,17.34,17.37,17.33,17.35,
2016-04-06T14:57:00+05:30,17.34,17.35,17.31,17.33,
2016-04-06T14:58:00+05:30,17.33,17.35,17.32,17.35,
2016-04-06T14:59:00+05:30,17.35,17.36,17.31,17.32,
2016-04-06T15:00:00+05:30,17.33,17.36,17.32,17.36,
2016-04-06T15:01:00+05:30,17.36,17.36,17.35,17.36,
2016-04-06T15:02:00+05:30,17.36,17.36,17.28,17.29,
2016-04-06T15:03:00+05:30,17.29,17.31,17.28,17.31,
2016-04-06T15:04:00+05:30,17.31,17.33,17.29,17.31,
2016-04-06T15:05:00+05:30,17.3,17.3,17.27,17.3,
2016-04-06T15:06:00+05:30,17.3,17.35,17.3,17.34,
2016-04-06T15:07:00+05:30,17.34,17.34,17.3,17.32,
2016-04-06T15:08:00+05:30,17.33,17.34,17.3,17.32,
2016-04-06T15:09:00+05:30,17.32,17.33,17.31,17.33,
2016-04-06T15:10:00+05:30,17.34,17.34,17.32,17.34,
2016-04-06T15:11:00+05:30,17.33,17.34,17.25,17.3,
2016-04-06T15:12:00+05:30,17.31,17.36,17.3,17.35,
2016-04-06T15:13:00+05:30,17.36,17.36,17.34,17.34,
2016-04-06T15:14:00+05:30,17.34,17.36,17.33,17.35,
2016-04-06T15:15:00+05:30,17.35,17.4,17.34,17.39,
2016-04-06T15:16:00+05:30,17.38,17.4,17.38,17.38,
2016-04-06T15:17:00+05:30,17.4,17.41,17.37,17.4,
2016-04-06T15:18:00+05:30,17.4,17.43,17.38,17.41,
2016-04-06T15:19:00+05:30,17.4,17.41,17.37,17.38,
2016-04-06T15:20:00+05:30,17.38,17.44,17.38,17.43,
2016-04-06T15:21:00+05:30,17.42,17.43,17.38,17.39,
2016-04-06T15:22:00+05:30,17.39,17.41,17.36,17.38,
2016-04-06T15:23:00+05:30,17.39,17.43,17.38,17.38,
2016-04-06T15:24:00+05:30,17.38,17.42,17.37,17.39,
2016-04-06T15:25:00+05:30,17.38,17.38,17.37,17.37,
2016-04-06T15:26:00+05:30,17.38,17.38,17.32,17.33,
2016-04-06T15:27:00+05:30,17.33,17.34,17.31,17.32,
2016-04-06T15:28:00+05:30,17.31,17.31,17.25,17.25,
2016-04-06T15:29:00+05:30,17.24,17.31,17.24,17.31,
2016-04-07T09:15:00+05:30,17.35,17.35,16.34,16.69,
2016-04-07T09:16:00+05:30,16.68,17.3,16.67,17.3,
2016-04-07T09:17:00+05:30,17.3,17.32,17.27,17.28,
2016-04-07T09:18:00+05:30,17.27,17.4,17.24,17.4,
2016-04-07T09:19:00+05:30,17.4,17.41,17.37,17.4,
2016-04-07T09:20:00+05:30,17.4,17.42,17.32,17.36,
2016-04-07T09:21:00+05:30,17.35,17.36,17.3,17.32,
2016-04-07T09:22:00+05:30,17.31,17.34,17.3,17.31,
2016-04-07T09:23:00+05:30,17.32,17.33,17.31,17.32,
2016-04-07T09:24:00+05:30,17.33,17.33,17.26,17.27,
2016-04-07T09:25:00+05:30,17.27,17.28,17.25,17.26,
2016-04-07T09:26:00+05:30,17.27,17.29,17.25,17.25,
2016-04-07T09:27:00+05:30,17.26,17.26,17.21,17.25,
2016-04-07T09:28:00+05:30,17.25,17.26,17.23,17.25,
2016-04-07T09:29:00+05:30,17.25,17.25,17.22,17.23,
2016-04-07T09:30:00+05:30,17.23,17.24,17.2,17.21,
2016-04-07T09:31:00+05:30,17.2,17.24,17.2,17.22,
2016-04-07T09:32:00+05:30,17.21,17.22,17.18,17.2,
2016-04-07T09:33:00+05:30,17.21,17.21,17.17,17.17,
2016-04-07T09:34:00+05:30,17.17,17.23,17.16,17.23,
2016-04-07T09:35:00+05:30,17.23,17.23,17.21,17.23,
2016-04-07T09:36:00+05:30,17.23,17.25,17.2,17.24,
2016-04-07T09:37:00+05:30,17.24,17.35,17.24,17.32,
2016-04-07T09:38:00+05:30,17.32,17.34,17.3,17.34,
2016-04-07T09:39:00+05:30,17.34,17.34,17.29,17.3,
2016-04-07T09:40:00+05:30,17.3,17.4,17.29,17.36,
2016-04-07T09:41:00+05:30,17.36,17.42,17.36,17.38,
2016-04-07T09:42:00+05:30,17.38,17.42,17.37,17.39,
2016-04-07T09:43:00+05:30,17.38,17.38,17.34,17.34,
2016-04-07T09:44:00+05:30,17.34,17.37,17.34,17.34,
2016-04-07T09:45:00+05:30,17.34,17.37,17.33,17.35,
2016-04-07T09:46:00+05:30,17.35,17.4,17.33,17.35,
2016-04-07T09:47:00+05:30,17.36,17.4,17.35,17.35,
2016-04-07T09:48:00+05:30,17.36,17.39,17.32,17.39,
2016-04-07T09:49:00+05:30,17.38,17.39,17.36,17.38,
2016-04-07T09:50:00+05:30,17.38,17.4,17.35,17.36,
2016-04-07T09:51:00+05:30,17.36,17.38,17.34,17.34,
2016-04-07T09:52:00+05:30,17.34,17.38,17.34,17.36,
2016-04-07T09:53:00+05:30,17.36,17.39,17.36,17.38,
2016-04-07T09:54:00+05:30,17.38,17.39,17.35,17.37,
2016-04-07T09:55:00+05:30,17.37,17.39,17.35,17.37,
2016-04-07T09:56:00+05:30,17.37,17.39,17.27,17.27,
2016-04-07T09:57:00+05:30,17.28,17.32,17.28,17.32,
2016-04-07T09:58:00+05:30,17.32,17.33,17.29,17.31,
2016-04-07T09:59:00+05:30,17.31,17.32,17.31,17.32,
2016-04-07T10:00:00+05:30,17.31,17.34,17.3,17.3,
2016-04-07T10:01:00+05:30,17.29,17.32,17.28,17.29,
2016-04-07T10:02:00+05:30,17.29,17.3,17.27,17.27,
2016-04-07T10:03:00+05:30,17.27,17.3,17.26,17.29,
2016-04-07T10:04:00+05:30,17.3,17.33,17.25,17.26,
2016-04-07T10:05:00+05:30,17.26,17.3,17.26,17.26,
2016-04-07T10:06:00+05:30,17.26,17.29,17.26,17.27,
2016-04-07T10:07:00+05:30,17.27,17.29,17.26,17.27,
2016-04-07T10:08:00+05:30,17.28,17.29,17.24,17.24,
2016-04-07T10:09:00+05:30,17.25,17.31,17.24,17.28,
2016-04-07T10:10:00+05:30,17.28,17.28,17.25,17.26,
2016-04-07T10:11:00+05:30,17.26,17.27,17.22,17.27,
2016-04-07T10:12:00+05:30,17.25,17.27,17.23,17.23,
2016-04-07T10:13:00+05:30,17.23,17.27,17.23,17.25,
2016-04-07T10:14:00+05:30,17.25,17.25,17.23,17.24,
2016-04-07T10:15:00+05:30,17.24,17.25,17.23,17.24,
2016-04-07T10:16:00+05:30,17.24,17.27,17.23,17.26,
2016-04-07T10:17:00+05:30,17.26,17.27,17.24,17.25,
2016-04-07T10:18:00+05:30,17.25,17.25,17.21,17.21,
2016-04-07T10:19:00+05:30,17.21,17.26,17.21,17.26,
2016-04-07T10:20:00+05:30,17.25,17.26,17.24,17.24,
2016-04-07T10:21:00+05:30,17.25,17.25,17.19,17.19,
2016-04-07T10:22:00+05:30,17.19,17.2,17.15,17.15,
2016-04-07T10:23:00+05:30,17.14,17.16,17.12,17.12,
2016-04-07T10:24:00+05:30,17.13,17.14,17.11,17.13,
2016-04-07T10:25:00+05:30,17.13,17.15,17.11,17.15,
2016-04-07T10:26:00+05:30,17.15,17.15,17.11,17.11,
2016-04-07T10:27:00+05:30,17.11,17.16,17.11,17.14,
2016-04-07T10:28:00+05:30,17.14,17.14,17.1,17.11,
2016-04-07T10:29:00+05:30,17.11,17.15,17.11,17.14,
2016-04-07T10:30:00+05:30,17.13,17.16,17.12,17.14,
2016-04-07T10:31:00+05:30,17.14,17.16,17.09,17.15,
2016-04-07T10:32:00+05:30,17.14,17.18,17.14,17.17,
2016-04-07T10:33:00+05:30,17.17,17.19,17.17,17.17,
2016-04-07T10:34:00+05:30,17.18,17.19,17.16,17.18,
2016-04-07T10:35:00+05:30,17.19,17.19,17.12,17.15,
2016-04-07T10:36:00+05:30,17.14,17.17,17.12,17.16,
2016-04-07T10:37:00+05:30,17.16,17.16,17.14,17.14,
2016-04-07T10:38:00+05:30,17.15,17.18,17.12,17.17,
2016-04-07T10:39:00+05:30,17.18,17.19,17.1,17.11,
2016-04-07T10:40:00+05:30,17.13,17.15,17.13,17.15,
2016-04-07T10:41:00+05:30,17.15,17.18,17.15,17.18,
2016-04-07T10:42:00+05:30,17.17,17.18,17.12,17.12,
2016-04-07T10:43:00+05:30,17.13,17.14,17.1,17.11,
2016-04-07T10:44:00+05:30,17.12,17.12,17.05,17.06,
2016-04-07T10:45:00+05:30,17.07,17.07,17.03,17.03,
2016-04-07T10:46:00+05:30,17.03,17.04,16.97,17,
2016-04-07T10:47:00+05:30,17.01,17.01,16.84,16.84,
2016-04-07T10:48:00+05:30,16.8,16.84,16.74,16.84,
2016-04-07T10:49:00+05:30,16.84,16.85,16.81,16.81,
2016-04-07T10:50:00+05:30,16.81,16.87,16.8,16.85,
2016-04-07T10:51:00+05:30,16.86,16.88,16.84,16.84,
2016-04-07T10:52:00+05:30,16.84,16.87,16.83,16.84,
2016-04-07T10:53:00+05:30,16.84,16.84,16.77,16.8,
2016-04-07T10:54:00+05:30,16.8,16.84,16.78,16.83,
2016-04-07T10:55:00+05:30,16.82,16.84,16.79,16.82,
2016-04-07T10:56:00+05:30,16.82,16.85,16.79,16.79,
2016-04-07T10:57:00+05:30,16.79,16.81,16.78,16.8,
2016-04-07T10:58:00+05:30,16.8,16.81,16.78,16.81,
2016-04-07T10:59:00+05:30,16.81,16.82,16.79,16.8,
2016-04-07T11:00:00+05:30,16.8,16.87,16.8,16.87,
2016-04-07T11:01:00+05:30,16.88,16.91,16.87,16.87,
2016-04-07T11:02:00+05:30,16.87,16.91,16.85,16.9,
2016-04-07T11:03:00+05:30,16.9,16.9,16.85,16.86,
2016-04-07T11:04:00+05:30,16.86,16.88,16.85,16.87,
2016-04-07T11:05:00+05:30,16.87,16.92,16.87,16.9,
2016-04-07T11:06:00+05:30,16.9,16.91,16.88,16.88,
2016-04-07T11:07:00+05:30,16.87,16.88,16.84,16.86,
2016-04-07T11:08:00+05:30,16.85,16.87,16.84,16.87,
2016-04-07T11:09:00+05:30,16.87,16.88,16.85,16.85,
2016-04-07T11:10:00+05:30,16.85,16.86,16.81,16.81,
2016-04-07T11:11:00+05:30,16.82,16.83,16.81,16.82,
2016-04-07T11:12:00+05:30,16.82,16.86,16.82,16.84,
2016-04-07T11:13:00+05:30,16.84,16.85,16.81,16.85,
2016-04-07T11:14:00+05:30,16.84,16.88,16.83,16.87,
2016-04-07T11:15:00+05:30,16.86,16.89,16.84,16.89,
2016-04-07T11:16:00+05:30,16.89,16.89,16.87,16.87,
2016-04-07T11:17:00+05:30,16.87,16.91,16.87,16.87,
2016-04-07T11:18:00+05:30,16.87,16.87,16.84,16.84,
2016-04-07T11:19:00+05:30,16.84,16.87,16.82,16.83,
2016-04-07T11:20:00+05:30,16.83,16.84,16.8,16.81,
2016-04-07T11:21:00+05:30,16.8,16.83,16.8,16.83,
2016-04-07T11:22:00+05:30,16.83,16.84,16.81,16.83,
2016-04-07T11:23:00+05:30,16.84,16.85,16.79,16.79,
2016-04-07T11:24:00+05:30,16.8,16.87,16.8,16.87,
2016-04-07T11:25:00+05:30,16.87,16.87,16.85,16.87,
2016-04-07T11:26:00+05:30,16.86,16.88,16.85,16.87,
2016-04-07T11:27:00+05:30,16.87,16.87,16.81,16.85,
2016-04-07T11:28:00+05:30,16.85,16.85,16.83,16.83,
2016-04-07T11:29:00+05:30,16.84,16.85,16.83,16.84,
2016-04-07T11:30:00+05:30,16.84,16.86,16.82,16.82,
2016-04-07T11:31:00+05:30,16.82,16.83,16.78,16.8,
2016-04-07T11:32:00+05:30,16.8,16.81,16.76,16.76,
2016-04-07T11:33:00+05:30,16.76,16.79,16.7,16.7,
2016-04-07T11:34:00+05:30,16.69,16.71,16.61,16.7,
2016-04-07T11:35:00+05:30,16.7,16.72,16.63,16.63,
2016-04-07T11:36:00+05:30,16.63,16.69,16.61,16.69,
2016-04-07T11:37:00+05:30,16.69,16.76,16.69,16.71,
2016-04-07T11:38:00+05:30,16.71,16.82,16.71,16.81,
2016-04-07T11:39:00+05:30,16.81,16.85,16.8,16.84,
2016-04-07T11:40:00+05:30,16.84,16.85,16.83,16.85,
2016-04-07T11:41:00+05:30,16.84,16.87,16.83,16.87,
2016-04-07T11:42:00+05:30,16.87,16.9,16.87,16.9,
2016-04-07T11:43:00+05:30,16.89,16.89,16.84,16.87,
2016-04-07T11:44:00+05:30,16.87,16.89,16.86,16.86,
2016-04-07T11:45:00+05:30,16.86,16.86,16.8,16.81,
2016-04-07T11:46:00+05:30,16.81,16.84,16.79,16.79,
2016-04-07T11:47:00+05:30,16.8,16.85,16.8,16.85,
2016-04-07T11:48:00+05:30,16.86,16.89,16.86,16.86,
2016-04-07T11:49:00+05:30,16.87,16.87,16.83,16.83,
2016-04-07T11:50:00+05:30,16.83,16.85,16.82,16.84,
2016-04-07T11:51:00+05:30,16.84,16.91,16.82,16.91,
2016-04-07T11:52:00+05:30,16.91,16.91,16.87,16.89,
2016-04-07T11:53:00+05:30,16.89,16.93,16.88,16.9,
2016-04-07T11:54:00+05:30,16.91,16.91,16.85,16.85,
2016-04-07T11:55:00+05:30,16.85,16.87,16.85,16.86,
2016-04-07T11:56:00+05:30,16.86,16.92,16.86,16.92,
2016-04-07T11:57:00+05:30,16.92,16.94,16.91,16.93,
2016-04-07T11:58:00+05:30,16.93,16.93,16.89,16.9,
2016-04-07T11:59:00+05:30,16.9,16.95,16.9,16.94,
2016-04-07T12:00:00+05:30,16.94,16.95,16.93,16.94,
2016-04-07T12:01:00+05:30,16.94,16.94,16.89,16.94,
2016-04-07T12:02:00+05:30,16.94,16.94,16.91,16.93,
2016-04-07T12:03:00+05:30,16.93,16.93,16.86,16.88,
2016-04-07T12:04:00+05:30,16.87,16.92,16.86,16.91,
2016-04-07T12:05:00+05:30,16.91,16.96,16.91,16.94,
2016-04-07T12:06:00+05:30,16.93,16.94,16.9,16.9,
2016-04-07T12:07:00+05:30,16.9,16.98,16.9,16.95,
2016-04-07T12:08:00+05:30,16.97,16.97,16.91,16.91,
2016-04-07T12:09:00+05:30,16.89,16.89,16.87,16.88,
2016-04-07T12:10:00+05:30,16.87,16.89,16.86,16.89,
2016-04-07T12:11:00+05:30,16.88,16.88,16.85,16.88,
2016-04-07T12:12:00+05:30,16.88,16.9,16.87,16.9,
2016-04-07T12:13:00+05:30,16.9,16.9,16.81,16.81,
2016-04-07T12:14:00+05:30,16.81,16.84,16.81,16.84,
2016-04-07T12:15:00+05:30,16.84,16.85,16.84,16.84,
2016-04-07T12:16:00+05:30,16.85,16.85,16.8,16.83,
2016-04-07T12:17:00+05:30,16.84,16.85,16.82,16.84,
2016-04-07T12:18:00+05:30,16.84,16.84,16.82,16.82,
2016-04-07T12:19:00+05:30,16.83,16.83,16.79,16.82,
2016-04-07T12:20:00+05:30,16.82,16.84,16.82,16.83,
2016-04-07T12:21:00+05:30,16.83,16.85,16.82,16.84,
2016-04-07T12:22:00+05:30,16.84,16.84,16.79,16.82,
2016-04-07T12:23:00+05:30,16.82,16.85,16.81,16.83,
2016-04-07T12:24:00+05:30,16.83,16.85,16.82,16.83,
2016-04-07T12:25:00+05:30,16.83,16.86,16.83,16.86,
2016-04-07T12:26:00+05:30,16.86,16.9,16.85,16.9,
2016-04-07T12:27:00+05:30,16.9,16.9,16.88,16.89,
2016-04-07T12:28:00+05:30,16.9,16.91,16.85,16.85,
2016-04-07T12:29:00+05:30,16.86,16.91,16.86,16.91,
2016-04-07T12:30:00+05:30,16.92,16.95,16.89,16.94,
2016-04-07T12:31:00+05:30,16.93,16.94,16.89,16.93,
2016-04-07T12:32:00+05:30,16.94,16.97,16.91,16.93,
2016-04-07T12:33:00+05:30,16.94,16.97,16.93,16.95,
2016-04-07T12:34:00+05:30,16.95,16.97,16.88,16.91,
2016-04-07T12:35:00+05:30,16.9,16.94,16.88,16.9,
2016-04-07T12:36:00+05:30,16.9,16.94,16.87,16.92,
2016-04-07T12:37:00+05:30,16.92,16.96,16.91,16.91,
2016-04-07T12:38:00+05:30,16.92,16.94,16.86,16.9,
2016-04-07T12:39:00+05:30,16.91,17.01,16.91,16.98,
2016-04-07T12:40:00+05:30,16.97,16.99,16.94,16.98,
2016-04-07T12:41:00+05:30,16.98,17.02,16.94,16.95,
2016-04-07T12:42:00+05:30,16.96,16.97,16.94,16.96,
2016-04-07T12:43:00+05:30,16.95,16.95,16.91,16.95,
2016-04-07T12:44:00+05:30,16.96,16.97,16.95,16.96,
2016-04-07T12:45:00+05:30,16.96,17,16.94,16.94,
2016-04-07T12:46:00+05:30,16.95,16.99,16.95,16.99,
2016-04-07T12:47:00+05:30,16.98,16.99,16.94,16.99,
2016-04-07T12:48:00+05:30,16.99,17.02,16.97,17,
2016-04-07T12:49:00+05:30,17,17,16.94,16.95,
2016-04-07T12:50:00+05:30,16.94,16.96,16.93,16.96,
2016-04-07T12:51:00+05:30,16.96,16.99,16.95,16.97,
2016-04-07T12:52:00+05:30,16.98,16.99,16.93,16.94,
2016-04-07T12:53:00+05:30,16.94,16.96,16.93,16.95,
2016-04-07T12:54:00+05:30,16.95,16.96,16.93,16.94,
2016-04-07T12:55:00+05:30,16.94,16.95,16.85,16.86,
2016-04-07T12:56:00+05:30,16.86,16.88,16.84,16.84,
2016-04-07T12:57:00+05:30,16.84,16.87,16.82,16.84,
2016-04-07T12:58:00+05:30,16.84,16.88,16.84,16.85,
2016-04-07T12:59:00+05:30,16.85,16.85,16.82,16.84,
2016-04-07T13:00:00+05:30,16.84,16.86,16.83,16.85,
2016-04-07T13:01:00+05:30,16.85,16.88,16.85,16.85,
2016-04-07T13:02:00+05:30,16.85,16.86,16.82,16.86,
2016-04-07T13:03:00+05:30,16.86,16.87,16.85,16.87,
2016-04-07T13:04:00+05:30,16.87,16.89,16.85,16.89,
2016-04-07T13:05:00+05:30,16.88,16.91,16.86,16.9,
2016-04-07T13:06:00+05:30,16.9,16.92,16.89,16.91,
2016-04-07T13:07:00+05:30,16.91,16.92,16.87,16.89,
2016-04-07T13:08:00+05:30,16.89,16.93,16.87,16.9,
2016-04-07T13:09:00+05:30,16.9,16.92,16.9,16.91,
2016-04-07T13:10:00+05:30,16.93,17.01,16.92,16.99,
2016-04-07T13:11:00+05:30,16.99,17,16.93,16.95,
2016-04-07T13:12:00+05:30,16.96,16.97,16.94,16.94,
2016-04-07T13:13:00+05:30,16.94,16.97,16.94,16.97,
2016-04-07T13:14:00+05:30,16.97,17,16.97,16.98,
2016-04-07T13:15:00+05:30,16.99,16.99,16.96,16.96,
2016-04-07T13:16:00+05:30,16.95,16.97,16.94,16.95,
2016-04-07T13:17:00+05:30,16.95,16.99,16.95,16.97,
2016-04-07T13:18:00+05:30,16.97,17.02,16.97,16.99,
2016-04-07T13:19:00+05:30,16.99,17.02,16.99,17,
2016-04-07T13:20:00+05:30,17,17.01,16.99,16.99,
2016-04-07T13:21:00+05:30,16.99,17.04,16.99,17.04,
2016-04-07T13:22:00+05:30,17.05,17.06,17.04,17.05,
2016-04-07T13:23:00+05:30,17.05,17.06,17.03,17.06,
2016-04-07T13:24:00+05:30,17.06,17.07,17.02,17.02,
2016-04-07T13:25:00+05:30,17.03,17.03,16.97,16.99,
2016-04-07T13:26:00+05:30,16.99,17.03,16.98,17.03,
2016-04-07T13:27:00+05:30,17.03,17.06,17.01,17.03,
2016-04-07T13:28:00+05:30,17.03,17.04,17,17.04,
2016-04-07T13:29:00+05:30,17.04,17.06,17.02,17.02,
2016-04-07T13:30:00+05:30,17.02,17.06,17.01,17.04,
2016-04-07T13:31:00+05:30,17.04,17.05,17,17.01,
2016-04-07T13:32:00+05:30,17.01,17.02,16.94,16.98,
2016-04-07T13:33:00+05:30,16.99,17,16.96,17,
2016-04-07T13:34:00+05:30,17,17.02,16.95,16.97,
2016-04-07T13:35:00+05:30,16.98,16.99,16.93,16.94,
2016-04-07T13:36:00+05:30,16.92,16.96,16.92,16.95,
2016-04-07T13:37:00+05:30,16.96,16.97,16.94,16.97,
2016-04-07T13:38:00+05:30,16.97,16.99,16.96,16.97,
2016-04-07T13:39:00+05:30,16.98,16.99,16.92,16.92,
2016-04-07T13:40:00+05:30,16.91,16.92,16.85,16.87,
2016-04-07T13:41:00+05:30,16.88,16.93,16.87,16.91,
2016-04-07T13:42:00+05:30,16.91,16.94,16.9,16.92,
2016-04-07T13:43:00+05:30,16.92,16.92,16.87,16.88,
2016-04-07T13:44:00+05:30,16.87,16.88,16.84,16.84,
2016-04-07T13:45:00+05:30,16.85,16.88,16.85,16.88,
2016-04-07T13:46:00+05:30,16.87,16.91,16.87,16.88,
2016-04-07T13:47:00+05:30,16.88,16.92,16.86,16.86,
2016-04-07T13:48:00+05:30,16.86,16.87,16.84,16.86,
2016-04-07T13:49:00+05:30,16.86,16.89,16.84,16.88,
2016-04-07T13:50:00+05:30,16.88,16.89,16.85,16.86,
2016-04-07T13:51:00+05:30,16.86,16.94,16.86,16.91,
2016-04-07T13:52:00+05:30,16.91,16.95,16.91,16.94,
2016-04-07T13:53:00+05:30,16.95,16.95,16.91,16.92,
2016-04-07T13:54:00+05:30,16.91,16.92,16.86,16.89,
2016-04-07T13:55:00+05:30,16.9,16.9,16.86,16.87,
2016-04-07T13:56:00+05:30,16.86,16.88,16.84,16.87,
2016-04-07T13:57:00+05:30,16.87,16.88,16.85,16.88,
2016-04-07T13:58:00+05:30,16.87,16.88,16.84,16.85,
2016-04-07T13:59:00+05:30,16.85,16.87,16.85,16.86,
2016-04-07T14:00:00+05:30,16.86,16.87,16.86,16.86,
2016-04-07T14:01:00+05:30,16.88,16.92,16.87,16.91,
2016-04-07T14:02:00+05:30,16.92,16.92,16.9,16.9,
2016-04-07T14:03:00+05:30,16.9,16.94,16.89,16.92,
2016-04-07T14:04:00+05:30,16.92,16.94,16.91,16.92,
2016-04-07T14:05:00+05:30,16.91,16.92,16.89,16.89,
2016-04-07T14:06:00+05:30,16.89,16.95,16.89,16.94,
2016-04-07T14:07:00+05:30,16.92,16.95,16.92,16.95,
2016-04-07T14:08:00+05:30,16.95,16.95,16.92,16.92,
2016-04-07T14:09:00+05:30,16.92,16.94,16.91,16.94,
2016-04-07T14:10:00+05:30,16.94,16.95,16.92,16.93,
2016-04-07T14:11:00+05:30,16.92,16.93,16.91,16.91,
2016-04-07T14:12:00+05:30,16.91,16.92,16.89,16.92,
2016-04-07T14:13:00+05:30,16.92,16.98,16.92,16.97,
2016-04-07T14:14:00+05:30,16.97,17,16.96,17,
2016-04-07T14:15:00+05:30,17,17.01,16.99,16.99,
2016-04-07T14:16:00+05:30,16.99,17.03,16.99,17,
2016-04-07T14:17:00+05:30,17.01,17.02,16.94,16.95,
2016-04-07T14:18:00+05:30,16.95,16.96,16.92,16.93,
2016-04-07T14:19:00+05:30,16.93,16.98,16.93,16.96,
2016-04-07T14:20:00+05:30,16.96,16.99,16.96,16.98,
2016-04-07T14:21:00+05:30,16.98,17,16.96,16.98,
2016-04-07T14:22:00+05:30,16.98,17.01,16.98,16.99,
2016-04-07T14:23:00+05:30,16.99,17.01,16.99,17.01,
2016-04-07T14:24:00+05:30,17.01,17.02,16.98,17,
2016-04-07T14:25:00+05:30,16.99,17,16.94,16.95,
2016-04-07T14:26:00+05:30,16.95,16.95,16.89,16.91,
2016-04-07T14:27:00+05:30,16.91,16.94,16.89,16.92,
2016-04-07T14:28:00+05:30,16.92,16.98,16.91,16.96,
2016-04-07T14:29:00+05:30,16.95,17.17,16.94,17.16,
2016-04-07T14:30:00+05:30,17.17,17.19,17.15,17.18,
2016-04-07T14:31:00+05:30,17.17,17.17,17.12,17.15,
2016-04-07T14:32:00+05:30,17.15,17.17,17.12,17.13,
2016-04-07T14:33:00+05:30,17.13,17.17,17.13,17.15,
2016-04-07T14:34:00+05:30,17.16,17.16,17.13,17.14,
2016-04-07T14:35:00+05:30,17.14,17.15,16.92,16.92,
2016-04-07T14:36:00+05:30,16.92,16.94,16.9,16.92,
2016-04-07T14:37:00+05:30,16.92,16.96,16.91,16.95,
2016-04-07T14:38:00+05:30,16.95,16.96,16.93,16.96,
2016-04-07T14:39:00+05:30,16.96,16.97,16.94,16.95,
2016-04-07T14:40:00+05:30,16.95,16.96,16.94,16.95,
2016-04-07T14:41:00+05:30,16.95,16.95,16.91,16.93,
2016-04-07T14:42:00+05:30,16.93,16.96,16.93,16.95,
2016-04-07T14:43:00+05:30,16.94,16.94,16.91,16.91,
2016-04-07T14:44:00+05:30,16.92,16.95,16.92,16.92,
2016-04-07T14:45:00+05:30,16.91,16.93,16.9,16.91,
2016-04-07T14:46:00+05:30,16.91,16.92,16.9,16.91,
2016-04-07T14:47:00+05:30,16.91,16.93,16.9,16.91,
2016-04-07T14:48:00+05:30,16.91,16.94,16.91,16.91,
2016-04-07T14:49:00+05:30,16.91,16.94,16.9,16.94,
2016-04-07T14:50:00+05:30,16.94,16.94,16.91,16.92,
2016-04-07T14:51:00+05:30,16.93,16.96,16.93,16.93,
2016-04-07T14:52:00+05:30,16.93,16.99,16.93,16.99,
2016-04-07T14:53:00+05:30,16.99,17,16.97,16.99,
2016-04-07T14:54:00+05:30,17.01,17.01,16.98,16.98,
2016-04-07T14:55:00+05:30,16.99,16.99,16.96,16.98,
2016-04-07T14:56:00+05:30,16.98,16.98,16.93,16.94,
2016-04-07T14:57:00+05:30,16.95,16.99,16.94,16.98,
2016-04-07T14:58:00+05:30,16.98,17,16.97,16.99,
2016-04-07T14:59:00+05:30,16.99,17.03,16.98,17.03,
2016-04-07T15:00:00+05:30,17.02,17.02,16.96,16.96,
2016-04-07T15:01:00+05:30,16.95,17.15,16.92,17.15,
2016-04-07T15:02:00+05:30,17.15,17.15,17.12,17.13,
2016-04-07T15:03:00+05:30,17.13,17.14,16.93,16.93,
2016-04-07T15:04:00+05:30,16.93,16.94,16.89,16.91,
2016-04-07T15:05:00+05:30,16.91,16.95,16.91,16.95,
2016-04-07T15:06:00+05:30,16.96,16.98,16.95,16.98,
2016-04-07T15:07:00+05:30,16.97,17,16.97,16.98,
2016-04-07T15:08:00+05:30,16.99,16.99,16.92,16.97,
2016-04-07T15:09:00+05:30,16.98,17.02,16.98,16.99,
2016-04-07T15:10:00+05:30,16.98,16.98,16.94,16.98,
2016-04-07T15:11:00+05:30,16.97,17,16.96,16.98,
2016-04-07T15:12:00+05:30,16.98,17,16.97,16.97,
2016-04-07T15:13:00+05:30,16.98,17.01,16.97,17.01,
2016-04-07T15:14:00+05:30,17.02,17.02,16.97,16.97,
2016-04-07T15:15:00+05:30,16.97,17,16.95,16.98,
2016-04-07T15:16:00+05:30,16.99,17,16.98,16.99,
2016-04-07T15:17:00+05:30,16.99,16.99,16.94,16.95,
2016-04-07T15:18:00+05:30,16.95,16.97,16.93,16.93,
2016-04-07T15:19:00+05:30,16.93,16.95,16.92,16.93,
2016-04-07T15:20:00+05:30,16.92,16.93,16.91,16.92,
2016-04-07T15:21:00+05:30,16.91,16.91,16.85,16.86,
2016-04-07T15:22:00+05:30,16.86,16.87,16.85,16.86,
2016-04-07T15:23:00+05:30,16.86,16.88,16.86,16.87,
2016-04-07T15:24:00+05:30,16.88,16.89,16.83,16.84,
2016-04-07T15:25:00+05:30,16.84,16.86,16.82,16.83,
2016-04-07T15:26:00+05:30,16.82,16.85,16.82,16.83,
2016-04-07T15:27:00+05:30,16.83,16.86,16.83,16.85,
2016-04-07T15:28:00+05:30,16.85,16.87,16.81,16.84,
2016-04-07T15:29:00+05:30,16.84,16.89,16.82,16.82,
2016-04-08T09:15:00+05:30,16.94,16.94,15.2,16.61,
2016-04-08T09:16:00+05:30,16.61,16.82,16.61,16.79,
2016-04-08T09:17:00+05:30,16.79,16.79,16.72,16.72,
2016-04-08T09:18:00+05:30,16.72,16.73,16.67,16.67,
2016-04-08T09:19:00+05:30,16.65,16.65,16.53,16.53,
2016-04-08T09:20:00+05:30,16.54,16.6,16.5,16.5,
2016-04-08T09:21:00+05:30,16.49,16.56,16.49,16.54,
2016-04-08T09:22:00+05:30,16.53,16.53,16.49,16.51,
2016-04-08T09:23:00+05:30,16.51,16.51,16.49,16.5,
2016-04-08T09:24:00+05:30,16.51,16.53,16.5,16.52,
2016-04-08T09:25:00+05:30,16.52,16.52,16.48,16.48,
2016-04-08T09:26:00+05:30,16.48,16.52,16.48,16.52,
2016-04-08T09:27:00+05:30,16.52,16.54,16.51,16.54,
2016-04-08T09:28:00+05:30,16.54,16.57,16.54,16.57,
2016-04-08T09:29:00+05:30,16.57,16.61,16.56,16.57,
2016-04-08T09:30:00+05:30,16.59,16.6,16.57,16.59,
2016-04-08T09:31:00+05:30,16.58,16.6,16.55,16.6,
2016-04-08T09:32:00+05:30,16.61,16.61,16.55,16.57,
2016-04-08T09:33:00+05:30,16.56,16.57,16.52,16.55,
2016-04-08T09:34:00+05:30,16.55,16.55,16.53,16.54,
2016-04-08T09:35:00+05:30,16.54,16.56,16.53,16.55,
2016-04-08T09:36:00+05:30,16.55,16.59,16.55,16.56,
2016-04-08T09:37:00+05:30,16.55,16.57,16.53,16.57,
2016-04-08T09:38:00+05:30,16.57,16.57,16.54,16.54,
2016-04-08T09:39:00+05:30,16.54,16.54,16.5,16.5,
2016-04-08T09:40:00+05:30,16.5,16.51,16.49,16.49,
2016-04-08T09:41:00+05:30,16.49,16.55,16.49,16.53,
2016-04-08T09:42:00+05:30,16.52,16.56,16.49,16.49,
2016-04-08T09:43:00+05:30,16.49,16.59,16.49,16.58,
2016-04-08T09:44:00+05:30,16.57,16.61,16.57,16.61,
2016-04-08T09:45:00+05:30,16.6,16.6,16.58,16.6,
2016-04-08T09:46:00+05:30,16.59,16.59,16.54,16.56,
2016-04-08T09:47:00+05:30,16.55,16.58,16.55,16.57,
2016-04-08T09:48:00+05:30,16.57,16.57,16.55,16.55,
2016-04-08T09:49:00+05:30,16.55,16.56,16.52,16.53,
2016-04-08T09:50:00+05:30,16.53,16.57,16.53,16.55,
2016-04-08T09:51:00+05:30,16.55,16.57,16.54,16.56,
2016-04-08T09:52:00+05:30,16.57,16.57,16.54,16.56,
2016-04-08T09:53:00+05:30,16.57,16.57,16.53,16.53,
2016-04-08T09:54:00+05:30,16.53,16.54,16.52,16.52,
2016-04-08T09:55:00+05:30,16.52,16.52,16.48,16.49,
2016-04-08T09:56:00+05:30,16.5,16.52,16.48,16.51,
2016-04-08T09:57:00+05:30,16.51,16.52,16.49,16.5,
2016-04-08T09:58:00+05:30,16.49,16.51,16.46,16.48,
2016-04-08T09:59:00+05:30,16.48,16.5,16.47,16.47,
2016-04-08T10:00:00+05:30,16.46,16.48,16.45,16.48,
2016-04-08T10:01:00+05:30,16.48,16.5,16.47,16.48,
2016-04-08T10:02:00+05:30,16.49,16.5,16.48,16.48,
2016-04-08T10:03:00+05:30,16.48,16.5,16.47,16.48,
2016-04-08T10:04:00+05:30,16.48,16.49,16.43,16.43,
2016-04-08T10:05:00+05:30,16.45,16.48,16.41,16.48,
2016-04-08T10:06:00+05:30,16.48,16.5,16.47,16.49,
2016-04-08T10:07:00+05:30,16.49,16.52,16.48,16.49,
2016-04-08T10:08:00+05:30,16.5,16.53,16.5,16.5,
2016-04-08T10:09:00+05:30,16.5,16.51,16.49,16.5,
2016-04-08T10:10:00+05:30,16.5,16.5,16.48,16.5,
2016-04-08T10:11:00+05:30,16.5,16.51,16.49,16.49,
2016-04-08T10:12:00+05:30,16.48,16.5,16.46,16.47,
2016-04-08T10:13:00+05:30,16.46,16.47,16.42,16.47,
2016-04-08T10:14:00+05:30,16.45,16.47,16.44,16.46,
2016-04-08T10:15:00+05:30,16.45,16.46,16.42,16.45,
2016-04-08T10:16:00+05:30,16.45,16.47,16.43,16.45,
2016-04-08T10:17:00+05:30,16.44,16.45,16.38,16.39,
2016-04-08T10:18:00+05:30,16.39,16.44,16.39,16.43,
2016-04-08T10:19:00+05:30,16.43,16.44,16.4,16.4,
2016-04-08T10:20:00+05:30,16.4,16.41,16.37,16.37,
2016-04-08T10:21:00+05:30,16.37,16.39,16.35,16.36,
2016-04-08T10:22:00+05:30,16.36,16.4,16.36,16.39,
2016-04-08T10:23:00+05:30,16.37,16.39,16.36,16.38,
2016-04-08T10:24:00+05:30,16.37,16.41,16.37,16.41,
2016-04-08T10:25:00+05:30,16.42,16.42,16.38,16.4,
2016-04-08T10:26:00+05:30,16.4,16.43,16.39,16.4,
2016-04-08T10:27:00+05:30,16.42,16.44,16.4,16.43,
2016-04-08T10:28:00+05:30,16.43,16.44,16.42,16.43,
2016-04-08T10:29:00+05:30,16.43,16.44,16.42,16.43,
2016-04-08T10:30:00+05:30,16.43,16.45,16.41,16.42,
2016-04-08T10:31:00+05:30,16.42,16.45,16.42,16.43,
2016-04-08T10:32:00+05:30,16.42,16.44,16.42,16.44,
2016-04-08T10:33:00+05:30,16.44,16.45,16.42,16.43,
2016-04-08T10:34:00+05:30,16.43,16.43,16.41,16.43,
2016-04-08T10:35:00+05:30,16.43,16.44,16.4,16.41,
2016-04-08T10:36:00+05:30,16.41,16.44,16.41,16.41,
2016-04-08T10:37:00+05:30,16.4,16.41,16.38,16.39,
2016-04-08T10:38:00+05:30,16.39,16.4,16.36,16.39,
2016-04-08T10:39:00+05:30,16.38,16.41,16.38,16.39,
2016-04-08T10:40:00+05:30,16.39,16.4,16.37,16.37,
2016-04-08T10:41:00+05:30,16.37,16.39,16.36,16.36,
2016-04-08T10:42:00+05:30,16.37,16.39,16.35,16.39,
2016-04-08T10:43:00+05:30,16.38,16.43,16.37,16.43,
2016-04-08T10:44:00+05:30,16.43,16.43,16.4,16.41,
2016-04-08T10:45:00+05:30,16.4,16.4,16.37,16.37,
2016-04-08T10:46:00+05:30,16.37,16.39,16.36,16.38,
2016-04-08T10:47:00+05:30,16.37,16.4,16.36,16.39,
2016-04-08T10:48:00+05:30,16.4,16.42,16.4,16.4,
2016-04-08T10:49:00+05:30,16.39,16.4,16.34,16.36,
2016-04-08T10:50:00+05:30,16.36,16.36,16.31,16.32,
2016-04-08T10:51:00+05:30,16.31,16.34,16.31,16.34,
2016-04-08T10:52:00+05:30,16.34,16.35,16.33,16.34,
2016-04-08T10:53:00+05:30,16.33,16.33,16.3,16.31,
2016-04-08T10:54:00+05:30,16.31,16.32,16.27,16.27,
2016-04-08T10:55:00+05:30,16.28,16.29,16.25,16.27,
2016-04-08T10:56:00+05:30,16.27,16.29,16.27,16.28,
2016-04-08T10:57:00+05:30,16.28,16.31,16.28,16.31,
2016-04-08T10:58:00+05:30,16.3,16.3,16.28,16.29,
2016-04-08T10:59:00+05:30,16.3,16.33,16.29,16.32,
2016-04-08T11:00:00+05:30,16.32,16.33,16.3,16.32,
2016-04-08T11:01:00+05:30,16.33,16.33,16.29,16.31,
2016-04-08T11:02:00+05:30,16.3,16.3,16.22,16.22,
2016-04-08T11:03:00+05:30,16.22,16.26,16.22,16.25,
2016-04-08T11:04:00+05:30,16.25,16.27,16.24,16.27,
2016-04-08T11:05:00+05:30,16.27,16.27,16.2,16.22,
2016-04-08T11:06:00+05:30,16.23,16.26,16.22,16.26,
2016-04-08T11:07:00+05:30,16.26,16.27,16.24,16.27,
2016-04-08T11:08:00+05:30,16.28,16.28,16.25,16.25,
2016-04-08T11:09:00+05:30,16.26,16.26,16.24,16.25,
2016-04-08T11:10:00+05:30,16.25,16.26,16.24,16.25,
2016-04-08T11:11:00+05:30,16.24,16.25,16.24,16.25,
2016-04-08T11:12:00+05:30,16.25,16.27,16.25,16.27,
2016-04-08T11:13:00+05:30,16.27,16.28,16.26,16.28,
2016-04-08T11:14:00+05:30,16.28,16.3,16.26,16.29,
2016-04-08T11:15:00+05:30,16.3,16.33,16.3,16.32,
2016-04-08T11:16:00+05:30,16.32,16.32,16.29,16.3,
2016-04-08T11:17:00+05:30,16.29,16.3,16.28,16.3,
2016-04-08T11:18:00+05:30,16.3,16.3,16.27,16.28,
2016-04-08T11:19:00+05:30,16.28,16.31,16.26,16.31,
2016-04-08T11:20:00+05:30,16.31,16.31,16.28,16.3,
2016-04-08T11:21:00+05:30,16.29,16.31,16.29,16.3,
2016-04-08T11:22:00+05:30,16.3,16.33,16.29,16.33,
2016-04-08T11:23:00+05:30,16.33,16.34,16.31,16.32,
2016-04-08T11:24:00+05:30,16.32,16.33,16.29,16.3,
2016-04-08T11:25:00+05:30,16.3,16.33,16.3,16.32,
2016-04-08T11:26:00+05:30,16.32,16.34,16.32,16.33,
2016-04-08T11:27:00+05:30,16.33,16.33,16.3,16.31,
2016-04-08T11:28:00+05:30,16.32,16.33,16.3,16.32,
2016-04-08T11:29:00+05:30,16.33,16.34,16.32,16.33,
2016-04-08T11:30:00+05:30,16.33,16.36,16.32,16.36,
2016-04-08T11:31:00+05:30,16.35,16.35,16.33,16.34,
2016-04-08T11:32:00+05:30,16.34,16.35,16.33,16.35,
2016-04-08T11:33:00+05:30,16.36,16.36,16.32,16.34,
2016-04-08T11:34:00+05:30,16.34,16.36,16.3,16.31,
2016-04-08T11:35:00+05:30,16.3,16.31,16.29,16.3,
2016-04-08T11:36:00+05:30,16.3,16.33,16.28,16.33,
2016-04-08T11:37:00+05:30,16.33,16.35,16.31,16.32,
2016-04-08T11:38:00+05:30,16.33,16.34,16.31,16.33,
2016-04-08T11:39:00+05:30,16.34,16.35,16.33,16.34,
2016-04-08T11:40:00+05:30,16.34,16.36,16.32,16.35,
2016-04-08T11:41:00+05:30,16.35,16.37,16.34,16.36,
2016-04-08T11:42:00+05:30,16.36,16.4,16.36,16.38,
2016-04-08T11:43:00+05:30,16.39,16.39,16.35,16.36,
2016-04-08T11:44:00+05:30,16.36,16.37,16.33,16.33,
2016-04-08T11:45:00+05:30,16.33,16.36,16.32,16.35,
2016-04-08T11:46:00+05:30,16.35,16.38,16.35,16.38,
2016-04-08T11:47:00+05:30,16.38,16.38,16.35,16.35,
2016-04-08T11:48:00+05:30,16.35,16.35,16.33,16.34,
2016-04-08T11:49:00+05:30,16.33,16.34,16.33,16.34,
2016-04-08T11:50:00+05:30,16.34,16.35,16.33,16.34,
2016-04-08T11:51:00+05:30,16.34,16.36,16.34,16.36,
2016-04-08T11:52:00+05:30,16.36,16.38,16.36,16.38,
2016-04-08T11:53:00+05:30,16.38,16.4,16.38,16.39,
2016-04-08T11:54:00+05:30,16.39,16.4,16.38,16.39,
2016-04-08T11:55:00+05:30,16.37,16.38,16.33,16.33,
2016-04-08T11:56:00+05:30,16.33,16.37,16.33,16.37,
2016-04-08T11:57:00+05:30,16.38,16.38,16.37,16.37,
2016-04-08T11:58:00+05:30,16.37,16.38,16.37,16.37,
2016-04-08T11:59:00+05:30,16.36,16.37,16.35,16.36,
2016-04-08T12:00:00+05:30,16.35,16.36,16.34,16.35,
2016-04-08T12:01:00+05:30,16.35,16.37,16.33,16.33,
2016-04-08T12:02:00+05:30,16.34,16.34,16.31,16.34,
2016-04-08T12:03:00+05:30,16.33,16.37,16.33,16.36,
2016-04-08T12:04:00+05:30,16.36,16.38,16.35,16.37,
2016-04-08T12:05:00+05:30,16.36,16.39,16.36,16.38,
2016-04-08T12:06:00+05:30,16.38,16.39,16.36,16.37,
2016-04-08T12:07:00+05:30,16.36,16.38,16.36,16.37,
2016-04-08T12:08:00+05:30,16.37,16.38,16.36,16.38,
2016-04-08T12:09:00+05:30,16.38,16.38,16.36,16.37,
2016-04-08T12:10:00+05:30,16.37,16.38,16.36,16.37,
2016-04-08T12:11:00+05:30,16.37,16.38,16.37,16.38,
2016-04-08T12:12:00+05:30,16.38,16.38,16.34,16.35,
2016-04-08T12:13:00+05:30,16.34,16.35,16.33,16.34,
2016-04-08T12:14:00+05:30,16.34,16.35,16.33,16.34,
2016-04-08T12:15:00+05:30,16.35,16.35,16.33,16.34,
2016-04-08T12:16:00+05:30,16.35,16.35,16.31,16.32,
2016-04-08T12:17:00+05:30,16.32,16.33,16.32,16.33,
2016-04-08T12:18:00+05:30,16.33,16.33,16.31,16.32,
2016-04-08T12:19:00+05:30,16.32,16.35,16.31,16.34,
2016-04-08T12:20:00+05:30,16.34,16.35,16.33,16.34,
2016-04-08T12:21:00+05:30,16.33,16.33,16.32,16.32,
2016-04-08T12:22:00+05:30,16.32,16.36,16.32,16.34,
2016-04-08T12:23:00+05:30,16.34,16.36,16.32,16.34,
2016-04-08T12:24:00+05:30,16.34,16.34,16.33,16.33,
2016-04-08T12:25:00+05:30,16.32,16.34,16.31,16.33,
2016-04-08T12:26:00+05:30,16.33,16.37,16.32,16.36,
2016-04-08T12:27:00+05:30,16.37,16.37,16.33,16.35,
2016-04-08T12:28:00+05:30,16.35,16.39,16.34,16.39,
2016-04-08T12:29:00+05:30,16.39,16.4,16.36,16.36,
2016-04-08T12:30:00+05:30,16.36,16.37,16.33,16.35,
2016-04-08T12:31:00+05:30,16.35,16.37,16.34,16.35,
2016-04-08T12:32:00+05:30,16.36,16.36,16.3,16.34,
2016-04-08T12:33:00+05:30,16.34,16.35,16.33,16.33,
2016-04-08T12:34:00+05:30,16.33,16.36,16.33,16.34,
2016-04-08T12:35:00+05:30,16.34,16.36,16.3,16.31,
2016-04-08T12:36:00+05:30,16.31,16.31,16.28,16.28,
2016-04-08T12:37:00+05:30,16.29,16.29,16.24,16.28,
2016-04-08T12:38:00+05:30,16.28,16.31,16.26,16.26,
2016-04-08T12:39:00+05:30,16.26,16.29,16.26,16.27,
2016-04-08T12:40:00+05:30,16.27,16.3,16.26,16.27,
2016-04-08T12:41:00+05:30,16.27,16.31,16.27,16.3,
2016-04-08T12:42:00+05:30,16.3,16.32,16.29,16.31,
2016-04-08T12:43:00+05:30,16.31,16.32,16.28,16.29,
2016-04-08T12:44:00+05:30,16.29,16.32,16.28,16.28,
2016-04-08T12:45:00+05:30,16.29,16.3,16.28,16.3,
2016-04-08T12:46:00+05:30,16.3,16.31,16.28,16.3,
2016-04-08T12:47:00+05:30,16.3,16.33,16.29,16.31,
2016-04-08T12:48:00+05:30,16.31,16.33,16.29,16.31,
2016-04-08T12:49:00+05:30,16.31,16.32,16.26,16.27,
2016-04-08T12:50:00+05:30,16.28,16.3,16.28,16.3,
2016-04-08T12:51:00+05:30,16.3,16.31,16.3,16.3,
2016-04-08T12:52:00+05:30,16.3,16.31,16.27,16.29,
2016-04-08T12:53:00+05:30,16.29,16.3,16.28,16.29,
2016-04-08T12:54:00+05:30,16.29,16.3,16.28,16.29,
2016-04-08T12:55:00+05:30,16.3,16.32,16.29,16.3,
2016-04-08T12:56:00+05:30,16.3,16.32,16.29,16.3,
2016-04-08T12:57:00+05:30,16.31,16.32,16.3,16.3,
2016-04-08T12:58:00+05:30,16.31,16.32,16.29,16.3,
2016-04-08T12:59:00+05:30,16.3,16.33,16.29,16.33,
2016-04-08T13:00:00+05:30,16.33,16.33,16.3,16.31,
2016-04-08T13:01:00+05:30,16.31,16.35,16.31,16.35,
2016-04-08T13:02:00+05:30,16.35,16.38,16.35,16.38,
2016-04-08T13:03:00+05:30,16.38,16.38,16.32,16.32,
2016-04-08T13:04:00+05:30,16.34,16.34,16.32,16.33,
2016-04-08T13:05:00+05:30,16.33,16.34,16.32,16.34,
2016-04-08T13:06:00+05:30,16.34,16.36,16.34,16.36,
2016-04-08T13:07:00+05:30,16.36,16.36,16.32,16.32,
2016-04-08T13:08:00+05:30,16.32,16.32,16.3,16.31,
2016-04-08T13:09:00+05:30,16.31,16.32,16.31,16.32,
2016-04-08T13:10:00+05:30,16.32,16.32,16.28,16.29,
2016-04-08T13:11:00+05:30,16.29,16.47,16.25,16.45,
2016-04-08T13:12:00+05:30,16.45,16.49,16.44,16.48,
2016-04-08T13:13:00+05:30,16.48,16.51,16.48,16.51,
2016-04-08T13:14:00+05:30,16.5,16.5,16.46,16.49,
2016-04-08T13:15:00+05:30,16.49,16.49,16.45,16.45,
2016-04-08T13:16:00+05:30,16.45,16.47,16.45,16.46,
2016-04-08T13:17:00+05:30,16.45,16.5,16.44,16.48,
2016-04-08T13:18:00+05:30,16.48,16.49,16.46,16.48,
2016-04-08T13:19:00+05:30,16.46,16.49,16.46,16.48,
2016-04-08T13:20:00+05:30,16.47,16.51,16.47,16.51,
2016-04-08T13:21:00+05:30,16.51,16.52,16.5,16.51,
2016-04-08T13:22:00+05:30,16.5,16.5,16.49,16.5,
2016-04-08T13:23:00+05:30,16.5,16.51,16.45,16.46,
2016-04-08T13:24:00+05:30,16.46,16.5,16.45,16.48,
2016-04-08T13:25:00+05:30,16.48,16.48,16.44,16.45,
2016-04-08T13:26:00+05:30,16.46,16.49,16.45,16.49,
2016-04-08T13:27:00+05:30,16.49,16.5,16.47,16.48,
2016-04-08T13:28:00+05:30,16.47,16.48,16.47,16.47,
2016-04-08T13:29:00+05:30,16.47,16.49,16.46,16.49,
2016-04-08T13:30:00+05:30,16.49,16.49,16.44,16.44,
2016-04-08T13:31:00+05:30,16.43,16.44,16.41,16.42,
2016-04-08T13:32:00+05:30,16.42,16.46,16.42,16.43,
2016-04-08T13:33:00+05:30,16.44,16.46,16.42,16.46,
2016-04-08T13:34:00+05:30,16.45,16.48,16.45,16.45,
2016-04-08T13:35:00+05:30,16.45,16.47,16.43,16.47,
2016-04-08T13:36:00+05:30,16.47,16.5,16.45,16.5,
2016-04-08T13:37:00+05:30,16.5,16.51,16.49,16.51,
2016-04-08T13:38:00+05:30,16.51,16.53,16.51,16.51,
2016-04-08T13:39:00+05:30,16.51,16.53,16.5,16.52,
2016-04-08T13:40:00+05:30,16.52,16.53,16.49,16.5,
2016-04-08T13:41:00+05:30,16.5,16.52,16.48,16.51,
2016-04-08T13:42:00+05:30,16.51,16.53,16.5,16.51,
2016-04-08T13:43:00+05:30,16.51,16.56,16.51,16.55,
2016-04-08T13:44:00+05:30,16.55,16.57,16.54,16.55,
2016-04-08T13:45:00+05:30,16.56,16.58,16.54,16.56,
2016-04-08T13:46:00+05:30,16.56,16.56,16.52,16.56,
2016-04-08T13:47:00+05:30,16.56,16.57,16.52,16.54,
2016-04-08T13:48:00+05:30,16.54,16.55,16.5,16.5,
2016-04-08T13:49:00+05:30,16.5,16.5,16.48,16.49,
2016-04-08T13:50:00+05:30,16.49,16.54,16.48,16.53,
2016-04-08T13:51:00+05:30,16.53,16.53,16.5,16.5,
2016-04-08T13:52:00+05:30,16.5,16.52,16.48,16.5,
2016-04-08T13:53:00+05:30,16.5,16.53,16.48,16.53,
2016-04-08T13:54:00+05:30,16.52,16.52,16.5,16.51,
2016-04-08T13:55:00+05:30,16.5,16.51,16.49,16.5,
2016-04-08T13:56:00+05:30,16.5,16.54,16.5,16.51,
2016-04-08T13:57:00+05:30,16.5,16.5,16.48,16.49,
2016-04-08T13:58:00+05:30,16.49,16.49,16.47,16.47,
2016-04-08T13:59:00+05:30,16.47,16.48,16.43,16.43,
2016-04-08T14:00:00+05:30,16.44,16.46,16.42,16.46,
2016-04-08T14:01:00+05:30,16.46,16.49,16.45,16.49,
2016-04-08T14:02:00+05:30,16.5,16.52,16.49,16.5,
2016-04-08T14:03:00+05:30,16.5,16.53,16.49,16.53,
2016-04-08T14:04:00+05:30,16.53,16.54,16.51,16.52,
2016-04-08T14:05:00+05:30,16.52,16.52,16.49,16.5,
2016-04-08T14:06:00+05:30,16.5,16.53,16.5,16.52,
2016-04-08T14:07:00+05:30,16.52,16.54,16.5,16.52,
2016-04-08T14:08:00+05:30,16.52,16.54,16.52,16.52,
2016-04-08T14:09:00+05:30,16.52,16.54,16.52,16.54,
2016-04-08T14:10:00+05:30,16.54,16.58,16.54,16.56,
2016-04-08T14:11:00+05:30,16.56,16.57,16.55,16.55,
2016-04-08T14:12:00+05:30,16.55,16.55,16.52,16.52,
2016-04-08T14:13:00+05:30,16.52,16.54,16.52,16.53,
2016-04-08T14:14:00+05:30,16.55,16.55,16.52,16.53,
2016-04-08T14:15:00+05:30,16.53,16.56,16.53,16.54,
2016-04-08T14:16:00+05:30,16.54,16.57,16.52,16.52,
2016-04-08T14:17:00+05:30,16.51,16.51,16.48,16.49,
2016-04-08T14:18:00+05:30,16.48,16.53,16.48,16.51,
2016-04-08T14:19:00+05:30,16.51,16.52,16.48,16.48,
2016-04-08T14:20:00+05:30,16.49,16.52,16.47,16.5,
2016-04-08T14:21:00+05:30,16.5,16.53,16.5,16.5,
2016-04-08T14:22:00+05:30,16.5,16.53,16.5,16.52,
2016-04-08T14:23:00+05:30,16.52,16.52,16.49,16.5,
2016-04-08T14:24:00+05:30,16.5,16.53,16.5,16.51,
2016-04-08T14:25:00+05:30,16.51,16.52,16.5,16.5,
2016-04-08T14:26:00+05:30,16.5,16.53,16.5,16.52,
2016-04-08T14:27:00+05:30,16.52,16.54,16.52,16.53,
2016-04-08T14:28:00+05:30,16.53,16.56,16.52,16.55,
2016-04-08T14:29:00+05:30,16.54,16.57,16.54,16.56,
2016-04-08T14:30:00+05:30,16.55,16.56,16.54,16.56,
2016-04-08T14:31:00+05:30,16.56,16.57,16.5,16.5,
2016-04-08T14:32:00+05:30,16.51,16.51,16.43,16.44,
2016-04-08T14:33:00+05:30,16.44,16.5,16.43,16.45,
2016-04-08T14:34:00+05:30,16.46,16.49,16.45,16.48,
2016-04-08T14:35:00+05:30,16.48,16.48,16.43,16.47,
2016-04-08T14:36:00+05:30,16.47,16.48,16.43,16.47,
2016-04-08T14:37:00+05:30,16.47,16.48,16.46,16.48,
2016-04-08T14:38:00+05:30,16.48,16.5,16.48,16.5,
2016-04-08T14:39:00+05:30,16.49,16.49,16.47,16.48,
2016-04-08T14:40:00+05:30,16.49,16.49,16.45,16.47,
2016-04-08T14:41:00+05:30,16.48,16.48,16.45,16.46,
2016-04-08T14:42:00+05:30,16.47,16.49,16.46,16.49,
2016-04-08T14:43:00+05:30,16.5,16.51,16.44,16.45,
2016-04-08T14:44:00+05:30,16.45,16.54,16.45,16.54,
2016-04-08T14:45:00+05:30,16.54,16.57,16.52,16.57,
2016-04-08T14:46:00+05:30,16.57,16.57,16.53,16.53,
2016-04-08T14:47:00+05:30,16.53,16.55,16.52,16.52,
2016-04-08T14:48:00+05:30,16.52,16.53,16.51,16.52,
2016-04-08T14:49:00+05:30,16.52,16.57,16.5,16.56,
2016-04-08T14:50:00+05:30,16.56,16.57,16.54,16.56,
2016-04-08T14:51:00+05:30,16.56,16.56,16.51,16.53,
2016-04-08T14:52:00+05:30,16.53,16.53,16.5,16.51,
2016-04-08T14:53:00+05:30,16.51,16.53,16.49,16.52,
2016-04-08T14:54:00+05:30,16.52,16.56,16.52,16.55,
2016-04-08T14:55:00+05:30,16.55,16.56,16.54,16.55,
2016-04-08T14:56:00+05:30,16.55,16.56,16.53,16.53,
2016-04-08T14:57:00+05:30,16.54,16.58,16.54,16.58,
2016-04-08T14:58:00+05:30,16.58,16.58,16.53,16.55,
2016-04-08T14:59:00+05:30,16.56,16.58,16.54,16.58,
2016-04-08T15:00:00+05:30,16.58,16.58,16.51,16.53,
2016-04-08T15:01:00+05:30,16.54,16.55,16.48,16.49,
2016-04-08T15:02:00+05:30,16.5,16.53,16.47,16.51,
2016-04-08T15:03:00+05:30,16.51,16.53,16.5,16.51,
2016-04-08T15:04:00+05:30,16.51,16.52,16.5,16.51,
2016-04-08T15:05:00+05:30,16.51,16.53,16.5,16.52,
2016-04-08T15:06:00+05:30,16.52,16.53,16.5,16.52,
2016-04-08T15:07:00+05:30,16.52,16.54,16.51,16.53,
2016-04-08T15:08:00+05:30,16.53,16.55,16.51,16.52,
2016-04-08T15:09:00+05:30,16.52,16.55,16.51,16.51,
2016-04-08T15:10:00+05:30,16.51,16.51,16.48,16.5,
2016-04-08T15:11:00+05:30,16.5,16.53,16.49,16.53,
2016-04-08T15:12:00+05:30,16.53,16.53,16.51,16.52,
2016-04-08T15:13:00+05:30,16.53,16.54,16.52,16.52,
2016-04-08T15:14:00+05:30,16.52,16.53,16.49,16.5,
2016-04-08T15:15:00+05:30,16.5,16.52,16.45,16.45,
2016-04-08T15:16:00+05:30,16.46,16.46,16.26,16.3,
2016-04-08T15:17:00+05:30,16.28,16.3,16.28,16.29,
2016-04-08T15:18:00+05:30,16.29,16.31,16.29,16.31,
2016-04-08T15:19:00+05:30,16.31,16.34,16.31,16.34,
2016-04-08T15:20:00+05:30,16.34,16.35,16.31,16.31,
2016-04-08T15:21:00+05:30,16.31,16.33,16.3,16.32,
2016-04-08T15:22:00+05:30,16.32,16.33,16.31,16.32,
2016-04-08T15:23:00+05:30,16.32,16.32,16.29,16.29,
2016-04-08T15:24:00+05:30,16.29,16.29,16.23,16.23,
2016-04-08T15:25:00+05:30,16.22,16.43,16.22,16.41,
2016-04-08T15:26:00+05:30,16.41,16.44,16.41,16.44,
2016-04-08T15:27:00+05:30,16.44,16.44,16.41,16.43,
2016-04-08T15:28:00+05:30,16.42,16.46,16.42,16.44,
2016-04-08T15:29:00+05:30,16.44,16.45,16.16,16.16,
2016-04-11T09:15:00+05:30,16.43,16.43,15.08,16.21,
2016-04-11T09:16:00+05:30,16.24,16.58,16.22,16.48,
2016-04-11T09:17:00+05:30,16.5,16.5,16.37,16.48,
2016-04-11T09:18:00+05:30,16.48,16.49,16.43,16.43,
2016-04-11T09:19:00+05:30,16.57,16.58,16.44,16.44,
2016-04-11T09:20:00+05:30,16.44,16.48,16.4,16.48,
2016-04-11T09:21:00+05:30,16.48,16.7,16.47,16.7,
2016-04-11T09:22:00+05:30,16.7,16.71,16.65,16.65,
2016-04-11T09:23:00+05:30,16.66,16.67,16.62,16.63,
2016-04-11T09:24:00+05:30,16.63,16.65,16.63,16.64,
2016-04-11T09:25:00+05:30,16.65,16.66,16.62,16.65,
2016-04-11T09:26:00+05:30,16.63,16.7,16.62,16.68,
2016-04-11T09:27:00+05:30,16.67,16.67,16.63,16.65,
2016-04-11T09:28:00+05:30,16.64,16.66,16.63,16.64,
2016-04-11T09:29:00+05:30,16.71,16.72,16.68,16.7,
2016-04-11T09:30:00+05:30,16.7,16.71,16.65,16.66,
2016-04-11T09:31:00+05:30,16.67,16.67,16.65,16.66,
2016-04-11T09:32:00+05:30,16.66,16.66,16.62,16.62,
2016-04-11T09:33:00+05:30,16.61,16.63,16.57,16.57,
2016-04-11T09:34:00+05:30,16.57,16.57,16.56,16.57,
2016-04-11T09:35:00+05:30,16.57,16.58,16.55,16.56,
2016-04-11T09:36:00+05:30,16.56,16.58,16.52,16.52,
2016-04-11T09:37:00+05:30,16.52,16.52,16.5,16.51,
2016-04-11T09:38:00+05:30,16.51,16.51,16.49,16.49,
2016-04-11T09:39:00+05:30,16.49,16.5,16.48,16.48,
2016-04-11T09:40:00+05:30,16.48,16.53,16.48,16.51,
2016-04-11T09:41:00+05:30,16.51,16.54,16.51,16.54,
2016-04-11T09:42:00+05:30,16.54,16.55,16.5,16.52,
2016-04-11T09:43:00+05:30,16.52,16.53,16.51,16.52,
2016-04-11T09:44:00+05:30,16.52,16.53,16.51,16.52,
2016-04-11T09:45:00+05:30,16.52,16.53,16.51,16.52,
2016-04-11T09:46:00+05:30,16.52,16.53,16.5,16.5,
2016-04-11T09:47:00+05:30,16.51,16.52,16.49,16.49,
2016-04-11T09:48:00+05:30,16.49,16.49,16.48,16.48,
2016-04-11T09:49:00+05:30,16.48,16.5,16.47,16.5,
2016-04-11T09:50:00+05:30,16.51,16.51,16.47,16.47,
2016-04-11T09:51:00+05:30,16.47,16.52,16.47,16.51,
2016-04-11T09:52:00+05:30,16.51,16.55,16.51,16.54,
2016-04-11T09:53:00+05:30,16.54,16.56,16.53,16.54,
2016-04-11T09:54:00+05:30,16.53,16.55,16.52,16.53,
2016-04-11T09:55:00+05:30,16.53,16.55,16.52,16.53,
2016-04-11T09:56:00+05:30,16.53,16.54,16.52,16.53,
2016-04-11T09:57:00+05:30,16.54,16.54,16.51,16.52,
2016-04-11T09:58:00+05:30,16.52,16.55,16.52,16.53,
2016-04-11T09:59:00+05:30,16.53,16.58,16.51,16.58,
2016-04-11T10:00:00+05:30,16.58,16.6,16.57,16.6,
2016-04-11T10:01:00+05:30,16.61,16.61,16.55,16.58,
2016-04-11T10:02:00+05:30,16.58,16.6,16.57,16.59,
2016-04-11T10:03:00+05:30,16.6,16.6,16.57,16.58,
2016-04-11T10:04:00+05:30,16.59,16.6,16.58,16.59,
2016-04-11T10:05:00+05:30,16.59,16.6,16.56,16.58,
2016-04-11T10:06:00+05:30,16.58,16.58,16.51,16.51,
2016-04-11T10:07:00+05:30,16.52,16.58,16.52,16.56,
2016-04-11T10:08:00+05:30,16.56,16.58,16.55,16.56,
2016-04-11T10:09:00+05:30,16.56,16.59,16.56,16.56,
2016-04-11T10:10:00+05:30,16.56,16.57,16.54,16.54,
2016-04-11T10:11:00+05:30,16.54,16.54,16.53,16.54,
2016-04-11T10:12:00+05:30,16.54,16.54,16.52,16.52,
2016-04-11T10:13:00+05:30,16.52,16.57,16.52,16.57,
2016-04-11T10:14:00+05:30,16.57,16.58,16.56,16.56,
2016-04-11T10:15:00+05:30,16.56,16.58,16.54,16.58,
2016-04-11T10:16:00+05:30,16.58,16.58,16.57,16.57,
2016-04-11T10:17:00+05:30,16.58,16.59,16.54,16.54,
2016-04-11T10:18:00+05:30,16.54,16.6,16.53,16.6,
2016-04-11T10:19:00+05:30,16.6,16.6,16.58,16.59,
2016-04-11T10:20:00+05:30,16.59,16.6,16.58,16.59,
2016-04-11T10:21:00+05:30,16.59,16.59,16.53,16.53,
2016-04-11T10:22:00+05:30,16.53,16.58,16.52,16.56,
2016-04-11T10:23:00+05:30,16.56,16.56,16.54,16.56,
2016-04-11T10:24:00+05:30,16.56,16.57,16.56,16.57,
2016-04-11T10:25:00+05:30,16.57,16.58,16.56,16.56,
2016-04-11T10:26:00+05:30,16.56,16.57,16.54,16.55,
2016-04-11T10:27:00+05:30,16.55,16.56,16.54,16.55,
2016-04-11T10:28:00+05:30,16.55,16.55,16.52,16.52,
2016-04-11T10:29:00+05:30,16.52,16.55,16.51,16.54,
2016-04-11T10:30:00+05:30,16.54,16.55,16.51,16.55,
2016-04-11T10:31:00+05:30,16.55,16.55,16.52,16.52,
2016-04-11T10:32:00+05:30,16.53,16.54,16.51,16.52,
2016-04-11T10:33:00+05:30,16.52,16.53,16.5,16.52,
2016-04-11T10:34:00+05:30,16.53,16.56,16.53,16.56,
2016-04-11T10:35:00+05:30,16.56,16.56,16.55,16.55,
2016-04-11T10:36:00+05:30,16.55,16.57,16.54,16.57,
2016-04-11T10:37:00+05:30,16.57,16.59,16.56,16.58,
2016-04-11T10:38:00+05:30,16.57,16.58,16.52,16.52,
2016-04-11T10:39:00+05:30,16.52,16.54,16.52,16.54,
2016-04-11T10:40:00+05:30,16.54,16.56,16.53,16.54,
2016-04-11T10:41:00+05:30,16.54,16.55,16.51,16.51,
2016-04-11T10:42:00+05:30,16.51,16.51,16.41,16.41,
2016-04-11T10:43:00+05:30,16.42,16.42,16.4,16.4,
2016-04-11T10:44:00+05:30,16.4,16.41,16.4,16.4,
2016-04-11T10:45:00+05:30,16.4,16.4,16.35,16.36,
2016-04-11T10:46:00+05:30,16.36,16.37,16.35,16.37,
2016-04-11T10:47:00+05:30,16.37,16.38,16.36,16.36,
2016-04-11T10:48:00+05:30,16.35,16.38,16.34,16.37,
2016-04-11T10:49:00+05:30,16.38,16.42,16.36,16.42,
2016-04-11T10:50:00+05:30,16.41,16.41,16.39,16.4,
2016-04-11T10:51:00+05:30,16.4,16.41,16.39,16.4,
2016-04-11T10:52:00+05:30,16.4,16.42,16.39,16.41,
2016-04-11T10:53:00+05:30,16.41,16.42,16.4,16.41,
2016-04-11T10:54:00+05:30,16.41,16.42,16.39,16.42,
2016-04-11T10:55:00+05:30,16.42,16.42,16.39,16.4,
2016-04-11T10:56:00+05:30,16.4,16.41,16.4,16.41,
2016-04-11T10:57:00+05:30,16.4,16.42,16.4,16.4,
2016-04-11T10:58:00+05:30,16.4,16.42,16.4,16.4,
2016-04-11T10:59:00+05:30,16.4,16.43,16.4,16.41,
2016-04-11T11:00:00+05:30,16.41,16.43,16.39,16.4,
2016-04-11T11:01:00+05:30,16.4,16.41,16.39,16.4,
2016-04-11T11:02:00+05:30,16.4,16.43,16.39,16.43,
2016-04-11T11:03:00+05:30,16.43,16.44,16.41,16.43,
2016-04-11T11:04:00+05:30,16.43,16.44,16.41,16.41,
2016-04-11T11:05:00+05:30,16.41,16.45,16.41,16.43,
2016-04-11T11:06:00+05:30,16.44,16.44,16.41,16.41,
2016-04-11T11:07:00+05:30,16.39,16.4,16.39,16.4,
2016-04-11T11:08:00+05:30,16.4,16.43,16.38,16.43,
2016-04-11T11:09:00+05:30,16.43,16.43,16.4,16.41,
2016-04-11T11:10:00+05:30,16.41,16.46,16.41,16.45,
2016-04-11T11:11:00+05:30,16.45,16.45,16.43,16.44,
2016-04-11T11:12:00+05:30,16.44,16.55,16.42,16.55,
2016-04-11T11:13:00+05:30,16.55,16.55,16.42,16.44,
2016-04-11T11:14:00+05:30,16.44,16.44,16.41,16.42,
2016-04-11T11:15:00+05:30,16.42,16.43,16.42,16.43,
2016-04-11T11:16:00+05:30,16.43,16.44,16.42,16.43,
2016-04-11T11:17:00+05:30,16.43,16.44,16.42,16.43,
2016-04-11T11:18:00+05:30,16.44,16.45,16.43,16.43,
2016-04-11T11:19:00+05:30,16.43,16.43,16.42,16.43,
2016-04-11T11:20:00+05:30,16.44,16.44,16.42,16.44,
2016-04-11T11:21:00+05:30,16.43,16.45,16.43,16.44,
2016-04-11T11:22:00+05:30,16.44,16.45,16.42,16.42,
2016-04-11T11:23:00+05:30,16.42,16.43,16.4,16.42,
2016-04-11T11:24:00+05:30,16.42,16.43,16.41,16.42,
2016-04-11T11:25:00+05:30,16.42,16.44,16.41,16.43,
2016-04-11T11:26:00+05:30,16.43,16.45,16.42,16.44,
2016-04-11T11:27:00+05:30,16.44,16.44,16.42,16.43,
2016-04-11T11:28:00+05:30,16.43,16.46,16.43,16.45,
2016-04-11T11:29:00+05:30,16.45,16.46,16.44,16.44,
2016-04-11T11:30:00+05:30,16.44,16.46,16.43,16.45,
2016-04-11T11:31:00+05:30,16.45,16.46,16.44,16.44,
2016-04-11T11:32:00+05:30,16.44,16.47,16.44,16.46,
2016-04-11T11:33:00+05:30,16.47,16.48,16.46,16.47,
2016-04-11T11:34:00+05:30,16.47,16.48,16.47,16.47,
2016-04-11T11:35:00+05:30,16.47,16.47,16.45,16.47,
2016-04-11T11:36:00+05:30,16.47,16.47,16.44,16.45,
2016-04-11T11:37:00+05:30,16.45,16.46,16.44,16.45,
2016-04-11T11:38:00+05:30,16.45,16.46,16.44,16.46,
2016-04-11T11:39:00+05:30,16.45,16.48,16.45,16.48,
2016-04-11T11:40:00+05:30,16.47,16.49,16.47,16.48,
2016-04-11T11:41:00+05:30,16.49,16.49,16.47,16.47,
2016-04-11T11:42:00+05:30,16.47,16.48,16.46,16.48,
2016-04-11T11:43:00+05:30,16.48,16.51,16.48,16.49,
2016-04-11T11:44:00+05:30,16.48,16.48,16.47,16.48,
2016-04-11T11:45:00+05:30,16.48,16.49,16.47,16.48,
2016-04-11T11:46:00+05:30,16.48,16.5,16.47,16.48,
2016-04-11T11:47:00+05:30,16.47,16.48,16.46,16.46,
2016-04-11T11:48:00+05:30,16.46,16.49,16.46,16.49,
2016-04-11T11:49:00+05:30,16.49,16.5,16.47,16.48,
2016-04-11T11:50:00+05:30,16.47,16.48,16.46,16.47,
2016-04-11T11:51:00+05:30,16.47,16.48,16.46,16.47,
2016-04-11T11:52:00+05:30,16.47,16.48,16.46,16.48,
2016-04-11T11:53:00+05:30,16.48,16.49,16.45,16.46,
2016-04-11T11:54:00+05:30,16.46,16.48,16.45,16.47,
2016-04-11T11:55:00+05:30,16.47,16.5,16.47,16.48,
2016-04-11T11:56:00+05:30,16.47,16.5,16.47,16.5,
2016-04-11T11:57:00+05:30,16.5,16.5,16.48,16.48,
2016-04-11T11:58:00+05:30,16.49,16.49,16.48,16.48,
2016-04-11T11:59:00+05:30,16.48,16.49,16.48,16.49,
2016-04-11T12:00:00+05:30,16.49,16.54,16.49,16.54,
2016-04-11T12:01:00+05:30,16.54,16.55,16.52,16.53,
2016-04-11T12:02:00+05:30,16.53,16.54,16.52,16.54,
2016-04-11T12:03:00+05:30,16.54,16.58,16.53,16.58,
2016-04-11T12:04:00+05:30,16.58,16.59,16.54,16.54,
2016-04-11T12:05:00+05:30,16.54,16.57,16.54,16.55,
2016-04-11T12:06:00+05:30,16.54,16.56,16.54,16.55,
2016-04-11T12:07:00+05:30,16.55,16.57,16.52,16.52,
2016-04-11T12:08:00+05:30,16.52,16.54,16.51,16.52,
2016-04-11T12:09:00+05:30,16.52,16.54,16.51,16.51,
2016-04-11T12:10:00+05:30,16.52,16.53,16.52,16.53,
2016-04-11T12:11:00+05:30,16.53,16.53,16.5,16.5,
2016-04-11T12:12:00+05:30,16.5,16.51,16.46,16.46,
2016-04-11T12:13:00+05:30,16.46,16.49,16.46,16.48,
2016-04-11T12:14:00+05:30,16.49,16.5,16.48,16.49,
2016-04-11T12:15:00+05:30,16.49,16.51,16.49,16.5,
2016-04-11T12:16:00+05:30,16.5,16.5,16.48,16.49,
2016-04-11T12:17:00+05:30,16.49,16.51,16.49,16.5,
2016-04-11T12:18:00+05:30,16.5,16.52,16.49,16.51,
2016-04-11T12:19:00+05:30,16.51,16.52,16.5,16.51,
2016-04-11T12:20:00+05:30,16.5,16.51,16.49,16.5,
2016-04-11T12:21:00+05:30,16.49,16.5,16.49,16.49,
2016-04-11T12:22:00+05:30,16.49,16.5,16.48,16.49,
2016-04-11T12:23:00+05:30,16.48,16.5,16.48,16.5,
2016-04-11T12:24:00+05:30,16.5,16.51,16.48,16.5,
2016-04-11T12:25:00+05:30,16.51,16.52,16.5,16.52,
2016-04-11T12:26:00+05:30,16.52,16.54,16.51,16.53,
2016-04-11T12:27:00+05:30,16.53,16.54,16.51,16.52,
2016-04-11T12:28:00+05:30,16.52,16.53,16.52,16.53,
2016-04-11T12:29:00+05:30,16.53,16.54,16.52,16.53,
2016-04-11T12:30:00+05:30,16.52,16.54,16.51,16.53,
2016-04-11T12:31:00+05:30,16.53,16.55,16.52,16.53,
2016-04-11T12:32:00+05:30,16.53,16.55,16.52,16.54,
2016-04-11T12:33:00+05:30,16.54,16.56,16.53,16.53,
2016-04-11T12:34:00+05:30,16.54,16.57,16.54,16.56,
2016-04-11T12:35:00+05:30,16.55,16.59,16.55,16.59,
2016-04-11T12:36:00+05:30,16.59,16.61,16.59,16.61,
2016-04-11T12:37:00+05:30,16.6,16.62,16.59,16.6,
2016-04-11T12:38:00+05:30,16.6,16.66,16.6,16.65,
2016-04-11T12:39:00+05:30,16.65,16.65,16.62,16.63,
2016-04-11T12:40:00+05:30,16.63,16.63,16.6,16.62,
2016-04-11T12:41:00+05:30,16.63,16.68,16.63,16.66,
2016-04-11T12:42:00+05:30,16.66,16.66,16.63,16.64,
2016-04-11T12:43:00+05:30,16.65,16.65,16.62,16.64,
2016-04-11T12:44:00+05:30,16.64,16.67,16.64,16.67,
2016-04-11T12:45:00+05:30,16.66,16.7,16.66,16.7,
2016-04-11T12:46:00+05:30,16.7,16.71,16.67,16.68,
2016-04-11T12:47:00+05:30,16.68,16.68,16.65,16.67,
2016-04-11T12:48:00+05:30,16.67,16.7,16.67,16.7,
2016-04-11T12:49:00+05:30,16.69,16.71,16.69,16.71,
2016-04-11T12:50:00+05:30,16.72,16.72,16.69,16.71,
2016-04-11T12:51:00+05:30,16.71,16.72,16.68,16.7,
2016-04-11T12:52:00+05:30,16.69,16.71,16.66,16.67,
2016-04-11T12:53:00+05:30,16.67,16.69,16.66,16.67,
2016-04-11T12:54:00+05:30,16.67,16.68,16.63,16.65,
2016-04-11T12:55:00+05:30,16.65,16.66,16.64,16.66,
2016-04-11T12:56:00+05:30,16.65,16.65,16.63,16.63,
2016-04-11T12:57:00+05:30,16.63,16.66,16.61,16.65,
2016-04-11T12:58:00+05:30,16.65,16.65,16.62,16.62,
2016-04-11T12:59:00+05:30,16.63,16.66,16.63,16.65,
2016-04-11T13:00:00+05:30,16.65,16.66,16.64,16.65,
2016-04-11T13:01:00+05:30,16.66,16.66,16.63,16.64,
2016-04-11T13:02:00+05:30,16.64,16.65,16.62,16.63,
2016-04-11T13:03:00+05:30,16.63,16.66,16.63,16.64,
2016-04-11T13:04:00+05:30,16.64,16.64,16.63,16.64,
2016-04-11T13:05:00+05:30,16.64,16.7,16.63,16.69,
2016-04-11T13:06:00+05:30,16.69,16.71,16.68,16.69,
2016-04-11T13:07:00+05:30,16.69,16.69,16.66,16.67,
2016-04-11T13:08:00+05:30,16.67,16.67,16.65,16.66,
2016-04-11T13:09:00+05:30,16.66,16.67,16.64,16.66,
2016-04-11T13:10:00+05:30,16.66,16.78,16.64,16.77,
2016-04-11T13:11:00+05:30,16.77,16.77,16.75,16.76,
2016-04-11T13:12:00+05:30,16.75,16.77,16.73,16.77,
2016-04-11T13:13:00+05:30,16.77,16.79,16.74,16.75,
2016-04-11T13:14:00+05:30,16.74,16.75,16.71,16.73,
2016-04-11T13:15:00+05:30,16.73,16.73,16.69,16.7,
2016-04-11T13:16:00+05:30,16.7,16.72,16.68,16.7,
2016-04-11T13:17:00+05:30,16.7,16.71,16.69,16.7,
2016-04-11T13:18:00+05:30,16.7,16.7,16.63,16.63,
2016-04-11T13:19:00+05:30,16.63,16.63,16.42,16.48,
2016-04-11T13:20:00+05:30,16.48,16.52,16.42,16.52,
2016-04-11T13:21:00+05:30,16.52,16.54,16.5,16.54,
2016-04-11T13:22:00+05:30,16.53,16.55,16.51,16.54,
2016-04-11T13:23:00+05:30,16.54,16.57,16.53,16.56,
2016-04-11T13:24:00+05:30,16.56,16.56,16.53,16.55,
2016-04-11T13:25:00+05:30,16.55,16.58,16.54,16.58,
2016-04-11T13:26:00+05:30,16.58,16.6,16.57,16.57,
2016-04-11T13:27:00+05:30,16.57,16.59,16.33,16.34,
2016-04-11T13:28:00+05:30,16.35,16.36,16.29,16.32,
2016-04-11T13:29:00+05:30,16.33,16.38,16.33,16.38,
2016-04-11T13:30:00+05:30,16.37,16.38,16.14,16.18,
2016-04-11T13:31:00+05:30,16.17,16.27,16.17,16.26,
2016-04-11T13:32:00+05:30,16.25,16.3,16.24,16.29,
2016-04-11T13:33:00+05:30,16.29,16.39,16.27,16.36,
2016-04-11T13:34:00+05:30,16.36,16.37,16.32,16.33,
2016-04-11T13:35:00+05:30,16.33,16.34,16.26,16.32,
2016-04-11T13:36:00+05:30,16.33,16.36,16.31,16.33,
2016-04-11T13:37:00+05:30,16.32,16.39,16.32,16.34,
2016-04-11T13:38:00+05:30,16.36,16.4,16.36,16.39,
2016-04-11T13:39:00+05:30,16.39,16.42,16.38,16.41,
2016-04-11T13:40:00+05:30,16.41,16.43,16.38,16.43,
2016-04-11T13:41:00+05:30,16.42,16.44,16.41,16.41,
2016-04-11T13:42:00+05:30,16.42,16.42,16.39,16.41,
2016-04-11T13:43:00+05:30,16.4,16.4,16.36,16.37,
2016-04-11T13:44:00+05:30,16.37,16.4,16.34,16.4,
2016-04-11T13:45:00+05:30,16.39,16.39,16.34,16.34,
2016-04-11T13:46:00+05:30,16.35,16.38,16.34,16.37,
2016-04-11T13:47:00+05:30,16.37,16.41,16.36,16.39,
2016-04-11T13:48:00+05:30,16.39,16.41,16.38,16.4,
2016-04-11T13:49:00+05:30,16.4,16.41,16.36,16.36,
2016-04-11T13:50:00+05:30,16.36,16.4,16.36,16.39,
2016-04-11T13:51:00+05:30,16.39,16.41,16.39,16.39,
2016-04-11T13:52:00+05:30,16.39,16.4,16.36,16.37,
2016-04-11T13:53:00+05:30,16.38,16.38,16.35,16.35,
2016-04-11T13:54:00+05:30,16.35,16.4,16.34,16.39,
2016-04-11T13:55:00+05:30,16.4,16.41,16.38,16.4,
2016-04-11T13:56:00+05:30,16.4,16.42,16.38,16.38,
2016-04-11T13:57:00+05:30,16.4,16.4,16.36,16.37,
2016-04-11T13:58:00+05:30,16.37,16.39,16.35,16.39,
2016-04-11T13:59:00+05:30,16.4,16.4,16.36,16.38,
2016-04-11T14:00:00+05:30,16.38,16.4,16.37,16.38,
2016-04-11T14:01:00+05:30,16.38,16.41,16.38,16.4,
2016-04-11T14:02:00+05:30,16.39,16.4,16.36,16.37,
2016-04-11T14:03:00+05:30,16.36,16.38,16.31,16.32,
2016-04-11T14:04:00+05:30,16.32,16.34,16.31,16.33,
2016-04-11T14:05:00+05:30,16.33,16.33,16.26,16.28,
2016-04-11T14:06:00+05:30,16.27,16.3,16.26,16.28,
2016-04-11T14:07:00+05:30,16.28,16.28,16.26,16.28,
2016-04-11T14:08:00+05:30,16.28,16.31,16.28,16.3,
2016-04-11T14:09:00+05:30,16.3,16.33,16.3,16.32,
2016-04-11T14:10:00+05:30,16.32,16.34,16.3,16.3,
2016-04-11T14:11:00+05:30,16.29,16.33,16.29,16.33,
2016-04-11T14:12:00+05:30,16.33,16.36,16.32,16.35,
2016-04-11T14:13:00+05:30,16.35,16.36,16.34,16.35,
2016-04-11T14:14:00+05:30,16.35,16.37,16.34,16.37,
2016-04-11T14:15:00+05:30,16.37,16.38,16.34,16.36,
2016-04-11T14:16:00+05:30,16.36,16.38,16.36,16.36,
2016-04-11T14:17:00+05:30,16.36,16.37,16.35,16.35,
2016-04-11T14:18:00+05:30,16.35,16.36,16.33,16.35,
2016-04-11T14:19:00+05:30,16.35,16.38,16.35,16.37,
2016-04-11T14:20:00+05:30,16.37,16.4,16.36,16.39,
2016-04-11T14:21:00+05:30,16.39,16.41,16.38,16.41,
2016-04-11T14:22:00+05:30,16.41,16.42,16.39,16.4,
2016-04-11T14:23:00+05:30,16.4,16.42,16.4,16.4,
2016-04-11T14:24:00+05:30,16.4,16.42,16.39,16.41,
2016-04-11T14:25:00+05:30,16.4,16.4,16.37,16.38,
2016-04-11T14:26:00+05:30,16.38,16.39,16.36,16.39,
2016-04-11T14:27:00+05:30,16.39,16.4,16.38,16.38,
2016-04-11T14:28:00+05:30,16.38,16.41,16.37,16.4,
2016-04-11T14:29:00+05:30,16.4,16.42,16.37,16.37,
2016-04-11T14:30:00+05:30,16.37,16.41,16.37,16.38,
2016-04-11T14:31:00+05:30,16.37,16.38,16.36,16.37,
2016-04-11T14:32:00+05:30,16.38,16.38,16.36,16.38,
2016-04-11T14:33:00+05:30,16.38,16.4,16.38,16.4,
2016-04-11T14:34:00+05:30,16.4,16.43,16.35,16.36,
2016-04-11T14:35:00+05:30,16.36,16.4,16.35,16.38,
2016-04-11T14:36:00+05:30,16.39,16.4,16.37,16.39,
2016-04-11T14:37:00+05:30,16.39,16.4,16.35,16.36,
2016-04-11T14:38:00+05:30,16.36,16.36,16.32,16.32,
2016-04-11T14:39:00+05:30,16.32,16.33,16.29,16.32,
2016-04-11T14:40:00+05:30,16.31,16.32,16.29,16.3,
2016-04-11T14:41:00+05:30,16.3,16.3,16.28,16.28,
2016-04-11T14:42:00+05:30,16.28,16.28,16.24,16.25,
2016-04-11T14:43:00+05:30,16.25,16.27,15.99,16.04,
2016-04-11T14:44:00+05:30,16.04,16.08,15.96,15.97,
2016-04-11T14:45:00+05:30,15.98,16.04,15.97,16.03,
2016-04-11T14:46:00+05:30,16.04,16.06,16.03,16.04,
2016-04-11T14:47:00+05:30,16.04,16.08,16.04,16.06,
2016-04-11T14:48:00+05:30,16.06,16.09,16.06,16.07,
2016-04-11T14:49:00+05:30,16.07,16.1,16.07,16.08,
2016-04-11T14:50:00+05:30,16.07,16.1,16.04,16.05,
2016-04-11T14:51:00+05:30,16.06,16.07,16.02,16.05,
2016-04-11T14:52:00+05:30,16.05,16.09,16.05,16.06,
2016-04-11T14:53:00+05:30,16.06,16.08,16.04,16.05,
2016-04-11T14:54:00+05:30,16.05,16.08,16.05,16.07,
2016-04-11T14:55:00+05:30,16.07,16.07,16.03,16.03,
2016-04-11T14:56:00+05:30,16.02,16.02,16,16.01,
2016-04-11T14:57:00+05:30,16.01,16.07,16.01,16.07,
2016-04-11T14:58:00+05:30,16.05,16.06,16.02,16.04,
2016-04-11T14:59:00+05:30,16.04,16.05,16.01,16.03,
2016-04-11T15:00:00+05:30,16.03,16.06,16.02,16.04,
2016-04-11T15:01:00+05:30,16.04,16.07,16,16.07,
2016-04-11T15:02:00+05:30,16.08,16.09,16.02,16.08,
2016-04-11T15:03:00+05:30,16.08,16.12,16.08,16.11,
2016-04-11T15:04:00+05:30,16.11,16.13,16.09,16.1,
2016-04-11T15:05:00+05:30,16.1,16.1,16.07,16.07,
2016-04-11T15:06:00+05:30,16.07,16.08,16.05,16.07,
2016-04-11T15:07:00+05:30,16.06,16.07,16.04,16.05,
2016-04-11T15:08:00+05:30,16.05,16.06,16.02,16.02,
2016-04-11T15:09:00+05:30,16.02,16.05,16.02,16.04,
2016-04-11T15:10:00+05:30,16.04,16.06,16.03,16.05,
2016-04-11T15:11:00+05:30,16.05,16.05,16.01,16.01,
2016-04-11T15:12:00+05:30,16.02,16.02,15.98,16,
2016-04-11T15:13:00+05:30,16,16.04,16,16.02,
2016-04-11T15:14:00+05:30,16.03,16.04,16.01,16.01,
2016-04-11T15:15:00+05:30,16.02,16.02,15.97,15.97,
2016-04-11T15:16:00+05:30,15.97,15.98,15.95,15.98,
2016-04-11T15:17:00+05:30,15.98,15.99,15.95,15.95,
2016-04-11T15:18:00+05:30,15.95,15.98,15.94,15.96,
2016-04-11T15:19:00+05:30,15.95,15.97,15.93,15.97,
2016-04-11T15:20:00+05:30,15.99,15.99,15.92,15.92,
2016-04-11T15:21:00+05:30,15.91,15.94,15.91,15.93,
2016-04-11T15:22:00+05:30,15.93,15.94,15.91,15.92,
2016-04-11T15:23:00+05:30,15.92,15.96,15.91,15.96,
2016-04-11T15:24:00+05:30,15.96,16.05,15.96,16.04,
2016-04-11T15:25:00+05:30,16.04,16.08,16.04,16.08,
2016-04-11T15:26:00+05:30,16.09,16.09,16.04,16.04,
2016-04-11T15:27:00+05:30,16.05,16.06,16.01,16.01,
2016-04-11T15:28:00+05:30,16.01,16.01,15.92,15.93,
2016-04-11T15:29:00+05:30,15.93,15.99,15.9,15.99,
2016-04-12T09:15:00+05:30,16.01,16.01,14.65,15.32,
2016-04-12T09:16:00+05:30,15.31,15.64,15.31,15.55,
2016-04-12T09:17:00+05:30,15.53,15.71,15.49,15.68,
2016-04-12T09:18:00+05:30,15.68,15.78,15.61,15.75,
2016-04-12T09:19:00+05:30,15.74,15.81,15.74,15.8,
2016-04-12T09:20:00+05:30,15.8,15.85,15.78,15.83,
2016-04-12T09:21:00+05:30,15.83,15.85,15.81,15.85,
2016-04-12T09:22:00+05:30,15.86,15.89,15.85,15.89,
2016-04-12T09:23:00+05:30,15.9,15.9,15.87,15.87,
2016-04-12T09:24:00+05:30,15.87,15.93,15.86,15.92,
2016-04-12T09:25:00+05:30,15.93,15.93,15.9,15.91,
2016-04-12T09:26:00+05:30,15.91,15.96,15.9,15.95,
2016-04-12T09:27:00+05:30,15.96,15.99,15.95,15.97,
2016-04-12T09:28:00+05:30,15.97,15.98,15.96,15.96,
2016-04-12T09:29:00+05:30,15.96,15.96,15.93,15.93,
2016-04-12T09:30:00+05:30,15.93,15.96,15.89,15.89,
2016-04-12T09:31:00+05:30,15.9,15.92,15.89,15.9,
2016-04-12T09:32:00+05:30,15.9,15.92,15.89,15.91,
2016-04-12T09:33:00+05:30,15.9,15.93,15.9,15.91,
2016-04-12T09:34:00+05:30,15.92,15.93,15.89,15.92,
2016-04-12T09:35:00+05:30,15.92,15.94,15.89,15.91,
2016-04-12T09:36:00+05:30,15.91,15.91,15.84,15.84,
2016-04-12T09:37:00+05:30,15.85,15.87,15.81,15.86,
2016-04-12T09:38:00+05:30,15.86,15.87,15.83,15.85,
2016-04-12T09:39:00+05:30,15.86,15.88,15.84,15.85,
2016-04-12T09:40:00+05:30,15.85,15.87,15.83,15.86,
2016-04-12T09:41:00+05:30,15.86,15.88,15.85,15.86,
2016-04-12T09:42:00+05:30,15.86,15.9,15.85,15.86,
2016-04-12T09:43:00+05:30,15.86,15.87,15.83,15.83,
2016-04-12T09:44:00+05:30,15.83,15.86,15.82,15.85,
2016-04-12T09:45:00+05:30,15.86,15.89,15.86,15.88,
2016-04-12T09:46:00+05:30,15.88,15.89,15.87,15.88,
2016-04-12T09:47:00+05:30,15.89,15.9,15.87,15.88,
2016-04-12T09:48:00+05:30,15.88,15.89,15.86,15.87,
2016-04-12T09:49:00+05:30,15.87,15.9,15.87,15.9,
2016-04-12T09:50:00+05:30,15.9,15.9,15.87,15.87,
2016-04-12T09:51:00+05:30,15.88,15.9,15.88,15.9,
2016-04-12T09:52:00+05:30,15.89,15.9,15.86,15.89,
2016-04-12T09:53:00+05:30,15.89,15.91,15.88,15.91,
2016-04-12T09:54:00+05:30,15.91,15.91,15.89,15.9,
2016-04-12T09:55:00+05:30,15.9,15.92,15.85,15.92,
2016-04-12T09:56:00+05:30,15.92,15.92,15.88,15.88,
2016-04-12T09:57:00+05:30,15.89,15.92,15.89,15.91,
2016-04-12T09:58:00+05:30,15.92,16.02,15.9,16.02,
2016-04-12T09:59:00+05:30,16.01,16.05,16.01,16.05,
2016-04-12T10:00:00+05:30,16.05,16.05,16.03,16.03,
2016-04-12T10:01:00+05:30,16.03,16.04,16.03,16.03,
2016-04-12T10:02:00+05:30,16.03,16.04,16,16.04,
2016-04-12T10:03:00+05:30,16.04,16.05,16.03,16.05,
2016-04-12T10:04:00+05:30,16.05,16.06,16.03,16.03,
2016-04-12T10:05:00+05:30,16.03,16.05,16.03,16.04,
2016-04-12T10:06:00+05:30,16.05,16.06,16.04,16.04,
2016-04-12T10:07:00+05:30,16.04,16.05,16.02,16.04,
2016-04-12T10:08:00+05:30,16.04,16.07,16.02,16.07,
2016-04-12T10:09:00+05:30,16.06,16.06,16.04,16.05,
2016-04-12T10:10:00+05:30,16.06,16.07,16.05,16.07,
2016-04-12T10:11:00+05:30,16.07,16.08,16.06,16.06,
2016-04-12T10:12:00+05:30,16.06,16.07,16.05,16.05,
2016-04-12T10:13:00+05:30,16.05,16.07,16.02,16.03,
2016-04-12T10:14:00+05:30,16.03,16.03,16.01,16.01,
2016-04-12T10:15:00+05:30,16.01,16.04,16,16.03,
2016-04-12T10:16:00+05:30,16.03,16.03,16,16.01,
2016-04-12T10:17:00+05:30,16,16.04,16,16.03,
2016-04-12T10:18:00+05:30,16.03,16.03,16,16.01,
2016-04-12T10:19:00+05:30,16.01,16.03,15.99,16.03,
2016-04-12T10:20:00+05:30,16.03,16.03,16.01,16.01,
2016-04-12T10:21:00+05:30,16.01,16.02,16.01,16.01,
2016-04-12T10:22:00+05:30,16.01,16.05,16.01,16.04,
2016-04-12T10:23:00+05:30,16.04,16.06,16.02,16.06,
2016-04-12T10:24:00+05:30,16.06,16.07,16.03,16.05,
2016-04-12T10:25:00+05:30,16.04,16.08,16.04,16.08,
2016-04-12T10:26:00+05:30,16.08,16.09,16.07,16.09,
2016-04-12T10:27:00+05:30,16.09,16.09,16.05,16.06,
2016-04-12T10:28:00+05:30,16.06,16.09,16.05,16.07,
2016-04-12T10:29:00+05:30,16.07,16.08,16.06,16.07,
2016-04-12T10:30:00+05:30,16.07,16.08,16.05,16.07,
2016-04-12T10:31:00+05:30,16.06,16.07,16.04,16.05,
2016-04-12T10:32:00+05:30,16.05,16.05,16.03,16.04,
2016-04-12T10:33:00+05:30,16.05,16.07,16.04,16.06,
2016-04-12T10:34:00+05:30,16.06,16.06,16.03,16.04,
2016-04-12T10:35:00+05:30,16.03,16.05,16.01,16.01,
2016-04-12T10:36:00+05:30,16.02,16.02,15.95,15.97,
2016-04-12T10:37:00+05:30,15.97,15.98,15.95,15.95,
2016-04-12T10:38:00+05:30,15.95,15.96,15.95,15.96,
2016-04-12T10:39:00+05:30,15.96,15.97,15.95,15.96,
2016-04-12T10:40:00+05:30,15.96,15.97,15.95,15.96,
2016-04-12T10:41:00+05:30,15.96,15.98,15.95,15.98,
2016-04-12T10:42:00+05:30,15.98,15.99,15.96,15.97,
2016-04-12T10:43:00+05:30,15.97,15.98,15.95,15.96,
2016-04-12T10:44:00+05:30,15.96,15.97,15.95,15.96,
2016-04-12T10:45:00+05:30,15.96,15.97,15.93,15.94,
2016-04-12T10:46:00+05:30,15.94,15.94,15.91,15.91,
2016-04-12T10:47:00+05:30,15.91,15.93,15.9,15.92,
2016-04-12T10:48:00+05:30,15.92,15.92,15.89,15.89,
2016-04-12T10:49:00+05:30,15.89,15.9,15.89,15.89,
2016-04-12T10:50:00+05:30,15.89,15.9,15.89,15.9,
2016-04-12T10:51:00+05:30,15.89,15.89,15.87,15.88,
2016-04-12T10:52:00+05:30,15.88,15.94,15.88,15.93,
2016-04-12T10:53:00+05:30,15.93,15.93,15.92,15.93,
2016-04-12T10:54:00+05:30,15.93,15.95,15.9,15.9,
2016-04-12T10:55:00+05:30,15.9,15.92,15.9,15.91,
2016-04-12T10:56:00+05:30,15.92,15.94,15.92,15.93,
2016-04-12T10:57:00+05:30,15.92,15.94,15.92,15.93,
2016-04-12T10:58:00+05:30,15.93,15.95,15.93,15.93,
2016-04-12T10:59:00+05:30,15.92,15.94,15.92,15.92,
2016-04-12T11:00:00+05:30,15.92,15.93,15.86,15.87,
2016-04-12T11:01:00+05:30,15.89,15.95,15.88,15.94,
2016-04-12T11:02:00+05:30,15.94,15.96,15.94,15.95,
2016-04-12T11:03:00+05:30,15.95,15.95,15.94,15.95,
2016-04-12T11:04:00+05:30,15.95,15.96,15.92,15.93,
2016-04-12T11:05:00+05:30,15.94,15.94,15.9,15.93,
2016-04-12T11:06:00+05:30,15.93,15.94,15.87,15.88,
2016-04-12T11:07:00+05:30,15.88,15.95,15.88,15.92,
2016-04-12T11:08:00+05:30,15.93,15.98,15.93,15.98,
2016-04-12T11:09:00+05:30,15.98,16.01,15.98,16.01,
2016-04-12T11:10:00+05:30,16.01,16.02,15.98,15.99,
2016-04-12T11:11:00+05:30,15.99,16.02,15.98,16.02,
2016-04-12T11:12:00+05:30,16.02,16.03,16.01,16.02,
2016-04-12T11:13:00+05:30,16.02,16.05,16.02,16.05,
2016-04-12T11:14:00+05:30,16.05,16.06,16.04,16.05,
2016-04-12T11:15:00+05:30,16.05,16.08,16.04,16.08,
2016-04-12T11:16:00+05:30,16.08,16.08,16.05,16.07,
2016-04-12T11:17:00+05:30,16.07,16.07,16.06,16.06,
2016-04-12T11:18:00+05:30,16.07,16.09,16.06,16.09,
2016-04-12T11:19:00+05:30,16.09,16.11,16.08,16.11,
2016-04-12T11:20:00+05:30,16.1,16.12,16.09,16.12,
2016-04-12T11:21:00+05:30,16.12,16.12,16.09,16.1,
2016-04-12T11:22:00+05:30,16.1,16.12,16.1,16.1,
2016-04-12T11:23:00+05:30,16.11,16.12,16.1,16.11,
2016-04-12T11:24:00+05:30,16.12,16.13,16.09,16.13,
2016-04-12T11:25:00+05:30,16.12,16.13,16.09,16.09,
2016-04-12T11:26:00+05:30,16.09,16.1,16.08,16.09,
2016-04-12T11:27:00+05:30,16.08,16.09,16.08,16.08,
2016-04-12T11:28:00+05:30,16.08,16.08,16.06,16.07,
2016-04-12T11:29:00+05:30,16.07,16.08,16.06,16.08,
2016-04-12T11:30:00+05:30,16.08,16.09,16.06,16.07,
2016-04-12T11:31:00+05:30,16.07,16.09,16.07,16.08,
2016-04-12T11:32:00+05:30,16.08,16.1,16.08,16.09,
2016-04-12T11:33:00+05:30,16.09,16.12,16.08,16.11,
2016-04-12T11:34:00+05:30,16.11,16.12,16.11,16.11,
2016-04-12T11:35:00+05:30,16.1,16.12,16.08,16.09,
2016-04-12T11:36:00+05:30,16.09,16.1,16.08,16.08,
2016-04-12T11:37:00+05:30,16.08,16.1,16.07,16.1,
2016-04-12T11:38:00+05:30,16.1,16.11,16.09,16.1,
2016-04-12T11:39:00+05:30,16.1,16.11,16.09,16.11,
2016-04-12T11:40:00+05:30,16.1,16.12,16.09,16.09,
2016-04-12T11:41:00+05:30,16.1,16.1,16.08,16.09,
2016-04-12T11:42:00+05:30,16.09,16.09,16.06,16.08,
2016-04-12T11:43:00+05:30,16.07,16.09,16.05,16.06,
2016-04-12T11:44:00+05:30,16.05,16.06,16.02,16.02,
2016-04-12T11:45:00+05:30,16.03,16.04,16.01,16.04,
2016-04-12T11:46:00+05:30,16.05,16.06,16.04,16.06,
2016-04-12T11:47:00+05:30,16.05,16.06,16.04,16.06,
2016-04-12T11:48:00+05:30,16.06,16.06,16.04,16.04,
2016-04-12T11:49:00+05:30,16.05,16.06,16.03,16.05,
2016-04-12T11:50:00+05:30,16.05,16.06,16.04,16.06,
2016-04-12T11:51:00+05:30,16.06,16.07,16.05,16.06,
2016-04-12T11:52:00+05:30,16.06,16.07,16.05,16.05,
2016-04-12T11:53:00+05:30,16.05,16.07,16.04,16.06,
2016-04-12T11:54:00+05:30,16.06,16.07,16.05,16.06,
2016-04-12T11:55:00+05:30,16.05,16.06,16.05,16.06,
2016-04-12T11:56:00+05:30,16.06,16.09,16.01,16.08,
2016-04-12T11:57:00+05:30,16.08,16.1,16.07,16.1,
2016-04-12T11:58:00+05:30,16.09,16.1,16.08,16.1,
2016-04-12T11:59:00+05:30,16.1,16.1,16.07,16.07,
2016-04-12T12:00:00+05:30,16.08,16.11,16.06,16.11,
2016-04-12T12:01:00+05:30,16.11,16.11,16.09,16.1,
2016-04-12T12:02:00+05:30,16.1,16.12,16.09,16.1,
2016-04-12T12:03:00+05:30,16.1,16.11,16.1,16.11,
2016-04-12T12:04:00+05:30,16.11,16.11,16.07,16.08,
2016-04-12T12:05:00+05:30,16.08,16.1,16.05,16.05,
2016-04-12T12:06:00+05:30,16.05,16.05,16.03,16.04,
2016-04-12T12:07:00+05:30,16.03,16.05,16.03,16.03,
2016-04-12T12:08:00+05:30,16.03,16.05,16.03,16.04,
2016-04-12T12:09:00+05:30,16.04,16.05,16.03,16.05,
2016-04-12T12:10:00+05:30,16.05,16.07,16.03,16.07,
2016-04-12T12:11:00+05:30,16.07,16.1,16.07,16.09,
2016-04-12T12:12:00+05:30,16.09,16.1,16.08,16.1,
2016-04-12T12:13:00+05:30,16.1,16.1,16.07,16.07,
2016-04-12T12:14:00+05:30,16.07,16.1,16.07,16.09,
2016-04-12T12:15:00+05:30,16.09,16.09,16.07,16.09,
2016-04-12T12:16:00+05:30,16.09,16.09,16.07,16.09,
2016-04-12T12:17:00+05:30,16.09,16.09,16.04,16.05,
2016-04-12T12:18:00+05:30,16.06,16.11,16.04,16.1,
2016-04-12T12:19:00+05:30,16.1,16.11,16.07,16.07,
2016-04-12T12:20:00+05:30,16.07,16.07,16.03,16.03,
2016-04-12T12:21:00+05:30,16.03,16.05,16.03,16.05,
2016-04-12T12:22:00+05:30,16.05,16.05,16.03,16.03,
2016-04-12T12:23:00+05:30,16.02,16.05,16.02,16.04,
2016-04-12T12:24:00+05:30,16.05,16.05,16.04,16.05,
2016-04-12T12:25:00+05:30,16.05,16.08,16.05,16.07,
2016-04-12T12:26:00+05:30,16.08,16.1,16.07,16.1,
2016-04-12T12:27:00+05:30,16.1,16.11,16.09,16.09,
2016-04-12T12:28:00+05:30,16.09,16.1,16.08,16.09,
2016-04-12T12:29:00+05:30,16.1,16.1,16.08,16.09,
2016-04-12T12:30:00+05:30,16.09,16.09,16.07,16.07,
2016-04-12T12:31:00+05:30,16.07,16.09,16.05,16.06,
2016-04-12T12:32:00+05:30,16.06,16.06,16.03,16.03,
2016-04-12T12:33:00+05:30,16.03,16.05,15.99,15.99,
2016-04-12T12:34:00+05:30,15.99,16.02,15.99,16.02,
2016-04-12T12:35:00+05:30,16.02,16.07,16.02,16.06,
2016-04-12T12:36:00+05:30,16.05,16.05,16,16.03,
2016-04-12T12:37:00+05:30,16.03,16.05,16,16.03,
2016-04-12T12:38:00+05:30,16.03,16.05,16.02,16.04,
2016-04-12T12:39:00+05:30,16.04,16.04,16.03,16.04,
2016-04-12T12:40:00+05:30,16.03,16.05,16.03,16.05,
2016-04-12T12:41:00+05:30,16.05,16.05,16.03,16.03,
2016-04-12T12:42:00+05:30,16.03,16.05,16.02,16.03,
2016-04-12T12:43:00+05:30,16.03,16.05,16.03,16.04,
2016-04-12T12:44:00+05:30,16.04,16.05,16.03,16.05,
2016-04-12T12:45:00+05:30,16.04,16.05,16.04,16.05,
2016-04-12T12:46:00+05:30,16.05,16.05,16.04,16.05,
2016-04-12T12:47:00+05:30,16.05,16.07,16.04,16.07,
2016-04-12T12:48:00+05:30,16.08,16.08,16.07,16.08,
2016-04-12T12:49:00+05:30,16.08,16.08,16.04,16.04,
2016-04-12T12:50:00+05:30,16.05,16.06,16.04,16.05,
2016-04-12T12:51:00+05:30,16.05,16.09,16.05,16.09,
2016-04-12T12:52:00+05:30,16.09,16.1,16.07,16.09,
2016-04-12T12:53:00+05:30,16.09,16.11,16.07,16.08,
2016-04-12T12:54:00+05:30,16.08,16.08,16.06,16.07,
2016-04-12T12:55:00+05:30,16.07,16.08,16.05,16.06,
2016-04-12T12:56:00+05:30,16.06,16.06,15.98,15.99,
2016-04-12T12:57:00+05:30,15.99,16.04,15.97,15.99,
2016-04-12T12:58:00+05:30,15.99,16,15.98,16,
2016-04-12T12:59:00+05:30,16,16.01,15.98,16.01,
2016-04-12T13:00:00+05:30,16.01,16.03,15.99,16.03,
2016-04-12T13:01:00+05:30,16.02,16.06,16.02,16.06,
2016-04-12T13:02:00+05:30,16.06,16.07,16.04,16.04,
2016-04-12T13:03:00+05:30,16.05,16.08,16.04,16.05,
2016-04-12T13:04:00+05:30,16.05,16.07,16.05,16.06,
2016-04-12T13:05:00+05:30,16.05,16.09,16.05,16.08,
2016-04-12T13:06:00+05:30,16.08,16.1,16.08,16.08,
2016-04-12T13:07:00+05:30,16.07,16.11,16.07,16.09,
2016-04-12T13:08:00+05:30,16.09,16.09,16.06,16.06,
2016-04-12T13:09:00+05:30,16.06,16.11,16.06,16.1,
2016-04-12T13:10:00+05:30,16.1,16.14,16.08,16.13,
2016-04-12T13:11:00+05:30,16.13,16.15,16.11,16.12,
2016-04-12T13:12:00+05:30,16.12,16.13,16.1,16.1,
2016-04-12T13:13:00+05:30,16.1,16.1,16.06,16.07,
2016-04-12T13:14:00+05:30,16.07,16.09,16.05,16.07,
2016-04-12T13:15:00+05:30,16.07,16.08,16.07,16.07,
2016-04-12T13:16:00+05:30,16.07,16.09,16.07,16.07,
2016-04-12T13:17:00+05:30,16.07,16.08,16.06,16.08,
2016-04-12T13:18:00+05:30,16.08,16.08,16.06,16.08,
2016-04-12T13:19:00+05:30,16.08,16.08,16.06,16.06,
2016-04-12T13:20:00+05:30,16.06,16.09,16.06,16.09,
2016-04-12T13:21:00+05:30,16.08,16.11,16.08,16.1,
2016-04-12T13:22:00+05:30,16.09,16.12,16.09,16.12,
2016-04-12T13:23:00+05:30,16.12,16.13,16.1,16.12,
2016-04-12T13:24:00+05:30,16.12,16.17,16.12,16.17,
2016-04-12T13:25:00+05:30,16.17,16.17,16.14,16.14,
2016-04-12T13:26:00+05:30,16.14,16.22,16.14,16.22,
2016-04-12T13:27:00+05:30,16.22,16.23,16.19,16.22,
2016-04-12T13:28:00+05:30,16.22,16.23,16.2,16.21,
2016-04-12T13:29:00+05:30,16.2,16.2,16.17,16.18,
2016-04-12T13:30:00+05:30,16.18,16.21,16.18,16.2,
2016-04-12T13:31:00+05:30,16.2,16.22,16.19,16.22,
2016-04-12T13:32:00+05:30,16.22,16.23,16.21,16.22,
2016-04-12T13:33:00+05:30,16.23,16.23,16.19,16.22,
2016-04-12T13:34:00+05:30,16.22,16.22,16.2,16.21,
2016-04-12T13:35:00+05:30,16.21,16.23,16.2,16.22,
2016-04-12T13:36:00+05:30,16.22,16.26,16.21,16.26,
2016-04-12T13:37:00+05:30,16.25,16.27,16.24,16.26,
2016-04-12T13:38:00+05:30,16.27,16.27,16.25,16.26,
2016-04-12T13:39:00+05:30,16.26,16.28,16.26,16.26,
2016-04-12T13:40:00+05:30,16.27,16.3,16.26,16.3,
2016-04-12T13:41:00+05:30,16.3,16.3,16.25,16.26,
2016-04-12T13:42:00+05:30,16.27,16.29,16.25,16.25,
2016-04-12T13:43:00+05:30,16.25,16.25,16.21,16.21,
2016-04-12T13:44:00+05:30,16.2,16.23,16.18,16.2,
2016-04-12T13:45:00+05:30,16.2,16.23,16.19,16.21,
2016-04-12T13:46:00+05:30,16.21,16.25,16.2,16.24,
2016-04-12T13:47:00+05:30,16.25,16.26,16.22,16.26,
2016-04-12T13:48:00+05:30,16.26,16.27,16.25,16.26,
2016-04-12T13:49:00+05:30,16.26,16.26,16.19,16.21,
2016-04-12T13:50:00+05:30,16.2,16.23,16.19,16.2,
2016-04-12T13:51:00+05:30,16.21,16.23,16.21,16.22,
2016-04-12T13:52:00+05:30,16.22,16.23,16.21,16.21,
2016-04-12T13:53:00+05:30,16.21,16.21,16.19,16.2,
2016-04-12T13:54:00+05:30,16.2,16.21,16.18,16.2,
2016-04-12T13:55:00+05:30,16.19,16.2,16.16,16.16,
2016-04-12T13:56:00+05:30,16.16,16.18,16.15,16.18,
2016-04-12T13:57:00+05:30,16.18,16.19,16.14,16.15,
2016-04-12T13:58:00+05:30,16.15,16.17,16.14,16.16,
2016-04-12T13:59:00+05:30,16.17,16.18,16.15,16.15,
2016-04-12T14:00:00+05:30,16.14,16.16,16.13,16.15,
2016-04-12T14:01:00+05:30,16.16,16.17,16.13,16.13,
2016-04-12T14:02:00+05:30,16.13,16.13,16.09,16.12,
2016-04-12T14:03:00+05:30,16.12,16.14,16.1,16.1,
2016-04-12T14:04:00+05:30,16.11,16.11,16.08,16.1,
2016-04-12T14:05:00+05:30,16.1,16.11,16.08,16.09,
2016-04-12T14:06:00+05:30,16.1,16.11,16.09,16.1,
2016-04-12T14:07:00+05:30,16.1,16.11,16.08,16.08,
2016-04-12T14:08:00+05:30,16.08,16.12,16.08,16.11,
2016-04-12T14:09:00+05:30,16.11,16.12,16.09,16.12,
2016-04-12T14:10:00+05:30,16.12,16.13,16.09,16.12,
2016-04-12T14:11:00+05:30,16.11,16.13,16.1,16.11,
2016-04-12T14:12:00+05:30,16.1,16.11,16.06,16.1,
2016-04-12T14:13:00+05:30,16.1,16.11,16.09,16.1,
2016-04-12T14:14:00+05:30,16.1,16.11,16.08,16.08,
2016-04-12T14:15:00+05:30,16.07,16.08,16.04,16.06,
2016-04-12T14:16:00+05:30,16.06,16.08,16,16.03,
2016-04-12T14:17:00+05:30,16.03,16.04,15.96,15.98,
2016-04-12T14:18:00+05:30,15.98,16,15.97,16,
2016-04-12T14:19:00+05:30,16,16.01,15.99,15.99,
2016-04-12T14:20:00+05:30,16,16.02,15.98,16.02,
2016-04-12T14:21:00+05:30,16.03,16.06,16.02,16.05,
2016-04-12T14:22:00+05:30,16.05,16.07,16.02,16.04,
2016-04-12T14:23:00+05:30,16.05,16.08,16.03,16.05,
2016-04-12T14:24:00+05:30,16.05,16.06,16.02,16.03,
2016-04-12T14:25:00+05:30,16.02,16.07,16.01,16.07,
2016-04-12T14:26:00+05:30,16.06,16.07,16.03,16.03,
2016-04-12T14:27:00+05:30,16.03,16.05,16.01,16.05,
2016-04-12T14:28:00+05:30,16.05,16.05,16.03,16.04,
2016-04-12T14:29:00+05:30,16.03,16.04,16.01,16.02,
2016-04-12T14:30:00+05:30,16.02,16.03,16,16,
2016-04-12T14:31:00+05:30,16,16.01,15.98,15.99,
2016-04-12T14:32:00+05:30,15.99,16.01,15.99,16.01,
2016-04-12T14:33:00+05:30,16,16.05,16,16.04,
2016-04-12T14:34:00+05:30,16.04,16.06,16.03,16.06,
2016-04-12T14:35:00+05:30,16.06,16.06,15.99,16,
2016-04-12T14:36:00+05:30,16,16.01,15.94,15.94,
2016-04-12T14:37:00+05:30,15.93,15.97,15.93,15.93,
2016-04-12T14:38:00+05:30,15.94,16,15.93,16,
2016-04-12T14:39:00+05:30,16,16.01,15.97,16,
2016-04-12T14:40:00+05:30,16,16.01,15.98,16,
2016-04-12T14:41:00+05:30,16,16.01,15.99,16,
2016-04-12T14:42:00+05:30,16,16.04,16,16.03,
2016-04-12T14:43:00+05:30,16.04,16.07,16.04,16.04,
2016-04-12T14:44:00+05:30,16.04,16.06,16.03,16.03,
2016-04-12T14:45:00+05:30,16.03,16.03,16.01,16.03,
2016-04-12T14:46:00+05:30,16.03,16.04,16.02,16.04,
2016-04-12T14:47:00+05:30,16.03,16.05,16.02,16.04,
2016-04-12T14:48:00+05:30,16.04,16.04,16.02,16.02,
2016-04-12T14:49:00+05:30,16.02,16.04,16.02,16.03,
2016-04-12T14:50:00+05:30,16.03,16.05,16.02,16.03,
2016-04-12T14:51:00+05:30,16.03,16.09,16.03,16.07,
2016-04-12T14:52:00+05:30,16.07,16.08,16.05,16.06,
2016-04-12T14:53:00+05:30,16.06,16.08,16.04,16.05,
2016-04-12T14:54:00+05:30,16.04,16.05,16.03,16.03,
2016-04-12T14:55:00+05:30,16.03,16.03,15.98,16.02,
2016-04-12T14:56:00+05:30,16.02,16.02,15.99,15.99,
2016-04-12T14:57:00+05:30,15.99,16.01,15.98,16,
2016-04-12T14:58:00+05:30,16,16.04,16,16.03,
2016-04-12T14:59:00+05:30,16.03,16.05,16.02,16.05,
2016-04-12T15:00:00+05:30,16.04,16.04,15.97,15.97,
2016-04-12T15:01:00+05:30,15.97,15.99,15.97,15.98,
2016-04-12T15:02:00+05:30,15.98,16.05,15.98,16.05,
2016-04-12T15:03:00+05:30,16.05,16.06,16.04,16.04,
2016-04-12T15:04:00+05:30,16.05,16.07,16.05,16.05,
2016-04-12T15:05:00+05:30,16.05,16.07,16.03,16.04,
2016-04-12T15:06:00+05:30,16.04,16.05,16.03,16.05,
2016-04-12T15:07:00+05:30,16.05,16.06,16.04,16.06,
2016-04-12T15:08:00+05:30,16.06,16.09,16.05,16.08,
2016-04-12T15:09:00+05:30,16.08,16.09,16.06,16.07,
2016-04-12T15:10:00+05:30,16.07,16.08,16.06,16.08,
2016-04-12T15:11:00+05:30,16.07,16.08,16.05,16.05,
2016-04-12T15:12:00+05:30,16.05,16.08,16.05,16.06,
2016-04-12T15:13:00+05:30,16.06,16.09,16.06,16.08,
2016-04-12T15:14:00+05:30,16.08,16.09,16.05,16.05,
2016-04-12T15:15:00+05:30,16.05,16.06,16.01,16.01,
2016-04-12T15:16:00+05:30,16.02,16.04,16.01,16.03,
2016-04-12T15:17:00+05:30,16.04,16.06,16.03,16.05,
2016-04-12T15:18:00+05:30,16.05,16.05,16.02,16.03,
2016-04-12T15:19:00+05:30,16.03,16.04,16.02,16.03,
2016-04-12T15:20:00+05:30,16.05,16.05,16.03,16.03,
2016-04-12T15:21:00+05:30,16.03,16.04,16.02,16.02,
2016-04-12T15:22:00+05:30,16.01,16.03,16.01,16.01,
2016-04-12T15:23:00+05:30,16.01,16.02,16,16.02,
2016-04-12T15:24:00+05:30,16.01,16.01,15.99,15.99,
2016-04-12T15:25:00+05:30,15.99,16.01,15.99,15.99,
2016-04-12T15:26:00+05:30,16,16.02,15.98,15.98,
2016-04-12T15:27:00+05:30,15.98,15.98,15.93,15.93,
2016-04-12T15:28:00+05:30,15.93,15.96,15.93,15.94,
2016-04-12T15:29:00+05:30,15.94,15.94,15.86,15.87,
2016-04-13T09:15:00+05:30,16.03,16.03,13.55,15.73,
2016-04-13T09:16:00+05:30,15.73,15.9,15.73,15.87,
2016-04-13T09:17:00+05:30,15.87,15.92,15.81,15.81,
2016-04-13T09:18:00+05:30,15.79,15.79,15.73,15.73,
2016-04-13T09:19:00+05:30,15.74,15.74,15.64,15.66,
2016-04-13T09:20:00+05:30,15.66,15.69,15.64,15.67,
2016-04-13T09:21:00+05:30,15.67,15.68,15.61,15.67,
2016-04-13T09:22:00+05:30,15.69,15.69,15.61,15.63,
2016-04-13T09:23:00+05:30,15.63,15.65,15.58,15.58,
2016-04-13T09:24:00+05:30,15.58,15.59,15.55,15.56,
2016-04-13T09:25:00+05:30,15.56,15.59,15.55,15.59,
2016-04-13T09:26:00+05:30,15.58,15.6,15.57,15.58,
2016-04-13T09:27:00+05:30,15.58,15.59,15.54,15.55,
2016-04-13T09:28:00+05:30,15.55,15.55,15.53,15.54,
2016-04-13T09:29:00+05:30,15.54,15.62,15.51,15.62,
2016-04-13T09:30:00+05:30,15.63,15.65,15.61,15.64,
2016-04-13T09:31:00+05:30,15.64,15.68,15.64,15.64,
2016-04-13T09:32:00+05:30,15.64,15.66,15.58,15.65,
2016-04-13T09:33:00+05:30,15.65,15.71,15.65,15.71,
2016-04-13T09:34:00+05:30,15.71,15.76,15.71,15.75,
2016-04-13T09:35:00+05:30,15.75,15.8,15.75,15.79,
2016-04-13T09:36:00+05:30,15.79,15.81,15.74,15.79,
2016-04-13T09:37:00+05:30,15.8,15.82,15.79,15.81,
2016-04-13T09:38:00+05:30,15.81,15.83,15.8,15.82,
2016-04-13T09:39:00+05:30,15.82,15.88,15.82,15.85,
2016-04-13T09:40:00+05:30,15.85,15.91,15.84,15.91,
2016-04-13T09:41:00+05:30,15.91,15.94,15.89,15.9,
2016-04-13T09:42:00+05:30,15.91,15.91,15.88,15.91,
2016-04-13T09:43:00+05:30,15.9,15.9,15.88,15.9,
2016-04-13T09:44:00+05:30,15.9,15.98,15.9,15.96,
2016-04-13T09:45:00+05:30,15.96,15.96,15.93,15.94,
2016-04-13T09:46:00+05:30,15.94,15.96,15.94,15.95,
2016-04-13T09:47:00+05:30,15.95,15.98,15.93,15.95,
2016-04-13T09:48:00+05:30,15.96,15.97,15.92,15.92,
2016-04-13T09:49:00+05:30,15.91,16,15.91,15.96,
2016-04-13T09:50:00+05:30,15.96,15.98,15.94,15.96,
2016-04-13T09:51:00+05:30,15.96,15.98,15.94,15.96,
2016-04-13T09:52:00+05:30,15.97,15.98,15.95,15.98,
2016-04-13T09:53:00+05:30,15.98,15.98,15.96,15.96,
2016-04-13T09:54:00+05:30,15.96,15.97,15.95,15.95,
2016-04-13T09:55:00+05:30,15.95,15.97,15.93,15.94,
2016-04-13T09:56:00+05:30,15.94,15.95,15.92,15.95,
2016-04-13T09:57:00+05:30,15.94,15.97,15.92,15.94,
2016-04-13T09:58:00+05:30,15.94,15.94,15.89,15.89,
2016-04-13T09:59:00+05:30,15.89,15.93,15.88,15.92,
2016-04-13T10:00:00+05:30,15.9,15.92,15.88,15.92,
2016-04-13T10:01:00+05:30,15.92,15.94,15.91,15.91,
2016-04-13T10:02:00+05:30,15.91,15.91,15.87,15.87,
2016-04-13T10:03:00+05:30,15.88,15.89,15.84,15.85,
2016-04-13T10:04:00+05:30,15.85,15.85,15.82,15.83,
2016-04-13T10:05:00+05:30,15.83,15.83,15.81,15.81,
2016-04-13T10:06:00+05:30,15.81,15.87,15.81,15.87,
2016-04-13T10:07:00+05:30,15.87,15.9,15.86,15.86,
2016-04-13T10:08:00+05:30,15.86,15.88,15.83,15.87,
2016-04-13T10:09:00+05:30,15.87,15.89,15.86,15.86,
2016-04-13T10:10:00+05:30,15.86,15.87,15.84,15.87,
2016-04-13T10:11:00+05:30,15.88,15.9,15.85,15.85,
2016-04-13T10:12:00+05:30,15.85,15.88,15.85,15.87,
2016-04-13T10:13:00+05:30,15.87,15.89,15.85,15.87,
2016-04-13T10:14:00+05:30,15.87,15.89,15.85,15.87,
2016-04-13T10:15:00+05:30,15.87,15.87,15.85,15.86,
2016-04-13T10:16:00+05:30,15.86,15.87,15.82,15.84,
2016-04-13T10:17:00+05:30,15.84,15.85,15.82,15.83,
2016-04-13T10:18:00+05:30,15.84,15.9,15.81,15.9,
2016-04-13T10:19:00+05:30,15.9,15.91,15.89,15.89,
2016-04-13T10:20:00+05:30,15.89,15.9,15.88,15.89,
2016-04-13T10:21:00+05:30,15.9,15.9,15.87,15.88,
2016-04-13T10:22:00+05:30,15.88,15.89,15.84,15.85,
2016-04-13T10:23:00+05:30,15.84,15.87,15.84,15.86,
2016-04-13T10:24:00+05:30,15.86,15.87,15.83,15.84,
2016-04-13T10:25:00+05:30,15.84,15.88,15.83,15.87,
2016-04-13T10:26:00+05:30,15.87,15.87,15.83,15.85,
2016-04-13T10:27:00+05:30,15.84,15.88,15.84,15.85,
2016-04-13T10:28:00+05:30,15.85,15.87,15.84,15.85,
2016-04-13T10:29:00+05:30,15.85,15.85,15.82,15.83,
2016-04-13T10:30:00+05:30,15.83,15.84,15.79,15.8,
2016-04-13T10:31:00+05:30,15.8,15.87,15.8,15.86,
2016-04-13T10:32:00+05:30,15.87,15.9,15.82,15.84,
2016-04-13T10:33:00+05:30,15.83,15.87,15.82,15.87,
2016-04-13T10:34:00+05:30,15.87,15.89,15.87,15.87,
2016-04-13T10:35:00+05:30,15.87,15.87,15.84,15.85,
2016-04-13T10:36:00+05:30,15.85,15.87,15.83,15.86,
2016-04-13T10:37:00+05:30,15.86,15.88,15.83,15.87,
2016-04-13T10:38:00+05:30,15.87,15.87,15.84,15.85,
2016-04-13T10:39:00+05:30,15.86,15.86,15.83,15.86,
2016-04-13T10:40:00+05:30,15.86,15.86,15.85,15.86,
2016-04-13T10:41:00+05:30,15.86,15.86,15.83,15.85,
2016-04-13T10:42:00+05:30,15.85,15.85,15.81,15.82,
2016-04-13T10:43:00+05:30,15.81,15.86,15.8,15.85,
2016-04-13T10:44:00+05:30,15.85,15.88,15.85,15.88,
2016-04-13T10:45:00+05:30,15.89,15.89,15.87,15.87,
2016-04-13T10:46:00+05:30,15.87,15.88,15.86,15.88,
2016-04-13T10:47:00+05:30,15.89,15.89,15.88,15.88,
2016-04-13T10:48:00+05:30,15.88,15.89,15.87,15.88,
2016-04-13T10:49:00+05:30,15.87,15.89,15.86,15.86,
2016-04-13T10:50:00+05:30,15.86,15.88,15.85,15.87,
2016-04-13T10:51:00+05:30,15.87,15.88,15.87,15.87,
2016-04-13T10:52:00+05:30,15.87,15.88,15.86,15.86,
2016-04-13T10:53:00+05:30,15.86,15.87,15.85,15.85,
2016-04-13T10:54:00+05:30,15.85,15.88,15.85,15.88,
2016-04-13T10:55:00+05:30,15.88,15.9,15.88,15.88,
2016-04-13T10:56:00+05:30,15.88,15.89,15.86,15.86,
2016-04-13T10:57:00+05:30,15.86,15.89,15.86,15.87,
2016-04-13T10:58:00+05:30,15.87,15.93,15.86,15.93,
2016-04-13T10:59:00+05:30,15.92,15.93,15.9,15.91,
2016-04-13T11:00:00+05:30,15.92,15.94,15.92,15.93,
2016-04-13T11:01:00+05:30,15.93,15.94,15.89,15.9,
2016-04-13T11:02:00+05:30,15.9,15.92,15.9,15.9,
2016-04-13T11:03:00+05:30,15.9,15.92,15.9,15.9,
2016-04-13T11:04:00+05:30,15.9,15.93,15.9,15.93,
2016-04-13T11:05:00+05:30,15.93,15.94,15.91,15.91,
2016-04-13T11:06:00+05:30,15.91,15.95,15.91,15.94,
2016-04-13T11:07:00+05:30,15.94,15.95,15.93,15.94,
2016-04-13T11:08:00+05:30,15.94,15.98,15.94,15.98,
2016-04-13T11:09:00+05:30,15.97,15.98,15.94,15.94,
2016-04-13T11:10:00+05:30,15.94,15.94,15.91,15.91,
2016-04-13T11:11:00+05:30,15.92,15.93,15.91,15.92,
2016-04-13T11:12:00+05:30,15.92,15.94,15.91,15.93,
2016-04-13T11:13:00+05:30,15.94,15.94,15.92,15.92,
2016-04-13T11:14:00+05:30,15.91,15.93,15.91,15.91,
2016-04-13T11:15:00+05:30,15.91,15.93,15.9,15.9,
2016-04-13T11:16:00+05:30,15.91,15.93,15.9,15.91,
2016-04-13T11:17:00+05:30,15.91,15.92,15.88,15.88,
2016-04-13T11:18:00+05:30,15.88,15.89,15.87,15.87,
2016-04-13T11:19:00+05:30,15.87,15.88,15.87,15.88,
2016-04-13T11:20:00+05:30,15.88,15.9,15.88,15.9,
2016-04-13T11:21:00+05:30,15.9,15.9,15.85,15.86,
2016-04-13T11:22:00+05:30,15.86,15.88,15.86,15.88,
2016-04-13T11:23:00+05:30,15.88,15.9,15.85,15.87,
2016-04-13T11:24:00+05:30,15.88,15.94,15.88,15.93,
2016-04-13T11:25:00+05:30,15.93,15.93,15.91,15.91,
2016-04-13T11:26:00+05:30,15.91,15.93,15.9,15.92,
2016-04-13T11:27:00+05:30,15.92,15.97,15.92,15.95,
2016-04-13T11:28:00+05:30,15.96,15.98,15.96,15.96,
2016-04-13T11:29:00+05:30,15.96,15.98,15.96,15.97,
2016-04-13T11:30:00+05:30,15.97,15.97,15.94,15.95,
2016-04-13T11:31:00+05:30,15.94,15.96,15.92,15.95,
2016-04-13T11:32:00+05:30,15.95,15.98,15.95,15.98,
2016-04-13T11:33:00+05:30,15.98,15.99,15.93,15.93,
2016-04-13T11:34:00+05:30,15.93,15.95,15.92,15.93,
2016-04-13T11:35:00+05:30,15.93,15.95,15.93,15.94,
2016-04-13T11:36:00+05:30,15.94,15.94,15.93,15.93,
2016-04-13T11:37:00+05:30,15.92,15.94,15.92,15.94,
2016-04-13T11:38:00+05:30,15.94,15.95,15.93,15.94,
2016-04-13T11:39:00+05:30,15.94,15.95,15.93,15.95,
2016-04-13T11:40:00+05:30,15.95,15.96,15.94,15.95,
2016-04-13T11:41:00+05:30,15.95,15.95,15.92,15.92,
2016-04-13T11:42:00+05:30,15.92,15.94,15.92,15.94,
2016-04-13T11:43:00+05:30,15.94,15.94,15.88,15.9,
2016-04-13T11:44:00+05:30,15.9,15.92,15.89,15.91,
2016-04-13T11:45:00+05:30,15.91,15.93,15.9,15.91,
2016-04-13T11:46:00+05:30,15.91,15.93,15.91,15.92,
2016-04-13T11:47:00+05:30,15.91,15.92,15.9,15.9,
2016-04-13T11:48:00+05:30,15.9,15.93,15.9,15.93,
2016-04-13T11:49:00+05:30,15.93,15.95,15.93,15.94,
2016-04-13T11:50:00+05:30,15.93,15.93,15.9,15.9,
2016-04-13T11:51:00+05:30,15.9,15.9,15.89,15.89,
2016-04-13T11:52:00+05:30,15.89,15.89,15.87,15.88,
2016-04-13T11:53:00+05:30,15.88,15.88,15.86,15.87,
2016-04-13T11:54:00+05:30,15.87,15.93,15.87,15.93,
2016-04-13T11:55:00+05:30,15.91,15.92,15.88,15.88,
2016-04-13T11:56:00+05:30,15.88,15.88,15.87,15.87,
2016-04-13T11:57:00+05:30,15.87,15.91,15.87,15.9,
2016-04-13T11:58:00+05:30,15.9,15.9,15.87,15.88,
2016-04-13T11:59:00+05:30,15.87,15.88,15.87,15.87,
2016-04-13T12:00:00+05:30,15.87,15.89,15.87,15.89,
2016-04-13T12:01:00+05:30,15.89,15.91,15.88,15.9,
2016-04-13T12:02:00+05:30,15.92,15.93,15.89,15.9,
2016-04-13T12:03:00+05:30,15.9,15.91,15.88,15.88,
2016-04-13T12:04:00+05:30,15.89,15.9,15.86,15.9,
2016-04-13T12:05:00+05:30,15.91,15.94,15.91,15.94,
2016-04-13T12:06:00+05:30,15.94,15.94,15.92,15.94,
2016-04-13T12:07:00+05:30,15.94,15.94,15.89,15.91,
2016-04-13T12:08:00+05:30,15.92,15.94,15.91,15.93,
2016-04-13T12:09:00+05:30,15.95,15.99,15.95,15.98,
2016-04-13T12:10:00+05:30,15.98,16,15.97,15.97,
2016-04-13T12:11:00+05:30,15.97,15.97,15.95,15.97,
2016-04-13T12:12:00+05:30,15.97,15.99,15.95,15.99,
2016-04-13T12:13:00+05:30,15.98,15.99,15.98,15.99,
2016-04-13T12:14:00+05:30,16,16,15.98,16,
2016-04-13T12:15:00+05:30,16,16,15.98,15.98,
2016-04-13T12:16:00+05:30,15.98,16,15.97,15.98,
2016-04-13T12:17:00+05:30,15.97,15.97,15.93,15.94,
2016-04-13T12:18:00+05:30,15.95,15.98,15.94,15.94,
2016-04-13T12:19:00+05:30,15.94,15.95,15.93,15.94,
2016-04-13T12:20:00+05:30,15.94,15.95,15.93,15.93,
2016-04-13T12:21:00+05:30,15.93,15.93,15.9,15.91,
2016-04-13T12:22:00+05:30,15.9,15.91,15.89,15.91,
2016-04-13T12:23:00+05:30,15.91,15.91,15.89,15.89,
2016-04-13T12:24:00+05:30,15.89,15.89,15.88,15.89,
2016-04-13T12:25:00+05:30,15.88,15.9,15.86,15.9,
2016-04-13T12:26:00+05:30,15.9,15.93,15.9,15.92,
2016-04-13T12:27:00+05:30,15.92,15.95,15.91,15.95,
2016-04-13T12:28:00+05:30,15.95,15.97,15.94,15.97,
2016-04-13T12:29:00+05:30,15.97,15.97,15.94,15.95,
2016-04-13T12:30:00+05:30,15.95,15.96,15.92,15.92,
2016-04-13T12:31:00+05:30,15.92,15.93,15.92,15.92,
2016-04-13T12:32:00+05:30,15.93,15.93,15.92,15.92,
2016-04-13T12:33:00+05:30,15.93,15.95,15.91,15.94,
2016-04-13T12:34:00+05:30,15.93,15.97,15.93,15.97,
2016-04-13T12:35:00+05:30,15.97,15.98,15.95,15.97,
2016-04-13T12:36:00+05:30,15.97,15.97,15.92,15.93,
2016-04-13T12:37:00+05:30,15.92,15.98,15.92,15.98,
2016-04-13T12:38:00+05:30,15.98,16,15.97,16,
2016-04-13T12:39:00+05:30,16,16,15.96,15.97,
2016-04-13T12:40:00+05:30,15.96,15.97,15.92,15.94,
2016-04-13T12:41:00+05:30,15.95,16,15.95,16,
2016-04-13T12:42:00+05:30,15.99,16,15.95,15.97,
2016-04-13T12:43:00+05:30,15.97,15.98,15.97,15.97,
2016-04-13T12:44:00+05:30,15.97,15.99,15.97,15.99,
2016-04-13T12:45:00+05:30,15.99,15.99,15.97,15.97,
2016-04-13T12:46:00+05:30,15.97,15.98,15.96,15.97,
2016-04-13T12:47:00+05:30,15.97,16.01,15.96,16.01,
2016-04-13T12:48:00+05:30,16.02,16.03,16.01,16.01,
2016-04-13T12:49:00+05:30,16.01,16.01,15.99,15.99,
2016-04-13T12:50:00+05:30,15.98,16.01,15.96,16.01,
2016-04-13T12:51:00+05:30,16,16.02,16,16,
2016-04-13T12:52:00+05:30,16,16.03,16,16.03,
2016-04-13T12:53:00+05:30,16.02,16.04,16.02,16.03,
2016-04-13T12:54:00+05:30,16.03,16.04,16.02,16.03,
2016-04-13T12:55:00+05:30,16.03,16.03,15.98,16,
2016-04-13T12:56:00+05:30,16,16.02,16,16.01,
2016-04-13T12:57:00+05:30,16,16.02,15.98,16.01,
2016-04-13T12:58:00+05:30,16.02,16.02,16,16.01,
2016-04-13T12:59:00+05:30,16.01,16.02,15.99,15.99,
2016-04-13T13:00:00+05:30,15.99,16.01,15.99,16.01,
2016-04-13T13:01:00+05:30,16.01,16.02,16,16.01,
2016-04-13T13:02:00+05:30,16.01,16.02,16,16.01,
2016-04-13T13:03:00+05:30,16.01,16.01,15.99,15.99,
2016-04-13T13:04:00+05:30,15.99,15.99,15.95,15.96,
2016-04-13T13:05:00+05:30,15.95,15.96,15.93,15.94,
2016-04-13T13:06:00+05:30,15.94,15.96,15.92,15.92,
2016-04-13T13:07:00+05:30,15.92,15.97,15.92,15.97,
2016-04-13T13:08:00+05:30,15.97,15.97,15.93,15.93,
2016-04-13T13:09:00+05:30,15.93,15.95,15.93,15.93,
2016-04-13T13:10:00+05:30,15.93,15.94,15.93,15.94,
2016-04-13T13:11:00+05:30,15.94,15.94,15.92,15.93,
2016-04-13T13:12:00+05:30,15.93,15.93,15.9,15.9,
2016-04-13T13:13:00+05:30,15.91,15.92,15.9,15.91,
2016-04-13T13:14:00+05:30,15.91,15.91,15.88,15.89,
2016-04-13T13:15:00+05:30,15.89,15.89,15.88,15.88,
2016-04-13T13:16:00+05:30,15.88,15.88,15.86,15.87,
2016-04-13T13:17:00+05:30,15.87,15.87,15.83,15.84,
2016-04-13T13:18:00+05:30,15.84,15.84,15.8,15.8,
2016-04-13T13:19:00+05:30,15.8,15.8,15.77,15.77,
2016-04-13T13:20:00+05:30,15.78,15.78,15.75,15.75,
2016-04-13T13:21:00+05:30,15.75,15.77,15.75,15.77,
2016-04-13T13:22:00+05:30,15.77,15.8,15.77,15.8,
2016-04-13T13:23:00+05:30,15.8,15.81,15.79,15.79,
2016-04-13T13:24:00+05:30,15.79,15.79,15.75,15.75,
2016-04-13T13:25:00+05:30,15.75,15.76,15.74,15.74,
2016-04-13T13:26:00+05:30,15.74,15.76,15.74,15.74,
2016-04-13T13:27:00+05:30,15.75,15.75,15.72,15.73,
2016-04-13T13:28:00+05:30,15.73,15.76,15.73,15.75,
2016-04-13T13:29:00+05:30,15.75,15.75,15.73,15.73,
2016-04-13T13:30:00+05:30,15.74,15.75,15.73,15.73,
2016-04-13T13:31:00+05:30,15.73,15.75,15.71,15.75,
2016-04-13T13:32:00+05:30,15.75,15.77,15.73,15.74,
2016-04-13T13:33:00+05:30,15.74,15.77,15.74,15.76,
2016-04-13T13:34:00+05:30,15.76,15.8,15.76,15.79,
2016-04-13T13:35:00+05:30,15.79,15.81,15.79,15.8,
2016-04-13T13:36:00+05:30,15.8,15.8,15.77,15.77,
2016-04-13T13:37:00+05:30,15.76,15.78,15.76,15.77,
2016-04-13T13:38:00+05:30,15.77,15.79,15.76,15.79,
2016-04-13T13:39:00+05:30,15.79,15.8,15.77,15.78,
2016-04-13T13:40:00+05:30,15.78,15.79,15.74,15.79,
2016-04-13T13:41:00+05:30,15.79,15.81,15.78,15.78,
2016-04-13T13:42:00+05:30,15.78,15.79,15.76,15.76,
2016-04-13T13:43:00+05:30,15.76,15.77,15.74,15.76,
2016-04-13T13:44:00+05:30,15.75,15.75,15.73,15.75,
2016-04-13T13:45:00+05:30,15.74,15.75,15.73,15.74,
2016-04-13T13:46:00+05:30,15.73,15.75,15.73,15.74,
2016-04-13T13:47:00+05:30,15.74,15.75,15.72,15.74,
2016-04-13T13:48:00+05:30,15.74,15.74,15.71,15.73,
2016-04-13T13:49:00+05:30,15.73,15.74,15.7,15.71,
2016-04-13T13:50:00+05:30,15.71,15.73,15.7,15.72,
2016-04-13T13:51:00+05:30,15.73,15.74,15.72,15.72,
2016-04-13T13:52:00+05:30,15.73,15.76,15.72,15.75,
2016-04-13T13:53:00+05:30,15.75,15.8,15.74,15.8,
2016-04-13T13:54:00+05:30,15.8,15.81,15.79,15.81,
2016-04-13T13:55:00+05:30,15.81,15.83,15.8,15.81,
2016-04-13T13:56:00+05:30,15.81,15.82,15.8,15.81,
2016-04-13T13:57:00+05:30,15.82,15.82,15.75,15.8,
2016-04-13T13:58:00+05:30,15.8,15.81,15.79,15.79,
2016-04-13T13:59:00+05:30,15.79,15.8,15.78,15.79,
2016-04-13T14:00:00+05:30,15.79,15.81,15.78,15.79,
2016-04-13T14:01:00+05:30,15.79,15.8,15.78,15.78,
2016-04-13T14:02:00+05:30,15.78,15.79,15.76,15.78,
2016-04-13T14:03:00+05:30,15.79,15.79,15.77,15.79,
2016-04-13T14:04:00+05:30,15.78,15.8,15.78,15.8,
2016-04-13T14:05:00+05:30,15.8,15.81,15.8,15.81,
2016-04-13T14:06:00+05:30,15.81,15.84,15.8,15.84,
2016-04-13T14:07:00+05:30,15.84,15.86,15.83,15.85,
2016-04-13T14:08:00+05:30,15.86,15.89,15.85,15.85,
2016-04-13T14:09:00+05:30,15.85,15.88,15.85,15.88,
2016-04-13T14:10:00+05:30,15.88,15.9,15.86,15.86,
2016-04-13T14:11:00+05:30,15.86,15.86,15.82,15.82,
2016-04-13T14:12:00+05:30,15.82,15.82,15.78,15.79,
2016-04-13T14:13:00+05:30,15.79,15.8,15.78,15.79,
2016-04-13T14:14:00+05:30,15.79,15.8,15.76,15.8,
2016-04-13T14:15:00+05:30,15.79,15.8,15.78,15.79,
2016-04-13T14:16:00+05:30,15.79,15.82,15.79,15.82,
2016-04-13T14:17:00+05:30,15.82,15.83,15.81,15.83,
2016-04-13T14:18:00+05:30,15.84,15.84,15.81,15.83,
2016-04-13T14:19:00+05:30,15.83,15.84,15.81,15.83,
2016-04-13T14:20:00+05:30,15.83,15.85,15.82,15.83,
2016-04-13T14:21:00+05:30,15.83,15.84,15.81,15.83,
2016-04-13T14:22:00+05:30,15.83,15.83,15.8,15.81,
2016-04-13T14:23:00+05:30,15.81,15.85,15.81,15.84,
2016-04-13T14:24:00+05:30,15.84,15.84,15.82,15.83,
2016-04-13T14:25:00+05:30,15.83,15.83,15.77,15.78,
2016-04-13T14:26:00+05:30,15.78,15.8,15.76,15.79,
2016-04-13T14:27:00+05:30,15.79,15.79,15.74,15.75,
2016-04-13T14:28:00+05:30,15.75,15.75,15.69,15.69,
2016-04-13T14:29:00+05:30,15.69,15.71,15.68,15.69,
2016-04-13T14:30:00+05:30,15.69,15.82,15.69,15.81,
2016-04-13T14:31:00+05:30,15.8,15.81,15.79,15.8,
2016-04-13T14:32:00+05:30,15.8,15.82,15.79,15.82,
2016-04-13T14:33:00+05:30,15.82,15.83,15.8,15.82,
2016-04-13T14:34:00+05:30,15.82,15.82,15.8,15.8,
2016-04-13T14:35:00+05:30,15.79,15.81,15.77,15.8,
2016-04-13T14:36:00+05:30,15.8,15.89,15.8,15.89,
2016-04-13T14:37:00+05:30,15.88,15.88,15.84,15.87,
2016-04-13T14:38:00+05:30,15.87,15.88,15.86,15.87,
2016-04-13T14:39:00+05:30,15.87,15.92,15.87,15.92,
2016-04-13T14:40:00+05:30,15.92,15.94,15.9,15.94,
2016-04-13T14:41:00+05:30,15.94,15.95,15.9,15.9,
2016-04-13T14:42:00+05:30,15.9,15.92,15.9,15.92,
2016-04-13T14:43:00+05:30,15.92,15.92,15.9,15.92,
2016-04-13T14:44:00+05:30,15.91,15.92,15.78,15.79,
2016-04-13T14:45:00+05:30,15.79,15.92,15.79,15.91,
2016-04-13T14:46:00+05:30,15.91,15.92,15.9,15.9,
2016-04-13T14:47:00+05:30,15.9,15.93,15.89,15.91,
2016-04-13T14:48:00+05:30,15.91,15.94,15.9,15.92,
2016-04-13T14:49:00+05:30,15.92,15.93,15.81,15.92,
2016-04-13T14:50:00+05:30,15.93,15.93,15.89,15.92,
2016-04-13T14:51:00+05:30,15.92,15.92,15.8,15.84,
2016-04-13T14:52:00+05:30,15.84,15.97,15.84,15.94,
2016-04-13T14:53:00+05:30,15.95,15.96,15.94,15.96,
2016-04-13T14:54:00+05:30,15.96,15.98,15.86,15.9,
2016-04-13T14:55:00+05:30,15.9,15.99,15.88,15.99,
2016-04-13T14:56:00+05:30,15.99,15.99,15.94,15.94,
2016-04-13T14:57:00+05:30,15.94,15.94,15.9,15.91,
2016-04-13T14:58:00+05:30,15.91,15.97,15.91,15.96,
2016-04-13T14:59:00+05:30,15.96,15.97,15.92,15.93,
2016-04-13T15:00:00+05:30,15.92,15.98,15.91,15.97,
2016-04-13T15:01:00+05:30,15.96,15.97,15.94,15.94,
2016-04-13T15:02:00+05:30,15.94,16,15.94,15.99,
2016-04-13T15:03:00+05:30,15.99,16,15.96,15.96,
2016-04-13T15:04:00+05:30,15.96,16.01,15.96,16,
2016-04-13T15:05:00+05:30,16,16.05,16,16.04,
2016-04-13T15:06:00+05:30,16.04,16.05,16.01,16.05,
2016-04-13T15:07:00+05:30,16.05,16.07,16.04,16.06,
2016-04-13T15:08:00+05:30,16.06,16.07,16.04,16.05,
2016-04-13T15:09:00+05:30,16.05,16.06,16.04,16.05,
2016-04-13T15:10:00+05:30,16.06,16.1,16.05,16.1,
2016-04-13T15:11:00+05:30,16.11,16.11,16.06,16.1,
2016-04-13T15:12:00+05:30,16.1,16.12,16.07,16.11,
2016-04-13T15:13:00+05:30,16.11,16.12,16.09,16.11,
2016-04-13T15:14:00+05:30,16.11,16.11,16.08,16.09,
2016-04-13T15:15:00+05:30,16.09,16.11,16.07,16.09,
2016-04-13T15:16:00+05:30,16.09,16.11,16.06,16.11,
2016-04-13T15:17:00+05:30,16.11,16.11,16.06,16.07,
2016-04-13T15:18:00+05:30,16.07,16.12,16.06,16.11,
2016-04-13T15:19:00+05:30,16.11,16.11,16.06,16.08,
2016-04-13T15:20:00+05:30,16.08,16.1,16.07,16.09,
2016-04-13T15:21:00+05:30,16.09,16.1,16.06,16.07,
2016-04-13T15:22:00+05:30,16.07,16.07,16.04,16.05,
2016-04-13T15:23:00+05:30,16.05,16.05,16.03,16.03,
2016-04-13T15:24:00+05:30,16.02,16.02,15.97,15.97,
2016-04-13T15:25:00+05:30,15.98,15.98,15.97,15.97,
2016-04-13T15:26:00+05:30,15.97,15.98,15.94,15.96,
2016-04-13T15:27:00+05:30,15.96,15.97,15.95,15.97,
2016-04-13T15:28:00+05:30,15.97,16.02,15.97,15.98,
2016-04-13T15:29:00+05:30,15.98,15.98,15.95,15.97,
2016-04-18T09:15:00+05:30,16.04,16.04,14.14,15.45,
2016-04-18T09:16:00+05:30,15.46,16.32,15.46,16.32,
2016-04-18T09:17:00+05:30,16.31,16.5,16.13,16.5,
2016-04-18T09:18:00+05:30,16.5,16.92,16.42,16.92,
2016-04-18T09:19:00+05:30,16.92,17.12,16.89,17.07,
2016-04-18T09:20:00+05:30,17.06,17.22,17.06,17.21,
2016-04-18T09:21:00+05:30,17.22,17.26,17.08,17.08,
2016-04-18T09:22:00+05:30,17.08,17.11,17.01,17.09,
2016-04-18T09:23:00+05:30,17.08,17.09,17.03,17.07,
2016-04-18T09:24:00+05:30,17.08,17.15,17.07,17.07,
2016-04-18T09:25:00+05:30,17.07,17.11,17.04,17.05,
2016-04-18T09:26:00+05:30,17.05,17.14,17.05,17.06,
2016-04-18T09:27:00+05:30,17.06,17.15,17.02,17.14,
2016-04-18T09:28:00+05:30,17.13,17.2,16.97,17.18,
2016-04-18T09:29:00+05:30,17.18,17.18,17.08,17.11,
2016-04-18T09:30:00+05:30,17.11,17.13,17.1,17.11,
2016-04-18T09:31:00+05:30,17.09,17.1,16.95,16.98,
2016-04-18T09:32:00+05:30,16.97,16.98,16.87,16.88,
2016-04-18T09:33:00+05:30,16.88,17.02,16.85,17.02,
2016-04-18T09:34:00+05:30,17.02,17.03,17.01,17.03,
2016-04-18T09:35:00+05:30,17.03,17.08,17.02,17.08,
2016-04-18T09:36:00+05:30,17.08,17.24,17.07,17.22,
2016-04-18T09:37:00+05:30,17.22,17.38,17.21,17.35,
2016-04-18T09:38:00+05:30,17.35,17.38,17.11,17.38,
2016-04-18T09:39:00+05:30,17.38,17.42,17.36,17.36,
2016-04-18T09:40:00+05:30,17.36,17.37,17.09,17.11,
2016-04-18T09:41:00+05:30,17.11,17.35,17.11,17.34,
2016-04-18T09:42:00+05:30,17.34,17.36,17.33,17.33,
2016-04-18T09:43:00+05:30,17.34,17.35,17.32,17.33,
2016-04-18T09:44:00+05:30,17.34,17.35,17.32,17.33,
2016-04-18T09:45:00+05:30,17.32,17.36,17.32,17.34,
2016-04-18T09:46:00+05:30,17.34,17.34,17.32,17.33,
2016-04-18T09:47:00+05:30,17.33,17.35,17.31,17.35,
2016-04-18T09:48:00+05:30,17.35,17.35,17.32,17.33,
2016-04-18T09:49:00+05:30,17.33,17.34,17.3,17.34,
2016-04-18T09:50:00+05:30,17.33,17.34,17.33,17.33,
2016-04-18T09:51:00+05:30,17.33,17.38,17.22,17.22,
2016-04-18T09:52:00+05:30,17.22,17.22,17.21,17.21,
2016-04-18T09:53:00+05:30,17.21,17.21,17.18,17.18,
2016-04-18T09:54:00+05:30,17.18,17.18,17.16,17.17,
2016-04-18T09:55:00+05:30,17.17,17.17,17.12,17.13,
2016-04-18T09:56:00+05:30,17.11,17.12,17.08,17.09,
2016-04-18T09:57:00+05:30,17.08,17.1,17.06,17.08,
2016-04-18T09:58:00+05:30,17.08,17.1,17.07,17.09,
2016-04-18T09:59:00+05:30,17.09,17.09,17.07,17.07,
2016-04-18T10:00:00+05:30,17.07,17.09,17.01,17.06,
2016-04-18T10:01:00+05:30,17.06,17.06,17.02,17.05,
2016-04-18T10:02:00+05:30,17.05,17.05,17,17,
2016-04-18T10:03:00+05:30,17,17.05,17,17.03,
2016-04-18T10:04:00+05:30,17.04,17.04,17.02,17.02,
2016-04-18T10:05:00+05:30,17.02,17.03,17,17,
2016-04-18T10:06:00+05:30,17,17.01,16.97,16.98,
2016-04-18T10:07:00+05:30,16.98,17.01,16.97,17,
2016-04-18T10:08:00+05:30,17,17,16.98,16.98,
2016-04-18T10:09:00+05:30,16.98,17,16.95,16.98,
2016-04-18T10:10:00+05:30,16.98,16.99,16.95,16.96,
2016-04-18T10:11:00+05:30,16.96,16.99,16.96,16.98,
2016-04-18T10:12:00+05:30,16.99,17,16.98,16.98,
2016-04-18T10:13:00+05:30,16.98,17,16.98,16.98,
2016-04-18T10:14:00+05:30,16.98,16.99,16.96,16.97,
2016-04-18T10:15:00+05:30,16.97,16.97,16.95,16.97,
2016-04-18T10:16:00+05:30,16.96,16.99,16.96,16.99,
2016-04-18T10:17:00+05:30,16.99,17,16.98,16.99,
2016-04-18T10:18:00+05:30,16.99,17,16.99,17,
2016-04-18T10:19:00+05:30,17,17,16.95,16.95,
2016-04-18T10:20:00+05:30,16.96,16.96,16.95,16.95,
2016-04-18T10:21:00+05:30,16.95,16.98,16.95,16.98,
2016-04-18T10:22:00+05:30,16.98,17.01,16.97,17.01,
2016-04-18T10:23:00+05:30,17.01,17.01,16.96,16.96,
2016-04-18T10:24:00+05:30,16.96,16.99,16.94,16.96,
2016-04-18T10:25:00+05:30,16.96,17,16.96,17,
2016-04-18T10:26:00+05:30,17,17.03,17,17.03,
2016-04-18T10:27:00+05:30,17.03,17.04,16.99,16.99,
2016-04-18T10:28:00+05:30,16.99,17.03,16.99,17.03,
2016-04-18T10:29:00+05:30,17.02,17.03,17.01,17.03,
2016-04-18T10:30:00+05:30,17.03,17.04,17.02,17.03,
2016-04-18T10:31:00+05:30,17.04,17.06,17.03,17.05,
2016-04-18T10:32:00+05:30,17.05,17.06,17.04,17.04,
2016-04-18T10:33:00+05:30,17.04,17.04,17.03,17.04,
2016-04-18T10:34:00+05:30,17.04,17.06,17.03,17.04,
2016-04-18T10:35:00+05:30,17.04,17.05,17.03,17.05,
2016-04-18T10:36:00+05:30,17.04,17.08,17.04,17.08,
2016-04-18T10:37:00+05:30,17.08,17.11,17.06,17.1,
2016-04-18T10:38:00+05:30,17.1,17.1,17.05,17.05,
2016-04-18T10:39:00+05:30,17.07,17.09,17.04,17.04,
2016-04-18T10:40:00+05:30,17.03,17.08,17.03,17.04,
2016-04-18T10:41:00+05:30,17.05,17.06,16.99,17.02,
2016-04-18T10:42:00+05:30,17.01,17.04,17,17.04,
2016-04-18T10:43:00+05:30,17.04,17.05,17.03,17.04,
2016-04-18T10:44:00+05:30,17.04,17.05,17.04,17.04,
2016-04-18T10:45:00+05:30,17.03,17.05,17.03,17.03,
2016-04-18T10:46:00+05:30,17.03,17.03,17,17.01,
2016-04-18T10:47:00+05:30,17.01,17.05,17.01,17.04,
2016-04-18T10:48:00+05:30,17.04,17.07,17.04,17.06,
2016-04-18T10:49:00+05:30,17.18,17.2,17.09,17.11,
2016-04-18T10:50:00+05:30,17.11,17.13,17.1,17.12,
2016-04-18T10:51:00+05:30,17.11,17.24,17.11,17.19,
2016-04-18T10:52:00+05:30,17.19,17.2,17.08,17.19,
2016-04-18T10:53:00+05:30,17.21,17.28,17.21,17.23,
2016-04-18T10:54:00+05:30,17.24,17.3,17.23,17.3,
2016-04-18T10:55:00+05:30,17.3,17.32,17.17,17.18,
2016-04-18T10:56:00+05:30,17.17,17.18,17.15,17.16,
2016-04-18T10:57:00+05:30,17.16,17.18,17.15,17.16,
2016-04-18T10:58:00+05:30,17.16,17.16,17.13,17.14,
2016-04-18T10:59:00+05:30,17.13,17.26,17.11,17.26,
2016-04-18T11:00:00+05:30,17.26,17.29,17.16,17.17,
2016-04-18T11:01:00+05:30,17.18,17.18,17.16,17.16,
2016-04-18T11:02:00+05:30,17.16,17.17,17.15,17.16,
2016-04-18T11:03:00+05:30,17.16,17.17,17.15,17.15,
2016-04-18T11:04:00+05:30,17.15,17.18,17.14,17.16,
2016-04-18T11:05:00+05:30,17.16,17.18,17.16,17.17,
2016-04-18T11:06:00+05:30,17.17,17.18,17.16,17.18,
2016-04-18T11:07:00+05:30,17.18,17.18,17.12,17.12,
2016-04-18T11:08:00+05:30,17.13,17.13,17.11,17.12,
2016-04-18T11:09:00+05:30,17.12,17.14,17.12,17.13,
2016-04-18T11:10:00+05:30,17.13,17.13,17.08,17.08,
2016-04-18T11:11:00+05:30,17.08,17.09,17.07,17.08,
2016-04-18T11:12:00+05:30,17.08,17.09,17.06,17.08,
2016-04-18T11:13:00+05:30,17.08,17.08,17.06,17.07,
2016-04-18T11:14:00+05:30,17.07,17.13,17.06,17.13,
2016-04-18T11:15:00+05:30,17.13,17.14,17.12,17.13,
2016-04-18T11:16:00+05:30,17.14,17.15,17.12,17.13,
2016-04-18T11:17:00+05:30,17.13,17.14,17.11,17.13,
2016-04-18T11:18:00+05:30,17.13,17.15,17.12,17.13,
2016-04-18T11:19:00+05:30,17.13,17.13,17.09,17.1,
2016-04-18T11:20:00+05:30,17.09,17.1,17.07,17.08,
2016-04-18T11:21:00+05:30,17.08,17.1,17.07,17.1,
2016-04-18T11:22:00+05:30,17.1,17.12,17.1,17.11,
2016-04-18T11:23:00+05:30,17.12,17.12,17.1,17.11,
2016-04-18T11:24:00+05:30,17.11,17.14,17.11,17.14,
2016-04-18T11:25:00+05:30,17.14,17.16,17.13,17.16,
2016-04-18T11:26:00+05:30,17.16,17.19,17.15,17.18,
2016-04-18T11:27:00+05:30,17.18,17.18,17.12,17.13,
2016-04-18T11:28:00+05:30,17.12,17.15,17.12,17.15,
2016-04-18T11:29:00+05:30,17.15,17.15,17.13,17.13,
2016-04-18T11:30:00+05:30,17.11,17.17,17.11,17.16,
2016-04-18T11:31:00+05:30,17.15,17.19,17.14,17.19,
2016-04-18T11:32:00+05:30,17.19,17.2,17.18,17.18,
2016-04-18T11:33:00+05:30,17.18,17.19,17.14,17.18,
2016-04-18T11:34:00+05:30,17.18,17.19,17.16,17.18,
2016-04-18T11:35:00+05:30,17.19,17.2,17.17,17.19,
2016-04-18T11:36:00+05:30,17.2,17.2,17.13,17.15,
2016-04-18T11:37:00+05:30,17.16,17.16,17.13,17.14,
2016-04-18T11:38:00+05:30,17.14,17.14,17.11,17.12,
2016-04-18T11:39:00+05:30,17.11,17.12,17.1,17.12,
2016-04-18T11:40:00+05:30,17.12,17.12,17.1,17.11,
2016-04-18T11:41:00+05:30,17.11,17.14,17.11,17.13,
2016-04-18T11:42:00+05:30,17.14,17.14,17.11,17.11,
2016-04-18T11:43:00+05:30,17.11,17.13,17.09,17.13,
2016-04-18T11:44:00+05:30,17.12,17.13,17.09,17.11,
2016-04-18T11:45:00+05:30,17.11,17.11,17.09,17.09,
2016-04-18T11:46:00+05:30,17.09,17.09,17.06,17.06,
2016-04-18T11:47:00+05:30,17.07,17.08,17.06,17.07,
2016-04-18T11:48:00+05:30,17.07,17.08,17.06,17.07,
2016-04-18T11:49:00+05:30,17.07,17.07,17.04,17.06,
2016-04-18T11:50:00+05:30,17.06,17.1,17.06,17.08,
2016-04-18T11:51:00+05:30,17.08,17.08,17.05,17.05,
2016-04-18T11:52:00+05:30,17.05,17.07,17.05,17.05,
2016-04-18T11:53:00+05:30,17.05,17.09,17.05,17.09,
2016-04-18T11:54:00+05:30,17.09,17.1,17.08,17.1,
2016-04-18T11:55:00+05:30,17.1,17.1,17.06,17.08,
2016-04-18T11:56:00+05:30,17.07,17.07,17.05,17.06,
2016-04-18T11:57:00+05:30,17.06,17.08,17.04,17.07,
2016-04-18T11:58:00+05:30,17.07,17.09,17.05,17.09,
2016-04-18T11:59:00+05:30,17.07,17.07,17.04,17.05,
2016-04-18T12:00:00+05:30,17.05,17.05,17.01,17.02,
2016-04-18T12:01:00+05:30,17.02,17.03,17.02,17.03,
2016-04-18T12:02:00+05:30,17.03,17.04,17.02,17.02,
2016-04-18T12:03:00+05:30,17.02,17.08,17.02,17.08,
2016-04-18T12:04:00+05:30,17.08,17.1,17.06,17.06,
2016-04-18T12:05:00+05:30,17.06,17.1,17.05,17.09,
2016-04-18T12:06:00+05:30,17.09,17.12,17.09,17.11,
2016-04-18T12:07:00+05:30,17.11,17.12,17.09,17.12,
2016-04-18T12:08:00+05:30,17.12,17.15,17.11,17.14,
2016-04-18T12:09:00+05:30,17.14,17.15,17.12,17.14,
2016-04-18T12:10:00+05:30,17.13,17.14,17.12,17.14,
2016-04-18T12:11:00+05:30,17.14,17.16,17.13,17.15,
2016-04-18T12:12:00+05:30,17.15,17.17,17.12,17.15,
2016-04-18T12:13:00+05:30,17.15,17.15,17.13,17.15,
2016-04-18T12:14:00+05:30,17.15,17.16,17.14,17.15,
2016-04-18T12:15:00+05:30,17.14,17.17,17.14,17.15,
2016-04-18T12:16:00+05:30,17.15,17.17,17.14,17.17,
2016-04-18T12:17:00+05:30,17.17,17.17,17.15,17.15,
2016-04-18T12:18:00+05:30,17.15,17.15,17.1,17.12,
2016-04-18T12:19:00+05:30,17.12,17.14,17.11,17.12,
2016-04-18T12:20:00+05:30,17.12,17.12,17.09,17.11,
2016-04-18T12:21:00+05:30,17.1,17.11,17.05,17.05,
2016-04-18T12:22:00+05:30,17.05,17.06,17.04,17.04,
2016-04-18T12:23:00+05:30,17.03,17.05,17.03,17.04,
2016-04-18T12:24:00+05:30,17.05,17.08,17.04,17.08,
2016-04-18T12:25:00+05:30,17.08,17.09,17.07,17.09,
2016-04-18T12:26:00+05:30,17.09,17.1,17.07,17.09,
2016-04-18T12:27:00+05:30,17.09,17.11,17.07,17.1,
2016-04-18T12:28:00+05:30,17.11,17.11,17.09,17.1,
2016-04-18T12:29:00+05:30,17.09,17.11,17.09,17.11,
2016-04-18T12:30:00+05:30,17.1,17.11,17.06,17.11,
2016-04-18T12:31:00+05:30,17.11,17.13,17.09,17.11,
2016-04-18T12:32:00+05:30,17.11,17.14,17.11,17.14,
2016-04-18T12:33:00+05:30,17.12,17.13,17.11,17.12,
2016-04-18T12:34:00+05:30,17.12,17.13,17.11,17.12,
2016-04-18T12:35:00+05:30,17.12,17.14,17.11,17.13,
2016-04-18T12:36:00+05:30,17.13,17.15,17.11,17.12,
2016-04-18T12:37:00+05:30,17.12,17.14,17.11,17.11,
2016-04-18T12:38:00+05:30,17.11,17.11,17.08,17.08,
2016-04-18T12:39:00+05:30,17.08,17.08,16.99,17.01,
2016-04-18T12:40:00+05:30,17.01,17.01,16.97,17,
2016-04-18T12:41:00+05:30,17,17.04,16.99,17.01,
2016-04-18T12:42:00+05:30,17.01,17.03,16.97,16.97,
2016-04-18T12:43:00+05:30,16.97,17.02,16.97,17.02,
2016-04-18T12:44:00+05:30,17.03,17.05,17.02,17.03,
2016-04-18T12:45:00+05:30,17.03,17.05,17.02,17.04,
2016-04-18T12:46:00+05:30,17.04,17.07,17.03,17.05,
2016-04-18T12:47:00+05:30,17.07,17.08,17.02,17.03,
2016-04-18T12:48:00+05:30,17.03,17.03,17,17.03,
2016-04-18T12:49:00+05:30,17.02,17.03,17,17.03,
2016-04-18T12:50:00+05:30,17.03,17.07,17.02,17.05,
2016-04-18T12:51:00+05:30,17.04,17.06,17.02,17.02,
2016-04-18T12:52:00+05:30,17.03,17.05,17.03,17.05,
2016-04-18T12:53:00+05:30,17.05,17.07,17.04,17.04,
2016-04-18T12:54:00+05:30,17.03,17.07,17.03,17.05,
2016-04-18T12:55:00+05:30,17.05,17.05,17.01,17.01,
2016-04-18T12:56:00+05:30,17.01,17.03,17,17.03,
2016-04-18T12:57:00+05:30,17.02,17.06,17.02,17.06,
2016-04-18T12:58:00+05:30,17.06,17.06,17.02,17.03,
2016-04-18T12:59:00+05:30,17.03,17.16,17.02,17.16,
2016-04-18T13:00:00+05:30,17.16,17.17,17.15,17.16,
2016-04-18T13:01:00+05:30,17.15,17.17,17.15,17.16,
2016-04-18T13:02:00+05:30,17.16,17.18,17.14,17.14,
2016-04-18T13:03:00+05:30,17.14,17.17,17.13,17.16,
2016-04-18T13:04:00+05:30,17.16,17.17,17.15,17.16,
2016-04-18T13:05:00+05:30,17.16,17.16,17.01,17.05,
2016-04-18T13:06:00+05:30,17.05,17.06,16.97,16.98,
2016-04-18T13:07:00+05:30,16.97,17.02,16.96,17.02,
2016-04-18T13:08:00+05:30,17.03,17.03,17,17.01,
2016-04-18T13:09:00+05:30,17,17.02,16.98,17,
2016-04-18T13:10:00+05:30,17,17.01,16.99,16.99,
2016-04-18T13:11:00+05:30,17,17.01,16.98,16.99,
2016-04-18T13:12:00+05:30,17,17,16.98,17,
2016-04-18T13:13:00+05:30,17,17.03,16.99,17.03,
2016-04-18T13:14:00+05:30,17.03,17.06,17.03,17.06,
2016-04-18T13:15:00+05:30,17.06,17.08,17.03,17.08,
2016-04-18T13:16:00+05:30,17.08,17.09,17.03,17.04,
2016-04-18T13:17:00+05:30,17.06,17.12,17.05,17.12,
2016-04-18T13:18:00+05:30,17.12,17.16,17.1,17.16,
2016-04-18T13:19:00+05:30,17.15,17.17,17.12,17.13,
2016-04-18T13:20:00+05:30,17.13,17.18,17.12,17.14,
2016-04-18T13:21:00+05:30,17.14,17.17,17.14,17.16,
2016-04-18T13:22:00+05:30,17.16,17.19,17.15,17.18,
2016-04-18T13:23:00+05:30,17.18,17.21,17.18,17.2,
2016-04-18T13:24:00+05:30,17.2,17.21,17.17,17.17,
2016-04-18T13:25:00+05:30,17.17,17.18,17.15,17.17,
2016-04-18T13:26:00+05:30,17.17,17.18,17.14,17.15,
2016-04-18T13:27:00+05:30,17.15,17.19,17.15,17.19,
2016-04-18T13:28:00+05:30,17.18,17.19,17.15,17.15,
2016-04-18T13:29:00+05:30,17.17,17.17,17.12,17.14,
2016-04-18T13:30:00+05:30,17.14,17.17,17.14,17.15,
2016-04-18T13:31:00+05:30,17.15,17.15,17.12,17.12,
2016-04-18T13:32:00+05:30,17.12,17.13,17.1,17.11,
2016-04-18T13:33:00+05:30,17.11,17.15,17.11,17.15,
2016-04-18T13:34:00+05:30,17.15,17.17,17.11,17.16,
2016-04-18T13:35:00+05:30,17.16,17.18,17.13,17.13,
2016-04-18T13:36:00+05:30,17.14,17.14,17.07,17.07,
2016-04-18T13:37:00+05:30,17.07,17.1,17.07,17.09,
2016-04-18T13:38:00+05:30,17.09,17.12,17.09,17.12,
2016-04-18T13:39:00+05:30,17.12,17.14,17.11,17.12,
2016-04-18T13:40:00+05:30,17.12,17.12,17.06,17.09,
2016-04-18T13:41:00+05:30,17.09,17.11,17.07,17.1,
2016-04-18T13:42:00+05:30,17.09,17.12,17.09,17.12,
2016-04-18T13:43:00+05:30,17.12,17.12,17.08,17.08,
2016-04-18T13:44:00+05:30,17.08,17.11,17.08,17.11,
2016-04-18T13:45:00+05:30,17.11,17.11,17.09,17.11,
2016-04-18T13:46:00+05:30,17.11,17.14,17.1,17.13,
2016-04-18T13:47:00+05:30,17.15,17.15,17.13,17.13,
2016-04-18T13:48:00+05:30,17.13,17.15,17.11,17.14,
2016-04-18T13:49:00+05:30,17.14,17.14,17.11,17.11,
2016-04-18T13:50:00+05:30,17.11,17.13,17.1,17.13,
2016-04-18T13:51:00+05:30,17.14,17.15,17.12,17.14,
2016-04-18T13:52:00+05:30,17.14,17.16,17.14,17.15,
2016-04-18T13:53:00+05:30,17.15,17.16,17.12,17.16,
2016-04-18T13:54:00+05:30,17.16,17.2,17.14,17.19,
2016-04-18T13:55:00+05:30,17.19,17.19,17.17,17.18,
2016-04-18T13:56:00+05:30,17.18,17.21,17.18,17.21,
2016-04-18T13:57:00+05:30,17.21,17.21,17.14,17.16,
2016-04-18T13:58:00+05:30,17.16,17.21,17.16,17.21,
2016-04-18T13:59:00+05:30,17.2,17.21,17.18,17.19,
2016-04-18T14:00:00+05:30,17.2,17.2,17.18,17.2,
2016-04-18T14:01:00+05:30,17.2,17.25,17.2,17.25,
2016-04-18T14:02:00+05:30,17.24,17.25,17.2,17.21,
2016-04-18T14:03:00+05:30,17.21,17.21,17.16,17.18,
2016-04-18T14:04:00+05:30,17.18,17.18,17.14,17.14,
2016-04-18T14:05:00+05:30,17.14,17.15,17.12,17.13,
2016-04-18T14:06:00+05:30,17.12,17.14,17.11,17.14,
2016-04-18T14:07:00+05:30,17.14,17.15,17.1,17.11,
2016-04-18T14:08:00+05:30,17.1,17.16,17.1,17.16,
2016-04-18T14:09:00+05:30,17.15,17.16,17.13,17.14,
2016-04-18T14:10:00+05:30,17.15,17.15,17.1,17.11,
2016-04-18T14:11:00+05:30,17.11,17.12,17.09,17.09,
2016-04-18T14:12:00+05:30,17.09,17.1,17.06,17.06,
2016-04-18T14:13:00+05:30,17.07,17.07,17.05,17.06,
2016-04-18T14:14:00+05:30,17.06,17.1,17.05,17.09,
2016-04-18T14:15:00+05:30,17.1,17.13,17.09,17.11,
2016-04-18T14:16:00+05:30,17.11,17.12,17.09,17.12,
2016-04-18T14:17:00+05:30,17.11,17.14,17.1,17.11,
2016-04-18T14:18:00+05:30,17.11,17.12,17.1,17.12,
2016-04-18T14:19:00+05:30,17.12,17.13,17.09,17.1,
2016-04-18T14:20:00+05:30,17.1,17.12,17.1,17.12,
2016-04-18T14:21:00+05:30,17.13,17.13,17.11,17.13,
2016-04-18T14:22:00+05:30,17.13,17.15,17.13,17.14,
2016-04-18T14:23:00+05:30,17.14,17.15,17.13,17.13,
2016-04-18T14:24:00+05:30,17.12,17.16,17.12,17.16,
2016-04-18T14:25:00+05:30,17.17,17.18,17.16,17.18,
2016-04-18T14:26:00+05:30,17.18,17.2,17.17,17.2,
2016-04-18T14:27:00+05:30,17.2,17.22,17.19,17.19,
2016-04-18T14:28:00+05:30,17.2,17.21,17.18,17.21,
2016-04-18T14:29:00+05:30,17.21,17.23,17.2,17.22,
2016-04-18T14:30:00+05:30,17.22,17.23,17.13,17.13,
2016-04-18T14:31:00+05:30,17.13,17.16,17.11,17.13,
2016-04-18T14:32:00+05:30,17.12,17.15,17.12,17.14,
2016-04-18T14:33:00+05:30,17.14,17.14,17.11,17.12,
2016-04-18T14:34:00+05:30,17.11,17.12,17.11,17.11,
2016-04-18T14:35:00+05:30,17.11,17.12,17.05,17.06,
2016-04-18T14:36:00+05:30,17.05,17.09,17.05,17.09,
2016-04-18T14:37:00+05:30,17.1,17.12,17.09,17.12,
2016-04-18T14:38:00+05:30,17.12,17.12,17.08,17.1,
2016-04-18T14:39:00+05:30,17.1,17.17,17.1,17.14,
2016-04-18T14:40:00+05:30,17.15,17.15,17.1,17.1,
2016-04-18T14:41:00+05:30,17.1,17.13,17.09,17.13,
2016-04-18T14:42:00+05:30,17.14,17.16,17.13,17.15,
2016-04-18T14:43:00+05:30,17.15,17.17,17.13,17.17,
2016-04-18T14:44:00+05:30,17.18,17.19,17.14,17.15,
2016-04-18T14:45:00+05:30,17.15,17.16,17.13,17.13,
2016-04-18T14:46:00+05:30,17.14,17.14,17.12,17.13,
2016-04-18T14:47:00+05:30,17.14,17.14,17.12,17.14,
2016-04-18T14:48:00+05:30,17.14,17.15,17.12,17.12,
2016-04-18T14:49:00+05:30,17.11,17.15,17.11,17.13,
2016-04-18T14:50:00+05:30,17.14,17.14,17.11,17.12,
2016-04-18T14:51:00+05:30,17.12,17.15,17.11,17.14,
2016-04-18T14:52:00+05:30,17.14,17.15,17.12,17.13,
2016-04-18T14:53:00+05:30,17.13,17.16,17.13,17.14,
2016-04-18T14:54:00+05:30,17.14,17.16,17.13,17.13,
2016-04-18T14:55:00+05:30,17.13,17.2,17.13,17.2,
2016-04-18T14:56:00+05:30,17.2,17.2,17.15,17.15,
2016-04-18T14:57:00+05:30,17.16,17.18,17.14,17.17,
2016-04-18T14:58:00+05:30,17.17,17.17,17.09,17.11,
2016-04-18T14:59:00+05:30,17.12,17.15,17.1,17.14,
2016-04-18T15:00:00+05:30,17.14,17.16,17.1,17.1,
2016-04-18T15:01:00+05:30,17.1,17.13,17.1,17.11,
2016-04-18T15:02:00+05:30,17.1,17.11,17.06,17.08,
2016-04-18T15:03:00+05:30,17.08,17.08,17.03,17.08,
2016-04-18T15:04:00+05:30,17.09,17.09,16.99,17,
2016-04-18T15:05:00+05:30,16.99,16.99,16.95,16.97,
2016-04-18T15:06:00+05:30,16.97,16.99,16.92,16.92,
2016-04-18T15:07:00+05:30,16.92,16.97,16.92,16.96,
2016-04-18T15:08:00+05:30,16.96,16.98,16.95,16.96,
2016-04-18T15:09:00+05:30,16.97,17.01,16.97,17.01,
2016-04-18T15:10:00+05:30,17.01,17.01,16.98,16.98,
2016-04-18T15:11:00+05:30,16.98,16.98,16.94,16.95,
2016-04-18T15:12:00+05:30,16.95,16.96,16.94,16.95,
2016-04-18T15:13:00+05:30,16.94,16.95,16.92,16.93,
2016-04-18T15:14:00+05:30,16.93,16.94,16.92,16.94,
2016-04-18T15:15:00+05:30,16.94,16.95,16.91,16.93,
2016-04-18T15:16:00+05:30,16.93,16.93,16.9,16.9,
2016-04-18T15:17:00+05:30,16.9,16.91,16.89,16.9,
2016-04-18T15:18:00+05:30,16.9,16.92,16.89,16.92,
2016-04-18T15:19:00+05:30,16.91,16.91,16.86,16.87,
2016-04-18T15:20:00+05:30,16.87,16.91,16.87,16.9,
2016-04-18T15:21:00+05:30,16.9,16.92,16.89,16.92,
2016-04-18T15:22:00+05:30,16.91,16.91,16.9,16.9,
2016-04-18T15:23:00+05:30,16.9,16.91,16.87,16.87,
2016-04-18T15:24:00+05:30,16.87,16.88,16.87,16.88,
2016-04-18T15:25:00+05:30,16.88,16.9,16.88,16.9,
2016-04-18T15:26:00+05:30,16.9,16.9,16.87,16.87,
2016-04-18T15:27:00+05:30,16.87,16.87,16.84,16.86,
2016-04-18T15:28:00+05:30,16.86,16.96,16.86,16.95,
2016-04-18T15:29:00+05:30,16.97,16.97,16.9,16.91,
2016-04-20T09:15:00+05:30,16.95,17.02,15.81,17.02,
2016-04-20T09:16:00+05:30,17.01,17.08,16.97,17.02,
2016-04-20T09:17:00+05:30,17.03,17.03,16.92,16.93,
2016-04-20T09:18:00+05:30,16.95,16.95,16.83,16.85,
2016-04-20T09:19:00+05:30,16.85,16.86,16.79,16.79,
2016-04-20T09:20:00+05:30,16.79,16.8,16.74,16.78,
2016-04-20T09:21:00+05:30,16.78,16.8,16.77,16.79,
2016-04-20T09:22:00+05:30,16.77,17.08,16.77,17.04,
2016-04-20T09:23:00+05:30,17.04,17.06,17,17,
2016-04-20T09:24:00+05:30,17,17.01,16.96,16.96,
2016-04-20T09:25:00+05:30,16.96,16.98,16.95,16.96,
2016-04-20T09:26:00+05:30,16.95,16.95,16.85,16.87,
2016-04-20T09:27:00+05:30,16.87,16.87,16.82,16.82,
2016-04-20T09:28:00+05:30,16.83,16.83,16.73,16.78,
2016-04-20T09:29:00+05:30,16.78,16.79,16.76,16.79,
2016-04-20T09:30:00+05:30,16.79,16.81,16.79,16.79,
2016-04-20T09:31:00+05:30,16.8,16.88,16.8,16.88,
2016-04-20T09:32:00+05:30,16.89,16.94,16.88,16.9,
2016-04-20T09:33:00+05:30,16.9,16.9,16.86,16.86,
2016-04-20T09:34:00+05:30,16.86,16.9,16.86,16.89,
2016-04-20T09:35:00+05:30,16.87,16.92,16.81,16.87,
2016-04-20T09:36:00+05:30,16.89,16.91,16.88,16.91,
2016-04-20T09:37:00+05:30,16.91,16.93,16.71,16.73,
2016-04-20T09:38:00+05:30,16.78,17.04,16.78,17,
2016-04-20T09:39:00+05:30,17,17,16.77,16.79,
2016-04-20T09:40:00+05:30,16.8,16.85,16.8,16.84,
2016-04-20T09:41:00+05:30,16.83,16.85,16.82,16.82,
2016-04-20T09:42:00+05:30,16.82,16.95,16.81,16.94,
2016-04-20T09:43:00+05:30,16.95,17.04,16.95,17.03,
2016-04-20T09:44:00+05:30,17.03,17.05,17.03,17.05,
2016-04-20T09:45:00+05:30,17.05,17.1,17.04,17.08,
2016-04-20T09:46:00+05:30,17.08,17.08,17.05,17.06,
2016-04-20T09:47:00+05:30,17.06,17.09,17.05,17.09,
2016-04-20T09:48:00+05:30,17.08,17.13,17.07,17.12,
2016-04-20T09:49:00+05:30,17.12,17.14,17.11,17.14,
2016-04-20T09:50:00+05:30,17.14,17.17,17.13,17.17,
2016-04-20T09:51:00+05:30,17.18,17.18,17.16,17.17,
2016-04-20T09:52:00+05:30,17.17,17.18,17.15,17.18,
2016-04-20T09:53:00+05:30,17.18,17.24,17.16,17.2,
2016-04-20T09:54:00+05:30,17.2,17.21,17.17,17.2,
2016-04-20T09:55:00+05:30,17.2,17.23,17.18,17.21,
2016-04-20T09:56:00+05:30,17.21,17.23,17.2,17.22,
2016-04-20T09:57:00+05:30,17.22,17.23,17.2,17.21,
2016-04-20T09:58:00+05:30,17.22,17.23,17.19,17.22,
2016-04-20T09:59:00+05:30,17.22,17.27,17.2,17.26,
2016-04-20T10:00:00+05:30,17.24,17.24,17.21,17.23,
2016-04-20T10:01:00+05:30,17.23,17.24,17.2,17.21,
2016-04-20T10:02:00+05:30,17.21,17.21,17.18,17.19,
2016-04-20T10:03:00+05:30,17.19,17.28,17.19,17.26,
2016-04-20T10:04:00+05:30,17.27,17.27,17.24,17.24,
2016-04-20T10:05:00+05:30,17.24,17.25,17.22,17.25,
2016-04-20T10:06:00+05:30,17.24,17.28,17.21,17.22,
2016-04-20T10:07:00+05:30,17.21,17.21,17.17,17.19,
2016-04-20T10:08:00+05:30,17.18,17.21,17.18,17.18,
2016-04-20T10:09:00+05:30,17.18,17.2,17.17,17.18,
2016-04-20T10:10:00+05:30,17.18,17.18,17.14,17.16,
2016-04-20T10:11:00+05:30,17.16,17.17,17.14,17.14,
2016-04-20T10:12:00+05:30,17.14,17.17,17.13,17.13,
2016-04-20T10:13:00+05:30,17.13,17.16,17.11,17.12,
2016-04-20T10:14:00+05:30,17.12,17.13,17.1,17.13,
2016-04-20T10:15:00+05:30,17.13,17.15,17.12,17.13,
2016-04-20T10:16:00+05:30,17.12,17.15,17.1,17.15,
2016-04-20T10:17:00+05:30,17.16,17.16,17.12,17.15,
2016-04-20T10:18:00+05:30,17.15,17.16,17.12,17.13,
2016-04-20T10:19:00+05:30,17.12,17.14,17.11,17.14,
2016-04-20T10:20:00+05:30,17.13,17.16,17.12,17.15,
2016-04-20T10:21:00+05:30,17.16,17.17,17.1,17.16,
2016-04-20T10:22:00+05:30,17.16,17.21,17.12,17.17,
2016-04-20T10:23:00+05:30,17.17,17.17,17.1,17.11,
2016-04-20T10:24:00+05:30,17.11,17.18,17.1,17.12,
2016-04-20T10:25:00+05:30,17.13,17.14,17.1,17.1,
2016-04-20T10:26:00+05:30,17.1,17.13,17.1,17.1,
2016-04-20T10:27:00+05:30,17.09,17.12,17.09,17.12,
2016-04-20T10:28:00+05:30,17.12,17.13,17.1,17.11,
2016-04-20T10:29:00+05:30,17.11,17.12,17.09,17.12,
2016-04-20T10:30:00+05:30,17.11,17.11,17.09,17.11,
2016-04-20T10:31:00+05:30,17.11,17.16,17.11,17.14,
2016-04-20T10:32:00+05:30,17.14,17.14,17.12,17.14,
2016-04-20T10:33:00+05:30,17.15,17.15,17.08,17.13,
2016-04-20T10:34:00+05:30,17.13,17.17,17.13,17.16,
2016-04-20T10:35:00+05:30,17.17,17.19,17.16,17.19,
2016-04-20T10:36:00+05:30,17.19,17.24,17.18,17.22,
2016-04-20T10:37:00+05:30,17.22,17.23,17.16,17.22,
2016-04-20T10:38:00+05:30,17.22,17.25,17.19,17.21,
2016-04-20T10:39:00+05:30,17.2,17.22,17.17,17.19,
2016-04-20T10:40:00+05:30,17.19,17.23,17.16,17.16,
2016-04-20T10:41:00+05:30,17.16,17.17,17.09,17.14,
2016-04-20T10:42:00+05:30,17.14,17.15,17.09,17.09,
2016-04-20T10:43:00+05:30,17.09,17.13,17.08,17.13,
2016-04-20T10:44:00+05:30,17.14,17.16,17.1,17.13,
2016-04-20T10:45:00+05:30,17.15,17.15,17.1,17.11,
2016-04-20T10:46:00+05:30,17.12,17.13,17.08,17.1,
2016-04-20T10:47:00+05:30,17.11,17.13,17.03,17.03,
2016-04-20T10:48:00+05:30,17.03,17.06,17.03,17.03,
2016-04-20T10:49:00+05:30,17.03,17.09,17.02,17.02,
2016-04-20T10:50:00+05:30,17.02,17.03,16.97,16.98,
2016-04-20T10:51:00+05:30,16.98,17.03,16.97,17,
2016-04-20T10:52:00+05:30,17,17.04,16.98,17,
2016-04-20T10:53:00+05:30,17,17.04,16.99,17.02,
2016-04-20T10:54:00+05:30,17.02,17.06,17.02,17.05,
2016-04-20T10:55:00+05:30,17.05,17.12,17.03,17.07,
2016-04-20T10:56:00+05:30,17.07,17.08,17.02,17.04,
2016-04-20T10:57:00+05:30,17.05,17.14,17.05,17.06,
2016-04-20T10:58:00+05:30,17.04,17.07,17.03,17.06,
2016-04-20T10:59:00+05:30,17.06,17.1,17.05,17.07,
2016-04-20T11:00:00+05:30,17.05,17.09,17.02,17.04,
2016-04-20T11:01:00+05:30,17.03,17.12,17.03,17.07,
2016-04-20T11:02:00+05:30,17.08,17.17,17.04,17.12,
2016-04-20T11:03:00+05:30,17.12,17.16,17.09,17.09,
2016-04-20T11:04:00+05:30,17.09,17.12,17.07,17.11,
2016-04-20T11:05:00+05:30,17.1,17.14,17.04,17.06,
2016-04-20T11:06:00+05:30,17.06,17.07,17.01,17.05,
2016-04-20T11:07:00+05:30,17.06,17.06,17,17.02,
2016-04-20T11:08:00+05:30,17.02,17.08,16.99,17.08,
2016-04-20T11:09:00+05:30,17.08,17.11,17.04,17.04,
2016-04-20T11:10:00+05:30,17.04,17.05,16.97,17,
2016-04-20T11:11:00+05:30,17,17.01,16.95,16.95,
2016-04-20T11:12:00+05:30,17,17.09,17,17.09,
2016-04-20T11:13:00+05:30,17.09,17.1,17.06,17.06,
2016-04-20T11:14:00+05:30,17.06,17.08,17,17.04,
2016-04-20T11:15:00+05:30,17.12,17.12,16.99,17,
2016-04-20T11:16:00+05:30,17.01,17.03,16.99,17.02,
2016-04-20T11:17:00+05:30,17.03,17.12,17.03,17.12,
2016-04-20T11:18:00+05:30,17.12,17.12,16.97,16.99,
2016-04-20T11:19:00+05:30,16.98,17.07,16.98,17.07,
2016-04-20T11:20:00+05:30,17.07,17.08,16.97,16.99,
2016-04-20T11:21:00+05:30,17.02,17.03,16.99,17.02,
2016-04-20T11:22:00+05:30,17.04,17.06,16.99,16.99,
2016-04-20T11:23:00+05:30,16.98,17.11,16.98,17.01,
2016-04-20T11:24:00+05:30,17.02,17.06,16.94,17.06,
2016-04-20T11:25:00+05:30,17.01,17.09,16.98,17.03,
2016-04-20T11:26:00+05:30,17.03,17.05,16.99,17.02,
2016-04-20T11:27:00+05:30,17.02,17.05,16.99,17.01,
2016-04-20T11:28:00+05:30,17.01,17.07,17,17.03,
2016-04-20T11:29:00+05:30,17.04,17.13,17,17.03,
2016-04-20T11:30:00+05:30,17.04,17.08,17,17.05,
2016-04-20T11:31:00+05:30,17.05,17.12,17.02,17.05,
2016-04-20T11:32:00+05:30,17.05,17.11,17.01,17.08,
2016-04-20T11:33:00+05:30,17.08,17.08,16.98,16.98,
2016-04-20T11:34:00+05:30,16.99,17.07,16.97,17.06,
2016-04-20T11:35:00+05:30,17.07,17.08,16.97,16.99,
2016-04-20T11:36:00+05:30,16.99,17.04,16.98,17,
2016-04-20T11:37:00+05:30,17.02,17.19,17,17.13,
2016-04-20T11:38:00+05:30,17.09,17.1,17.03,17.03,
2016-04-20T11:39:00+05:30,17.03,17.1,17.03,17.07,
2016-04-20T11:40:00+05:30,17.07,17.15,17.06,17.12,
2016-04-20T11:41:00+05:30,17.1,17.12,17.04,17.1,
2016-04-20T11:42:00+05:30,17.1,17.16,17.07,17.09,
2016-04-20T11:43:00+05:30,17.08,17.14,17.06,17.07,
2016-04-20T11:44:00+05:30,17.06,17.11,17.03,17.08,
2016-04-20T11:45:00+05:30,17.08,17.1,17.05,17.06,
2016-04-20T11:46:00+05:30,17.06,17.13,17.06,17.12,
2016-04-20T11:47:00+05:30,17.11,17.14,17.08,17.11,
2016-04-20T11:48:00+05:30,17.11,17.21,17.05,17.09,
2016-04-20T11:49:00+05:30,17.09,17.16,17.05,17.1,
2016-04-20T11:50:00+05:30,17.12,17.14,17.06,17.07,
2016-04-20T11:51:00+05:30,17.08,17.13,17.01,17.05,
2016-04-20T11:52:00+05:30,17.06,17.08,17,17.01,
2016-04-20T11:53:00+05:30,17.01,17.15,17.01,17.1,
2016-04-20T11:54:00+05:30,17.1,17.15,17.02,17.05,
2016-04-20T11:55:00+05:30,17.07,17.13,17.02,17.12,
2016-04-20T11:56:00+05:30,17.13,17.18,17.1,17.12,
2016-04-20T11:57:00+05:30,17.12,17.16,17.09,17.1,
2016-04-20T11:58:00+05:30,17.12,17.15,17.07,17.12,
2016-04-20T11:59:00+05:30,17.12,17.2,17.03,17.2,
2016-04-20T12:00:00+05:30,17.21,17.24,17.15,17.21,
2016-04-20T12:01:00+05:30,17.2,17.26,17.16,17.17,
2016-04-20T12:02:00+05:30,17.17,17.23,17.13,17.14,
2016-04-20T12:03:00+05:30,17.15,17.2,17.13,17.15,
2016-04-20T12:04:00+05:30,17.16,17.22,17.09,17.22,
2016-04-20T12:05:00+05:30,17.16,17.24,17.15,17.22,
2016-04-20T12:06:00+05:30,17.18,17.25,17.16,17.17,
2016-04-20T12:07:00+05:30,17.16,17.21,17.16,17.2,
2016-04-20T12:08:00+05:30,17.2,17.23,17.12,17.21,
2016-04-20T12:09:00+05:30,17.22,17.22,17.13,17.14,
2016-04-20T12:10:00+05:30,17.13,17.25,17.13,17.25,
2016-04-20T12:11:00+05:30,17.25,17.28,17.17,17.22,
2016-04-20T12:12:00+05:30,17.22,17.22,17.14,17.15,
2016-04-20T12:13:00+05:30,17.15,17.2,17.14,17.17,
2016-04-20T12:14:00+05:30,17.17,17.2,17.11,17.14,
2016-04-20T12:15:00+05:30,17.14,17.19,17.12,17.12,
2016-04-20T12:16:00+05:30,17.16,17.2,17.12,17.12,
2016-04-20T12:17:00+05:30,17.12,17.17,17.08,17.1,
2016-04-20T12:18:00+05:30,17.09,17.14,17.02,17.08,
2016-04-20T12:19:00+05:30,17.1,17.22,17.1,17.22,
2016-04-20T12:20:00+05:30,17.22,17.23,17.12,17.16,
2016-04-20T12:21:00+05:30,17.16,17.18,17.13,17.14,
2016-04-20T12:22:00+05:30,17.14,17.2,17.1,17.2,
2016-04-20T12:23:00+05:30,17.2,17.22,17.11,17.14,
2016-04-20T12:24:00+05:30,17.11,17.16,17.07,17.1,
2016-04-20T12:25:00+05:30,17.08,17.13,17.05,17.07,
2016-04-20T12:26:00+05:30,17.09,17.19,17.08,17.19,
2016-04-20T12:27:00+05:30,17.12,17.19,17.07,17.13,
2016-04-20T12:28:00+05:30,17.12,17.2,17.02,17.06,
2016-04-20T12:29:00+05:30,17.06,17.11,17.02,17.08,
2016-04-20T12:30:00+05:30,17.08,17.15,17.04,17.15,
2016-04-20T12:31:00+05:30,17.14,17.15,17.04,17.08,
2016-04-20T12:32:00+05:30,17.08,17.13,17.01,17.05,
2016-04-20T12:33:00+05:30,17.06,17.1,17.01,17.03,
2016-04-20T12:34:00+05:30,17.03,17.1,17.01,17.1,
2016-04-20T12:35:00+05:30,17.05,17.13,17.05,17.09,
2016-04-20T12:36:00+05:30,17.09,17.2,17.07,17.07,
2016-04-20T12:37:00+05:30,17.1,17.22,17.09,17.15,
2016-04-20T12:38:00+05:30,17.15,17.21,17.1,17.13,
2016-04-20T12:39:00+05:30,17.13,17.2,17.12,17.14,
2016-04-20T12:40:00+05:30,17.15,17.31,17.15,17.31,
2016-04-20T12:41:00+05:30,17.3,17.35,17.25,17.25,
2016-04-20T12:42:00+05:30,17.25,17.36,17.25,17.35,
2016-04-20T12:43:00+05:30,17.31,17.37,17.26,17.33,
2016-04-20T12:44:00+05:30,17.33,17.46,17.31,17.36,
2016-04-20T12:45:00+05:30,17.35,17.42,17.34,17.41,
2016-04-20T12:46:00+05:30,17.41,17.41,17.32,17.36,
2016-04-20T12:47:00+05:30,17.36,17.4,17.34,17.36,
2016-04-20T12:48:00+05:30,17.36,17.51,17.36,17.4,
2016-04-20T12:49:00+05:30,17.4,17.51,17.4,17.41,
2016-04-20T12:50:00+05:30,17.41,17.45,17.37,17.42,
2016-04-20T12:51:00+05:30,17.41,17.41,17.33,17.4,
2016-04-20T12:52:00+05:30,17.41,17.42,17.36,17.36,
2016-04-20T12:53:00+05:30,17.36,17.38,17.3,17.3,
2016-04-20T12:54:00+05:30,17.3,17.41,17.24,17.41,
2016-04-20T12:55:00+05:30,17.42,17.43,17.25,17.25,
2016-04-20T12:56:00+05:30,17.23,17.3,17.23,17.3,
2016-04-20T12:57:00+05:30,17.29,17.32,17.24,17.25,
2016-04-20T12:58:00+05:30,17.23,17.26,17.19,17.24,
2016-04-20T12:59:00+05:30,17.23,17.24,17.15,17.16,
2016-04-20T13:00:00+05:30,17.16,17.2,17.1,17.19,
2016-04-20T13:01:00+05:30,17.18,17.28,17.14,17.17,
2016-04-20T13:02:00+05:30,17.16,17.25,17.13,17.13,
2016-04-20T13:03:00+05:30,17.12,17.16,17.09,17.14,
2016-04-20T13:04:00+05:30,17.15,17.16,17.1,17.16,
2016-04-20T13:05:00+05:30,17.16,17.25,17.1,17.15,
2016-04-20T13:06:00+05:30,17.15,17.16,17.08,17.12,
2016-04-20T13:07:00+05:30,17.12,17.16,17.07,17.12,
2016-04-20T13:08:00+05:30,17.12,17.13,17.08,17.12,
2016-04-20T13:09:00+05:30,17.12,17.19,17.08,17.11,
2016-04-20T13:10:00+05:30,17.11,17.14,17.08,17.09,
2016-04-20T13:11:00+05:30,17.09,17.2,17.07,17.16,
2016-04-20T13:12:00+05:30,17.16,17.19,17.14,17.17,
2016-04-20T13:13:00+05:30,17.15,17.24,17.12,17.12,
2016-04-20T13:14:00+05:30,17.14,17.22,17.14,17.19,
2016-04-20T13:15:00+05:30,17.14,17.22,17.12,17.22,
2016-04-20T13:16:00+05:30,17.2,17.24,17.16,17.24,
2016-04-20T13:17:00+05:30,17.26,17.33,17.2,17.22,
2016-04-20T13:18:00+05:30,17.22,17.29,17.22,17.27,
2016-04-20T13:19:00+05:30,17.29,17.32,17.22,17.32,
2016-04-20T13:20:00+05:30,17.32,17.36,17.26,17.28,
2016-04-20T13:21:00+05:30,17.28,17.34,17.25,17.26,
2016-04-20T13:22:00+05:30,17.26,17.26,17.19,17.21,
2016-04-20T13:23:00+05:30,17.27,17.36,17.22,17.31,
2016-04-20T13:24:00+05:30,17.32,17.33,17.25,17.26,
2016-04-20T13:25:00+05:30,17.27,17.38,17.26,17.28,
2016-04-20T13:26:00+05:30,17.29,17.35,17.27,17.33,
2016-04-20T13:27:00+05:30,17.33,17.33,17.26,17.3,
2016-04-20T13:28:00+05:30,17.29,17.42,17.27,17.33,
2016-04-20T13:29:00+05:30,17.33,17.37,17.28,17.31,
2016-04-20T13:30:00+05:30,17.35,17.35,17.24,17.26,
2016-04-20T13:31:00+05:30,17.26,17.31,17.19,17.23,
2016-04-20T13:32:00+05:30,17.23,17.3,17.21,17.27,
2016-04-20T13:33:00+05:30,17.27,17.28,17.2,17.25,
2016-04-20T13:34:00+05:30,17.26,17.31,17.21,17.31,
2016-04-20T13:35:00+05:30,17.31,17.31,17.2,17.2,
2016-04-20T13:36:00+05:30,17.24,17.25,17.15,17.19,
2016-04-20T13:37:00+05:30,17.15,17.26,17.15,17.23,
2016-04-20T13:38:00+05:30,17.25,17.25,17.11,17.11,
2016-04-20T13:39:00+05:30,17.11,17.16,17.04,17.13,
2016-04-20T13:40:00+05:30,17.14,17.15,17.03,17.11,
2016-04-20T13:41:00+05:30,17.11,17.18,17.1,17.17,
2016-04-20T13:42:00+05:30,17.18,17.23,17.15,17.15,
2016-04-20T13:43:00+05:30,17.15,17.23,17.14,17.19,
2016-04-20T13:44:00+05:30,17.19,17.28,17.16,17.27,
2016-04-20T13:45:00+05:30,17.27,17.33,17.2,17.25,
2016-04-20T13:46:00+05:30,17.25,17.31,17.23,17.23,
2016-04-20T13:47:00+05:30,17.23,17.25,17.15,17.15,
2016-04-20T13:48:00+05:30,17.12,17.24,17.1,17.17,
2016-04-20T13:49:00+05:30,17.18,17.27,17.17,17.23,
2016-04-20T13:50:00+05:30,17.23,17.26,17.18,17.19,
2016-04-20T13:51:00+05:30,17.2,17.31,17.2,17.28,
2016-04-20T13:52:00+05:30,17.28,17.31,17.19,17.28,
2016-04-20T13:53:00+05:30,17.28,17.3,17.21,17.21,
2016-04-20T13:54:00+05:30,17.21,17.24,17.13,17.23,
2016-04-20T13:55:00+05:30,17.23,17.28,17.16,17.26,
2016-04-20T13:56:00+05:30,17.27,17.27,17.18,17.21,
2016-04-20T13:57:00+05:30,17.21,17.22,17.14,17.14,
2016-04-20T13:58:00+05:30,17.13,17.27,17.13,17.27,
2016-04-20T13:59:00+05:30,17.33,17.33,17.16,17.22,
2016-04-20T14:00:00+05:30,17.22,17.25,17.19,17.23,
2016-04-20T14:01:00+05:30,17.21,17.24,17.16,17.16,
2016-04-20T14:02:00+05:30,17.17,17.27,17.15,17.26,
2016-04-20T14:03:00+05:30,17.22,17.26,17.16,17.25,
2016-04-20T14:04:00+05:30,17.22,17.32,17.16,17.19,
2016-04-20T14:05:00+05:30,17.18,17.27,17.1,17.18,
2016-04-20T14:06:00+05:30,17.16,17.18,17.11,17.15,
2016-04-20T14:07:00+05:30,17.15,17.2,17.11,17.2,
2016-04-20T14:08:00+05:30,17.2,17.25,17.15,17.21,
2016-04-20T14:09:00+05:30,17.21,17.29,17.12,17.13,
2016-04-20T14:10:00+05:30,17.13,17.22,17.13,17.2,
2016-04-20T14:11:00+05:30,17.2,17.22,17.15,17.2,
2016-04-20T14:12:00+05:30,17.19,17.19,17.13,17.14,
2016-04-20T14:13:00+05:30,17.14,17.2,17.1,17.19,
2016-04-20T14:14:00+05:30,17.17,17.24,17.11,17.22,
2016-04-20T14:15:00+05:30,17.23,17.23,17.15,17.19,
2016-04-20T14:16:00+05:30,17.19,17.25,17.11,17.11,
2016-04-20T14:17:00+05:30,17.11,17.26,17.11,17.26,
2016-04-20T14:18:00+05:30,17.26,17.28,17.19,17.2,
2016-04-20T14:19:00+05:30,17.2,17.31,17.19,17.24,
2016-04-20T14:20:00+05:30,17.24,17.33,17.22,17.26,
2016-04-20T14:21:00+05:30,17.27,17.29,17.22,17.26,
2016-04-20T14:22:00+05:30,17.26,17.27,17.19,17.2,
2016-04-20T14:23:00+05:30,17.2,17.26,17.14,17.24,
2016-04-20T14:24:00+05:30,17.24,17.29,17.17,17.23,
2016-04-20T14:25:00+05:30,17.23,17.23,17.1,17.13,
2016-04-20T14:26:00+05:30,17.13,17.13,17.09,17.13,
2016-04-20T14:27:00+05:30,17.13,17.17,17.06,17.06,
2016-04-20T14:28:00+05:30,17.06,17.11,17.05,17.07,
2016-04-20T14:29:00+05:30,17.07,17.12,17.03,17.07,
2016-04-20T14:30:00+05:30,17.13,17.14,17.01,17.01,
2016-04-20T14:31:00+05:30,17.02,17.06,16.97,17.02,
2016-04-20T14:32:00+05:30,17.02,17.13,17.01,17.09,
2016-04-20T14:33:00+05:30,17.09,17.1,17.06,17.06,
2016-04-20T14:34:00+05:30,17.06,17.08,17.03,17.07,
2016-04-20T14:35:00+05:30,17.06,17.11,17.04,17.08,
2016-04-20T14:36:00+05:30,17.08,17.08,17,17.06,
2016-04-20T14:37:00+05:30,17.06,17.15,17.03,17.07,
2016-04-20T14:38:00+05:30,17.05,17.13,17.04,17.13,
2016-04-20T14:39:00+05:30,17.13,17.16,17.08,17.12,
2016-04-20T14:40:00+05:30,17.12,17.14,17.08,17.08,
2016-04-20T14:41:00+05:30,17.1,17.17,17.08,17.16,
2016-04-20T14:42:00+05:30,17.16,17.16,17.08,17.14,
2016-04-20T14:43:00+05:30,17.14,17.14,17.04,17.04,
2016-04-20T14:44:00+05:30,17.08,17.13,17.03,17.04,
2016-04-20T14:45:00+05:30,17.04,17.09,17.04,17.05,
2016-04-20T14:46:00+05:30,17.05,17.11,17.04,17.1,
2016-04-20T14:47:00+05:30,17.1,17.15,17.03,17.09,
2016-04-20T14:48:00+05:30,17.08,17.12,17,17.04,
2016-04-20T14:49:00+05:30,17.04,17.04,16.98,17.03,
2016-04-20T14:50:00+05:30,17.02,17.14,17.02,17.14,
2016-04-20T14:51:00+05:30,17.14,17.16,17.1,17.1,
2016-04-20T14:52:00+05:30,17.1,17.14,17.09,17.11,
2016-04-20T14:53:00+05:30,17.11,17.22,17.1,17.14,
2016-04-20T14:54:00+05:30,17.15,17.22,17.14,17.18,
2016-04-20T14:55:00+05:30,17.18,17.21,17.14,17.16,
2016-04-20T14:56:00+05:30,17.17,17.23,17.15,17.23,
2016-04-20T14:57:00+05:30,17.27,17.29,17.19,17.21,
2016-04-20T14:58:00+05:30,17.21,17.22,17.14,17.15,
2016-04-20T14:59:00+05:30,17.15,17.26,17.14,17.25,
2016-04-20T15:00:00+05:30,17.25,17.25,17.15,17.16,
2016-04-20T15:01:00+05:30,17.17,17.18,17.13,17.13,
2016-04-20T15:02:00+05:30,17.14,17.22,17.09,17.2,
2016-04-20T15:03:00+05:30,17.2,17.2,17.05,17.11,
2016-04-20T15:04:00+05:30,17.11,17.11,17.05,17.07,
2016-04-20T15:05:00+05:30,17.07,17.15,17.06,17.06,
2016-04-20T15:06:00+05:30,17.07,17.12,17.06,17.11,
2016-04-20T15:07:00+05:30,17.1,17.1,17.04,17.07,
2016-04-20T15:08:00+05:30,17.07,17.12,17,17.07,
2016-04-20T15:09:00+05:30,17.03,17.08,17.03,17.08,
2016-04-20T15:10:00+05:30,17.08,17.11,17.01,17.07,
2016-04-20T15:11:00+05:30,17.05,17.13,17.05,17.13,
2016-04-20T15:12:00+05:30,17.13,17.15,17.03,17.1,
2016-04-20T15:13:00+05:30,17.11,17.13,17.06,17.08,
2016-04-20T15:14:00+05:30,17.07,17.07,17.02,17.04,
2016-04-20T15:15:00+05:30,17.03,17.14,17.03,17.09,
2016-04-20T15:16:00+05:30,17.09,17.11,17.04,17.09,
2016-04-20T15:17:00+05:30,17.09,17.16,17.05,17.06,
2016-04-20T15:18:00+05:30,17.07,17.18,17.05,17.16,
2016-04-20T15:19:00+05:30,17.14,17.14,17.03,17.07,
2016-04-20T15:20:00+05:30,17.06,17.11,17.06,17.1,
2016-04-20T15:21:00+05:30,17.1,17.2,17.09,17.14,
2016-04-20T15:22:00+05:30,17.14,17.16,17.04,17.06,
2016-04-20T15:23:00+05:30,17.06,17.16,17.03,17.08,
2016-04-20T15:24:00+05:30,17.06,17.13,17.04,17.07,
2016-04-20T15:25:00+05:30,17.08,17.09,17,17.02,
2016-04-20T15:26:00+05:30,17.02,17.02,16.94,17.02,
2016-04-20T15:27:00+05:30,17.02,17.05,16.94,16.94,
2016-04-20T15:28:00+05:30,16.94,17.06,16.92,16.99,
2016-04-20T15:29:00+05:30,16.99,17.02,16.94,16.97,
2016-04-21T09:15:00+05:30,17.08,17.08,15.64,16.32,
2016-04-21T09:16:00+05:30,16.3,16.34,16.19,16.34,
2016-04-21T09:17:00+05:30,16.34,16.43,16.34,16.38,
2016-04-21T09:18:00+05:30,16.38,16.43,16.34,16.43,
2016-04-21T09:19:00+05:30,16.43,16.43,16.35,16.38,
2016-04-21T09:20:00+05:30,16.39,16.43,16.34,16.36,
2016-04-21T09:21:00+05:30,16.36,16.4,16.35,16.39,
2016-04-21T09:22:00+05:30,16.39,16.39,16.33,16.34,
2016-04-21T09:23:00+05:30,16.34,16.46,16.34,16.46,
2016-04-21T09:24:00+05:30,16.46,16.47,16.44,16.45,
2016-04-21T09:25:00+05:30,16.42,16.65,16.42,16.64,
2016-04-21T09:26:00+05:30,16.53,16.58,16.52,16.58,
2016-04-21T09:27:00+05:30,16.59,16.63,16.57,16.57,
2016-04-21T09:28:00+05:30,16.58,16.63,16.57,16.58,
2016-04-21T09:29:00+05:30,16.6,16.68,16.59,16.67,
2016-04-21T09:30:00+05:30,16.67,16.69,16.63,16.65,
2016-04-21T09:31:00+05:30,16.65,16.68,16.62,16.66,
2016-04-21T09:32:00+05:30,16.66,16.69,16.64,16.67,
2016-04-21T09:33:00+05:30,16.67,16.69,16.63,16.68,
2016-04-21T09:34:00+05:30,16.69,16.69,16.62,16.64,
2016-04-21T09:35:00+05:30,16.64,16.69,16.61,16.68,
2016-04-21T09:36:00+05:30,16.67,16.73,16.66,16.69,
2016-04-21T09:37:00+05:30,16.69,16.7,16.65,16.7,
2016-04-21T09:38:00+05:30,16.69,16.72,16.67,16.72,
2016-04-21T09:39:00+05:30,16.75,16.76,16.7,16.76,
2016-04-21T09:40:00+05:30,16.76,16.76,16.63,16.63,
2016-04-21T09:41:00+05:30,16.63,16.69,16.63,16.68,
2016-04-21T09:42:00+05:30,16.67,16.69,16.64,16.69,
2016-04-21T09:43:00+05:30,16.69,16.69,16.62,16.65,
2016-04-21T09:44:00+05:30,16.65,16.68,16.62,16.65,
2016-04-21T09:45:00+05:30,16.65,16.69,16.6,16.6,
2016-04-21T09:46:00+05:30,16.6,16.62,16.6,16.62,
2016-04-21T09:47:00+05:30,16.62,16.62,16.58,16.6,
2016-04-21T09:48:00+05:30,16.6,16.64,16.57,16.62,
2016-04-21T09:49:00+05:30,16.62,16.67,16.6,16.6,
2016-04-21T09:50:00+05:30,16.6,16.69,16.59,16.69,
2016-04-21T09:51:00+05:30,16.69,16.69,16.59,16.62,
2016-04-21T09:52:00+05:30,16.61,16.67,16.59,16.67,
2016-04-21T09:53:00+05:30,16.69,16.75,16.68,16.69,
2016-04-21T09:54:00+05:30,16.69,16.74,16.67,16.69,
2016-04-21T09:55:00+05:30,16.71,16.71,16.64,16.64,
2016-04-21T09:56:00+05:30,16.64,16.74,16.62,16.66,
2016-04-21T09:57:00+05:30,16.68,16.68,16.6,16.63,
2016-04-21T09:58:00+05:30,16.63,16.64,16.57,16.6,
2016-04-21T09:59:00+05:30,16.6,16.65,16.59,16.64,
2016-04-21T10:00:00+05:30,16.63,16.64,16.57,16.61,
2016-04-21T10:01:00+05:30,16.6,16.65,16.6,16.65,
2016-04-21T10:02:00+05:30,16.65,16.67,16.62,16.63,
2016-04-21T10:03:00+05:30,16.63,16.66,16.62,16.63,
2016-04-21T10:04:00+05:30,16.63,16.66,16.57,16.63,
2016-04-21T10:05:00+05:30,16.65,16.66,16.63,16.63,
2016-04-21T10:06:00+05:30,16.63,16.68,16.63,16.65,
2016-04-21T10:07:00+05:30,16.65,16.67,16.62,16.64,
2016-04-21T10:08:00+05:30,16.65,16.65,16.6,16.62,
2016-04-21T10:09:00+05:30,16.62,16.67,16.62,16.66,
2016-04-21T10:10:00+05:30,16.64,16.67,16.62,16.63,
2016-04-21T10:11:00+05:30,16.64,16.67,16.6,16.63,
2016-04-21T10:12:00+05:30,16.64,16.68,16.62,16.63,
2016-04-21T10:13:00+05:30,16.65,16.7,16.65,16.66,
2016-04-21T10:14:00+05:30,16.66,16.73,16.65,16.73,
2016-04-21T10:15:00+05:30,16.7,16.7,16.63,16.68,
2016-04-21T10:16:00+05:30,16.67,16.67,16.59,16.64,
2016-04-21T10:17:00+05:30,16.64,16.66,16.62,16.64,
2016-04-21T10:18:00+05:30,16.64,16.7,16.63,16.68,
2016-04-21T10:19:00+05:30,16.68,16.68,16.6,16.67,
2016-04-21T10:20:00+05:30,16.67,16.74,16.65,16.66,
2016-04-21T10:21:00+05:30,16.68,16.74,16.68,16.69,
2016-04-21T10:22:00+05:30,16.7,16.77,16.68,16.7,
2016-04-21T10:23:00+05:30,16.7,16.77,16.69,16.72,
2016-04-21T10:24:00+05:30,16.7,16.74,16.62,16.63,
2016-04-21T10:25:00+05:30,16.62,16.68,16.53,16.54,
2016-04-21T10:26:00+05:30,16.53,16.7,16.53,16.66,
2016-04-21T10:27:00+05:30,16.64,16.69,16.58,16.63,
2016-04-21T10:28:00+05:30,16.64,16.82,16.58,16.77,
2016-04-21T10:29:00+05:30,16.77,16.78,16.68,16.72,
2016-04-21T10:30:00+05:30,16.72,16.79,16.67,16.71,
2016-04-21T10:31:00+05:30,16.7,16.82,16.68,16.76,
2016-04-21T10:32:00+05:30,16.76,16.92,16.76,16.83,
2016-04-21T10:33:00+05:30,16.83,16.87,16.78,16.78,
2016-04-21T10:34:00+05:30,16.79,16.91,16.78,16.89,
2016-04-21T10:35:00+05:30,16.94,16.97,16.89,16.89,
2016-04-21T10:36:00+05:30,16.86,16.95,16.81,16.95,
2016-04-21T10:37:00+05:30,16.93,16.94,16.82,16.89,
2016-04-21T10:38:00+05:30,16.89,16.96,16.89,16.95,
2016-04-21T10:39:00+05:30,16.96,16.96,16.81,16.84,
2016-04-21T10:40:00+05:30,16.81,16.9,16.78,16.9,
2016-04-21T10:41:00+05:30,16.89,16.9,16.84,16.9,
2016-04-21T10:42:00+05:30,16.91,16.92,16.83,16.86,
2016-04-21T10:43:00+05:30,16.85,16.93,16.83,16.92,
2016-04-21T10:44:00+05:30,16.9,16.97,16.85,16.87,
2016-04-21T10:45:00+05:30,16.88,17,16.8,16.99,
2016-04-21T10:46:00+05:30,16.97,17.06,16.93,16.97,
2016-04-21T10:47:00+05:30,16.96,17.01,16.88,16.93,
2016-04-21T10:48:00+05:30,16.93,17,16.84,16.94,
2016-04-21T10:49:00+05:30,16.93,16.99,16.88,16.9,
2016-04-21T10:50:00+05:30,16.89,16.95,16.8,16.92,
2016-04-21T10:51:00+05:30,16.93,16.95,16.89,16.95,
2016-04-21T10:52:00+05:30,16.91,16.95,16.84,16.89,
2016-04-21T10:53:00+05:30,16.86,16.89,16.75,16.86,
2016-04-21T10:54:00+05:30,16.87,16.88,16.82,16.85,
2016-04-21T10:55:00+05:30,16.85,16.94,16.83,16.88,
2016-04-21T10:56:00+05:30,16.88,16.9,16.82,16.9,
2016-04-21T10:57:00+05:30,16.9,16.94,16.85,16.94,
2016-04-21T10:58:00+05:30,16.94,16.97,16.84,16.97,
2016-04-21T10:59:00+05:30,16.97,16.99,16.89,16.94,
2016-04-21T11:00:00+05:30,16.94,16.97,16.88,16.97,
2016-04-21T11:01:00+05:30,16.97,16.99,16.89,16.99,
2016-04-21T11:02:00+05:30,16.99,17,16.92,16.96,
2016-04-21T11:03:00+05:30,16.98,17.01,16.93,16.98,
2016-04-21T11:04:00+05:30,16.96,17,16.87,16.87,
2016-04-21T11:05:00+05:30,16.87,16.97,16.83,16.83,
2016-04-21T11:06:00+05:30,16.83,16.92,16.81,16.83,
2016-04-21T11:07:00+05:30,16.89,16.93,16.8,16.84,
2016-04-21T11:08:00+05:30,16.84,16.89,16.79,16.86,
2016-04-21T11:09:00+05:30,16.86,16.96,16.8,16.9,
2016-04-21T11:10:00+05:30,16.9,16.91,16.8,16.86,
2016-04-21T11:11:00+05:30,16.83,16.93,16.81,16.87,
2016-04-21T11:12:00+05:30,16.88,16.91,16.84,16.87,
2016-04-21T11:13:00+05:30,16.87,16.97,16.86,16.89,
2016-04-21T11:14:00+05:30,16.89,16.96,16.81,16.89,
2016-04-21T11:15:00+05:30,16.89,16.94,16.87,16.87,
2016-04-21T11:16:00+05:30,16.86,16.93,16.86,16.91,
2016-04-21T11:17:00+05:30,16.92,16.97,16.85,16.89,
2016-04-21T11:18:00+05:30,16.88,16.95,16.81,16.95,
2016-04-21T11:19:00+05:30,16.92,16.92,16.83,16.87,
2016-04-21T11:20:00+05:30,16.89,16.96,16.85,16.89,
2016-04-21T11:21:00+05:30,16.9,16.98,16.87,16.93,
2016-04-21T11:22:00+05:30,16.92,16.93,16.86,16.89,
2016-04-21T11:23:00+05:30,16.89,16.93,16.84,16.89,
2016-04-21T11:24:00+05:30,16.89,16.94,16.82,16.94,
2016-04-21T11:25:00+05:30,16.94,16.95,16.83,16.85,
2016-04-21T11:26:00+05:30,16.84,16.91,16.81,16.84,
2016-04-21T11:27:00+05:30,16.84,16.85,16.73,16.81,
2016-04-21T11:28:00+05:30,16.81,16.81,16.72,16.78,
2016-04-21T11:29:00+05:30,16.81,16.88,16.73,16.78,
2016-04-21T11:30:00+05:30,16.78,16.83,16.76,16.78,
2016-04-21T11:31:00+05:30,16.75,16.85,16.73,16.81,
2016-04-21T11:32:00+05:30,16.77,16.8,16.73,16.79,
2016-04-21T11:33:00+05:30,16.84,16.87,16.74,16.77,
2016-04-21T11:34:00+05:30,16.77,16.8,16.7,16.75,
2016-04-21T11:35:00+05:30,16.76,16.78,16.71,16.76,
2016-04-21T11:36:00+05:30,16.74,16.82,16.72,16.76,
2016-04-21T11:37:00+05:30,16.76,16.77,16.69,16.74,
2016-04-21T11:38:00+05:30,16.77,16.8,16.66,16.72,
2016-04-21T11:39:00+05:30,16.72,16.8,16.68,16.75,
2016-04-21T11:40:00+05:30,16.75,16.81,16.71,16.77,
2016-04-21T11:41:00+05:30,16.75,16.78,16.71,16.74,
2016-04-21T11:42:00+05:30,16.74,16.82,16.71,16.74,
2016-04-21T11:43:00+05:30,16.74,16.81,16.67,16.71,
2016-04-21T11:44:00+05:30,16.72,16.78,16.68,16.77,
2016-04-21T11:45:00+05:30,16.76,16.78,16.62,16.7,
2016-04-21T11:46:00+05:30,16.67,16.75,16.58,16.58,
2016-04-21T11:47:00+05:30,16.58,16.73,16.58,16.67,
2016-04-21T11:48:00+05:30,16.67,16.76,16.59,16.75,
2016-04-21T11:49:00+05:30,16.74,16.74,16.61,16.66,
2016-04-21T11:50:00+05:30,16.68,16.73,16.63,16.63,
2016-04-21T11:51:00+05:30,16.63,16.72,16.63,16.67,
2016-04-21T11:52:00+05:30,16.67,16.77,16.67,16.67,
2016-04-21T11:53:00+05:30,16.69,16.74,16.64,16.64,
2016-04-21T11:54:00+05:30,16.63,16.77,16.63,16.68,
2016-04-21T11:55:00+05:30,16.68,16.79,16.66,16.71,
2016-04-21T11:56:00+05:30,16.71,16.76,16.65,16.7,
2016-04-21T11:57:00+05:30,16.71,16.76,16.66,16.76,
2016-04-21T11:58:00+05:30,16.81,16.81,16.72,16.76,
2016-04-21T11:59:00+05:30,16.76,16.76,16.65,16.67,
2016-04-21T12:00:00+05:30,16.67,16.76,16.67,16.76,
2016-04-21T12:01:00+05:30,16.77,16.78,16.73,16.74,
2016-04-21T12:02:00+05:30,16.74,16.79,16.71,16.72,
2016-04-21T12:03:00+05:30,16.7,16.87,16.66,16.86,
2016-04-21T12:04:00+05:30,16.86,16.86,16.71,16.74,
2016-04-21T12:05:00+05:30,16.74,16.8,16.7,16.78,
2016-04-21T12:06:00+05:30,16.77,16.83,16.73,16.75,
2016-04-21T12:07:00+05:30,16.75,16.79,16.72,16.74,
2016-04-21T12:08:00+05:30,16.74,16.81,16.72,16.77,
2016-04-21T12:09:00+05:30,16.76,16.81,16.73,16.8,
2016-04-21T12:10:00+05:30,16.81,16.82,16.72,16.75,
2016-04-21T12:11:00+05:30,16.77,16.84,16.72,16.77,
2016-04-21T12:12:00+05:30,16.75,16.82,16.72,16.74,
2016-04-21T12:13:00+05:30,16.72,16.76,16.7,16.75,
2016-04-21T12:14:00+05:30,16.81,16.81,16.69,16.69,
2016-04-21T12:15:00+05:30,16.69,16.8,16.69,16.71,
2016-04-21T12:16:00+05:30,16.72,16.81,16.71,16.77,
2016-04-21T12:17:00+05:30,16.82,16.87,16.7,16.75,
2016-04-21T12:18:00+05:30,16.81,16.86,16.69,16.72,
2016-04-21T12:19:00+05:30,16.68,16.82,16.68,16.76,
2016-04-21T12:20:00+05:30,16.76,16.83,16.71,16.78,
2016-04-21T12:21:00+05:30,16.75,16.85,16.74,16.79,
2016-04-21T12:22:00+05:30,16.76,16.82,16.72,16.78,
2016-04-21T12:23:00+05:30,16.79,16.85,16.76,16.8,
2016-04-21T12:24:00+05:30,16.81,16.82,16.72,16.77,
2016-04-21T12:25:00+05:30,16.74,16.82,16.73,16.77,
2016-04-21T12:26:00+05:30,16.77,16.83,16.71,16.75,
2016-04-21T12:27:00+05:30,16.78,16.78,16.72,16.78,
2016-04-21T12:28:00+05:30,16.76,16.8,16.69,16.76,
2016-04-21T12:29:00+05:30,16.7,16.82,16.7,16.73,
2016-04-21T12:30:00+05:30,16.76,16.83,16.71,16.78,
2016-04-21T12:31:00+05:30,16.79,16.81,16.7,16.73,
2016-04-21T12:32:00+05:30,16.75,16.83,16.71,16.71,
2016-04-21T12:33:00+05:30,16.73,16.79,16.68,16.77,
2016-04-21T12:34:00+05:30,16.79,16.8,16.72,16.79,
2016-04-21T12:35:00+05:30,16.77,16.79,16.71,16.73,
2016-04-21T12:36:00+05:30,16.7,16.81,16.7,16.73,
2016-04-21T12:37:00+05:30,16.71,16.78,16.71,16.75,
2016-04-21T12:38:00+05:30,16.77,16.85,16.69,16.74,
2016-04-21T12:39:00+05:30,16.75,16.83,16.68,16.76,
2016-04-21T12:40:00+05:30,16.76,16.82,16.74,16.77,
2016-04-21T12:41:00+05:30,16.77,16.78,16.67,16.72,
2016-04-21T12:42:00+05:30,16.72,16.8,16.71,16.75,
2016-04-21T12:43:00+05:30,16.74,16.82,16.68,16.7,
2016-04-21T12:44:00+05:30,16.7,16.76,16.66,16.71,
2016-04-21T12:45:00+05:30,16.71,16.75,16.63,16.71,
2016-04-21T12:46:00+05:30,16.71,16.78,16.66,16.78,
2016-04-21T12:47:00+05:30,16.78,16.83,16.7,16.7,
2016-04-21T12:48:00+05:30,16.71,16.84,16.69,16.73,
2016-04-21T12:49:00+05:30,16.71,16.77,16.7,16.74,
2016-04-21T12:50:00+05:30,16.76,16.81,16.72,16.72,
2016-04-21T12:51:00+05:30,16.72,16.81,16.68,16.81,
2016-04-21T12:52:00+05:30,16.81,16.81,16.73,16.74,
2016-04-21T12:53:00+05:30,16.74,16.75,16.68,16.71,
2016-04-21T12:54:00+05:30,16.71,16.87,16.68,16.8,
2016-04-21T12:55:00+05:30,16.8,16.86,16.73,16.81,
2016-04-21T12:56:00+05:30,16.78,16.87,16.69,16.69,
2016-04-21T12:57:00+05:30,16.74,16.82,16.73,16.78,
2016-04-21T12:58:00+05:30,16.78,16.81,16.72,16.74,
2016-04-21T12:59:00+05:30,16.72,16.8,16.68,16.69,
2016-04-21T13:00:00+05:30,16.69,16.8,16.67,16.72,
2016-04-21T13:01:00+05:30,16.69,16.74,16.64,16.66,
2016-04-21T13:02:00+05:30,16.66,16.69,16.58,16.65,
2016-04-21T13:03:00+05:30,16.63,16.69,16.53,16.6,
2016-04-21T13:04:00+05:30,16.57,16.74,16.53,16.56,
2016-04-21T13:05:00+05:30,16.56,16.68,16.51,16.68,
2016-04-21T13:06:00+05:30,16.67,16.67,16.54,16.55,
2016-04-21T13:07:00+05:30,16.55,16.62,16.55,16.6,
2016-04-21T13:08:00+05:30,16.59,16.64,16.52,16.58,
2016-04-21T13:09:00+05:30,16.58,16.66,16.52,16.66,
2016-04-21T13:10:00+05:30,16.66,16.66,16.53,16.6,
2016-04-21T13:11:00+05:30,16.62,16.68,16.56,16.58,
2016-04-21T13:12:00+05:30,16.57,16.63,16.54,16.56,
2016-04-21T13:13:00+05:30,16.59,16.62,16.54,16.58,
2016-04-21T13:14:00+05:30,16.55,16.69,16.54,16.59,
2016-04-21T13:15:00+05:30,16.59,16.63,16.53,16.55,
2016-04-21T13:16:00+05:30,16.62,16.62,16.52,16.55,
2016-04-21T13:17:00+05:30,16.55,16.65,16.5,16.53,
2016-04-21T13:18:00+05:30,16.52,16.59,16.46,16.53,
2016-04-21T13:19:00+05:30,16.53,16.6,16.49,16.49,
2016-04-21T13:20:00+05:30,16.49,16.6,16.48,16.52,
2016-04-21T13:21:00+05:30,16.53,16.58,16.47,16.56,
2016-04-21T13:22:00+05:30,16.56,16.56,16.47,16.5,
2016-04-21T13:23:00+05:30,16.5,16.57,16.46,16.5,
2016-04-21T13:24:00+05:30,16.49,16.56,16.47,16.47,
2016-04-21T13:25:00+05:30,16.46,16.5,16.42,16.5,
2016-04-21T13:26:00+05:30,16.52,16.52,16.42,16.42,
2016-04-21T13:27:00+05:30,16.49,16.52,16.42,16.46,
2016-04-21T13:28:00+05:30,16.45,16.56,16.43,16.46,
2016-04-21T13:29:00+05:30,16.47,16.52,16.41,16.46,
2016-04-21T13:30:00+05:30,16.46,16.54,16.46,16.51,
2016-04-21T13:31:00+05:30,16.51,16.56,16.48,16.52,
2016-04-21T13:32:00+05:30,16.52,16.52,16.43,16.49,
2016-04-21T13:33:00+05:30,16.47,16.55,16.45,16.51,
2016-04-21T13:34:00+05:30,16.52,16.56,16.46,16.47,
2016-04-21T13:35:00+05:30,16.51,16.59,16.47,16.5,
2016-04-21T13:36:00+05:30,16.51,16.57,16.48,16.57,
2016-04-21T13:37:00+05:30,16.55,16.56,16.48,16.49,
2016-04-21T13:38:00+05:30,16.48,16.63,16.48,16.52,
2016-04-21T13:39:00+05:30,16.52,16.6,16.49,16.58,
2016-04-21T13:40:00+05:30,16.57,16.62,16.51,16.55,
2016-04-21T13:41:00+05:30,16.54,16.63,16.47,16.59,
2016-04-21T13:42:00+05:30,16.6,16.61,16.51,16.58,
2016-04-21T13:43:00+05:30,16.56,16.6,16.5,16.57,
2016-04-21T13:44:00+05:30,16.56,16.56,16.47,16.47,
2016-04-21T13:45:00+05:30,16.47,16.57,16.46,16.48,
2016-04-21T13:46:00+05:30,16.46,16.57,16.42,16.53,
2016-04-21T13:47:00+05:30,16.52,16.58,16.49,16.49,
2016-04-21T13:48:00+05:30,16.49,16.58,16.48,16.58,
2016-04-21T13:49:00+05:30,16.58,16.58,16.52,16.55,
2016-04-21T13:50:00+05:30,16.56,16.6,16.54,16.57,
2016-04-21T13:51:00+05:30,16.54,16.6,16.52,16.52,
2016-04-21T13:52:00+05:30,16.5,16.56,16.48,16.53,
2016-04-21T13:53:00+05:30,16.52,16.57,16.45,16.46,
2016-04-21T13:54:00+05:30,16.46,16.51,16.44,16.51,
2016-04-21T13:55:00+05:30,16.51,16.54,16.42,16.49,
2016-04-21T13:56:00+05:30,16.49,16.55,16.45,16.5,
2016-04-21T13:57:00+05:30,16.47,16.53,16.44,16.47,
2016-04-21T13:58:00+05:30,16.46,16.52,16.43,16.46,
2016-04-21T13:59:00+05:30,16.47,16.55,16.46,16.5,
2016-04-21T14:00:00+05:30,16.5,16.54,16.44,16.46,
2016-04-21T14:01:00+05:30,16.46,16.56,16.46,16.55,
2016-04-21T14:02:00+05:30,16.52,16.56,16.47,16.52,
2016-04-21T14:03:00+05:30,16.53,16.63,16.51,16.53,
2016-04-21T14:04:00+05:30,16.52,16.59,16.49,16.59,
2016-04-21T14:05:00+05:30,16.57,16.58,16.48,16.58,
2016-04-21T14:06:00+05:30,16.58,16.58,16.45,16.52,
2016-04-21T14:07:00+05:30,16.52,16.58,16.5,16.52,
2016-04-21T14:08:00+05:30,16.54,16.55,16.48,16.49,
2016-04-21T14:09:00+05:30,16.49,16.57,16.47,16.53,
2016-04-21T14:10:00+05:30,16.53,16.55,16.47,16.53,
2016-04-21T14:11:00+05:30,16.52,16.55,16.49,16.51,
2016-04-21T14:12:00+05:30,16.52,16.57,16.48,16.51,
2016-04-21T14:13:00+05:30,16.52,16.57,16.49,16.5,
2016-04-21T14:14:00+05:30,16.5,16.56,16.46,16.54,
2016-04-21T14:15:00+05:30,16.53,16.56,16.48,16.55,
2016-04-21T14:16:00+05:30,16.54,16.58,16.48,16.58,
2016-04-21T14:17:00+05:30,16.58,16.58,16.5,16.52,
2016-04-21T14:18:00+05:30,16.53,16.56,16.5,16.53,
2016-04-21T14:19:00+05:30,16.54,16.6,16.52,16.57,
2016-04-21T14:20:00+05:30,16.56,16.59,16.53,16.54,
2016-04-21T14:21:00+05:30,16.54,16.61,16.49,16.51,
2016-04-21T14:22:00+05:30,16.49,16.56,16.48,16.51,
2016-04-21T14:23:00+05:30,16.51,16.55,16.47,16.49,
2016-04-21T14:24:00+05:30,16.48,16.54,16.46,16.52,
2016-04-21T14:25:00+05:30,16.51,16.57,16.47,16.57,
2016-04-21T14:26:00+05:30,16.56,16.58,16.47,16.48,
2016-04-21T14:27:00+05:30,16.49,16.58,16.48,16.55,
2016-04-21T14:28:00+05:30,16.55,16.55,16.47,16.53,
2016-04-21T14:29:00+05:30,16.5,16.58,16.47,16.51,
2016-04-21T14:30:00+05:30,16.49,16.57,16.48,16.52,
2016-04-21T14:31:00+05:30,16.53,16.55,16.49,16.53,
2016-04-21T14:32:00+05:30,16.54,16.58,16.5,16.58,
2016-04-21T14:33:00+05:30,16.51,16.58,16.5,16.52,
2016-04-21T14:34:00+05:30,16.51,16.57,16.51,16.51,
2016-04-21T14:35:00+05:30,16.51,16.57,16.48,16.52,
2016-04-21T14:36:00+05:30,16.53,16.59,16.5,16.57,
2016-04-21T14:37:00+05:30,16.57,16.64,16.53,16.53,
2016-04-21T14:38:00+05:30,16.54,16.64,16.54,16.61,
2016-04-21T14:39:00+05:30,16.6,16.64,16.53,16.64,
2016-04-21T14:40:00+05:30,16.64,16.64,16.53,16.53,
2016-04-21T14:41:00+05:30,16.54,16.67,16.53,16.64,
2016-04-21T14:42:00+05:30,16.64,16.7,16.63,16.63,
2016-04-21T14:43:00+05:30,16.63,16.69,16.6,16.67,
2016-04-21T14:44:00+05:30,16.64,16.74,16.61,16.73,
2016-04-21T14:45:00+05:30,16.67,16.81,16.67,16.78,
2016-04-21T14:46:00+05:30,16.78,16.78,16.59,16.67,
2016-04-21T14:47:00+05:30,16.67,16.7,16.57,16.69,
2016-04-21T14:48:00+05:30,16.69,16.78,16.67,16.74,
2016-04-21T14:49:00+05:30,16.75,16.8,16.61,16.61,
2016-04-21T14:50:00+05:30,16.62,16.79,16.62,16.67,
2016-04-21T14:51:00+05:30,16.62,16.83,16.62,16.67,
2016-04-21T14:52:00+05:30,16.65,16.75,16.57,16.61,
2016-04-21T14:53:00+05:30,16.61,16.7,16.57,16.64,
2016-04-21T14:54:00+05:30,16.63,16.69,16.54,16.65,
2016-04-21T14:55:00+05:30,16.65,16.67,16.51,16.53,
2016-04-21T14:56:00+05:30,16.54,16.67,16.49,16.55,
2016-04-21T14:57:00+05:30,16.61,16.64,16.54,16.64,
2016-04-21T14:58:00+05:30,16.64,16.66,16.55,16.56,
2016-04-21T14:59:00+05:30,16.56,16.63,16.49,16.6,
2016-04-21T15:00:00+05:30,16.6,16.61,16.51,16.51,
2016-04-21T15:01:00+05:30,16.53,16.62,16.47,16.5,
2016-04-21T15:02:00+05:30,16.49,16.62,16.48,16.57,
2016-04-21T15:03:00+05:30,16.55,16.64,16.46,16.57,
2016-04-21T15:04:00+05:30,16.57,16.59,16.51,16.59,
2016-04-21T15:05:00+05:30,16.64,16.64,16.51,16.58,
2016-04-21T15:06:00+05:30,16.59,16.63,16.52,16.59,
2016-04-21T15:07:00+05:30,16.58,16.61,16.46,16.49,
2016-04-21T15:08:00+05:30,16.49,16.55,16.46,16.48,
2016-04-21T15:09:00+05:30,16.49,16.57,16.48,16.55,
2016-04-21T15:10:00+05:30,16.55,16.56,16.45,16.49,
2016-04-21T15:11:00+05:30,16.47,16.57,16.45,16.53,
2016-04-21T15:12:00+05:30,16.54,16.56,16.45,16.49,
2016-04-21T15:13:00+05:30,16.49,16.55,16.43,16.55,
2016-04-21T15:14:00+05:30,16.55,16.57,16.46,16.49,
2016-04-21T15:15:00+05:30,16.48,16.49,16.42,16.44,
2016-04-21T15:16:00+05:30,16.44,16.51,16.44,16.46,
2016-04-21T15:17:00+05:30,16.47,16.53,16.46,16.53,
2016-04-21T15:18:00+05:30,16.55,16.58,16.47,16.49,
2016-04-21T15:19:00+05:30,16.46,16.52,16.45,16.49,
2016-04-21T15:20:00+05:30,16.47,16.56,16.44,16.44,
2016-04-21T15:21:00+05:30,16.44,16.5,16.4,16.48,
2016-04-21T15:22:00+05:30,16.48,16.54,16.43,16.43,
2016-04-21T15:23:00+05:30,16.43,16.54,16.42,16.53,
2016-04-21T15:24:00+05:30,16.54,16.54,16.41,16.49,
2016-04-21T15:25:00+05:30,16.49,16.53,16.42,16.44,
2016-04-21T15:26:00+05:30,16.45,16.58,16.43,16.56,
2016-04-21T15:27:00+05:30,16.56,16.65,16.45,16.65,
2016-04-21T15:28:00+05:30,16.65,16.65,16.54,16.54,
2016-04-21T15:29:00+05:30,16.61,16.71,16.56,16.56,
2016-04-22T09:15:00+05:30,16.51,16.51,15.88,16.02,
2016-04-22T09:16:00+05:30,16.01,16.15,15.99,16.08,
2016-04-22T09:17:00+05:30,16.1,16.33,16.03,16.33,
2016-04-22T09:18:00+05:30,16.28,16.33,16.23,16.27,
2016-04-22T09:19:00+05:30,16.27,16.33,16.26,16.31,
2016-04-22T09:20:00+05:30,16.3,16.4,16.26,16.35,
2016-04-22T09:21:00+05:30,16.33,16.39,16.25,16.3,
2016-04-22T09:22:00+05:30,16.3,16.34,16.26,16.28,
2016-04-22T09:23:00+05:30,16.31,16.35,16.24,16.35,
2016-04-22T09:24:00+05:30,16.35,16.39,16.24,16.35,
2016-04-22T09:25:00+05:30,16.36,16.37,16.24,16.28,
2016-04-22T09:26:00+05:30,16.29,16.32,16.24,16.26,
2016-04-22T09:27:00+05:30,16.28,16.38,16.28,16.29,
2016-04-22T09:28:00+05:30,16.29,16.32,16.25,16.25,
2016-04-22T09:29:00+05:30,16.25,16.3,16.23,16.27,
2016-04-22T09:30:00+05:30,16.27,16.63,16.24,16.57,
2016-04-22T09:31:00+05:30,16.65,16.65,16.24,16.3,
2016-04-22T09:32:00+05:30,16.28,16.31,16.23,16.27,
2016-04-22T09:33:00+05:30,16.27,16.33,16.24,16.31,
2016-04-22T09:34:00+05:30,16.29,16.31,16.2,16.24,
2016-04-22T09:35:00+05:30,16.22,16.31,16.21,16.29,
2016-04-22T09:36:00+05:30,16.26,16.26,16.14,16.26,
2016-04-22T09:37:00+05:30,16.26,16.26,16.17,16.21,
2016-04-22T09:38:00+05:30,16.22,16.23,16.14,16.2,
2016-04-22T09:39:00+05:30,16.23,16.23,16.14,16.17,
2016-04-22T09:40:00+05:30,16.14,16.23,16.13,16.15,
2016-04-22T09:41:00+05:30,16.16,16.22,16.14,16.21,
2016-04-22T09:42:00+05:30,16.2,16.2,16.07,16.15,
2016-04-22T09:43:00+05:30,16.15,16.19,16.1,16.17,
2016-04-22T09:44:00+05:30,16.18,16.24,16.11,16.14,
2016-04-22T09:45:00+05:30,16.13,16.2,16.11,16.18,
2016-04-22T09:46:00+05:30,16.19,16.2,16.13,16.17,
2016-04-22T09:47:00+05:30,16.14,16.23,16.14,16.19,
2016-04-22T09:48:00+05:30,16.17,16.26,16.15,16.15,
2016-04-22T09:49:00+05:30,16.2,16.28,16.18,16.25,
2016-04-22T09:50:00+05:30,16.24,16.28,16.2,16.26,
2016-04-22T09:51:00+05:30,16.28,16.31,16.2,16.2,
2016-04-22T09:52:00+05:30,16.23,16.28,16.19,16.23,
2016-04-22T09:53:00+05:30,16.21,16.3,16.21,16.23,
2016-04-22T09:54:00+05:30,16.23,16.44,16.21,16.44,
2016-04-22T09:55:00+05:30,16.43,16.43,16.34,16.38,
2016-04-22T09:56:00+05:30,16.37,16.51,16.17,16.25,
2016-04-22T09:57:00+05:30,16.26,16.46,16.21,16.43,
2016-04-22T09:58:00+05:30,16.44,16.46,16.35,16.35,
2016-04-22T09:59:00+05:30,16.35,16.51,16.35,16.49,
2016-04-22T10:00:00+05:30,16.49,16.5,16.41,16.41,
2016-04-22T10:01:00+05:30,16.4,16.41,16.32,16.4,
2016-04-22T10:02:00+05:30,16.4,16.51,16.38,16.44,
2016-04-22T10:03:00+05:30,16.44,16.58,16.42,16.56,
2016-04-22T10:04:00+05:30,16.57,16.74,16.52,16.72,
2016-04-22T10:05:00+05:30,16.72,16.77,16.62,16.62,
2016-04-22T10:06:00+05:30,16.62,16.67,16.57,16.61,
2016-04-22T10:07:00+05:30,16.52,16.58,16.43,16.43,
2016-04-22T10:08:00+05:30,16.42,16.61,16.37,16.56,
2016-04-22T10:09:00+05:30,16.53,16.71,16.52,16.7,
2016-04-22T10:10:00+05:30,16.68,16.68,16.53,16.58,
2016-04-22T10:11:00+05:30,16.56,16.63,16.55,16.59,
2016-04-22T10:12:00+05:30,16.58,16.64,16.57,16.61,
2016-04-22T10:13:00+05:30,16.61,16.67,16.59,16.67,
2016-04-22T10:14:00+05:30,16.67,16.73,16.64,16.68,
2016-04-22T10:15:00+05:30,16.68,16.75,16.64,16.71,
2016-04-22T10:16:00+05:30,16.71,16.79,16.71,16.76,
2016-04-22T10:17:00+05:30,16.73,16.8,16.72,16.76,
2016-04-22T10:18:00+05:30,16.76,16.81,16.7,16.74,
2016-04-22T10:19:00+05:30,16.76,16.81,16.71,16.71,
2016-04-22T10:20:00+05:30,16.72,16.78,16.67,16.75,
2016-04-22T10:21:00+05:30,16.75,16.75,16.67,16.67,
2016-04-22T10:22:00+05:30,16.69,16.78,16.68,16.73,
2016-04-22T10:23:00+05:30,16.73,16.82,16.72,16.77,
2016-04-22T10:24:00+05:30,16.77,16.78,16.71,16.74,
2016-04-22T10:25:00+05:30,16.72,16.78,16.68,16.73,
2016-04-22T10:26:00+05:30,16.72,16.78,16.69,16.77,
2016-04-22T10:27:00+05:30,16.77,16.79,16.7,16.78,
2016-04-22T10:28:00+05:30,16.78,16.86,16.75,16.75,
2016-04-22T10:29:00+05:30,16.74,16.82,16.71,16.79,
2016-04-22T10:30:00+05:30,16.79,16.83,16.75,16.75,
2016-04-22T10:31:00+05:30,16.74,16.82,16.71,16.72,
2016-04-22T10:32:00+05:30,16.78,16.83,16.66,16.75,
2016-04-22T10:33:00+05:30,16.75,16.8,16.73,16.76,
2016-04-22T10:34:00+05:30,16.75,16.76,16.68,16.73,
2016-04-22T10:35:00+05:30,16.73,16.76,16.62,16.64,
2016-04-22T10:36:00+05:30,16.64,16.71,16.61,16.7,
2016-04-22T10:37:00+05:30,16.69,16.73,16.66,16.71,
2016-04-22T10:38:00+05:30,16.71,16.75,16.68,16.71,
2016-04-22T10:39:00+05:30,16.7,16.76,16.68,16.74,
2016-04-22T10:40:00+05:30,16.68,16.76,16.68,16.73,
2016-04-22T10:41:00+05:30,16.7,16.75,16.67,16.71,
2016-04-22T10:42:00+05:30,16.72,16.78,16.65,16.72,
2016-04-22T10:43:00+05:30,16.73,16.78,16.67,16.77,
2016-04-22T10:44:00+05:30,16.77,16.81,16.71,16.72,
2016-04-22T10:45:00+05:30,16.77,16.77,16.68,16.72,
2016-04-22T10:46:00+05:30,16.73,16.81,16.71,16.78,
2016-04-22T10:47:00+05:30,16.8,16.81,16.69,16.72,
2016-04-22T10:48:00+05:30,16.73,16.79,16.71,16.79,
2016-04-22T10:49:00+05:30,16.76,16.79,16.73,16.79,
2016-04-22T10:50:00+05:30,16.81,16.83,16.74,16.76,
2016-04-22T10:51:00+05:30,16.76,16.81,16.73,16.75,
2016-04-22T10:52:00+05:30,16.74,16.79,16.72,16.74,
2016-04-22T10:53:00+05:30,16.77,16.79,16.72,16.76,
2016-04-22T10:54:00+05:30,16.78,16.79,16.74,16.75,
2016-04-22T10:55:00+05:30,16.75,16.79,16.74,16.79,
2016-04-22T10:56:00+05:30,16.8,16.81,16.74,16.81,
2016-04-22T10:57:00+05:30,16.78,16.79,16.71,16.74,
2016-04-22T10:58:00+05:30,16.71,16.75,16.68,16.72,
2016-04-22T10:59:00+05:30,16.72,16.75,16.67,16.7,
2016-04-22T11:00:00+05:30,16.7,16.75,16.69,16.72,
2016-04-22T11:01:00+05:30,16.73,16.76,16.68,16.74,
2016-04-22T11:02:00+05:30,16.74,16.74,16.66,16.69,
2016-04-22T11:03:00+05:30,16.68,16.7,16.64,16.66,
2016-04-22T11:04:00+05:30,16.63,16.69,16.63,16.65,
2016-04-22T11:05:00+05:30,16.68,16.71,16.64,16.7,
2016-04-22T11:06:00+05:30,16.7,16.72,16.66,16.7,
2016-04-22T11:07:00+05:30,16.67,16.72,16.65,16.69,
2016-04-22T11:08:00+05:30,16.69,16.73,16.65,16.68,
2016-04-22T11:09:00+05:30,16.69,16.72,16.61,16.68,
2016-04-22T11:10:00+05:30,16.67,16.7,16.64,16.68,
2016-04-22T11:11:00+05:30,16.68,16.69,16.64,16.69,
2016-04-22T11:12:00+05:30,16.69,16.7,16.62,16.67,
2016-04-22T11:13:00+05:30,16.66,16.69,16.63,16.67,
2016-04-22T11:14:00+05:30,16.67,16.67,16.61,16.63,
2016-04-22T11:15:00+05:30,16.63,16.69,16.62,16.67,
2016-04-22T11:16:00+05:30,16.67,16.68,16.63,16.64,
2016-04-22T11:17:00+05:30,16.64,16.67,16.63,16.65,
2016-04-22T11:18:00+05:30,16.62,16.69,16.61,16.69,
2016-04-22T11:19:00+05:30,16.69,16.69,16.6,16.64,
2016-04-22T11:20:00+05:30,16.64,16.68,16.59,16.65,
2016-04-22T11:21:00+05:30,16.66,16.68,16.6,16.64,
2016-04-22T11:22:00+05:30,16.64,16.7,16.63,16.69,
2016-04-22T11:23:00+05:30,16.69,16.72,16.65,16.65,
2016-04-22T11:24:00+05:30,16.66,16.72,16.63,16.65,
2016-04-22T11:25:00+05:30,16.66,16.7,16.63,16.64,
2016-04-22T11:26:00+05:30,16.65,16.7,16.63,16.69,
2016-04-22T11:27:00+05:30,16.69,16.69,16.63,16.65,
2016-04-22T11:28:00+05:30,16.65,16.68,16.61,16.68,
2016-04-22T11:29:00+05:30,16.7,16.7,16.64,16.67,
2016-04-22T11:30:00+05:30,16.65,16.71,16.65,16.69,
2016-04-22T11:31:00+05:30,16.69,16.71,16.66,16.69,
2016-04-22T11:32:00+05:30,16.69,16.73,16.66,16.7,
2016-04-22T11:33:00+05:30,16.71,16.71,16.63,16.65,
2016-04-22T11:34:00+05:30,16.67,16.7,16.63,16.66,
2016-04-22T11:35:00+05:30,16.66,16.67,16.62,16.64,
2016-04-22T11:36:00+05:30,16.64,16.69,16.6,16.6,
2016-04-22T11:37:00+05:30,16.59,16.7,16.59,16.68,
2016-04-22T11:38:00+05:30,16.68,16.71,16.63,16.68,
2016-04-22T11:39:00+05:30,16.68,16.71,16.65,16.69,
2016-04-22T11:40:00+05:30,16.69,16.73,16.66,16.66,
2016-04-22T11:41:00+05:30,16.67,16.71,16.65,16.65,
2016-04-22T11:42:00+05:30,16.66,16.69,16.62,16.65,
2016-04-22T11:43:00+05:30,16.65,16.71,16.61,16.61,
2016-04-22T11:44:00+05:30,16.61,16.65,16.59,16.61,
2016-04-22T11:45:00+05:30,16.61,16.64,16.58,16.59,
2016-04-22T11:46:00+05:30,16.61,16.66,16.57,16.61,
2016-04-22T11:47:00+05:30,16.6,16.65,16.58,16.65,
2016-04-22T11:48:00+05:30,16.65,16.68,16.59,16.59,
2016-04-22T11:49:00+05:30,16.62,16.64,16.57,16.63,
2016-04-22T11:50:00+05:30,16.64,16.64,16.59,16.64,
2016-04-22T11:51:00+05:30,16.65,16.68,16.57,16.58,
2016-04-22T11:52:00+05:30,16.58,16.63,16.56,16.57,
2016-04-22T11:53:00+05:30,16.58,16.62,16.52,16.62,
2016-04-22T11:54:00+05:30,16.62,16.66,16.59,16.63,
2016-04-22T11:55:00+05:30,16.63,16.63,16.55,16.6,
2016-04-22T11:56:00+05:30,16.6,16.66,16.57,16.62,
2016-04-22T11:57:00+05:30,16.61,16.64,16.56,16.57,
2016-04-22T11:58:00+05:30,16.62,16.67,16.56,16.67,
2016-04-22T11:59:00+05:30,16.64,16.64,16.58,16.6,
2016-04-22T12:00:00+05:30,16.59,16.65,16.59,16.59,
2016-04-22T12:01:00+05:30,16.59,16.64,16.56,16.56,
2016-04-22T12:02:00+05:30,16.57,16.6,16.54,16.59,
2016-04-22T12:03:00+05:30,16.61,16.63,16.54,16.58,
2016-04-22T12:04:00+05:30,16.58,16.63,16.54,16.54,
2016-04-22T12:05:00+05:30,16.49,16.55,16.47,16.47,
2016-04-22T12:06:00+05:30,16.46,16.58,16.46,16.48,
2016-04-22T12:07:00+05:30,16.49,16.56,16.48,16.52,
2016-04-22T12:08:00+05:30,16.51,16.55,16.42,16.53,
2016-04-22T12:09:00+05:30,16.54,16.54,16.46,16.46,
2016-04-22T12:10:00+05:30,16.48,16.58,16.48,16.52,
2016-04-22T12:11:00+05:30,16.52,16.55,16.46,16.49,
2016-04-22T12:12:00+05:30,16.53,16.54,16.46,16.49,
2016-04-22T12:13:00+05:30,16.5,16.52,16.43,16.52,
2016-04-22T12:14:00+05:30,16.52,16.53,16.44,16.52,
2016-04-22T12:15:00+05:30,16.52,16.53,16.46,16.5,
2016-04-22T12:16:00+05:30,16.5,16.55,16.47,16.5,
2016-04-22T12:17:00+05:30,16.53,16.61,16.5,16.59,
2016-04-22T12:18:00+05:30,16.62,16.62,16.51,16.59,
2016-04-22T12:19:00+05:30,16.59,16.63,16.54,16.58,
2016-04-22T12:20:00+05:30,16.58,16.62,16.54,16.58,
2016-04-22T12:21:00+05:30,16.59,16.59,16.52,16.58,
2016-04-22T12:22:00+05:30,16.58,16.6,16.51,16.6,
2016-04-22T12:23:00+05:30,16.6,16.63,16.53,16.6,
2016-04-22T12:24:00+05:30,16.61,16.64,16.58,16.61,
2016-04-22T12:25:00+05:30,16.62,16.64,16.54,16.58,
2016-04-22T12:26:00+05:30,16.6,16.63,16.52,16.6,
2016-04-22T12:27:00+05:30,16.61,16.62,16.55,16.58,
2016-04-22T12:28:00+05:30,16.59,16.6,16.53,16.56,
2016-04-22T12:29:00+05:30,16.57,16.62,16.54,16.58,
2016-04-22T12:30:00+05:30,16.56,16.62,16.51,16.53,
2016-04-22T12:31:00+05:30,16.53,16.6,16.51,16.55,
2016-04-22T12:32:00+05:30,16.56,16.57,16.51,16.54,
2016-04-22T12:33:00+05:30,16.55,16.57,16.51,16.55,
2016-04-22T12:34:00+05:30,16.56,16.6,16.49,16.49,
2016-04-22T12:35:00+05:30,16.49,16.58,16.48,16.54,
2016-04-22T12:36:00+05:30,16.53,16.57,16.5,16.56,
2016-04-22T12:37:00+05:30,16.56,16.57,16.51,16.54,
2016-04-22T12:38:00+05:30,16.54,16.57,16.51,16.57,
2016-04-22T12:39:00+05:30,16.54,16.58,16.51,16.52,
2016-04-22T12:40:00+05:30,16.54,16.57,16.52,16.53,
2016-04-22T12:41:00+05:30,16.53,16.59,16.52,16.53,
2016-04-22T12:42:00+05:30,16.53,16.56,16.52,16.56,
2016-04-22T12:43:00+05:30,16.56,16.56,16.5,16.54,
2016-04-22T12:44:00+05:30,16.54,16.6,16.46,16.5,
2016-04-22T12:45:00+05:30,16.5,16.56,16.46,16.51,
2016-04-22T12:46:00+05:30,16.51,16.54,16.46,16.49,
2016-04-22T12:47:00+05:30,16.5,16.5,16.44,16.46,
2016-04-22T12:48:00+05:30,16.47,16.48,16.39,16.42,
2016-04-22T12:49:00+05:30,16.41,16.48,16.38,16.42,
2016-04-22T12:50:00+05:30,16.45,16.47,16.36,16.36,
2016-04-22T12:51:00+05:30,16.38,16.46,16.36,16.44,
2016-04-22T12:52:00+05:30,16.44,16.44,16.26,16.27,
2016-04-22T12:53:00+05:30,16.31,16.37,16.27,16.29,
2016-04-22T12:54:00+05:30,16.29,16.34,16.25,16.34,
2016-04-22T12:55:00+05:30,16.32,16.35,16.29,16.35,
2016-04-22T12:56:00+05:30,16.37,16.37,16.3,16.37,
2016-04-22T12:57:00+05:30,16.37,16.38,16.3,16.33,
2016-04-22T12:58:00+05:30,16.33,16.39,16.28,16.35,
2016-04-22T12:59:00+05:30,16.34,16.36,16.29,16.3,
2016-04-22T13:00:00+05:30,16.3,16.39,16.3,16.33,
2016-04-22T13:01:00+05:30,16.32,16.37,16.3,16.35,
2016-04-22T13:02:00+05:30,16.38,16.38,16.3,16.35,
2016-04-22T13:03:00+05:30,16.35,16.39,16.31,16.36,
2016-04-22T13:04:00+05:30,16.36,16.42,16.35,16.37,
2016-04-22T13:05:00+05:30,16.42,16.42,16.33,16.4,
2016-04-22T13:06:00+05:30,16.4,16.4,16.31,16.33,
2016-04-22T13:07:00+05:30,16.33,16.38,16.31,16.32,
2016-04-22T13:08:00+05:30,16.32,16.39,16.3,16.39,
2016-04-22T13:09:00+05:30,16.38,16.4,16.33,16.34,
2016-04-22T13:10:00+05:30,16.36,16.38,16.32,16.38,
2016-04-22T13:11:00+05:30,16.37,16.42,16.34,16.39,
2016-04-22T13:12:00+05:30,16.38,16.4,16.35,16.36,
2016-04-22T13:13:00+05:30,16.42,16.43,16.34,16.36,
2016-04-22T13:14:00+05:30,16.34,16.42,16.31,16.36,
2016-04-22T13:15:00+05:30,16.36,16.42,16.34,16.37,
2016-04-22T13:16:00+05:30,16.38,16.44,16.36,16.39,
2016-04-22T13:17:00+05:30,16.39,16.41,16.36,16.4,
2016-04-22T13:18:00+05:30,16.4,16.43,16.37,16.39,
2016-04-22T13:19:00+05:30,16.4,16.44,16.35,16.44,
2016-04-22T13:20:00+05:30,16.43,16.45,16.37,16.37,
2016-04-22T13:21:00+05:30,16.36,16.46,16.36,16.4,
2016-04-22T13:22:00+05:30,16.4,16.5,16.4,16.48,
2016-04-22T13:23:00+05:30,16.46,16.47,16.38,16.39,
2016-04-22T13:24:00+05:30,16.42,16.48,16.39,16.44,
2016-04-22T13:25:00+05:30,16.44,16.49,16.42,16.44,
2016-04-22T13:26:00+05:30,16.44,16.46,16.39,16.43,
2016-04-22T13:27:00+05:30,16.45,16.46,16.39,16.39,
2016-04-22T13:28:00+05:30,16.44,16.48,16.4,16.46,
2016-04-22T13:29:00+05:30,16.46,16.49,16.39,16.47,
2016-04-22T13:30:00+05:30,16.47,16.48,16.39,16.44,
2016-04-22T13:31:00+05:30,16.45,16.48,16.4,16.41,
2016-04-22T13:32:00+05:30,16.44,16.46,16.41,16.45,
2016-04-22T13:33:00+05:30,16.44,16.48,16.4,16.4,
2016-04-22T13:34:00+05:30,16.4,16.46,16.37,16.42,
2016-04-22T13:35:00+05:30,16.41,16.47,16.38,16.45,
2016-04-22T13:36:00+05:30,16.45,16.46,16.4,16.43,
2016-04-22T13:37:00+05:30,16.42,16.46,16.36,16.39,
2016-04-22T13:38:00+05:30,16.4,16.48,16.38,16.46,
2016-04-22T13:39:00+05:30,16.46,16.51,16.44,16.47,
2016-04-22T13:40:00+05:30,16.5,16.54,16.45,16.54,
2016-04-22T13:41:00+05:30,16.54,16.57,16.45,16.5,
2016-04-22T13:42:00+05:30,16.5,16.52,16.43,16.43,
2016-04-22T13:43:00+05:30,16.43,16.48,16.4,16.44,
2016-04-22T13:44:00+05:30,16.43,16.48,16.4,16.44,
2016-04-22T13:45:00+05:30,16.45,16.45,16.38,16.43,
2016-04-22T13:46:00+05:30,16.46,16.49,16.37,16.41,
2016-04-22T13:47:00+05:30,16.39,16.44,16.37,16.4,
2016-04-22T13:48:00+05:30,16.44,16.48,16.4,16.45,
2016-04-22T13:49:00+05:30,16.45,16.48,16.41,16.48,
2016-04-22T13:50:00+05:30,16.45,16.48,16.43,16.46,
2016-04-22T13:51:00+05:30,16.44,16.48,16.42,16.44,
2016-04-22T13:52:00+05:30,16.44,16.51,16.43,16.44,
2016-04-22T13:53:00+05:30,16.42,16.46,16.39,16.41,
2016-04-22T13:54:00+05:30,16.41,16.46,16.4,16.46,
2016-04-22T13:55:00+05:30,16.42,16.48,16.42,16.47,
2016-04-22T13:56:00+05:30,16.48,16.48,16.41,16.48,
2016-04-22T13:57:00+05:30,16.48,16.5,16.43,16.45,
2016-04-22T13:58:00+05:30,16.44,16.5,16.44,16.45,
2016-04-22T13:59:00+05:30,16.46,16.49,16.39,16.45,
2016-04-22T14:00:00+05:30,16.45,16.54,16.45,16.54,
2016-04-22T14:01:00+05:30,16.54,16.54,16.47,16.49,
2016-04-22T14:02:00+05:30,16.5,16.54,16.47,16.54,
2016-04-22T14:03:00+05:30,16.54,16.61,16.52,16.54,
2016-04-22T14:04:00+05:30,16.54,16.55,16.46,16.52,
2016-04-22T14:05:00+05:30,16.52,16.55,16.45,16.45,
2016-04-22T14:06:00+05:30,16.47,16.56,16.45,16.51,
2016-04-22T14:07:00+05:30,16.49,16.54,16.45,16.48,
2016-04-22T14:08:00+05:30,16.46,16.54,16.42,16.44,
2016-04-22T14:09:00+05:30,16.45,16.5,16.44,16.48,
2016-04-22T14:10:00+05:30,16.5,16.66,16.38,16.6,
2016-04-22T14:11:00+05:30,16.6,16.67,16.57,16.59,
2016-04-22T14:12:00+05:30,16.62,16.65,16.59,16.65,
2016-04-22T14:13:00+05:30,16.65,16.66,16.57,16.62,
2016-04-22T14:14:00+05:30,16.62,16.68,16.55,16.58,
2016-04-22T14:15:00+05:30,16.58,16.71,16.56,16.65,
2016-04-22T14:16:00+05:30,16.66,16.69,16.58,16.6,
2016-04-22T14:17:00+05:30,16.64,16.68,16.6,16.65,
2016-04-22T14:18:00+05:30,16.64,16.7,16.62,16.68,
2016-04-22T14:19:00+05:30,16.68,16.69,16.59,16.66,
2016-04-22T14:20:00+05:30,16.66,16.7,16.6,16.68,
2016-04-22T14:21:00+05:30,16.68,16.68,16.57,16.59,
2016-04-22T14:22:00+05:30,16.59,16.65,16.57,16.64,
2016-04-22T14:23:00+05:30,16.63,16.66,16.56,16.59,
2016-04-22T14:24:00+05:30,16.57,16.67,16.52,16.59,
2016-04-22T14:25:00+05:30,16.56,16.56,16.49,16.55,
2016-04-22T14:26:00+05:30,16.54,16.58,16.45,16.47,
2016-04-22T14:27:00+05:30,16.47,16.54,16.43,16.49,
2016-04-22T14:28:00+05:30,16.48,16.54,16.44,16.48,
2016-04-22T14:29:00+05:30,16.48,16.52,16.45,16.5,
2016-04-22T14:30:00+05:30,16.48,16.55,16.46,16.49,
2016-04-22T14:31:00+05:30,16.48,16.55,16.44,16.55,
2016-04-22T14:32:00+05:30,16.56,16.57,16.47,16.54,
2016-04-22T14:33:00+05:30,16.52,16.54,16.45,16.52,
2016-04-22T14:34:00+05:30,16.48,16.54,16.45,16.47,
2016-04-22T14:35:00+05:30,16.5,16.52,16.43,16.52,
2016-04-22T14:36:00+05:30,16.51,16.51,16.43,16.47,
2016-04-22T14:37:00+05:30,16.51,16.55,16.48,16.5,
2016-04-22T14:38:00+05:30,16.56,16.56,16.45,16.48,
2016-04-22T14:39:00+05:30,16.46,16.52,16.41,16.51,
2016-04-22T14:40:00+05:30,16.51,16.51,16.41,16.49,
2016-04-22T14:41:00+05:30,16.45,16.51,16.42,16.51,
2016-04-22T14:42:00+05:30,16.51,16.52,16.42,16.48,
2016-04-22T14:43:00+05:30,16.49,16.5,16.41,16.49,
2016-04-22T14:44:00+05:30,16.49,16.51,16.43,16.44,
2016-04-22T14:45:00+05:30,16.45,16.52,16.4,16.47,
2016-04-22T14:46:00+05:30,16.47,16.49,16.38,16.45,
2016-04-22T14:47:00+05:30,16.45,16.46,16.36,16.39,
2016-04-22T14:48:00+05:30,16.42,16.47,16.41,16.43,
2016-04-22T14:49:00+05:30,16.45,16.48,16.43,16.48,
2016-04-22T14:50:00+05:30,16.48,16.48,16.39,16.42,
2016-04-22T14:51:00+05:30,16.44,16.48,16.39,16.44,
2016-04-22T14:52:00+05:30,16.44,16.5,16.42,16.49,
2016-04-22T14:53:00+05:30,16.46,16.48,16.35,16.37,
2016-04-22T14:54:00+05:30,16.34,16.44,16.33,16.36,
2016-04-22T14:55:00+05:30,16.35,16.43,16.33,16.39,
2016-04-22T14:56:00+05:30,16.39,16.49,16.35,16.49,
2016-04-22T14:57:00+05:30,16.49,16.49,16.37,16.44,
2016-04-22T14:58:00+05:30,16.39,16.42,16.33,16.33,
2016-04-22T14:59:00+05:30,16.33,16.42,16.29,16.34,
2016-04-22T15:00:00+05:30,16.32,16.39,16.31,16.36,
2016-04-22T15:01:00+05:30,16.33,16.42,16.31,16.34,
2016-04-22T15:02:00+05:30,16.33,16.4,16.33,16.39,
2016-04-22T15:03:00+05:30,16.4,16.41,16.33,16.37,
2016-04-22T15:04:00+05:30,16.37,16.4,16.33,16.38,
2016-04-22T15:05:00+05:30,16.36,16.43,16.34,16.35,
2016-04-22T15:06:00+05:30,16.38,16.42,16.32,16.32,
2016-04-22T15:07:00+05:30,16.32,16.39,16.3,16.37,
2016-04-22T15:08:00+05:30,16.37,16.38,16.29,16.32,
2016-04-22T15:09:00+05:30,16.35,16.41,16.3,16.4,
2016-04-22T15:10:00+05:30,16.41,16.41,16.34,16.38,
2016-04-22T15:11:00+05:30,16.38,16.46,16.31,16.46,
2016-04-22T15:12:00+05:30,16.47,16.49,16.43,16.45,
2016-04-22T15:13:00+05:30,16.45,16.49,16.41,16.45,
2016-04-22T15:14:00+05:30,16.45,16.47,16.39,16.47,
2016-04-22T15:15:00+05:30,16.46,16.47,16.39,16.42,
2016-04-22T15:16:00+05:30,16.42,16.44,16.38,16.39,
2016-04-22T15:17:00+05:30,16.42,16.46,16.39,16.46,
2016-04-22T15:18:00+05:30,16.45,16.45,16.29,16.4,
2016-04-22T15:19:00+05:30,16.42,16.48,16.4,16.45,
2016-04-22T15:20:00+05:30,16.45,16.48,16.33,16.4,
2016-04-22T15:21:00+05:30,16.38,16.38,16.31,16.35,
2016-04-22T15:22:00+05:30,16.34,16.41,16.33,16.33,
2016-04-22T15:23:00+05:30,16.37,16.4,16.33,16.34,
2016-04-22T15:24:00+05:30,16.34,16.4,16.32,16.34,
2016-04-22T15:25:00+05:30,16.32,16.37,16.31,16.33,
2016-04-22T15:26:00+05:30,16.33,16.39,16.3,16.36,
2016-04-22T15:27:00+05:30,16.36,16.42,16.29,16.39,
2016-04-22T15:28:00+05:30,16.37,16.46,16.36,16.38,
2016-04-22T15:29:00+05:30,16.38,16.5,16.35,16.49,
2016-04-25T09:15:00+05:30,16.38,16.54,16.13,16.38,
2016-04-25T09:16:00+05:30,16.38,16.59,16.35,16.47,
2016-04-25T09:17:00+05:30,16.47,16.57,16.42,16.51,
2016-04-25T09:18:00+05:30,16.52,16.64,16.52,16.64,
2016-04-25T09:19:00+05:30,16.66,16.68,16.61,16.65,
2016-04-25T09:20:00+05:30,16.65,16.77,16.58,16.76,
2016-04-25T09:21:00+05:30,16.74,16.95,16.6,16.92,
2016-04-25T09:22:00+05:30,16.93,16.99,16.9,16.93,
2016-04-25T09:23:00+05:30,16.93,17.01,16.92,16.96,
2016-04-25T09:24:00+05:30,16.96,16.97,16.92,16.94,
2016-04-25T09:25:00+05:30,16.94,17.03,16.94,17.01,
2016-04-25T09:26:00+05:30,17.01,17.01,16.89,16.89,
2016-04-25T09:27:00+05:30,16.9,16.94,16.84,16.85,
2016-04-25T09:28:00+05:30,16.85,16.89,16.83,16.85,
2016-04-25T09:29:00+05:30,16.86,16.86,16.82,16.83,
2016-04-25T09:30:00+05:30,16.83,16.88,16.81,16.87,
2016-04-25T09:31:00+05:30,16.86,16.87,16.82,16.85,
2016-04-25T09:32:00+05:30,16.84,16.89,16.8,16.84,
2016-04-25T09:33:00+05:30,16.83,16.84,16.79,16.81,
2016-04-25T09:34:00+05:30,16.82,16.84,16.77,16.82,
2016-04-25T09:35:00+05:30,16.82,16.86,16.77,16.8,
2016-04-25T09:36:00+05:30,16.8,16.83,16.77,16.82,
2016-04-25T09:37:00+05:30,16.81,16.83,16.79,16.79,
2016-04-25T09:38:00+05:30,16.79,16.86,16.77,16.86,
2016-04-25T09:39:00+05:30,16.85,16.91,16.82,16.83,
2016-04-25T09:40:00+05:30,16.82,16.93,16.77,16.77,
2016-04-25T09:41:00+05:30,16.82,16.89,16.78,16.89,
2016-04-25T09:42:00+05:30,16.88,16.9,16.83,16.88,
2016-04-25T09:43:00+05:30,16.88,16.94,16.87,16.87,
2016-04-25T09:44:00+05:30,16.88,16.92,16.83,16.87,
2016-04-25T09:45:00+05:30,16.85,16.91,16.81,16.86,
2016-04-25T09:46:00+05:30,16.87,16.9,16.84,16.88,
2016-04-25T09:47:00+05:30,16.88,16.92,16.85,16.88,
2016-04-25T09:48:00+05:30,16.9,16.94,16.85,16.85,
2016-04-25T09:49:00+05:30,16.87,16.9,16.83,16.88,
2016-04-25T09:50:00+05:30,16.89,16.89,16.83,16.86,
2016-04-25T09:51:00+05:30,16.86,16.9,16.83,16.88,
2016-04-25T09:52:00+05:30,16.87,16.9,16.83,16.88,
2016-04-25T09:53:00+05:30,16.85,16.89,16.76,16.76,
2016-04-25T09:54:00+05:30,16.79,16.81,16.74,16.78,
2016-04-25T09:55:00+05:30,16.77,16.8,16.75,16.75,
2016-04-25T09:56:00+05:30,16.8,16.81,16.74,16.77,
2016-04-25T09:57:00+05:30,16.74,16.77,16.64,16.72,
2016-04-25T09:58:00+05:30,16.68,16.76,16.66,16.7,
2016-04-25T09:59:00+05:30,16.72,16.81,16.68,16.79,
2016-04-25T10:00:00+05:30,16.81,16.88,16.8,16.88,
2016-04-25T10:01:00+05:30,16.87,16.96,16.82,16.84,
2016-04-25T10:02:00+05:30,16.83,16.9,16.8,16.83,
2016-04-25T10:03:00+05:30,16.83,16.92,16.83,16.9,
2016-04-25T10:04:00+05:30,16.9,16.94,16.83,16.91,
2016-04-25T10:05:00+05:30,16.91,16.91,16.82,16.9,
2016-04-25T10:06:00+05:30,16.9,16.92,16.84,16.91,
2016-04-25T10:07:00+05:30,16.91,16.93,16.83,16.89,
2016-04-25T10:08:00+05:30,16.9,16.94,16.87,16.94,
2016-04-25T10:09:00+05:30,16.94,16.94,16.88,16.88,
2016-04-25T10:10:00+05:30,16.91,16.94,16.88,16.92,
2016-04-25T10:11:00+05:30,16.91,16.95,16.88,16.92,
2016-04-25T10:12:00+05:30,16.92,16.97,16.9,16.91,
2016-04-25T10:13:00+05:30,16.91,16.94,16.83,16.9,
2016-04-25T10:14:00+05:30,16.92,16.95,16.9,16.91,
2016-04-25T10:15:00+05:30,16.94,16.99,16.89,16.92,
2016-04-25T10:16:00+05:30,16.92,16.98,16.89,16.95,
2016-04-25T10:17:00+05:30,16.96,16.97,16.88,16.9,
2016-04-25T10:18:00+05:30,16.9,16.97,16.89,16.96,
2016-04-25T10:19:00+05:30,16.94,16.98,16.88,16.88,
2016-04-25T10:20:00+05:30,16.88,16.99,16.83,16.94,
2016-04-25T10:21:00+05:30,16.94,17,16.91,16.94,
2016-04-25T10:22:00+05:30,16.94,16.98,16.9,16.95,
2016-04-25T10:23:00+05:30,16.94,16.96,16.89,16.93,
2016-04-25T10:24:00+05:30,16.93,16.96,16.84,16.86,
2016-04-25T10:25:00+05:30,16.87,16.94,16.87,16.9,
2016-04-25T10:26:00+05:30,16.88,16.93,16.86,16.91,
2016-04-25T10:27:00+05:30,16.89,16.93,16.85,16.93,
2016-04-25T10:28:00+05:30,16.91,16.94,16.84,16.85,
2016-04-25T10:29:00+05:30,16.87,16.9,16.83,16.88,
2016-04-25T10:30:00+05:30,16.88,16.91,16.85,16.88,
2016-04-25T10:31:00+05:30,16.9,16.92,16.85,16.89,
2016-04-25T10:32:00+05:30,16.9,16.92,16.88,16.91,
2016-04-25T10:33:00+05:30,16.91,16.91,16.86,16.86,
2016-04-25T10:34:00+05:30,16.86,16.89,16.83,16.87,
2016-04-25T10:35:00+05:30,16.88,16.91,16.85,16.86,
2016-04-25T10:36:00+05:30,16.86,16.88,16.81,16.86,
2016-04-25T10:37:00+05:30,16.86,16.9,16.8,16.81,
2016-04-25T10:38:00+05:30,16.82,16.87,16.78,16.82,
2016-04-25T10:39:00+05:30,16.82,16.83,16.77,16.79,
2016-04-25T10:40:00+05:30,16.81,16.86,16.78,16.83,
2016-04-25T10:41:00+05:30,16.86,16.88,16.82,16.84,
2016-04-25T10:42:00+05:30,16.83,16.91,16.82,16.89,
2016-04-25T10:43:00+05:30,16.88,16.89,16.86,16.87,
2016-04-25T10:44:00+05:30,16.85,16.9,16.83,16.85,
2016-04-25T10:45:00+05:30,16.86,16.92,16.84,16.85,
2016-04-25T10:46:00+05:30,16.88,16.89,16.77,16.79,
2016-04-25T10:47:00+05:30,16.79,16.81,16.75,16.79,
2016-04-25T10:48:00+05:30,16.76,16.82,16.76,16.8,
2016-04-25T10:49:00+05:30,16.8,16.81,16.74,16.79,
2016-04-25T10:50:00+05:30,16.79,16.82,16.75,16.77,
2016-04-25T10:51:00+05:30,16.81,16.82,16.75,16.81,
2016-04-25T10:52:00+05:30,16.82,16.86,16.79,16.82,
2016-04-25T10:53:00+05:30,16.82,16.87,16.79,16.81,
2016-04-25T10:54:00+05:30,16.81,16.88,16.76,16.87,
2016-04-25T10:55:00+05:30,16.87,16.89,16.79,16.8,
2016-04-25T10:56:00+05:30,16.76,16.84,16.76,16.78,
2016-04-25T10:57:00+05:30,16.8,16.81,16.75,16.79,
2016-04-25T10:58:00+05:30,16.79,16.81,16.75,16.8,
2016-04-25T10:59:00+05:30,16.78,16.8,16.75,16.78,
2016-04-25T11:00:00+05:30,16.77,16.82,16.76,16.79,
2016-04-25T11:01:00+05:30,16.82,16.85,16.74,16.81,
2016-04-25T11:02:00+05:30,16.82,16.82,16.74,16.74,
2016-04-25T11:03:00+05:30,16.74,16.8,16.72,16.72,
2016-04-25T11:04:00+05:30,16.73,16.81,16.72,16.72,
2016-04-25T11:05:00+05:30,16.71,16.76,16.69,16.74,
2016-04-25T11:06:00+05:30,16.73,16.75,16.69,16.7,
2016-04-25T11:07:00+05:30,16.7,16.76,16.67,16.71,
2016-04-25T11:08:00+05:30,16.69,16.73,16.67,16.72,
2016-04-25T11:09:00+05:30,16.71,16.73,16.68,16.72,
2016-04-25T11:10:00+05:30,16.72,16.74,16.67,16.72,
2016-04-25T11:11:00+05:30,16.73,16.76,16.67,16.74,
2016-04-25T11:12:00+05:30,16.74,16.75,16.66,16.7,
2016-04-25T11:13:00+05:30,16.72,16.72,16.56,16.59,
2016-04-25T11:14:00+05:30,16.58,16.59,16.47,16.5,
2016-04-25T11:15:00+05:30,16.5,16.61,16.5,16.57,
2016-04-25T11:16:00+05:30,16.57,16.58,16.49,16.52,
2016-04-25T11:17:00+05:30,16.52,16.57,16.49,16.49,
2016-04-25T11:18:00+05:30,16.49,16.58,16.49,16.57,
2016-04-25T11:19:00+05:30,16.56,16.63,16.55,16.61,
2016-04-25T11:20:00+05:30,16.61,16.67,16.58,16.66,
2016-04-25T11:21:00+05:30,16.65,16.67,16.6,16.63,
2016-04-25T11:22:00+05:30,16.63,16.66,16.61,16.65,
2016-04-25T11:23:00+05:30,16.63,16.67,16.58,16.62,
2016-04-25T11:24:00+05:30,16.63,16.68,16.6,16.65,
2016-04-25T11:25:00+05:30,16.65,16.68,16.63,16.65,
2016-04-25T11:26:00+05:30,16.65,16.67,16.59,16.61,
2016-04-25T11:27:00+05:30,16.61,16.63,16.54,16.56,
2016-04-25T11:28:00+05:30,16.57,16.58,16.53,16.56,
2016-04-25T11:29:00+05:30,16.56,16.63,16.55,16.6,
2016-04-25T11:30:00+05:30,16.64,16.64,16.54,16.55,
2016-04-25T11:31:00+05:30,16.57,16.67,16.56,16.57,
2016-04-25T11:32:00+05:30,16.57,16.66,16.57,16.59,
2016-04-25T11:33:00+05:30,16.58,16.62,16.53,16.56,
2016-04-25T11:34:00+05:30,16.55,16.67,16.54,16.6,
2016-04-25T11:35:00+05:30,16.6,16.64,16.56,16.57,
2016-04-25T11:36:00+05:30,16.57,16.59,16.51,16.55,
2016-04-25T11:37:00+05:30,16.55,16.56,16.49,16.52,
2016-04-25T11:38:00+05:30,16.52,16.53,16.46,16.49,
2016-04-25T11:39:00+05:30,16.49,16.51,16.44,16.48,
2016-04-25T11:40:00+05:30,16.48,16.52,16.45,16.5,
2016-04-25T11:41:00+05:30,16.52,16.55,16.46,16.5,
2016-04-25T11:42:00+05:30,16.5,16.54,16.48,16.52,
2016-04-25T11:43:00+05:30,16.52,16.57,16.47,16.49,
2016-04-25T11:44:00+05:30,16.49,16.55,16.47,16.49,
2016-04-25T11:45:00+05:30,16.49,16.54,16.49,16.5,
2016-04-25T11:46:00+05:30,16.51,16.58,16.51,16.57,
2016-04-25T11:47:00+05:30,16.57,16.62,16.52,16.58,
2016-04-25T11:48:00+05:30,16.54,16.57,16.52,16.54,
2016-04-25T11:49:00+05:30,16.52,16.59,16.52,16.56,
2016-04-25T11:50:00+05:30,16.56,16.62,16.49,16.5,
2016-04-25T11:51:00+05:30,16.52,16.56,16.49,16.52,
2016-04-25T11:52:00+05:30,16.51,16.54,16.48,16.5,
2016-04-25T11:53:00+05:30,16.48,16.54,16.48,16.48,
2016-04-25T11:54:00+05:30,16.48,16.57,16.48,16.53,
2016-04-25T11:55:00+05:30,16.55,16.55,16.48,16.49,
2016-04-25T11:56:00+05:30,16.5,16.53,16.45,16.52,
2016-04-25T11:57:00+05:30,16.52,16.54,16.47,16.49,
2016-04-25T11:58:00+05:30,16.48,16.54,16.48,16.49,
2016-04-25T11:59:00+05:30,16.49,16.53,16.47,16.5,
2016-04-25T12:00:00+05:30,16.52,16.55,16.43,16.43,
2016-04-25T12:01:00+05:30,16.44,16.51,16.4,16.4,
2016-04-25T12:02:00+05:30,16.42,16.47,16.37,16.41,
2016-04-25T12:03:00+05:30,16.42,16.48,16.4,16.48,
2016-04-25T12:04:00+05:30,16.48,16.5,16.44,16.48,
2016-04-25T12:05:00+05:30,16.48,16.49,16.43,16.46,
2016-04-25T12:06:00+05:30,16.46,16.48,16.43,16.45,
2016-04-25T12:07:00+05:30,16.45,16.49,16.42,16.44,
2016-04-25T12:08:00+05:30,16.44,16.47,16.41,16.44,
2016-04-25T12:09:00+05:30,16.44,16.49,16.4,16.48,
2016-04-25T12:10:00+05:30,16.47,16.54,16.47,16.49,
2016-04-25T12:11:00+05:30,16.48,16.5,16.41,16.43,
2016-04-25T12:12:00+05:30,16.45,16.49,16.41,16.44,
2016-04-25T12:13:00+05:30,16.45,16.5,16.44,16.5,
2016-04-25T12:14:00+05:30,16.5,16.5,16.43,16.44,
2016-04-25T12:15:00+05:30,16.44,16.44,16.37,16.37,
2016-04-25T12:16:00+05:30,16.4,16.4,16.34,16.39,
2016-04-25T12:17:00+05:30,16.37,16.42,16.35,16.4,
2016-04-25T12:18:00+05:30,16.39,16.42,16.37,16.38,
2016-04-25T12:19:00+05:30,16.38,16.42,16.37,16.37,
2016-04-25T12:20:00+05:30,16.37,16.4,16.36,16.4,
2016-04-25T12:21:00+05:30,16.39,16.42,16.38,16.42,
2016-04-25T12:22:00+05:30,16.38,16.43,16.38,16.42,
2016-04-25T12:23:00+05:30,16.43,16.43,16.4,16.41,
2016-04-25T12:24:00+05:30,16.4,16.44,16.4,16.42,
2016-04-25T12:25:00+05:30,16.42,16.45,16.41,16.43,
2016-04-25T12:26:00+05:30,16.42,16.43,16.39,16.42,
2016-04-25T12:27:00+05:30,16.4,16.43,16.4,16.41,
2016-04-25T12:28:00+05:30,16.43,16.43,16.39,16.41,
2016-04-25T12:29:00+05:30,16.39,16.43,16.38,16.38,
2016-04-25T12:30:00+05:30,16.38,16.44,16.38,16.44,
2016-04-25T12:31:00+05:30,16.44,16.45,16.4,16.43,
2016-04-25T12:32:00+05:30,16.4,16.43,16.38,16.38,
2016-04-25T12:33:00+05:30,16.38,16.42,16.38,16.42,
2016-04-25T12:34:00+05:30,16.42,16.47,16.42,16.47,
2016-04-25T12:35:00+05:30,16.47,16.48,16.42,16.43,
2016-04-25T12:36:00+05:30,16.44,16.48,16.43,16.48,
2016-04-25T12:37:00+05:30,16.48,16.5,16.45,16.45,
2016-04-25T12:38:00+05:30,16.45,16.5,16.43,16.47,
2016-04-25T12:39:00+05:30,16.45,16.54,16.45,16.49,
2016-04-25T12:40:00+05:30,16.49,16.49,16.44,16.46,
2016-04-25T12:41:00+05:30,16.46,16.51,16.45,16.49,
2016-04-25T12:42:00+05:30,16.49,16.51,16.45,16.45,
2016-04-25T12:43:00+05:30,16.45,16.47,16.43,16.45,
2016-04-25T12:44:00+05:30,16.47,16.48,16.42,16.45,
2016-04-25T12:45:00+05:30,16.45,16.48,16.43,16.46,
2016-04-25T12:46:00+05:30,16.45,16.49,16.45,16.45,
2016-04-25T12:47:00+05:30,16.45,16.45,16.42,16.44,
2016-04-25T12:48:00+05:30,16.43,16.51,16.43,16.5,
2016-04-25T12:49:00+05:30,16.5,16.51,16.46,16.48,
2016-04-25T12:50:00+05:30,16.46,16.51,16.46,16.48,
2016-04-25T12:51:00+05:30,16.48,16.49,16.42,16.45,
2016-04-25T12:52:00+05:30,16.46,16.49,16.43,16.46,
2016-04-25T12:53:00+05:30,16.48,16.5,16.47,16.49,
2016-04-25T12:54:00+05:30,16.48,16.52,16.48,16.51,
2016-04-25T12:55:00+05:30,16.49,16.52,16.47,16.52,
2016-04-25T12:56:00+05:30,16.51,16.52,16.46,16.5,
2016-04-25T12:57:00+05:30,16.51,16.55,16.5,16.53,
2016-04-25T12:58:00+05:30,16.51,16.57,16.51,16.55,
2016-04-25T12:59:00+05:30,16.55,16.57,16.5,16.53,
2016-04-25T13:00:00+05:30,16.54,16.58,16.48,16.48,
2016-04-25T13:01:00+05:30,16.48,16.5,16.46,16.47,
2016-04-25T13:02:00+05:30,16.47,16.49,16.45,16.47,
2016-04-25T13:03:00+05:30,16.47,16.48,16.45,16.48,
2016-04-25T13:04:00+05:30,16.48,16.55,16.47,16.55,
2016-04-25T13:05:00+05:30,16.55,16.56,16.52,16.54,
2016-04-25T13:06:00+05:30,16.54,16.55,16.51,16.52,
2016-04-25T13:07:00+05:30,16.51,16.58,16.51,16.54,
2016-04-25T13:08:00+05:30,16.55,16.57,16.54,16.54,
2016-04-25T13:09:00+05:30,16.54,16.63,16.54,16.62,
2016-04-25T13:10:00+05:30,16.62,16.67,16.61,16.65,
2016-04-25T13:11:00+05:30,16.64,16.67,16.59,16.59,
2016-04-25T13:12:00+05:30,16.6,16.67,16.6,16.62,
2016-04-25T13:13:00+05:30,16.65,16.68,16.62,16.67,
2016-04-25T13:14:00+05:30,16.66,16.67,16.64,16.66,
2016-04-25T13:15:00+05:30,16.65,16.67,16.63,16.64,
2016-04-25T13:16:00+05:30,16.64,16.66,16.62,16.64,
2016-04-25T13:17:00+05:30,16.63,16.66,16.62,16.66,
2016-04-25T13:18:00+05:30,16.65,16.68,16.64,16.66,
2016-04-25T13:19:00+05:30,16.66,16.7,16.65,16.67,
2016-04-25T13:20:00+05:30,16.68,16.7,16.65,16.67,
2016-04-25T13:21:00+05:30,16.66,16.69,16.65,16.67,
2016-04-25T13:22:00+05:30,16.68,16.69,16.66,16.67,
2016-04-25T13:23:00+05:30,16.69,16.7,16.66,16.68,
2016-04-25T13:24:00+05:30,16.68,16.7,16.66,16.69,
2016-04-25T13:25:00+05:30,16.69,16.69,16.66,16.68,
2016-04-25T13:26:00+05:30,16.67,16.73,16.66,16.72,
2016-04-25T13:27:00+05:30,16.72,16.72,16.64,16.67,
2016-04-25T13:28:00+05:30,16.67,16.68,16.65,16.67,
2016-04-25T13:29:00+05:30,16.68,16.72,16.66,16.7,
2016-04-25T13:30:00+05:30,16.7,16.71,16.67,16.7,
2016-04-25T13:31:00+05:30,16.69,16.74,16.69,16.71,
2016-04-25T13:32:00+05:30,16.71,16.71,16.67,16.7,
2016-04-25T13:33:00+05:30,16.71,16.71,16.66,16.66,
2016-04-25T13:34:00+05:30,16.67,16.68,16.6,16.61,
2016-04-25T13:35:00+05:30,16.6,16.63,16.56,16.57,
2016-04-25T13:36:00+05:30,16.57,16.61,16.56,16.61,
2016-04-25T13:37:00+05:30,16.61,16.63,16.56,16.57,
2016-04-25T13:38:00+05:30,16.56,16.62,16.55,16.56,
2016-04-25T13:39:00+05:30,16.56,16.57,16.54,16.57,
2016-04-25T13:40:00+05:30,16.57,16.61,16.56,16.61,
2016-04-25T13:41:00+05:30,16.6,16.62,16.57,16.59,
2016-04-25T13:42:00+05:30,16.59,16.62,16.59,16.59,
2016-04-25T13:43:00+05:30,16.59,16.64,16.59,16.63,
2016-04-25T13:44:00+05:30,16.64,16.7,16.62,16.67,
2016-04-25T13:45:00+05:30,16.67,16.72,16.66,16.67,
2016-04-25T13:46:00+05:30,16.69,16.74,16.67,16.7,
2016-04-25T13:47:00+05:30,16.71,16.74,16.65,16.67,
2016-04-25T13:48:00+05:30,16.66,16.71,16.66,16.7,
2016-04-25T13:49:00+05:30,16.7,16.75,16.69,16.73,
2016-04-25T13:50:00+05:30,16.73,16.75,16.7,16.72,
2016-04-25T13:51:00+05:30,16.72,16.72,16.67,16.69,
2016-04-25T13:52:00+05:30,16.69,16.78,16.69,16.77,
2016-04-25T13:53:00+05:30,16.78,16.78,16.7,16.71,
2016-04-25T13:54:00+05:30,16.71,16.73,16.68,16.71,
2016-04-25T13:55:00+05:30,16.71,16.73,16.68,16.71,
2016-04-25T13:56:00+05:30,16.71,16.75,16.69,16.69,
2016-04-25T13:57:00+05:30,16.72,16.74,16.69,16.71,
2016-04-25T13:58:00+05:30,16.71,16.75,16.7,16.72,
2016-04-25T13:59:00+05:30,16.72,16.74,16.7,16.7,
2016-04-25T14:00:00+05:30,16.71,16.73,16.67,16.69,
2016-04-25T14:01:00+05:30,16.7,16.73,16.68,16.7,
2016-04-25T14:02:00+05:30,16.7,16.71,16.68,16.71,
2016-04-25T14:03:00+05:30,16.71,16.73,16.69,16.71,
2016-04-25T14:04:00+05:30,16.7,16.76,16.69,16.75,
2016-04-25T14:05:00+05:30,16.75,16.77,16.72,16.76,
2016-04-25T14:06:00+05:30,16.76,16.77,16.71,16.72,
2016-04-25T14:07:00+05:30,16.72,16.75,16.68,16.69,
2016-04-25T14:08:00+05:30,16.71,16.77,16.71,16.76,
2016-04-25T14:09:00+05:30,16.76,16.78,16.72,16.73,
2016-04-25T14:10:00+05:30,16.73,16.74,16.69,16.7,
2016-04-25T14:11:00+05:30,16.7,16.76,16.7,16.73,
2016-04-25T14:12:00+05:30,16.73,16.73,16.68,16.72,
2016-04-25T14:13:00+05:30,16.72,16.74,16.7,16.71,
2016-04-25T14:14:00+05:30,16.73,16.75,16.7,16.72,
2016-04-25T14:15:00+05:30,16.71,16.75,16.71,16.72,
2016-04-25T14:16:00+05:30,16.72,16.77,16.72,16.72,
2016-04-25T14:17:00+05:30,16.72,16.76,16.7,16.73,
2016-04-25T14:18:00+05:30,16.71,16.76,16.69,16.76,
2016-04-25T14:19:00+05:30,16.75,16.78,16.73,16.74,
2016-04-25T14:20:00+05:30,16.75,16.75,16.69,16.71,
2016-04-25T14:21:00+05:30,16.71,16.72,16.69,16.69,
2016-04-25T14:22:00+05:30,16.71,16.74,16.68,16.72,
2016-04-25T14:23:00+05:30,16.71,16.75,16.69,16.72,
2016-04-25T14:24:00+05:30,16.72,16.73,16.69,16.7,
2016-04-25T14:25:00+05:30,16.7,16.71,16.64,16.71,
2016-04-25T14:26:00+05:30,16.71,16.72,16.67,16.68,
2016-04-25T14:27:00+05:30,16.69,16.7,16.64,16.67,
2016-04-25T14:28:00+05:30,16.67,16.73,16.67,16.72,
2016-04-25T14:29:00+05:30,16.7,16.74,16.69,16.7,
2016-04-25T14:30:00+05:30,16.7,16.72,16.67,16.71,
2016-04-25T14:31:00+05:30,16.71,16.72,16.68,16.68,
2016-04-25T14:32:00+05:30,16.7,16.71,16.67,16.68,
2016-04-25T14:33:00+05:30,16.68,16.71,16.65,16.66,
2016-04-25T14:34:00+05:30,16.66,16.7,16.65,16.67,
2016-04-25T14:35:00+05:30,16.67,16.68,16.61,16.62,
2016-04-25T14:36:00+05:30,16.62,16.64,16.57,16.6,
2016-04-25T14:37:00+05:30,16.59,16.62,16.57,16.59,
2016-04-25T14:38:00+05:30,16.6,16.61,16.56,16.57,
2016-04-25T14:39:00+05:30,16.57,16.64,16.55,16.6,
2016-04-25T14:40:00+05:30,16.63,16.63,16.53,16.55,
2016-04-25T14:41:00+05:30,16.57,16.6,16.53,16.55,
2016-04-25T14:42:00+05:30,16.54,16.58,16.52,16.54,
2016-04-25T14:43:00+05:30,16.55,16.62,16.53,16.59,
2016-04-25T14:44:00+05:30,16.58,16.64,16.57,16.62,
2016-04-25T14:45:00+05:30,16.62,16.65,16.59,16.62,
2016-04-25T14:46:00+05:30,16.62,16.65,16.58,16.58,
2016-04-25T14:47:00+05:30,16.57,16.58,16.54,16.56,
2016-04-25T14:48:00+05:30,16.56,16.64,16.56,16.64,
2016-04-25T14:49:00+05:30,16.62,16.63,16.59,16.61,
2016-04-25T14:50:00+05:30,16.62,16.63,16.58,16.59,
2016-04-25T14:51:00+05:30,16.59,16.6,16.54,16.54,
2016-04-25T14:52:00+05:30,16.55,16.61,16.52,16.55,
2016-04-25T14:53:00+05:30,16.55,16.57,16.52,16.53,
2016-04-25T14:54:00+05:30,16.54,16.58,16.51,16.52,
2016-04-25T14:55:00+05:30,16.52,16.6,16.51,16.58,
2016-04-25T14:56:00+05:30,16.58,16.63,16.58,16.61,
2016-04-25T14:57:00+05:30,16.59,16.63,16.59,16.59,
2016-04-25T14:58:00+05:30,16.6,16.63,16.58,16.62,
2016-04-25T14:59:00+05:30,16.62,16.68,16.61,16.65,
2016-04-25T15:00:00+05:30,16.66,16.67,16.61,16.65,
2016-04-25T15:01:00+05:30,16.63,16.66,16.62,16.65,
2016-04-25T15:02:00+05:30,16.64,16.66,16.59,16.59,
2016-04-25T15:03:00+05:30,16.59,16.62,16.58,16.58,
2016-04-25T15:04:00+05:30,16.58,16.61,16.5,16.52,
2016-04-25T15:05:00+05:30,16.52,16.54,16.48,16.5,
2016-04-25T15:06:00+05:30,16.5,16.58,16.49,16.51,
2016-04-25T15:07:00+05:30,16.5,16.53,16.49,16.51,
2016-04-25T15:08:00+05:30,16.51,16.52,16.45,16.5,
2016-04-25T15:09:00+05:30,16.49,16.55,16.49,16.51,
2016-04-25T15:10:00+05:30,16.51,16.51,16.48,16.49,
2016-04-25T15:11:00+05:30,16.49,16.5,16.45,16.48,
2016-04-25T15:12:00+05:30,16.47,16.51,16.43,16.46,
2016-04-25T15:13:00+05:30,16.47,16.5,16.44,16.46,
2016-04-25T15:14:00+05:30,16.46,16.49,16.43,16.47,
2016-04-25T15:15:00+05:30,16.47,16.53,16.47,16.51,
2016-04-25T15:16:00+05:30,16.51,16.55,16.51,16.54,
2016-04-25T15:17:00+05:30,16.56,16.56,16.51,16.51,
2016-04-25T15:18:00+05:30,16.5,16.54,16.49,16.5,
2016-04-25T15:19:00+05:30,16.48,16.55,16.45,16.55,
2016-04-25T15:20:00+05:30,16.54,16.67,16.53,16.67,
2016-04-25T15:21:00+05:30,16.66,16.8,16.65,16.8,
2016-04-25T15:22:00+05:30,16.78,16.78,16.71,16.74,
2016-04-25T15:23:00+05:30,16.75,16.79,16.72,16.76,
2016-04-25T15:24:00+05:30,16.76,16.79,16.74,16.78,
2016-04-25T15:25:00+05:30,16.77,16.78,16.7,16.72,
2016-04-25T15:26:00+05:30,16.72,16.72,16.6,16.6,
2016-04-25T15:27:00+05:30,16.6,16.62,16.59,16.6,
2016-04-25T15:28:00+05:30,16.59,16.6,16.54,16.56,
2016-04-25T15:29:00+05:30,16.56,16.57,16.44,16.49,
2016-04-26T09:15:00+05:30,16.57,16.57,15.64,16.15,
2016-04-26T09:16:00+05:30,16.15,16.29,16.13,16.26,
2016-04-26T09:17:00+05:30,16.26,16.29,16.25,16.25,
2016-04-26T09:18:00+05:30,16.26,16.26,16.12,16.12,
2016-04-26T09:19:00+05:30,16.11,16.24,16.1,16.21,
2016-04-26T09:20:00+05:30,16.22,16.22,16.15,16.16,
2016-04-26T09:21:00+05:30,16.18,16.19,16.14,16.16,
2016-04-26T09:22:00+05:30,16.17,16.19,16.15,16.17,
2016-04-26T09:23:00+05:30,16.17,16.47,16.17,16.29,
2016-04-26T09:24:00+05:30,16.3,16.32,16.27,16.28,
2016-04-26T09:25:00+05:30,16.31,16.31,16.24,16.26,
2016-04-26T09:26:00+05:30,16.28,16.28,16.24,16.24,
2016-04-26T09:27:00+05:30,16.24,16.27,16.2,16.2,
2016-04-26T09:28:00+05:30,16.22,16.25,16.18,16.25,
2016-04-26T09:29:00+05:30,16.22,16.26,16.17,16.23,
2016-04-26T09:30:00+05:30,16.22,16.27,16.22,16.27,
2016-04-26T09:31:00+05:30,16.27,16.27,16.22,16.24,
2016-04-26T09:32:00+05:30,16.24,16.29,16.24,16.27,
2016-04-26T09:33:00+05:30,16.27,16.29,16.24,16.27,
2016-04-26T09:34:00+05:30,16.27,16.28,16.22,16.26,
2016-04-26T09:35:00+05:30,16.26,16.28,16.25,16.26,
2016-04-26T09:36:00+05:30,16.26,16.27,16.16,16.17,
2016-04-26T09:37:00+05:30,16.18,16.2,16.15,16.19,
2016-04-26T09:38:00+05:30,16.19,16.35,16.14,16.33,
2016-04-26T09:39:00+05:30,16.33,16.39,16.32,16.37,
2016-04-26T09:40:00+05:30,16.38,16.38,16.33,16.34,
2016-04-26T09:41:00+05:30,16.35,16.37,16.33,16.36,
2016-04-26T09:42:00+05:30,16.34,16.4,16.33,16.33,
2016-04-26T09:43:00+05:30,16.32,16.37,16.31,16.34,
2016-04-26T09:44:00+05:30,16.34,16.38,16.33,16.37,
2016-04-26T09:45:00+05:30,16.38,16.43,16.38,16.41,
2016-04-26T09:46:00+05:30,16.4,16.45,16.39,16.43,
2016-04-26T09:47:00+05:30,16.43,16.44,16.37,16.39,
2016-04-26T09:48:00+05:30,16.4,16.42,16.36,16.38,
2016-04-26T09:49:00+05:30,16.37,16.4,16.36,16.39,
2016-04-26T09:50:00+05:30,16.38,16.41,16.35,16.36,
2016-04-26T09:51:00+05:30,16.36,16.37,16.32,16.37,
2016-04-26T09:52:00+05:30,16.37,16.37,16.34,16.34,
2016-04-26T09:53:00+05:30,16.34,16.37,16.32,16.33,
2016-04-26T09:54:00+05:30,16.33,16.38,16.33,16.37,
2016-04-26T09:55:00+05:30,16.37,16.4,16.35,16.37,
2016-04-26T09:56:00+05:30,16.37,16.4,16.33,16.35,
2016-04-26T09:57:00+05:30,16.36,16.37,16.32,16.37,
2016-04-26T09:58:00+05:30,16.36,16.38,16.33,16.36,
2016-04-26T09:59:00+05:30,16.36,16.38,16.35,16.35,
2016-04-26T10:00:00+05:30,16.34,16.36,16.3,16.35,
2016-04-26T10:01:00+05:30,16.35,16.36,16.3,16.36,
2016-04-26T10:02:00+05:30,16.36,16.36,16.3,16.35,
2016-04-26T10:03:00+05:30,16.34,16.39,16.32,16.35,
2016-04-26T10:04:00+05:30,16.34,16.37,16.32,16.36,
2016-04-26T10:05:00+05:30,16.35,16.37,16.32,16.35,
2016-04-26T10:06:00+05:30,16.35,16.38,16.34,16.38,
2016-04-26T10:07:00+05:30,16.39,16.43,16.36,16.43,
2016-04-26T10:08:00+05:30,16.43,16.46,16.41,16.45,
2016-04-26T10:09:00+05:30,16.45,16.49,16.43,16.47,
2016-04-26T10:10:00+05:30,16.47,16.51,16.47,16.51,
2016-04-26T10:11:00+05:30,16.52,16.55,16.5,16.51,
2016-04-26T10:12:00+05:30,16.51,16.57,16.5,16.57,
2016-04-26T10:13:00+05:30,16.57,16.62,16.54,16.62,
2016-04-26T10:14:00+05:30,16.61,16.63,16.59,16.6,
2016-04-26T10:15:00+05:30,16.61,16.63,16.58,16.63,
2016-04-26T10:16:00+05:30,16.62,16.66,16.59,16.65,
2016-04-26T10:17:00+05:30,16.66,16.67,16.62,16.63,
2016-04-26T10:18:00+05:30,16.63,16.65,16.6,16.63,
2016-04-26T10:19:00+05:30,16.62,16.67,16.59,16.61,
2016-04-26T10:20:00+05:30,16.62,16.65,16.6,16.64,
2016-04-26T10:21:00+05:30,16.64,16.64,16.59,16.64,
2016-04-26T10:22:00+05:30,16.64,16.65,16.6,16.62,
2016-04-26T10:23:00+05:30,16.62,16.62,16.55,16.56,
2016-04-26T10:24:00+05:30,16.56,16.59,16.55,16.56,
2016-04-26T10:25:00+05:30,16.56,16.58,16.55,16.57,
2016-04-26T10:26:00+05:30,16.57,16.59,16.56,16.57,
2016-04-26T10:27:00+05:30,16.58,16.58,16.54,16.57,
2016-04-26T10:28:00+05:30,16.55,16.57,16.53,16.53,
2016-04-26T10:29:00+05:30,16.54,16.55,16.51,16.52,
2016-04-26T10:30:00+05:30,16.54,16.58,16.52,16.53,
2016-04-26T10:31:00+05:30,16.53,16.56,16.5,16.52,
2016-04-26T10:32:00+05:30,16.53,16.56,16.5,16.5,
2016-04-26T10:33:00+05:30,16.5,16.51,16.45,16.48,
2016-04-26T10:34:00+05:30,16.48,16.48,16.44,16.46,
2016-04-26T10:35:00+05:30,16.45,16.48,16.41,16.43,
2016-04-26T10:36:00+05:30,16.44,16.47,16.42,16.45,
2016-04-26T10:37:00+05:30,16.43,16.47,16.42,16.47,
2016-04-26T10:38:00+05:30,16.47,16.47,16.42,16.45,
2016-04-26T10:39:00+05:30,16.45,16.46,16.41,16.42,
2016-04-26T10:40:00+05:30,16.41,16.43,16.39,16.41,
2016-04-26T10:41:00+05:30,16.42,16.42,16.35,16.38,
2016-04-26T10:42:00+05:30,16.36,16.38,16.35,16.37,
2016-04-26T10:43:00+05:30,16.37,16.42,16.35,16.42,
2016-04-26T10:44:00+05:30,16.42,16.42,16.36,16.41,
2016-04-26T10:45:00+05:30,16.39,16.41,16.37,16.39,
2016-04-26T10:46:00+05:30,16.36,16.4,16.36,16.39,
2016-04-26T10:47:00+05:30,16.4,16.41,16.37,16.38,
2016-04-26T10:48:00+05:30,16.39,16.41,16.37,16.4,
2016-04-26T10:49:00+05:30,16.4,16.43,16.35,16.37,
2016-04-26T10:50:00+05:30,16.37,16.43,16.37,16.41,
2016-04-26T10:51:00+05:30,16.41,16.42,16.36,16.38,
2016-04-26T10:52:00+05:30,16.38,16.43,16.37,16.42,
2016-04-26T10:53:00+05:30,16.42,16.46,16.4,16.43,
2016-04-26T10:54:00+05:30,16.44,16.45,16.4,16.44,
2016-04-26T10:55:00+05:30,16.42,16.44,16.4,16.42,
2016-04-26T10:56:00+05:30,16.41,16.45,16.38,16.42,
2016-04-26T10:57:00+05:30,16.42,16.49,16.41,16.47,
2016-04-26T10:58:00+05:30,16.49,16.49,16.44,16.46,
2016-04-26T10:59:00+05:30,16.44,16.49,16.43,16.47,
2016-04-26T11:00:00+05:30,16.47,16.49,16.44,16.46,
2016-04-26T11:01:00+05:30,16.46,16.52,16.45,16.48,
2016-04-26T11:02:00+05:30,16.47,16.51,16.46,16.51,
2016-04-26T11:03:00+05:30,16.51,16.54,16.49,16.49,
2016-04-26T11:04:00+05:30,16.49,16.53,16.49,16.51,
2016-04-26T11:05:00+05:30,16.51,16.54,16.49,16.52,
2016-04-26T11:06:00+05:30,16.52,16.55,16.51,16.54,
2016-04-26T11:07:00+05:30,16.54,16.56,16.5,16.52,
2016-04-26T11:08:00+05:30,16.52,16.53,16.5,16.51,
2016-04-26T11:09:00+05:30,16.51,16.53,16.49,16.5,
2016-04-26T11:10:00+05:30,16.52,16.53,16.48,16.5,
2016-04-26T11:11:00+05:30,16.5,16.55,16.48,16.55,
2016-04-26T11:12:00+05:30,16.56,16.59,16.54,16.57,
2016-04-26T11:13:00+05:30,16.56,16.58,16.48,16.48,
2016-04-26T11:14:00+05:30,16.48,16.52,16.48,16.52,
2016-04-26T11:15:00+05:30,16.5,16.74,16.5,16.74,
2016-04-26T11:16:00+05:30,16.74,16.76,16.71,16.71,
2016-04-26T11:17:00+05:30,16.71,16.76,16.69,16.73,
2016-04-26T11:18:00+05:30,16.73,16.78,16.72,16.77,
2016-04-26T11:19:00+05:30,16.77,16.77,16.66,16.67,
2016-04-26T11:20:00+05:30,16.67,16.71,16.65,16.71,
2016-04-26T11:21:00+05:30,16.72,16.77,16.72,16.72,
2016-04-26T11:22:00+05:30,16.72,16.75,16.71,16.72,
2016-04-26T11:23:00+05:30,16.72,16.78,16.7,16.78,
2016-04-26T11:24:00+05:30,16.79,16.82,16.75,16.77,
2016-04-26T11:25:00+05:30,16.75,16.77,16.72,16.77,
2016-04-26T11:26:00+05:30,16.77,16.8,16.77,16.79,
2016-04-26T11:27:00+05:30,16.8,16.81,16.76,16.76,
2016-04-26T11:28:00+05:30,16.76,16.79,16.73,16.73,
2016-04-26T11:29:00+05:30,16.73,16.74,16.7,16.73,
2016-04-26T11:30:00+05:30,16.73,16.75,16.69,16.74,
2016-04-26T11:31:00+05:30,16.72,16.75,16.69,16.69,
2016-04-26T11:32:00+05:30,16.68,16.7,16.64,16.67,
2016-04-26T11:33:00+05:30,16.67,16.71,16.65,16.69,
2016-04-26T11:34:00+05:30,16.69,16.7,16.66,16.67,
2016-04-26T11:35:00+05:30,16.68,16.71,16.65,16.7,
2016-04-26T11:36:00+05:30,16.71,16.71,16.65,16.65,
2016-04-26T11:37:00+05:30,16.63,16.65,16.59,16.59,
2016-04-26T11:38:00+05:30,16.62,16.64,16.6,16.62,
2016-04-26T11:39:00+05:30,16.63,16.65,16.6,16.65,
2016-04-26T11:40:00+05:30,16.65,16.69,16.63,16.64,
2016-04-26T11:41:00+05:30,16.64,16.69,16.62,16.69,
2016-04-26T11:42:00+05:30,16.69,16.7,16.67,16.69,
2016-04-26T11:43:00+05:30,16.68,16.7,16.66,16.68,
2016-04-26T11:44:00+05:30,16.67,16.7,16.63,16.64,
2016-04-26T11:45:00+05:30,16.64,16.66,16.62,16.64,
2016-04-26T11:46:00+05:30,16.64,16.66,16.61,16.64,
2016-04-26T11:47:00+05:30,16.65,16.65,16.58,16.63,
2016-04-26T11:48:00+05:30,16.63,16.63,16.59,16.61,
2016-04-26T11:49:00+05:30,16.61,16.65,16.6,16.63,
2016-04-26T11:50:00+05:30,16.62,16.66,16.6,16.64,
2016-04-26T11:51:00+05:30,16.66,16.67,16.61,16.65,
2016-04-26T11:52:00+05:30,16.65,16.66,16.62,16.65,
2016-04-26T11:53:00+05:30,16.65,16.68,16.5,16.62,
2016-04-26T11:54:00+05:30,16.63,16.66,16.59,16.6,
2016-04-26T11:55:00+05:30,16.6,16.6,16.58,16.59,
2016-04-26T11:56:00+05:30,16.58,16.62,16.58,16.58,
2016-04-26T11:57:00+05:30,16.58,16.62,16.58,16.58,
2016-04-26T11:58:00+05:30,16.59,16.6,16.55,16.56,
2016-04-26T11:59:00+05:30,16.56,16.6,16.56,16.6,
2016-04-26T12:00:00+05:30,16.59,16.6,16.55,16.55,
2016-04-26T12:01:00+05:30,16.56,16.58,16.53,16.57,
2016-04-26T12:02:00+05:30,16.57,16.6,16.54,16.59,
2016-04-26T12:03:00+05:30,16.58,16.63,16.58,16.62,
2016-04-26T12:04:00+05:30,16.63,16.64,16.61,16.61,
2016-04-26T12:05:00+05:30,16.62,16.65,16.61,16.65,
2016-04-26T12:06:00+05:30,16.65,16.67,16.62,16.67,
2016-04-26T12:07:00+05:30,16.67,16.7,16.65,16.69,
2016-04-26T12:08:00+05:30,16.7,16.73,16.69,16.7,
2016-04-26T12:09:00+05:30,16.69,16.72,16.68,16.71,
2016-04-26T12:10:00+05:30,16.7,16.73,16.55,16.69,
2016-04-26T12:11:00+05:30,16.67,16.7,16.65,16.65,
2016-04-26T12:12:00+05:30,16.66,16.66,16.62,16.64,
2016-04-26T12:13:00+05:30,16.64,16.65,16.61,16.63,
2016-04-26T12:14:00+05:30,16.63,16.65,16.61,16.65,
2016-04-26T12:15:00+05:30,16.64,16.67,16.62,16.64,
2016-04-26T12:16:00+05:30,16.64,16.66,16.63,16.63,
2016-04-26T12:17:00+05:30,16.62,16.65,16.59,16.64,
2016-04-26T12:18:00+05:30,16.63,16.64,16.59,16.62,
2016-04-26T12:19:00+05:30,16.61,16.64,16.6,16.61,
2016-04-26T12:20:00+05:30,16.6,16.64,16.58,16.64,
2016-04-26T12:21:00+05:30,16.64,16.65,16.61,16.64,
2016-04-26T12:22:00+05:30,16.64,16.66,16.61,16.63,
2016-04-26T12:23:00+05:30,16.63,16.67,16.61,16.67,
2016-04-26T12:24:00+05:30,16.67,16.67,16.64,16.65,
2016-04-26T12:25:00+05:30,16.65,16.69,16.64,16.67,
2016-04-26T12:26:00+05:30,16.67,16.69,16.65,16.68,
2016-04-26T12:27:00+05:30,16.68,16.69,16.63,16.64,
2016-04-26T12:28:00+05:30,16.65,16.67,16.63,16.65,
2016-04-26T12:29:00+05:30,16.65,16.65,16.62,16.62,
2016-04-26T12:30:00+05:30,16.62,16.63,16.6,16.6,
2016-04-26T12:31:00+05:30,16.6,16.62,16.45,16.56,
2016-04-26T12:32:00+05:30,16.56,16.65,16.53,16.62,
2016-04-26T12:33:00+05:30,16.63,16.64,16.53,16.58,
2016-04-26T12:34:00+05:30,16.58,16.65,16.57,16.6,
2016-04-26T12:35:00+05:30,16.61,16.63,16.56,16.57,
2016-04-26T12:36:00+05:30,16.59,16.59,16.54,16.57,
2016-04-26T12:37:00+05:30,16.54,16.54,16.47,16.47,
2016-04-26T12:38:00+05:30,16.49,16.56,16.48,16.53,
2016-04-26T12:39:00+05:30,16.53,16.55,16.46,16.47,
2016-04-26T12:40:00+05:30,16.45,16.46,16.39,16.43,
2016-04-26T12:41:00+05:30,16.42,16.46,16.4,16.45,
2016-04-26T12:42:00+05:30,16.47,16.49,16.29,16.29,
2016-04-26T12:43:00+05:30,16.29,16.4,16.29,16.37,
2016-04-26T12:44:00+05:30,16.37,16.47,16.35,16.45,
2016-04-26T12:45:00+05:30,16.47,16.49,16.41,16.45,
2016-04-26T12:46:00+05:30,16.47,16.51,16.41,16.43,
2016-04-26T12:47:00+05:30,16.44,16.51,16.44,16.49,
2016-04-26T12:48:00+05:30,16.49,16.54,16.48,16.51,
2016-04-26T12:49:00+05:30,16.51,16.57,16.5,16.57,
2016-04-26T12:50:00+05:30,16.57,16.61,16.54,16.59,
2016-04-26T12:51:00+05:30,16.6,16.6,16.54,16.57,
2016-04-26T12:52:00+05:30,16.55,16.57,16.49,16.55,
2016-04-26T12:53:00+05:30,16.56,16.58,16.49,16.58,
2016-04-26T12:54:00+05:30,16.58,16.59,16.5,16.51,
2016-04-26T12:55:00+05:30,16.52,16.61,16.52,16.61,
2016-04-26T12:56:00+05:30,16.61,16.61,16.56,16.58,
2016-04-26T12:57:00+05:30,16.59,16.6,16.57,16.6,
2016-04-26T12:58:00+05:30,16.6,16.63,16.53,16.55,
2016-04-26T12:59:00+05:30,16.54,16.55,16.51,16.52,
2016-04-26T13:00:00+05:30,16.55,16.55,16.46,16.47,
2016-04-26T13:01:00+05:30,16.45,16.47,16.37,16.37,
2016-04-26T13:02:00+05:30,16.37,16.46,16.37,16.44,
2016-04-26T13:03:00+05:30,16.44,16.48,16.41,16.43,
2016-04-26T13:04:00+05:30,16.42,16.48,16.41,16.43,
2016-04-26T13:05:00+05:30,16.43,16.47,16.41,16.46,
2016-04-26T13:06:00+05:30,16.44,16.47,16.42,16.42,
2016-04-26T13:07:00+05:30,16.48,16.49,16.42,16.42,
2016-04-26T13:08:00+05:30,16.43,16.44,16.37,16.37,
2016-04-26T13:09:00+05:30,16.37,16.42,16.36,16.38,
2016-04-26T13:10:00+05:30,16.39,16.39,16.31,16.35,
2016-04-26T13:11:00+05:30,16.35,16.38,16.31,16.37,
2016-04-26T13:12:00+05:30,16.37,16.41,16.34,16.39,
2016-04-26T13:13:00+05:30,16.39,16.43,16.39,16.43,
2016-04-26T13:14:00+05:30,16.42,16.45,16.38,16.39,
2016-04-26T13:15:00+05:30,16.4,16.4,16.34,16.36,
2016-04-26T13:16:00+05:30,16.36,16.39,16.34,16.39,
2016-04-26T13:17:00+05:30,16.38,16.46,16.37,16.39,
2016-04-26T13:18:00+05:30,16.39,16.45,16.35,16.45,
2016-04-26T13:19:00+05:30,16.45,16.47,16.37,16.37,
2016-04-26T13:20:00+05:30,16.37,16.4,16.33,16.36,
2016-04-26T13:21:00+05:30,16.37,16.37,16.32,16.35,
2016-04-26T13:22:00+05:30,16.35,16.4,16.31,16.39,
2016-04-26T13:23:00+05:30,16.38,16.42,16.36,16.36,
2016-04-26T13:24:00+05:30,16.35,16.46,16.35,16.38,
2016-04-26T13:25:00+05:30,16.41,16.44,16.36,16.44,
2016-04-26T13:26:00+05:30,16.43,16.49,16.41,16.46,
2016-04-26T13:27:00+05:30,16.46,16.46,16.4,16.43,
2016-04-26T13:28:00+05:30,16.43,16.51,16.39,16.49,
2016-04-26T13:29:00+05:30,16.5,16.54,16.45,16.52,
2016-04-26T13:30:00+05:30,16.53,16.59,16.49,16.53,
2016-04-26T13:31:00+05:30,16.53,16.55,16.47,16.49,
2016-04-26T13:32:00+05:30,16.49,16.56,16.45,16.56,
2016-04-26T13:33:00+05:30,16.57,16.57,16.49,16.54,
2016-04-26T13:34:00+05:30,16.54,16.61,16.53,16.6,
2016-04-26T13:35:00+05:30,16.59,16.64,16.58,16.6,
2016-04-26T13:36:00+05:30,16.6,16.64,16.56,16.57,
2016-04-26T13:37:00+05:30,16.57,16.6,16.56,16.59,
2016-04-26T13:38:00+05:30,16.58,16.63,16.57,16.58,
2016-04-26T13:39:00+05:30,16.58,16.62,16.57,16.62,
2016-04-26T13:40:00+05:30,16.63,16.63,16.53,16.53,
2016-04-26T13:41:00+05:30,16.53,16.55,16.5,16.53,
2016-04-26T13:42:00+05:30,16.54,16.55,16.47,16.49,
2016-04-26T13:43:00+05:30,16.49,16.5,16.43,16.43,
2016-04-26T13:44:00+05:30,16.44,16.49,16.42,16.47,
2016-04-26T13:45:00+05:30,16.46,16.52,16.46,16.48,
2016-04-26T13:46:00+05:30,16.48,16.51,16.45,16.51,
2016-04-26T13:47:00+05:30,16.48,16.51,16.46,16.48,
2016-04-26T13:48:00+05:30,16.49,16.55,16.48,16.53,
2016-04-26T13:49:00+05:30,16.52,16.54,16.49,16.51,
2016-04-26T13:50:00+05:30,16.49,16.56,16.49,16.55,
2016-04-26T13:51:00+05:30,16.55,16.59,16.49,16.57,
2016-04-26T13:52:00+05:30,16.57,16.58,16.53,16.54,
2016-04-26T13:53:00+05:30,16.55,16.55,16.48,16.5,
2016-04-26T13:54:00+05:30,16.49,16.51,16.47,16.51,
2016-04-26T13:55:00+05:30,16.53,16.57,16.5,16.54,
2016-04-26T13:56:00+05:30,16.53,16.55,16.52,16.54,
2016-04-26T13:57:00+05:30,16.53,16.57,16.48,16.52,
2016-04-26T13:58:00+05:30,16.51,16.53,16.45,16.51,
2016-04-26T13:59:00+05:30,16.52,16.56,16.51,16.54,
2016-04-26T14:00:00+05:30,16.54,16.56,16.49,16.49,
2016-04-26T14:01:00+05:30,16.51,16.55,16.51,16.54,
2016-04-26T14:02:00+05:30,16.54,16.55,16.5,16.52,
2016-04-26T14:03:00+05:30,16.52,16.62,16.52,16.62,
2016-04-26T14:04:00+05:30,16.6,16.61,16.57,16.59,
2016-04-26T14:05:00+05:30,16.59,16.6,16.56,16.58,
2016-04-26T14:06:00+05:30,16.56,16.58,16.53,16.55,
2016-04-26T14:07:00+05:30,16.54,16.59,16.52,16.59,
2016-04-26T14:08:00+05:30,16.58,16.59,16.53,16.57,
2016-04-26T14:09:00+05:30,16.57,16.57,16.52,16.55,
2016-04-26T14:10:00+05:30,16.55,16.59,16.53,16.54,
2016-04-26T14:11:00+05:30,16.55,16.55,16.52,16.54,
2016-04-26T14:12:00+05:30,16.54,16.56,16.49,16.54,
2016-04-26T14:13:00+05:30,16.53,16.6,16.53,16.55,
2016-04-26T14:14:00+05:30,16.57,16.57,16.53,16.54,
2016-04-26T14:15:00+05:30,16.55,16.56,16.49,16.49,
2016-04-26T14:16:00+05:30,16.49,16.55,16.49,16.55,
2016-04-26T14:17:00+05:30,16.55,16.57,16.5,16.5,
2016-04-26T14:18:00+05:30,16.5,16.54,16.47,16.49,
2016-04-26T14:19:00+05:30,16.49,16.52,16.47,16.52,
2016-04-26T14:20:00+05:30,16.51,16.56,16.48,16.51,
2016-04-26T14:21:00+05:30,16.5,16.51,16.47,16.5,
2016-04-26T14:22:00+05:30,16.5,16.55,16.47,16.49,
2016-04-26T14:23:00+05:30,16.49,16.49,16.46,16.47,
2016-04-26T14:24:00+05:30,16.46,16.49,16.45,16.47,
2016-04-26T14:25:00+05:30,16.46,16.5,16.38,16.41,
2016-04-26T14:26:00+05:30,16.4,16.42,16.37,16.39,
2016-04-26T14:27:00+05:30,16.4,16.4,16.33,16.36,
2016-04-26T14:28:00+05:30,16.34,16.39,16.32,16.32,
2016-04-26T14:29:00+05:30,16.33,16.42,16.33,16.42,
2016-04-26T14:30:00+05:30,16.4,16.42,16.36,16.4,
2016-04-26T14:31:00+05:30,16.39,16.42,16.36,16.38,
2016-04-26T14:32:00+05:30,16.38,16.44,16.35,16.42,
2016-04-26T14:33:00+05:30,16.42,16.47,16.37,16.37,
2016-04-26T14:34:00+05:30,16.41,16.43,16.36,16.4,
2016-04-26T14:35:00+05:30,16.42,16.43,16.37,16.42,
2016-04-26T14:36:00+05:30,16.43,16.44,16.37,16.41,
2016-04-26T14:37:00+05:30,16.44,16.45,16.36,16.39,
2016-04-26T14:38:00+05:30,16.39,16.39,16.34,16.36,
2016-04-26T14:39:00+05:30,16.36,16.41,16.33,16.34,
2016-04-26T14:40:00+05:30,16.35,16.39,16.35,16.36,
2016-04-26T14:41:00+05:30,16.36,16.4,16.35,16.37,
2016-04-26T14:42:00+05:30,16.35,16.4,16.35,16.37,
2016-04-26T14:43:00+05:30,16.36,16.4,16.35,16.39,
2016-04-26T14:44:00+05:30,16.39,16.4,16.34,16.37,
2016-04-26T14:45:00+05:30,16.39,16.39,16.34,16.35,
2016-04-26T14:46:00+05:30,16.36,16.38,16.33,16.38,
2016-04-26T14:47:00+05:30,16.37,16.43,16.35,16.43,
2016-04-26T14:48:00+05:30,16.44,16.45,16.41,16.43,
2016-04-26T14:49:00+05:30,16.44,16.46,16.42,16.44,
2016-04-26T14:50:00+05:30,16.44,16.47,16.42,16.45,
2016-04-26T14:51:00+05:30,16.45,16.51,16.43,16.5,
2016-04-26T14:52:00+05:30,16.5,16.54,16.47,16.54,
2016-04-26T14:53:00+05:30,16.54,16.69,16.51,16.69,
2016-04-26T14:54:00+05:30,16.69,16.69,16.62,16.64,
2016-04-26T14:55:00+05:30,16.65,16.67,16.62,16.62,
2016-04-26T14:56:00+05:30,16.62,16.66,16.59,16.63,
2016-04-26T14:57:00+05:30,16.63,16.64,16.59,16.59,
2016-04-26T14:58:00+05:30,16.59,16.63,16.59,16.61,
2016-04-26T14:59:00+05:30,16.6,16.62,16.55,16.55,
2016-04-26T15:00:00+05:30,16.55,16.6,16.42,16.42,
2016-04-26T15:01:00+05:30,16.44,16.45,16.37,16.44,
2016-04-26T15:02:00+05:30,16.44,16.48,16.42,16.46,
2016-04-26T15:03:00+05:30,16.45,16.45,16.43,16.43,
2016-04-26T15:04:00+05:30,16.44,16.45,16.42,16.42,
2016-04-26T15:05:00+05:30,16.42,16.44,16.39,16.41,
2016-04-26T15:06:00+05:30,16.41,16.43,16.39,16.42,
2016-04-26T15:07:00+05:30,16.39,16.42,16.38,16.4,
2016-04-26T15:08:00+05:30,16.41,16.43,16.37,16.41,
2016-04-26T15:09:00+05:30,16.43,16.45,16.41,16.45,
2016-04-26T15:10:00+05:30,16.44,16.65,16.44,16.61,
2016-04-26T15:11:00+05:30,16.61,16.65,16.59,16.62,
2016-04-26T15:12:00+05:30,16.62,16.65,16.61,16.63,
2016-04-26T15:13:00+05:30,16.63,16.66,16.62,16.62,
2016-04-26T15:14:00+05:30,16.61,16.64,16.61,16.63,
2016-04-26T15:15:00+05:30,16.63,16.68,16.61,16.67,
2016-04-26T15:16:00+05:30,16.67,16.7,16.65,16.67,
2016-04-26T15:17:00+05:30,16.67,16.69,16.65,16.69,
2016-04-26T15:18:00+05:30,16.7,16.74,16.67,16.73,
2016-04-26T15:19:00+05:30,16.73,16.75,16.68,16.73,
2016-04-26T15:20:00+05:30,16.73,16.73,16.66,16.68,
2016-04-26T15:21:00+05:30,16.68,16.69,16.6,16.62,
2016-04-26T15:22:00+05:30,16.63,16.67,16.62,16.66,
2016-04-26T15:23:00+05:30,16.65,16.66,16.63,16.64,
2016-04-26T15:24:00+05:30,16.64,16.67,16.62,16.64,
2016-04-26T15:25:00+05:30,16.64,16.68,16.64,16.64,
2016-04-26T15:26:00+05:30,16.63,16.67,16.62,16.67,
2016-04-26T15:27:00+05:30,16.67,16.72,16.65,16.72,
2016-04-26T15:28:00+05:30,16.72,16.72,16.67,16.71,
2016-04-26T15:29:00+05:30,16.71,16.75,16.64,16.75,
2016-04-27T09:15:00+05:30,16.58,16.58,16.27,16.28,
2016-04-27T09:16:00+05:30,16.29,16.56,16.29,16.56,
2016-04-27T09:17:00+05:30,16.56,16.59,16.53,16.55,
2016-04-27T09:18:00+05:30,16.55,16.58,16.49,16.54,
2016-04-27T09:19:00+05:30,16.54,16.54,16.47,16.51,
2016-04-27T09:20:00+05:30,16.5,16.52,16.42,16.47,
2016-04-27T09:21:00+05:30,16.48,16.48,16.43,16.43,
2016-04-27T09:22:00+05:30,16.43,16.49,16.38,16.4,
2016-04-27T09:23:00+05:30,16.41,16.47,16.4,16.45,
2016-04-27T09:24:00+05:30,16.44,16.52,16.43,16.49,
2016-04-27T09:25:00+05:30,16.52,16.71,16.5,16.65,
2016-04-27T09:26:00+05:30,16.66,16.7,16.63,16.63,
2016-04-27T09:27:00+05:30,16.66,16.7,16.63,16.68,
2016-04-27T09:28:00+05:30,16.71,16.71,16.64,16.67,
2016-04-27T09:29:00+05:30,16.69,16.69,16.62,16.65,
2016-04-27T09:30:00+05:30,16.66,16.69,16.64,16.67,
2016-04-27T09:31:00+05:30,16.65,16.72,16.64,16.65,
2016-04-27T09:32:00+05:30,16.66,16.72,16.63,16.68,
2016-04-27T09:33:00+05:30,16.69,16.74,16.69,16.74,
2016-04-27T09:34:00+05:30,16.76,16.76,16.67,16.7,
2016-04-27T09:35:00+05:30,16.69,16.73,16.66,16.69,
2016-04-27T09:36:00+05:30,16.69,16.7,16.67,16.68,
2016-04-27T09:37:00+05:30,16.68,16.73,16.68,16.7,
2016-04-27T09:38:00+05:30,16.7,16.72,16.69,16.7,
2016-04-27T09:39:00+05:30,16.7,16.72,16.68,16.7,
2016-04-27T09:40:00+05:30,16.7,16.7,16.64,16.68,
2016-04-27T09:41:00+05:30,16.68,16.7,16.64,16.64,
2016-04-27T09:42:00+05:30,16.64,16.65,16.58,16.6,
2016-04-27T09:43:00+05:30,16.59,16.61,16.57,16.58,
2016-04-27T09:44:00+05:30,16.58,16.61,16.57,16.6,
2016-04-27T09:45:00+05:30,16.59,16.62,16.55,16.57,
2016-04-27T09:46:00+05:30,16.57,16.61,16.57,16.58,
2016-04-27T09:47:00+05:30,16.59,16.61,16.55,16.59,
2016-04-27T09:48:00+05:30,16.57,16.59,16.55,16.57,
2016-04-27T09:49:00+05:30,16.56,16.6,16.55,16.58,
2016-04-27T09:50:00+05:30,16.58,16.62,16.57,16.58,
2016-04-27T09:51:00+05:30,16.56,16.61,16.56,16.61,
2016-04-27T09:52:00+05:30,16.6,16.62,16.58,16.61,
2016-04-27T09:53:00+05:30,16.59,16.62,16.58,16.6,
2016-04-27T09:54:00+05:30,16.6,16.61,16.54,16.58,
2016-04-27T09:55:00+05:30,16.58,16.6,16.55,16.6,
2016-04-27T09:56:00+05:30,16.6,16.61,16.57,16.61,
2016-04-27T09:57:00+05:30,16.59,16.63,16.59,16.61,
2016-04-27T09:58:00+05:30,16.62,16.64,16.61,16.61,
2016-04-27T09:59:00+05:30,16.62,16.65,16.59,16.61,
2016-04-27T10:00:00+05:30,16.63,16.66,16.61,16.61,
2016-04-27T10:01:00+05:30,16.63,16.64,16.61,16.63,
2016-04-27T10:02:00+05:30,16.62,16.63,16.58,16.61,
2016-04-27T10:03:00+05:30,16.6,16.65,16.59,16.61,
2016-04-27T10:04:00+05:30,16.61,16.65,16.6,16.64,
2016-04-27T10:05:00+05:30,16.63,16.66,16.62,16.66,
2016-04-27T10:06:00+05:30,16.65,16.67,16.63,16.67,
2016-04-27T10:07:00+05:30,16.67,16.69,16.64,16.67,
2016-04-27T10:08:00+05:30,16.66,16.69,16.63,16.68,
2016-04-27T10:09:00+05:30,16.69,16.69,16.64,16.65,
2016-04-27T10:10:00+05:30,16.65,16.69,16.63,16.63,
2016-04-27T10:11:00+05:30,16.65,16.66,16.63,16.65,
2016-04-27T10:12:00+05:30,16.65,16.66,16.63,16.63,
2016-04-27T10:13:00+05:30,16.63,16.68,16.63,16.66,
2016-04-27T10:14:00+05:30,16.67,16.68,16.62,16.67,
2016-04-27T10:15:00+05:30,16.66,16.67,16.64,16.64,
2016-04-27T10:16:00+05:30,16.64,16.67,16.63,16.66,
2016-04-27T10:17:00+05:30,16.66,16.69,16.58,16.58,
2016-04-27T10:18:00+05:30,16.59,16.61,16.55,16.55,
2016-04-27T10:19:00+05:30,16.54,16.55,16.52,16.55,
2016-04-27T10:20:00+05:30,16.53,16.55,16.5,16.54,
2016-04-27T10:21:00+05:30,16.53,16.57,16.53,16.53,
2016-04-27T10:22:00+05:30,16.52,16.56,16.52,16.54,
2016-04-27T10:23:00+05:30,16.51,16.58,16.5,16.58,
2016-04-27T10:24:00+05:30,16.58,16.59,16.55,16.59,
2016-04-27T10:25:00+05:30,16.58,16.6,16.53,16.56,
2016-04-27T10:26:00+05:30,16.56,16.58,16.51,16.54,
2016-04-27T10:27:00+05:30,16.53,16.55,16.5,16.51,
2016-04-27T10:28:00+05:30,16.49,16.5,16.48,16.5,
2016-04-27T10:29:00+05:30,16.49,16.51,16.47,16.47,
2016-04-27T10:30:00+05:30,16.46,16.5,16.44,16.44,
2016-04-27T10:31:00+05:30,16.46,16.49,16.43,16.46,
2016-04-27T10:32:00+05:30,16.46,16.5,16.45,16.46,
2016-04-27T10:33:00+05:30,16.45,16.51,16.45,16.49,
2016-04-27T10:34:00+05:30,16.49,16.54,16.47,16.54,
2016-04-27T10:35:00+05:30,16.54,16.54,16.44,16.45,
2016-04-27T10:36:00+05:30,16.45,16.51,16.45,16.49,
2016-04-27T10:37:00+05:30,16.49,16.52,16.49,16.51,
2016-04-27T10:38:00+05:30,16.51,16.52,16.44,16.49,
2016-04-27T10:39:00+05:30,16.49,16.53,16.46,16.52,
2016-04-27T10:40:00+05:30,16.52,16.53,16.5,16.53,
2016-04-27T10:41:00+05:30,16.54,16.58,16.54,16.55,
2016-04-27T10:42:00+05:30,16.56,16.58,16.53,16.56,
2016-04-27T10:43:00+05:30,16.56,16.56,16.52,16.52,
2016-04-27T10:44:00+05:30,16.51,16.52,16.46,16.49,
2016-04-27T10:45:00+05:30,16.47,16.55,16.47,16.52,
2016-04-27T10:46:00+05:30,16.52,16.53,16.49,16.49,
2016-04-27T10:47:00+05:30,16.5,16.52,16.49,16.5,
2016-04-27T10:48:00+05:30,16.51,16.51,16.48,16.49,
2016-04-27T10:49:00+05:30,16.51,16.51,16.46,16.49,
2016-04-27T10:50:00+05:30,16.49,16.5,16.46,16.48,
2016-04-27T10:51:00+05:30,16.47,16.5,16.45,16.46,
2016-04-27T10:52:00+05:30,16.45,16.5,16.45,16.45,
2016-04-27T10:53:00+05:30,16.45,16.5,16.44,16.5,
2016-04-27T10:54:00+05:30,16.5,16.51,16.43,16.44,
2016-04-27T10:55:00+05:30,16.44,16.49,16.43,16.45,
2016-04-27T10:56:00+05:30,16.46,16.48,16.43,16.44,
2016-04-27T10:57:00+05:30,16.44,16.49,16.44,16.48,
2016-04-27T10:58:00+05:30,16.49,16.5,16.46,16.48,
2016-04-27T10:59:00+05:30,16.48,16.51,16.47,16.5,
2016-04-27T11:00:00+05:30,16.5,16.51,16.48,16.49,
2016-04-27T11:01:00+05:30,16.49,16.62,16.48,16.62,
2016-04-27T11:02:00+05:30,16.62,16.63,16.47,16.47,
2016-04-27T11:03:00+05:30,16.48,16.51,16.47,16.48,
2016-04-27T11:04:00+05:30,16.48,16.5,16.44,16.47,
2016-04-27T11:05:00+05:30,16.46,16.58,16.46,16.58,
2016-04-27T11:06:00+05:30,16.58,16.6,16.57,16.6,
2016-04-27T11:07:00+05:30,16.6,16.62,16.59,16.59,
2016-04-27T11:08:00+05:30,16.58,16.6,16.57,16.59,
2016-04-27T11:09:00+05:30,16.6,16.61,16.58,16.59,
2016-04-27T11:10:00+05:30,16.6,16.62,16.59,16.61,
2016-04-27T11:11:00+05:30,16.6,16.61,16.55,16.6,
2016-04-27T11:12:00+05:30,16.6,16.63,16.6,16.61,
2016-04-27T11:13:00+05:30,16.62,16.62,16.58,16.59,
2016-04-27T11:14:00+05:30,16.58,16.63,16.58,16.61,
2016-04-27T11:15:00+05:30,16.61,16.66,16.6,16.64,
2016-04-27T11:16:00+05:30,16.64,16.65,16.47,16.47,
2016-04-27T11:17:00+05:30,16.49,16.49,16.44,16.46,
2016-04-27T11:18:00+05:30,16.47,16.49,16.44,16.44,
2016-04-27T11:19:00+05:30,16.44,16.59,16.43,16.59,
2016-04-27T11:20:00+05:30,16.6,16.6,16.55,16.56,
2016-04-27T11:21:00+05:30,16.57,16.6,16.56,16.58,
2016-04-27T11:22:00+05:30,16.58,16.58,16.39,16.39,
2016-04-27T11:23:00+05:30,16.4,16.4,16.34,16.37,
2016-04-27T11:24:00+05:30,16.37,16.4,16.35,16.39,
2016-04-27T11:25:00+05:30,16.41,16.42,16.39,16.39,
2016-04-27T11:26:00+05:30,16.39,16.41,16.38,16.38,
2016-04-27T11:27:00+05:30,16.38,16.41,16.38,16.4,
2016-04-27T11:28:00+05:30,16.4,16.42,16.38,16.39,
2016-04-27T11:29:00+05:30,16.4,16.41,16.38,16.41,
2016-04-27T11:30:00+05:30,16.41,16.41,16.36,16.37,
2016-04-27T11:31:00+05:30,16.37,16.4,16.35,16.37,
2016-04-27T11:32:00+05:30,16.37,16.39,16.36,16.38,
2016-04-27T11:33:00+05:30,16.38,16.39,16.35,16.36,
2016-04-27T11:34:00+05:30,16.36,16.38,16.33,16.37,
2016-04-27T11:35:00+05:30,16.39,16.39,16.36,16.38,
2016-04-27T11:36:00+05:30,16.38,16.41,16.36,16.4,
2016-04-27T11:37:00+05:30,16.39,16.42,16.39,16.42,
2016-04-27T11:38:00+05:30,16.42,16.42,16.37,16.41,
2016-04-27T11:39:00+05:30,16.42,16.43,16.39,16.42,
2016-04-27T11:40:00+05:30,16.42,16.43,16.39,16.42,
2016-04-27T11:41:00+05:30,16.42,16.43,16.39,16.4,
2016-04-27T11:42:00+05:30,16.41,16.44,16.41,16.42,
2016-04-27T11:43:00+05:30,16.41,16.57,16.4,16.57,
2016-04-27T11:44:00+05:30,16.57,16.57,16.54,16.55,
2016-04-27T11:45:00+05:30,16.55,16.55,16.49,16.5,
2016-04-27T11:46:00+05:30,16.5,16.53,16.49,16.51,
2016-04-27T11:47:00+05:30,16.51,16.55,16.49,16.55,
2016-04-27T11:48:00+05:30,16.54,16.57,16.54,16.55,
2016-04-27T11:49:00+05:30,16.55,16.57,16.54,16.55,
2016-04-27T11:50:00+05:30,16.55,16.57,16.54,16.55,
2016-04-27T11:51:00+05:30,16.55,16.58,16.54,16.58,
2016-04-27T11:52:00+05:30,16.56,16.64,16.56,16.61,
2016-04-27T11:53:00+05:30,16.61,16.64,16.61,16.62,
2016-04-27T11:54:00+05:30,16.62,16.63,16.61,16.62,
2016-04-27T11:55:00+05:30,16.63,16.63,16.46,16.5,
2016-04-27T11:56:00+05:30,16.51,16.54,16.5,16.52,
2016-04-27T11:57:00+05:30,16.52,16.55,16.51,16.54,
2016-04-27T11:58:00+05:30,16.55,16.55,16.52,16.54,
2016-04-27T11:59:00+05:30,16.53,16.54,16.51,16.53,
2016-04-27T12:00:00+05:30,16.54,16.54,16.5,16.53,
2016-04-27T12:01:00+05:30,16.53,16.54,16.51,16.51,
2016-04-27T12:02:00+05:30,16.51,16.53,16.49,16.51,
2016-04-27T12:03:00+05:30,16.52,16.56,16.51,16.54,
2016-04-27T12:04:00+05:30,16.54,16.6,16.52,16.58,
2016-04-27T12:05:00+05:30,16.57,16.58,16.56,16.56,
2016-04-27T12:06:00+05:30,16.56,16.57,16.53,16.54,
2016-04-27T12:07:00+05:30,16.53,16.58,16.53,16.58,
2016-04-27T12:08:00+05:30,16.59,16.6,16.57,16.58,
2016-04-27T12:09:00+05:30,16.58,16.61,16.57,16.59,
2016-04-27T12:10:00+05:30,16.59,16.62,16.58,16.59,
2016-04-27T12:11:00+05:30,16.59,16.63,16.58,16.62,
2016-04-27T12:12:00+05:30,16.62,16.62,16.59,16.59,
2016-04-27T12:13:00+05:30,16.59,16.6,16.55,16.57,
2016-04-27T12:14:00+05:30,16.58,16.61,16.57,16.59,
2016-04-27T12:15:00+05:30,16.59,16.63,16.59,16.59,
2016-04-27T12:16:00+05:30,16.59,16.64,16.59,16.63,
2016-04-27T12:17:00+05:30,16.62,16.64,16.61,16.61,
2016-04-27T12:18:00+05:30,16.62,16.63,16.61,16.61,
2016-04-27T12:19:00+05:30,16.61,16.63,16.6,16.63,
2016-04-27T12:20:00+05:30,16.61,16.63,16.61,16.61,
2016-04-27T12:21:00+05:30,16.61,16.63,16.6,16.63,
2016-04-27T12:22:00+05:30,16.64,16.65,16.63,16.64,
2016-04-27T12:23:00+05:30,16.64,16.68,16.64,16.68,
2016-04-27T12:24:00+05:30,16.68,16.68,16.63,16.64,
2016-04-27T12:25:00+05:30,16.64,16.65,16.62,16.62,
2016-04-27T12:26:00+05:30,16.62,16.64,16.62,16.62,
2016-04-27T12:27:00+05:30,16.62,16.65,16.59,16.65,
2016-04-27T12:28:00+05:30,16.65,16.65,16.6,16.61,
2016-04-27T12:29:00+05:30,16.61,16.64,16.6,16.64,
2016-04-27T12:30:00+05:30,16.64,16.65,16.6,16.63,
2016-04-27T12:31:00+05:30,16.64,16.73,16.64,16.72,
2016-04-27T12:32:00+05:30,16.7,16.73,16.68,16.69,
2016-04-27T12:33:00+05:30,16.69,16.79,16.69,16.71,
2016-04-27T12:34:00+05:30,16.71,16.71,16.59,16.61,
2016-04-27T12:35:00+05:30,16.6,16.7,16.58,16.66,
2016-04-27T12:36:00+05:30,16.66,16.69,16.63,16.63,
2016-04-27T12:37:00+05:30,16.63,16.67,16.63,16.66,
2016-04-27T12:38:00+05:30,16.64,16.67,16.61,16.62,
2016-04-27T12:39:00+05:30,16.63,16.65,16.61,16.62,
2016-04-27T12:40:00+05:30,16.61,16.65,16.61,16.63,
2016-04-27T12:41:00+05:30,16.63,16.66,16.63,16.63,
2016-04-27T12:42:00+05:30,16.63,16.65,16.55,16.55,
2016-04-27T12:43:00+05:30,16.55,16.56,16.5,16.53,
2016-04-27T12:44:00+05:30,16.53,16.55,16.52,16.54,
2016-04-27T12:45:00+05:30,16.54,16.57,16.53,16.55,
2016-04-27T12:46:00+05:30,16.55,16.59,16.51,16.53,
2016-04-27T12:47:00+05:30,16.55,16.58,16.52,16.58,
2016-04-27T12:48:00+05:30,16.58,16.59,16.54,16.55,
2016-04-27T12:49:00+05:30,16.54,16.56,16.53,16.56,
2016-04-27T12:50:00+05:30,16.55,16.56,16.54,16.56,
2016-04-27T12:51:00+05:30,16.56,16.56,16.52,16.54,
2016-04-27T12:52:00+05:30,16.56,16.56,16.48,16.49,
2016-04-27T12:53:00+05:30,16.49,16.53,16.49,16.49,
2016-04-27T12:54:00+05:30,16.49,16.52,16.47,16.49,
2016-04-27T12:55:00+05:30,16.49,16.5,16.45,16.47,
2016-04-27T12:56:00+05:30,16.49,16.52,16.46,16.52,
2016-04-27T12:57:00+05:30,16.5,16.54,16.46,16.51,
2016-04-27T12:58:00+05:30,16.53,16.53,16.48,16.48,
2016-04-27T12:59:00+05:30,16.48,16.49,16.45,16.46,
2016-04-27T13:00:00+05:30,16.46,16.47,16.43,16.45,
2016-04-27T13:01:00+05:30,16.41,16.44,16.4,16.42,
2016-04-27T13:02:00+05:30,16.41,16.43,16.4,16.4,
2016-04-27T13:03:00+05:30,16.41,16.47,16.39,16.39,
2016-04-27T13:04:00+05:30,16.4,16.44,16.39,16.4,
2016-04-27T13:05:00+05:30,16.39,16.43,16.38,16.4,
2016-04-27T13:06:00+05:30,16.4,16.41,16.38,16.41,
2016-04-27T13:07:00+05:30,16.4,16.43,16.4,16.42,
2016-04-27T13:08:00+05:30,16.42,16.45,16.41,16.43,
2016-04-27T13:09:00+05:30,16.42,16.45,16.41,16.44,
2016-04-27T13:10:00+05:30,16.45,16.47,16.43,16.45,
2016-04-27T13:11:00+05:30,16.45,16.46,16.43,16.43,
2016-04-27T13:12:00+05:30,16.42,16.44,16.42,16.43,
2016-04-27T13:13:00+05:30,16.44,16.45,16.41,16.43,
2016-04-27T13:14:00+05:30,16.43,16.44,16.41,16.42,
2016-04-27T13:15:00+05:30,16.42,16.44,16.4,16.41,
2016-04-27T13:16:00+05:30,16.43,16.46,16.41,16.43,
2016-04-27T13:17:00+05:30,16.42,16.49,16.41,16.48,
2016-04-27T13:18:00+05:30,16.48,16.48,16.45,16.47,
2016-04-27T13:19:00+05:30,16.47,16.53,16.42,16.49,
2016-04-27T13:20:00+05:30,16.49,16.53,16.49,16.51,
2016-04-27T13:21:00+05:30,16.51,16.52,16.47,16.49,
2016-04-27T13:22:00+05:30,16.49,16.5,16.47,16.49,
2016-04-27T13:23:00+05:30,16.48,16.51,16.47,16.5,
2016-04-27T13:24:00+05:30,16.5,16.56,16.42,16.42,
2016-04-27T13:25:00+05:30,16.44,16.55,16.44,16.48,
2016-04-27T13:26:00+05:30,16.49,16.51,16.43,16.49,
2016-04-27T13:27:00+05:30,16.48,16.51,16.47,16.48,
2016-04-27T13:28:00+05:30,16.5,16.5,16.45,16.49,
2016-04-27T13:29:00+05:30,16.48,16.5,16.42,16.44,
2016-04-27T13:30:00+05:30,16.45,16.49,16.44,16.49,
2016-04-27T13:31:00+05:30,16.49,16.52,16.46,16.49,
2016-04-27T13:32:00+05:30,16.5,16.51,16.45,16.45,
2016-04-27T13:33:00+05:30,16.45,16.51,16.45,16.48,
2016-04-27T13:34:00+05:30,16.48,16.51,16.44,16.51,
2016-04-27T13:35:00+05:30,16.5,16.51,16.47,16.48,
2016-04-27T13:36:00+05:30,16.46,16.53,16.46,16.48,
2016-04-27T13:37:00+05:30,16.48,16.48,16.45,16.45,
2016-04-27T13:38:00+05:30,16.45,16.51,16.44,16.48,
2016-04-27T13:39:00+05:30,16.48,16.49,16.46,16.49,
2016-04-27T13:40:00+05:30,16.49,16.49,16.46,16.47,
2016-04-27T13:41:00+05:30,16.46,16.51,16.46,16.51,
2016-04-27T13:42:00+05:30,16.49,16.52,16.49,16.5,
2016-04-27T13:43:00+05:30,16.51,16.52,16.49,16.5,
2016-04-27T13:44:00+05:30,16.49,16.53,16.49,16.5,
2016-04-27T13:45:00+05:30,16.5,16.52,16.49,16.51,
2016-04-27T13:46:00+05:30,16.51,16.54,16.5,16.53,
2016-04-27T13:47:00+05:30,16.53,16.58,16.53,16.55,
2016-04-27T13:48:00+05:30,16.56,16.58,16.54,16.57,
2016-04-27T13:49:00+05:30,16.57,16.64,16.57,16.57,
2016-04-27T13:50:00+05:30,16.57,16.6,16.54,16.58,
2016-04-27T13:51:00+05:30,16.57,16.59,16.54,16.57,
2016-04-27T13:52:00+05:30,16.56,16.6,16.54,16.59,
2016-04-27T13:53:00+05:30,16.58,16.6,16.57,16.59,
2016-04-27T13:54:00+05:30,16.59,16.63,16.59,16.62,
2016-04-27T13:55:00+05:30,16.62,16.69,16.6,16.65,
2016-04-27T13:56:00+05:30,16.66,16.66,16.63,16.63,
2016-04-27T13:57:00+05:30,16.64,16.64,16.6,16.6,
2016-04-27T13:58:00+05:30,16.62,16.64,16.61,16.63,
2016-04-27T13:59:00+05:30,16.66,16.67,16.63,16.64,
2016-04-27T14:00:00+05:30,16.64,16.65,16.61,16.64,
2016-04-27T14:01:00+05:30,16.64,16.67,16.61,16.66,
2016-04-27T14:02:00+05:30,16.67,16.67,16.63,16.66,
2016-04-27T14:03:00+05:30,16.65,16.67,16.63,16.66,
2016-04-27T14:04:00+05:30,16.66,16.71,16.64,16.7,
2016-04-27T14:05:00+05:30,16.71,16.72,16.66,16.7,
2016-04-27T14:06:00+05:30,16.69,16.75,16.69,16.71,
2016-04-27T14:07:00+05:30,16.7,16.73,16.7,16.71,
2016-04-27T14:08:00+05:30,16.71,16.72,16.66,16.68,
2016-04-27T14:09:00+05:30,16.68,16.68,16.65,16.65,
2016-04-27T14:10:00+05:30,16.65,16.65,16.59,16.6,
2016-04-27T14:11:00+05:30,16.6,16.61,16.59,16.6,
2016-04-27T14:12:00+05:30,16.6,16.64,16.59,16.61,
2016-04-27T14:13:00+05:30,16.62,16.63,16.61,16.63,
2016-04-27T14:14:00+05:30,16.63,16.65,16.62,16.62,
2016-04-27T14:15:00+05:30,16.62,16.64,16.61,16.63,
2016-04-27T14:16:00+05:30,16.63,16.66,16.63,16.65,
2016-04-27T14:17:00+05:30,16.65,16.66,16.63,16.65,
2016-04-27T14:18:00+05:30,16.65,16.65,16.61,16.63,
2016-04-27T14:19:00+05:30,16.63,16.63,16.56,16.6,
2016-04-27T14:20:00+05:30,16.58,16.63,16.57,16.62,
2016-04-27T14:21:00+05:30,16.63,16.63,16.6,16.6,
2016-04-27T14:22:00+05:30,16.6,16.62,16.57,16.6,
2016-04-27T14:23:00+05:30,16.6,16.6,16.57,16.58,
2016-04-27T14:24:00+05:30,16.59,16.62,16.57,16.59,
2016-04-27T14:25:00+05:30,16.6,16.62,16.58,16.59,
2016-04-27T14:26:00+05:30,16.59,16.62,16.58,16.62,
2016-04-27T14:27:00+05:30,16.62,16.62,16.58,16.58,
2016-04-27T14:28:00+05:30,16.59,16.62,16.59,16.61,
2016-04-27T14:29:00+05:30,16.61,16.62,16.57,16.6,
2016-04-27T14:30:00+05:30,16.6,16.61,16.54,16.56,
2016-04-27T14:31:00+05:30,16.57,16.57,16.5,16.52,
2016-04-27T14:32:00+05:30,16.52,16.54,16.51,16.53,
2016-04-27T14:33:00+05:30,16.52,16.59,16.51,16.59,
2016-04-27T14:34:00+05:30,16.59,16.59,16.54,16.56,
2016-04-27T14:35:00+05:30,16.56,16.59,16.54,16.57,
2016-04-27T14:36:00+05:30,16.56,16.57,16.53,16.53,
2016-04-27T14:37:00+05:30,16.53,16.56,16.53,16.54,
2016-04-27T14:38:00+05:30,16.54,16.55,16.49,16.49,
2016-04-27T14:39:00+05:30,16.49,16.51,16.46,16.47,
2016-04-27T14:40:00+05:30,16.47,16.49,16.45,16.47,
2016-04-27T14:41:00+05:30,16.47,16.49,16.46,16.48,
2016-04-27T14:42:00+05:30,16.49,16.49,16.41,16.42,
2016-04-27T14:43:00+05:30,16.42,16.48,16.42,16.47,
2016-04-27T14:44:00+05:30,16.48,16.49,16.45,16.45,
2016-04-27T14:45:00+05:30,16.45,16.46,16.41,16.41,
2016-04-27T14:46:00+05:30,16.41,16.46,16.4,16.43,
2016-04-27T14:47:00+05:30,16.43,16.48,16.43,16.46,
2016-04-27T14:48:00+05:30,16.46,16.5,16.46,16.5,
2016-04-27T14:49:00+05:30,16.5,16.52,16.48,16.48,
2016-04-27T14:50:00+05:30,16.49,16.5,16.46,16.47,
2016-04-27T14:51:00+05:30,16.46,16.5,16.46,16.47,
2016-04-27T14:52:00+05:30,16.47,16.48,16.46,16.47,
2016-04-27T14:53:00+05:30,16.47,16.48,16.46,16.47,
2016-04-27T14:54:00+05:30,16.46,16.5,16.44,16.44,
2016-04-27T14:55:00+05:30,16.44,16.45,16.42,16.42,
2016-04-27T14:56:00+05:30,16.42,16.45,16.39,16.41,
2016-04-27T14:57:00+05:30,16.39,16.45,16.39,16.42,
2016-04-27T14:58:00+05:30,16.41,16.49,16.41,16.46,
2016-04-27T14:59:00+05:30,16.46,16.48,16.45,16.47,
2016-04-27T15:00:00+05:30,16.48,16.48,16.41,16.41,
2016-04-27T15:01:00+05:30,16.42,16.47,16.4,16.47,
2016-04-27T15:02:00+05:30,16.47,16.47,16.38,16.42,
2016-04-27T15:03:00+05:30,16.43,16.43,16.39,16.39,
2016-04-27T15:04:00+05:30,16.39,16.43,16.37,16.41,
2016-04-27T15:05:00+05:30,16.42,16.42,16.37,16.39,
2016-04-27T15:06:00+05:30,16.37,16.39,16.34,16.37,
2016-04-27T15:07:00+05:30,16.38,16.38,16.31,16.34,
2016-04-27T15:08:00+05:30,16.34,16.39,16.33,16.39,
2016-04-27T15:09:00+05:30,16.36,16.41,16.34,16.38,
2016-04-27T15:10:00+05:30,16.39,16.4,16.35,16.37,
2016-04-27T15:11:00+05:30,16.36,16.37,16.31,16.31,
2016-04-27T15:12:00+05:30,16.31,16.38,16.31,16.37,
2016-04-27T15:13:00+05:30,16.37,16.39,16.36,16.37,
2016-04-27T15:14:00+05:30,16.37,16.38,16.35,16.38,
2016-04-27T15:15:00+05:30,16.38,16.4,16.37,16.37,
2016-04-27T15:16:00+05:30,16.37,16.38,16.33,16.35,
2016-04-27T15:17:00+05:30,16.34,16.37,16.32,16.33,
2016-04-27T15:18:00+05:30,16.33,16.36,16.32,16.34,
2016-04-27T15:19:00+05:30,16.33,16.33,16.27,16.28,
2016-04-27T15:20:00+05:30,16.28,16.34,16.26,16.34,
2016-04-27T15:21:00+05:30,16.34,16.37,16.32,16.32,
2016-04-27T15:22:00+05:30,16.32,16.34,16.28,16.3,
2016-04-27T15:23:00+05:30,16.3,16.32,16.28,16.29,
2016-04-27T15:24:00+05:30,16.29,16.32,16.28,16.31,
2016-04-27T15:25:00+05:30,16.31,16.31,16.29,16.31,
2016-04-27T15:26:00+05:30,16.31,16.38,16.31,16.36,
2016-04-27T15:27:00+05:30,16.36,16.36,16.29,16.29,
2016-04-27T15:28:00+05:30,16.29,16.3,16.23,16.24,
2016-04-27T15:29:00+05:30,16.24,16.38,16.24,16.32,
2016-04-28T09:15:00+05:30,16.35,16.35,15.31,15.81,
2016-04-28T09:16:00+05:30,15.85,16.44,15.85,16.18,
2016-04-28T09:17:00+05:30,16.19,16.4,16.15,16.39,
2016-04-28T09:18:00+05:30,16.38,16.39,16.28,16.32,
2016-04-28T09:19:00+05:30,16.31,16.33,16.28,16.29,
2016-04-28T09:20:00+05:30,16.28,16.3,16.16,16.17,
2016-04-28T09:21:00+05:30,16.17,16.17,16.1,16.13,
2016-04-28T09:22:00+05:30,16.13,16.14,16.1,16.1,
2016-04-28T09:23:00+05:30,16.1,16.12,16.08,16.11,
2016-04-28T09:24:00+05:30,16.13,16.13,16.03,16.05,
2016-04-28T09:25:00+05:30,16.06,16.07,16.02,16.06,
2016-04-28T09:26:00+05:30,16.06,16.09,16.04,16.09,
2016-04-28T09:27:00+05:30,16.08,16.08,16.03,16.03,
2016-04-28T09:28:00+05:30,16.03,16.04,16.01,16.04,
2016-04-28T09:29:00+05:30,16.02,16.03,15.99,16.01,
2016-04-28T09:30:00+05:30,16,16.03,15.98,15.98,
2016-04-28T09:31:00+05:30,15.99,16,15.98,16,
2016-04-28T09:32:00+05:30,16.01,16.02,15.98,16,
2016-04-28T09:33:00+05:30,16,16.02,15.94,16,
2016-04-28T09:34:00+05:30,15.99,16.04,15.99,16.02,
2016-04-28T09:35:00+05:30,16.04,16.04,15.97,16,
2016-04-28T09:36:00+05:30,16,16.02,15.97,15.98,
2016-04-28T09:37:00+05:30,15.99,16,15.96,15.98,
2016-04-28T09:38:00+05:30,15.98,16,15.97,16,
2016-04-28T09:39:00+05:30,16,16,15.97,15.98,
2016-04-28T09:40:00+05:30,15.99,16.06,15.96,16.04,
2016-04-28T09:41:00+05:30,16.03,16.05,16.01,16.04,
2016-04-28T09:42:00+05:30,16.05,16.06,16.04,16.06,
2016-04-28T09:43:00+05:30,16.06,16.07,16.05,16.07,
2016-04-28T09:44:00+05:30,16.07,16.07,16.05,16.07,
2016-04-28T09:45:00+05:30,16.07,16.1,16.06,16.07,
2016-04-28T09:46:00+05:30,16.1,16.13,16.08,16.12,
2016-04-28T09:47:00+05:30,16.13,16.14,16.12,16.13,
2016-04-28T09:48:00+05:30,16.13,16.14,16.12,16.13,
2016-04-28T09:49:00+05:30,16.14,16.14,16.11,16.13,
2016-04-28T09:50:00+05:30,16.13,16.15,16.13,16.15,
2016-04-28T09:51:00+05:30,16.15,16.16,16.14,16.15,
2016-04-28T09:52:00+05:30,16.16,16.24,16.15,16.24,
2016-04-28T09:53:00+05:30,16.24,16.25,16.21,16.22,
2016-04-28T09:54:00+05:30,16.22,16.29,16.22,16.27,
2016-04-28T09:55:00+05:30,16.27,16.34,16.26,16.33,
2016-04-28T09:56:00+05:30,16.33,16.36,16.31,16.32,
2016-04-28T09:57:00+05:30,16.32,16.32,16.29,16.31,
2016-04-28T09:58:00+05:30,16.31,16.34,16.31,16.31,
2016-04-28T09:59:00+05:30,16.31,16.32,16.27,16.29,
2016-04-28T10:00:00+05:30,16.29,16.32,16.29,16.29,
2016-04-28T10:01:00+05:30,16.28,16.29,16.24,16.25,
2016-04-28T10:02:00+05:30,16.25,16.26,16.18,16.2,
2016-04-28T10:03:00+05:30,16.2,16.23,16.2,16.21,
2016-04-28T10:04:00+05:30,16.2,16.2,16.14,16.16,
2016-04-28T10:05:00+05:30,16.16,16.18,16.14,16.18,
2016-04-28T10:06:00+05:30,16.17,16.19,16.11,16.15,
2016-04-28T10:07:00+05:30,16.15,16.15,16.12,16.14,
2016-04-28T10:08:00+05:30,16.14,16.14,16.12,16.13,
2016-04-28T10:09:00+05:30,16.13,16.14,16.09,16.12,
2016-04-28T10:10:00+05:30,16.11,16.12,16.07,16.07,
2016-04-28T10:11:00+05:30,16.08,16.09,16.07,16.08,
2016-04-28T10:12:00+05:30,16.07,16.1,16.07,16.1,
2016-04-28T10:13:00+05:30,16.09,16.13,16.09,16.09,
2016-04-28T10:14:00+05:30,16.1,16.11,16.07,16.1,
2016-04-28T10:15:00+05:30,16.1,16.15,16.1,16.15,
2016-04-28T10:16:00+05:30,16.14,16.15,16.12,16.13,
2016-04-28T10:17:00+05:30,16.14,16.14,16.12,16.13,
2016-04-28T10:18:00+05:30,16.13,16.13,16.1,16.1,
2016-04-28T10:19:00+05:30,16.11,16.13,16.08,16.09,
2016-04-28T10:20:00+05:30,16.09,16.16,16.09,16.15,
2016-04-28T10:21:00+05:30,16.14,16.15,16.13,16.14,
2016-04-28T10:22:00+05:30,16.15,16.15,16.09,16.09,
2016-04-28T10:23:00+05:30,16.09,16.13,16.09,16.12,
2016-04-28T10:24:00+05:30,16.11,16.14,16.11,16.13,
2016-04-28T10:25:00+05:30,16.13,16.17,16.13,16.14,
2016-04-28T10:26:00+05:30,16.14,16.15,16.13,16.14,
2016-04-28T10:27:00+05:30,16.14,16.15,16.14,16.14,
2016-04-28T10:28:00+05:30,16.14,16.16,16.09,16.11,
2016-04-28T10:29:00+05:30,16.11,16.13,16.11,16.12,
2016-04-28T10:30:00+05:30,16.12,16.15,16.09,16.12,
2016-04-28T10:31:00+05:30,16.12,16.15,16.11,16.14,
2016-04-28T10:32:00+05:30,16.13,16.19,16.1,16.18,
2016-04-28T10:33:00+05:30,16.18,16.2,16.18,16.18,
2016-04-28T10:34:00+05:30,16.19,16.25,16.19,16.23,
2016-04-28T10:35:00+05:30,16.23,16.23,16.21,16.22,
2016-04-28T10:36:00+05:30,16.22,16.25,16.22,16.22,
2016-04-28T10:37:00+05:30,16.22,16.24,16.21,16.22,
2016-04-28T10:38:00+05:30,16.22,16.26,16.21,16.24,
2016-04-28T10:39:00+05:30,16.24,16.25,16.23,16.24,
2016-04-28T10:40:00+05:30,16.24,16.25,16.23,16.24,
2016-04-28T10:41:00+05:30,16.24,16.25,16.22,16.22,
2016-04-28T10:42:00+05:30,16.22,16.25,16.21,16.23,
2016-04-28T10:43:00+05:30,16.24,16.25,16.23,16.25,
2016-04-28T10:44:00+05:30,16.25,16.27,16.21,16.21,
2016-04-28T10:45:00+05:30,16.22,16.22,16.17,16.21,
2016-04-28T10:46:00+05:30,16.22,16.23,16.2,16.21,
2016-04-28T10:47:00+05:30,16.21,16.24,16.2,16.23,
2016-04-28T10:48:00+05:30,16.23,16.25,16.18,16.25,
2016-04-28T10:49:00+05:30,16.24,16.25,16.21,16.21,
2016-04-28T10:50:00+05:30,16.21,16.24,16.21,16.24,
2016-04-28T10:51:00+05:30,16.23,16.23,16.17,16.21,
2016-04-28T10:52:00+05:30,16.21,16.23,16.18,16.19,
2016-04-28T10:53:00+05:30,16.19,16.21,16.18,16.21,
2016-04-28T10:54:00+05:30,16.21,16.26,16.18,16.22,
2016-04-28T10:55:00+05:30,16.22,16.26,16.22,16.26,
2016-04-28T10:56:00+05:30,16.27,16.27,16.22,16.22,
2016-04-28T10:57:00+05:30,16.23,16.23,16.19,16.23,
2016-04-28T10:58:00+05:30,16.23,16.24,16.19,16.19,
2016-04-28T10:59:00+05:30,16.19,16.26,16.19,16.24,
2016-04-28T11:00:00+05:30,16.24,16.27,16.22,16.27,
2016-04-28T11:01:00+05:30,16.27,16.27,16.23,16.26,
2016-04-28T11:02:00+05:30,16.26,16.26,16.22,16.23,
2016-04-28T11:03:00+05:30,16.24,16.25,16.23,16.24,
2016-04-28T11:04:00+05:30,16.23,16.24,16.21,16.24,
2016-04-28T11:05:00+05:30,16.24,16.28,16.23,16.26,
2016-04-28T11:06:00+05:30,16.26,16.27,16.21,16.24,
2016-04-28T11:07:00+05:30,16.24,16.26,16.2,16.24,
2016-04-28T11:08:00+05:30,16.26,16.29,16.21,16.21,
2016-04-28T11:09:00+05:30,16.21,16.29,16.19,16.19,
2016-04-28T11:10:00+05:30,16.19,16.25,16.19,16.24,
2016-04-28T11:11:00+05:30,16.23,16.26,16.22,16.25,
2016-04-28T11:12:00+05:30,16.24,16.27,16.23,16.24,
2016-04-28T11:13:00+05:30,16.22,16.26,16.22,16.25,
2016-04-28T11:14:00+05:30,16.24,16.25,16.19,16.23,
2016-04-28T11:15:00+05:30,16.25,16.25,16.2,16.2,
2016-04-28T11:16:00+05:30,16.22,16.24,16.19,16.23,
2016-04-28T11:17:00+05:30,16.23,16.24,16.02,16.14,
2016-04-28T11:18:00+05:30,16.14,16.16,16.13,16.16,
2016-04-28T11:19:00+05:30,16.17,16.24,16.16,16.24,
2016-04-28T11:20:00+05:30,16.23,16.29,16.23,16.28,
2016-04-28T11:21:00+05:30,16.28,16.33,16.27,16.28,
2016-04-28T11:22:00+05:30,16.28,16.3,16.26,16.27,
2016-04-28T11:23:00+05:30,16.27,16.29,16,16.03,
2016-04-28T11:24:00+05:30,16.02,16.02,15.98,16,
2016-04-28T11:25:00+05:30,16,16.2,16,16.19,
2016-04-28T11:26:00+05:30,16.21,16.23,16.16,16.17,
2016-04-28T11:27:00+05:30,16.17,16.24,16.17,16.18,
2016-04-28T11:28:00+05:30,16.19,16.22,16.14,16.2,
2016-04-28T11:29:00+05:30,16.2,16.21,16.05,16.07,
2016-04-28T11:30:00+05:30,16.08,16.21,16.08,16.2,
2016-04-28T11:31:00+05:30,16.19,16.33,16.19,16.33,
2016-04-28T11:32:00+05:30,16.33,16.35,16.31,16.31,
2016-04-28T11:33:00+05:30,16.32,16.32,16.24,16.29,
2016-04-28T11:34:00+05:30,16.28,16.28,16.25,16.26,
2016-04-28T11:35:00+05:30,16.25,16.28,16.23,16.24,
2016-04-28T11:36:00+05:30,16.24,16.26,16.22,16.23,
2016-04-28T11:37:00+05:30,16.11,16.11,16.05,16.06,
2016-04-28T11:38:00+05:30,16.09,16.24,16.09,16.24,
2016-04-28T11:39:00+05:30,16.24,16.26,16.23,16.26,
2016-04-28T11:40:00+05:30,16.26,16.3,16.25,16.29,
2016-04-28T11:41:00+05:30,16.31,16.33,16.28,16.33,
2016-04-28T11:42:00+05:30,16.33,16.36,16.32,16.36,
2016-04-28T11:43:00+05:30,16.35,16.35,16.28,16.28,
2016-04-28T11:44:00+05:30,16.28,16.3,16.27,16.28,
2016-04-28T11:45:00+05:30,16.28,16.29,16.25,16.27,
2016-04-28T11:46:00+05:30,16.26,16.26,16.2,16.22,
2016-04-28T11:47:00+05:30,16.22,16.22,16.2,16.21,
2016-04-28T11:48:00+05:30,16.21,16.22,16.15,16.21,
2016-04-28T11:49:00+05:30,16.21,16.22,16.19,16.2,
2016-04-28T11:50:00+05:30,16.2,16.21,16.18,16.19,
2016-04-28T11:51:00+05:30,16.19,16.19,16.13,16.14,
2016-04-28T11:52:00+05:30,16.14,16.16,16.11,16.14,
2016-04-28T11:53:00+05:30,16.15,16.22,16.14,16.21,
2016-04-28T11:54:00+05:30,16.2,16.21,16.18,16.19,
2016-04-28T11:55:00+05:30,16.2,16.2,16.18,16.18,
2016-04-28T11:56:00+05:30,16.18,16.22,16.18,16.19,
2016-04-28T11:57:00+05:30,16.19,16.22,16.17,16.22,
2016-04-28T11:58:00+05:30,16.22,16.26,16.22,16.23,
2016-04-28T11:59:00+05:30,16.23,16.26,16.22,16.26,
2016-04-28T12:00:00+05:30,16.26,16.29,16.25,16.29,
2016-04-28T12:01:00+05:30,16.29,16.29,16.23,16.25,
2016-04-28T12:02:00+05:30,16.26,16.3,16.26,16.3,
2016-04-28T12:03:00+05:30,16.3,16.3,16.24,16.24,
2016-04-28T12:04:00+05:30,16.25,16.26,16.22,16.26,
2016-04-28T12:05:00+05:30,16.25,16.25,16.22,16.25,
2016-04-28T12:06:00+05:30,16.24,16.24,16.21,16.24,
2016-04-28T12:07:00+05:30,16.24,16.26,16.2,16.2,
2016-04-28T12:08:00+05:30,16.21,16.25,16.2,16.23,
2016-04-28T12:09:00+05:30,16.24,16.25,16.21,16.23,
2016-04-28T12:10:00+05:30,16.23,16.26,16.21,16.22,
2016-04-28T12:11:00+05:30,16.21,16.21,16.06,16.07,
2016-04-28T12:12:00+05:30,16.07,16.17,16.07,16.17,
2016-04-28T12:13:00+05:30,16.17,16.17,16.1,16.12,
2016-04-28T12:14:00+05:30,16.13,16.23,16.12,16.17,
2016-04-28T12:15:00+05:30,16.16,16.32,16.16,16.31,
2016-04-28T12:16:00+05:30,16.3,16.31,16.29,16.3,
2016-04-28T12:17:00+05:30,16.3,16.31,16.3,16.3,
2016-04-28T12:18:00+05:30,16.3,16.32,16.28,16.31,
2016-04-28T12:19:00+05:30,16.31,16.33,16.31,16.31,
2016-04-28T12:20:00+05:30,16.3,16.34,16.27,16.32,
2016-04-28T12:21:00+05:30,16.33,16.34,16.31,16.33,
2016-04-28T12:22:00+05:30,16.32,16.33,16.27,16.28,
2016-04-28T12:23:00+05:30,16.28,16.33,16.27,16.32,
2016-04-28T12:24:00+05:30,16.32,16.41,16.32,16.37,
2016-04-28T12:25:00+05:30,16.36,16.4,16.35,16.35,
2016-04-28T12:26:00+05:30,16.35,16.37,16.24,16.26,
2016-04-28T12:27:00+05:30,16.26,16.33,16.25,16.33,
2016-04-28T12:28:00+05:30,16.33,16.33,16.26,16.26,
2016-04-28T12:29:00+05:30,16.27,16.3,16.27,16.28,
2016-04-28T12:30:00+05:30,16.27,16.28,16.14,16.15,
2016-04-28T12:31:00+05:30,16.14,16.32,16.11,16.32,
2016-04-28T12:32:00+05:30,16.29,16.32,16.18,16.3,
2016-04-28T12:33:00+05:30,16.3,16.3,16.19,16.22,
2016-04-28T12:34:00+05:30,16.22,16.29,16.22,16.27,
2016-04-28T12:35:00+05:30,16.28,16.29,16.23,16.23,
2016-04-28T12:36:00+05:30,16.23,16.3,16.15,16.28,
2016-04-28T12:37:00+05:30,16.28,16.38,16.28,16.38,
2016-04-28T12:38:00+05:30,16.38,16.38,16.27,16.31,
2016-04-28T12:39:00+05:30,16.31,16.31,16.25,16.26,
2016-04-28T12:40:00+05:30,16.27,16.32,16.27,16.31,
2016-04-28T12:41:00+05:30,16.31,16.31,16.25,16.26,
2016-04-28T12:42:00+05:30,16.27,16.3,16.25,16.29,
2016-04-28T12:43:00+05:30,16.29,16.3,16.25,16.27,
2016-04-28T12:44:00+05:30,16.28,16.28,16.25,16.26,
2016-04-28T12:45:00+05:30,16.26,16.27,16.23,16.23,
2016-04-28T12:46:00+05:30,16.24,16.27,16.23,16.25,
2016-04-28T12:47:00+05:30,16.24,16.26,16.22,16.25,
2016-04-28T12:48:00+05:30,16.26,16.27,16.22,16.24,
2016-04-28T12:49:00+05:30,16.24,16.26,16.22,16.25,
2016-04-28T12:50:00+05:30,16.25,16.27,16.23,16.23,
2016-04-28T12:51:00+05:30,16.24,16.28,16.23,16.26,
2016-04-28T12:52:00+05:30,16.26,16.26,16.22,16.22,
2016-04-28T12:53:00+05:30,16.21,16.23,16.2,16.21,
2016-04-28T12:54:00+05:30,16.21,16.23,16.19,16.23,
2016-04-28T12:55:00+05:30,16.22,16.22,16.13,16.17,
2016-04-28T12:56:00+05:30,16.17,16.19,16.15,16.16,
2016-04-28T12:57:00+05:30,16.17,16.19,16.15,16.18,
2016-04-28T12:58:00+05:30,16.17,16.18,16.15,16.15,
2016-04-28T12:59:00+05:30,16.15,16.18,16.15,16.16,
2016-04-28T13:00:00+05:30,16.17,16.21,16.15,16.19,
2016-04-28T13:01:00+05:30,16.19,16.22,16.18,16.19,
2016-04-28T13:02:00+05:30,16.18,16.21,16.17,16.2,
2016-04-28T13:03:00+05:30,16.2,16.22,16.16,16.22,
2016-04-28T13:04:00+05:30,16.24,16.25,16.22,16.25,
2016-04-28T13:05:00+05:30,16.24,16.24,16.21,16.22,
2016-04-28T13:06:00+05:30,16.21,16.29,16.21,16.27,
2016-04-28T13:07:00+05:30,16.29,16.31,16.27,16.3,
2016-04-28T13:08:00+05:30,16.29,16.34,16.28,16.3,
2016-04-28T13:09:00+05:30,16.31,16.34,16.31,16.33,
2016-04-28T13:10:00+05:30,16.33,16.36,16.31,16.36,
2016-04-28T13:11:00+05:30,16.36,16.37,16.33,16.34,
2016-04-28T13:12:00+05:30,16.32,16.34,16.29,16.32,
2016-04-28T13:13:00+05:30,16.32,16.33,16.26,16.3,
2016-04-28T13:14:00+05:30,16.31,16.33,16.29,16.33,
2016-04-28T13:15:00+05:30,16.32,16.36,16.32,16.33,
2016-04-28T13:16:00+05:30,16.33,16.35,16.31,16.33,
2016-04-28T13:17:00+05:30,16.33,16.34,16.31,16.32,
2016-04-28T13:18:00+05:30,16.31,16.31,16.28,16.28,
2016-04-28T13:19:00+05:30,16.29,16.31,16.23,16.23,
2016-04-28T13:20:00+05:30,16.23,16.25,16.22,16.23,
2016-04-28T13:21:00+05:30,16.23,16.29,16.23,16.28,
2016-04-28T13:22:00+05:30,16.29,16.31,16.26,16.27,
2016-04-28T13:23:00+05:30,16.26,16.27,16.23,16.25,
2016-04-28T13:24:00+05:30,16.25,16.29,16.25,16.25,
2016-04-28T13:25:00+05:30,16.23,16.28,16.23,16.26,
2016-04-28T13:26:00+05:30,16.26,16.31,16.25,16.28,
2016-04-28T13:27:00+05:30,16.27,16.28,16.23,16.26,
2016-04-28T13:28:00+05:30,16.26,16.3,16.26,16.3,
2016-04-28T13:29:00+05:30,16.3,16.33,16.28,16.32,
2016-04-28T13:30:00+05:30,16.31,16.35,16.31,16.32,
2016-04-28T13:31:00+05:30,16.33,16.34,16.3,16.32,
2016-04-28T13:32:00+05:30,16.32,16.35,16.31,16.34,
2016-04-28T13:33:00+05:30,16.34,16.35,16.31,16.32,
2016-04-28T13:34:00+05:30,16.32,16.37,16.32,16.37,
2016-04-28T13:35:00+05:30,16.35,16.4,16.35,16.39,
2016-04-28T13:36:00+05:30,16.38,16.43,16.37,16.4,
2016-04-28T13:37:00+05:30,16.38,16.4,16.37,16.4,
2016-04-28T13:38:00+05:30,16.4,16.4,16.33,16.33,
2016-04-28T13:39:00+05:30,16.34,16.35,16.3,16.31,
2016-04-28T13:40:00+05:30,16.31,16.35,16.31,16.34,
2016-04-28T13:41:00+05:30,16.34,16.36,16.34,16.35,
2016-04-28T13:42:00+05:30,16.36,16.38,16.32,16.34,
2016-04-28T13:43:00+05:30,16.33,16.34,16.32,16.33,
2016-04-28T13:44:00+05:30,16.33,16.35,16.32,16.34,
2016-04-28T13:45:00+05:30,16.34,16.36,16.32,16.34,
2016-04-28T13:46:00+05:30,16.34,16.34,16.29,16.3,
2016-04-28T13:47:00+05:30,16.3,16.33,16.29,16.32,
2016-04-28T13:48:00+05:30,16.32,16.35,16.31,16.31,
2016-04-28T13:49:00+05:30,16.31,16.34,16.3,16.33,
2016-04-28T13:50:00+05:30,16.31,16.34,16.3,16.32,
2016-04-28T13:51:00+05:30,16.32,16.34,16.3,16.32,
2016-04-28T13:52:00+05:30,16.31,16.34,16.26,16.27,
2016-04-28T13:53:00+05:30,16.28,16.31,16.27,16.28,
2016-04-28T13:54:00+05:30,16.29,16.3,16.27,16.27,
2016-04-28T13:55:00+05:30,16.27,16.34,16.26,16.32,
2016-04-28T13:56:00+05:30,16.33,16.35,16.28,16.33,
2016-04-28T13:57:00+05:30,16.33,16.34,16.26,16.26,
2016-04-28T13:58:00+05:30,16.27,16.31,16.27,16.3,
2016-04-28T13:59:00+05:30,16.3,16.3,16.23,16.26,
2016-04-28T14:00:00+05:30,16.25,16.28,16.25,16.28,
2016-04-28T14:01:00+05:30,16.28,16.31,16.27,16.31,
2016-04-28T14:02:00+05:30,16.31,16.31,16.28,16.31,
2016-04-28T14:03:00+05:30,16.31,16.33,16.29,16.32,
2016-04-28T14:04:00+05:30,16.32,16.35,16.31,16.34,
2016-04-28T14:05:00+05:30,16.33,16.38,16.32,16.37,
2016-04-28T14:06:00+05:30,16.37,16.43,16.37,16.42,
2016-04-28T14:07:00+05:30,16.42,16.42,16.37,16.38,
2016-04-28T14:08:00+05:30,16.38,16.38,16.31,16.32,
2016-04-28T14:09:00+05:30,16.33,16.35,16.31,16.33,
2016-04-28T14:10:00+05:30,16.32,16.37,16.32,16.33,
2016-04-28T14:11:00+05:30,16.33,16.35,16.28,16.34,
2016-04-28T14:12:00+05:30,16.33,16.36,16.32,16.36,
2016-04-28T14:13:00+05:30,16.37,16.39,16.35,16.39,
2016-04-28T14:14:00+05:30,16.39,16.46,16.39,16.45,
2016-04-28T14:15:00+05:30,16.45,16.47,16.42,16.45,
2016-04-28T14:16:00+05:30,16.45,16.5,16.44,16.44,
2016-04-28T14:17:00+05:30,16.45,16.5,16.45,16.47,
2016-04-28T14:18:00+05:30,16.45,16.48,16.42,16.47,
2016-04-28T14:19:00+05:30,16.48,16.5,16.45,16.49,
2016-04-28T14:20:00+05:30,16.49,16.5,16.44,16.44,
2016-04-28T14:21:00+05:30,16.45,16.48,16.43,16.44,
2016-04-28T14:22:00+05:30,16.44,16.49,16.44,16.47,
2016-04-28T14:23:00+05:30,16.48,16.5,16.46,16.49,
2016-04-28T14:24:00+05:30,16.5,16.51,16.46,16.5,
2016-04-28T14:25:00+05:30,16.52,16.52,16.48,16.48,
2016-04-28T14:26:00+05:30,16.47,16.51,16.47,16.51,
2016-04-28T14:27:00+05:30,16.51,16.53,16.48,16.5,
2016-04-28T14:28:00+05:30,16.5,16.54,16.48,16.53,
2016-04-28T14:29:00+05:30,16.53,16.53,16.48,16.52,
2016-04-28T14:30:00+05:30,16.51,16.56,16.49,16.49,
2016-04-28T14:31:00+05:30,16.5,16.51,16.47,16.49,
2016-04-28T14:32:00+05:30,16.5,16.51,16.48,16.48,
2016-04-28T14:33:00+05:30,16.48,16.53,16.47,16.52,
2016-04-28T14:34:00+05:30,16.51,16.52,16.49,16.5,
2016-04-28T14:35:00+05:30,16.5,16.52,16.47,16.48,
2016-04-28T14:36:00+05:30,16.48,16.51,16.43,16.43,
2016-04-28T14:37:00+05:30,16.44,16.46,16.41,16.43,
2016-04-28T14:38:00+05:30,16.43,16.46,16.43,16.44,
2016-04-28T14:39:00+05:30,16.45,16.45,16.42,16.43,
2016-04-28T14:40:00+05:30,16.43,16.44,16.41,16.41,
2016-04-28T14:41:00+05:30,16.41,16.46,16.41,16.44,
2016-04-28T14:42:00+05:30,16.43,16.46,16.43,16.46,
2016-04-28T14:43:00+05:30,16.46,16.48,16.45,16.48,
2016-04-28T14:44:00+05:30,16.48,16.49,16.45,16.45,
2016-04-28T14:45:00+05:30,16.45,16.46,16.43,16.44,
2016-04-28T14:46:00+05:30,16.44,16.48,16.42,16.45,
2016-04-28T14:47:00+05:30,16.46,16.51,16.44,16.49,
2016-04-28T14:48:00+05:30,16.49,16.54,16.48,16.52,
2016-04-28T14:49:00+05:30,16.52,16.55,16.5,16.51,
2016-04-28T14:50:00+05:30,16.5,16.58,16.5,16.58,
2016-04-28T14:51:00+05:30,16.59,16.64,16.57,16.6,
2016-04-28T14:52:00+05:30,16.6,16.66,16.55,16.66,
2016-04-28T14:53:00+05:30,16.66,16.66,16.6,16.65,
2016-04-28T14:54:00+05:30,16.66,16.74,16.65,16.73,
2016-04-28T14:55:00+05:30,16.74,16.77,16.7,16.7,
2016-04-28T14:56:00+05:30,16.7,16.72,16.68,16.68,
2016-04-28T14:57:00+05:30,16.7,16.7,16.66,16.7,
2016-04-28T14:58:00+05:30,16.68,16.71,16.67,16.67,
2016-04-28T14:59:00+05:30,16.67,16.68,16.61,16.62,
2016-04-28T15:00:00+05:30,16.61,16.62,16.57,16.59,
2016-04-28T15:01:00+05:30,16.61,16.64,16.59,16.61,
2016-04-28T15:02:00+05:30,16.58,16.58,16.54,16.58,
2016-04-28T15:03:00+05:30,16.58,16.58,16.53,16.56,
2016-04-28T15:04:00+05:30,16.56,16.6,16.55,16.58,
2016-04-28T15:05:00+05:30,16.59,16.61,16.58,16.61,
2016-04-28T15:06:00+05:30,16.6,16.62,16.58,16.6,
2016-04-28T15:07:00+05:30,16.6,16.63,16.6,16.62,
2016-04-28T15:08:00+05:30,16.62,16.63,16.56,16.56,
2016-04-28T15:09:00+05:30,16.55,16.57,16.55,16.57,
2016-04-28T15:10:00+05:30,16.56,16.56,16.47,16.47,
2016-04-28T15:11:00+05:30,16.47,16.53,16.47,16.53,
2016-04-28T15:12:00+05:30,16.53,16.58,16.53,16.58,
2016-04-28T15:13:00+05:30,16.57,16.63,16.56,16.59,
2016-04-28T15:14:00+05:30,16.59,16.59,16.54,16.55,
2016-04-28T15:15:00+05:30,16.54,16.55,16.52,16.55,
2016-04-28T15:16:00+05:30,16.56,16.61,16.55,16.61,
2016-04-28T15:17:00+05:30,16.61,16.68,16.61,16.68,
2016-04-28T15:18:00+05:30,16.68,16.73,16.68,16.71,
2016-04-28T15:19:00+05:30,16.7,16.71,16.69,16.69,
2016-04-28T15:20:00+05:30,16.68,16.73,16.67,16.73,
2016-04-28T15:21:00+05:30,16.73,16.74,16.65,16.68,
2016-04-28T15:22:00+05:30,16.68,16.68,16.61,16.62,
2016-04-28T15:23:00+05:30,16.62,16.67,16.62,16.66,
2016-04-28T15:24:00+05:30,16.67,16.68,16.65,16.67,
2016-04-28T15:25:00+05:30,16.66,16.67,16.64,16.66,
2016-04-28T15:26:00+05:30,16.66,16.66,16.58,16.6,
2016-04-28T15:27:00+05:30,16.6,16.6,16.53,16.55,
2016-04-28T15:28:00+05:30,16.55,16.56,16.47,16.48,
2016-04-28T15:29:00+05:30,16.49,16.51,16.45,16.49,
2016-04-29T09:15:00+05:30,16.6,16.61,15.63,16.57,
2016-04-29T09:16:00+05:30,16.55,16.55,16.38,16.39,
2016-04-29T09:17:00+05:30,16.4,16.68,16.34,16.65,
2016-04-29T09:18:00+05:30,16.63,16.71,16.48,16.62,
2016-04-29T09:19:00+05:30,16.62,16.65,16.61,16.63,
2016-04-29T09:20:00+05:30,16.63,16.64,16.6,16.6,
2016-04-29T09:21:00+05:30,16.6,16.67,16.52,16.52,
2016-04-29T09:22:00+05:30,16.51,16.64,16.51,16.58,
2016-04-29T09:23:00+05:30,16.59,16.64,16.59,16.61,
2016-04-29T09:24:00+05:30,16.63,16.66,16.58,16.64,
2016-04-29T09:25:00+05:30,16.62,16.72,16.61,16.61,
2016-04-29T09:26:00+05:30,16.61,16.66,16.59,16.64,
2016-04-29T09:27:00+05:30,16.64,16.64,16.61,16.62,
2016-04-29T09:28:00+05:30,16.63,16.64,16.59,16.61,
2016-04-29T09:29:00+05:30,16.61,16.61,16.58,16.6,
2016-04-29T09:30:00+05:30,16.6,16.61,16.57,16.58,
2016-04-29T09:31:00+05:30,16.58,16.59,16.56,16.59,
2016-04-29T09:32:00+05:30,16.58,16.6,16.55,16.6,
2016-04-29T09:33:00+05:30,16.61,16.62,16.6,16.62,
2016-04-29T09:34:00+05:30,16.63,16.64,16.58,16.59,
2016-04-29T09:35:00+05:30,16.59,16.59,16.5,16.52,
2016-04-29T09:36:00+05:30,16.52,16.55,16.52,16.53,
2016-04-29T09:37:00+05:30,16.51,16.57,16.5,16.54,
2016-04-29T09:38:00+05:30,16.54,16.55,16.51,16.53,
2016-04-29T09:39:00+05:30,16.54,16.55,16.52,16.53,
2016-04-29T09:40:00+05:30,16.52,16.54,16.51,16.54,
2016-04-29T09:41:00+05:30,16.54,16.55,16.51,16.53,
2016-04-29T09:42:00+05:30,16.52,16.54,16.48,16.49,
2016-04-29T09:43:00+05:30,16.49,16.5,16.44,16.49,
2016-04-29T09:44:00+05:30,16.48,16.48,16.22,16.22,
2016-04-29T09:45:00+05:30,16.21,16.23,16.11,16.15,
2016-04-29T09:46:00+05:30,16.22,16.3,16.22,16.3,
2016-04-29T09:47:00+05:30,16.29,16.38,16.28,16.34,
2016-04-29T09:48:00+05:30,16.35,16.35,16.27,16.32,
2016-04-29T09:49:00+05:30,16.32,16.34,16.07,16.11,
2016-04-29T09:50:00+05:30,16.11,16.16,16.07,16.15,
2016-04-29T09:51:00+05:30,16.15,16.18,16.14,16.17,
2016-04-29T09:52:00+05:30,16.17,16.28,16.17,16.28,
2016-04-29T09:53:00+05:30,16.29,16.35,16.24,16.35,
2016-04-29T09:54:00+05:30,16.35,16.35,16.3,16.32,
2016-04-29T09:55:00+05:30,16.32,16.36,16.3,16.33,
2016-04-29T09:56:00+05:30,16.35,16.35,16.28,16.29,
2016-04-29T09:57:00+05:30,16.29,16.31,16.23,16.28,
2016-04-29T09:58:00+05:30,16.28,16.34,16.28,16.32,
2016-04-29T09:59:00+05:30,16.32,16.34,16.27,16.32,
2016-04-29T10:00:00+05:30,16.32,16.38,16.32,16.38,
2016-04-29T10:01:00+05:30,16.38,16.43,16.36,16.38,
2016-04-29T10:02:00+05:30,16.38,16.43,16.38,16.43,
2016-04-29T10:03:00+05:30,16.42,16.47,16.42,16.47,
2016-04-29T10:04:00+05:30,16.47,16.55,16.47,16.53,
2016-04-29T10:05:00+05:30,16.53,16.56,16.53,16.55,
2016-04-29T10:06:00+05:30,16.55,16.55,16.51,16.52,
2016-04-29T10:07:00+05:30,16.51,16.52,16.48,16.49,
2016-04-29T10:08:00+05:30,16.49,16.53,16.48,16.52,
2016-04-29T10:09:00+05:30,16.52,16.56,16.51,16.55,
2016-04-29T10:10:00+05:30,16.55,16.57,16.51,16.51,
2016-04-29T10:11:00+05:30,16.51,16.55,16.5,16.55,
2016-04-29T10:12:00+05:30,16.55,16.61,16.55,16.59,
2016-04-29T10:13:00+05:30,16.59,16.6,16.55,16.55,
2016-04-29T10:14:00+05:30,16.55,16.55,16.49,16.5,
2016-04-29T10:15:00+05:30,16.5,16.52,16.45,16.45,
2016-04-29T10:16:00+05:30,16.46,16.51,16.44,16.51,
2016-04-29T10:17:00+05:30,16.51,16.52,16.49,16.52,
2016-04-29T10:18:00+05:30,16.52,16.57,16.49,16.56,
2016-04-29T10:19:00+05:30,16.55,16.62,16.55,16.59,
2016-04-29T10:20:00+05:30,16.59,16.65,16.58,16.65,
2016-04-29T10:21:00+05:30,16.65,16.67,16.62,16.64,
2016-04-29T10:22:00+05:30,16.64,16.65,16.6,16.6,
2016-04-29T10:23:00+05:30,16.61,16.63,16.58,16.59,
2016-04-29T10:24:00+05:30,16.59,16.67,16.59,16.65,
2016-04-29T10:25:00+05:30,16.65,16.65,16.62,16.63,
2016-04-29T10:26:00+05:30,16.63,16.66,16.62,16.65,
2016-04-29T10:27:00+05:30,16.64,16.64,16.58,16.61,
2016-04-29T10:28:00+05:30,16.61,16.64,16.6,16.62,
2016-04-29T10:29:00+05:30,16.61,16.65,16.6,16.64,
2016-04-29T10:30:00+05:30,16.65,16.66,16.61,16.66,
2016-04-29T10:31:00+05:30,16.66,16.68,16.61,16.65,
2016-04-29T10:32:00+05:30,16.64,16.7,16.63,16.65,
2016-04-29T10:33:00+05:30,16.65,16.68,16.63,16.65,
2016-04-29T10:34:00+05:30,16.65,16.65,16.56,16.6,
2016-04-29T10:35:00+05:30,16.6,16.65,16.56,16.6,
2016-04-29T10:36:00+05:30,16.59,16.64,16.59,16.61,
2016-04-29T10:37:00+05:30,16.61,16.66,16.6,16.6,
2016-04-29T10:38:00+05:30,16.6,16.64,16.56,16.56,
2016-04-29T10:39:00+05:30,16.53,16.55,16.46,16.49,
2016-04-29T10:40:00+05:30,16.49,16.5,16.45,16.45,
2016-04-29T10:41:00+05:30,16.45,16.46,16.42,16.45,
2016-04-29T10:42:00+05:30,16.44,16.49,16.41,16.49,
2016-04-29T10:43:00+05:30,16.5,16.5,16.42,16.43,
2016-04-29T10:44:00+05:30,16.43,16.43,16.31,16.4,
2016-04-29T10:45:00+05:30,16.4,16.45,16.4,16.41,
2016-04-29T10:46:00+05:30,16.41,16.49,16.37,16.48,
2016-04-29T10:47:00+05:30,16.48,16.52,16.46,16.51,
2016-04-29T10:48:00+05:30,16.51,16.54,16.49,16.49,
2016-04-29T10:49:00+05:30,16.5,16.57,16.5,16.56,
2016-04-29T10:50:00+05:30,16.55,16.56,16.52,16.52,
2016-04-29T10:51:00+05:30,16.53,16.55,16.52,16.53,
2016-04-29T10:52:00+05:30,16.53,16.55,16.52,16.55,
2016-04-29T10:53:00+05:30,16.56,16.63,16.56,16.61,
2016-04-29T10:54:00+05:30,16.61,16.65,16.61,16.65,
2016-04-29T10:55:00+05:30,16.65,16.65,16.61,16.63,
2016-04-29T10:56:00+05:30,16.63,16.66,16.63,16.64,
2016-04-29T10:57:00+05:30,16.64,16.69,16.64,16.65,
2016-04-29T10:58:00+05:30,16.64,16.68,16.63,16.66,
2016-04-29T10:59:00+05:30,16.66,16.71,16.65,16.68,
2016-04-29T11:00:00+05:30,16.67,16.69,16.6,16.6,
2016-04-29T11:01:00+05:30,16.61,16.67,16.6,16.67,
2016-04-29T11:02:00+05:30,16.67,16.67,16.59,16.64,
2016-04-29T11:03:00+05:30,16.65,16.71,16.65,16.66,
2016-04-29T11:04:00+05:30,16.65,16.7,16.65,16.69,
2016-04-29T11:05:00+05:30,16.69,16.74,16.69,16.7,
2016-04-29T11:06:00+05:30,16.71,16.76,16.71,16.74,
2016-04-29T11:07:00+05:30,16.74,16.77,16.72,16.77,
2016-04-29T11:08:00+05:30,16.77,16.8,16.76,16.79,
2016-04-29T11:09:00+05:30,16.79,16.79,16.77,16.78,
2016-04-29T11:10:00+05:30,16.78,16.81,16.77,16.78,
2016-04-29T11:11:00+05:30,16.78,16.83,16.78,16.82,
2016-04-29T11:12:00+05:30,16.82,16.86,16.82,16.83,
2016-04-29T11:13:00+05:30,16.83,16.85,16.81,16.85,
2016-04-29T11:14:00+05:30,16.84,16.85,16.81,16.83,
2016-04-29T11:15:00+05:30,16.83,16.83,16.78,16.8,
2016-04-29T11:16:00+05:30,16.8,16.82,16.76,16.77,
2016-04-29T11:17:00+05:30,16.77,16.82,16.77,16.81,
2016-04-29T11:18:00+05:30,16.81,16.81,16.77,16.79,
2016-04-29T11:19:00+05:30,16.79,16.81,16.77,16.81,
2016-04-29T11:20:00+05:30,16.82,16.82,16.79,16.8,
2016-04-29T11:21:00+05:30,16.8,16.8,16.74,16.74,
2016-04-29T11:22:00+05:30,16.74,16.76,16.74,16.75,
2016-04-29T11:23:00+05:30,16.75,16.78,16.74,16.78,
2016-04-29T11:24:00+05:30,16.77,16.78,16.76,16.78,
2016-04-29T11:25:00+05:30,16.78,16.78,16.75,16.78,
2016-04-29T11:26:00+05:30,16.77,16.78,16.75,16.77,
2016-04-29T11:27:00+05:30,16.77,16.79,16.75,16.75,
2016-04-29T11:28:00+05:30,16.75,16.77,16.73,16.77,
2016-04-29T11:29:00+05:30,16.78,16.79,16.74,16.79,
2016-04-29T11:30:00+05:30,16.78,16.81,16.77,16.79,
2016-04-29T11:31:00+05:30,16.8,16.88,16.79,16.84,
2016-04-29T11:32:00+05:30,16.85,16.88,16.83,16.83,
2016-04-29T11:33:00+05:30,16.84,16.87,16.84,16.86,
2016-04-29T11:34:00+05:30,16.86,16.88,16.83,16.85,
2016-04-29T11:35:00+05:30,16.85,16.89,16.85,16.86,
2016-04-29T11:36:00+05:30,16.88,16.91,16.88,16.89,
2016-04-29T11:37:00+05:30,16.89,16.91,16.87,16.9,
2016-04-29T11:38:00+05:30,16.9,16.92,16.89,16.91,
2016-04-29T11:39:00+05:30,16.91,16.92,16.89,16.9,
2016-04-29T11:40:00+05:30,16.91,16.93,16.89,16.92,
2016-04-29T11:41:00+05:30,16.91,16.92,16.9,16.9,
2016-04-29T11:42:00+05:30,16.9,16.9,16.84,16.84,
2016-04-29T11:43:00+05:30,16.84,16.86,16.8,16.81,
2016-04-29T11:44:00+05:30,16.81,16.82,16.8,16.82,
2016-04-29T11:45:00+05:30,16.83,16.86,16.83,16.84,
2016-04-29T11:46:00+05:30,16.84,16.85,16.81,16.84,
2016-04-29T11:47:00+05:30,16.84,16.84,16.81,16.84,
2016-04-29T11:48:00+05:30,16.84,16.85,16.79,16.79,
2016-04-29T11:49:00+05:30,16.79,16.81,16.77,16.78,
2016-04-29T11:50:00+05:30,16.78,16.8,16.77,16.79,
2016-04-29T11:51:00+05:30,16.79,16.8,16.76,16.78,
2016-04-29T11:52:00+05:30,16.78,16.83,16.78,16.82,
2016-04-29T11:53:00+05:30,16.81,16.82,16.8,16.8,
2016-04-29T11:54:00+05:30,16.8,16.83,16.75,16.75,
2016-04-29T11:55:00+05:30,16.77,16.77,16.71,16.75,
2016-04-29T11:56:00+05:30,16.75,16.78,16.71,16.76,
2016-04-29T11:57:00+05:30,16.76,16.79,16.76,16.78,
2016-04-29T11:58:00+05:30,16.78,16.78,16.74,16.76,
2016-04-29T11:59:00+05:30,16.76,16.76,16.7,16.7,
2016-04-29T12:00:00+05:30,16.69,16.72,16.68,16.71,
2016-04-29T12:01:00+05:30,16.69,16.71,16.67,16.68,
2016-04-29T12:02:00+05:30,16.68,16.71,16.66,16.69,
2016-04-29T12:03:00+05:30,16.68,16.73,16.66,16.72,
2016-04-29T12:04:00+05:30,16.73,16.76,16.65,16.66,
2016-04-29T12:05:00+05:30,16.65,16.69,16.56,16.58,
2016-04-29T12:06:00+05:30,16.58,16.6,16.53,16.56,
2016-04-29T12:07:00+05:30,16.54,16.61,16.54,16.59,
2016-04-29T12:08:00+05:30,16.59,16.61,16.56,16.58,
2016-04-29T12:09:00+05:30,16.58,16.62,16.54,16.62,
2016-04-29T12:10:00+05:30,16.62,16.67,16.6,16.65,
2016-04-29T12:11:00+05:30,16.63,16.67,16.63,16.64,
2016-04-29T12:12:00+05:30,16.64,16.64,16.55,16.57,
2016-04-29T12:13:00+05:30,16.56,16.62,16.56,16.62,
2016-04-29T12:14:00+05:30,16.62,16.62,16.57,16.59,
2016-04-29T12:15:00+05:30,16.59,16.62,16.55,16.6,
2016-04-29T12:16:00+05:30,16.63,16.63,16.56,16.58,
2016-04-29T12:17:00+05:30,16.57,16.6,16.57,16.57,
2016-04-29T12:18:00+05:30,16.56,16.6,16.55,16.57,
2016-04-29T12:19:00+05:30,16.55,16.59,16.52,16.52,
2016-04-29T12:20:00+05:30,16.52,16.59,16.51,16.54,
2016-04-29T12:21:00+05:30,16.54,16.6,16.54,16.59,
2016-04-29T12:22:00+05:30,16.6,16.62,16.57,16.62,
2016-04-29T12:23:00+05:30,16.62,16.66,16.6,16.66,
2016-04-29T12:24:00+05:30,16.67,16.67,16.6,16.61,
2016-04-29T12:25:00+05:30,16.61,16.67,16.59,16.67,
2016-04-29T12:26:00+05:30,16.67,16.68,16.64,16.67,
2016-04-29T12:27:00+05:30,16.67,16.72,16.67,16.72,
2016-04-29T12:28:00+05:30,16.71,16.73,16.68,16.7,
2016-04-29T12:29:00+05:30,16.7,16.73,16.66,16.68,
2016-04-29T12:30:00+05:30,16.67,16.76,16.67,16.74,
2016-04-29T12:31:00+05:30,16.74,16.8,16.72,16.72,
2016-04-29T12:32:00+05:30,16.72,16.75,16.7,16.71,
2016-04-29T12:33:00+05:30,16.7,16.78,16.7,16.77,
2016-04-29T12:34:00+05:30,16.77,16.79,16.74,16.75,
2016-04-29T12:35:00+05:30,16.74,16.8,16.74,16.78,
2016-04-29T12:36:00+05:30,16.78,16.79,16.75,16.78,
2016-04-29T12:37:00+05:30,16.78,16.8,16.76,16.76,
2016-04-29T12:38:00+05:30,16.75,16.79,16.74,16.76,
2016-04-29T12:39:00+05:30,16.76,16.78,16.75,16.77,
2016-04-29T12:40:00+05:30,16.77,16.77,16.66,16.66,
2016-04-29T12:41:00+05:30,16.67,16.74,16.65,16.72,
2016-04-29T12:42:00+05:30,16.72,16.75,16.71,16.74,
2016-04-29T12:43:00+05:30,16.74,16.77,16.73,16.76,
2016-04-29T12:44:00+05:30,16.76,16.84,16.76,16.84,
2016-04-29T12:45:00+05:30,16.84,16.85,16.8,16.84,
2016-04-29T12:46:00+05:30,16.83,16.86,16.82,16.83,
2016-04-29T12:47:00+05:30,16.82,16.85,16.8,16.83,
2016-04-29T12:48:00+05:30,16.83,16.85,16.81,16.82,
2016-04-29T12:49:00+05:30,16.82,16.89,16.82,16.85,
2016-04-29T12:50:00+05:30,16.85,16.9,16.85,16.88,
2016-04-29T12:51:00+05:30,16.88,16.88,16.84,16.85,
2016-04-29T12:52:00+05:30,16.85,16.86,16.8,16.8,
2016-04-29T12:53:00+05:30,16.8,16.85,16.8,16.84,
2016-04-29T12:54:00+05:30,16.82,16.85,16.8,16.84,
2016-04-29T12:55:00+05:30,16.84,16.86,16.81,16.83,
2016-04-29T12:56:00+05:30,16.83,16.88,16.82,16.88,
2016-04-29T12:57:00+05:30,16.88,16.9,16.85,16.88,
2016-04-29T12:58:00+05:30,16.87,16.88,16.82,16.84,
2016-04-29T12:59:00+05:30,16.84,16.88,16.84,16.87,
2016-04-29T13:00:00+05:30,16.86,16.9,16.83,16.9,
2016-04-29T13:01:00+05:30,16.91,16.95,16.88,16.94,
2016-04-29T13:02:00+05:30,16.94,17.06,16.94,17.03,
2016-04-29T13:03:00+05:30,17.02,17.09,17.02,17.02,
2016-04-29T13:04:00+05:30,17.02,17.07,17.02,17.07,
2016-04-29T13:05:00+05:30,17.06,17.06,16.95,16.96,
2016-04-29T13:06:00+05:30,16.97,17,16.95,16.98,
2016-04-29T13:07:00+05:30,16.99,16.99,16.92,16.96,
2016-04-29T13:08:00+05:30,16.95,16.97,16.87,16.93,
2016-04-29T13:09:00+05:30,16.94,16.95,16.89,16.93,
2016-04-29T13:10:00+05:30,16.93,16.93,16.89,16.93,
2016-04-29T13:11:00+05:30,16.92,16.95,16.86,16.87,
2016-04-29T13:12:00+05:30,16.88,16.92,16.83,16.92,
2016-04-29T13:13:00+05:30,16.93,16.96,16.9,16.92,
2016-04-29T13:14:00+05:30,16.91,16.96,16.91,16.94,
2016-04-29T13:15:00+05:30,16.94,16.95,16.89,16.92,
2016-04-29T13:16:00+05:30,16.92,16.97,16.91,16.95,
2016-04-29T13:17:00+05:30,16.95,16.99,16.92,16.94,
2016-04-29T13:18:00+05:30,16.94,16.98,16.94,16.96,
2016-04-29T13:19:00+05:30,16.96,17,16.95,16.98,
2016-04-29T13:20:00+05:30,16.98,17.04,16.96,17.04,
2016-04-29T13:21:00+05:30,17.04,17.09,17.04,17.05,
2016-04-29T13:22:00+05:30,17.05,17.09,17.05,17.08,
2016-04-29T13:23:00+05:30,17.08,17.14,17.06,17.13,
2016-04-29T13:24:00+05:30,17.14,17.21,17.12,17.19,
2016-04-29T13:25:00+05:30,17.2,17.23,17.2,17.23,
2016-04-29T13:26:00+05:30,17.23,17.24,17.2,17.23,
2016-04-29T13:27:00+05:30,17.23,17.24,17.19,17.19,
2016-04-29T13:28:00+05:30,17.18,17.18,17.11,17.13,
2016-04-29T13:29:00+05:30,17.13,17.13,17.01,17.02,
2016-04-29T13:30:00+05:30,17.01,17.06,17,17.03,
2016-04-29T13:31:00+05:30,17.05,17.08,17.04,17.08,
2016-04-29T13:32:00+05:30,17.06,17.09,17.03,17.09,
2016-04-29T13:33:00+05:30,17.09,17.09,17.05,17.08,
2016-04-29T13:34:00+05:30,17.08,17.11,17.07,17.11,
2016-04-29T13:35:00+05:30,17.11,17.15,17.1,17.13,
2016-04-29T13:36:00+05:30,17.13,17.18,17.12,17.14,
2016-04-29T13:37:00+05:30,17.14,17.14,17.13,17.13,
2016-04-29T13:38:00+05:30,17.13,17.18,17.13,17.17,
2016-04-29T13:39:00+05:30,17.17,17.18,17.07,17.08,
2016-04-29T13:40:00+05:30,17.06,17.08,17,17.02,
2016-04-29T13:41:00+05:30,17.02,17.04,17.01,17.03,
2016-04-29T13:42:00+05:30,17.04,17.09,17.04,17.08,
2016-04-29T13:43:00+05:30,17.09,17.09,17.06,17.07,
2016-04-29T13:44:00+05:30,17.07,17.11,17.05,17.08,
2016-04-29T13:45:00+05:30,17.09,17.13,17.08,17.11,
2016-04-29T13:46:00+05:30,17.11,17.13,17.04,17.05,
2016-04-29T13:47:00+05:30,17.06,17.07,17.04,17.05,
2016-04-29T13:48:00+05:30,17.04,17.06,17.02,17.04,
2016-04-29T13:49:00+05:30,17.03,17.04,16.99,17.01,
2016-04-29T13:50:00+05:30,17.03,17.04,17,17.02,
2016-04-29T13:51:00+05:30,17.02,17.06,17.01,17.06,
2016-04-29T13:52:00+05:30,17.08,17.09,17.06,17.09,
2016-04-29T13:53:00+05:30,17.09,17.1,17.07,17.1,
2016-04-29T13:54:00+05:30,17.1,17.13,17.08,17.12,
2016-04-29T13:55:00+05:30,17.12,17.13,17.06,17.07,
2016-04-29T13:56:00+05:30,17.08,17.11,17.04,17.1,
2016-04-29T13:57:00+05:30,17.1,17.13,17.09,17.11,
2016-04-29T13:58:00+05:30,17.13,17.15,17.12,17.15,
2016-04-29T13:59:00+05:30,17.15,17.18,17.13,17.18,
2016-04-29T14:00:00+05:30,17.18,17.19,17.16,17.16,
2016-04-29T14:01:00+05:30,17.16,17.19,17.12,17.18,
2016-04-29T14:02:00+05:30,17.17,17.17,17.13,17.14,
2016-04-29T14:03:00+05:30,17.13,17.17,17.12,17.15,
2016-04-29T14:04:00+05:30,17.15,17.18,17.14,17.16,
2016-04-29T14:05:00+05:30,17.17,17.17,17.13,17.13,
2016-04-29T14:06:00+05:30,17.13,17.17,17.1,17.15,
2016-04-29T14:07:00+05:30,17.15,17.18,17.15,17.18,
2016-04-29T14:08:00+05:30,17.16,17.18,17.11,17.12,
2016-04-29T14:09:00+05:30,17.12,17.14,17.03,17.03,
2016-04-29T14:10:00+05:30,17.03,17.03,16.83,16.89,
2016-04-29T14:11:00+05:30,16.91,16.92,16.83,16.91,
2016-04-29T14:12:00+05:30,16.91,16.97,16.88,16.97,
2016-04-29T14:13:00+05:30,17,17.01,16.96,17.01,
2016-04-29T14:14:00+05:30,17.01,17.04,16.98,17.01,
2016-04-29T14:15:00+05:30,17.02,17.1,17.01,17.07,
2016-04-29T14:16:00+05:30,17.06,17.06,17.01,17.04,
2016-04-29T14:17:00+05:30,17.03,17.08,17.02,17.08,
2016-04-29T14:18:00+05:30,17.07,17.12,17.06,17.08,
2016-04-29T14:19:00+05:30,17.08,17.1,17.03,17.03,
2016-04-29T14:20:00+05:30,17.04,17.06,17,17.03,
2016-04-29T14:21:00+05:30,17.03,17.05,16.97,16.97,
2016-04-29T14:22:00+05:30,16.97,17.02,16.95,17,
2016-04-29T14:23:00+05:30,16.99,16.99,16.94,16.97,
2016-04-29T14:24:00+05:30,16.97,16.97,16.94,16.96,
2016-04-29T14:25:00+05:30,16.97,16.99,16.96,16.97,
2016-04-29T14:26:00+05:30,16.98,17.04,16.97,17.04,
2016-04-29T14:27:00+05:30,17.02,17.06,17.02,17.04,
2016-04-29T14:28:00+05:30,17.04,17.04,17,17,
2016-04-29T14:29:00+05:30,17,17.03,16.98,17,
2016-04-29T14:30:00+05:30,16.98,17.06,16.97,17.04,
2016-04-29T14:31:00+05:30,17.04,17.07,17.03,17.05,
2016-04-29T14:32:00+05:30,17.06,17.09,17.02,17.04,
2016-04-29T14:33:00+05:30,17.04,17.04,16.98,17,
2016-04-29T14:34:00+05:30,17.01,17.02,16.87,16.95,
2016-04-29T14:35:00+05:30,16.96,16.97,16.85,16.86,
2016-04-29T14:36:00+05:30,16.86,16.89,16.84,16.86,
2016-04-29T14:37:00+05:30,16.86,16.89,16.83,16.89,
2016-04-29T14:38:00+05:30,16.9,16.93,16.86,16.88,
2016-04-29T14:39:00+05:30,16.88,16.88,16.79,16.83,
2016-04-29T14:40:00+05:30,16.83,16.87,16.81,16.85,
2016-04-29T14:41:00+05:30,16.85,16.91,16.84,16.85,
2016-04-29T14:42:00+05:30,16.85,16.9,16.82,16.85,
2016-04-29T14:43:00+05:30,16.86,16.89,16.84,16.87,
2016-04-29T14:44:00+05:30,16.86,16.86,16.84,16.86,
2016-04-29T14:45:00+05:30,16.85,16.89,16.84,16.84,
2016-04-29T14:46:00+05:30,16.84,16.88,16.84,16.86,
2016-04-29T14:47:00+05:30,16.87,16.87,16.8,16.8,
2016-04-29T14:48:00+05:30,16.8,16.87,16.8,16.87,
2016-04-29T14:49:00+05:30,16.87,16.87,16.79,16.82,
2016-04-29T14:50:00+05:30,16.82,16.83,16.8,16.8,
2016-04-29T14:51:00+05:30,16.82,16.83,16.77,16.78,
2016-04-29T14:52:00+05:30,16.76,16.78,16.74,16.76,
2016-04-29T14:53:00+05:30,16.75,16.77,16.7,16.71,
2016-04-29T14:54:00+05:30,16.71,16.77,16.69,16.76,
2016-04-29T14:55:00+05:30,16.76,16.79,16.75,16.75,
2016-04-29T14:56:00+05:30,16.75,16.79,16.73,16.79,
2016-04-29T14:57:00+05:30,16.79,16.8,16.75,16.75,
2016-04-29T14:58:00+05:30,16.75,16.8,16.74,16.78,
2016-04-29T14:59:00+05:30,16.77,16.79,16.74,16.78,
2016-04-29T15:00:00+05:30,16.78,16.81,16.73,16.75,
2016-04-29T15:01:00+05:30,16.75,16.82,16.75,16.78,
2016-04-29T15:02:00+05:30,16.78,16.78,16.59,16.62,
2016-04-29T15:03:00+05:30,16.63,16.64,16.5,16.54,
2016-04-29T15:04:00+05:30,16.55,16.61,16.54,16.58,
2016-04-29T15:05:00+05:30,16.58,16.61,16.58,16.58,
2016-04-29T15:06:00+05:30,16.58,16.61,16.5,16.52,
2016-04-29T15:07:00+05:30,16.53,16.56,16.47,16.47,
2016-04-29T15:08:00+05:30,16.49,16.49,16.45,16.48,
2016-04-29T15:09:00+05:30,16.49,16.53,16.49,16.52,
2016-04-29T15:10:00+05:30,16.52,16.52,16.43,16.47,
2016-04-29T15:11:00+05:30,16.47,16.51,16.45,16.46,
2016-04-29T15:12:00+05:30,16.46,16.55,16.46,16.53,
2016-04-29T15:13:00+05:30,16.53,16.53,16.48,16.49,
2016-04-29T15:14:00+05:30,16.5,16.51,16.47,16.5,
2016-04-29T15:15:00+05:30,16.51,16.55,16.49,16.54,
2016-04-29T15:16:00+05:30,16.54,16.56,16.52,16.53,
2016-04-29T15:17:00+05:30,16.53,16.55,16.5,16.51,
2016-04-29T15:18:00+05:30,16.51,16.54,16.49,16.52,
2016-04-29T15:19:00+05:30,16.52,16.54,16.5,16.52,
2016-04-29T15:20:00+05:30,16.53,16.54,16.51,16.52,
2016-04-29T15:21:00+05:30,16.52,16.53,16.5,16.5,
2016-04-29T15:22:00+05:30,16.51,16.52,16.5,16.52,
2016-04-29T15:23:00+05:30,16.51,16.53,16.5,16.52,
2016-04-29T15:24:00+05:30,16.52,16.52,16.47,16.48,
2016-04-29T15:25:00+05:30,16.49,16.49,16.47,16.48,
2016-04-29T15:26:00+05:30,16.48,16.5,16.46,16.5,
2016-04-29T15:27:00+05:30,16.5,16.52,16.49,16.51,
2016-04-29T15:28:00+05:30,16.51,16.54,16.51,16.54,
2016-04-29T15:29:00+05:30,16.54,16.54,16.47,16.47,
