time,open,high,low,close,volume
2020-12-01T09:15:00+05:30,19.82,20.41,19.25,20.1,
2020-12-01T09:16:00+05:30,20.1,20.22,20.07,20.22,
2020-12-01T09:17:00+05:30,20.22,20.24,20.13,20.16,
2020-12-01T09:18:00+05:30,20.17,20.18,20.13,20.18,
2020-12-01T09:19:00+05:30,20.18,20.19,19.84,19.89,
2020-12-01T09:20:00+05:30,19.89,19.95,19.89,19.95,
2020-12-01T09:21:00+05:30,19.98,20.67,19.93,19.97,
2020-12-01T09:22:00+05:30,19.97,19.97,19.85,19.85,
2020-12-01T09:23:00+05:30,19.85,20.55,19.84,20.55,
2020-12-01T09:24:00+05:30,20.55,20.56,20.54,20.56,
2020-12-01T09:25:00+05:30,20.56,20.56,19.78,19.81,
2020-12-01T09:26:00+05:30,19.81,19.84,19.78,19.84,
2020-12-01T09:27:00+05:30,19.85,20.53,19.83,20.5,
2020-12-01T09:28:00+05:30,20.5,20.53,20.48,20.51,
2020-12-01T09:29:00+05:30,20.51,20.51,19.8,20.12,
2020-12-01T09:30:00+05:30,20.12,20.52,20.12,20.51,
2020-12-01T09:31:00+05:30,20.51,20.52,20.12,20.52,
2020-12-01T09:32:00+05:30,20.52,20.53,20.51,20.52,
2020-12-01T09:33:00+05:30,20.52,20.53,20.49,20.5,
2020-12-01T09:34:00+05:30,20.5,20.52,20.47,20.48,
2020-12-01T09:35:00+05:30,20.48,20.5,20.47,20.48,
2020-12-01T09:36:00+05:30,20.49,20.56,20.49,20.56,
2020-12-01T09:37:00+05:30,20.56,20.61,20.56,20.61,
2020-12-01T09:38:00+05:30,20.61,20.61,20.56,20.57,
2020-12-01T09:39:00+05:30,20.57,20.57,20.53,20.56,
2020-12-01T09:40:00+05:30,20.55,20.57,20.53,20.53,
2020-12-01T09:41:00+05:30,20.53,20.56,20.53,20.54,
2020-12-01T09:42:00+05:30,20.54,20.57,20.53,20.55,
2020-12-01T09:43:00+05:30,20.55,20.63,20.53,20.61,
2020-12-01T09:44:00+05:30,20.61,20.63,20.56,20.62,
2020-12-01T09:45:00+05:30,20.62,20.64,20.6,20.63,
2020-12-01T09:46:00+05:30,20.64,20.65,20.62,20.63,
2020-12-01T09:47:00+05:30,20.63,20.63,20.59,20.61,
2020-12-01T09:48:00+05:30,20.61,20.62,20.58,20.61,
2020-12-01T09:49:00+05:30,20.61,20.63,20.59,20.63,
2020-12-01T09:50:00+05:30,20.63,20.66,20.61,20.61,
2020-12-01T09:51:00+05:30,20.61,20.62,20.6,20.61,
2020-12-01T09:52:00+05:30,20.61,20.62,20.45,20.45,
2020-12-01T09:53:00+05:30,20.45,20.87,20.44,20.85,
2020-12-01T09:54:00+05:30,20.85,20.87,20.84,20.86,
2020-12-01T09:55:00+05:30,20.85,20.85,20.47,20.49,
2020-12-01T09:56:00+05:30,20.49,20.5,20.46,20.48,
2020-12-01T09:57:00+05:30,20.48,20.51,20.47,20.49,
2020-12-01T09:58:00+05:30,20.49,20.54,20.48,20.49,
2020-12-01T09:59:00+05:30,20.5,20.52,20.48,20.51,
2020-12-01T10:00:00+05:30,20.51,20.51,20.44,20.45,
2020-12-01T10:01:00+05:30,20.46,20.48,20.42,20.47,
2020-12-01T10:02:00+05:30,20.45,20.8,20.41,20.79,
2020-12-01T10:03:00+05:30,20.78,20.8,20.75,20.78,
2020-12-01T10:04:00+05:30,20.77,20.79,20.74,20.74,
2020-12-01T10:05:00+05:30,20.75,20.81,20.75,20.79,
2020-12-01T10:06:00+05:30,20.79,20.81,20.77,20.8,
2020-12-01T10:07:00+05:30,20.81,20.81,20.74,20.74,
2020-12-01T10:08:00+05:30,20.74,20.78,20.72,20.74,
2020-12-01T10:09:00+05:30,20.74,20.78,20.74,20.76,
2020-12-01T10:10:00+05:30,20.76,20.83,20.74,20.83,
2020-12-01T10:11:00+05:30,20.83,20.84,20.81,20.82,
2020-12-01T10:12:00+05:30,20.81,20.84,20.79,20.79,
2020-12-01T10:13:00+05:30,20.79,20.79,20.72,20.73,
2020-12-01T10:14:00+05:30,20.73,20.74,20.72,20.74,
2020-12-01T10:15:00+05:30,20.74,20.77,20.71,20.72,
2020-12-01T10:16:00+05:30,20.72,20.74,20.72,20.72,
2020-12-01T10:17:00+05:30,20.72,20.75,20.72,20.72,
2020-12-01T10:18:00+05:30,20.73,20.73,20.7,20.73,
2020-12-01T10:19:00+05:30,20.73,20.74,20.72,20.73,
2020-12-01T10:20:00+05:30,20.73,20.75,20.72,20.74,
2020-12-01T10:21:00+05:30,20.74,20.75,20.73,20.74,
2020-12-01T10:22:00+05:30,20.74,20.74,20.72,20.72,
2020-12-01T10:23:00+05:30,20.72,20.73,20.72,20.73,
2020-12-01T10:24:00+05:30,20.73,20.75,20.71,20.71,
2020-12-01T10:25:00+05:30,20.7,20.73,20.69,20.69,
2020-12-01T10:26:00+05:30,20.69,20.72,20.69,20.71,
2020-12-01T10:27:00+05:30,20.71,20.72,20.69,20.72,
2020-12-01T10:28:00+05:30,20.72,20.73,20.69,20.69,
2020-12-01T10:29:00+05:30,20.7,20.71,20.68,20.7,
2020-12-01T10:30:00+05:30,20.7,20.72,20.68,20.7,
2020-12-01T10:31:00+05:30,20.7,20.72,20.69,20.71,
2020-12-01T10:32:00+05:30,20.71,20.74,20.71,20.74,
2020-12-01T10:33:00+05:30,20.74,20.74,20.71,20.72,
2020-12-01T10:34:00+05:30,20.69,20.71,20.69,20.71,
2020-12-01T10:35:00+05:30,20.71,20.71,20.67,20.67,
2020-12-01T10:36:00+05:30,20.67,20.67,20.61,20.65,
2020-12-01T10:37:00+05:30,20.65,20.65,20.61,20.65,
2020-12-01T10:38:00+05:30,20.65,20.67,20.64,20.67,
2020-12-01T10:39:00+05:30,20.67,20.68,20.65,20.67,
2020-12-01T10:40:00+05:30,20.66,20.67,20.64,20.67,
2020-12-01T10:41:00+05:30,20.67,20.68,20.63,20.67,
2020-12-01T10:42:00+05:30,20.67,20.71,20.65,20.7,
2020-12-01T10:43:00+05:30,20.7,20.78,20.66,20.76,
2020-12-01T10:44:00+05:30,20.76,20.78,20.75,20.76,
2020-12-01T10:45:00+05:30,20.76,20.83,20.73,20.83,
2020-12-01T10:46:00+05:30,20.83,20.86,20.8,20.82,
2020-12-01T10:47:00+05:30,20.82,20.84,20.82,20.84,
2020-12-01T10:48:00+05:30,20.84,20.85,20.83,20.85,
2020-12-01T10:49:00+05:30,20.85,20.86,20.83,20.85,
2020-12-01T10:50:00+05:30,20.85,20.86,20.82,20.82,
2020-12-01T10:51:00+05:30,20.82,20.84,20.81,20.84,
2020-12-01T10:52:00+05:30,20.84,20.84,20.79,20.8,
2020-12-01T10:53:00+05:30,20.8,20.81,20.77,20.77,
2020-12-01T10:54:00+05:30,20.77,20.8,20.75,20.8,
2020-12-01T10:55:00+05:30,20.8,20.83,20.8,20.83,
2020-12-01T10:56:00+05:30,20.83,20.83,20.81,20.81,
2020-12-01T10:57:00+05:30,20.81,20.82,20.8,20.81,
2020-12-01T10:58:00+05:30,20.81,20.84,20.8,20.8,
2020-12-01T10:59:00+05:30,20.8,20.81,20.8,20.8,
2020-12-01T11:00:00+05:30,20.8,20.81,20.79,20.8,
2020-12-01T11:01:00+05:30,20.8,20.81,20.79,20.8,
2020-12-01T11:02:00+05:30,20.8,20.81,20.77,20.78,
2020-12-01T11:03:00+05:30,20.78,20.79,20.74,20.74,
2020-12-01T11:04:00+05:30,20.74,20.77,20.71,20.71,
2020-12-01T11:05:00+05:30,20.7,20.76,20.7,20.76,
2020-12-01T11:06:00+05:30,20.76,20.78,20.75,20.77,
2020-12-01T11:07:00+05:30,20.77,20.79,20.76,20.79,
2020-12-01T11:08:00+05:30,20.79,20.8,20.78,20.79,
2020-12-01T11:09:00+05:30,20.79,20.8,20.77,20.8,
2020-12-01T11:10:00+05:30,20.8,20.8,20.75,20.75,
2020-12-01T11:11:00+05:30,20.75,20.75,20.69,20.7,
2020-12-01T11:12:00+05:30,20.7,20.74,20.7,20.7,
2020-12-01T11:13:00+05:30,20.7,20.75,20.7,20.75,
2020-12-01T11:14:00+05:30,20.75,20.76,20.72,20.72,
2020-12-01T11:15:00+05:30,20.72,20.73,20.7,20.71,
2020-12-01T11:16:00+05:30,20.71,20.72,20.7,20.71,
2020-12-01T11:17:00+05:30,20.71,20.74,20.7,20.72,
2020-12-01T11:18:00+05:30,20.72,20.74,20.71,20.72,
2020-12-01T11:19:00+05:30,20.72,20.72,20.7,20.71,
2020-12-01T11:20:00+05:30,20.71,20.72,20.7,20.72,
2020-12-01T11:21:00+05:30,20.72,20.72,20.68,20.71,
2020-12-01T11:22:00+05:30,20.71,20.75,20.69,20.75,
2020-12-01T11:23:00+05:30,20.75,20.76,20.72,20.74,
2020-12-01T11:24:00+05:30,20.73,20.78,20.73,20.78,
2020-12-01T11:25:00+05:30,20.78,20.8,20.77,20.78,
2020-12-01T11:26:00+05:30,20.79,20.79,20.76,20.79,
2020-12-01T11:27:00+05:30,20.78,20.78,20.75,20.76,
2020-12-01T11:28:00+05:30,20.76,20.78,20.72,20.72,
2020-12-01T11:29:00+05:30,20.71,20.79,20.71,20.78,
2020-12-01T11:30:00+05:30,20.78,20.78,20.74,20.76,
2020-12-01T11:31:00+05:30,20.75,20.77,20.74,20.76,
2020-12-01T11:32:00+05:30,20.76,20.76,20.74,20.76,
2020-12-01T11:33:00+05:30,20.76,20.77,20.74,20.74,
2020-12-01T11:34:00+05:30,20.73,20.76,20.73,20.76,
2020-12-01T11:35:00+05:30,20.77,20.78,20.75,20.75,
2020-12-01T11:36:00+05:30,20.75,20.77,20.75,20.76,
2020-12-01T11:37:00+05:30,20.76,20.79,20.76,20.78,
2020-12-01T11:38:00+05:30,20.79,20.79,20.76,20.77,
2020-12-01T11:39:00+05:30,20.76,20.79,20.74,20.74,
2020-12-01T11:40:00+05:30,20.74,20.77,20.73,20.76,
2020-12-01T11:41:00+05:30,20.76,20.8,20.76,20.8,
2020-12-01T11:42:00+05:30,20.79,20.81,20.78,20.8,
2020-12-01T11:43:00+05:30,20.81,20.84,20.8,20.82,
2020-12-01T11:44:00+05:30,20.82,20.84,20.81,20.81,
2020-12-01T11:45:00+05:30,20.8,20.83,20.79,20.8,
2020-12-01T11:46:00+05:30,20.8,20.81,20.79,20.8,
2020-12-01T11:47:00+05:30,20.8,20.82,20.79,20.8,
2020-12-01T11:48:00+05:30,20.81,20.84,20.81,20.82,
2020-12-01T11:49:00+05:30,20.81,20.84,20.81,20.81,
2020-12-01T11:50:00+05:30,20.82,20.82,20.79,20.79,
2020-12-01T11:51:00+05:30,20.79,20.8,20.77,20.78,
2020-12-01T11:52:00+05:30,20.78,20.79,20.76,20.76,
2020-12-01T11:53:00+05:30,20.76,20.77,20.75,20.76,
2020-12-01T11:54:00+05:30,20.76,20.78,20.75,20.75,
2020-12-01T11:55:00+05:30,20.75,20.79,20.75,20.78,
2020-12-01T11:56:00+05:30,20.78,20.79,20.65,20.66,
2020-12-01T11:57:00+05:30,20.66,20.71,20.65,20.69,
2020-12-01T11:58:00+05:30,20.7,20.77,20.69,20.76,
2020-12-01T11:59:00+05:30,20.76,20.79,20.75,20.76,
2020-12-01T12:00:00+05:30,20.76,20.78,20.76,20.78,
2020-12-01T12:01:00+05:30,20.78,20.78,20.76,20.76,
2020-12-01T12:02:00+05:30,20.76,20.8,20.76,20.79,
2020-12-01T12:03:00+05:30,20.79,20.8,20.77,20.78,
2020-12-01T12:04:00+05:30,20.77,20.78,20.75,20.75,
2020-12-01T12:05:00+05:30,20.75,20.77,20.75,20.77,
2020-12-01T12:06:00+05:30,20.77,21.24,20.76,20.76,
2020-12-01T12:07:00+05:30,20.76,20.77,20.74,20.75,
2020-12-01T12:08:00+05:30,20.75,20.78,20.75,20.78,
2020-12-01T12:09:00+05:30,20.78,20.81,20.74,20.74,
2020-12-01T12:10:00+05:30,20.74,20.77,20.74,20.76,
2020-12-01T12:11:00+05:30,20.75,20.75,20.74,20.75,
2020-12-01T12:12:00+05:30,20.75,20.76,20.73,20.76,
2020-12-01T12:13:00+05:30,20.76,20.77,20.72,20.73,
2020-12-01T12:14:00+05:30,20.73,20.77,20.72,20.77,
2020-12-01T12:15:00+05:30,20.76,20.78,20.75,20.75,
2020-12-01T12:16:00+05:30,20.75,20.76,20.74,20.76,
2020-12-01T12:17:00+05:30,20.76,20.77,20.74,20.74,
2020-12-01T12:18:00+05:30,20.74,21.18,20.74,21.18,
2020-12-01T12:19:00+05:30,21.18,21.19,21.16,21.17,
2020-12-01T12:20:00+05:30,21.17,21.21,20.78,20.78,
2020-12-01T12:21:00+05:30,20.78,20.79,20.77,20.77,
2020-12-01T12:22:00+05:30,20.77,20.79,20.76,20.79,
2020-12-01T12:23:00+05:30,20.79,20.79,20.77,20.78,
2020-12-01T12:24:00+05:30,20.78,20.79,20.77,20.77,
2020-12-01T12:25:00+05:30,20.77,20.78,20.76,20.76,
2020-12-01T12:26:00+05:30,20.77,20.78,20.76,20.77,
2020-12-01T12:27:00+05:30,20.77,20.78,20.75,20.75,
2020-12-01T12:28:00+05:30,20.75,20.85,20.7,20.71,
2020-12-01T12:29:00+05:30,20.71,20.73,20.7,20.73,
2020-12-01T12:30:00+05:30,20.73,20.74,20.66,20.66,
2020-12-01T12:31:00+05:30,20.65,20.66,20.58,20.61,
2020-12-01T12:32:00+05:30,20.61,20.68,20.61,20.68,
2020-12-01T12:33:00+05:30,20.68,20.7,20.67,20.7,
2020-12-01T12:34:00+05:30,20.7,20.73,20.7,20.72,
2020-12-01T12:35:00+05:30,20.73,20.75,20.71,20.75,
2020-12-01T12:36:00+05:30,20.76,20.78,20.75,20.77,
2020-12-01T12:37:00+05:30,20.77,20.82,20.76,20.82,
2020-12-01T12:38:00+05:30,20.81,20.82,20.79,20.8,
2020-12-01T12:39:00+05:30,20.8,20.85,20.8,20.82,
2020-12-01T12:40:00+05:30,20.81,20.87,20.81,20.84,
2020-12-01T12:41:00+05:30,20.84,20.87,20.84,20.84,
2020-12-01T12:42:00+05:30,20.84,20.84,20.79,20.82,
2020-12-01T12:43:00+05:30,20.82,20.85,20.81,20.85,
2020-12-01T12:44:00+05:30,20.84,20.85,20.81,20.84,
2020-12-01T12:45:00+05:30,20.84,20.84,20.8,20.82,
2020-12-01T12:46:00+05:30,20.82,20.82,20.78,20.78,
2020-12-01T12:47:00+05:30,20.78,20.79,20.73,20.79,
2020-12-01T12:48:00+05:30,20.79,20.8,20.78,20.79,
2020-12-01T12:49:00+05:30,20.79,20.8,20.78,20.79,
2020-12-01T12:50:00+05:30,20.79,20.82,20.77,20.8,
2020-12-01T12:51:00+05:30,20.8,20.83,20.79,20.81,
2020-12-01T12:52:00+05:30,20.81,20.82,20.78,20.78,
2020-12-01T12:53:00+05:30,20.78,20.78,20.75,20.75,
2020-12-01T12:54:00+05:30,20.76,20.78,20.75,20.76,
2020-12-01T12:55:00+05:30,20.76,20.77,20.72,20.73,
2020-12-01T12:56:00+05:30,20.73,20.75,20.73,20.74,
2020-12-01T12:57:00+05:30,20.74,20.76,20.73,20.74,
2020-12-01T12:58:00+05:30,20.74,20.76,20.72,20.74,
2020-12-01T12:59:00+05:30,20.74,20.76,20.74,20.76,
2020-12-01T13:00:00+05:30,20.75,20.79,20.75,20.77,
2020-12-01T13:01:00+05:30,20.77,20.77,20.75,20.76,
2020-12-01T13:02:00+05:30,20.76,20.77,20.75,20.77,
2020-12-01T13:03:00+05:30,20.76,20.78,20.75,20.76,
2020-12-01T13:04:00+05:30,20.76,20.77,20.75,20.76,
2020-12-01T13:05:00+05:30,20.76,20.76,20.73,20.74,
2020-12-01T13:06:00+05:30,20.74,20.75,20.7,20.71,
2020-12-01T13:07:00+05:30,20.71,20.74,20.67,20.69,
2020-12-01T13:08:00+05:30,20.69,20.73,20.68,20.72,
2020-12-01T13:09:00+05:30,20.71,20.72,20.71,20.71,
2020-12-01T13:10:00+05:30,20.71,20.72,20.7,20.7,
2020-12-01T13:11:00+05:30,20.7,20.72,20.7,20.72,
2020-12-01T13:12:00+05:30,20.72,20.72,20.67,20.68,
2020-12-01T13:13:00+05:30,20.68,20.68,20.66,20.67,
2020-12-01T13:14:00+05:30,20.67,20.68,20.66,20.67,
2020-12-01T13:15:00+05:30,20.67,20.69,20.67,20.68,
2020-12-01T13:16:00+05:30,20.68,20.69,20.66,20.67,
2020-12-01T13:17:00+05:30,20.67,20.7,20.66,20.68,
2020-12-01T13:18:00+05:30,20.68,20.68,20.66,20.67,
2020-12-01T13:19:00+05:30,20.67,20.69,20.67,20.68,
2020-12-01T13:20:00+05:30,20.68,20.71,20.67,20.7,
2020-12-01T13:21:00+05:30,20.7,20.7,20.65,20.65,
2020-12-01T13:22:00+05:30,20.65,20.69,20.65,20.68,
2020-12-01T13:23:00+05:30,20.68,20.7,20.67,20.69,
2020-12-01T13:24:00+05:30,20.69,20.7,20.67,20.67,
2020-12-01T13:25:00+05:30,20.67,20.69,20.67,20.69,
2020-12-01T13:26:00+05:30,20.69,20.7,20.67,20.67,
2020-12-01T13:27:00+05:30,20.67,20.69,20.66,20.67,
2020-12-01T13:28:00+05:30,20.67,20.7,20.67,20.7,
2020-12-01T13:29:00+05:30,20.7,20.71,20.69,20.71,
2020-12-01T13:30:00+05:30,20.71,20.72,20.69,20.69,
2020-12-01T13:31:00+05:30,20.69,20.7,20.67,20.7,
2020-12-01T13:32:00+05:30,20.7,20.7,20.67,20.67,
2020-12-01T13:33:00+05:30,20.67,20.7,20.66,20.67,
2020-12-01T13:34:00+05:30,20.67,20.68,20.66,20.66,
2020-12-01T13:35:00+05:30,20.66,20.69,20.66,20.66,
2020-12-01T13:36:00+05:30,20.65,20.67,20.63,20.67,
2020-12-01T13:37:00+05:30,20.67,20.68,20.66,20.66,
2020-12-01T13:38:00+05:30,20.66,20.68,20.64,20.66,
2020-12-01T13:39:00+05:30,20.66,20.66,20.57,20.63,
2020-12-01T13:40:00+05:30,20.63,20.66,20.63,20.64,
2020-12-01T13:41:00+05:30,20.64,20.67,20.64,20.67,
2020-12-01T13:42:00+05:30,20.67,20.71,20.66,20.71,
2020-12-01T13:43:00+05:30,20.73,20.76,20.73,20.76,
2020-12-01T13:44:00+05:30,20.76,20.79,20.73,20.74,
2020-12-01T13:45:00+05:30,20.74,20.76,20.72,20.76,
2020-12-01T13:46:00+05:30,20.76,20.76,20.73,20.73,
2020-12-01T13:47:00+05:30,20.73,20.73,20.71,20.73,
2020-12-01T13:48:00+05:30,20.73,20.74,20.69,20.71,
2020-12-01T13:49:00+05:30,20.71,20.73,20.7,20.73,
2020-12-01T13:50:00+05:30,20.73,20.73,20.72,20.72,
2020-12-01T13:51:00+05:30,20.73,20.77,20.73,20.77,
2020-12-01T13:52:00+05:30,20.77,20.77,20.69,20.7,
2020-12-01T13:53:00+05:30,20.7,20.75,20.7,20.73,
2020-12-01T13:54:00+05:30,20.73,20.73,20.69,20.7,
2020-12-01T13:55:00+05:30,20.7,20.73,20.69,20.7,
2020-12-01T13:56:00+05:30,20.69,20.76,20.69,20.74,
2020-12-01T13:57:00+05:30,20.74,20.75,20.71,20.71,
2020-12-01T13:58:00+05:30,20.71,20.74,20.71,20.72,
2020-12-01T13:59:00+05:30,20.73,20.74,20.72,20.74,
2020-12-01T14:00:00+05:30,20.73,20.74,20.72,20.73,
2020-12-01T14:01:00+05:30,20.73,20.75,20.71,20.73,
2020-12-01T14:02:00+05:30,20.73,20.74,20.72,20.74,
2020-12-01T14:03:00+05:30,20.74,20.76,20.73,20.73,
2020-12-01T14:04:00+05:30,20.73,20.77,20.7,20.7,
2020-12-01T14:05:00+05:30,20.7,20.72,20.69,20.72,
2020-12-01T14:06:00+05:30,20.72,20.72,20.68,20.69,
2020-12-01T14:07:00+05:30,20.69,20.71,20.67,20.68,
2020-12-01T14:08:00+05:30,20.68,20.68,20.62,20.63,
2020-12-01T14:09:00+05:30,20.64,20.67,20.63,20.65,
2020-12-01T14:10:00+05:30,20.65,20.71,20.65,20.7,
2020-12-01T14:11:00+05:30,20.7,20.72,20.67,20.67,
2020-12-01T14:12:00+05:30,20.67,20.73,20.67,20.72,
2020-12-01T14:13:00+05:30,20.72,20.73,20.67,20.72,
2020-12-01T14:14:00+05:30,20.72,20.79,20.72,20.78,
2020-12-01T14:15:00+05:30,20.78,20.8,20.76,20.77,
2020-12-01T14:16:00+05:30,20.77,20.78,20.76,20.78,
2020-12-01T14:17:00+05:30,20.78,20.79,20.77,20.77,
2020-12-01T14:18:00+05:30,20.77,20.8,20.77,20.79,
2020-12-01T14:19:00+05:30,20.79,20.81,20.79,20.81,
2020-12-01T14:20:00+05:30,20.8,20.81,20.78,20.79,
2020-12-01T14:21:00+05:30,20.79,20.81,20.78,20.8,
2020-12-01T14:22:00+05:30,20.8,20.81,20.78,20.79,
2020-12-01T14:23:00+05:30,20.79,20.79,20.75,20.76,
2020-12-01T14:24:00+05:30,20.76,20.81,20.75,20.8,
2020-12-01T14:25:00+05:30,20.8,20.83,20.79,20.82,
2020-12-01T14:26:00+05:30,20.82,20.83,20.79,20.79,
2020-12-01T14:27:00+05:30,20.79,20.81,20.78,20.79,
2020-12-01T14:28:00+05:30,20.8,20.82,20.79,20.79,
2020-12-01T14:29:00+05:30,20.79,20.79,20.74,20.74,
2020-12-01T14:30:00+05:30,20.74,20.76,20.74,20.76,
2020-12-01T14:31:00+05:30,20.76,20.76,20.73,20.74,
2020-12-01T14:32:00+05:30,20.74,20.81,20.74,20.81,
2020-12-01T14:33:00+05:30,20.81,20.81,20.78,20.79,
2020-12-01T14:34:00+05:30,20.79,20.81,20.78,20.79,
2020-12-01T14:35:00+05:30,20.78,20.81,20.74,20.76,
2020-12-01T14:36:00+05:30,20.74,20.78,20.73,20.77,
2020-12-01T14:37:00+05:30,20.77,20.8,20.77,20.79,
2020-12-01T14:38:00+05:30,20.79,20.79,20.71,20.71,
2020-12-01T14:39:00+05:30,20.73,20.74,20.71,20.72,
2020-12-01T14:40:00+05:30,20.72,20.74,20.61,20.61,
2020-12-01T14:41:00+05:30,20.61,20.66,20.61,20.65,
2020-12-01T14:42:00+05:30,20.65,20.7,20.65,20.69,
2020-12-01T14:43:00+05:30,20.7,20.72,20.7,20.71,
2020-12-01T14:44:00+05:30,20.71,20.71,20.69,20.69,
2020-12-01T14:45:00+05:30,20.69,20.7,20.69,20.69,
2020-12-01T14:46:00+05:30,20.69,20.69,20.66,20.69,
2020-12-01T14:47:00+05:30,20.69,20.69,20.64,20.65,
2020-12-01T14:48:00+05:30,20.66,20.66,20.63,20.64,
2020-12-01T14:49:00+05:30,20.64,20.66,20.63,20.63,
2020-12-01T14:50:00+05:30,20.63,20.65,20.62,20.63,
2020-12-01T14:51:00+05:30,20.63,20.64,20.62,20.64,
2020-12-01T14:52:00+05:30,20.64,20.67,20.63,20.65,
2020-12-01T14:53:00+05:30,20.65,20.66,20.62,20.62,
2020-12-01T14:54:00+05:30,20.62,20.63,20.61,20.62,
2020-12-01T14:55:00+05:30,20.62,20.64,20.61,20.64,
2020-12-01T14:56:00+05:30,20.64,20.65,20.62,20.63,
2020-12-01T14:57:00+05:30,20.63,20.65,20.61,20.64,
2020-12-01T14:58:00+05:30,20.65,20.65,20.61,20.62,
2020-12-01T14:59:00+05:30,20.62,20.64,20.61,20.61,
2020-12-01T15:00:00+05:30,20.61,20.64,20.61,20.62,
2020-12-01T15:01:00+05:30,20.64,20.65,20.63,20.63,
2020-12-01T15:02:00+05:30,20.63,20.68,20.63,20.67,
2020-12-01T15:03:00+05:30,20.67,20.68,20.65,20.68,
2020-12-01T15:04:00+05:30,20.68,20.69,20.23,20.24,
2020-12-01T15:05:00+05:30,20.24,20.24,20.22,20.23,
2020-12-01T15:06:00+05:30,20.23,20.23,20.2,20.2,
2020-12-01T15:07:00+05:30,20.2,20.2,19.94,19.94,
2020-12-01T15:08:00+05:30,19.94,20.22,19.9,20.18,
2020-12-01T15:09:00+05:30,20.18,20.19,19.9,20.19,
2020-12-01T15:10:00+05:30,20.19,20.22,19.92,20.22,
2020-12-01T15:11:00+05:30,20.22,20.22,20.18,20.22,
2020-12-01T15:12:00+05:30,20.22,20.24,20.2,20.2,
2020-12-01T15:13:00+05:30,20.2,20.21,20.19,20.2,
2020-12-01T15:14:00+05:30,20.2,20.23,20.2,20.22,
2020-12-01T15:15:00+05:30,20.22,20.23,20.17,20.18,
2020-12-01T15:16:00+05:30,20.18,20.21,20.17,20.21,
2020-12-01T15:17:00+05:30,20.21,20.21,20.17,20.17,
2020-12-01T15:18:00+05:30,20.17,20.21,20.16,20.17,
2020-12-01T15:19:00+05:30,20.17,20.18,20.13,20.13,
2020-12-01T15:20:00+05:30,20.13,20.14,20.11,20.13,
2020-12-01T15:21:00+05:30,20.12,20.13,20.09,20.12,
2020-12-01T15:22:00+05:30,20.12,20.13,20.12,20.13,
2020-12-01T15:23:00+05:30,20.13,20.14,20.12,20.12,
2020-12-01T15:24:00+05:30,20.12,20.14,20.11,20.12,
2020-12-01T15:25:00+05:30,20.12,20.14,20.11,20.14,
2020-12-01T15:26:00+05:30,20.14,20.15,19.73,19.73,
2020-12-01T15:27:00+05:30,19.73,19.74,19.72,19.73,
2020-12-01T15:28:00+05:30,19.73,19.75,19.73,19.75,
2020-12-01T15:29:00+05:30,19.75,19.77,19.73,19.77,
2020-12-02T09:15:00+05:30,20.18,20.18,17.96,19.64,
2020-12-02T09:16:00+05:30,19.64,19.66,19.55,19.55,
2020-12-02T09:17:00+05:30,19.55,19.93,19.55,19.93,
2020-12-02T09:18:00+05:30,19.93,20.32,19.92,20.32,
2020-12-02T09:19:00+05:30,20.32,20.34,20.31,20.32,
2020-12-02T09:20:00+05:30,20.31,20.31,20.22,20.25,
2020-12-02T09:21:00+05:30,20.24,20.24,19.83,19.85,
2020-12-02T09:22:00+05:30,19.85,19.94,19.85,19.94,
2020-12-02T09:23:00+05:30,19.94,19.96,19.87,19.9,
2020-12-02T09:24:00+05:30,19.9,20.29,19.89,20.25,
2020-12-02T09:25:00+05:30,20.25,20.33,20.25,20.3,
2020-12-02T09:26:00+05:30,20.31,20.31,20.26,20.28,
2020-12-02T09:27:00+05:30,20.29,20.36,20.28,20.36,
2020-12-02T09:28:00+05:30,20.35,20.36,20.33,20.35,
2020-12-02T09:29:00+05:30,20.35,20.37,20.33,20.35,
2020-12-02T09:30:00+05:30,20.36,20.44,20.34,20.43,
2020-12-02T09:31:00+05:30,20.43,20.44,20.37,20.37,
2020-12-02T09:32:00+05:30,20.37,20.38,20.35,20.38,
2020-12-02T09:33:00+05:30,20.38,20.43,20.37,20.43,
2020-12-02T09:34:00+05:30,20.43,20.47,20.42,20.47,
2020-12-02T09:35:00+05:30,20.46,20.51,20.45,20.49,
2020-12-02T09:36:00+05:30,20.49,20.49,20.43,20.43,
2020-12-02T09:37:00+05:30,20.43,20.43,20.4,20.4,
2020-12-02T09:38:00+05:30,20.41,20.41,20.37,20.37,
2020-12-02T09:39:00+05:30,20.37,20.38,20.35,20.36,
2020-12-02T09:40:00+05:30,20.36,20.38,20.33,20.35,
2020-12-02T09:41:00+05:30,20.35,20.36,20.33,20.33,
2020-12-02T09:42:00+05:30,20.33,20.33,20.31,20.31,
2020-12-02T09:43:00+05:30,20.31,20.34,20.3,20.31,
2020-12-02T09:44:00+05:30,20.31,20.31,20.28,20.29,
2020-12-02T09:45:00+05:30,20.29,20.33,20.27,20.33,
2020-12-02T09:46:00+05:30,20.33,20.36,20.32,20.33,
2020-12-02T09:47:00+05:30,20.33,20.36,20.32,20.34,
2020-12-02T09:48:00+05:30,20.34,20.35,19.91,20.21,
2020-12-02T09:49:00+05:30,20.21,20.21,19.88,19.88,
2020-12-02T09:50:00+05:30,19.88,19.9,19.88,19.89,
2020-12-02T09:51:00+05:30,19.88,19.93,19.88,19.93,
2020-12-02T09:52:00+05:30,19.93,20.29,19.91,20.26,
2020-12-02T09:53:00+05:30,20.26,20.27,20.24,20.25,
2020-12-02T09:54:00+05:30,20.25,20.26,20.19,20.22,
2020-12-02T09:55:00+05:30,20.22,20.23,20.21,20.22,
2020-12-02T09:56:00+05:30,20.22,20.24,20.21,20.24,
2020-12-02T09:57:00+05:30,20.24,20.26,19.87,19.9,
2020-12-02T09:58:00+05:30,19.9,19.9,19.85,19.85,
2020-12-02T09:59:00+05:30,19.85,19.93,19.84,19.93,
2020-12-02T10:00:00+05:30,19.92,19.93,19.86,19.89,
2020-12-02T10:01:00+05:30,19.89,19.92,19.86,19.92,
2020-12-02T10:02:00+05:30,19.92,19.94,19.9,19.92,
2020-12-02T10:03:00+05:30,19.92,19.93,19.89,19.9,
2020-12-02T10:04:00+05:30,19.9,19.95,19.89,19.93,
2020-12-02T10:05:00+05:30,19.93,20.29,19.92,20.27,
2020-12-02T10:06:00+05:30,20.27,20.28,20.25,20.26,
2020-12-02T10:07:00+05:30,20.26,20.29,20.22,20.24,
2020-12-02T10:08:00+05:30,20.24,20.24,20.2,20.2,
2020-12-02T10:09:00+05:30,20.2,20.23,20.2,20.23,
2020-12-02T10:10:00+05:30,20.23,20.24,20.21,20.22,
2020-12-02T10:11:00+05:30,20.23,20.24,20.21,20.22,
2020-12-02T10:12:00+05:30,20.22,20.23,20.22,20.23,
2020-12-02T10:13:00+05:30,20.23,20.24,20.22,20.23,
2020-12-02T10:14:00+05:30,20.23,20.23,20.2,20.23,
2020-12-02T10:15:00+05:30,20.21,20.24,20.21,20.23,
2020-12-02T10:16:00+05:30,20.22,20.22,20.16,20.16,
2020-12-02T10:17:00+05:30,20.16,20.22,20.16,20.19,
2020-12-02T10:18:00+05:30,20.2,20.23,20.19,20.21,
2020-12-02T10:19:00+05:30,20.22,20.26,20.21,20.25,
2020-12-02T10:20:00+05:30,20.25,20.25,20.21,20.24,
2020-12-02T10:21:00+05:30,20.24,20.25,20.23,20.25,
2020-12-02T10:22:00+05:30,20.25,20.25,20.21,20.21,
2020-12-02T10:23:00+05:30,20.21,20.22,20.14,20.15,
2020-12-02T10:24:00+05:30,20.15,20.19,20.15,20.19,
2020-12-02T10:25:00+05:30,20.19,20.23,20.17,20.23,
2020-12-02T10:26:00+05:30,20.23,20.27,20.22,20.25,
2020-12-02T10:27:00+05:30,20.25,20.25,20.22,20.23,
2020-12-02T10:28:00+05:30,20.23,20.26,20.23,20.26,
2020-12-02T10:29:00+05:30,20.26,20.27,20.23,20.27,
2020-12-02T10:30:00+05:30,20.27,20.28,20.24,20.24,
2020-12-02T10:31:00+05:30,20.25,20.26,20.22,20.22,
2020-12-02T10:32:00+05:30,20.22,20.24,20.21,20.24,
2020-12-02T10:33:00+05:30,20.23,20.23,20.2,20.21,
2020-12-02T10:34:00+05:30,20.22,20.22,20.2,20.21,
2020-12-02T10:35:00+05:30,20.2,20.22,20.18,20.2,
2020-12-02T10:36:00+05:30,20.2,20.23,20.2,20.2,
2020-12-02T10:37:00+05:30,20.2,20.21,20.19,20.19,
2020-12-02T10:38:00+05:30,20.19,20.2,20.17,20.18,
2020-12-02T10:39:00+05:30,20.18,20.18,20.13,20.13,
2020-12-02T10:40:00+05:30,20.13,20.15,20.12,20.12,
2020-12-02T10:41:00+05:30,20.13,20.16,20.13,20.14,
2020-12-02T10:42:00+05:30,20.14,20.15,20.13,20.15,
2020-12-02T10:43:00+05:30,20.14,20.14,20.11,20.13,
2020-12-02T10:44:00+05:30,20.13,20.15,20.12,20.14,
2020-12-02T10:45:00+05:30,20.14,20.16,20.14,20.15,
2020-12-02T10:46:00+05:30,20.15,20.15,20.13,20.13,
2020-12-02T10:47:00+05:30,20.14,20.15,20.13,20.15,
2020-12-02T10:48:00+05:30,20.15,20.15,20.06,20.07,
2020-12-02T10:49:00+05:30,20.07,20.08,20.06,20.08,
2020-12-02T10:50:00+05:30,20.08,20.11,20.07,20.11,
2020-12-02T10:51:00+05:30,20.11,20.11,20.07,20.09,
2020-12-02T10:52:00+05:30,20.09,20.12,20.08,20.1,
2020-12-02T10:53:00+05:30,20.11,20.14,20.09,20.11,
2020-12-02T10:54:00+05:30,20.11,20.12,20.09,20.11,
2020-12-02T10:55:00+05:30,20.11,20.12,20.09,20.12,
2020-12-02T10:56:00+05:30,20.12,20.16,20.12,20.13,
2020-12-02T10:57:00+05:30,20.13,20.15,20.12,20.14,
2020-12-02T10:58:00+05:30,20.14,20.15,20.11,20.14,
2020-12-02T10:59:00+05:30,20.14,20.15,20.13,20.14,
2020-12-02T11:00:00+05:30,20.14,20.14,20.06,20.07,
2020-12-02T11:01:00+05:30,20.08,20.1,20.07,20.09,
2020-12-02T11:02:00+05:30,20.09,20.12,20.09,20.11,
2020-12-02T11:03:00+05:30,20.11,20.14,20.11,20.13,
2020-12-02T11:04:00+05:30,20.14,20.14,20.1,20.12,
2020-12-02T11:05:00+05:30,20.13,20.13,20.06,20.06,
2020-12-02T11:06:00+05:30,20.06,20.08,20.06,20.07,
2020-12-02T11:07:00+05:30,20.07,20.09,20.07,20.07,
2020-12-02T11:08:00+05:30,20.07,20.07,20.03,20.04,
2020-12-02T11:09:00+05:30,20.04,20.07,20.03,20.06,
2020-12-02T11:10:00+05:30,20.06,20.06,20.02,20.04,
2020-12-02T11:11:00+05:30,20.05,20.05,20.02,20.02,
2020-12-02T11:12:00+05:30,20.02,20.04,20.01,20.03,
2020-12-02T11:13:00+05:30,20.03,20.03,20.01,20.03,
2020-12-02T11:14:00+05:30,20.03,20.04,20.01,20.03,
2020-12-02T11:15:00+05:30,20.03,20.05,20.02,20.03,
2020-12-02T11:16:00+05:30,20.04,20.05,20.02,20.04,
2020-12-02T11:17:00+05:30,20.04,20.07,20.03,20.03,
2020-12-02T11:18:00+05:30,20.03,20.06,20.02,20.03,
2020-12-02T11:19:00+05:30,20.03,20.06,20.03,20.05,
2020-12-02T11:20:00+05:30,20.05,20.05,20,20.01,
2020-12-02T11:21:00+05:30,20.01,20.02,19.99,20.01,
2020-12-02T11:22:00+05:30,20.01,20.03,20,20.03,
2020-12-02T11:23:00+05:30,20.03,20.03,20,20.01,
2020-12-02T11:24:00+05:30,20.01,20.03,19.99,20.03,
2020-12-02T11:25:00+05:30,20.02,20.08,20.02,20.07,
2020-12-02T11:26:00+05:30,20.06,20.11,20.06,20.1,
2020-12-02T11:27:00+05:30,20.1,20.13,20.07,20.12,
2020-12-02T11:28:00+05:30,20.12,20.15,20.11,20.12,
2020-12-02T11:29:00+05:30,20.12,20.13,20.06,20.06,
2020-12-02T11:30:00+05:30,20.06,20.29,20.05,20.28,
2020-12-02T11:31:00+05:30,20.28,20.28,20.07,20.1,
2020-12-02T11:32:00+05:30,20.1,20.15,20.1,20.15,
2020-12-02T11:33:00+05:30,20.15,20.15,20.11,20.14,
2020-12-02T11:34:00+05:30,20.14,20.15,20.12,20.13,
2020-12-02T11:35:00+05:30,20.13,20.13,20.06,20.06,
2020-12-02T11:36:00+05:30,20.06,20.07,20.04,20.04,
2020-12-02T11:37:00+05:30,20.04,20.07,20.04,20.07,
2020-12-02T11:38:00+05:30,20.07,20.09,20.05,20.07,
2020-12-02T11:39:00+05:30,20.07,20.08,20.05,20.05,
2020-12-02T11:40:00+05:30,20.07,20.07,20.03,20.03,
2020-12-02T11:41:00+05:30,20.03,20.06,20.03,20.04,
2020-12-02T11:42:00+05:30,20.04,20.05,20.03,20.03,
2020-12-02T11:43:00+05:30,20.04,20.05,20.02,20.03,
2020-12-02T11:44:00+05:30,20.03,20.05,20.01,20.05,
2020-12-02T11:45:00+05:30,20.05,20.08,20.04,20.08,
2020-12-02T11:46:00+05:30,20.09,20.09,20.05,20.06,
2020-12-02T11:47:00+05:30,20.07,20.08,20.01,20.01,
2020-12-02T11:48:00+05:30,20.01,20.04,19.99,20.01,
2020-12-02T11:49:00+05:30,20,20.04,19.98,19.98,
2020-12-02T11:50:00+05:30,19.98,19.98,19.97,19.97,
2020-12-02T11:51:00+05:30,19.98,19.99,19.96,19.98,
2020-12-02T11:52:00+05:30,19.98,19.99,19.97,19.98,
2020-12-02T11:53:00+05:30,19.98,20.02,19.98,20.02,
2020-12-02T11:54:00+05:30,20.02,20.02,20,20,
2020-12-02T11:55:00+05:30,20,20,19.98,20,
2020-12-02T11:56:00+05:30,20,20.01,19.98,19.98,
2020-12-02T11:57:00+05:30,19.98,20.01,19.98,20,
2020-12-02T11:58:00+05:30,20,20,19.97,19.98,
2020-12-02T11:59:00+05:30,19.98,20.02,19.98,19.99,
2020-12-02T12:00:00+05:30,19.99,20,19.98,20,
2020-12-02T12:01:00+05:30,20,20.01,19.96,19.98,
2020-12-02T12:02:00+05:30,19.98,19.98,19.95,19.98,
2020-12-02T12:03:00+05:30,19.98,19.98,19.95,19.96,
2020-12-02T12:04:00+05:30,19.96,19.98,19.96,19.97,
2020-12-02T12:05:00+05:30,19.97,19.97,19.95,19.96,
2020-12-02T12:06:00+05:30,19.96,19.99,19.95,19.97,
2020-12-02T12:07:00+05:30,19.97,20,19.97,19.99,
2020-12-02T12:08:00+05:30,19.99,20.01,19.98,20,
2020-12-02T12:09:00+05:30,19.99,20.03,19.97,19.98,
2020-12-02T12:10:00+05:30,19.98,20.01,19.97,20.01,
2020-12-02T12:11:00+05:30,20.01,20.02,19.99,20.02,
2020-12-02T12:12:00+05:30,20.03,20.04,20.02,20.04,
2020-12-02T12:13:00+05:30,20.05,20.05,20.02,20.04,
2020-12-02T12:14:00+05:30,20.04,20.06,20.03,20.06,
2020-12-02T12:15:00+05:30,20.06,20.06,20,20.03,
2020-12-02T12:16:00+05:30,20.03,20.03,20.01,20.03,
2020-12-02T12:17:00+05:30,20.03,20.49,20.02,20.44,
2020-12-02T12:18:00+05:30,20.44,20.44,20.42,20.42,
2020-12-02T12:19:00+05:30,20.43,20.45,20.42,20.43,
2020-12-02T12:20:00+05:30,20.44,20.46,20.42,20.46,
2020-12-02T12:21:00+05:30,20.46,20.46,20.4,20.41,
2020-12-02T12:22:00+05:30,20.41,20.44,20.39,20.44,
2020-12-02T12:23:00+05:30,20.44,20.45,20.41,20.44,
2020-12-02T12:24:00+05:30,20.44,20.47,20.43,20.46,
2020-12-02T12:25:00+05:30,20.46,20.47,20.42,20.45,
2020-12-02T12:26:00+05:30,20.45,20.46,20.43,20.44,
2020-12-02T12:27:00+05:30,20.44,20.46,20.41,20.41,
2020-12-02T12:28:00+05:30,20.41,20.44,20.39,20.4,
2020-12-02T12:29:00+05:30,20.4,20.4,20.35,20.35,
2020-12-02T12:30:00+05:30,20.35,20.38,20.21,20.22,
2020-12-02T12:31:00+05:30,20.23,20.33,20.22,20.32,
2020-12-02T12:32:00+05:30,20.31,20.32,20.3,20.3,
2020-12-02T12:33:00+05:30,20.3,20.31,20.29,20.3,
2020-12-02T12:34:00+05:30,20.29,20.31,20.28,20.3,
2020-12-02T12:35:00+05:30,20.3,20.3,20.26,20.27,
2020-12-02T12:36:00+05:30,20.27,20.29,20.27,20.29,
2020-12-02T12:37:00+05:30,20.28,20.32,20.28,20.32,
2020-12-02T12:38:00+05:30,20.32,20.32,20.31,20.32,
2020-12-02T12:39:00+05:30,20.32,20.33,20.31,20.31,
2020-12-02T12:40:00+05:30,20.31,20.33,20.29,20.3,
2020-12-02T12:41:00+05:30,20.29,20.31,20.28,20.3,
2020-12-02T12:42:00+05:30,20.3,20.32,20.28,20.3,
2020-12-02T12:43:00+05:30,20.3,20.31,20.28,20.28,
2020-12-02T12:44:00+05:30,20.28,20.29,20.28,20.29,
2020-12-02T12:45:00+05:30,20.29,20.31,20.25,20.27,
2020-12-02T12:46:00+05:30,20.27,20.28,20.23,20.26,
2020-12-02T12:47:00+05:30,20.26,20.28,20.25,20.28,
2020-12-02T12:48:00+05:30,20.28,20.28,20.24,20.27,
2020-12-02T12:49:00+05:30,20.26,20.31,20.26,20.29,
2020-12-02T12:50:00+05:30,20.3,20.34,20.3,20.32,
2020-12-02T12:51:00+05:30,20.31,20.35,20.3,20.35,
2020-12-02T12:52:00+05:30,20.34,20.37,20.32,20.34,
2020-12-02T12:53:00+05:30,20.34,20.35,20.28,20.31,
2020-12-02T12:54:00+05:30,20.31,20.36,20.31,20.33,
2020-12-02T12:55:00+05:30,20.33,20.37,20.31,20.33,
2020-12-02T12:56:00+05:30,20.33,20.34,20.32,20.33,
2020-12-02T12:57:00+05:30,20.34,20.38,20.25,20.25,
2020-12-02T12:58:00+05:30,20.26,20.38,20.25,20.35,
2020-12-02T12:59:00+05:30,20.34,20.42,20.33,20.4,
2020-12-02T13:00:00+05:30,20.41,20.43,20.33,20.34,
2020-12-02T13:01:00+05:30,20.34,20.41,20.33,20.36,
2020-12-02T13:02:00+05:30,20.36,20.42,20.36,20.41,
2020-12-02T13:03:00+05:30,20.43,20.44,20.37,20.37,
2020-12-02T13:04:00+05:30,20.37,20.43,20.35,20.4,
2020-12-02T13:05:00+05:30,20.4,20.44,20.35,20.36,
2020-12-02T13:06:00+05:30,20.36,20.36,20.29,20.29,
2020-12-02T13:07:00+05:30,20.3,20.36,20.29,20.34,
2020-12-02T13:08:00+05:30,20.34,20.35,20.31,20.33,
2020-12-02T13:09:00+05:30,20.33,20.36,20.3,20.31,
2020-12-02T13:10:00+05:30,20.31,20.36,20.29,20.35,
2020-12-02T13:11:00+05:30,20.36,20.42,20.36,20.36,
2020-12-02T13:12:00+05:30,20.36,20.36,20.33,20.36,
2020-12-02T13:13:00+05:30,20.36,20.41,20.33,20.37,
2020-12-02T13:14:00+05:30,20.38,20.39,20.36,20.38,
2020-12-02T13:15:00+05:30,20.38,20.4,20.35,20.39,
2020-12-02T13:16:00+05:30,20.4,20.4,20.37,20.37,
2020-12-02T13:17:00+05:30,20.36,20.41,20.36,20.39,
2020-12-02T13:18:00+05:30,20.38,20.4,20.36,20.38,
2020-12-02T13:19:00+05:30,20.38,20.39,20.35,20.37,
2020-12-02T13:20:00+05:30,20.38,20.42,20.36,20.39,
2020-12-02T13:21:00+05:30,20.39,20.39,20.33,20.34,
2020-12-02T13:22:00+05:30,20.34,20.4,20.34,20.38,
2020-12-02T13:23:00+05:30,20.38,20.41,20.37,20.39,
2020-12-02T13:24:00+05:30,20.38,20.39,20.35,20.35,
2020-12-02T13:25:00+05:30,20.35,20.39,20.35,20.38,
2020-12-02T13:26:00+05:30,20.38,20.39,20.36,20.39,
2020-12-02T13:27:00+05:30,20.39,20.45,20.39,20.44,
2020-12-02T13:28:00+05:30,20.45,20.48,20.42,20.46,
2020-12-02T13:29:00+05:30,20.47,20.5,20.46,20.47,
2020-12-02T13:30:00+05:30,20.47,20.5,20.39,20.39,
2020-12-02T13:31:00+05:30,20.39,20.41,20.36,20.36,
2020-12-02T13:32:00+05:30,20.36,20.39,20.35,20.38,
2020-12-02T13:33:00+05:30,20.38,20.49,20.38,20.48,
2020-12-02T13:34:00+05:30,20.48,20.48,20.44,20.46,
2020-12-02T13:35:00+05:30,20.46,20.46,20.39,20.41,
2020-12-02T13:36:00+05:30,20.41,20.48,20.4,20.48,
2020-12-02T13:37:00+05:30,20.48,20.55,20.48,20.49,
2020-12-02T13:38:00+05:30,20.49,20.49,20.44,20.44,
2020-12-02T13:39:00+05:30,20.45,20.54,20.45,20.53,
2020-12-02T13:40:00+05:30,20.55,20.55,20.49,20.51,
2020-12-02T13:41:00+05:30,20.5,20.52,20.47,20.47,
2020-12-02T13:42:00+05:30,20.48,20.51,20.47,20.47,
2020-12-02T13:43:00+05:30,20.48,20.49,20.45,20.45,
2020-12-02T13:44:00+05:30,20.46,20.48,20.44,20.45,
2020-12-02T13:45:00+05:30,20.45,20.47,20.42,20.42,
2020-12-02T13:46:00+05:30,20.42,20.43,20.33,20.33,
2020-12-02T13:47:00+05:30,20.33,20.35,20.33,20.35,
2020-12-02T13:48:00+05:30,20.36,20.37,20.35,20.35,
2020-12-02T13:49:00+05:30,20.35,20.36,20.31,20.31,
2020-12-02T13:50:00+05:30,20.31,20.35,20.3,20.33,
2020-12-02T13:51:00+05:30,20.33,20.33,20.29,20.33,
2020-12-02T13:52:00+05:30,20.33,20.35,20.32,20.32,
2020-12-02T13:53:00+05:30,20.32,20.34,20.32,20.34,
2020-12-02T13:54:00+05:30,20.34,20.36,20.32,20.33,
2020-12-02T13:55:00+05:30,20.33,20.36,20.33,20.35,
2020-12-02T13:56:00+05:30,20.35,20.44,20.34,20.43,
2020-12-02T13:57:00+05:30,20.43,20.43,19.93,19.94,
2020-12-02T13:58:00+05:30,19.93,19.93,19.86,19.86,
2020-12-02T13:59:00+05:30,19.86,19.89,19.85,19.89,
2020-12-02T14:00:00+05:30,19.89,19.92,19.88,19.9,
2020-12-02T14:01:00+05:30,19.9,19.93,19.89,19.92,
2020-12-02T14:02:00+05:30,19.92,19.97,19.92,19.94,
2020-12-02T14:03:00+05:30,19.94,19.94,19.86,19.88,
2020-12-02T14:04:00+05:30,19.88,19.9,19.87,19.89,
2020-12-02T14:05:00+05:30,19.89,19.96,19.89,19.96,
2020-12-02T14:06:00+05:30,19.96,19.98,19.95,19.96,
2020-12-02T14:07:00+05:30,19.96,19.98,19.95,19.97,
2020-12-02T14:08:00+05:30,19.97,20,19.92,19.96,
2020-12-02T14:09:00+05:30,19.97,20.03,19.97,20.01,
2020-12-02T14:10:00+05:30,20.01,20.03,19.99,19.99,
2020-12-02T14:11:00+05:30,20,20,19.95,19.95,
2020-12-02T14:12:00+05:30,19.94,19.95,19.91,19.92,
2020-12-02T14:13:00+05:30,19.92,19.93,19.89,19.92,
2020-12-02T14:14:00+05:30,19.93,19.94,19.89,19.91,
2020-12-02T14:15:00+05:30,19.91,19.95,19.9,19.94,
2020-12-02T14:16:00+05:30,19.94,19.95,19.91,19.95,
2020-12-02T14:17:00+05:30,19.95,19.98,19.95,19.98,
2020-12-02T14:18:00+05:30,19.99,20.01,19.98,19.99,
2020-12-02T14:19:00+05:30,19.99,20.02,19.98,19.99,
2020-12-02T14:20:00+05:30,19.99,20,19.98,19.98,
2020-12-02T14:21:00+05:30,19.99,20,19.98,19.99,
2020-12-02T14:22:00+05:30,19.98,19.99,19.8,19.8,
2020-12-02T14:23:00+05:30,19.8,19.81,19.76,19.81,
2020-12-02T14:24:00+05:30,19.81,19.82,19.8,19.81,
2020-12-02T14:25:00+05:30,19.81,20.29,19.8,20.29,
2020-12-02T14:26:00+05:30,20.28,20.29,20.24,20.27,
2020-12-02T14:27:00+05:30,20.27,20.28,20.24,20.26,
2020-12-02T14:28:00+05:30,20.26,20.27,20.23,20.23,
2020-12-02T14:29:00+05:30,20.23,20.23,19.69,20.21,
2020-12-02T14:30:00+05:30,20.21,20.21,20.09,20.14,
2020-12-02T14:31:00+05:30,20.14,20.18,20.13,20.13,
2020-12-02T14:32:00+05:30,20.13,20.18,20.13,20.17,
2020-12-02T14:33:00+05:30,20.17,20.18,20.14,20.15,
2020-12-02T14:34:00+05:30,20.15,20.15,20.12,20.14,
2020-12-02T14:35:00+05:30,20.14,20.16,20.12,20.15,
2020-12-02T14:36:00+05:30,20.15,20.18,20.14,20.17,
2020-12-02T14:37:00+05:30,20.17,20.17,20.1,20.1,
2020-12-02T14:38:00+05:30,20.11,20.14,20.11,20.13,
2020-12-02T14:39:00+05:30,20.13,20.14,20.11,20.13,
2020-12-02T14:40:00+05:30,20.13,20.16,20.13,20.14,
2020-12-02T14:41:00+05:30,20.14,20.14,20.1,20.14,
2020-12-02T14:42:00+05:30,20.15,20.15,20.13,20.14,
2020-12-02T14:43:00+05:30,20.14,20.14,20.12,20.12,
2020-12-02T14:44:00+05:30,20.12,20.14,20.05,20.05,
2020-12-02T14:45:00+05:30,20.05,20.06,19.94,19.97,
2020-12-02T14:46:00+05:30,19.98,20,19.97,20,
2020-12-02T14:47:00+05:30,20,20,19.56,19.99,
2020-12-02T14:48:00+05:30,19.99,20.01,19.96,20,
2020-12-02T14:49:00+05:30,20.01,20.01,19.94,19.95,
2020-12-02T14:50:00+05:30,19.91,19.97,19.91,19.91,
2020-12-02T14:51:00+05:30,19.91,19.94,19.87,19.87,
2020-12-02T14:52:00+05:30,19.87,19.92,19.86,19.91,
2020-12-02T14:53:00+05:30,19.91,19.92,19.89,19.92,
2020-12-02T14:54:00+05:30,19.92,19.95,19.92,19.93,
2020-12-02T14:55:00+05:30,19.93,19.94,19.91,19.91,
2020-12-02T14:56:00+05:30,19.91,19.97,19.91,19.96,
2020-12-02T14:57:00+05:30,19.96,19.97,19.94,19.94,
2020-12-02T14:58:00+05:30,19.94,19.94,19.84,19.86,
2020-12-02T14:59:00+05:30,19.86,19.89,19.85,19.86,
2020-12-02T15:00:00+05:30,19.86,19.88,19.75,19.78,
2020-12-02T15:01:00+05:30,19.78,19.83,19.78,19.83,
2020-12-02T15:02:00+05:30,19.83,19.85,19.81,19.82,
2020-12-02T15:03:00+05:30,19.82,19.83,19.8,19.8,
2020-12-02T15:04:00+05:30,19.8,19.8,19.73,19.78,
2020-12-02T15:05:00+05:30,19.77,19.82,19.76,19.81,
2020-12-02T15:06:00+05:30,19.81,19.82,19.8,19.8,
2020-12-02T15:07:00+05:30,19.8,19.81,19.79,19.8,
2020-12-02T15:08:00+05:30,19.8,19.81,19.73,19.75,
2020-12-02T15:09:00+05:30,19.75,19.75,19.71,19.72,
2020-12-02T15:10:00+05:30,19.72,19.73,19.69,19.72,
2020-12-02T15:11:00+05:30,19.72,19.73,19.71,19.71,
2020-12-02T15:12:00+05:30,19.71,19.72,19.7,19.71,
2020-12-02T15:13:00+05:30,19.71,19.74,19.7,19.74,
2020-12-02T15:14:00+05:30,19.74,19.75,19.71,19.71,
2020-12-02T15:15:00+05:30,19.71,19.71,19.7,19.71,
2020-12-02T15:16:00+05:30,19.74,19.75,19.69,19.69,
2020-12-02T15:17:00+05:30,19.68,19.69,19.67,19.67,
2020-12-02T15:18:00+05:30,19.67,19.68,19.63,19.64,
2020-12-02T15:19:00+05:30,19.64,20.24,19.63,20.24,
2020-12-02T15:20:00+05:30,20.24,20.24,20.18,20.18,
2020-12-02T15:21:00+05:30,20.18,20.19,20.16,20.18,
2020-12-02T15:22:00+05:30,20.18,20.18,20.13,20.13,
2020-12-02T15:23:00+05:30,20.13,20.16,20.13,20.16,
2020-12-02T15:24:00+05:30,20.16,20.19,20.16,20.19,
2020-12-02T15:25:00+05:30,20.19,20.2,20.18,20.18,
2020-12-02T15:26:00+05:30,20.18,20.21,20.17,20.21,
2020-12-02T15:27:00+05:30,20.21,20.21,20.2,20.21,
2020-12-02T15:28:00+05:30,20.21,20.25,20.21,20.25,
2020-12-02T15:29:00+05:30,20.25,20.25,20.21,20.24,
2020-12-03T09:15:00+05:30,19.91,19.91,17.73,18.72,
2020-12-03T09:16:00+05:30,18.72,18.75,18.6,18.61,
2020-12-03T09:17:00+05:30,18.61,18.7,18.6,18.68,
2020-12-03T09:18:00+05:30,18.68,18.71,18.67,18.71,
2020-12-03T09:19:00+05:30,18.72,18.72,18.63,18.63,
2020-12-03T09:20:00+05:30,18.63,18.65,18.62,18.62,
2020-12-03T09:21:00+05:30,18.62,18.67,18.57,18.64,
2020-12-03T09:22:00+05:30,18.64,18.65,18.62,18.63,
2020-12-03T09:23:00+05:30,18.63,18.65,18.6,18.61,
2020-12-03T09:24:00+05:30,18.61,18.61,18.53,18.53,
2020-12-03T09:25:00+05:30,18.53,18.53,18.48,18.51,
2020-12-03T09:26:00+05:30,18.51,18.54,18.49,18.54,
2020-12-03T09:27:00+05:30,18.54,18.55,18.53,18.53,
2020-12-03T09:28:00+05:30,18.53,18.58,18.53,18.55,
2020-12-03T09:29:00+05:30,18.55,18.56,18.51,18.52,
2020-12-03T09:30:00+05:30,18.52,18.52,18.5,18.51,
2020-12-03T09:31:00+05:30,18.5,18.51,18.47,18.48,
2020-12-03T09:32:00+05:30,18.48,18.48,18.46,18.48,
2020-12-03T09:33:00+05:30,18.47,18.73,18.47,18.66,
2020-12-03T09:34:00+05:30,18.67,18.67,18.62,18.62,
2020-12-03T09:35:00+05:30,18.62,18.64,18.62,18.62,
2020-12-03T09:36:00+05:30,18.62,18.64,18.56,18.56,
2020-12-03T09:37:00+05:30,18.55,18.91,18.55,18.87,
2020-12-03T09:38:00+05:30,18.88,18.9,18.86,18.9,
2020-12-03T09:39:00+05:30,18.9,18.91,18.88,18.88,
2020-12-03T09:40:00+05:30,18.87,18.95,18.87,18.95,
2020-12-03T09:41:00+05:30,18.95,18.95,18.91,18.95,
2020-12-03T09:42:00+05:30,18.95,18.98,18.9,18.97,
2020-12-03T09:43:00+05:30,18.98,18.99,18.96,18.97,
2020-12-03T09:44:00+05:30,18.97,18.98,18.96,18.97,
2020-12-03T09:45:00+05:30,18.97,18.99,18.97,18.98,
2020-12-03T09:46:00+05:30,18.98,19,18.98,18.99,
2020-12-03T09:47:00+05:30,18.99,18.99,18.95,18.95,
2020-12-03T09:48:00+05:30,18.94,18.96,18.94,18.95,
2020-12-03T09:49:00+05:30,18.96,18.96,18.93,18.96,
2020-12-03T09:50:00+05:30,18.96,18.97,18.94,18.96,
2020-12-03T09:51:00+05:30,18.96,18.98,18.96,18.97,
2020-12-03T09:52:00+05:30,18.97,18.98,18.95,18.96,
2020-12-03T09:53:00+05:30,18.95,18.95,18.91,18.92,
2020-12-03T09:54:00+05:30,18.92,18.93,18.91,18.91,
2020-12-03T09:55:00+05:30,18.91,18.94,18.91,18.93,
2020-12-03T09:56:00+05:30,18.95,18.98,18.94,18.97,
2020-12-03T09:57:00+05:30,18.97,18.97,18.95,18.96,
2020-12-03T09:58:00+05:30,18.96,18.96,18.93,18.93,
2020-12-03T09:59:00+05:30,18.93,18.95,18.92,18.94,
2020-12-03T10:00:00+05:30,18.94,18.97,18.94,18.96,
2020-12-03T10:01:00+05:30,18.95,18.98,18.93,18.96,
2020-12-03T10:02:00+05:30,18.96,18.98,18.94,18.96,
2020-12-03T10:03:00+05:30,18.95,18.97,18.95,18.96,
2020-12-03T10:04:00+05:30,18.96,18.99,18.95,18.98,
2020-12-03T10:05:00+05:30,18.98,19,18.97,18.99,
2020-12-03T10:06:00+05:30,18.98,19,18.97,18.99,
2020-12-03T10:07:00+05:30,18.99,18.99,18.96,18.98,
2020-12-03T10:08:00+05:30,18.98,18.99,18.98,18.99,
2020-12-03T10:09:00+05:30,18.99,18.99,18.96,18.96,
2020-12-03T10:10:00+05:30,18.96,18.98,18.96,18.97,
2020-12-03T10:11:00+05:30,18.97,18.99,18.95,18.95,
2020-12-03T10:12:00+05:30,18.96,18.98,18.93,18.93,
2020-12-03T10:13:00+05:30,18.93,18.94,18.91,18.91,
2020-12-03T10:14:00+05:30,18.91,18.92,18.89,18.92,
2020-12-03T10:15:00+05:30,18.92,18.93,18.89,18.89,
2020-12-03T10:16:00+05:30,18.89,18.91,18.89,18.91,
2020-12-03T10:17:00+05:30,18.91,18.91,18.88,18.89,
2020-12-03T10:18:00+05:30,18.89,18.89,18.87,18.88,
2020-12-03T10:19:00+05:30,18.88,18.88,18.83,18.83,
2020-12-03T10:20:00+05:30,18.83,18.84,18.83,18.84,
2020-12-03T10:21:00+05:30,18.84,18.84,18.8,18.8,
2020-12-03T10:22:00+05:30,18.81,18.82,18.8,18.81,
2020-12-03T10:23:00+05:30,18.81,18.83,18.81,18.83,
2020-12-03T10:24:00+05:30,18.82,18.84,18.8,18.8,
2020-12-03T10:25:00+05:30,18.8,18.84,18.79,18.84,
2020-12-03T10:26:00+05:30,18.84,18.84,18.8,18.8,
2020-12-03T10:27:00+05:30,18.8,18.8,18.77,18.78,
2020-12-03T10:28:00+05:30,18.78,19.12,18.78,19.12,
2020-12-03T10:29:00+05:30,19.12,19.13,19.1,19.1,
2020-12-03T10:30:00+05:30,19.09,19.11,19.07,19.1,
2020-12-03T10:31:00+05:30,19.1,19.19,19.07,19.19,
2020-12-03T10:32:00+05:30,19.19,19.2,19.18,19.19,
2020-12-03T10:33:00+05:30,19.19,19.21,19.17,19.19,
2020-12-03T10:34:00+05:30,19.19,19.2,19.17,19.17,
2020-12-03T10:35:00+05:30,19.17,19.2,19.15,19.15,
2020-12-03T10:36:00+05:30,19.15,19.16,19.14,19.15,
2020-12-03T10:37:00+05:30,19.15,19.17,19.14,19.16,
2020-12-03T10:38:00+05:30,19.16,19.22,19.16,19.18,
2020-12-03T10:39:00+05:30,19.18,19.18,19.12,19.13,
2020-12-03T10:40:00+05:30,19.13,19.16,19.12,19.12,
2020-12-03T10:41:00+05:30,19.12,19.16,19.11,19.15,
2020-12-03T10:42:00+05:30,19.15,19.16,19.14,19.16,
2020-12-03T10:43:00+05:30,19.16,19.18,19.15,19.17,
2020-12-03T10:44:00+05:30,19.15,19.16,19.14,19.15,
2020-12-03T10:45:00+05:30,19.15,19.16,19.14,19.15,
2020-12-03T10:46:00+05:30,19.15,19.16,19.13,19.16,
2020-12-03T10:47:00+05:30,19.16,19.16,19.14,19.16,
2020-12-03T10:48:00+05:30,19.16,19.16,19.14,19.14,
2020-12-03T10:49:00+05:30,19.14,19.15,19.12,19.13,
2020-12-03T10:50:00+05:30,19.13,19.14,19.12,19.13,
2020-12-03T10:51:00+05:30,19.13,19.13,19.1,19.11,
2020-12-03T10:52:00+05:30,19.11,19.11,19.09,19.09,
2020-12-03T10:53:00+05:30,19.08,19.12,19.08,19.11,
2020-12-03T10:54:00+05:30,19.11,19.13,19.11,19.13,
2020-12-03T10:55:00+05:30,19.13,19.14,19.13,19.14,
2020-12-03T10:56:00+05:30,19.14,19.16,19.14,19.14,
2020-12-03T10:57:00+05:30,19.14,19.16,19.11,19.12,
2020-12-03T10:58:00+05:30,19.12,19.12,19.08,19.1,
2020-12-03T10:59:00+05:30,19.1,19.12,19.09,19.12,
2020-12-03T11:00:00+05:30,19.12,19.14,19.12,19.13,
2020-12-03T11:01:00+05:30,19.13,19.13,19.1,19.1,
2020-12-03T11:02:00+05:30,19.1,19.12,19.09,19.11,
2020-12-03T11:03:00+05:30,19.11,19.11,19.09,19.11,
2020-12-03T11:04:00+05:30,19.11,19.14,19.11,19.13,
2020-12-03T11:05:00+05:30,19.13,19.15,19.13,19.14,
2020-12-03T11:06:00+05:30,19.14,19.16,19.14,19.14,
2020-12-03T11:07:00+05:30,19.14,19.14,19.08,19.08,
2020-12-03T11:08:00+05:30,19.08,19.1,19.07,19.08,
2020-12-03T11:09:00+05:30,19.09,19.11,19.08,19.11,
2020-12-03T11:10:00+05:30,19.11,19.12,19.09,19.11,
2020-12-03T11:11:00+05:30,19.11,19.12,19.09,19.1,
2020-12-03T11:12:00+05:30,19.11,19.12,19.07,19.09,
2020-12-03T11:13:00+05:30,19.1,19.1,19.02,19.02,
2020-12-03T11:14:00+05:30,19.02,19.06,19.02,19.05,
2020-12-03T11:15:00+05:30,19.05,19.06,19,19.02,
2020-12-03T11:16:00+05:30,19.02,19.02,19,19.01,
2020-12-03T11:17:00+05:30,19.01,19.01,18.97,18.97,
2020-12-03T11:18:00+05:30,18.97,18.99,18.95,18.98,
2020-12-03T11:19:00+05:30,18.98,18.99,18.95,18.98,
2020-12-03T11:20:00+05:30,18.98,18.98,18.94,18.94,
2020-12-03T11:21:00+05:30,18.94,18.96,18.93,18.95,
2020-12-03T11:22:00+05:30,18.95,18.95,18.94,18.95,
2020-12-03T11:23:00+05:30,18.95,18.95,18.93,18.93,
2020-12-03T11:24:00+05:30,18.93,18.94,18.9,18.9,
2020-12-03T11:25:00+05:30,18.9,18.93,18.9,18.93,
2020-12-03T11:26:00+05:30,18.93,18.93,18.9,18.92,
2020-12-03T11:27:00+05:30,18.93,18.98,18.91,18.93,
2020-12-03T11:28:00+05:30,18.93,18.93,18.91,18.92,
2020-12-03T11:29:00+05:30,18.92,18.94,18.92,18.93,
2020-12-03T11:30:00+05:30,18.94,18.95,18.94,18.94,
2020-12-03T11:31:00+05:30,18.94,18.95,18.92,18.93,
2020-12-03T11:32:00+05:30,18.93,18.94,18.91,18.91,
2020-12-03T11:33:00+05:30,18.91,18.93,18.91,18.92,
2020-12-03T11:34:00+05:30,18.93,18.93,18.9,18.91,
2020-12-03T11:35:00+05:30,18.91,18.97,18.91,18.97,
2020-12-03T11:36:00+05:30,18.97,19.43,18.96,19.41,
2020-12-03T11:37:00+05:30,19.41,19.42,19.39,19.42,
2020-12-03T11:38:00+05:30,19.42,19.42,19.4,19.4,
2020-12-03T11:39:00+05:30,19.4,19.43,19.39,19.43,
2020-12-03T11:40:00+05:30,19.43,19.43,19.4,19.42,
2020-12-03T11:41:00+05:30,19.42,19.42,19.36,19.37,
2020-12-03T11:42:00+05:30,19.37,19.39,19.36,19.37,
2020-12-03T11:43:00+05:30,19.37,19.38,19.35,19.37,
2020-12-03T11:44:00+05:30,19.37,19.38,19.34,19.34,
2020-12-03T11:45:00+05:30,19.34,19.36,19.32,19.32,
2020-12-03T11:46:00+05:30,19.32,19.35,19.32,19.34,
2020-12-03T11:47:00+05:30,19.34,19.35,19.31,19.33,
2020-12-03T11:48:00+05:30,19.33,19.35,19.32,19.35,
2020-12-03T11:49:00+05:30,19.35,19.37,19.34,19.35,
2020-12-03T11:50:00+05:30,19.35,19.37,19.35,19.36,
2020-12-03T11:51:00+05:30,19.36,19.37,19.35,19.36,
2020-12-03T11:52:00+05:30,19.36,19.4,19.36,19.36,
2020-12-03T11:53:00+05:30,19.36,19.36,19.35,19.35,
2020-12-03T11:54:00+05:30,19.35,19.36,19.34,19.35,
2020-12-03T11:55:00+05:30,19.35,19.38,19.34,19.37,
2020-12-03T11:56:00+05:30,19.37,19.38,19.36,19.37,
2020-12-03T11:57:00+05:30,19.37,19.38,19.34,19.38,
2020-12-03T11:58:00+05:30,19.38,19.38,19.35,19.36,
2020-12-03T11:59:00+05:30,19.36,19.37,19.35,19.36,
2020-12-03T12:00:00+05:30,19.36,19.37,19.35,19.36,
2020-12-03T12:01:00+05:30,19.36,19.41,19.36,19.41,
2020-12-03T12:02:00+05:30,19.4,19.4,19.38,19.38,
2020-12-03T12:03:00+05:30,19.37,19.38,19.35,19.38,
2020-12-03T12:04:00+05:30,19.38,19.39,19.37,19.38,
2020-12-03T12:05:00+05:30,19.38,19.4,19.38,19.39,
2020-12-03T12:06:00+05:30,19.39,19.4,19.38,19.4,
2020-12-03T12:07:00+05:30,19.4,19.42,19.39,19.4,
2020-12-03T12:08:00+05:30,19.4,19.41,19.39,19.4,
2020-12-03T12:09:00+05:30,19.4,19.41,19.38,19.38,
2020-12-03T12:10:00+05:30,19.38,19.4,19.38,19.4,
2020-12-03T12:11:00+05:30,19.4,19.4,19.38,19.39,
2020-12-03T12:12:00+05:30,19.39,19.4,19.37,19.39,
2020-12-03T12:13:00+05:30,19.39,19.4,19.38,19.39,
2020-12-03T12:14:00+05:30,19.39,19.39,19.36,19.38,
2020-12-03T12:15:00+05:30,19.38,19.39,19.37,19.39,
2020-12-03T12:16:00+05:30,19.39,19.41,19.39,19.4,
2020-12-03T12:17:00+05:30,19.4,19.43,19.4,19.43,
2020-12-03T12:18:00+05:30,19.43,19.46,19.42,19.42,
2020-12-03T12:19:00+05:30,19.42,19.44,19.41,19.43,
2020-12-03T12:20:00+05:30,19.43,19.44,19.41,19.43,
2020-12-03T12:21:00+05:30,19.43,19.44,19.37,19.39,
2020-12-03T12:22:00+05:30,19.39,19.41,19.34,19.36,
2020-12-03T12:23:00+05:30,19.36,19.39,19.36,19.37,
2020-12-03T12:24:00+05:30,19.37,19.41,19.37,19.39,
2020-12-03T12:25:00+05:30,19.39,19.41,19.38,19.39,
2020-12-03T12:26:00+05:30,19.4,19.42,19.39,19.41,
2020-12-03T12:27:00+05:30,19.41,19.42,19.41,19.41,
2020-12-03T12:28:00+05:30,19.41,19.42,19.41,19.41,
2020-12-03T12:29:00+05:30,19.41,19.41,19.39,19.39,
2020-12-03T12:30:00+05:30,19.39,19.41,19.39,19.39,
2020-12-03T12:31:00+05:30,19.39,19.42,19.37,19.37,
2020-12-03T12:32:00+05:30,19.37,19.39,19.37,19.37,
2020-12-03T12:33:00+05:30,19.37,19.39,19.34,19.38,
2020-12-03T12:34:00+05:30,19.38,19.4,19.33,19.34,
2020-12-03T12:35:00+05:30,19.34,19.35,19.32,19.33,
2020-12-03T12:36:00+05:30,19.33,19.36,19.33,19.34,
2020-12-03T12:37:00+05:30,19.34,19.35,19.33,19.33,
2020-12-03T12:38:00+05:30,19.33,19.35,19.32,19.34,
2020-12-03T12:39:00+05:30,19.34,19.34,19.32,19.33,
2020-12-03T12:40:00+05:30,19.33,19.34,19.33,19.33,
2020-12-03T12:41:00+05:30,19.33,19.34,19.32,19.33,
2020-12-03T12:42:00+05:30,19.33,19.33,19.31,19.32,
2020-12-03T12:43:00+05:30,19.32,19.36,19.32,19.34,
2020-12-03T12:44:00+05:30,19.34,19.36,19.33,19.35,
2020-12-03T12:45:00+05:30,19.34,19.35,19.34,19.34,
2020-12-03T12:46:00+05:30,19.34,19.38,19.34,19.37,
2020-12-03T12:47:00+05:30,19.37,19.38,19.35,19.35,
2020-12-03T12:48:00+05:30,19.35,19.36,19.34,19.34,
2020-12-03T12:49:00+05:30,19.34,19.36,19.34,19.35,
2020-12-03T12:50:00+05:30,19.35,19.36,19.32,19.32,
2020-12-03T12:51:00+05:30,19.32,19.35,19.32,19.34,
2020-12-03T12:52:00+05:30,19.34,19.4,19.34,19.39,
2020-12-03T12:53:00+05:30,19.4,19.44,19.39,19.42,
2020-12-03T12:54:00+05:30,19.42,19.43,19.41,19.42,
2020-12-03T12:55:00+05:30,19.42,19.43,19.37,19.4,
2020-12-03T12:56:00+05:30,19.4,19.45,19.39,19.44,
2020-12-03T12:57:00+05:30,19.44,19.45,19.39,19.45,
2020-12-03T12:58:00+05:30,19.46,19.46,19.43,19.45,
2020-12-03T12:59:00+05:30,19.45,19.46,19.4,19.4,
2020-12-03T13:00:00+05:30,19.39,19.42,19.38,19.42,
2020-12-03T13:01:00+05:30,19.42,19.44,19.41,19.44,
2020-12-03T13:02:00+05:30,19.44,19.45,19.38,19.41,
2020-12-03T13:03:00+05:30,19.41,19.42,19.38,19.4,
2020-12-03T13:04:00+05:30,19.39,19.41,19.39,19.41,
2020-12-03T13:05:00+05:30,19.41,19.45,19.4,19.43,
2020-12-03T13:06:00+05:30,19.42,19.47,19.42,19.46,
2020-12-03T13:07:00+05:30,19.47,19.48,19.45,19.47,
2020-12-03T13:08:00+05:30,19.47,19.47,19.44,19.45,
2020-12-03T13:09:00+05:30,19.45,19.46,19.43,19.43,
2020-12-03T13:10:00+05:30,19.43,19.44,19.4,19.42,
2020-12-03T13:11:00+05:30,19.42,19.45,19.41,19.45,
2020-12-03T13:12:00+05:30,19.45,19.46,19.43,19.44,
2020-12-03T13:13:00+05:30,19.44,19.44,19.42,19.42,
2020-12-03T13:14:00+05:30,19.41,19.43,19.35,19.4,
2020-12-03T13:15:00+05:30,19.42,19.43,18.96,18.97,
2020-12-03T13:16:00+05:30,18.97,18.98,18.95,18.98,
2020-12-03T13:17:00+05:30,18.98,18.99,18.95,18.99,
2020-12-03T13:18:00+05:30,18.98,18.98,18.93,18.96,
2020-12-03T13:19:00+05:30,18.96,18.98,18.94,18.98,
2020-12-03T13:20:00+05:30,18.98,19.01,18.97,18.98,
2020-12-03T13:21:00+05:30,18.98,18.99,18.96,18.97,
2020-12-03T13:22:00+05:30,18.97,19,18.97,18.99,
2020-12-03T13:23:00+05:30,18.99,18.99,18.97,18.97,
2020-12-03T13:24:00+05:30,18.97,18.97,18.93,18.95,
2020-12-03T13:25:00+05:30,18.95,18.96,18.94,18.94,
2020-12-03T13:26:00+05:30,18.94,18.95,18.92,18.93,
2020-12-03T13:27:00+05:30,18.93,18.94,18.9,18.92,
2020-12-03T13:28:00+05:30,18.92,18.94,18.91,18.92,
2020-12-03T13:29:00+05:30,18.92,18.92,18.88,18.89,
2020-12-03T13:30:00+05:30,18.89,18.9,18.83,18.86,
2020-12-03T13:31:00+05:30,18.86,18.86,18.83,18.84,
2020-12-03T13:32:00+05:30,18.84,18.87,18.83,18.85,
2020-12-03T13:33:00+05:30,18.85,18.87,18.85,18.85,
2020-12-03T13:34:00+05:30,18.85,18.89,18.84,18.87,
2020-12-03T13:35:00+05:30,18.87,18.89,18.85,18.89,
2020-12-03T13:36:00+05:30,18.89,18.93,18.89,18.92,
2020-12-03T13:37:00+05:30,18.92,19.4,18.92,19.39,
2020-12-03T13:38:00+05:30,19.39,19.44,19.39,19.42,
2020-12-03T13:39:00+05:30,19.42,19.45,19.42,19.43,
2020-12-03T13:40:00+05:30,19.44,19.44,19.42,19.44,
2020-12-03T13:41:00+05:30,19.44,19.44,19.41,19.41,
2020-12-03T13:42:00+05:30,19.41,19.42,19.39,19.41,
2020-12-03T13:43:00+05:30,19.4,19.42,19.38,19.42,
2020-12-03T13:44:00+05:30,19.42,19.42,19.39,19.42,
2020-12-03T13:45:00+05:30,19.42,19.42,19.38,19.42,
2020-12-03T13:46:00+05:30,19.42,19.43,19.4,19.41,
2020-12-03T13:47:00+05:30,19.41,19.42,19.39,19.4,
2020-12-03T13:48:00+05:30,19.41,19.41,19.32,19.32,
2020-12-03T13:49:00+05:30,19.31,19.31,19.23,19.23,
2020-12-03T13:50:00+05:30,19.24,19.3,19.23,19.3,
2020-12-03T13:51:00+05:30,19.31,19.34,19.31,19.31,
2020-12-03T13:52:00+05:30,19.31,19.33,19.29,19.3,
2020-12-03T13:53:00+05:30,19.3,19.31,19.28,19.28,
2020-12-03T13:54:00+05:30,19.29,19.33,19.28,19.32,
2020-12-03T13:55:00+05:30,19.32,19.36,19.31,19.34,
2020-12-03T13:56:00+05:30,19.34,19.38,19.34,19.36,
2020-12-03T13:57:00+05:30,19.36,19.38,19.35,19.37,
2020-12-03T13:58:00+05:30,19.37,19.41,19.37,19.38,
2020-12-03T13:59:00+05:30,19.39,19.42,19.39,19.39,
2020-12-03T14:00:00+05:30,19.39,19.41,19.37,19.38,
2020-12-03T14:01:00+05:30,19.39,19.39,19.35,19.36,
2020-12-03T14:02:00+05:30,19.36,19.37,19.35,19.35,
2020-12-03T14:03:00+05:30,19.36,19.38,19.34,19.35,
2020-12-03T14:04:00+05:30,19.34,19.38,19.34,19.36,
2020-12-03T14:05:00+05:30,19.36,19.37,19.35,19.36,
2020-12-03T14:06:00+05:30,19.36,19.38,19.35,19.37,
2020-12-03T14:07:00+05:30,19.37,19.4,19.36,19.38,
2020-12-03T14:08:00+05:30,19.38,19.4,19.37,19.4,
2020-12-03T14:09:00+05:30,19.4,19.4,19.38,19.38,
2020-12-03T14:10:00+05:30,19.38,19.38,19.34,19.35,
2020-12-03T14:11:00+05:30,19.35,19.35,19.34,19.34,
2020-12-03T14:12:00+05:30,19.35,19.35,19.34,19.34,
2020-12-03T14:13:00+05:30,19.35,19.35,19.34,19.35,
2020-12-03T14:14:00+05:30,19.35,19.36,19.34,19.35,
2020-12-03T14:15:00+05:30,19.35,19.36,19.34,19.35,
2020-12-03T14:16:00+05:30,19.35,19.35,19.34,19.35,
2020-12-03T14:17:00+05:30,19.35,19.38,19.33,19.38,
2020-12-03T14:18:00+05:30,19.38,19.4,19.35,19.38,
2020-12-03T14:19:00+05:30,19.39,19.41,19.37,19.41,
2020-12-03T14:20:00+05:30,19.41,19.42,19.38,19.38,
2020-12-03T14:21:00+05:30,19.37,19.39,19.36,19.38,
2020-12-03T14:22:00+05:30,19.38,19.43,19.38,19.42,
2020-12-03T14:23:00+05:30,19.43,19.43,19.39,19.4,
2020-12-03T14:24:00+05:30,19.4,19.4,19.34,19.36,
2020-12-03T14:25:00+05:30,19.36,19.38,19.34,19.36,
2020-12-03T14:26:00+05:30,19.35,19.38,19.35,19.38,
2020-12-03T14:27:00+05:30,19.38,19.38,19.34,19.35,
2020-12-03T14:28:00+05:30,19.35,19.35,19.23,19.23,
2020-12-03T14:29:00+05:30,19.24,19.24,19.19,19.2,
2020-12-03T14:30:00+05:30,19.19,19.22,19.18,19.22,
2020-12-03T14:31:00+05:30,19.21,19.22,19.18,19.2,
2020-12-03T14:32:00+05:30,19.19,19.21,19.18,19.2,
2020-12-03T14:33:00+05:30,19.19,19.19,19.11,19.18,
2020-12-03T14:34:00+05:30,19.18,19.2,19.17,19.19,
2020-12-03T14:35:00+05:30,19.19,19.19,19.17,19.19,
2020-12-03T14:36:00+05:30,19.19,19.2,19.17,19.19,
2020-12-03T14:37:00+05:30,19.19,19.21,19.18,19.18,
2020-12-03T14:38:00+05:30,19.19,19.19,19.17,19.18,
2020-12-03T14:39:00+05:30,19.18,19.28,19.17,19.27,
2020-12-03T14:40:00+05:30,19.27,19.28,19.21,19.21,
2020-12-03T14:41:00+05:30,19.2,19.21,19.17,19.19,
2020-12-03T14:42:00+05:30,19.2,19.25,19.2,19.25,
2020-12-03T14:43:00+05:30,19.25,19.26,19.23,19.24,
2020-12-03T14:44:00+05:30,19.24,19.26,19.23,19.25,
2020-12-03T14:45:00+05:30,19.25,19.26,19.24,19.26,
2020-12-03T14:46:00+05:30,19.26,19.28,19.24,19.24,
2020-12-03T14:47:00+05:30,19.24,19.26,19.23,19.24,
2020-12-03T14:48:00+05:30,19.24,19.28,19.24,19.24,
2020-12-03T14:49:00+05:30,19.24,19.25,19.2,19.21,
2020-12-03T14:50:00+05:30,19.2,19.2,19.17,19.18,
2020-12-03T14:51:00+05:30,19.18,19.2,19.17,19.18,
2020-12-03T14:52:00+05:30,19.18,19.21,19.18,19.2,
2020-12-03T14:53:00+05:30,19.2,19.2,19.14,19.15,
2020-12-03T14:54:00+05:30,19.14,19.17,19.12,19.15,
2020-12-03T14:55:00+05:30,19.15,19.16,19.11,19.15,
2020-12-03T14:56:00+05:30,19.15,19.17,19.13,19.14,
2020-12-03T14:57:00+05:30,19.14,19.17,19.12,19.17,
2020-12-03T14:58:00+05:30,19.16,19.2,19.15,19.17,
2020-12-03T14:59:00+05:30,19.17,19.18,19.11,19.12,
2020-12-03T15:00:00+05:30,19.13,19.13,19.07,19.09,
2020-12-03T15:01:00+05:30,19.09,19.11,19.04,19.04,
2020-12-03T15:02:00+05:30,19.04,19.06,19.03,19.05,
2020-12-03T15:03:00+05:30,19.04,19.06,19.04,19.06,
2020-12-03T15:04:00+05:30,19.05,19.11,19.04,19.1,
2020-12-03T15:05:00+05:30,19.11,19.11,19.03,19.05,
2020-12-03T15:06:00+05:30,19.04,19.07,19.04,19.04,
2020-12-03T15:07:00+05:30,19.04,19.04,18.99,19.01,
2020-12-03T15:08:00+05:30,19.01,19.02,19.01,19.02,
2020-12-03T15:09:00+05:30,19.02,19.03,19.02,19.02,
2020-12-03T15:10:00+05:30,19.02,19.04,19.01,19.03,
2020-12-03T15:11:00+05:30,19.03,19.05,19.02,19.02,
2020-12-03T15:12:00+05:30,19.02,19.03,19,19,
2020-12-03T15:13:00+05:30,19,19.04,19,19.02,
2020-12-03T15:14:00+05:30,19.02,19.03,19.01,19.01,
2020-12-03T15:15:00+05:30,19.01,19.03,19.01,19.02,
2020-12-03T15:16:00+05:30,19.02,19.03,19.01,19.03,
2020-12-03T15:17:00+05:30,19.03,19.04,19,19,
2020-12-03T15:18:00+05:30,19,19.01,18.99,18.99,
2020-12-03T15:19:00+05:30,18.99,19,18.97,18.98,
2020-12-03T15:20:00+05:30,18.98,18.99,18.97,18.98,
2020-12-03T15:21:00+05:30,18.98,19,18.97,19,
2020-12-03T15:22:00+05:30,19.01,19.01,18.95,18.96,
2020-12-03T15:23:00+05:30,18.96,18.99,18.95,18.98,
2020-12-03T15:24:00+05:30,18.98,18.99,18.95,18.95,
2020-12-03T15:25:00+05:30,18.96,18.96,18.91,18.91,
2020-12-03T15:26:00+05:30,18.91,18.91,18.87,18.88,
2020-12-03T15:27:00+05:30,18.88,18.9,18.87,18.87,
2020-12-03T15:28:00+05:30,18.87,18.9,18.87,18.9,
2020-12-03T15:29:00+05:30,18.9,18.95,18.9,18.93,
2020-12-04T09:15:00+05:30,19,19,16.53,18.24,
2020-12-04T09:16:00+05:30,18.25,18.33,18.25,18.33,
2020-12-04T09:17:00+05:30,18.33,18.33,17.85,17.85,
2020-12-04T09:18:00+05:30,17.85,18.31,17.85,18.3,
2020-12-04T09:19:00+05:30,18.3,18.33,18.27,18.3,
2020-12-04T09:20:00+05:30,18.3,18.3,18.23,18.23,
2020-12-04T09:21:00+05:30,18.23,18.27,18.22,18.25,
2020-12-04T09:22:00+05:30,18.25,18.26,18.2,18.2,
2020-12-04T09:23:00+05:30,18.2,18.23,18.2,18.21,
2020-12-04T09:24:00+05:30,18.21,18.25,18.19,18.25,
2020-12-04T09:25:00+05:30,18.25,18.26,18.21,18.22,
2020-12-04T09:26:00+05:30,18.22,18.26,18.22,18.25,
2020-12-04T09:27:00+05:30,18.25,18.26,18.24,18.25,
2020-12-04T09:28:00+05:30,18.25,18.28,18.21,18.27,
2020-12-04T09:29:00+05:30,18.26,18.27,18.25,18.26,
2020-12-04T09:30:00+05:30,18.26,18.28,18.25,18.28,
2020-12-04T09:31:00+05:30,18.28,18.28,18.25,18.26,
2020-12-04T09:32:00+05:30,18.26,18.29,18.24,18.28,
2020-12-04T09:33:00+05:30,18.28,18.29,18.25,18.25,
2020-12-04T09:34:00+05:30,18.25,18.26,18.23,18.25,
2020-12-04T09:35:00+05:30,18.25,18.28,18.22,18.28,
2020-12-04T09:36:00+05:30,18.28,18.33,18.28,18.33,
2020-12-04T09:37:00+05:30,18.33,18.37,18.33,18.36,
2020-12-04T09:38:00+05:30,18.36,18.36,18.16,18.16,
2020-12-04T09:39:00+05:30,18.16,18.17,18.11,18.11,
2020-12-04T09:40:00+05:30,18.11,18.12,18.09,18.09,
2020-12-04T09:41:00+05:30,18.09,18.12,18.08,18.1,
2020-12-04T09:42:00+05:30,18.09,18.11,18.06,18.11,
2020-12-04T09:43:00+05:30,18.11,18.16,18.11,18.16,
2020-12-04T09:44:00+05:30,18.16,18.21,18.16,18.2,
2020-12-04T09:45:00+05:30,18.2,18.53,18.18,18.21,
2020-12-04T09:46:00+05:30,18.21,18.23,18.14,18.15,
2020-12-04T09:47:00+05:30,18.15,18.15,18.02,18.03,
2020-12-04T09:48:00+05:30,18.03,18.05,18.02,18.03,
2020-12-04T09:49:00+05:30,18.03,18.03,18.01,18.01,
2020-12-04T09:50:00+05:30,18.01,18.24,18,18.23,
2020-12-04T09:51:00+05:30,18.23,18.23,17.95,17.96,
2020-12-04T09:52:00+05:30,17.96,18.2,17.95,18.19,
2020-12-04T09:53:00+05:30,18.19,18.19,17.94,17.94,
2020-12-04T09:54:00+05:30,17.94,17.95,17.94,17.95,
2020-12-04T09:55:00+05:30,18.81,18.82,17.95,18.19,
2020-12-04T09:56:00+05:30,17.98,18.09,17.98,18.09,
2020-12-04T09:57:00+05:30,18.09,18.25,17.99,18.22,
2020-12-04T09:58:00+05:30,18.22,18.22,17.97,17.98,
2020-12-04T09:59:00+05:30,17.98,18.24,17.98,18.08,
2020-12-04T10:00:00+05:30,18.08,18.1,18.08,18.09,
2020-12-04T10:01:00+05:30,18.09,18.09,18.06,18.06,
2020-12-04T10:02:00+05:30,18.06,18.22,18.02,18.2,
2020-12-04T10:03:00+05:30,18.2,18.2,18.02,18.13,
2020-12-04T10:04:00+05:30,18.13,18.35,18.12,18.35,
2020-12-04T10:05:00+05:30,18.35,18.46,18.34,18.34,
2020-12-04T10:06:00+05:30,18.34,18.38,18.3,18.32,
2020-12-04T10:07:00+05:30,18.32,18.35,18.27,18.3,
2020-12-04T10:08:00+05:30,18.29,18.34,18.29,18.32,
2020-12-04T10:09:00+05:30,18.32,18.35,18.3,18.32,
2020-12-04T10:10:00+05:30,18.32,18.38,18.31,18.36,
2020-12-04T10:11:00+05:30,18.36,18.39,18.33,18.39,
2020-12-04T10:12:00+05:30,18.39,18.87,18.39,18.86,
2020-12-04T10:13:00+05:30,18.86,18.86,18.81,18.82,
2020-12-04T10:14:00+05:30,18.82,18.85,18.82,18.83,
2020-12-04T10:15:00+05:30,18.83,18.84,18.81,18.84,
2020-12-04T10:16:00+05:30,18.84,18.88,18.82,18.86,
2020-12-04T10:17:00+05:30,18.86,18.86,18.81,18.82,
2020-12-04T10:18:00+05:30,18.82,18.85,18.82,18.82,
2020-12-04T10:19:00+05:30,18.82,18.84,18.79,18.82,
2020-12-04T10:20:00+05:30,18.82,18.84,18.8,18.82,
2020-12-04T10:21:00+05:30,18.82,18.84,18.8,18.83,
2020-12-04T10:22:00+05:30,18.82,18.86,18.82,18.86,
2020-12-04T10:23:00+05:30,18.86,18.87,18.83,18.85,
2020-12-04T10:24:00+05:30,18.86,18.9,18.84,18.9,
2020-12-04T10:25:00+05:30,18.9,18.93,18.85,18.92,
2020-12-04T10:26:00+05:30,18.92,18.97,18.91,18.97,
2020-12-04T10:27:00+05:30,18.98,18.98,18.92,18.93,
2020-12-04T10:28:00+05:30,18.93,18.96,18.93,18.93,
2020-12-04T10:29:00+05:30,18.93,18.96,18.5,18.52,
2020-12-04T10:30:00+05:30,18.52,18.53,18.45,18.48,
2020-12-04T10:31:00+05:30,18.5,18.52,18.49,18.52,
2020-12-04T10:32:00+05:30,18.52,18.52,18.48,18.52,
2020-12-04T10:33:00+05:30,18.52,18.55,18.47,18.47,
2020-12-04T10:34:00+05:30,18.47,18.48,18.46,18.47,
2020-12-04T10:35:00+05:30,18.47,18.47,18.45,18.47,
2020-12-04T10:36:00+05:30,18.47,18.47,18.42,18.45,
2020-12-04T10:37:00+05:30,18.46,18.46,18.4,18.4,
2020-12-04T10:38:00+05:30,18.41,18.44,18.41,18.42,
2020-12-04T10:39:00+05:30,18.42,18.44,18.41,18.43,
2020-12-04T10:40:00+05:30,18.43,18.44,18.41,18.42,
2020-12-04T10:41:00+05:30,18.42,18.46,18.4,18.43,
2020-12-04T10:42:00+05:30,18.43,18.46,18.43,18.44,
2020-12-04T10:43:00+05:30,18.44,18.44,18.4,18.42,
2020-12-04T10:44:00+05:30,18.42,18.45,18.42,18.45,
2020-12-04T10:45:00+05:30,18.44,18.46,18.43,18.45,
2020-12-04T10:46:00+05:30,18.45,18.5,18.45,18.5,
2020-12-04T10:47:00+05:30,18.5,18.8,18.45,18.8,
2020-12-04T10:48:00+05:30,18.8,18.82,18.78,18.81,
2020-12-04T10:49:00+05:30,18.82,18.82,18.44,18.45,
2020-12-04T10:50:00+05:30,18.45,18.45,18.35,18.36,
2020-12-04T10:51:00+05:30,18.36,18.38,18.35,18.36,
2020-12-04T10:52:00+05:30,18.36,18.39,18.34,18.38,
2020-12-04T10:53:00+05:30,18.38,18.47,18.38,18.46,
2020-12-04T10:54:00+05:30,18.46,19.02,18.44,19.02,
2020-12-04T10:55:00+05:30,19.02,19.02,18.99,19,
2020-12-04T10:56:00+05:30,19,19.03,18.99,19.03,
2020-12-04T10:57:00+05:30,19.03,19.04,19.01,19.02,
2020-12-04T10:58:00+05:30,19.02,19.02,19,19.01,
2020-12-04T10:59:00+05:30,19.01,19.03,18.44,18.44,
2020-12-04T11:00:00+05:30,18.44,18.48,18.42,18.43,
2020-12-04T11:01:00+05:30,18.43,18.47,18.43,18.47,
2020-12-04T11:02:00+05:30,18.48,18.5,18.45,18.47,
2020-12-04T11:03:00+05:30,18.46,18.46,18.42,18.42,
2020-12-04T11:04:00+05:30,18.42,18.43,18.42,18.43,
2020-12-04T11:05:00+05:30,18.43,18.45,18.43,18.43,
2020-12-04T11:06:00+05:30,18.43,18.44,18.42,18.44,
2020-12-04T11:07:00+05:30,18.44,18.44,18.39,18.4,
2020-12-04T11:08:00+05:30,18.39,18.43,18.39,18.42,
2020-12-04T11:09:00+05:30,18.42,18.44,18.39,18.42,
2020-12-04T11:10:00+05:30,18.42,18.42,18.41,18.42,
2020-12-04T11:11:00+05:30,18.42,18.42,18.38,18.42,
2020-12-04T11:12:00+05:30,18.42,18.42,18.38,18.39,
2020-12-04T11:13:00+05:30,18.39,18.43,18.39,18.41,
2020-12-04T11:14:00+05:30,18.4,18.43,18.39,18.39,
2020-12-04T11:15:00+05:30,18.39,18.42,18.38,18.4,
2020-12-04T11:16:00+05:30,18.4,18.4,18.37,18.39,
2020-12-04T11:17:00+05:30,18.39,18.41,18.37,18.4,
2020-12-04T11:18:00+05:30,18.4,18.42,18.4,18.42,
2020-12-04T11:19:00+05:30,18.42,18.47,18.41,18.47,
2020-12-04T11:20:00+05:30,18.47,18.48,18.45,18.46,
2020-12-04T11:21:00+05:30,18.46,18.47,18.43,18.43,
2020-12-04T11:22:00+05:30,18.43,18.44,18.41,18.41,
2020-12-04T11:23:00+05:30,18.41,18.44,18.41,18.41,
2020-12-04T11:24:00+05:30,18.41,18.42,18.4,18.42,
2020-12-04T11:25:00+05:30,18.42,18.44,18.4,18.44,
2020-12-04T11:26:00+05:30,18.44,18.46,18.43,18.45,
2020-12-04T11:27:00+05:30,18.46,18.47,18.43,18.44,
2020-12-04T11:28:00+05:30,18.44,18.47,18.43,18.45,
2020-12-04T11:29:00+05:30,18.46,18.47,18.44,18.45,
2020-12-04T11:30:00+05:30,18.45,18.49,18.45,18.49,
2020-12-04T11:31:00+05:30,18.48,18.48,18.44,18.44,
2020-12-04T11:32:00+05:30,18.44,18.45,18.42,18.44,
2020-12-04T11:33:00+05:30,18.44,18.44,18.4,18.4,
2020-12-04T11:34:00+05:30,18.4,18.43,18.39,18.4,
2020-12-04T11:35:00+05:30,18.41,18.44,18.39,18.43,
2020-12-04T11:36:00+05:30,18.43,18.45,18.42,18.43,
2020-12-04T11:37:00+05:30,18.43,18.43,18.41,18.42,
2020-12-04T11:38:00+05:30,18.42,18.44,18.42,18.43,
2020-12-04T11:39:00+05:30,18.43,18.44,18.39,18.39,
2020-12-04T11:40:00+05:30,18.39,18.39,18.31,18.32,
2020-12-04T11:41:00+05:30,18.32,18.39,18.32,18.38,
2020-12-04T11:42:00+05:30,18.38,18.42,18.38,18.42,
2020-12-04T11:43:00+05:30,18.42,18.42,18.37,18.39,
2020-12-04T11:44:00+05:30,18.39,18.39,18.35,18.35,
2020-12-04T11:45:00+05:30,18.35,18.38,18.35,18.38,
2020-12-04T11:46:00+05:30,18.38,18.7,18.36,18.37,
2020-12-04T11:47:00+05:30,18.37,18.4,18.37,18.39,
2020-12-04T11:48:00+05:30,18.39,18.4,18.33,18.34,
2020-12-04T11:49:00+05:30,18.34,18.39,18.34,18.39,
2020-12-04T11:50:00+05:30,18.39,18.4,18.37,18.38,
2020-12-04T11:51:00+05:30,18.38,18.39,18.36,18.38,
2020-12-04T11:52:00+05:30,18.37,18.4,18.37,18.38,
2020-12-04T11:53:00+05:30,18.38,18.39,18.37,18.38,
2020-12-04T11:54:00+05:30,18.38,18.38,18.35,18.36,
2020-12-04T11:55:00+05:30,18.36,18.38,18.34,18.36,
2020-12-04T11:56:00+05:30,18.36,18.36,18.32,18.35,
2020-12-04T11:57:00+05:30,18.35,18.35,18.32,18.32,
2020-12-04T11:58:00+05:30,18.32,18.34,18.31,18.33,
2020-12-04T11:59:00+05:30,18.33,18.36,18.33,18.36,
2020-12-04T12:00:00+05:30,18.36,18.36,18.32,18.33,
2020-12-04T12:01:00+05:30,18.33,18.36,18.33,18.36,
2020-12-04T12:02:00+05:30,18.36,18.38,18.35,18.37,
2020-12-04T12:03:00+05:30,18.37,18.37,18.35,18.36,
2020-12-04T12:04:00+05:30,18.36,18.37,18.35,18.35,
2020-12-04T12:05:00+05:30,18.35,18.37,18.35,18.36,
2020-12-04T12:06:00+05:30,18.35,18.37,18.35,18.36,
2020-12-04T12:07:00+05:30,18.35,18.38,18.35,18.37,
2020-12-04T12:08:00+05:30,18.38,18.38,18.35,18.36,
2020-12-04T12:09:00+05:30,18.36,18.39,18.36,18.37,
2020-12-04T12:10:00+05:30,18.37,18.38,18.35,18.37,
2020-12-04T12:11:00+05:30,18.39,18.4,18.37,18.38,
2020-12-04T12:12:00+05:30,18.39,18.4,18.36,18.36,
2020-12-04T12:13:00+05:30,18.36,18.38,18.35,18.35,
2020-12-04T12:14:00+05:30,18.35,18.39,18.35,18.39,
2020-12-04T12:15:00+05:30,18.39,18.39,18.24,18.26,
2020-12-04T12:16:00+05:30,18.27,18.28,18.25,18.25,
2020-12-04T12:17:00+05:30,18.25,18.25,18.24,18.25,
2020-12-04T12:18:00+05:30,18.25,18.26,18.22,18.22,
2020-12-04T12:19:00+05:30,18.22,18.23,18.2,18.21,
2020-12-04T12:20:00+05:30,18.22,18.23,18.2,18.23,
2020-12-04T12:21:00+05:30,18.22,18.25,18.22,18.23,
2020-12-04T12:22:00+05:30,18.24,18.25,18.23,18.23,
2020-12-04T12:23:00+05:30,18.24,18.25,18.21,18.22,
2020-12-04T12:24:00+05:30,18.22,18.25,18.21,18.24,
2020-12-04T12:25:00+05:30,18.24,18.24,18.22,18.22,
2020-12-04T12:26:00+05:30,18.22,18.25,18.2,18.23,
2020-12-04T12:27:00+05:30,18.23,18.24,18.21,18.24,
2020-12-04T12:28:00+05:30,18.24,18.26,18.23,18.23,
2020-12-04T12:29:00+05:30,18.23,18.25,18.22,18.22,
2020-12-04T12:30:00+05:30,18.21,18.25,18.19,18.21,
2020-12-04T12:31:00+05:30,18.2,18.23,18.19,18.2,
2020-12-04T12:32:00+05:30,18.19,18.23,18.19,18.22,
2020-12-04T12:33:00+05:30,18.22,18.25,18.22,18.22,
2020-12-04T12:34:00+05:30,18.22,18.25,18.21,18.24,
2020-12-04T12:35:00+05:30,18.24,18.26,18.22,18.25,
2020-12-04T12:36:00+05:30,18.25,18.26,18.23,18.24,
2020-12-04T12:37:00+05:30,18.25,18.27,18.23,18.25,
2020-12-04T12:38:00+05:30,18.25,18.27,18.24,18.25,
2020-12-04T12:39:00+05:30,18.25,18.28,18.24,18.25,
2020-12-04T12:40:00+05:30,18.26,18.31,18.25,18.28,
2020-12-04T12:41:00+05:30,18.28,18.3,18.26,18.26,
2020-12-04T12:42:00+05:30,18.27,18.27,18.23,18.26,
2020-12-04T12:43:00+05:30,18.26,18.28,18.24,18.26,
2020-12-04T12:44:00+05:30,18.26,18.26,18.22,18.23,
2020-12-04T12:45:00+05:30,18.23,18.27,18.23,18.25,
2020-12-04T12:46:00+05:30,18.25,18.26,18.23,18.25,
2020-12-04T12:47:00+05:30,18.24,18.26,18.23,18.25,
2020-12-04T12:48:00+05:30,18.25,18.26,18.22,18.25,
2020-12-04T12:49:00+05:30,18.25,18.25,18.18,18.2,
2020-12-04T12:50:00+05:30,18.2,18.23,18.2,18.22,
2020-12-04T12:51:00+05:30,18.22,18.23,18.2,18.22,
2020-12-04T12:52:00+05:30,18.22,18.23,18.22,18.23,
2020-12-04T12:53:00+05:30,18.23,18.24,18.22,18.22,
2020-12-04T12:54:00+05:30,18.22,18.24,18.21,18.21,
2020-12-04T12:55:00+05:30,18.22,18.24,18.19,18.21,
2020-12-04T12:56:00+05:30,18.21,18.21,18.16,18.16,
2020-12-04T12:57:00+05:30,18.16,18.22,18.15,18.21,
2020-12-04T12:58:00+05:30,18.2,18.22,18.19,18.2,
2020-12-04T12:59:00+05:30,18.2,18.2,18.17,18.17,
2020-12-04T13:00:00+05:30,18.18,18.18,18.14,18.14,
2020-12-04T13:01:00+05:30,18.14,18.17,18.12,18.16,
2020-12-04T13:02:00+05:30,18.17,18.19,18.16,18.17,
2020-12-04T13:03:00+05:30,18.17,18.18,18.16,18.17,
2020-12-04T13:04:00+05:30,18.17,18.67,18.17,18.66,
2020-12-04T13:05:00+05:30,18.66,18.66,18.62,18.65,
2020-12-04T13:06:00+05:30,18.66,18.67,18.57,18.58,
2020-12-04T13:07:00+05:30,18.58,18.61,18.57,18.61,
2020-12-04T13:08:00+05:30,18.61,18.61,18.57,18.57,
2020-12-04T13:09:00+05:30,18.57,18.61,18.57,18.61,
2020-12-04T13:10:00+05:30,18.61,18.64,18.6,18.63,
2020-12-04T13:11:00+05:30,18.63,18.64,18.62,18.63,
2020-12-04T13:12:00+05:30,18.63,18.63,18.59,18.6,
2020-12-04T13:13:00+05:30,18.6,18.61,18.57,18.57,
2020-12-04T13:14:00+05:30,18.57,18.57,18.54,18.55,
2020-12-04T13:15:00+05:30,18.54,18.59,18.54,18.59,
2020-12-04T13:16:00+05:30,18.59,18.61,18.56,18.57,
2020-12-04T13:17:00+05:30,18.58,18.59,18.57,18.58,
2020-12-04T13:18:00+05:30,18.58,18.58,18.55,18.56,
2020-12-04T13:19:00+05:30,18.56,18.59,18.55,18.57,
2020-12-04T13:20:00+05:30,18.55,18.56,18.52,18.56,
2020-12-04T13:21:00+05:30,18.56,18.56,18.53,18.53,
2020-12-04T13:22:00+05:30,18.53,18.55,18.51,18.54,
2020-12-04T13:23:00+05:30,18.54,18.58,18.53,18.58,
2020-12-04T13:24:00+05:30,18.58,18.58,18.54,18.57,
2020-12-04T13:25:00+05:30,18.56,18.57,18.5,18.52,
2020-12-04T13:26:00+05:30,18.52,18.54,18.49,18.49,
2020-12-04T13:27:00+05:30,18.5,18.52,18.49,18.52,
2020-12-04T13:28:00+05:30,18.52,18.54,18.51,18.52,
2020-12-04T13:29:00+05:30,18.52,18.53,18.5,18.52,
2020-12-04T13:30:00+05:30,18.52,18.53,18.51,18.52,
2020-12-04T13:31:00+05:30,18.52,18.52,18.48,18.48,
2020-12-04T13:32:00+05:30,18.49,18.51,18.47,18.47,
2020-12-04T13:33:00+05:30,18.46,18.51,18.46,18.48,
2020-12-04T13:34:00+05:30,18.47,18.49,18.46,18.49,
2020-12-04T13:35:00+05:30,18.49,18.51,18.49,18.49,
2020-12-04T13:36:00+05:30,18.5,18.5,18.47,18.47,
2020-12-04T13:37:00+05:30,18.47,18.48,18.41,18.43,
2020-12-04T13:38:00+05:30,18.43,18.44,18.4,18.42,
2020-12-04T13:39:00+05:30,18.42,18.42,18.4,18.4,
2020-12-04T13:40:00+05:30,18.4,18.42,18.4,18.41,
2020-12-04T13:41:00+05:30,18.41,18.43,18.41,18.41,
2020-12-04T13:42:00+05:30,18.4,18.42,18.29,18.3,
2020-12-04T13:43:00+05:30,18.3,18.3,18.26,18.3,
2020-12-04T13:44:00+05:30,18.3,18.4,18.3,18.38,
2020-12-04T13:45:00+05:30,18.39,18.4,18.37,18.4,
2020-12-04T13:46:00+05:30,18.4,18.44,18.4,18.43,
2020-12-04T13:47:00+05:30,18.43,18.44,18.41,18.41,
2020-12-04T13:48:00+05:30,18.41,18.42,18.41,18.41,
2020-12-04T13:49:00+05:30,18.41,18.42,18.38,18.41,
2020-12-04T13:50:00+05:30,18.41,18.41,18.38,18.39,
2020-12-04T13:51:00+05:30,18.39,18.41,18.38,18.38,
2020-12-04T13:52:00+05:30,18.38,18.38,17.71,17.73,
2020-12-04T13:53:00+05:30,17.72,17.73,17.7,17.73,
2020-12-04T13:54:00+05:30,17.74,17.75,17.69,17.72,
2020-12-04T13:55:00+05:30,17.73,17.74,17.65,17.69,
2020-12-04T13:56:00+05:30,17.69,17.7,17.65,17.65,
2020-12-04T13:57:00+05:30,17.65,17.65,17.61,17.61,
2020-12-04T13:58:00+05:30,17.62,17.62,17.6,17.61,
2020-12-04T13:59:00+05:30,17.61,17.63,17.61,17.63,
2020-12-04T14:00:00+05:30,17.63,17.64,17.6,17.63,
2020-12-04T14:01:00+05:30,17.63,18.23,17.63,18.22,
2020-12-04T14:02:00+05:30,18.22,18.23,18.2,18.23,
2020-12-04T14:03:00+05:30,18.23,18.24,18.21,18.22,
2020-12-04T14:04:00+05:30,18.23,18.23,18.21,18.23,
2020-12-04T14:05:00+05:30,18.23,18.23,18.21,18.21,
2020-12-04T14:06:00+05:30,18.21,18.22,18.18,18.2,
2020-12-04T14:07:00+05:30,18.21,18.23,18.19,18.2,
2020-12-04T14:08:00+05:30,18.2,18.21,18.19,18.2,
2020-12-04T14:09:00+05:30,18.2,18.24,18.2,18.23,
2020-12-04T14:10:00+05:30,18.23,18.24,18.22,18.24,
2020-12-04T14:11:00+05:30,18.24,18.27,18.23,18.27,
2020-12-04T14:12:00+05:30,18.27,18.27,18.24,18.26,
2020-12-04T14:13:00+05:30,18.26,18.27,18.25,18.26,
2020-12-04T14:14:00+05:30,18.26,18.28,18.24,18.26,
2020-12-04T14:15:00+05:30,18.27,18.28,18.24,18.25,
2020-12-04T14:16:00+05:30,18.26,18.32,18.26,18.3,
2020-12-04T14:17:00+05:30,18.3,18.31,18.21,18.22,
2020-12-04T14:18:00+05:30,18.22,18.23,18.21,18.23,
2020-12-04T14:19:00+05:30,18.24,18.26,18.23,18.25,
2020-12-04T14:20:00+05:30,18.25,18.29,18.23,18.27,
2020-12-04T14:21:00+05:30,18.27,18.27,18.22,18.23,
2020-12-04T14:22:00+05:30,18.23,18.23,18.19,18.22,
2020-12-04T14:23:00+05:30,18.22,18.24,18.2,18.23,
2020-12-04T14:24:00+05:30,18.23,18.24,18.22,18.22,
2020-12-04T14:25:00+05:30,18.22,18.22,18.2,18.21,
2020-12-04T14:26:00+05:30,18.21,18.24,18.21,18.22,
2020-12-04T14:27:00+05:30,18.22,18.23,18.2,18.2,
2020-12-04T14:28:00+05:30,18.2,18.22,18.18,18.2,
2020-12-04T14:29:00+05:30,18.2,18.21,18.17,18.18,
2020-12-04T14:30:00+05:30,18.18,18.18,18.16,18.17,
2020-12-04T14:31:00+05:30,18.17,18.18,18.15,18.17,
2020-12-04T14:32:00+05:30,18.18,18.2,18.16,18.18,
2020-12-04T14:33:00+05:30,18.17,18.17,18.15,18.15,
2020-12-04T14:34:00+05:30,18.15,18.17,18.13,18.14,
2020-12-04T14:35:00+05:30,18.14,18.16,18.11,18.11,
2020-12-04T14:36:00+05:30,18.11,18.13,18.1,18.1,
2020-12-04T14:37:00+05:30,18.1,18.12,18.09,18.12,
2020-12-04T14:38:00+05:30,18.12,18.13,18.11,18.13,
2020-12-04T14:39:00+05:30,18.13,18.14,18.13,18.13,
2020-12-04T14:40:00+05:30,18.13,18.13,18.1,18.1,
2020-12-04T14:41:00+05:30,18.1,18.11,18.08,18.1,
2020-12-04T14:42:00+05:30,18.1,18.11,17.53,17.53,
2020-12-04T14:43:00+05:30,17.53,17.54,17.51,17.52,
2020-12-04T14:44:00+05:30,17.52,17.54,17.5,17.53,
2020-12-04T14:45:00+05:30,17.53,17.53,17.51,17.53,
2020-12-04T14:46:00+05:30,17.53,17.55,17.52,17.53,
2020-12-04T14:47:00+05:30,17.52,18.19,17.51,18.17,
2020-12-04T14:48:00+05:30,18.16,18.17,18.14,18.14,
2020-12-04T14:49:00+05:30,18.14,18.15,18.11,18.11,
2020-12-04T14:50:00+05:30,18.11,18.16,18.11,18.13,
2020-12-04T14:51:00+05:30,18.12,18.15,18.11,18.15,
2020-12-04T14:52:00+05:30,18.14,18.15,18.1,18.1,
2020-12-04T14:53:00+05:30,18.11,18.11,18.08,18.08,
2020-12-04T14:54:00+05:30,18.08,18.09,18.08,18.08,
2020-12-04T14:55:00+05:30,18.08,18.11,18.08,18.11,
2020-12-04T14:56:00+05:30,18.12,18.13,18.11,18.12,
2020-12-04T14:57:00+05:30,18.12,18.12,18.1,18.1,
2020-12-04T14:58:00+05:30,18.1,18.13,18.1,18.12,
2020-12-04T14:59:00+05:30,18.12,18.12,18.09,18.11,
2020-12-04T15:00:00+05:30,18.11,18.12,18.09,18.11,
2020-12-04T15:01:00+05:30,18.11,18.13,18.1,18.12,
2020-12-04T15:02:00+05:30,18.12,18.13,18.11,18.11,
2020-12-04T15:03:00+05:30,18.1,18.12,18.09,18.1,
2020-12-04T15:04:00+05:30,18.1,18.1,18.08,18.09,
2020-12-04T15:05:00+05:30,18.09,18.1,18.08,18.08,
2020-12-04T15:06:00+05:30,18.08,18.1,18.08,18.08,
2020-12-04T15:07:00+05:30,18.08,18.09,18.07,18.08,
2020-12-04T15:08:00+05:30,18.08,18.09,18.06,18.07,
2020-12-04T15:09:00+05:30,18.07,18.11,18.05,18.06,
2020-12-04T15:10:00+05:30,18.07,18.09,18.06,18.07,
2020-12-04T15:11:00+05:30,18.07,18.09,18.07,18.09,
2020-12-04T15:12:00+05:30,18.09,18.09,18.05,18.06,
2020-12-04T15:13:00+05:30,18.06,18.09,18.06,18.07,
2020-12-04T15:14:00+05:30,18.07,18.07,18.02,18.02,
2020-12-04T15:15:00+05:30,18.02,18.04,18,18.01,
2020-12-04T15:16:00+05:30,18.01,18.03,18,18.01,
2020-12-04T15:17:00+05:30,18.01,18.02,18,18,
2020-12-04T15:18:00+05:30,18.01,18.03,17.98,18.01,
2020-12-04T15:19:00+05:30,18.01,18.01,17.99,18,
2020-12-04T15:20:00+05:30,18,18.01,17.98,17.99,
2020-12-04T15:21:00+05:30,18,18,17.93,17.93,
2020-12-04T15:22:00+05:30,17.94,17.98,17.94,17.96,
2020-12-04T15:23:00+05:30,17.96,17.96,17.94,17.94,
2020-12-04T15:24:00+05:30,17.94,17.95,17.93,17.93,
2020-12-04T15:25:00+05:30,17.93,17.94,17.92,17.93,
2020-12-04T15:26:00+05:30,17.93,17.97,17.91,17.96,
2020-12-04T15:27:00+05:30,17.96,17.96,17.91,17.95,
2020-12-04T15:28:00+05:30,17.97,17.97,17.93,17.93,
2020-12-04T15:29:00+05:30,17.93,18,17.93,17.99,
2020-12-07T09:15:00+05:30,18.03,18.03,16.95,17.56,
2020-12-07T09:16:00+05:30,17.52,17.82,17.38,17.77,
2020-12-07T09:17:00+05:30,17.76,17.91,17.72,17.76,
2020-12-07T09:18:00+05:30,17.84,18.03,17.66,17.69,
2020-12-07T09:19:00+05:30,17.69,17.94,17.59,17.92,
2020-12-07T09:20:00+05:30,17.91,17.98,17.83,17.94,
2020-12-07T09:21:00+05:30,17.93,18,17.91,17.97,
2020-12-07T09:22:00+05:30,17.97,18,17.91,17.93,
2020-12-07T09:23:00+05:30,17.93,17.96,17.91,17.93,
2020-12-07T09:24:00+05:30,17.93,17.94,17.91,17.92,
2020-12-07T09:25:00+05:30,17.92,17.94,17.92,17.94,
2020-12-07T09:26:00+05:30,17.95,17.97,17.92,17.94,
2020-12-07T09:27:00+05:30,17.94,17.97,17.92,17.94,
2020-12-07T09:28:00+05:30,17.94,17.94,17.91,17.92,
2020-12-07T09:29:00+05:30,17.92,17.95,17.92,17.92,
2020-12-07T09:30:00+05:30,17.92,17.99,17.9,17.98,
2020-12-07T09:31:00+05:30,17.98,18.02,17.93,18.01,
2020-12-07T09:32:00+05:30,18.01,18.1,17.98,18.08,
2020-12-07T09:33:00+05:30,18.07,18.08,18.05,18.07,
2020-12-07T09:34:00+05:30,18.07,18.09,18.06,18.06,
2020-12-07T09:35:00+05:30,18.07,18.08,18.04,18.08,
2020-12-07T09:36:00+05:30,18.08,18.1,18.07,18.1,
2020-12-07T09:37:00+05:30,18.11,18.11,18.04,18.07,
2020-12-07T09:38:00+05:30,18.07,18.08,18.05,18.05,
2020-12-07T09:39:00+05:30,18.05,18.08,18.05,18.07,
2020-12-07T09:40:00+05:30,18.07,18.12,18.07,18.11,
2020-12-07T09:41:00+05:30,18.11,18.12,18.09,18.11,
2020-12-07T09:42:00+05:30,18.11,18.12,18.09,18.09,
2020-12-07T09:43:00+05:30,18.09,18.1,18.06,18.09,
2020-12-07T09:44:00+05:30,18.09,18.1,18.06,18.09,
2020-12-07T09:45:00+05:30,18.09,18.12,18.08,18.11,
2020-12-07T09:46:00+05:30,18.11,18.12,18.11,18.11,
2020-12-07T09:47:00+05:30,18.11,18.13,18.09,18.09,
2020-12-07T09:48:00+05:30,18.1,18.1,18.05,18.1,
2020-12-07T09:49:00+05:30,18.1,18.12,18.09,18.11,
2020-12-07T09:50:00+05:30,18.11,18.14,18.01,18.01,
2020-12-07T09:51:00+05:30,18.01,18.07,18,18.01,
2020-12-07T09:52:00+05:30,18,18.11,18,18.1,
2020-12-07T09:53:00+05:30,18.1,18.1,18.07,18.09,
2020-12-07T09:54:00+05:30,18.09,18.13,18.08,18.12,
2020-12-07T09:55:00+05:30,18.12,18.16,18.12,18.16,
2020-12-07T09:56:00+05:30,18.16,18.17,18.13,18.16,
2020-12-07T09:57:00+05:30,18.16,18.16,18.12,18.12,
2020-12-07T09:58:00+05:30,18.12,18.13,18.1,18.11,
2020-12-07T09:59:00+05:30,18.11,18.29,18.11,18.28,
2020-12-07T10:00:00+05:30,18.28,18.29,18.06,18.07,
2020-12-07T10:01:00+05:30,18.06,18.08,18.05,18.06,
2020-12-07T10:02:00+05:30,18.06,18.26,18.05,18.06,
2020-12-07T10:03:00+05:30,18.06,18.27,18.03,18.24,
2020-12-07T10:04:00+05:30,18.24,18.27,18.22,18.27,
2020-12-07T10:05:00+05:30,18.27,18.29,18.23,18.24,
2020-12-07T10:06:00+05:30,18.24,18.25,18.23,18.25,
2020-12-07T10:07:00+05:30,18.25,18.28,18.23,18.26,
2020-12-07T10:08:00+05:30,18.26,18.28,18.25,18.27,
2020-12-07T10:09:00+05:30,18.27,18.29,18.26,18.29,
2020-12-07T10:10:00+05:30,18.28,18.28,18.24,18.24,
2020-12-07T10:11:00+05:30,18.24,18.3,18.23,18.25,
2020-12-07T10:12:00+05:30,18.25,18.26,18.23,18.23,
2020-12-07T10:13:00+05:30,18.23,18.26,18.22,18.23,
2020-12-07T10:14:00+05:30,18.24,18.25,18.23,18.23,
2020-12-07T10:15:00+05:30,18.23,18.23,18.2,18.2,
2020-12-07T10:16:00+05:30,18.21,18.25,18.2,18.24,
2020-12-07T10:17:00+05:30,18.24,18.24,18.19,18.21,
2020-12-07T10:18:00+05:30,18.21,18.23,18.2,18.23,
2020-12-07T10:19:00+05:30,18.23,18.25,18.22,18.23,
2020-12-07T10:20:00+05:30,18.23,18.23,18.2,18.23,
2020-12-07T10:21:00+05:30,18.23,18.27,18.23,18.27,
2020-12-07T10:22:00+05:30,18.27,18.27,18.24,18.24,
2020-12-07T10:23:00+05:30,18.24,18.27,18.24,18.26,
2020-12-07T10:24:00+05:30,18.26,18.32,18.26,18.28,
2020-12-07T10:25:00+05:30,18.29,18.29,18.27,18.28,
2020-12-07T10:26:00+05:30,18.28,18.31,18.27,18.29,
2020-12-07T10:27:00+05:30,18.29,18.29,18.27,18.28,
2020-12-07T10:28:00+05:30,18.28,18.3,18.28,18.28,
2020-12-07T10:29:00+05:30,18.28,18.3,18.27,18.29,
2020-12-07T10:30:00+05:30,18.29,18.29,18.27,18.29,
2020-12-07T10:31:00+05:30,18.29,18.3,18.28,18.3,
2020-12-07T10:32:00+05:30,18.3,18.31,18.27,18.28,
2020-12-07T10:33:00+05:30,18.28,18.29,18.27,18.29,
2020-12-07T10:34:00+05:30,18.28,18.31,18.28,18.3,
2020-12-07T10:35:00+05:30,18.3,18.31,18.29,18.29,
2020-12-07T10:36:00+05:30,18.29,18.3,18.23,18.23,
2020-12-07T10:37:00+05:30,18.23,18.24,18.23,18.24,
2020-12-07T10:38:00+05:30,18.24,18.24,18.2,18.21,
2020-12-07T10:39:00+05:30,18.21,18.21,18.18,18.21,
2020-12-07T10:40:00+05:30,18.2,18.2,18.14,18.14,
2020-12-07T10:41:00+05:30,18.15,18.2,18.15,18.18,
2020-12-07T10:42:00+05:30,18.19,18.21,18.18,18.2,
2020-12-07T10:43:00+05:30,18.2,18.21,18.19,18.19,
2020-12-07T10:44:00+05:30,18.19,18.21,18.17,18.18,
2020-12-07T10:45:00+05:30,18.18,18.18,18.16,18.16,
2020-12-07T10:46:00+05:30,18.16,18.2,18.16,18.16,
2020-12-07T10:47:00+05:30,18.16,18.17,18.13,18.13,
2020-12-07T10:48:00+05:30,18.13,18.15,18.13,18.14,
2020-12-07T10:49:00+05:30,18.14,18.16,18.14,18.16,
2020-12-07T10:50:00+05:30,18.16,18.17,18.13,18.15,
2020-12-07T10:51:00+05:30,18.15,18.16,18.14,18.16,
2020-12-07T10:52:00+05:30,18.16,18.16,18.15,18.16,
2020-12-07T10:53:00+05:30,18.16,18.16,18.14,18.15,
2020-12-07T10:54:00+05:30,18.15,18.16,18.14,18.14,
2020-12-07T10:55:00+05:30,18.14,18.15,18.14,18.14,
2020-12-07T10:56:00+05:30,18.14,18.15,18.13,18.15,
2020-12-07T10:57:00+05:30,18.15,18.15,18.12,18.13,
2020-12-07T10:58:00+05:30,18.13,18.14,18.11,18.12,
2020-12-07T10:59:00+05:30,18.12,18.14,18.12,18.13,
2020-12-07T11:00:00+05:30,18.13,18.14,18.13,18.14,
2020-12-07T11:01:00+05:30,18.14,18.15,18.13,18.13,
2020-12-07T11:02:00+05:30,18.13,18.15,18.13,18.14,
2020-12-07T11:03:00+05:30,18.14,18.15,18.13,18.14,
2020-12-07T11:04:00+05:30,18.14,18.15,18.12,18.13,
2020-12-07T11:05:00+05:30,18.13,18.14,18.11,18.12,
2020-12-07T11:06:00+05:30,18.12,18.13,18.1,18.1,
2020-12-07T11:07:00+05:30,18.1,18.15,18.1,18.14,
2020-12-07T11:08:00+05:30,18.15,18.15,18.13,18.13,
2020-12-07T11:09:00+05:30,18.13,18.15,18.13,18.15,
2020-12-07T11:10:00+05:30,18.15,18.17,18.14,18.16,
2020-12-07T11:11:00+05:30,18.16,18.21,18.16,18.2,
2020-12-07T11:12:00+05:30,18.2,18.21,18.16,18.17,
2020-12-07T11:13:00+05:30,18.17,18.2,18.17,18.19,
2020-12-07T11:14:00+05:30,18.19,18.23,18.19,18.22,
2020-12-07T11:15:00+05:30,18.22,18.23,18.21,18.22,
2020-12-07T11:16:00+05:30,18.21,18.22,18.2,18.21,
2020-12-07T11:17:00+05:30,18.21,18.22,18.21,18.21,
2020-12-07T11:18:00+05:30,18.21,18.23,18.21,18.23,
2020-12-07T11:19:00+05:30,18.23,18.23,18.19,18.19,
2020-12-07T11:20:00+05:30,18.19,18.19,18.16,18.17,
2020-12-07T11:21:00+05:30,18.17,18.18,18.16,18.16,
2020-12-07T11:22:00+05:30,18.16,18.19,18.16,18.18,
2020-12-07T11:23:00+05:30,18.18,18.2,18.18,18.19,
2020-12-07T11:24:00+05:30,18.19,18.21,18.18,18.19,
2020-12-07T11:25:00+05:30,18.19,18.22,18.19,18.21,
2020-12-07T11:26:00+05:30,18.21,18.21,18.19,18.21,
2020-12-07T11:27:00+05:30,18.21,18.23,18.19,18.2,
2020-12-07T11:28:00+05:30,18.2,18.23,18.2,18.23,
2020-12-07T11:29:00+05:30,18.23,18.23,18.18,18.18,
2020-12-07T11:30:00+05:30,18.18,18.22,18.18,18.21,
2020-12-07T11:31:00+05:30,18.21,18.21,18.19,18.19,
2020-12-07T11:32:00+05:30,18.19,18.21,18.19,18.19,
2020-12-07T11:33:00+05:30,18.19,18.21,18.18,18.19,
2020-12-07T11:34:00+05:30,18.19,18.22,18.19,18.22,
2020-12-07T11:35:00+05:30,18.22,18.24,18.21,18.23,
2020-12-07T11:36:00+05:30,18.23,18.25,18.22,18.24,
2020-12-07T11:37:00+05:30,18.24,18.28,18.24,18.27,
2020-12-07T11:38:00+05:30,18.27,18.27,18.21,18.22,
2020-12-07T11:39:00+05:30,18.22,18.23,18.2,18.23,
2020-12-07T11:40:00+05:30,18.23,18.25,18.22,18.23,
2020-12-07T11:41:00+05:30,18.23,18.24,18.22,18.23,
2020-12-07T11:42:00+05:30,18.23,18.23,18.22,18.22,
2020-12-07T11:43:00+05:30,18.22,18.24,18.22,18.22,
2020-12-07T11:44:00+05:30,18.22,18.23,18.2,18.2,
2020-12-07T11:45:00+05:30,18.2,18.21,18.18,18.18,
2020-12-07T11:46:00+05:30,18.17,18.18,18.16,18.16,
2020-12-07T11:47:00+05:30,18.16,18.18,18.16,18.18,
2020-12-07T11:48:00+05:30,18.18,18.18,18.16,18.16,
2020-12-07T11:49:00+05:30,18.16,18.16,18.15,18.15,
2020-12-07T11:50:00+05:30,18.15,18.17,18.15,18.16,
2020-12-07T11:51:00+05:30,18.16,18.17,18.15,18.16,
2020-12-07T11:52:00+05:30,18.16,18.18,18.16,18.17,
2020-12-07T11:53:00+05:30,18.16,18.18,18.16,18.17,
2020-12-07T11:54:00+05:30,18.17,18.18,18.16,18.17,
2020-12-07T11:55:00+05:30,18.17,18.19,18.17,18.18,
2020-12-07T11:56:00+05:30,18.18,18.19,18.17,18.19,
2020-12-07T11:57:00+05:30,18.19,18.2,18.18,18.19,
2020-12-07T11:58:00+05:30,18.19,18.19,18.13,18.14,
2020-12-07T11:59:00+05:30,18.13,18.16,18.1,18.1,
2020-12-07T12:00:00+05:30,18.1,18.13,18.09,18.11,
2020-12-07T12:01:00+05:30,18.11,18.14,18.1,18.14,
2020-12-07T12:02:00+05:30,18.13,18.15,18.13,18.14,
2020-12-07T12:03:00+05:30,18.14,18.16,18.13,18.14,
2020-12-07T12:04:00+05:30,18.14,18.15,18.12,18.13,
2020-12-07T12:05:00+05:30,18.13,18.15,18.12,18.14,
2020-12-07T12:06:00+05:30,18.14,18.14,18.13,18.14,
2020-12-07T12:07:00+05:30,18.14,18.16,18.13,18.15,
2020-12-07T12:08:00+05:30,18.15,18.15,17.83,17.88,
2020-12-07T12:09:00+05:30,17.88,18.01,17.88,18.01,
2020-12-07T12:10:00+05:30,18.01,18.01,17.9,17.91,
2020-12-07T12:11:00+05:30,17.91,17.95,17.9,17.93,
2020-12-07T12:12:00+05:30,17.93,17.95,17.87,17.88,
2020-12-07T12:13:00+05:30,17.88,17.9,17.88,17.89,
2020-12-07T12:14:00+05:30,17.89,17.94,17.89,17.93,
2020-12-07T12:15:00+05:30,17.93,17.95,17.91,17.95,
2020-12-07T12:16:00+05:30,17.96,17.96,17.93,17.94,
2020-12-07T12:17:00+05:30,17.94,17.95,17.9,17.95,
2020-12-07T12:18:00+05:30,17.95,17.95,17.91,17.94,
2020-12-07T12:19:00+05:30,17.94,17.95,17.93,17.95,
2020-12-07T12:20:00+05:30,17.95,17.96,17.94,17.94,
2020-12-07T12:21:00+05:30,17.94,17.97,17.94,17.96,
2020-12-07T12:22:00+05:30,17.96,17.96,17.93,17.94,
2020-12-07T12:23:00+05:30,17.94,17.96,17.93,17.96,
2020-12-07T12:24:00+05:30,17.96,17.96,17.94,17.95,
2020-12-07T12:25:00+05:30,17.95,17.96,17.94,17.96,
2020-12-07T12:26:00+05:30,17.96,17.96,17.93,17.95,
2020-12-07T12:27:00+05:30,17.95,18,17.94,17.98,
2020-12-07T12:28:00+05:30,17.98,17.99,17.97,17.98,
2020-12-07T12:29:00+05:30,17.99,17.99,17.95,17.96,
2020-12-07T12:30:00+05:30,17.96,18.02,17.96,17.99,
2020-12-07T12:31:00+05:30,17.99,17.99,17.94,17.95,
2020-12-07T12:32:00+05:30,17.95,17.96,17.92,17.94,
2020-12-07T12:33:00+05:30,17.94,17.97,17.93,17.96,
2020-12-07T12:34:00+05:30,17.97,17.99,17.97,17.97,
2020-12-07T12:35:00+05:30,17.97,18.01,17.97,18,
2020-12-07T12:36:00+05:30,18.01,18.01,17.97,17.97,
2020-12-07T12:37:00+05:30,17.97,18,17.97,17.97,
2020-12-07T12:38:00+05:30,17.97,17.98,17.94,17.94,
2020-12-07T12:39:00+05:30,17.94,17.95,17.91,17.91,
2020-12-07T12:40:00+05:30,17.92,17.95,17.92,17.93,
2020-12-07T12:41:00+05:30,17.93,17.94,17.92,17.94,
2020-12-07T12:42:00+05:30,17.94,17.97,17.92,17.96,
2020-12-07T12:43:00+05:30,17.96,17.97,17.93,17.96,
2020-12-07T12:44:00+05:30,17.96,17.97,17.95,17.96,
2020-12-07T12:45:00+05:30,17.96,17.97,17.95,17.96,
2020-12-07T12:46:00+05:30,17.96,17.97,17.94,17.97,
2020-12-07T12:47:00+05:30,17.97,17.98,17.96,17.96,
2020-12-07T12:48:00+05:30,17.97,17.97,17.94,17.95,
2020-12-07T12:49:00+05:30,17.95,17.96,17.93,17.94,
2020-12-07T12:50:00+05:30,17.94,17.95,17.93,17.94,
2020-12-07T12:51:00+05:30,17.94,17.97,17.94,17.96,
2020-12-07T12:52:00+05:30,17.96,17.96,17.95,17.96,
2020-12-07T12:53:00+05:30,17.96,17.97,17.95,17.95,
2020-12-07T12:54:00+05:30,17.95,17.97,17.95,17.96,
2020-12-07T12:55:00+05:30,17.95,17.96,17.94,17.94,
2020-12-07T12:56:00+05:30,17.94,17.96,17.94,17.95,
2020-12-07T12:57:00+05:30,17.94,17.95,17.9,17.92,
2020-12-07T12:58:00+05:30,17.92,17.92,17.9,17.92,
2020-12-07T12:59:00+05:30,17.92,17.95,17.91,17.94,
2020-12-07T13:00:00+05:30,17.94,17.94,17.9,17.93,
2020-12-07T13:01:00+05:30,17.93,17.95,17.93,17.93,
2020-12-07T13:02:00+05:30,17.93,17.95,17.93,17.94,
2020-12-07T13:03:00+05:30,17.95,17.95,17.94,17.95,
2020-12-07T13:04:00+05:30,17.95,17.96,17.93,17.95,
2020-12-07T13:05:00+05:30,17.95,17.97,17.94,17.96,
2020-12-07T13:06:00+05:30,17.96,18,17.96,17.99,
2020-12-07T13:07:00+05:30,18,18.02,17.98,18.01,
2020-12-07T13:08:00+05:30,18.01,18.02,17.98,17.99,
2020-12-07T13:09:00+05:30,17.99,18.02,17.99,18,
2020-12-07T13:10:00+05:30,18,18.02,17.99,18,
2020-12-07T13:11:00+05:30,18,18,17.98,17.98,
2020-12-07T13:12:00+05:30,17.98,18.02,17.98,18,
2020-12-07T13:13:00+05:30,18.01,18.02,17.98,17.98,
2020-12-07T13:14:00+05:30,17.98,18,17.96,17.96,
2020-12-07T13:15:00+05:30,17.96,17.97,17.95,17.96,
2020-12-07T13:16:00+05:30,17.96,17.97,17.95,17.96,
2020-12-07T13:17:00+05:30,17.96,17.99,17.94,17.99,
2020-12-07T13:18:00+05:30,17.99,18.02,17.98,18.01,
2020-12-07T13:19:00+05:30,18.01,18.01,17.98,17.98,
2020-12-07T13:20:00+05:30,17.98,17.98,17.94,17.97,
2020-12-07T13:21:00+05:30,17.97,17.97,17.93,17.94,
2020-12-07T13:22:00+05:30,17.94,17.96,17.92,17.96,
2020-12-07T13:23:00+05:30,17.96,17.98,17.95,17.97,
2020-12-07T13:24:00+05:30,17.97,18.01,17.97,18,
2020-12-07T13:25:00+05:30,17.99,18,17.98,17.99,
2020-12-07T13:26:00+05:30,17.99,18,17.97,17.99,
2020-12-07T13:27:00+05:30,17.99,17.99,17.98,17.98,
2020-12-07T13:28:00+05:30,17.98,17.99,17.97,17.98,
2020-12-07T13:29:00+05:30,17.98,17.98,17.93,17.94,
2020-12-07T13:30:00+05:30,17.94,18.01,17.94,17.98,
2020-12-07T13:31:00+05:30,17.98,18.01,17.96,18,
2020-12-07T13:32:00+05:30,18,18,17.94,17.97,
2020-12-07T13:33:00+05:30,17.97,18.04,17.97,18.03,
2020-12-07T13:34:00+05:30,18.03,18.03,18.01,18.02,
2020-12-07T13:35:00+05:30,18.01,18.06,18.01,18.04,
2020-12-07T13:36:00+05:30,18.04,18.05,17.98,17.98,
2020-12-07T13:37:00+05:30,17.97,18.01,17.96,17.98,
2020-12-07T13:38:00+05:30,17.99,18.01,17.97,18.01,
2020-12-07T13:39:00+05:30,18.01,18.1,18.01,18.1,
2020-12-07T13:40:00+05:30,18.1,18.11,18.07,18.1,
2020-12-07T13:41:00+05:30,18.11,18.13,18.09,18.1,
2020-12-07T13:42:00+05:30,18.1,18.15,18.08,18.14,
2020-12-07T13:43:00+05:30,18.14,18.2,18.14,18.14,
2020-12-07T13:44:00+05:30,18.13,18.17,18.13,18.15,
2020-12-07T13:45:00+05:30,18.15,18.18,18.14,18.16,
2020-12-07T13:46:00+05:30,18.17,18.18,18.14,18.14,
2020-12-07T13:47:00+05:30,18.1,18.15,18.1,18.13,
2020-12-07T13:48:00+05:30,18.13,18.13,18.08,18.1,
2020-12-07T13:49:00+05:30,18.1,18.1,18.06,18.1,
2020-12-07T13:50:00+05:30,18.1,18.11,18.08,18.09,
2020-12-07T13:51:00+05:30,18.1,18.1,18.04,18.08,
2020-12-07T13:52:00+05:30,18.08,18.09,17.99,18.05,
2020-12-07T13:53:00+05:30,18.05,18.09,18.05,18.07,
2020-12-07T13:54:00+05:30,18.07,18.09,18.03,18.03,
2020-12-07T13:55:00+05:30,18.03,18.08,18.02,18.07,
2020-12-07T13:56:00+05:30,18.07,18.08,18.03,18.05,
2020-12-07T13:57:00+05:30,18.05,18.11,18.05,18.1,
2020-12-07T13:58:00+05:30,18.1,18.16,18.09,18.14,
2020-12-07T13:59:00+05:30,18.14,18.16,18.13,18.14,
2020-12-07T14:00:00+05:30,18.14,18.18,18.13,18.13,
2020-12-07T14:01:00+05:30,18.13,18.15,18.1,18.13,
2020-12-07T14:02:00+05:30,18.13,18.16,18.1,18.14,
2020-12-07T14:03:00+05:30,18.14,18.18,18.14,18.16,
2020-12-07T14:04:00+05:30,18.16,18.2,18.13,18.18,
2020-12-07T14:05:00+05:30,18.17,18.22,18.17,18.21,
2020-12-07T14:06:00+05:30,18.21,18.25,18.21,18.25,
2020-12-07T14:07:00+05:30,18.24,18.25,18.22,18.22,
2020-12-07T14:08:00+05:30,18.22,18.23,18.19,18.2,
2020-12-07T14:09:00+05:30,18.2,18.21,18.17,18.21,
2020-12-07T14:10:00+05:30,18.2,18.23,18.17,18.19,
2020-12-07T14:11:00+05:30,18.2,18.24,18.18,18.23,
2020-12-07T14:12:00+05:30,18.2,18.23,18.19,18.22,
2020-12-07T14:13:00+05:30,18.22,18.24,18.14,18.14,
2020-12-07T14:14:00+05:30,18.13,18.15,18.12,18.14,
2020-12-07T14:15:00+05:30,18.14,18.21,18.13,18.18,
2020-12-07T14:16:00+05:30,18.18,18.22,18.18,18.2,
2020-12-07T14:17:00+05:30,18.2,18.22,18.19,18.21,
2020-12-07T14:18:00+05:30,18.21,18.23,18.18,18.19,
2020-12-07T14:19:00+05:30,18.2,18.23,18.18,18.22,
2020-12-07T14:20:00+05:30,18.22,18.24,18.19,18.21,
2020-12-07T14:21:00+05:30,18.21,18.21,18.16,18.18,
2020-12-07T14:22:00+05:30,18.18,18.19,18.13,18.14,
2020-12-07T14:23:00+05:30,18.14,18.17,18.13,18.15,
2020-12-07T14:24:00+05:30,18.15,18.16,18.14,18.15,
2020-12-07T14:25:00+05:30,18.15,18.17,18.13,18.13,
2020-12-07T14:26:00+05:30,18.13,18.14,18.11,18.13,
2020-12-07T14:27:00+05:30,18.13,18.15,18.12,18.15,
2020-12-07T14:28:00+05:30,18.14,18.15,18.03,18.04,
2020-12-07T14:29:00+05:30,18.05,18.06,18.04,18.05,
2020-12-07T14:30:00+05:30,18.05,18.16,18.05,18.16,
2020-12-07T14:31:00+05:30,18.16,18.16,18.14,18.14,
2020-12-07T14:32:00+05:30,18.14,18.17,18.14,18.15,
2020-12-07T14:33:00+05:30,18.15,18.16,18.12,18.13,
2020-12-07T14:34:00+05:30,18.13,18.15,18.11,18.14,
2020-12-07T14:35:00+05:30,18.14,18.15,18.14,18.15,
2020-12-07T14:36:00+05:30,18.14,18.16,18.14,18.16,
2020-12-07T14:37:00+05:30,18.16,18.21,18.13,18.21,
2020-12-07T14:38:00+05:30,18.21,18.22,18.19,18.2,
2020-12-07T14:39:00+05:30,18.2,18.21,18.19,18.2,
2020-12-07T14:40:00+05:30,18.2,18.2,18.14,18.14,
2020-12-07T14:41:00+05:30,18.14,18.14,18.13,18.13,
2020-12-07T14:42:00+05:30,18.14,18.16,18.14,18.16,
2020-12-07T14:43:00+05:30,18.16,18.16,18.12,18.13,
2020-12-07T14:44:00+05:30,18.13,18.14,18.12,18.14,
2020-12-07T14:45:00+05:30,18.14,18.15,18.11,18.12,
2020-12-07T14:46:00+05:30,18.12,18.13,18.11,18.11,
2020-12-07T14:47:00+05:30,18.11,18.12,18.09,18.09,
2020-12-07T14:48:00+05:30,18.09,18.1,18.06,18.08,
2020-12-07T14:49:00+05:30,18.08,18.1,18.08,18.1,
2020-12-07T14:50:00+05:30,18.1,18.13,18.09,18.12,
2020-12-07T14:51:00+05:30,18.12,18.13,18.11,18.12,
2020-12-07T14:52:00+05:30,18.11,18.12,18.1,18.1,
2020-12-07T14:53:00+05:30,18.1,18.1,18.06,18.1,
2020-12-07T14:54:00+05:30,18.1,18.1,18.07,18.07,
2020-12-07T14:55:00+05:30,18.08,18.08,18.06,18.06,
2020-12-07T14:56:00+05:30,18.06,18.07,18.06,18.07,
2020-12-07T14:57:00+05:30,18.07,18.07,18.01,18.03,
2020-12-07T14:58:00+05:30,18.03,18.11,18.03,18.11,
2020-12-07T14:59:00+05:30,18.11,18.12,18.1,18.11,
2020-12-07T15:00:00+05:30,18.11,18.11,18.07,18.07,
2020-12-07T15:01:00+05:30,18.07,18.08,18.03,18.04,
2020-12-07T15:02:00+05:30,18.04,18.06,18,18,
2020-12-07T15:03:00+05:30,18,18,17.97,17.98,
2020-12-07T15:04:00+05:30,17.98,18.01,17.98,18,
2020-12-07T15:05:00+05:30,18,18.01,17.98,18,
2020-12-07T15:06:00+05:30,18,18,17.97,17.98,
2020-12-07T15:07:00+05:30,17.98,17.99,17.95,17.98,
2020-12-07T15:08:00+05:30,17.98,18,17.95,18,
2020-12-07T15:09:00+05:30,18,18.04,17.99,18.04,
2020-12-07T15:10:00+05:30,18.04,18.04,18,18,
2020-12-07T15:11:00+05:30,18,18.02,17.99,18.01,
2020-12-07T15:12:00+05:30,18.01,18.07,18,18,
2020-12-07T15:13:00+05:30,18,18.05,18,18.02,
2020-12-07T15:14:00+05:30,18.03,18.05,18.03,18.05,
2020-12-07T15:15:00+05:30,18.05,18.06,18.01,18.01,
2020-12-07T15:16:00+05:30,18.01,18.03,18,18.03,
2020-12-07T15:17:00+05:30,18.03,18.05,18.02,18.03,
2020-12-07T15:18:00+05:30,18.04,18.04,18.02,18.03,
2020-12-07T15:19:00+05:30,18.03,18.03,18.01,18.02,
2020-12-07T15:20:00+05:30,18.03,18.03,17.99,18.01,
2020-12-07T15:21:00+05:30,18.01,18.04,18.01,18.03,
2020-12-07T15:22:00+05:30,18.03,18.03,18.01,18.01,
2020-12-07T15:23:00+05:30,18.02,18.08,18.02,18.08,
2020-12-07T15:24:00+05:30,18.08,18.08,18.03,18.03,
2020-12-07T15:25:00+05:30,18.03,18.05,18.03,18.04,
2020-12-07T15:26:00+05:30,18.04,18.05,18.03,18.05,
2020-12-07T15:27:00+05:30,18.05,18.05,18.02,18.04,
2020-12-07T15:28:00+05:30,18.04,18.06,18.03,18.06,
2020-12-07T15:29:00+05:30,18.06,18.09,18.06,18.08,
2020-12-08T09:15:00+05:30,18.03,18.03,16.27,17.59,
2020-12-08T09:16:00+05:30,17.6,18.4,17.58,18.38,
2020-12-08T09:17:00+05:30,18.38,18.42,18.36,18.42,
2020-12-08T09:18:00+05:30,18.42,18.42,18.36,18.38,
2020-12-08T09:19:00+05:30,18.39,18.41,18.38,18.4,
2020-12-08T09:20:00+05:30,18.4,18.5,18.4,18.46,
2020-12-08T09:21:00+05:30,18.45,18.49,18.44,18.47,
2020-12-08T09:22:00+05:30,18.47,18.51,18.46,18.49,
2020-12-08T09:23:00+05:30,18.49,18.54,18.44,18.5,
2020-12-08T09:24:00+05:30,18.5,18.53,18.49,18.5,
2020-12-08T09:25:00+05:30,18.5,18.51,18.46,18.5,
2020-12-08T09:26:00+05:30,18.5,18.5,18.44,18.45,
2020-12-08T09:27:00+05:30,18.45,18.45,18.43,18.43,
2020-12-08T09:28:00+05:30,18.43,18.44,18.42,18.43,
2020-12-08T09:29:00+05:30,18.43,18.43,18.4,18.42,
2020-12-08T09:30:00+05:30,18.42,18.44,18.38,18.38,
2020-12-08T09:31:00+05:30,18.38,18.44,18.38,18.43,
2020-12-08T09:32:00+05:30,18.44,18.44,18.38,18.39,
2020-12-08T09:33:00+05:30,18.38,18.43,18.38,18.43,
2020-12-08T09:34:00+05:30,18.43,18.44,18.41,18.42,
2020-12-08T09:35:00+05:30,18.41,18.45,18.41,18.44,
2020-12-08T09:36:00+05:30,18.44,18.45,18.41,18.44,
2020-12-08T09:37:00+05:30,18.44,18.48,18.44,18.47,
2020-12-08T09:38:00+05:30,18.47,18.48,18.44,18.47,
2020-12-08T09:39:00+05:30,18.47,18.48,18.44,18.44,
2020-12-08T09:40:00+05:30,18.45,18.47,18.44,18.46,
2020-12-08T09:41:00+05:30,18.46,18.47,18.46,18.46,
2020-12-08T09:42:00+05:30,18.46,18.48,18.46,18.46,
2020-12-08T09:43:00+05:30,18.46,18.46,18.45,18.46,
2020-12-08T09:44:00+05:30,18.46,18.46,18.46,18.46,
2020-12-08T09:45:00+05:30,18.46,18.47,18.41,18.43,
2020-12-08T09:46:00+05:30,18.43,18.47,18.43,18.46,
2020-12-08T09:47:00+05:30,18.46,18.47,18.44,18.44,
2020-12-08T09:48:00+05:30,18.44,18.45,18.43,18.45,
2020-12-08T09:49:00+05:30,18.44,18.45,18.43,18.43,
2020-12-08T09:50:00+05:30,18.42,18.44,18.42,18.43,
2020-12-08T09:51:00+05:30,18.43,18.44,18.42,18.43,
2020-12-08T09:52:00+05:30,18.43,18.43,18.4,18.43,
2020-12-08T09:53:00+05:30,18.43,18.44,18.43,18.43,
2020-12-08T09:54:00+05:30,18.43,18.46,18.43,18.45,
2020-12-08T09:55:00+05:30,18.46,18.49,18.45,18.49,
2020-12-08T09:56:00+05:30,18.49,18.49,18.47,18.48,
2020-12-08T09:57:00+05:30,18.48,18.48,18.43,18.45,
2020-12-08T09:58:00+05:30,18.45,18.48,18.45,18.48,
2020-12-08T09:59:00+05:30,18.48,18.49,18.46,18.49,
2020-12-08T10:00:00+05:30,18.49,18.51,18.48,18.5,
2020-12-08T10:01:00+05:30,18.5,18.5,18.46,18.47,
2020-12-08T10:02:00+05:30,18.47,18.47,18.45,18.46,
2020-12-08T10:03:00+05:30,18.47,18.48,18.45,18.46,
2020-12-08T10:04:00+05:30,18.46,18.47,18.46,18.46,
2020-12-08T10:05:00+05:30,18.46,18.47,18.46,18.46,
2020-12-08T10:06:00+05:30,18.46,18.48,18.46,18.47,
2020-12-08T10:07:00+05:30,18.47,18.48,18.47,18.48,
2020-12-08T10:08:00+05:30,18.48,18.48,18.46,18.48,
2020-12-08T10:09:00+05:30,18.48,18.49,18.45,18.47,
2020-12-08T10:10:00+05:30,18.46,18.5,18.46,18.49,
2020-12-08T10:11:00+05:30,18.49,18.51,18.47,18.5,
2020-12-08T10:12:00+05:30,18.51,18.51,18.49,18.49,
2020-12-08T10:13:00+05:30,18.49,18.5,18.48,18.49,
2020-12-08T10:14:00+05:30,18.49,18.51,18.47,18.49,
2020-12-08T10:15:00+05:30,18.49,18.49,18.46,18.47,
2020-12-08T10:16:00+05:30,18.47,18.5,18.46,18.47,
2020-12-08T10:17:00+05:30,18.47,18.49,18.45,18.49,
2020-12-08T10:18:00+05:30,18.49,18.49,18.45,18.46,
2020-12-08T10:19:00+05:30,18.46,18.46,18.45,18.46,
2020-12-08T10:20:00+05:30,18.45,18.45,18.41,18.43,
2020-12-08T10:21:00+05:30,18.44,18.45,18.44,18.44,
2020-12-08T10:22:00+05:30,18.44,18.44,18.41,18.41,
2020-12-08T10:23:00+05:30,18.41,18.44,18.4,18.44,
2020-12-08T10:24:00+05:30,18.44,18.44,18.43,18.44,
2020-12-08T10:25:00+05:30,18.43,18.44,18.42,18.42,
2020-12-08T10:26:00+05:30,18.42,18.44,18.41,18.43,
2020-12-08T10:27:00+05:30,18.43,18.44,18.42,18.43,
2020-12-08T10:28:00+05:30,18.43,18.45,18.43,18.44,
2020-12-08T10:29:00+05:30,18.44,18.48,18.44,18.44,
2020-12-08T10:30:00+05:30,18.44,18.45,18.42,18.42,
2020-12-08T10:31:00+05:30,18.42,18.43,18.4,18.42,
2020-12-08T10:32:00+05:30,18.41,18.42,18.41,18.42,
2020-12-08T10:33:00+05:30,18.42,18.44,18.4,18.41,
2020-12-08T10:34:00+05:30,18.41,18.42,18.4,18.41,
2020-12-08T10:35:00+05:30,18.41,18.45,18.41,18.44,
2020-12-08T10:36:00+05:30,18.44,18.46,18.44,18.45,
2020-12-08T10:37:00+05:30,18.45,18.46,18.42,18.43,
2020-12-08T10:38:00+05:30,18.43,18.48,18.43,18.48,
2020-12-08T10:39:00+05:30,18.47,18.49,18.46,18.48,
2020-12-08T10:40:00+05:30,18.48,18.48,18.47,18.48,
2020-12-08T10:41:00+05:30,18.48,18.48,18.46,18.46,
2020-12-08T10:42:00+05:30,18.46,18.48,18.45,18.47,
2020-12-08T10:43:00+05:30,18.47,18.48,18.45,18.46,
2020-12-08T10:44:00+05:30,18.46,18.47,18.45,18.46,
2020-12-08T10:45:00+05:30,18.46,18.48,18.45,18.47,
2020-12-08T10:46:00+05:30,18.47,18.48,18.45,18.47,
2020-12-08T10:47:00+05:30,18.47,18.48,18.46,18.47,
2020-12-08T10:48:00+05:30,18.47,18.48,18.45,18.45,
2020-12-08T10:49:00+05:30,18.45,18.47,18.45,18.47,
2020-12-08T10:50:00+05:30,18.47,18.49,18.46,18.48,
2020-12-08T10:51:00+05:30,18.48,18.49,18.47,18.49,
2020-12-08T10:52:00+05:30,18.49,18.5,18.48,18.49,
2020-12-08T10:53:00+05:30,18.49,18.52,18.49,18.52,
2020-12-08T10:54:00+05:30,18.52,18.52,18.5,18.5,
2020-12-08T10:55:00+05:30,18.5,18.53,18.5,18.5,
2020-12-08T10:56:00+05:30,18.5,18.53,18.49,18.51,
2020-12-08T10:57:00+05:30,18.51,18.52,18.49,18.49,
2020-12-08T10:58:00+05:30,18.49,18.5,18.47,18.49,
2020-12-08T10:59:00+05:30,18.49,18.52,18.49,18.51,
2020-12-08T11:00:00+05:30,18.51,18.52,18.48,18.51,
2020-12-08T11:01:00+05:30,18.51,18.53,18.5,18.53,
2020-12-08T11:02:00+05:30,18.52,18.56,18.51,18.56,
2020-12-08T11:03:00+05:30,18.57,18.57,18.54,18.55,
2020-12-08T11:04:00+05:30,18.55,18.6,18.55,18.58,
2020-12-08T11:05:00+05:30,18.58,18.58,18.55,18.57,
2020-12-08T11:06:00+05:30,18.57,18.59,18.57,18.58,
2020-12-08T11:07:00+05:30,18.58,18.61,18.58,18.6,
2020-12-08T11:08:00+05:30,18.58,18.6,18.57,18.57,
2020-12-08T11:09:00+05:30,18.57,18.6,18.57,18.59,
2020-12-08T11:10:00+05:30,18.59,18.62,18.58,18.61,
2020-12-08T11:11:00+05:30,18.61,18.61,18.54,18.56,
2020-12-08T11:12:00+05:30,18.56,18.63,18.55,18.6,
2020-12-08T11:13:00+05:30,18.61,18.62,18.6,18.61,
2020-12-08T11:14:00+05:30,18.61,18.66,18.61,18.66,
2020-12-08T11:15:00+05:30,18.66,18.66,18.62,18.62,
2020-12-08T11:16:00+05:30,18.62,18.63,18.61,18.63,
2020-12-08T11:17:00+05:30,18.63,18.63,18.57,18.58,
2020-12-08T11:18:00+05:30,18.57,18.59,18.57,18.58,
2020-12-08T11:19:00+05:30,18.58,18.59,18.57,18.59,
2020-12-08T11:20:00+05:30,18.59,18.59,18.57,18.58,
2020-12-08T11:21:00+05:30,18.58,18.59,18.57,18.59,
2020-12-08T11:22:00+05:30,18.59,18.65,18.59,18.63,
2020-12-08T11:23:00+05:30,18.63,18.7,18.62,18.63,
2020-12-08T11:24:00+05:30,18.64,18.66,18.63,18.64,
2020-12-08T11:25:00+05:30,18.64,18.7,18.64,18.67,
2020-12-08T11:26:00+05:30,18.67,18.67,18.62,18.64,
2020-12-08T11:27:00+05:30,18.64,18.65,18.62,18.63,
2020-12-08T11:28:00+05:30,18.63,18.64,18.61,18.63,
2020-12-08T11:29:00+05:30,18.63,18.66,18.61,18.61,
2020-12-08T11:30:00+05:30,18.6,18.63,18.6,18.63,
2020-12-08T11:31:00+05:30,18.63,18.67,18.63,18.64,
2020-12-08T11:32:00+05:30,18.64,18.65,18.59,18.63,
2020-12-08T11:33:00+05:30,18.62,18.62,18.49,18.56,
2020-12-08T11:34:00+05:30,18.55,18.58,18.53,18.55,
2020-12-08T11:35:00+05:30,18.55,18.56,18.51,18.53,
2020-12-08T11:36:00+05:30,18.53,18.58,18.53,18.58,
2020-12-08T11:37:00+05:30,18.58,18.58,18.54,18.57,
2020-12-08T11:38:00+05:30,18.57,18.58,18.53,18.55,
2020-12-08T11:39:00+05:30,18.56,18.56,18.53,18.54,
2020-12-08T11:40:00+05:30,18.54,18.58,18.53,18.55,
2020-12-08T11:41:00+05:30,18.55,18.55,18.49,18.51,
2020-12-08T11:42:00+05:30,18.51,18.56,18.51,18.56,
2020-12-08T11:43:00+05:30,18.55,18.58,18.54,18.57,
2020-12-08T11:44:00+05:30,18.59,18.62,18.58,18.6,
2020-12-08T11:45:00+05:30,18.6,18.61,18.57,18.57,
2020-12-08T11:46:00+05:30,18.57,18.59,18.56,18.59,
2020-12-08T11:47:00+05:30,18.59,18.6,18.57,18.59,
2020-12-08T11:48:00+05:30,18.59,18.59,18.55,18.57,
2020-12-08T11:49:00+05:30,18.58,18.6,18.55,18.55,
2020-12-08T11:50:00+05:30,18.55,18.56,18.53,18.53,
2020-12-08T11:51:00+05:30,18.53,18.53,18.51,18.52,
2020-12-08T11:52:00+05:30,18.53,18.53,18.51,18.52,
2020-12-08T11:53:00+05:30,18.52,18.55,18.52,18.54,
2020-12-08T11:54:00+05:30,18.54,18.56,18.53,18.54,
2020-12-08T11:55:00+05:30,18.54,18.55,18.53,18.54,
2020-12-08T11:56:00+05:30,18.54,18.56,18.54,18.55,
2020-12-08T11:57:00+05:30,18.55,18.57,18.54,18.57,
2020-12-08T11:58:00+05:30,18.57,18.6,18.57,18.58,
2020-12-08T11:59:00+05:30,18.58,18.61,18.58,18.6,
2020-12-08T12:00:00+05:30,18.6,18.63,18.59,18.63,
2020-12-08T12:01:00+05:30,18.64,18.64,18.58,18.6,
2020-12-08T12:02:00+05:30,18.6,18.63,18.58,18.61,
2020-12-08T12:03:00+05:30,18.61,18.62,18.59,18.59,
2020-12-08T12:04:00+05:30,18.59,18.62,18.58,18.6,
2020-12-08T12:05:00+05:30,18.6,18.62,18.59,18.6,
2020-12-08T12:06:00+05:30,18.6,18.63,18.6,18.62,
2020-12-08T12:07:00+05:30,18.63,18.65,18.63,18.64,
2020-12-08T12:08:00+05:30,18.64,18.64,18.62,18.63,
2020-12-08T12:09:00+05:30,18.63,18.64,18.61,18.62,
2020-12-08T12:10:00+05:30,18.62,18.62,18.6,18.61,
2020-12-08T12:11:00+05:30,18.61,18.64,18.58,18.58,
2020-12-08T12:12:00+05:30,18.59,18.61,18.58,18.61,
2020-12-08T12:13:00+05:30,18.61,18.62,18.59,18.62,
2020-12-08T12:14:00+05:30,18.63,18.63,18.6,18.6,
2020-12-08T12:15:00+05:30,18.61,18.65,18.61,18.64,
2020-12-08T12:16:00+05:30,18.64,18.67,18.64,18.66,
2020-12-08T12:17:00+05:30,18.66,18.68,18.64,18.66,
2020-12-08T12:18:00+05:30,18.66,18.69,18.65,18.69,
2020-12-08T12:19:00+05:30,18.69,18.71,18.68,18.71,
2020-12-08T12:20:00+05:30,18.71,18.72,18.65,18.65,
2020-12-08T12:21:00+05:30,18.65,18.66,18.57,18.58,
2020-12-08T12:22:00+05:30,18.58,18.58,18.54,18.57,
2020-12-08T12:23:00+05:30,18.57,18.59,18.55,18.59,
2020-12-08T12:24:00+05:30,18.58,18.6,18.56,18.58,
2020-12-08T12:25:00+05:30,18.58,18.59,18.57,18.57,
2020-12-08T12:26:00+05:30,18.57,18.58,18.53,18.54,
2020-12-08T12:27:00+05:30,18.53,18.53,18.48,18.48,
2020-12-08T12:28:00+05:30,18.48,18.51,18.48,18.5,
2020-12-08T12:29:00+05:30,18.5,18.51,18.5,18.51,
2020-12-08T12:30:00+05:30,18.52,18.52,18.47,18.47,
2020-12-08T12:31:00+05:30,18.46,18.46,18.4,18.44,
2020-12-08T12:32:00+05:30,18.46,18.46,18.41,18.46,
2020-12-08T12:33:00+05:30,18.46,18.46,18.43,18.46,
2020-12-08T12:34:00+05:30,18.45,18.48,18.45,18.47,
2020-12-08T12:35:00+05:30,18.47,18.53,18.46,18.53,
2020-12-08T12:36:00+05:30,18.53,18.58,18.52,18.57,
2020-12-08T12:37:00+05:30,18.57,18.59,18.56,18.58,
2020-12-08T12:38:00+05:30,18.58,18.6,18.56,18.56,
2020-12-08T12:39:00+05:30,18.56,18.6,18.55,18.6,
2020-12-08T12:40:00+05:30,18.6,18.62,18.59,18.62,
2020-12-08T12:41:00+05:30,18.61,18.64,18.6,18.6,
2020-12-08T12:42:00+05:30,18.6,18.63,18.59,18.59,
2020-12-08T12:43:00+05:30,18.59,18.6,18.58,18.6,
2020-12-08T12:44:00+05:30,18.61,18.61,18.56,18.56,
2020-12-08T12:45:00+05:30,18.56,18.57,18.55,18.56,
2020-12-08T12:46:00+05:30,18.57,18.58,18.56,18.56,
2020-12-08T12:47:00+05:30,18.56,18.6,18.56,18.6,
2020-12-08T12:48:00+05:30,18.6,18.6,18.57,18.57,
2020-12-08T12:49:00+05:30,18.57,18.58,18.54,18.55,
2020-12-08T12:50:00+05:30,18.55,18.56,18.54,18.54,
2020-12-08T12:51:00+05:30,18.55,18.56,18.53,18.54,
2020-12-08T12:52:00+05:30,18.54,18.55,18.54,18.55,
2020-12-08T12:53:00+05:30,18.55,18.56,18.51,18.51,
2020-12-08T12:54:00+05:30,18.52,18.55,18.51,18.51,
2020-12-08T12:55:00+05:30,18.51,18.52,18.48,18.49,
2020-12-08T12:56:00+05:30,18.49,18.5,18.46,18.48,
2020-12-08T12:57:00+05:30,18.49,18.5,18.48,18.49,
2020-12-08T12:58:00+05:30,18.48,18.49,18.47,18.48,
2020-12-08T12:59:00+05:30,18.48,18.49,18.46,18.47,
2020-12-08T13:00:00+05:30,18.47,18.48,18.42,18.43,
2020-12-08T13:01:00+05:30,18.44,18.48,18.43,18.47,
2020-12-08T13:02:00+05:30,18.46,18.48,18.46,18.47,
2020-12-08T13:03:00+05:30,18.47,18.5,18.47,18.47,
2020-12-08T13:04:00+05:30,18.47,18.51,18.47,18.5,
2020-12-08T13:05:00+05:30,18.5,18.55,18.49,18.53,
2020-12-08T13:06:00+05:30,18.52,18.59,18.52,18.57,
2020-12-08T13:07:00+05:30,18.57,18.6,18.56,18.58,
2020-12-08T13:08:00+05:30,18.58,18.59,18.57,18.58,
2020-12-08T13:09:00+05:30,18.58,18.59,18.56,18.57,
2020-12-08T13:10:00+05:30,18.57,18.59,18.55,18.59,
2020-12-08T13:11:00+05:30,18.59,18.59,18.53,18.55,
2020-12-08T13:12:00+05:30,18.55,18.56,18.52,18.53,
2020-12-08T13:13:00+05:30,18.53,18.55,18.53,18.54,
2020-12-08T13:14:00+05:30,18.54,18.55,18.51,18.51,
2020-12-08T13:15:00+05:30,18.5,18.51,18.47,18.48,
2020-12-08T13:16:00+05:30,18.48,18.51,18.46,18.51,
2020-12-08T13:17:00+05:30,18.51,18.53,18.46,18.49,
2020-12-08T13:18:00+05:30,18.49,18.5,18.47,18.48,
2020-12-08T13:19:00+05:30,18.48,18.5,18.47,18.49,
2020-12-08T13:20:00+05:30,18.5,18.5,18.48,18.49,
2020-12-08T13:21:00+05:30,18.49,18.51,18.48,18.48,
2020-12-08T13:22:00+05:30,18.48,18.5,18.48,18.5,
2020-12-08T13:23:00+05:30,18.49,18.5,18.48,18.49,
2020-12-08T13:24:00+05:30,18.5,18.51,18.49,18.5,
2020-12-08T13:25:00+05:30,18.5,18.51,18.49,18.5,
2020-12-08T13:26:00+05:30,18.51,18.52,18.5,18.51,
2020-12-08T13:27:00+05:30,18.51,18.51,18.49,18.5,
2020-12-08T13:28:00+05:30,18.51,18.52,18.49,18.51,
2020-12-08T13:29:00+05:30,18.51,18.52,18.5,18.51,
2020-12-08T13:30:00+05:30,18.51,18.53,18.49,18.53,
2020-12-08T13:31:00+05:30,18.51,18.56,18.51,18.55,
2020-12-08T13:32:00+05:30,18.55,18.56,18.5,18.51,
2020-12-08T13:33:00+05:30,18.51,18.51,18.48,18.48,
2020-12-08T13:34:00+05:30,18.48,18.49,18.46,18.47,
2020-12-08T13:35:00+05:30,18.47,18.47,18.4,18.4,
2020-12-08T13:36:00+05:30,18.4,18.41,18.39,18.41,
2020-12-08T13:37:00+05:30,18.41,18.44,18.4,18.43,
2020-12-08T13:38:00+05:30,18.43,18.5,18.43,18.5,
2020-12-08T13:39:00+05:30,18.5,18.54,18.5,18.51,
2020-12-08T13:40:00+05:30,18.52,18.54,18.5,18.54,
2020-12-08T13:41:00+05:30,18.54,18.55,18.52,18.52,
2020-12-08T13:42:00+05:30,18.52,18.53,18.51,18.52,
2020-12-08T13:43:00+05:30,18.52,18.53,18.52,18.53,
2020-12-08T13:44:00+05:30,18.53,18.53,18.51,18.53,
2020-12-08T13:45:00+05:30,18.52,18.53,18.51,18.52,
2020-12-08T13:46:00+05:30,18.51,18.53,18.51,18.51,
2020-12-08T13:47:00+05:30,18.51,18.53,18.47,18.47,
2020-12-08T13:48:00+05:30,18.46,18.48,18.46,18.48,
2020-12-08T13:49:00+05:30,18.48,18.5,18.46,18.5,
2020-12-08T13:50:00+05:30,18.5,18.51,18.5,18.51,
2020-12-08T13:51:00+05:30,18.51,18.55,18.51,18.55,
2020-12-08T13:52:00+05:30,18.54,18.56,18.52,18.54,
2020-12-08T13:53:00+05:30,18.54,18.56,18.52,18.54,
2020-12-08T13:54:00+05:30,18.54,18.55,18.53,18.53,
2020-12-08T13:55:00+05:30,18.53,18.54,18.52,18.53,
2020-12-08T13:56:00+05:30,18.53,18.74,18.51,18.72,
2020-12-08T13:57:00+05:30,18.72,18.75,18.72,18.73,
2020-12-08T13:58:00+05:30,18.73,18.73,18.62,18.64,
2020-12-08T13:59:00+05:30,18.64,18.68,18.63,18.68,
2020-12-08T14:00:00+05:30,18.69,18.69,18.67,18.68,
2020-12-08T14:01:00+05:30,18.68,18.68,18.64,18.65,
2020-12-08T14:02:00+05:30,18.65,18.68,18.64,18.67,
2020-12-08T14:03:00+05:30,18.67,18.68,18.66,18.67,
2020-12-08T14:04:00+05:30,18.66,18.72,18.66,18.71,
2020-12-08T14:05:00+05:30,18.72,18.73,18.7,18.71,
2020-12-08T14:06:00+05:30,18.71,18.74,18.7,18.74,
2020-12-08T14:07:00+05:30,18.74,18.74,18.71,18.71,
2020-12-08T14:08:00+05:30,18.71,18.73,18.71,18.72,
2020-12-08T14:09:00+05:30,18.73,18.74,18.72,18.73,
2020-12-08T14:10:00+05:30,18.73,18.75,18.73,18.73,
2020-12-08T14:11:00+05:30,18.73,18.75,18.73,18.75,
2020-12-08T14:12:00+05:30,18.75,18.76,18.73,18.73,
2020-12-08T14:13:00+05:30,18.73,18.75,18.73,18.74,
2020-12-08T14:14:00+05:30,18.74,18.74,18.72,18.73,
2020-12-08T14:15:00+05:30,18.73,18.73,18.65,18.65,
2020-12-08T14:16:00+05:30,18.65,18.69,18.65,18.69,
2020-12-08T14:17:00+05:30,18.68,18.69,18.66,18.68,
2020-12-08T14:18:00+05:30,18.68,18.68,18.66,18.67,
2020-12-08T14:19:00+05:30,18.67,18.68,18.65,18.67,
2020-12-08T14:20:00+05:30,18.67,18.7,18.66,18.69,
2020-12-08T14:21:00+05:30,18.69,18.7,18.68,18.69,
2020-12-08T14:22:00+05:30,18.69,18.71,18.66,18.66,
2020-12-08T14:23:00+05:30,18.66,18.67,18.61,18.62,
2020-12-08T14:24:00+05:30,18.62,18.63,18.6,18.62,
2020-12-08T14:25:00+05:30,18.62,18.63,18.61,18.62,
2020-12-08T14:26:00+05:30,18.62,18.63,18.61,18.61,
2020-12-08T14:27:00+05:30,18.61,18.63,18.6,18.61,
2020-12-08T14:28:00+05:30,18.61,18.61,18.58,18.59,
2020-12-08T14:29:00+05:30,18.59,18.62,18.59,18.61,
2020-12-08T14:30:00+05:30,18.61,18.63,18.56,18.56,
2020-12-08T14:31:00+05:30,18.56,18.59,18.56,18.56,
2020-12-08T14:32:00+05:30,18.55,18.58,18.55,18.56,
2020-12-08T14:33:00+05:30,18.56,18.56,18.54,18.56,
2020-12-08T14:34:00+05:30,18.55,18.57,18.54,18.57,
2020-12-08T14:35:00+05:30,18.57,18.59,18.56,18.58,
2020-12-08T14:36:00+05:30,18.58,18.6,18.57,18.59,
2020-12-08T14:37:00+05:30,18.58,18.6,18.57,18.59,
2020-12-08T14:38:00+05:30,18.59,18.62,18.59,18.61,
2020-12-08T14:39:00+05:30,18.62,18.65,18.61,18.64,
2020-12-08T14:40:00+05:30,18.64,18.66,18.63,18.66,
2020-12-08T14:41:00+05:30,18.66,18.67,18.65,18.66,
2020-12-08T14:42:00+05:30,18.65,18.66,18.64,18.64,
2020-12-08T14:43:00+05:30,18.64,18.64,18.6,18.6,
2020-12-08T14:44:00+05:30,18.6,18.61,18.58,18.6,
2020-12-08T14:45:00+05:30,18.6,18.62,18.58,18.61,
2020-12-08T14:46:00+05:30,18.61,18.65,18.61,18.61,
2020-12-08T14:47:00+05:30,18.61,18.62,18.6,18.62,
2020-12-08T14:48:00+05:30,18.62,18.63,18.61,18.62,
2020-12-08T14:49:00+05:30,18.62,18.63,18.59,18.61,
2020-12-08T14:50:00+05:30,18.62,18.62,18.56,18.57,
2020-12-08T14:51:00+05:30,18.57,18.61,18.56,18.61,
2020-12-08T14:52:00+05:30,18.61,18.61,18.56,18.56,
2020-12-08T14:53:00+05:30,18.57,18.58,18.56,18.57,
2020-12-08T14:54:00+05:30,18.57,18.58,18.56,18.58,
2020-12-08T14:55:00+05:30,18.6,18.6,18.57,18.57,
2020-12-08T14:56:00+05:30,18.57,18.62,18.57,18.58,
2020-12-08T14:57:00+05:30,18.58,18.62,18.58,18.58,
2020-12-08T14:58:00+05:30,18.58,18.6,18.57,18.59,
2020-12-08T14:59:00+05:30,18.59,18.6,18.57,18.58,
2020-12-08T15:00:00+05:30,18.57,18.6,18.55,18.58,
2020-12-08T15:01:00+05:30,18.58,18.58,18.57,18.58,
2020-12-08T15:02:00+05:30,18.59,18.6,18.58,18.58,
2020-12-08T15:03:00+05:30,18.58,18.59,18.57,18.58,
2020-12-08T15:04:00+05:30,18.58,18.6,18.57,18.6,
2020-12-08T15:05:00+05:30,18.6,18.6,18.58,18.59,
2020-12-08T15:06:00+05:30,18.59,18.6,18.53,18.54,
2020-12-08T15:07:00+05:30,18.54,18.59,18.54,18.59,
2020-12-08T15:08:00+05:30,18.6,18.61,18.57,18.59,
2020-12-08T15:09:00+05:30,18.59,18.7,18.59,18.7,
2020-12-08T15:10:00+05:30,18.71,18.76,18.7,18.72,
2020-12-08T15:11:00+05:30,18.72,18.8,18.72,18.79,
2020-12-08T15:12:00+05:30,18.79,18.79,18.72,18.73,
2020-12-08T15:13:00+05:30,18.73,18.74,18.71,18.72,
2020-12-08T15:14:00+05:30,18.72,18.73,18.7,18.72,
2020-12-08T15:15:00+05:30,18.72,18.78,18.72,18.76,
2020-12-08T15:16:00+05:30,18.76,18.78,18.74,18.75,
2020-12-08T15:17:00+05:30,18.75,18.77,18.53,18.53,
2020-12-08T15:18:00+05:30,18.53,18.55,18.51,18.53,
2020-12-08T15:19:00+05:30,18.53,18.57,18.52,18.57,
2020-12-08T15:20:00+05:30,18.57,18.62,18.57,18.62,
2020-12-08T15:21:00+05:30,18.62,18.62,18.59,18.59,
2020-12-08T15:22:00+05:30,18.6,18.61,18.55,18.55,
2020-12-08T15:23:00+05:30,18.55,18.58,18.55,18.57,
2020-12-08T15:24:00+05:30,18.57,18.57,18.53,18.53,
2020-12-08T15:25:00+05:30,18.53,18.55,18.53,18.54,
2020-12-08T15:26:00+05:30,18.54,18.57,18.54,18.54,
2020-12-08T15:27:00+05:30,18.54,18.55,18.53,18.55,
2020-12-08T15:28:00+05:30,18.55,18.55,18.54,18.55,
2020-12-08T15:29:00+05:30,18.55,18.59,18.54,18.57,
2020-12-09T09:15:00+05:30,18.62,18.86,16.22,18.63,
2020-12-09T09:16:00+05:30,18.58,18.8,18.16,18.16,
2020-12-09T09:17:00+05:30,18.16,18.21,18.15,18.18,
2020-12-09T09:18:00+05:30,18.18,18.2,18.17,18.18,
2020-12-09T09:19:00+05:30,18.18,18.19,18.14,18.19,
2020-12-09T09:20:00+05:30,18.18,18.24,18.17,18.23,
2020-12-09T09:21:00+05:30,18.23,18.23,18.21,18.22,
2020-12-09T09:22:00+05:30,18.22,18.27,18.22,18.26,
2020-12-09T09:23:00+05:30,18.26,18.27,18.23,18.26,
2020-12-09T09:24:00+05:30,18.26,18.26,18.21,18.22,
2020-12-09T09:25:00+05:30,18.22,18.24,18.22,18.23,
2020-12-09T09:26:00+05:30,18.24,18.24,18.22,18.22,
2020-12-09T09:27:00+05:30,18.22,18.57,18.22,18.56,
2020-12-09T09:28:00+05:30,18.56,18.58,18.56,18.58,
2020-12-09T09:29:00+05:30,18.58,18.6,18.57,18.57,
2020-12-09T09:30:00+05:30,18.57,18.58,18.56,18.56,
2020-12-09T09:31:00+05:30,18.56,18.58,18.55,18.55,
2020-12-09T09:32:00+05:30,18.55,18.57,18.54,18.56,
2020-12-09T09:33:00+05:30,18.57,18.58,18.55,18.56,
2020-12-09T09:34:00+05:30,18.56,18.56,18.53,18.53,
2020-12-09T09:35:00+05:30,18.53,18.54,18.51,18.52,
2020-12-09T09:36:00+05:30,18.52,18.54,18.51,18.53,
2020-12-09T09:37:00+05:30,18.54,18.55,18.53,18.54,
2020-12-09T09:38:00+05:30,18.54,18.56,18.53,18.55,
2020-12-09T09:39:00+05:30,18.55,18.56,18.55,18.56,
2020-12-09T09:40:00+05:30,18.55,18.56,18.54,18.55,
2020-12-09T09:41:00+05:30,18.55,18.55,18.52,18.54,
2020-12-09T09:42:00+05:30,18.54,18.55,18.52,18.53,
2020-12-09T09:43:00+05:30,18.53,18.53,18.52,18.52,
2020-12-09T09:44:00+05:30,18.52,18.53,18.52,18.53,
2020-12-09T09:45:00+05:30,18.56,18.58,18.56,18.57,
2020-12-09T09:46:00+05:30,18.57,18.59,18.56,18.58,
2020-12-09T09:47:00+05:30,18.58,18.58,18.56,18.57,
2020-12-09T09:48:00+05:30,18.57,18.59,18.56,18.57,
2020-12-09T09:49:00+05:30,18.57,18.57,18.56,18.57,
2020-12-09T09:50:00+05:30,18.57,18.59,18.56,18.56,
2020-12-09T09:51:00+05:30,18.56,18.57,18.54,18.55,
2020-12-09T09:52:00+05:30,18.55,18.58,18.55,18.56,
2020-12-09T09:53:00+05:30,18.56,18.57,18.54,18.55,
2020-12-09T09:54:00+05:30,18.55,18.55,18.53,18.53,
2020-12-09T09:55:00+05:30,18.53,18.55,18.52,18.55,
2020-12-09T09:56:00+05:30,18.55,18.58,18.55,18.57,
2020-12-09T09:57:00+05:30,18.57,18.57,18.55,18.57,
2020-12-09T09:58:00+05:30,18.57,19.06,18.55,19.05,
2020-12-09T09:59:00+05:30,19.05,19.12,19.04,19.05,
2020-12-09T10:00:00+05:30,19.05,19.06,19.04,19.06,
2020-12-09T10:01:00+05:30,19.06,19.07,19.04,19.05,
2020-12-09T10:02:00+05:30,19.05,19.05,19.04,19.05,
2020-12-09T10:03:00+05:30,19.05,19.06,19.04,19.05,
2020-12-09T10:04:00+05:30,19.05,19.05,19.04,19.05,
2020-12-09T10:05:00+05:30,19.05,19.07,19.04,19.07,
2020-12-09T10:06:00+05:30,19.07,19.08,19.07,19.07,
2020-12-09T10:07:00+05:30,19.07,19.1,19.06,19.07,
2020-12-09T10:08:00+05:30,19.07,19.07,19.05,19.05,
2020-12-09T10:09:00+05:30,19.05,19.07,19.05,19.06,
2020-12-09T10:10:00+05:30,19.06,19.07,19.05,19.06,
2020-12-09T10:11:00+05:30,19.06,19.07,19.05,19.07,
2020-12-09T10:12:00+05:30,19.07,19.07,19.05,19.06,
2020-12-09T10:13:00+05:30,19.06,19.07,19.05,19.06,
2020-12-09T10:14:00+05:30,19.06,19.08,19.06,19.07,
2020-12-09T10:15:00+05:30,19.07,19.07,19.05,19.07,
2020-12-09T10:16:00+05:30,19.07,19.08,19.06,19.07,
2020-12-09T10:17:00+05:30,19.07,19.08,19.06,19.06,
2020-12-09T10:18:00+05:30,19.06,19.1,19.06,19.1,
2020-12-09T10:19:00+05:30,19.1,19.11,19.08,19.08,
2020-12-09T10:20:00+05:30,19.08,19.08,19.07,19.08,
2020-12-09T10:21:00+05:30,19.07,19.09,19.07,19.09,
2020-12-09T10:22:00+05:30,19.09,19.1,19.09,19.09,
2020-12-09T10:23:00+05:30,19.09,19.11,19.09,19.09,
2020-12-09T10:24:00+05:30,19.09,19.1,19.09,19.1,
2020-12-09T10:25:00+05:30,19.1,19.14,19.09,19.13,
2020-12-09T10:26:00+05:30,19.13,19.22,19.13,19.22,
2020-12-09T10:27:00+05:30,19.22,19.23,19.22,19.22,
2020-12-09T10:28:00+05:30,19.22,19.24,19.21,19.23,
2020-12-09T10:29:00+05:30,19.23,19.24,19.23,19.23,
2020-12-09T10:30:00+05:30,19.23,19.25,19.22,19.23,
2020-12-09T10:31:00+05:30,19.23,19.25,19.23,19.24,
2020-12-09T10:32:00+05:30,19.23,19.23,19.21,19.21,
2020-12-09T10:33:00+05:30,19.21,19.22,19.21,19.22,
2020-12-09T10:34:00+05:30,19.22,19.22,19.2,19.2,
2020-12-09T10:35:00+05:30,19.2,19.21,19.19,19.2,
2020-12-09T10:36:00+05:30,19.2,19.2,19.17,19.18,
2020-12-09T10:37:00+05:30,19.18,19.22,19.17,19.21,
2020-12-09T10:38:00+05:30,19.21,19.22,19.18,19.18,
2020-12-09T10:39:00+05:30,19.18,19.21,19.18,19.21,
2020-12-09T10:40:00+05:30,19.21,19.22,19.18,19.2,
2020-12-09T10:41:00+05:30,19.19,19.22,19.17,19.19,
2020-12-09T10:42:00+05:30,19.2,19.22,19.19,19.2,
2020-12-09T10:43:00+05:30,19.2,19.22,19.19,19.22,
2020-12-09T10:44:00+05:30,19.22,19.23,19.18,19.18,
2020-12-09T10:45:00+05:30,19.18,19.22,19.17,19.22,
2020-12-09T10:46:00+05:30,19.22,19.24,19.21,19.23,
2020-12-09T10:47:00+05:30,19.23,19.23,19.2,19.22,
2020-12-09T10:48:00+05:30,19.22,19.22,19.18,19.21,
2020-12-09T10:49:00+05:30,19.21,19.25,19.21,19.25,
2020-12-09T10:50:00+05:30,19.25,19.26,19.24,19.25,
2020-12-09T10:51:00+05:30,19.25,19.29,19.23,19.29,
2020-12-09T10:52:00+05:30,19.29,19.29,19.24,19.25,
2020-12-09T10:53:00+05:30,19.24,19.27,19.24,19.24,
2020-12-09T10:54:00+05:30,19.24,19.24,19.23,19.24,
2020-12-09T10:55:00+05:30,19.25,19.26,19.23,19.24,
2020-12-09T10:56:00+05:30,19.24,19.27,19.24,19.26,
2020-12-09T10:57:00+05:30,19.26,19.26,19.24,19.26,
2020-12-09T10:58:00+05:30,19.26,19.28,19.25,19.26,
2020-12-09T10:59:00+05:30,19.26,19.3,19.26,19.28,
2020-12-09T11:00:00+05:30,19.28,19.3,19.27,19.3,
2020-12-09T11:01:00+05:30,19.3,19.32,19.27,19.27,
2020-12-09T11:02:00+05:30,19.27,19.28,19.26,19.27,
2020-12-09T11:03:00+05:30,19.27,19.3,19.27,19.29,
2020-12-09T11:04:00+05:30,19.29,19.3,19.27,19.29,
2020-12-09T11:05:00+05:30,19.29,19.29,19.25,19.26,
2020-12-09T11:06:00+05:30,19.26,19.27,19.22,19.22,
2020-12-09T11:07:00+05:30,19.22,19.23,19.2,19.23,
2020-12-09T11:08:00+05:30,19.24,19.28,19.23,19.28,
2020-12-09T11:09:00+05:30,19.27,19.28,19.26,19.28,
2020-12-09T11:10:00+05:30,19.28,19.29,19.26,19.28,
2020-12-09T11:11:00+05:30,19.28,19.29,19.28,19.29,
2020-12-09T11:12:00+05:30,19.29,19.29,19.28,19.28,
2020-12-09T11:13:00+05:30,19.28,19.28,19.27,19.27,
2020-12-09T11:14:00+05:30,19.27,19.28,19.18,19.19,
2020-12-09T11:15:00+05:30,19.19,19.19,19.17,19.18,
2020-12-09T11:16:00+05:30,19.18,19.2,19.18,19.18,
2020-12-09T11:17:00+05:30,19.19,19.19,19.18,19.19,
2020-12-09T11:18:00+05:30,19.19,19.2,19.18,19.19,
2020-12-09T11:19:00+05:30,19.19,19.21,19.18,19.19,
2020-12-09T11:20:00+05:30,19.19,19.21,19.18,19.19,
2020-12-09T11:21:00+05:30,19.19,19.2,19.17,19.19,
2020-12-09T11:22:00+05:30,19.19,19.21,19.18,19.19,
2020-12-09T11:23:00+05:30,19.18,19.21,19.18,19.2,
2020-12-09T11:24:00+05:30,19.2,19.23,19.19,19.22,
2020-12-09T11:25:00+05:30,19.23,19.24,19.21,19.22,
2020-12-09T11:26:00+05:30,19.22,19.25,19.2,19.24,
2020-12-09T11:27:00+05:30,19.24,19.25,19.23,19.23,
2020-12-09T11:28:00+05:30,19.23,19.26,19.23,19.26,
2020-12-09T11:29:00+05:30,19.26,19.26,19.25,19.25,
2020-12-09T11:30:00+05:30,19.26,19.26,19.23,19.23,
2020-12-09T11:31:00+05:30,19.23,19.24,19.23,19.23,
2020-12-09T11:32:00+05:30,19.23,19.24,19.22,19.23,
2020-12-09T11:33:00+05:30,19.23,19.23,19.21,19.22,
2020-12-09T11:34:00+05:30,19.22,19.24,19.22,19.23,
2020-12-09T11:35:00+05:30,19.23,19.23,19.23,19.23,
2020-12-09T11:36:00+05:30,19.23,19.23,19.22,19.22,
2020-12-09T11:37:00+05:30,19.22,19.22,19.16,19.18,
2020-12-09T11:38:00+05:30,19.18,19.2,19.17,19.19,
2020-12-09T11:39:00+05:30,19.19,19.31,19.19,19.21,
2020-12-09T11:40:00+05:30,19.21,19.23,19.21,19.23,
2020-12-09T11:41:00+05:30,19.23,19.23,19.2,19.2,
2020-12-09T11:42:00+05:30,19.2,19.22,19.19,19.22,
2020-12-09T11:43:00+05:30,19.22,19.22,19.21,19.21,
2020-12-09T11:44:00+05:30,19.21,19.3,19.2,19.2,
2020-12-09T11:45:00+05:30,19.19,19.26,19.19,19.25,
2020-12-09T11:46:00+05:30,19.25,19.28,19.25,19.27,
2020-12-09T11:47:00+05:30,19.27,19.27,19.26,19.26,
2020-12-09T11:48:00+05:30,19.26,19.26,19.23,19.24,
2020-12-09T11:49:00+05:30,19.24,19.24,19.23,19.24,
2020-12-09T11:50:00+05:30,19.24,19.26,19.24,19.26,
2020-12-09T11:51:00+05:30,19.26,19.27,19.25,19.25,
2020-12-09T11:52:00+05:30,19.25,19.26,19.24,19.26,
2020-12-09T11:53:00+05:30,19.25,19.27,19.24,19.26,
2020-12-09T11:54:00+05:30,19.36,19.39,19.36,19.39,
2020-12-09T11:55:00+05:30,19.39,19.39,19.35,19.37,
2020-12-09T11:56:00+05:30,19.37,19.38,19.36,19.38,
2020-12-09T11:57:00+05:30,19.38,19.39,19.36,19.37,
2020-12-09T11:58:00+05:30,19.37,19.38,19.27,19.27,
2020-12-09T11:59:00+05:30,19.27,19.28,19.26,19.27,
2020-12-09T12:00:00+05:30,19.27,19.27,19.25,19.25,
2020-12-09T12:01:00+05:30,19.25,19.26,19.25,19.25,
2020-12-09T12:02:00+05:30,19.25,19.25,19.23,19.24,
2020-12-09T12:03:00+05:30,19.24,19.24,19.23,19.24,
2020-12-09T12:04:00+05:30,19.24,19.24,19.22,19.22,
2020-12-09T12:05:00+05:30,19.22,19.26,19.22,19.26,
2020-12-09T12:06:00+05:30,19.26,19.29,19.26,19.28,
2020-12-09T12:07:00+05:30,19.28,19.29,19.27,19.28,
2020-12-09T12:08:00+05:30,19.27,19.39,19.27,19.38,
2020-12-09T12:09:00+05:30,19.38,19.39,19.36,19.36,
2020-12-09T12:10:00+05:30,19.36,19.36,19.33,19.34,
2020-12-09T12:11:00+05:30,19.34,19.34,19.31,19.31,
2020-12-09T12:12:00+05:30,19.31,19.35,19.31,19.34,
2020-12-09T12:13:00+05:30,19.34,19.35,19.34,19.35,
2020-12-09T12:14:00+05:30,19.35,19.35,19.32,19.33,
2020-12-09T12:15:00+05:30,19.33,19.37,19.33,19.36,
2020-12-09T12:16:00+05:30,19.36,19.38,19.35,19.37,
2020-12-09T12:17:00+05:30,19.37,19.37,19.35,19.36,
2020-12-09T12:18:00+05:30,19.36,19.37,19.35,19.36,
2020-12-09T12:19:00+05:30,19.37,19.37,19.34,19.35,
2020-12-09T12:20:00+05:30,19.35,19.36,19.34,19.34,
2020-12-09T12:21:00+05:30,19.34,19.35,19.33,19.35,
2020-12-09T12:22:00+05:30,19.35,19.36,19.34,19.35,
2020-12-09T12:23:00+05:30,19.35,19.35,19.35,19.35,
2020-12-09T12:24:00+05:30,19.35,19.37,19.35,19.36,
2020-12-09T12:25:00+05:30,19.36,19.37,19.35,19.37,
2020-12-09T12:26:00+05:30,19.39,19.4,19.37,19.38,
2020-12-09T12:27:00+05:30,19.38,19.39,19.37,19.39,
2020-12-09T12:28:00+05:30,19.39,19.39,19.37,19.39,
2020-12-09T12:29:00+05:30,19.39,19.4,19.38,19.38,
2020-12-09T12:30:00+05:30,19.38,19.4,19.37,19.39,
2020-12-09T12:31:00+05:30,19.4,19.41,19.39,19.41,
2020-12-09T12:32:00+05:30,19.4,19.41,19.39,19.4,
2020-12-09T12:33:00+05:30,19.4,19.42,19.39,19.4,
2020-12-09T12:34:00+05:30,19.4,19.41,19.39,19.39,
2020-12-09T12:35:00+05:30,19.39,19.4,19.39,19.39,
2020-12-09T12:36:00+05:30,19.4,19.41,19.39,19.4,
2020-12-09T12:37:00+05:30,19.4,19.4,19.36,19.36,
2020-12-09T12:38:00+05:30,19.36,19.37,19.34,19.37,
2020-12-09T12:39:00+05:30,19.37,19.39,19.37,19.39,
2020-12-09T12:40:00+05:30,19.39,19.4,19.38,19.39,
2020-12-09T12:41:00+05:30,19.39,19.4,19.35,19.36,
2020-12-09T12:42:00+05:30,19.36,19.37,19.35,19.37,
2020-12-09T12:43:00+05:30,19.36,19.38,19.36,19.38,
2020-12-09T12:44:00+05:30,19.38,19.42,19.38,19.42,
2020-12-09T12:45:00+05:30,19.42,19.42,19.37,19.37,
2020-12-09T12:46:00+05:30,19.37,19.38,19.36,19.37,
2020-12-09T12:47:00+05:30,19.37,19.4,19.37,19.39,
2020-12-09T12:48:00+05:30,19.39,19.4,19.35,19.37,
2020-12-09T12:49:00+05:30,19.36,19.38,19.35,19.35,
2020-12-09T12:50:00+05:30,19.35,19.36,19.35,19.36,
2020-12-09T12:51:00+05:30,19.36,19.38,19.36,19.37,
2020-12-09T12:52:00+05:30,19.38,19.38,19.37,19.38,
2020-12-09T12:53:00+05:30,19.38,19.39,19.37,19.37,
2020-12-09T12:54:00+05:30,19.37,19.39,19.37,19.39,
2020-12-09T12:55:00+05:30,19.39,19.39,19.38,19.39,
2020-12-09T12:56:00+05:30,19.39,19.41,19.39,19.4,
2020-12-09T12:57:00+05:30,19.39,19.4,19.38,19.39,
2020-12-09T12:58:00+05:30,19.39,19.39,19.37,19.37,
2020-12-09T12:59:00+05:30,19.37,19.4,19.37,19.37,
2020-12-09T13:00:00+05:30,19.37,19.38,19.34,19.34,
2020-12-09T13:01:00+05:30,19.34,19.35,19.3,19.32,
2020-12-09T13:02:00+05:30,19.32,19.33,19.28,19.28,
2020-12-09T13:03:00+05:30,19.28,19.3,19.27,19.3,
2020-12-09T13:04:00+05:30,19.3,19.31,19.3,19.31,
2020-12-09T13:05:00+05:30,19.31,19.33,19.31,19.31,
2020-12-09T13:06:00+05:30,19.31,19.32,19.28,19.29,
2020-12-09T13:07:00+05:30,19.29,19.29,19.28,19.28,
2020-12-09T13:08:00+05:30,19.29,19.29,19.27,19.28,
2020-12-09T13:09:00+05:30,19.28,19.28,19.26,19.28,
2020-12-09T13:10:00+05:30,19.27,19.29,19.27,19.27,
2020-12-09T13:11:00+05:30,19.28,19.3,19.27,19.29,
2020-12-09T13:12:00+05:30,19.29,19.31,19.27,19.28,
2020-12-09T13:13:00+05:30,19.28,19.3,19.28,19.29,
2020-12-09T13:14:00+05:30,19.29,19.3,19.28,19.29,
2020-12-09T13:15:00+05:30,19.29,19.33,19.28,19.28,
2020-12-09T13:16:00+05:30,19.28,19.31,19.28,19.3,
2020-12-09T13:17:00+05:30,19.29,19.31,19.29,19.3,
2020-12-09T13:18:00+05:30,19.3,19.32,19.3,19.31,
2020-12-09T13:19:00+05:30,19.31,19.33,19.31,19.32,
2020-12-09T13:20:00+05:30,19.32,19.33,19.32,19.33,
2020-12-09T13:21:00+05:30,19.33,19.34,19.33,19.33,
2020-12-09T13:22:00+05:30,19.34,19.37,19.34,19.36,
2020-12-09T13:23:00+05:30,19.36,19.37,19.34,19.34,
2020-12-09T13:24:00+05:30,19.34,19.35,19.32,19.35,
2020-12-09T13:25:00+05:30,19.35,19.37,19.34,19.36,
2020-12-09T13:26:00+05:30,19.36,19.37,19.34,19.37,
2020-12-09T13:27:00+05:30,19.34,19.39,19.33,19.35,
2020-12-09T13:28:00+05:30,19.35,19.4,19.35,19.4,
2020-12-09T13:29:00+05:30,19.4,19.45,19.4,19.44,
2020-12-09T13:30:00+05:30,19.44,19.45,19.43,19.45,
2020-12-09T13:31:00+05:30,19.44,19.46,19.39,19.46,
2020-12-09T13:32:00+05:30,19.46,19.49,19.44,19.48,
2020-12-09T13:33:00+05:30,19.48,19.49,19.46,19.47,
2020-12-09T13:34:00+05:30,19.47,19.49,19.46,19.49,
2020-12-09T13:35:00+05:30,19.49,19.5,19.47,19.48,
2020-12-09T13:36:00+05:30,19.47,19.49,19.47,19.47,
2020-12-09T13:37:00+05:30,19.47,19.48,19.47,19.47,
2020-12-09T13:38:00+05:30,19.48,19.52,19.47,19.51,
2020-12-09T13:39:00+05:30,19.51,19.53,19.5,19.52,
2020-12-09T13:40:00+05:30,19.52,19.53,19.5,19.5,
2020-12-09T13:41:00+05:30,19.5,19.51,19.47,19.49,
2020-12-09T13:42:00+05:30,19.49,19.49,19.47,19.47,
2020-12-09T13:43:00+05:30,19.47,19.51,19.46,19.5,
2020-12-09T13:44:00+05:30,19.5,19.52,19.49,19.52,
2020-12-09T13:45:00+05:30,19.52,19.53,19.5,19.52,
2020-12-09T13:46:00+05:30,19.52,19.59,19.51,19.56,
2020-12-09T13:47:00+05:30,19.56,19.58,19.55,19.56,
2020-12-09T13:48:00+05:30,19.55,19.55,19.53,19.53,
2020-12-09T13:49:00+05:30,19.52,19.53,19.49,19.49,
2020-12-09T13:50:00+05:30,19.49,19.49,19.46,19.49,
2020-12-09T13:51:00+05:30,19.49,19.52,19.48,19.5,
2020-12-09T13:52:00+05:30,19.49,19.5,19.47,19.47,
2020-12-09T13:53:00+05:30,19.47,19.5,19.47,19.48,
2020-12-09T13:54:00+05:30,19.48,19.48,19.44,19.44,
2020-12-09T13:55:00+05:30,19.44,19.45,19.43,19.43,
2020-12-09T13:56:00+05:30,19.43,19.53,19.43,19.51,
2020-12-09T13:57:00+05:30,19.51,19.59,19.49,19.59,
2020-12-09T13:58:00+05:30,19.59,19.6,19.57,19.6,
2020-12-09T13:59:00+05:30,19.6,19.61,19.58,19.58,
2020-12-09T14:00:00+05:30,19.57,19.6,19.57,19.6,
2020-12-09T14:01:00+05:30,19.6,19.62,19.59,19.59,
2020-12-09T14:02:00+05:30,19.59,19.62,19.59,19.6,
2020-12-09T14:03:00+05:30,19.6,19.62,19.6,19.61,
2020-12-09T14:04:00+05:30,19.61,19.61,19.6,19.61,
2020-12-09T14:05:00+05:30,19.61,19.61,19.58,19.59,
2020-12-09T14:06:00+05:30,19.59,19.6,19.57,19.57,
2020-12-09T14:07:00+05:30,19.57,19.59,19.57,19.58,
2020-12-09T14:08:00+05:30,19.58,19.59,19.57,19.59,
2020-12-09T14:09:00+05:30,19.58,19.59,19.57,19.58,
2020-12-09T14:10:00+05:30,19.58,19.63,19.57,19.6,
2020-12-09T14:11:00+05:30,19.6,19.6,19.56,19.58,
2020-12-09T14:12:00+05:30,19.58,19.58,19.56,19.57,
2020-12-09T14:13:00+05:30,19.57,19.58,19.49,19.49,
2020-12-09T14:14:00+05:30,19.49,19.53,19.49,19.5,
2020-12-09T14:15:00+05:30,19.5,19.55,19.5,19.55,
2020-12-09T14:16:00+05:30,19.55,19.55,19.52,19.53,
2020-12-09T14:17:00+05:30,19.53,19.57,19.53,19.55,
2020-12-09T14:18:00+05:30,19.55,19.55,19.54,19.54,
2020-12-09T14:19:00+05:30,19.54,19.54,19.52,19.53,
2020-12-09T14:20:00+05:30,19.53,19.56,19.53,19.56,
2020-12-09T14:21:00+05:30,19.56,19.57,19.54,19.54,
2020-12-09T14:22:00+05:30,19.53,19.55,19.52,19.53,
2020-12-09T14:23:00+05:30,19.51,19.52,19.49,19.51,
2020-12-09T14:24:00+05:30,19.51,19.53,19.51,19.52,
2020-12-09T14:25:00+05:30,19.52,19.55,19.52,19.55,
2020-12-09T14:26:00+05:30,19.55,19.56,19.54,19.54,
2020-12-09T14:27:00+05:30,19.54,19.55,19.53,19.53,
2020-12-09T14:28:00+05:30,19.53,19.54,19.5,19.51,
2020-12-09T14:29:00+05:30,19.51,19.51,19.46,19.46,
2020-12-09T14:30:00+05:30,19.46,19.47,19.44,19.46,
2020-12-09T14:31:00+05:30,19.45,19.46,19.44,19.46,
2020-12-09T14:32:00+05:30,19.46,19.47,19.45,19.45,
2020-12-09T14:33:00+05:30,19.47,19.47,19.45,19.46,
2020-12-09T14:34:00+05:30,19.47,19.47,19.43,19.45,
2020-12-09T14:35:00+05:30,19.45,19.46,19.43,19.43,
2020-12-09T14:36:00+05:30,19.43,19.46,19.43,19.44,
2020-12-09T14:37:00+05:30,19.44,19.46,19.4,19.41,
2020-12-09T14:38:00+05:30,19.41,19.43,19.4,19.42,
2020-12-09T14:39:00+05:30,19.42,19.44,19.41,19.42,
2020-12-09T14:40:00+05:30,19.42,19.45,19.42,19.43,
2020-12-09T14:41:00+05:30,19.43,19.43,19.4,19.4,
2020-12-09T14:42:00+05:30,19.39,19.41,19.38,19.39,
2020-12-09T14:43:00+05:30,19.4,19.42,19.4,19.42,
2020-12-09T14:44:00+05:30,19.42,19.43,19.41,19.41,
2020-12-09T14:45:00+05:30,19.41,19.42,19.36,19.36,
2020-12-09T14:46:00+05:30,19.35,19.38,19.35,19.37,
2020-12-09T14:47:00+05:30,19.37,19.38,19.34,19.36,
2020-12-09T14:48:00+05:30,19.36,19.36,19.33,19.34,
2020-12-09T14:49:00+05:30,19.34,19.34,19.3,19.3,
2020-12-09T14:50:00+05:30,19.3,19.3,19.27,19.27,
2020-12-09T14:51:00+05:30,19.27,19.29,19.23,19.26,
2020-12-09T14:52:00+05:30,19.26,19.26,19.22,19.24,
2020-12-09T14:53:00+05:30,19.24,19.29,19.24,19.28,
2020-12-09T14:54:00+05:30,19.28,19.31,19.28,19.3,
2020-12-09T14:55:00+05:30,19.3,19.31,19.29,19.29,
2020-12-09T14:56:00+05:30,19.29,19.31,19.28,19.3,
2020-12-09T14:57:00+05:30,19.3,19.31,19.29,19.31,
2020-12-09T14:58:00+05:30,19.31,19.32,19.3,19.3,
2020-12-09T14:59:00+05:30,19.3,19.34,19.29,19.33,
2020-12-09T15:00:00+05:30,19.33,19.33,19.26,19.26,
2020-12-09T15:01:00+05:30,19.27,19.29,19.26,19.28,
2020-12-09T15:02:00+05:30,19.28,19.31,19.28,19.3,
2020-12-09T15:03:00+05:30,19.3,19.34,19.29,19.33,
2020-12-09T15:04:00+05:30,19.33,19.36,19.07,19.09,
2020-12-09T15:05:00+05:30,19.09,19.1,19.07,19.08,
2020-12-09T15:06:00+05:30,19.08,19.09,19.05,19.08,
2020-12-09T15:07:00+05:30,19.08,19.08,19.02,19.02,
2020-12-09T15:08:00+05:30,19.03,19.03,18.98,18.99,
2020-12-09T15:09:00+05:30,19,19.01,18.98,19,
2020-12-09T15:10:00+05:30,19,19.02,18.8,18.8,
2020-12-09T15:11:00+05:30,18.8,18.81,18.78,18.79,
2020-12-09T15:12:00+05:30,18.79,18.81,18.78,18.78,
2020-12-09T15:13:00+05:30,18.78,18.78,18.75,18.76,
2020-12-09T15:14:00+05:30,18.76,18.8,18.76,18.78,
2020-12-09T15:15:00+05:30,18.78,18.79,18.76,18.78,
2020-12-09T15:16:00+05:30,18.78,18.8,18.75,18.76,
2020-12-09T15:17:00+05:30,18.76,18.79,18.75,18.76,
2020-12-09T15:18:00+05:30,18.76,18.8,18.76,18.78,
2020-12-09T15:19:00+05:30,18.79,18.8,18.77,18.78,
2020-12-09T15:20:00+05:30,18.78,18.8,18.77,18.8,
2020-12-09T15:21:00+05:30,18.8,18.83,18.79,18.83,
2020-12-09T15:22:00+05:30,18.83,18.86,18.82,18.85,
2020-12-09T15:23:00+05:30,18.85,18.85,18.8,18.8,
2020-12-09T15:24:00+05:30,18.78,18.82,18.78,18.8,
2020-12-09T15:25:00+05:30,18.8,18.82,18.79,18.8,
2020-12-09T15:26:00+05:30,18.79,18.81,18.79,18.79,
2020-12-09T15:27:00+05:30,18.79,18.81,18.78,18.81,
2020-12-09T15:28:00+05:30,18.81,18.82,18.79,18.81,
2020-12-09T15:29:00+05:30,18.81,18.81,18.75,18.8,
2020-12-10T09:15:00+05:30,18.92,18.92,17.42,18.19,
2020-12-10T09:16:00+05:30,18.2,18.25,18.04,18.25,
2020-12-10T09:17:00+05:30,18.25,18.5,18.25,18.49,
2020-12-10T09:18:00+05:30,18.49,18.49,18.42,18.46,
2020-12-10T09:19:00+05:30,18.45,18.47,18.44,18.44,
2020-12-10T09:20:00+05:30,18.44,18.47,18.43,18.47,
2020-12-10T09:21:00+05:30,18.46,18.47,18.44,18.45,
2020-12-10T09:22:00+05:30,18.44,18.5,18.43,18.47,
2020-12-10T09:23:00+05:30,18.47,18.5,18.47,18.49,
2020-12-10T09:24:00+05:30,18.49,18.5,18.46,18.46,
2020-12-10T09:25:00+05:30,18.46,18.46,18.43,18.43,
2020-12-10T09:26:00+05:30,18.43,18.44,18.39,18.42,
2020-12-10T09:27:00+05:30,18.41,18.43,18.39,18.42,
2020-12-10T09:28:00+05:30,18.42,18.42,18.38,18.41,
2020-12-10T09:29:00+05:30,18.41,18.49,18.4,18.47,
2020-12-10T09:30:00+05:30,18.47,18.66,18.46,18.65,
2020-12-10T09:31:00+05:30,18.65,18.66,18.6,18.62,
2020-12-10T09:32:00+05:30,18.62,18.67,18.61,18.67,
2020-12-10T09:33:00+05:30,18.67,18.69,18.62,18.66,
2020-12-10T09:34:00+05:30,18.66,18.68,18.64,18.67,
2020-12-10T09:35:00+05:30,18.67,18.69,18.66,18.67,
2020-12-10T09:36:00+05:30,18.68,18.68,18.65,18.66,
2020-12-10T09:37:00+05:30,18.66,18.72,18.66,18.7,
2020-12-10T09:38:00+05:30,18.7,18.72,18.66,18.72,
2020-12-10T09:39:00+05:30,18.71,18.71,18.63,18.63,
2020-12-10T09:40:00+05:30,18.63,18.66,18.6,18.61,
2020-12-10T09:41:00+05:30,18.6,18.62,18.54,18.6,
2020-12-10T09:42:00+05:30,18.6,18.64,18.6,18.6,
2020-12-10T09:43:00+05:30,18.59,18.62,18.58,18.62,
2020-12-10T09:44:00+05:30,18.62,18.66,18.61,18.64,
2020-12-10T09:45:00+05:30,18.64,18.66,18.63,18.64,
2020-12-10T09:46:00+05:30,18.64,18.7,18.63,18.7,
2020-12-10T09:47:00+05:30,18.68,18.72,18.68,18.69,
2020-12-10T09:48:00+05:30,18.69,18.72,18.68,18.69,
2020-12-10T09:49:00+05:30,18.69,18.7,18.64,18.64,
2020-12-10T09:50:00+05:30,18.64,18.72,18.64,18.72,
2020-12-10T09:51:00+05:30,18.72,18.77,18.72,18.76,
2020-12-10T09:52:00+05:30,18.76,18.76,18.72,18.75,
2020-12-10T09:53:00+05:30,18.76,18.76,18.74,18.75,
2020-12-10T09:54:00+05:30,18.76,18.76,18.71,18.72,
2020-12-10T09:55:00+05:30,18.72,18.76,18.72,18.74,
2020-12-10T09:56:00+05:30,18.74,18.8,18.74,18.76,
2020-12-10T09:57:00+05:30,18.76,18.8,18.75,18.76,
2020-12-10T09:58:00+05:30,18.76,18.79,18.76,18.78,
2020-12-10T09:59:00+05:30,18.78,18.83,18.76,18.83,
2020-12-10T10:00:00+05:30,18.84,18.94,18.84,18.94,
2020-12-10T10:01:00+05:30,18.95,18.98,18.92,18.96,
2020-12-10T10:02:00+05:30,18.94,18.97,18.93,18.96,
2020-12-10T10:03:00+05:30,18.96,18.98,18.94,18.94,
2020-12-10T10:04:00+05:30,18.94,18.98,18.92,18.92,
2020-12-10T10:05:00+05:30,18.91,18.93,18.88,18.9,
2020-12-10T10:06:00+05:30,18.9,18.97,18.9,18.95,
2020-12-10T10:07:00+05:30,18.94,18.99,18.93,18.99,
2020-12-10T10:08:00+05:30,18.99,18.99,18.89,18.92,
2020-12-10T10:09:00+05:30,18.91,18.98,18.91,18.93,
2020-12-10T10:10:00+05:30,18.93,18.93,18.89,18.9,
2020-12-10T10:11:00+05:30,18.9,18.92,18.87,18.87,
2020-12-10T10:12:00+05:30,18.87,18.89,18.84,18.87,
2020-12-10T10:13:00+05:30,18.87,18.88,18.85,18.86,
2020-12-10T10:14:00+05:30,18.86,18.89,18.86,18.87,
2020-12-10T10:15:00+05:30,18.87,18.91,18.85,18.9,
2020-12-10T10:16:00+05:30,18.9,18.9,18.86,18.87,
2020-12-10T10:17:00+05:30,18.87,18.89,18.82,18.83,
2020-12-10T10:18:00+05:30,18.83,18.83,18.77,18.8,
2020-12-10T10:19:00+05:30,18.81,18.81,18.77,18.78,
2020-12-10T10:20:00+05:30,18.77,18.81,18.77,18.79,
2020-12-10T10:21:00+05:30,18.79,18.8,18.73,18.73,
2020-12-10T10:22:00+05:30,18.73,18.77,18.72,18.75,
2020-12-10T10:23:00+05:30,18.75,18.78,18.75,18.77,
2020-12-10T10:24:00+05:30,18.77,18.82,18.77,18.82,
2020-12-10T10:25:00+05:30,18.82,18.82,18.8,18.81,
2020-12-10T10:26:00+05:30,18.82,18.83,18.8,18.81,
2020-12-10T10:27:00+05:30,18.81,18.87,18.81,18.83,
2020-12-10T10:28:00+05:30,18.82,18.85,18.82,18.84,
2020-12-10T10:29:00+05:30,18.85,18.9,18.84,18.9,
2020-12-10T10:30:00+05:30,18.9,18.92,18.87,18.91,
2020-12-10T10:31:00+05:30,18.9,18.93,18.89,18.9,
2020-12-10T10:32:00+05:30,18.9,18.94,18.89,18.91,
2020-12-10T10:33:00+05:30,18.91,18.95,18.91,18.95,
2020-12-10T10:34:00+05:30,18.95,18.97,18.93,18.96,
2020-12-10T10:35:00+05:30,18.96,18.96,18.9,18.92,
2020-12-10T10:36:00+05:30,18.9,18.91,18.83,18.88,
2020-12-10T10:37:00+05:30,18.88,18.9,18.84,18.87,
2020-12-10T10:38:00+05:30,18.87,18.92,18.87,18.89,
2020-12-10T10:39:00+05:30,18.89,18.92,18.89,18.91,
2020-12-10T10:40:00+05:30,18.91,18.95,18.9,18.94,
2020-12-10T10:41:00+05:30,18.93,18.96,18.93,18.94,
2020-12-10T10:42:00+05:30,18.95,18.97,18.93,18.94,
2020-12-10T10:43:00+05:30,18.95,18.96,18.9,18.9,
2020-12-10T10:44:00+05:30,18.9,18.91,18.89,18.9,
2020-12-10T10:45:00+05:30,18.88,18.9,18.85,18.9,
2020-12-10T10:46:00+05:30,18.89,18.93,18.88,18.91,
2020-12-10T10:47:00+05:30,18.91,18.92,18.87,18.89,
2020-12-10T10:48:00+05:30,18.89,18.93,18.89,18.9,
2020-12-10T10:49:00+05:30,18.9,18.91,18.84,18.85,
2020-12-10T10:50:00+05:30,18.85,18.85,18.8,18.81,
2020-12-10T10:51:00+05:30,18.81,18.83,18.8,18.82,
2020-12-10T10:52:00+05:30,18.82,18.83,18.79,18.8,
2020-12-10T10:53:00+05:30,18.81,18.81,18.79,18.79,
2020-12-10T10:54:00+05:30,18.79,18.8,18.78,18.79,
2020-12-10T10:55:00+05:30,18.79,18.85,18.75,18.75,
2020-12-10T10:56:00+05:30,18.76,18.8,18.76,18.78,
2020-12-10T10:57:00+05:30,18.78,18.79,18.75,18.78,
2020-12-10T10:58:00+05:30,18.78,18.78,18.72,18.74,
2020-12-10T10:59:00+05:30,18.74,18.77,18.72,18.73,
2020-12-10T11:00:00+05:30,18.73,18.75,18.72,18.74,
2020-12-10T11:01:00+05:30,18.73,18.76,18.72,18.73,
2020-12-10T11:02:00+05:30,18.73,18.74,18.64,18.64,
2020-12-10T11:03:00+05:30,18.65,18.69,18.65,18.67,
2020-12-10T11:04:00+05:30,18.68,18.7,18.66,18.69,
2020-12-10T11:05:00+05:30,18.69,18.73,18.67,18.7,
2020-12-10T11:06:00+05:30,18.69,18.72,18.69,18.72,
2020-12-10T11:07:00+05:30,18.71,18.73,18.71,18.73,
2020-12-10T11:08:00+05:30,18.72,18.72,18.7,18.72,
2020-12-10T11:09:00+05:30,18.72,18.76,18.7,18.7,
2020-12-10T11:10:00+05:30,18.7,18.74,18.66,18.72,
2020-12-10T11:11:00+05:30,18.73,18.74,18.71,18.74,
2020-12-10T11:12:00+05:30,18.74,18.78,18.7,18.76,
2020-12-10T11:13:00+05:30,18.76,18.79,18.76,18.79,
2020-12-10T11:14:00+05:30,18.79,18.79,18.74,18.75,
2020-12-10T11:15:00+05:30,18.75,18.75,18.71,18.72,
2020-12-10T11:16:00+05:30,18.72,18.76,18.71,18.71,
2020-12-10T11:17:00+05:30,18.71,18.78,18.71,18.78,
2020-12-10T11:18:00+05:30,18.78,18.78,18.75,18.76,
2020-12-10T11:19:00+05:30,18.76,18.77,18.75,18.76,
2020-12-10T11:20:00+05:30,18.76,18.84,18.76,18.79,
2020-12-10T11:21:00+05:30,18.79,18.85,18.79,18.84,
2020-12-10T11:22:00+05:30,18.84,18.85,18.81,18.83,
2020-12-10T11:23:00+05:30,18.83,19.2,18.82,19.2,
2020-12-10T11:24:00+05:30,19.2,19.21,19.18,19.21,
2020-12-10T11:25:00+05:30,19.21,19.27,19.21,19.25,
2020-12-10T11:26:00+05:30,19.25,19.26,19.23,19.23,
2020-12-10T11:27:00+05:30,19.23,19.25,19.22,19.25,
2020-12-10T11:28:00+05:30,19.25,19.28,19.24,19.27,
2020-12-10T11:29:00+05:30,19.28,19.29,19.24,19.27,
2020-12-10T11:30:00+05:30,19.27,19.33,19.27,19.33,
2020-12-10T11:31:00+05:30,19.33,19.34,19.32,19.33,
2020-12-10T11:32:00+05:30,19.34,19.34,19.32,19.33,
2020-12-10T11:33:00+05:30,19.33,19.34,19.29,19.3,
2020-12-10T11:34:00+05:30,19.3,19.33,19.3,19.31,
2020-12-10T11:35:00+05:30,19.31,19.35,19.31,19.33,
2020-12-10T11:36:00+05:30,19.34,19.35,19.3,19.31,
2020-12-10T11:37:00+05:30,19.31,19.33,19.31,19.32,
2020-12-10T11:38:00+05:30,19.32,19.33,19.29,19.3,
2020-12-10T11:39:00+05:30,19.3,19.32,19.3,19.32,
2020-12-10T11:40:00+05:30,19.31,19.33,19.29,19.32,
2020-12-10T11:41:00+05:30,19.32,19.32,19.26,19.28,
2020-12-10T11:42:00+05:30,19.27,19.3,19.26,19.27,
2020-12-10T11:43:00+05:30,19.27,19.3,19.26,19.3,
2020-12-10T11:44:00+05:30,19.3,19.32,19.28,19.32,
2020-12-10T11:45:00+05:30,19.32,19.32,19.26,19.27,
2020-12-10T11:46:00+05:30,19.27,19.32,19.27,19.3,
2020-12-10T11:47:00+05:30,19.29,19.3,19.27,19.28,
2020-12-10T11:48:00+05:30,19.27,19.28,19.23,19.24,
2020-12-10T11:49:00+05:30,19.24,19.27,19.22,19.24,
2020-12-10T11:50:00+05:30,19.25,19.26,19.24,19.24,
2020-12-10T11:51:00+05:30,19.24,19.28,19.24,19.28,
2020-12-10T11:52:00+05:30,19.28,19.33,19.28,19.3,
2020-12-10T11:53:00+05:30,19.31,19.32,19.29,19.32,
2020-12-10T11:54:00+05:30,19.32,19.38,19.32,19.37,
2020-12-10T11:55:00+05:30,19.38,19.38,19.36,19.37,
2020-12-10T11:56:00+05:30,19.37,19.39,19.34,19.34,
2020-12-10T11:57:00+05:30,19.34,19.34,19.32,19.32,
2020-12-10T11:58:00+05:30,19.32,19.36,19.32,19.36,
2020-12-10T11:59:00+05:30,19.36,19.36,19.31,19.32,
2020-12-10T12:00:00+05:30,19.31,19.34,18.95,18.97,
2020-12-10T12:01:00+05:30,18.97,18.97,18.95,18.96,
2020-12-10T12:02:00+05:30,18.96,18.97,18.92,18.92,
2020-12-10T12:03:00+05:30,18.92,18.94,18.9,18.92,
2020-12-10T12:04:00+05:30,18.91,18.92,18.84,18.84,
2020-12-10T12:05:00+05:30,18.85,18.87,18.85,18.86,
2020-12-10T12:06:00+05:30,18.86,18.87,18.84,18.87,
2020-12-10T12:07:00+05:30,18.88,18.89,18.86,18.87,
2020-12-10T12:08:00+05:30,18.87,18.91,18.85,18.91,
2020-12-10T12:09:00+05:30,18.91,18.91,18.88,18.89,
2020-12-10T12:10:00+05:30,18.89,18.93,18.88,18.91,
2020-12-10T12:11:00+05:30,18.91,18.92,18.88,18.92,
2020-12-10T12:12:00+05:30,18.93,18.94,18.89,18.92,
2020-12-10T12:13:00+05:30,18.91,18.93,18.89,18.91,
2020-12-10T12:14:00+05:30,18.91,18.95,18.9,18.91,
2020-12-10T12:15:00+05:30,18.9,18.97,18.9,18.96,
2020-12-10T12:16:00+05:30,18.96,18.99,18.96,18.99,
2020-12-10T12:17:00+05:30,18.99,19,18.97,18.98,
2020-12-10T12:18:00+05:30,18.99,18.99,18.97,18.98,
2020-12-10T12:19:00+05:30,18.98,18.98,18.96,18.98,
2020-12-10T12:20:00+05:30,18.98,18.99,18.95,18.95,
2020-12-10T12:21:00+05:30,18.93,18.98,18.93,18.98,
2020-12-10T12:22:00+05:30,18.97,18.98,18.97,18.98,
2020-12-10T12:23:00+05:30,18.98,18.98,18.94,18.96,
2020-12-10T12:24:00+05:30,18.96,18.97,18.94,18.95,
2020-12-10T12:25:00+05:30,18.95,18.96,18.93,18.94,
2020-12-10T12:26:00+05:30,18.94,18.94,18.91,18.91,
2020-12-10T12:27:00+05:30,18.91,18.91,18.86,18.87,
2020-12-10T12:28:00+05:30,18.87,18.87,18.84,18.85,
2020-12-10T12:29:00+05:30,18.84,18.89,18.84,18.86,
2020-12-10T12:30:00+05:30,18.86,18.91,18.84,18.9,
2020-12-10T12:31:00+05:30,18.91,18.94,18.9,18.94,
2020-12-10T12:32:00+05:30,18.94,18.95,18.92,18.95,
2020-12-10T12:33:00+05:30,18.95,18.96,18.93,18.93,
2020-12-10T12:34:00+05:30,18.93,18.94,18.9,18.92,
2020-12-10T12:35:00+05:30,18.92,18.93,18.87,18.87,
2020-12-10T12:36:00+05:30,18.87,18.87,18.83,18.84,
2020-12-10T12:37:00+05:30,18.84,18.87,18.84,18.84,
2020-12-10T12:38:00+05:30,18.84,18.88,18.84,18.87,
2020-12-10T12:39:00+05:30,18.87,18.88,18.86,18.88,
2020-12-10T12:40:00+05:30,18.88,18.89,18.85,18.85,
2020-12-10T12:41:00+05:30,18.85,18.9,18.85,18.9,
2020-12-10T12:42:00+05:30,18.9,18.92,18.88,18.89,
2020-12-10T12:43:00+05:30,18.89,18.89,18.88,18.88,
2020-12-10T12:44:00+05:30,18.88,18.9,18.86,18.87,
2020-12-10T12:45:00+05:30,18.86,18.9,18.82,18.9,
2020-12-10T12:46:00+05:30,18.9,18.92,18.89,18.91,
2020-12-10T12:47:00+05:30,18.91,18.91,18.88,18.9,
2020-12-10T12:48:00+05:30,18.91,18.92,18.9,18.91,
2020-12-10T12:49:00+05:30,18.91,18.91,18.83,18.85,
2020-12-10T12:50:00+05:30,18.86,18.89,18.86,18.89,
2020-12-10T12:51:00+05:30,18.89,18.93,18.89,18.93,
2020-12-10T12:52:00+05:30,18.93,18.97,18.9,18.96,
2020-12-10T12:53:00+05:30,18.96,18.96,18.93,18.96,
2020-12-10T12:54:00+05:30,18.95,18.95,18.91,18.92,
2020-12-10T12:55:00+05:30,18.93,18.93,18.85,18.85,
2020-12-10T12:56:00+05:30,18.85,18.94,18.85,18.9,
2020-12-10T12:57:00+05:30,18.9,18.94,18.89,18.9,
2020-12-10T12:58:00+05:30,18.89,18.9,18.86,18.89,
2020-12-10T12:59:00+05:30,18.89,18.92,18.89,18.9,
2020-12-10T13:00:00+05:30,18.9,18.93,18.88,18.89,
2020-12-10T13:01:00+05:30,18.89,18.92,18.88,18.92,
2020-12-10T13:02:00+05:30,18.92,18.93,18.9,18.92,
2020-12-10T13:03:00+05:30,18.92,18.93,18.9,18.91,
2020-12-10T13:04:00+05:30,18.91,18.91,18.84,18.85,
2020-12-10T13:05:00+05:30,18.85,18.87,18.85,18.87,
2020-12-10T13:06:00+05:30,18.87,18.87,18.82,18.83,
2020-12-10T13:07:00+05:30,18.83,18.9,18.83,18.88,
2020-12-10T13:08:00+05:30,18.86,18.87,18.85,18.87,
2020-12-10T13:09:00+05:30,18.87,18.88,18.85,18.87,
2020-12-10T13:10:00+05:30,18.87,18.88,18.85,18.85,
2020-12-10T13:11:00+05:30,18.85,18.86,18.84,18.86,
2020-12-10T13:12:00+05:30,18.87,18.88,18.85,18.86,
2020-12-10T13:13:00+05:30,18.86,18.88,18.83,18.86,
2020-12-10T13:14:00+05:30,18.87,18.87,18.86,18.86,
2020-12-10T13:15:00+05:30,18.86,18.86,18.83,18.84,
2020-12-10T13:16:00+05:30,18.85,18.86,18.83,18.84,
2020-12-10T13:17:00+05:30,18.84,18.86,18.82,18.86,
2020-12-10T13:18:00+05:30,18.85,18.88,18.85,18.87,
2020-12-10T13:19:00+05:30,18.87,18.92,18.87,18.88,
2020-12-10T13:20:00+05:30,18.88,18.89,18.87,18.88,
2020-12-10T13:21:00+05:30,18.86,18.88,18.85,18.87,
2020-12-10T13:22:00+05:30,18.87,18.87,18.84,18.85,
2020-12-10T13:23:00+05:30,18.84,18.92,18.84,18.9,
2020-12-10T13:24:00+05:30,18.9,18.91,18.83,18.84,
2020-12-10T13:25:00+05:30,18.84,18.87,18.84,18.86,
2020-12-10T13:26:00+05:30,18.86,18.88,18.85,18.87,
2020-12-10T13:27:00+05:30,18.86,18.86,18.79,18.81,
2020-12-10T13:28:00+05:30,18.81,18.84,18.8,18.84,
2020-12-10T13:29:00+05:30,18.84,18.85,18.81,18.81,
2020-12-10T13:30:00+05:30,18.81,18.83,18.8,18.83,
2020-12-10T13:31:00+05:30,18.83,18.86,18.82,18.82,
2020-12-10T13:32:00+05:30,18.82,18.89,18.81,18.89,
2020-12-10T13:33:00+05:30,18.89,18.97,18.88,18.93,
2020-12-10T13:34:00+05:30,18.93,18.99,18.92,18.99,
2020-12-10T13:35:00+05:30,18.99,18.99,18.94,18.98,
2020-12-10T13:36:00+05:30,18.98,18.98,18.92,18.93,
2020-12-10T13:37:00+05:30,18.93,19,18.93,19,
2020-12-10T13:38:00+05:30,19,19.02,18.98,18.98,
2020-12-10T13:39:00+05:30,18.98,19.01,18.97,18.97,
2020-12-10T13:40:00+05:30,18.99,19.04,18.98,19.02,
2020-12-10T13:41:00+05:30,19.02,19.02,18.96,18.98,
2020-12-10T13:42:00+05:30,18.98,19.01,18.95,18.95,
2020-12-10T13:43:00+05:30,18.95,18.96,18.89,18.89,
2020-12-10T13:44:00+05:30,18.89,18.89,18.87,18.88,
2020-12-10T13:45:00+05:30,18.87,18.95,18.84,18.95,
2020-12-10T13:46:00+05:30,18.95,18.98,18.95,18.96,
2020-12-10T13:47:00+05:30,18.96,18.97,18.93,18.95,
2020-12-10T13:48:00+05:30,18.94,18.97,18.93,18.95,
2020-12-10T13:49:00+05:30,18.95,18.98,18.95,18.97,
2020-12-10T13:50:00+05:30,18.97,18.98,18.94,18.95,
2020-12-10T13:51:00+05:30,18.95,19.01,18.95,18.98,
2020-12-10T13:52:00+05:30,18.98,18.98,18.95,18.96,
2020-12-10T13:53:00+05:30,18.96,18.98,18.9,18.91,
2020-12-10T13:54:00+05:30,18.89,18.91,18.86,18.9,
2020-12-10T13:55:00+05:30,18.9,18.95,18.89,18.94,
2020-12-10T13:56:00+05:30,18.95,18.96,18.92,18.92,
2020-12-10T13:57:00+05:30,18.92,18.96,18.92,18.95,
2020-12-10T13:58:00+05:30,18.95,19,18.94,18.99,
2020-12-10T13:59:00+05:30,18.99,19,18.94,18.94,
2020-12-10T14:00:00+05:30,18.94,18.94,18.9,18.92,
2020-12-10T14:01:00+05:30,18.93,18.94,18.9,18.91,
2020-12-10T14:02:00+05:30,18.91,18.92,18.86,18.86,
2020-12-10T14:03:00+05:30,18.84,18.88,18.83,18.88,
2020-12-10T14:04:00+05:30,18.88,18.89,18.86,18.89,
2020-12-10T14:05:00+05:30,18.88,18.91,18.87,18.91,
2020-12-10T14:06:00+05:30,18.91,18.94,18.89,18.94,
2020-12-10T14:07:00+05:30,18.93,18.98,18.92,18.94,
2020-12-10T14:08:00+05:30,18.94,19,18.92,18.98,
2020-12-10T14:09:00+05:30,18.98,19.01,18.98,19.01,
2020-12-10T14:10:00+05:30,19,19.03,19,19.02,
2020-12-10T14:11:00+05:30,19.02,19.06,19.02,19.05,
2020-12-10T14:12:00+05:30,19.05,19.06,19.03,19.04,
2020-12-10T14:13:00+05:30,19.04,19.05,19.02,19.05,
2020-12-10T14:14:00+05:30,19.04,19.04,19.01,19.04,
2020-12-10T14:15:00+05:30,19.04,19.09,19.02,19.04,
2020-12-10T14:16:00+05:30,19.04,19.05,19.02,19.03,
2020-12-10T14:17:00+05:30,19.04,19.04,19,19.02,
2020-12-10T14:18:00+05:30,19.02,19.03,19,19,
2020-12-10T14:19:00+05:30,19,19.02,18.99,19.01,
2020-12-10T14:20:00+05:30,19,19.01,18.91,18.92,
2020-12-10T14:21:00+05:30,18.92,18.96,18.91,18.93,
2020-12-10T14:22:00+05:30,18.92,18.94,18.89,18.94,
2020-12-10T14:23:00+05:30,18.94,18.96,18.91,18.96,
2020-12-10T14:24:00+05:30,18.96,18.97,18.93,18.94,
2020-12-10T14:25:00+05:30,18.94,18.94,18.92,18.93,
2020-12-10T14:26:00+05:30,18.93,18.94,18.87,18.88,
2020-12-10T14:27:00+05:30,18.88,18.88,18.82,18.87,
2020-12-10T14:28:00+05:30,18.87,18.91,18.85,18.91,
2020-12-10T14:29:00+05:30,18.91,18.91,18.82,18.83,
2020-12-10T14:30:00+05:30,18.83,18.85,18.79,18.83,
2020-12-10T14:31:00+05:30,18.84,18.86,18.79,18.83,
2020-12-10T14:32:00+05:30,18.83,18.88,18.82,18.82,
2020-12-10T14:33:00+05:30,18.81,18.98,18.81,18.97,
2020-12-10T14:34:00+05:30,18.98,18.98,18.95,18.96,
2020-12-10T14:35:00+05:30,18.96,18.97,18.93,18.94,
2020-12-10T14:36:00+05:30,18.95,18.96,18.95,18.96,
2020-12-10T14:37:00+05:30,18.96,18.96,18.95,18.96,
2020-12-10T14:38:00+05:30,18.96,18.96,18.87,18.87,
2020-12-10T14:39:00+05:30,18.87,18.89,18.86,18.88,
2020-12-10T14:40:00+05:30,18.88,18.9,18.83,18.85,
2020-12-10T14:41:00+05:30,18.85,18.88,18.84,18.86,
2020-12-10T14:42:00+05:30,18.85,18.86,18.84,18.85,
2020-12-10T14:43:00+05:30,18.86,18.86,18.82,18.86,
2020-12-10T14:44:00+05:30,18.86,18.92,18.86,18.92,
2020-12-10T14:45:00+05:30,18.92,18.92,18.89,18.9,
2020-12-10T14:46:00+05:30,18.91,18.91,18.85,18.85,
2020-12-10T14:47:00+05:30,18.84,18.86,18.82,18.82,
2020-12-10T14:48:00+05:30,18.82,18.82,18.77,18.82,
2020-12-10T14:49:00+05:30,18.82,18.84,18.82,18.82,
2020-12-10T14:50:00+05:30,18.82,18.84,18.81,18.83,
2020-12-10T14:51:00+05:30,18.83,18.85,18.8,18.84,
2020-12-10T14:52:00+05:30,18.83,18.86,18.75,18.75,
2020-12-10T14:53:00+05:30,18.75,18.8,18.75,18.8,
2020-12-10T14:54:00+05:30,18.8,18.84,18.8,18.84,
2020-12-10T14:55:00+05:30,18.85,18.86,18.81,18.84,
2020-12-10T14:56:00+05:30,18.84,18.87,18.83,18.87,
2020-12-10T14:57:00+05:30,18.87,18.89,18.87,18.88,
2020-12-10T14:58:00+05:30,18.87,18.88,18.83,18.84,
2020-12-10T14:59:00+05:30,18.84,18.85,18.8,18.82,
2020-12-10T15:00:00+05:30,18.82,18.85,18.8,18.8,
2020-12-10T15:01:00+05:30,18.8,18.81,18.76,18.78,
2020-12-10T15:02:00+05:30,18.79,18.81,18.78,18.79,
2020-12-10T15:03:00+05:30,18.79,18.8,18.76,18.76,
2020-12-10T15:04:00+05:30,18.76,18.77,18.74,18.76,
2020-12-10T15:05:00+05:30,18.76,18.77,18.71,18.71,
2020-12-10T15:06:00+05:30,18.71,18.71,18.68,18.68,
2020-12-10T15:07:00+05:30,18.68,18.69,18.66,18.66,
2020-12-10T15:08:00+05:30,18.66,18.72,18.66,18.7,
2020-12-10T15:09:00+05:30,18.71,18.74,18.7,18.71,
2020-12-10T15:10:00+05:30,18.71,18.75,18.71,18.71,
2020-12-10T15:11:00+05:30,18.72,18.74,18.7,18.71,
2020-12-10T15:12:00+05:30,18.72,18.74,18.7,18.71,
2020-12-10T15:13:00+05:30,18.7,18.71,18.67,18.67,
2020-12-10T15:14:00+05:30,18.67,18.7,18.67,18.68,
2020-12-10T15:15:00+05:30,18.69,18.69,18.64,18.67,
2020-12-10T15:16:00+05:30,18.67,18.72,18.67,18.71,
2020-12-10T15:17:00+05:30,18.71,18.74,18.7,18.74,
2020-12-10T15:18:00+05:30,18.74,18.75,18.73,18.74,
2020-12-10T15:19:00+05:30,18.73,18.76,18.73,18.75,
2020-12-10T15:20:00+05:30,18.75,18.76,18.72,18.72,
2020-12-10T15:21:00+05:30,18.72,18.73,18.69,18.69,
2020-12-10T15:22:00+05:30,18.7,18.72,18.69,18.69,
2020-12-10T15:23:00+05:30,18.69,18.74,18.68,18.69,
2020-12-10T15:24:00+05:30,18.69,18.7,18.68,18.69,
2020-12-10T15:25:00+05:30,18.69,18.7,18.66,18.69,
2020-12-10T15:26:00+05:30,18.69,18.69,18.63,18.63,
2020-12-10T15:27:00+05:30,18.64,18.68,18.61,18.61,
2020-12-10T15:28:00+05:30,18.61,18.66,18.61,18.64,
2020-12-10T15:29:00+05:30,18.64,18.64,18.61,18.61,
2020-12-11T09:15:00+05:30,18.71,18.71,17.36,18.55,
2020-12-11T09:16:00+05:30,18.56,19.06,18.56,19.05,
2020-12-11T09:17:00+05:30,19.05,19.08,19.04,19.05,
2020-12-11T09:18:00+05:30,19.04,19.04,18.96,18.97,
2020-12-11T09:19:00+05:30,18.97,19.02,18.97,18.98,
2020-12-11T09:20:00+05:30,18.98,18.98,18.89,18.89,
2020-12-11T09:21:00+05:30,18.89,18.92,18.86,18.9,
2020-12-11T09:22:00+05:30,18.9,18.9,18.88,18.88,
2020-12-11T09:23:00+05:30,18.88,18.89,18.85,18.89,
2020-12-11T09:24:00+05:30,18.89,18.89,18.86,18.86,
2020-12-11T09:25:00+05:30,18.86,18.92,18.86,18.89,
2020-12-11T09:26:00+05:30,18.89,18.93,18.89,18.91,
2020-12-11T09:27:00+05:30,18.91,18.94,18.9,18.92,
2020-12-11T09:28:00+05:30,18.92,18.97,18.92,18.94,
2020-12-11T09:29:00+05:30,18.95,18.96,18.89,18.91,
2020-12-11T09:30:00+05:30,18.92,18.93,18.86,18.87,
2020-12-11T09:31:00+05:30,18.87,18.91,18.85,18.89,
2020-12-11T09:32:00+05:30,18.89,18.89,18.84,18.87,
2020-12-11T09:33:00+05:30,18.86,18.89,18.85,18.86,
2020-12-11T09:34:00+05:30,18.86,18.9,18.84,18.84,
2020-12-11T09:35:00+05:30,18.84,18.88,18.83,18.87,
2020-12-11T09:36:00+05:30,18.86,18.87,18.85,18.85,
2020-12-11T09:37:00+05:30,18.85,18.88,18.81,18.82,
2020-12-11T09:38:00+05:30,18.82,18.84,18.8,18.84,
2020-12-11T09:39:00+05:30,18.84,18.87,18.84,18.86,
2020-12-11T09:40:00+05:30,18.86,18.87,18.83,18.84,
2020-12-11T09:41:00+05:30,18.84,18.85,18.83,18.85,
2020-12-11T09:42:00+05:30,18.85,18.86,18.84,18.86,
2020-12-11T09:43:00+05:30,18.86,18.87,18.84,18.85,
2020-12-11T09:44:00+05:30,18.85,18.87,18.84,18.87,
2020-12-11T09:45:00+05:30,18.87,18.88,18.84,18.86,
2020-12-11T09:46:00+05:30,18.86,18.88,18.85,18.88,
2020-12-11T09:47:00+05:30,18.88,18.88,18.85,18.85,
2020-12-11T09:48:00+05:30,18.85,18.89,18.84,18.89,
2020-12-11T09:49:00+05:30,18.88,18.89,18.84,18.88,
2020-12-11T09:50:00+05:30,18.89,18.89,18.8,18.82,
2020-12-11T09:51:00+05:30,18.82,18.82,18.77,18.77,
2020-12-11T09:52:00+05:30,18.77,18.79,18.76,18.78,
2020-12-11T09:53:00+05:30,18.78,18.79,18.77,18.78,
2020-12-11T09:54:00+05:30,18.78,18.8,18.75,18.78,
2020-12-11T09:55:00+05:30,18.78,18.84,18.77,18.81,
2020-12-11T09:56:00+05:30,18.83,18.84,18.79,18.8,
2020-12-11T09:57:00+05:30,18.8,18.83,18.8,18.81,
2020-12-11T09:58:00+05:30,18.81,18.84,18.78,18.79,
2020-12-11T09:59:00+05:30,18.79,18.84,18.79,18.84,
2020-12-11T10:00:00+05:30,18.84,18.84,18.77,18.8,
2020-12-11T10:01:00+05:30,18.8,18.8,18.76,18.79,
2020-12-11T10:02:00+05:30,18.79,18.8,18.76,18.8,
2020-12-11T10:03:00+05:30,18.8,18.81,18.74,18.74,
2020-12-11T10:04:00+05:30,18.74,18.79,18.74,18.79,
2020-12-11T10:05:00+05:30,18.79,18.79,18.76,18.78,
2020-12-11T10:06:00+05:30,18.78,18.81,18.78,18.81,
2020-12-11T10:07:00+05:30,18.81,18.82,18.78,18.8,
2020-12-11T10:08:00+05:30,18.8,18.84,18.79,18.8,
2020-12-11T10:09:00+05:30,18.8,18.84,18.8,18.82,
2020-12-11T10:10:00+05:30,18.82,18.83,18.78,18.78,
2020-12-11T10:11:00+05:30,18.78,18.81,18.78,18.78,
2020-12-11T10:12:00+05:30,18.79,18.8,18.78,18.8,
2020-12-11T10:13:00+05:30,18.8,18.81,18.78,18.8,
2020-12-11T10:14:00+05:30,18.79,18.82,18.78,18.8,
2020-12-11T10:15:00+05:30,18.8,18.83,18.79,18.79,
2020-12-11T10:16:00+05:30,18.79,18.8,18.78,18.8,
2020-12-11T10:17:00+05:30,18.8,18.83,18.78,18.82,
2020-12-11T10:18:00+05:30,18.82,18.84,18.78,18.81,
2020-12-11T10:19:00+05:30,18.81,18.86,18.8,18.85,
2020-12-11T10:20:00+05:30,18.85,18.85,18.81,18.84,
2020-12-11T10:21:00+05:30,18.84,18.84,18.78,18.78,
2020-12-11T10:22:00+05:30,18.77,18.8,18.75,18.75,
2020-12-11T10:23:00+05:30,18.75,18.79,18.74,18.74,
2020-12-11T10:24:00+05:30,18.74,18.83,18.73,18.79,
2020-12-11T10:25:00+05:30,18.79,18.83,18.79,18.82,
2020-12-11T10:26:00+05:30,18.85,18.85,18.81,18.81,
2020-12-11T10:27:00+05:30,18.81,18.83,18.8,18.82,
2020-12-11T10:28:00+05:30,18.82,18.83,18.8,18.82,
2020-12-11T10:29:00+05:30,18.82,18.83,18.79,18.82,
2020-12-11T10:30:00+05:30,18.81,18.82,18.77,18.82,
2020-12-11T10:31:00+05:30,18.82,18.82,18.8,18.81,
2020-12-11T10:32:00+05:30,18.81,18.83,18.79,18.82,
2020-12-11T10:33:00+05:30,18.82,18.82,18.78,18.79,
2020-12-11T10:34:00+05:30,18.79,18.79,18.75,18.75,
2020-12-11T10:35:00+05:30,18.75,18.76,18.73,18.75,
2020-12-11T10:36:00+05:30,18.75,18.75,18.7,18.71,
2020-12-11T10:37:00+05:30,18.71,18.76,18.71,18.75,
2020-12-11T10:38:00+05:30,18.76,18.77,18.73,18.73,
2020-12-11T10:39:00+05:30,18.73,18.75,18.72,18.73,
2020-12-11T10:40:00+05:30,18.74,18.8,18.72,18.79,
2020-12-11T10:41:00+05:30,18.79,18.8,18.72,18.76,
2020-12-11T10:42:00+05:30,18.76,18.77,18.75,18.76,
2020-12-11T10:43:00+05:30,18.78,18.81,18.73,18.73,
2020-12-11T10:44:00+05:30,18.74,18.8,18.72,18.72,
2020-12-11T10:45:00+05:30,18.73,18.82,18.73,18.79,
2020-12-11T10:46:00+05:30,18.79,18.83,18.77,18.82,
2020-12-11T10:47:00+05:30,18.82,18.83,18.8,18.8,
2020-12-11T10:48:00+05:30,18.8,18.81,18.77,18.78,
2020-12-11T10:49:00+05:30,18.76,18.82,18.76,18.8,
2020-12-11T10:50:00+05:30,18.8,18.83,18.78,18.8,
2020-12-11T10:51:00+05:30,18.81,18.83,18.77,18.8,
2020-12-11T10:52:00+05:30,18.8,18.8,18.75,18.79,
2020-12-11T10:53:00+05:30,18.78,18.8,18.76,18.79,
2020-12-11T10:54:00+05:30,18.79,18.79,18.73,18.73,
2020-12-11T10:55:00+05:30,18.74,18.79,18.74,18.78,
2020-12-11T10:56:00+05:30,18.78,18.78,18.75,18.77,
2020-12-11T10:57:00+05:30,18.75,18.78,18.74,18.74,
2020-12-11T10:58:00+05:30,18.74,18.77,18.73,18.75,
2020-12-11T10:59:00+05:30,18.75,18.78,18.73,18.74,
2020-12-11T11:00:00+05:30,18.74,18.8,18.73,18.78,
2020-12-11T11:01:00+05:30,18.78,18.81,18.75,18.77,
2020-12-11T11:02:00+05:30,18.77,18.81,18.75,18.8,
2020-12-11T11:03:00+05:30,18.8,18.8,18.75,18.79,
2020-12-11T11:04:00+05:30,18.79,18.8,18.76,18.79,
2020-12-11T11:05:00+05:30,18.79,18.8,18.75,18.77,
2020-12-11T11:06:00+05:30,18.75,18.78,18.72,18.76,
2020-12-11T11:07:00+05:30,18.76,18.8,18.74,18.8,
2020-12-11T11:08:00+05:30,18.8,18.84,18.79,18.84,
2020-12-11T11:09:00+05:30,18.84,18.85,18.77,18.8,
2020-12-11T11:10:00+05:30,18.79,18.82,18.78,18.81,
2020-12-11T11:11:00+05:30,18.81,18.83,18.79,18.8,
2020-12-11T11:12:00+05:30,18.8,18.82,18.77,18.81,
2020-12-11T11:13:00+05:30,18.81,18.82,18.8,18.81,
2020-12-11T11:14:00+05:30,18.81,18.82,18.78,18.82,
2020-12-11T11:15:00+05:30,18.82,18.82,18.77,18.78,
2020-12-11T11:16:00+05:30,18.78,18.8,18.77,18.77,
2020-12-11T11:17:00+05:30,18.77,18.81,18.76,18.76,
2020-12-11T11:18:00+05:30,18.76,18.8,18.76,18.79,
2020-12-11T11:19:00+05:30,18.79,18.81,18.78,18.81,
2020-12-11T11:20:00+05:30,18.81,18.82,18.8,18.81,
2020-12-11T11:21:00+05:30,18.81,18.85,18.8,18.85,
2020-12-11T11:22:00+05:30,18.85,18.87,18.83,18.83,
2020-12-11T11:23:00+05:30,18.83,18.83,18.8,18.82,
2020-12-11T11:24:00+05:30,18.82,18.84,18.82,18.84,
2020-12-11T11:25:00+05:30,18.84,18.87,18.82,18.85,
2020-12-11T11:26:00+05:30,18.85,18.87,18.83,18.84,
2020-12-11T11:27:00+05:30,18.84,18.84,18.81,18.82,
2020-12-11T11:28:00+05:30,18.82,18.85,18.81,18.81,
2020-12-11T11:29:00+05:30,18.81,18.83,18.77,18.82,
2020-12-11T11:30:00+05:30,18.82,18.85,18.76,18.76,
2020-12-11T11:31:00+05:30,18.76,18.8,18.76,18.8,
2020-12-11T11:32:00+05:30,18.8,18.84,18.8,18.83,
2020-12-11T11:33:00+05:30,18.83,18.83,18.79,18.82,
2020-12-11T11:34:00+05:30,18.82,18.88,18.82,18.86,
2020-12-11T11:35:00+05:30,18.86,18.86,18.82,18.85,
2020-12-11T11:36:00+05:30,18.85,18.87,18.85,18.86,
2020-12-11T11:37:00+05:30,18.85,18.87,18.84,18.85,
2020-12-11T11:38:00+05:30,18.85,18.88,18.84,18.85,
2020-12-11T11:39:00+05:30,18.85,18.85,18.82,18.83,
2020-12-11T11:40:00+05:30,18.83,18.85,18.82,18.84,
2020-12-11T11:41:00+05:30,18.84,18.88,18.84,18.85,
2020-12-11T11:42:00+05:30,18.85,18.87,18.83,18.85,
2020-12-11T11:43:00+05:30,18.86,18.86,18.84,18.85,
2020-12-11T11:44:00+05:30,18.85,18.86,18.8,18.8,
2020-12-11T11:45:00+05:30,18.8,18.85,18.8,18.84,
2020-12-11T11:46:00+05:30,18.84,18.86,18.83,18.83,
2020-12-11T11:47:00+05:30,18.83,18.84,18.81,18.82,
2020-12-11T11:48:00+05:30,18.82,18.83,18.79,18.83,
2020-12-11T11:49:00+05:30,18.83,18.83,18.8,18.81,
2020-12-11T11:50:00+05:30,18.81,18.82,18.77,18.78,
2020-12-11T11:51:00+05:30,18.78,18.78,18.72,18.73,
2020-12-11T11:52:00+05:30,18.73,18.75,18.7,18.72,
2020-12-11T11:53:00+05:30,18.72,18.76,18.71,18.76,
2020-12-11T11:54:00+05:30,18.75,18.76,18.73,18.73,
2020-12-11T11:55:00+05:30,18.73,18.77,18.73,18.76,
2020-12-11T11:56:00+05:30,18.76,18.77,18.73,18.73,
2020-12-11T11:57:00+05:30,18.72,18.75,18.7,18.74,
2020-12-11T11:58:00+05:30,18.74,18.78,18.72,18.78,
2020-12-11T11:59:00+05:30,18.77,18.77,18.73,18.77,
2020-12-11T12:00:00+05:30,18.77,18.77,18.74,18.75,
2020-12-11T12:01:00+05:30,18.75,18.77,18.75,18.76,
2020-12-11T12:02:00+05:30,18.76,18.78,18.73,18.73,
2020-12-11T12:03:00+05:30,18.73,18.75,18.73,18.74,
2020-12-11T12:04:00+05:30,18.74,18.78,18.73,18.77,
2020-12-11T12:05:00+05:30,18.76,18.78,18.73,18.73,
2020-12-11T12:06:00+05:30,18.73,18.76,18.73,18.75,
2020-12-11T12:07:00+05:30,18.75,18.75,18.73,18.74,
2020-12-11T12:08:00+05:30,18.74,18.75,18.73,18.74,
2020-12-11T12:09:00+05:30,18.74,18.77,18.74,18.75,
2020-12-11T12:10:00+05:30,18.75,18.75,18.68,18.69,
2020-12-11T12:11:00+05:30,18.7,18.73,18.69,18.69,
2020-12-11T12:12:00+05:30,18.69,18.7,18.68,18.69,
2020-12-11T12:13:00+05:30,18.71,18.91,18.7,18.89,
2020-12-11T12:14:00+05:30,18.89,18.9,18.7,18.7,
2020-12-11T12:15:00+05:30,18.7,18.71,18.66,18.66,
2020-12-11T12:16:00+05:30,18.67,18.68,18.66,18.66,
2020-12-11T12:17:00+05:30,18.66,18.7,18.65,18.68,
2020-12-11T12:18:00+05:30,18.68,18.7,18.68,18.7,
2020-12-11T12:19:00+05:30,18.7,18.75,18.69,18.71,
2020-12-11T12:20:00+05:30,18.7,18.73,18.67,18.72,
2020-12-11T12:21:00+05:30,18.72,18.72,18.69,18.72,
2020-12-11T12:22:00+05:30,18.71,18.73,18.7,18.71,
2020-12-11T12:23:00+05:30,18.71,18.74,18.71,18.73,
2020-12-11T12:24:00+05:30,18.74,18.75,18.72,18.75,
2020-12-11T12:25:00+05:30,18.75,18.78,18.75,18.76,
2020-12-11T12:26:00+05:30,18.76,18.76,18.73,18.76,
2020-12-11T12:27:00+05:30,18.76,18.76,18.73,18.73,
2020-12-11T12:28:00+05:30,18.73,18.74,18.69,18.72,
2020-12-11T12:29:00+05:30,18.72,18.76,18.72,18.75,
2020-12-11T12:30:00+05:30,18.75,18.76,18.71,18.72,
2020-12-11T12:31:00+05:30,18.72,18.77,18.72,18.73,
2020-12-11T12:32:00+05:30,18.73,18.73,18.64,18.66,
2020-12-11T12:33:00+05:30,18.66,18.71,18.66,18.7,
2020-12-11T12:34:00+05:30,18.7,18.71,18.68,18.69,
2020-12-11T12:35:00+05:30,18.69,18.73,18.66,18.73,
2020-12-11T12:36:00+05:30,18.74,18.74,18.68,18.7,
2020-12-11T12:37:00+05:30,18.7,18.72,18.67,18.68,
2020-12-11T12:38:00+05:30,18.68,18.72,18.66,18.67,
2020-12-11T12:39:00+05:30,18.69,18.7,18.66,18.69,
2020-12-11T12:40:00+05:30,18.69,18.69,18.64,18.65,
2020-12-11T12:41:00+05:30,18.65,18.65,18.62,18.63,
2020-12-11T12:42:00+05:30,18.63,18.63,18.6,18.63,
2020-12-11T12:43:00+05:30,18.63,18.65,18.62,18.63,
2020-12-11T12:44:00+05:30,18.64,18.64,18.63,18.63,
2020-12-11T12:45:00+05:30,18.63,18.65,18.62,18.64,
2020-12-11T12:46:00+05:30,18.64,18.67,18.62,18.64,
2020-12-11T12:47:00+05:30,18.64,18.66,18.6,18.66,
2020-12-11T12:48:00+05:30,18.67,18.68,18.61,18.63,
2020-12-11T12:49:00+05:30,18.64,18.66,18.6,18.6,
2020-12-11T12:50:00+05:30,18.6,18.65,18.6,18.63,
2020-12-11T12:51:00+05:30,18.63,18.65,18.6,18.61,
2020-12-11T12:52:00+05:30,18.61,18.63,18.59,18.63,
2020-12-11T12:53:00+05:30,18.63,18.64,18.6,18.63,
2020-12-11T12:54:00+05:30,18.63,18.64,18.6,18.61,
2020-12-11T12:55:00+05:30,18.61,18.62,18.58,18.61,
2020-12-11T12:56:00+05:30,18.61,18.63,18.58,18.61,
2020-12-11T12:57:00+05:30,18.61,18.62,18.59,18.61,
2020-12-11T12:58:00+05:30,18.61,18.62,18.57,18.59,
2020-12-11T12:59:00+05:30,18.59,18.62,18.58,18.59,
2020-12-11T13:00:00+05:30,18.59,18.6,18.53,18.53,
2020-12-11T13:01:00+05:30,18.53,18.6,18.53,18.57,
2020-12-11T13:02:00+05:30,18.57,18.59,18.55,18.59,
2020-12-11T13:03:00+05:30,18.59,18.61,18.58,18.6,
2020-12-11T13:04:00+05:30,18.6,18.61,18.58,18.6,
2020-12-11T13:05:00+05:30,18.6,18.61,18.57,18.59,
2020-12-11T13:06:00+05:30,18.59,18.61,18.57,18.59,
2020-12-11T13:07:00+05:30,18.59,18.62,18.59,18.6,
2020-12-11T13:08:00+05:30,18.6,18.63,18.58,18.61,
2020-12-11T13:09:00+05:30,18.61,18.62,18.57,18.61,
2020-12-11T13:10:00+05:30,18.61,18.62,18.58,18.58,
2020-12-11T13:11:00+05:30,18.59,18.62,18.58,18.61,
2020-12-11T13:12:00+05:30,18.61,18.61,18.58,18.59,
2020-12-11T13:13:00+05:30,18.59,18.62,18.57,18.61,
2020-12-11T13:14:00+05:30,18.61,18.62,18.58,18.61,
2020-12-11T13:15:00+05:30,18.61,18.63,18.59,18.63,
2020-12-11T13:16:00+05:30,18.63,18.66,18.62,18.63,
2020-12-11T13:17:00+05:30,18.62,18.64,18.6,18.61,
2020-12-11T13:18:00+05:30,18.61,18.63,18.59,18.6,
2020-12-11T13:19:00+05:30,18.6,18.64,18.6,18.63,
2020-12-11T13:20:00+05:30,18.63,18.68,18.63,18.68,
2020-12-11T13:21:00+05:30,18.68,18.68,18.61,18.62,
2020-12-11T13:22:00+05:30,18.62,18.63,18.59,18.59,
2020-12-11T13:23:00+05:30,18.59,18.59,18.57,18.59,
2020-12-11T13:24:00+05:30,18.59,18.61,18.58,18.59,
2020-12-11T13:25:00+05:30,18.6,18.63,18.6,18.61,
2020-12-11T13:26:00+05:30,18.61,18.65,18.59,18.64,
2020-12-11T13:27:00+05:30,18.63,18.66,18.61,18.66,
2020-12-11T13:28:00+05:30,18.67,18.72,18.67,18.7,
2020-12-11T13:29:00+05:30,18.7,18.71,18.66,18.69,
2020-12-11T13:30:00+05:30,18.7,18.7,18.65,18.67,
2020-12-11T13:31:00+05:30,18.68,18.68,18.63,18.67,
2020-12-11T13:32:00+05:30,18.67,18.68,18.65,18.67,
2020-12-11T13:33:00+05:30,18.67,18.71,18.67,18.69,
2020-12-11T13:34:00+05:30,18.69,18.71,18.68,18.71,
2020-12-11T13:35:00+05:30,18.7,18.73,18.7,18.7,
2020-12-11T13:36:00+05:30,18.7,18.71,18.67,18.7,
2020-12-11T13:37:00+05:30,18.7,18.71,18.66,18.67,
2020-12-11T13:38:00+05:30,18.67,18.68,18.63,18.67,
2020-12-11T13:39:00+05:30,18.67,18.7,18.66,18.69,
2020-12-11T13:40:00+05:30,18.69,18.69,18.65,18.67,
2020-12-11T13:41:00+05:30,18.67,18.67,18.65,18.67,
2020-12-11T13:42:00+05:30,18.67,18.71,18.67,18.68,
2020-12-11T13:43:00+05:30,18.68,18.69,18.67,18.68,
2020-12-11T13:44:00+05:30,18.7,18.72,18.67,18.69,
2020-12-11T13:45:00+05:30,18.68,18.72,18.66,18.72,
2020-12-11T13:46:00+05:30,18.72,18.73,18.7,18.73,
2020-12-11T13:47:00+05:30,18.72,18.75,18.71,18.71,
2020-12-11T13:48:00+05:30,18.71,18.72,18.66,18.69,
2020-12-11T13:49:00+05:30,18.68,18.74,18.67,18.72,
2020-12-11T13:50:00+05:30,18.72,18.74,18.69,18.69,
2020-12-11T13:51:00+05:30,18.7,18.74,18.69,18.71,
2020-12-11T13:52:00+05:30,18.71,18.73,18.68,18.69,
2020-12-11T13:53:00+05:30,18.68,19.29,18.68,19.25,
2020-12-11T13:54:00+05:30,19.26,19.26,18.71,18.72,
2020-12-11T13:55:00+05:30,18.71,19.26,18.71,18.72,
2020-12-11T13:56:00+05:30,18.72,18.74,18.71,18.73,
2020-12-11T13:57:00+05:30,18.73,18.78,18.71,18.71,
2020-12-11T13:58:00+05:30,18.72,18.75,18.67,18.74,
2020-12-11T13:59:00+05:30,18.75,18.75,18.66,18.68,
2020-12-11T14:00:00+05:30,18.68,18.73,18.66,18.68,
2020-12-11T14:01:00+05:30,18.69,18.79,18.68,18.79,
2020-12-11T14:02:00+05:30,18.79,18.81,18.75,18.75,
2020-12-11T14:03:00+05:30,18.75,18.81,18.73,18.81,
2020-12-11T14:04:00+05:30,18.81,18.93,18.8,18.92,
2020-12-11T14:05:00+05:30,18.93,18.96,18.91,18.96,
2020-12-11T14:06:00+05:30,18.96,19.03,18.96,19,
2020-12-11T14:07:00+05:30,19,19,18.89,18.93,
2020-12-11T14:08:00+05:30,18.93,18.96,18.89,18.89,
2020-12-11T14:09:00+05:30,18.89,18.9,18.81,18.89,
2020-12-11T14:10:00+05:30,18.89,19.02,18.89,18.99,
2020-12-11T14:11:00+05:30,18.99,19,18.9,18.9,
2020-12-11T14:12:00+05:30,18.9,19.02,18.9,19.02,
2020-12-11T14:13:00+05:30,19,19.01,18.98,19,
2020-12-11T14:14:00+05:30,19,19.09,19,19.08,
2020-12-11T14:15:00+05:30,19.08,19.14,19.08,19.09,
2020-12-11T14:16:00+05:30,19.09,19.17,19.09,19.12,
2020-12-11T14:17:00+05:30,19.14,19.21,19.12,19.21,
2020-12-11T14:18:00+05:30,19.21,19.27,19.21,19.22,
2020-12-11T14:19:00+05:30,19.22,19.22,19.06,19.1,
2020-12-11T14:20:00+05:30,19.1,19.24,19.1,19.23,
2020-12-11T14:21:00+05:30,19.23,19.24,19.06,19.08,
2020-12-11T14:22:00+05:30,19.08,19.15,19.08,19.13,
2020-12-11T14:23:00+05:30,19.13,19.17,19.12,19.15,
2020-12-11T14:24:00+05:30,19.15,19.18,19.14,19.18,
2020-12-11T14:25:00+05:30,19.18,19.26,19.18,19.19,
2020-12-11T14:26:00+05:30,19.2,19.21,19.06,19.06,
2020-12-11T14:27:00+05:30,19.07,19.07,19.01,19.03,
2020-12-11T14:28:00+05:30,19.03,19.13,19.03,19.12,
2020-12-11T14:29:00+05:30,19.12,19.14,19.11,19.12,
2020-12-11T14:30:00+05:30,19.12,19.13,18.91,18.91,
2020-12-11T14:31:00+05:30,18.92,19.05,18.92,19.05,
2020-12-11T14:32:00+05:30,19.05,19.05,19.01,19.04,
2020-12-11T14:33:00+05:30,19.04,19.09,19.04,19.08,
2020-12-11T14:34:00+05:30,19.08,19.09,19.03,19.04,
2020-12-11T14:35:00+05:30,19.04,19.04,18.83,18.84,
2020-12-11T14:36:00+05:30,18.84,18.96,18.83,18.95,
2020-12-11T14:37:00+05:30,18.96,18.96,18.91,18.95,
2020-12-11T14:38:00+05:30,18.96,18.99,18.95,18.99,
2020-12-11T14:39:00+05:30,19,19.02,18.99,19.01,
2020-12-11T14:40:00+05:30,19.01,19.01,18.93,18.93,
2020-12-11T14:41:00+05:30,18.93,18.97,18.91,18.95,
2020-12-11T14:42:00+05:30,18.95,19,18.95,18.97,
2020-12-11T14:43:00+05:30,18.96,19,18.95,18.98,
2020-12-11T14:44:00+05:30,18.98,19.01,18.95,19.01,
2020-12-11T14:45:00+05:30,19.01,19.03,18.99,18.99,
2020-12-11T14:46:00+05:30,18.99,19.04,18.98,19.01,
2020-12-11T14:47:00+05:30,19.01,19.03,18.91,18.93,
2020-12-11T14:48:00+05:30,18.94,18.94,18.9,18.91,
2020-12-11T14:49:00+05:30,18.91,18.92,18.85,18.85,
2020-12-11T14:50:00+05:30,18.85,18.85,18.73,18.73,
2020-12-11T14:51:00+05:30,18.73,18.78,18.73,18.75,
2020-12-11T14:52:00+05:30,18.74,18.81,18.74,18.8,
2020-12-11T14:53:00+05:30,18.8,18.89,18.8,18.89,
2020-12-11T14:54:00+05:30,18.89,18.91,18.88,18.88,
2020-12-11T14:55:00+05:30,18.89,18.89,18.8,18.82,
2020-12-11T14:56:00+05:30,18.83,18.86,18.82,18.84,
2020-12-11T14:57:00+05:30,18.83,18.86,18.83,18.85,
2020-12-11T14:58:00+05:30,18.86,18.87,18.81,18.82,
2020-12-11T14:59:00+05:30,18.82,18.85,18.82,18.85,
2020-12-11T15:00:00+05:30,18.85,18.85,18.8,18.81,
2020-12-11T15:01:00+05:30,18.81,18.83,18.77,18.78,
2020-12-11T15:02:00+05:30,18.78,18.83,18.76,18.81,
2020-12-11T15:03:00+05:30,18.81,18.85,18.8,18.82,
2020-12-11T15:04:00+05:30,18.82,18.82,18.77,18.79,
2020-12-11T15:05:00+05:30,18.8,18.85,18.8,18.83,
2020-12-11T15:06:00+05:30,18.83,18.86,18.82,18.85,
2020-12-11T15:07:00+05:30,18.85,18.86,18.81,18.84,
2020-12-11T15:08:00+05:30,18.84,18.84,18.79,18.79,
2020-12-11T15:09:00+05:30,18.79,18.8,18.76,18.76,
2020-12-11T15:10:00+05:30,18.76,18.77,18.68,18.71,
2020-12-11T15:11:00+05:30,18.71,18.79,18.71,18.77,
2020-12-11T15:12:00+05:30,18.75,18.77,18.73,18.77,
2020-12-11T15:13:00+05:30,18.76,18.78,18.75,18.76,
2020-12-11T15:14:00+05:30,18.76,18.79,18.74,18.78,
2020-12-11T15:15:00+05:30,18.78,18.79,18.74,18.74,
2020-12-11T15:16:00+05:30,18.74,18.76,18.69,18.7,
2020-12-11T15:17:00+05:30,18.71,18.72,18.69,18.71,
2020-12-11T15:18:00+05:30,18.71,18.8,18.7,18.79,
2020-12-11T15:19:00+05:30,18.79,18.81,18.78,18.8,
2020-12-11T15:20:00+05:30,18.8,18.83,18.78,18.78,
2020-12-11T15:21:00+05:30,18.81,18.83,18.79,18.79,
2020-12-11T15:22:00+05:30,18.79,18.82,18.79,18.81,
2020-12-11T15:23:00+05:30,18.8,18.84,18.8,18.83,
2020-12-11T15:24:00+05:30,18.83,18.85,18.81,18.82,
2020-12-11T15:25:00+05:30,18.82,18.84,18.79,18.79,
2020-12-11T15:26:00+05:30,18.79,18.8,18.77,18.79,
2020-12-11T15:27:00+05:30,18.78,18.82,18.78,18.79,
2020-12-11T15:28:00+05:30,18.78,18.81,18.78,18.79,
2020-12-11T15:29:00+05:30,18.78,18.82,18.75,18.82,
2020-12-14T09:15:00+05:30,18.79,18.89,15.33,18.85,
2020-12-14T09:16:00+05:30,18.85,19.22,18.84,19.16,
2020-12-14T09:17:00+05:30,19.16,19.41,19.16,19.35,
2020-12-14T09:18:00+05:30,19.34,19.38,19.34,19.36,
2020-12-14T09:19:00+05:30,19.35,19.42,19.35,19.38,
2020-12-14T09:20:00+05:30,19.38,19.39,19.29,19.29,
2020-12-14T09:21:00+05:30,19.29,19.29,19.25,19.25,
2020-12-14T09:22:00+05:30,19.25,19.3,19.24,19.29,
2020-12-14T09:23:00+05:30,19.29,19.31,19.27,19.3,
2020-12-14T09:24:00+05:30,19.3,19.35,19.29,19.35,
2020-12-14T09:25:00+05:30,19.34,19.38,19.33,19.35,
2020-12-14T09:26:00+05:30,19.35,19.35,19.3,19.34,
2020-12-14T09:27:00+05:30,19.34,19.39,19.33,19.39,
2020-12-14T09:28:00+05:30,19.39,19.4,19.32,19.32,
2020-12-14T09:29:00+05:30,19.32,19.36,19.31,19.34,
2020-12-14T09:30:00+05:30,19.34,19.34,19.31,19.32,
2020-12-14T09:31:00+05:30,19.32,19.35,19.31,19.34,
2020-12-14T09:32:00+05:30,19.34,19.37,19.32,19.37,
2020-12-14T09:33:00+05:30,19.37,19.41,19.36,19.38,
2020-12-14T09:34:00+05:30,19.38,19.44,19.38,19.43,
2020-12-14T09:35:00+05:30,19.43,19.44,19.4,19.43,
2020-12-14T09:36:00+05:30,19.43,19.44,19.37,19.38,
2020-12-14T09:37:00+05:30,19.38,19.41,19.36,19.41,
2020-12-14T09:38:00+05:30,19.41,19.43,19.4,19.41,
2020-12-14T09:39:00+05:30,19.41,19.41,19.4,19.4,
2020-12-14T09:40:00+05:30,19.4,19.4,19.35,19.36,
2020-12-14T09:41:00+05:30,19.35,19.47,19.35,19.46,
2020-12-14T09:42:00+05:30,19.46,19.46,19.38,19.4,
2020-12-14T09:43:00+05:30,19.39,19.4,19.36,19.36,
2020-12-14T09:44:00+05:30,19.36,19.41,19.36,19.41,
2020-12-14T09:45:00+05:30,19.41,19.43,19.4,19.41,
2020-12-14T09:46:00+05:30,19.41,19.43,19.39,19.43,
2020-12-14T09:47:00+05:30,19.43,19.47,19.42,19.44,
2020-12-14T09:48:00+05:30,19.44,19.44,19.39,19.43,
2020-12-14T09:49:00+05:30,19.43,19.47,19.43,19.46,
2020-12-14T09:50:00+05:30,19.47,19.47,19.43,19.44,
2020-12-14T09:51:00+05:30,19.47,19.48,19.39,19.41,
2020-12-14T09:52:00+05:30,19.42,19.49,19.42,19.47,
2020-12-14T09:53:00+05:30,19.47,19.47,19.39,19.4,
2020-12-14T09:54:00+05:30,19.4,19.45,19.38,19.44,
2020-12-14T09:55:00+05:30,19.44,19.5,19.42,19.49,
2020-12-14T09:56:00+05:30,19.49,19.49,19.45,19.45,
2020-12-14T09:57:00+05:30,19.45,19.45,19.43,19.43,
2020-12-14T09:58:00+05:30,19.43,19.47,19.43,19.45,
2020-12-14T09:59:00+05:30,19.45,19.5,19.42,19.49,
2020-12-14T10:00:00+05:30,19.49,19.49,19.44,19.46,
2020-12-14T10:01:00+05:30,19.46,19.48,19.43,19.46,
2020-12-14T10:02:00+05:30,19.45,19.48,19.41,19.48,
2020-12-14T10:03:00+05:30,19.46,19.48,19.43,19.44,
2020-12-14T10:04:00+05:30,19.44,19.52,19.43,19.52,
2020-12-14T10:05:00+05:30,19.51,19.54,19.5,19.51,
2020-12-14T10:06:00+05:30,19.52,19.54,19.5,19.53,
2020-12-14T10:07:00+05:30,19.53,19.53,19.46,19.47,
2020-12-14T10:08:00+05:30,19.46,19.48,19.45,19.45,
2020-12-14T10:09:00+05:30,19.45,19.48,19.44,19.44,
2020-12-14T10:10:00+05:30,19.44,19.52,19.42,19.48,
2020-12-14T10:11:00+05:30,19.48,19.54,19.47,19.5,
2020-12-14T10:12:00+05:30,19.5,19.57,19.49,19.55,
2020-12-14T10:13:00+05:30,19.55,19.55,19.49,19.51,
2020-12-14T10:14:00+05:30,19.5,19.52,19.47,19.48,
2020-12-14T10:15:00+05:30,19.46,19.5,19.43,19.43,
2020-12-14T10:16:00+05:30,19.44,19.58,19.42,19.58,
2020-12-14T10:17:00+05:30,19.58,19.6,19.55,19.56,
2020-12-14T10:18:00+05:30,19.56,19.61,19.55,19.61,
2020-12-14T10:19:00+05:30,19.61,19.61,19.56,19.58,
2020-12-14T10:20:00+05:30,19.58,19.63,19.56,19.59,
2020-12-14T10:21:00+05:30,19.58,19.58,19.53,19.54,
2020-12-14T10:22:00+05:30,19.54,19.56,19.51,19.52,
2020-12-14T10:23:00+05:30,19.52,19.57,19.51,19.57,
2020-12-14T10:24:00+05:30,19.57,19.58,19.55,19.55,
2020-12-14T10:25:00+05:30,19.55,19.58,19.53,19.58,
2020-12-14T10:26:00+05:30,19.58,19.59,19.55,19.56,
2020-12-14T10:27:00+05:30,19.55,19.57,19.52,19.55,
2020-12-14T10:28:00+05:30,19.55,19.57,19.53,19.56,
2020-12-14T10:29:00+05:30,19.56,19.56,19.49,19.49,
2020-12-14T10:30:00+05:30,19.5,19.53,19.49,19.53,
2020-12-14T10:31:00+05:30,19.53,19.58,19.48,19.57,
2020-12-14T10:32:00+05:30,19.57,19.58,19.53,19.54,
2020-12-14T10:33:00+05:30,19.55,19.58,19.53,19.53,
2020-12-14T10:34:00+05:30,19.53,19.53,19.5,19.51,
2020-12-14T10:35:00+05:30,19.51,19.54,19.5,19.52,
2020-12-14T10:36:00+05:30,19.53,19.56,19.53,19.56,
2020-12-14T10:37:00+05:30,19.57,19.59,19.53,19.55,
2020-12-14T10:38:00+05:30,19.56,19.59,19.54,19.56,
2020-12-14T10:39:00+05:30,19.56,19.58,19.54,19.56,
2020-12-14T10:40:00+05:30,19.56,19.61,19.54,19.59,
2020-12-14T10:41:00+05:30,19.59,19.6,19.56,19.57,
2020-12-14T10:42:00+05:30,19.57,19.58,19.51,19.51,
2020-12-14T10:43:00+05:30,19.51,19.53,19.51,19.51,
2020-12-14T10:44:00+05:30,19.51,19.53,19.49,19.49,
2020-12-14T10:45:00+05:30,19.49,19.54,19.48,19.5,
2020-12-14T10:46:00+05:30,19.5,19.52,19.49,19.5,
2020-12-14T10:47:00+05:30,19.51,19.52,19.48,19.49,
2020-12-14T10:48:00+05:30,19.49,19.53,19.45,19.5,
2020-12-14T10:49:00+05:30,19.5,19.5,19.45,19.47,
2020-12-14T10:50:00+05:30,19.48,19.49,19.46,19.48,
2020-12-14T10:51:00+05:30,19.48,19.5,19.47,19.49,
2020-12-14T10:52:00+05:30,19.48,19.54,19.48,19.53,
2020-12-14T10:53:00+05:30,19.53,19.53,19.5,19.51,
2020-12-14T10:54:00+05:30,19.51,19.54,19.5,19.53,
2020-12-14T10:55:00+05:30,19.53,19.54,19.5,19.5,
2020-12-14T10:56:00+05:30,19.5,19.52,19.47,19.5,
2020-12-14T10:57:00+05:30,19.5,19.51,19.48,19.48,
2020-12-14T10:58:00+05:30,19.48,19.51,19.48,19.49,
2020-12-14T10:59:00+05:30,19.49,19.51,19.46,19.48,
2020-12-14T11:00:00+05:30,19.48,19.5,19.45,19.46,
2020-12-14T11:01:00+05:30,19.46,19.5,19.45,19.47,
2020-12-14T11:02:00+05:30,19.48,19.48,19.45,19.46,
2020-12-14T11:03:00+05:30,19.45,19.5,19.45,19.48,
2020-12-14T11:04:00+05:30,19.46,19.55,19.46,19.51,
2020-12-14T11:05:00+05:30,19.51,19.55,19.5,19.51,
2020-12-14T11:06:00+05:30,19.51,19.53,19.5,19.53,
2020-12-14T11:07:00+05:30,19.52,19.54,19.5,19.5,
2020-12-14T11:08:00+05:30,19.5,19.54,19.5,19.53,
2020-12-14T11:09:00+05:30,19.54,19.54,19.35,19.37,
2020-12-14T11:10:00+05:30,19.37,19.39,19.36,19.38,
2020-12-14T11:11:00+05:30,19.37,19.4,19.37,19.39,
2020-12-14T11:12:00+05:30,19.39,19.4,19.33,19.39,
2020-12-14T11:13:00+05:30,19.4,19.4,19.36,19.36,
2020-12-14T11:14:00+05:30,19.36,19.57,19.36,19.37,
2020-12-14T11:15:00+05:30,19.37,19.37,19.34,19.35,
2020-12-14T11:16:00+05:30,19.35,19.39,19.35,19.36,
2020-12-14T11:17:00+05:30,19.36,19.37,19.34,19.35,
2020-12-14T11:18:00+05:30,19.35,19.39,19.31,19.36,
2020-12-14T11:19:00+05:30,19.36,19.4,19.35,19.4,
2020-12-14T11:20:00+05:30,19.4,19.41,19.37,19.39,
2020-12-14T11:21:00+05:30,19.39,19.42,19.38,19.39,
2020-12-14T11:22:00+05:30,19.39,19.44,19.38,19.44,
2020-12-14T11:23:00+05:30,19.44,19.44,19.38,19.38,
2020-12-14T11:24:00+05:30,19.38,19.42,19.38,19.38,
2020-12-14T11:25:00+05:30,19.38,19.4,19.35,19.37,
2020-12-14T11:26:00+05:30,19.37,19.42,19.37,19.38,
2020-12-14T11:27:00+05:30,19.38,19.38,19.35,19.37,
2020-12-14T11:28:00+05:30,19.38,19.53,19.37,19.53,
2020-12-14T11:29:00+05:30,19.52,19.58,19.52,19.57,
2020-12-14T11:30:00+05:30,19.57,19.58,19.54,19.55,
2020-12-14T11:31:00+05:30,19.56,19.64,19.56,19.58,
2020-12-14T11:32:00+05:30,19.58,19.6,19.53,19.57,
2020-12-14T11:33:00+05:30,19.57,19.58,19.49,19.49,
2020-12-14T11:34:00+05:30,19.49,19.52,19.49,19.5,
2020-12-14T11:35:00+05:30,19.5,19.51,19.46,19.5,
2020-12-14T11:36:00+05:30,19.5,19.54,19.5,19.54,
2020-12-14T11:37:00+05:30,19.54,19.55,19.49,19.52,
2020-12-14T11:38:00+05:30,19.52,19.58,19.52,19.57,
2020-12-14T11:39:00+05:30,19.57,19.57,19.53,19.53,
2020-12-14T11:40:00+05:30,19.53,19.57,19.53,19.55,
2020-12-14T11:41:00+05:30,19.55,19.58,19.51,19.53,
2020-12-14T11:42:00+05:30,19.53,19.55,19.51,19.51,
2020-12-14T11:43:00+05:30,19.51,19.53,19.49,19.49,
2020-12-14T11:44:00+05:30,19.49,19.52,19.48,19.49,
2020-12-14T11:45:00+05:30,19.5,19.52,19.48,19.48,
2020-12-14T11:46:00+05:30,19.48,19.51,19.48,19.49,
2020-12-14T11:47:00+05:30,19.49,19.56,19.49,19.56,
2020-12-14T11:48:00+05:30,19.56,19.61,19.55,19.58,
2020-12-14T11:49:00+05:30,19.58,19.61,19.56,19.6,
2020-12-14T11:50:00+05:30,19.59,19.61,19.58,19.6,
2020-12-14T11:51:00+05:30,19.6,19.61,19.59,19.6,
2020-12-14T11:52:00+05:30,19.6,19.6,19.56,19.59,
2020-12-14T11:53:00+05:30,19.59,19.6,19.57,19.6,
2020-12-14T11:54:00+05:30,19.6,19.6,19.56,19.59,
2020-12-14T11:55:00+05:30,19.61,19.63,19.54,19.54,
2020-12-14T11:56:00+05:30,19.54,19.57,19.5,19.57,
2020-12-14T11:57:00+05:30,19.57,19.57,19.54,19.55,
2020-12-14T11:58:00+05:30,19.55,19.56,19.53,19.54,
2020-12-14T11:59:00+05:30,19.55,19.57,19.52,19.56,
2020-12-14T12:00:00+05:30,19.56,19.57,19.55,19.56,
2020-12-14T12:01:00+05:30,19.56,19.6,19.56,19.56,
2020-12-14T12:02:00+05:30,19.56,19.56,19.53,19.55,
2020-12-14T12:03:00+05:30,19.55,19.57,19.52,19.53,
2020-12-14T12:04:00+05:30,19.53,19.56,19.49,19.5,
2020-12-14T12:05:00+05:30,19.5,19.53,19.49,19.51,
2020-12-14T12:06:00+05:30,19.51,19.54,19.48,19.49,
2020-12-14T12:07:00+05:30,19.48,19.53,19.46,19.51,
2020-12-14T12:08:00+05:30,19.51,19.54,19.49,19.5,
2020-12-14T12:09:00+05:30,19.5,19.56,19.5,19.51,
2020-12-14T12:10:00+05:30,19.52,19.54,19.5,19.51,
2020-12-14T12:11:00+05:30,19.5,19.56,19.38,19.38,
2020-12-14T12:12:00+05:30,19.39,19.51,19.37,19.51,
2020-12-14T12:13:00+05:30,19.51,19.51,19.45,19.48,
2020-12-14T12:14:00+05:30,19.48,19.49,19.46,19.46,
2020-12-14T12:15:00+05:30,19.46,19.46,19.41,19.45,
2020-12-14T12:16:00+05:30,19.45,19.48,19.43,19.48,
2020-12-14T12:17:00+05:30,19.47,19.48,19.45,19.48,
2020-12-14T12:18:00+05:30,19.47,19.5,19.45,19.48,
2020-12-14T12:19:00+05:30,19.49,19.49,19.45,19.49,
2020-12-14T12:20:00+05:30,19.48,19.49,19.46,19.48,
2020-12-14T12:21:00+05:30,19.48,19.51,19.48,19.49,
2020-12-14T12:22:00+05:30,19.5,19.52,19.49,19.52,
2020-12-14T12:23:00+05:30,19.52,19.53,19.51,19.52,
2020-12-14T12:24:00+05:30,19.52,19.55,19.51,19.54,
2020-12-14T12:25:00+05:30,19.53,19.54,19.5,19.51,
2020-12-14T12:26:00+05:30,19.51,19.52,19.5,19.51,
2020-12-14T12:27:00+05:30,19.52,19.53,19.49,19.49,
2020-12-14T12:28:00+05:30,19.49,19.54,19.48,19.54,
2020-12-14T12:29:00+05:30,19.54,19.54,19.49,19.5,
2020-12-14T12:30:00+05:30,19.5,19.52,19.45,19.45,
2020-12-14T12:31:00+05:30,19.46,19.5,19.45,19.47,
2020-12-14T12:32:00+05:30,19.47,19.48,19.44,19.48,
2020-12-14T12:33:00+05:30,19.48,19.49,19.43,19.44,
2020-12-14T12:34:00+05:30,19.44,19.47,19.43,19.45,
2020-12-14T12:35:00+05:30,19.45,19.46,19.43,19.44,
2020-12-14T12:36:00+05:30,19.44,19.49,19.44,19.48,
2020-12-14T12:37:00+05:30,19.48,19.53,19.47,19.48,
2020-12-14T12:38:00+05:30,19.48,19.52,19.46,19.47,
2020-12-14T12:39:00+05:30,19.48,19.5,19.48,19.49,
2020-12-14T12:40:00+05:30,19.49,19.52,19.49,19.49,
2020-12-14T12:41:00+05:30,19.49,19.49,19.46,19.48,
2020-12-14T12:42:00+05:30,19.47,19.49,19.45,19.46,
2020-12-14T12:43:00+05:30,19.47,19.49,19.46,19.47,
2020-12-14T12:44:00+05:30,19.47,19.49,19.42,19.49,
2020-12-14T12:45:00+05:30,19.48,19.48,19.44,19.45,
2020-12-14T12:46:00+05:30,19.45,19.49,19.44,19.47,
2020-12-14T12:47:00+05:30,19.47,19.5,19.45,19.45,
2020-12-14T12:48:00+05:30,19.45,19.45,19.43,19.45,
2020-12-14T12:49:00+05:30,19.45,19.47,19.43,19.44,
2020-12-14T12:50:00+05:30,19.44,19.48,19.43,19.44,
2020-12-14T12:51:00+05:30,19.44,19.44,19.41,19.42,
2020-12-14T12:52:00+05:30,19.42,19.52,19.42,19.51,
2020-12-14T12:53:00+05:30,19.51,19.52,19.44,19.44,
2020-12-14T12:54:00+05:30,19.45,19.48,19.45,19.46,
2020-12-14T12:55:00+05:30,19.45,19.55,19.39,19.55,
2020-12-14T12:56:00+05:30,19.54,19.6,19.54,19.57,
2020-12-14T12:57:00+05:30,19.57,19.58,19.53,19.58,
2020-12-14T12:58:00+05:30,19.57,19.6,19.57,19.58,
2020-12-14T12:59:00+05:30,19.58,19.59,19.55,19.57,
2020-12-14T13:00:00+05:30,19.56,19.59,19.54,19.59,
2020-12-14T13:01:00+05:30,19.59,19.59,19.49,19.52,
2020-12-14T13:02:00+05:30,19.51,19.55,19.51,19.54,
2020-12-14T13:03:00+05:30,19.54,19.55,19.52,19.53,
2020-12-14T13:04:00+05:30,19.53,19.56,19.51,19.56,
2020-12-14T13:05:00+05:30,19.56,19.57,19.49,19.5,
2020-12-14T13:06:00+05:30,19.49,19.52,19.43,19.43,
2020-12-14T13:07:00+05:30,19.44,19.45,19.42,19.42,
2020-12-14T13:08:00+05:30,19.42,19.44,19.36,19.36,
2020-12-14T13:09:00+05:30,19.36,19.41,19.36,19.38,
2020-12-14T13:10:00+05:30,19.38,19.46,19.38,19.45,
2020-12-14T13:11:00+05:30,19.45,19.45,19.4,19.43,
2020-12-14T13:12:00+05:30,19.43,19.46,19.41,19.46,
2020-12-14T13:13:00+05:30,19.45,19.45,19.37,19.42,
2020-12-14T13:14:00+05:30,19.41,19.42,19.32,19.33,
2020-12-14T13:15:00+05:30,19.34,19.47,19.33,19.46,
2020-12-14T13:16:00+05:30,19.46,19.48,19.43,19.44,
2020-12-14T13:17:00+05:30,19.44,19.46,19.41,19.45,
2020-12-14T13:18:00+05:30,19.46,19.47,19.43,19.44,
2020-12-14T13:19:00+05:30,19.44,19.45,19.39,19.41,
2020-12-14T13:20:00+05:30,19.41,19.42,19.38,19.41,
2020-12-14T13:21:00+05:30,19.41,19.44,19.39,19.43,
2020-12-14T13:22:00+05:30,19.44,19.44,19.38,19.41,
2020-12-14T13:23:00+05:30,19.4,19.42,19.39,19.41,
2020-12-14T13:24:00+05:30,19.41,19.46,19.4,19.44,
2020-12-14T13:25:00+05:30,19.44,19.44,19.37,19.4,
2020-12-14T13:26:00+05:30,19.4,19.42,19.37,19.42,
2020-12-14T13:27:00+05:30,19.42,19.42,19.37,19.41,
2020-12-14T13:28:00+05:30,19.41,19.43,19.4,19.41,
2020-12-14T13:29:00+05:30,19.41,19.43,19.4,19.4,
2020-12-14T13:30:00+05:30,19.39,19.41,19.37,19.39,
2020-12-14T13:31:00+05:30,19.39,19.46,19.39,19.43,
2020-12-14T13:32:00+05:30,19.43,19.51,19.43,19.49,
2020-12-14T13:33:00+05:30,19.48,19.54,19.47,19.51,
2020-12-14T13:34:00+05:30,19.51,19.51,19.47,19.47,
2020-12-14T13:35:00+05:30,19.47,19.5,19.43,19.43,
2020-12-14T13:36:00+05:30,19.43,19.5,19.43,19.45,
2020-12-14T13:37:00+05:30,19.45,19.51,19.44,19.46,
2020-12-14T13:38:00+05:30,19.46,19.46,19.43,19.45,
2020-12-14T13:39:00+05:30,19.45,19.5,19.45,19.5,
2020-12-14T13:40:00+05:30,19.5,19.5,19.46,19.47,
2020-12-14T13:41:00+05:30,19.47,19.53,19.43,19.43,
2020-12-14T13:42:00+05:30,19.43,19.45,19.42,19.43,
2020-12-14T13:43:00+05:30,19.43,19.43,19.4,19.41,
2020-12-14T13:44:00+05:30,19.41,19.43,19.38,19.38,
2020-12-14T13:45:00+05:30,19.38,19.44,19.38,19.43,
2020-12-14T13:46:00+05:30,19.43,19.43,19.39,19.4,
2020-12-14T13:47:00+05:30,19.42,19.42,19.38,19.4,
2020-12-14T13:48:00+05:30,19.4,19.44,19.38,19.43,
2020-12-14T13:49:00+05:30,19.43,19.47,19.4,19.43,
2020-12-14T13:50:00+05:30,19.43,19.46,19.4,19.46,
2020-12-14T13:51:00+05:30,19.46,19.46,19.42,19.43,
2020-12-14T13:52:00+05:30,19.42,19.45,19.41,19.43,
2020-12-14T13:53:00+05:30,19.43,19.47,19.43,19.44,
2020-12-14T13:54:00+05:30,19.44,19.45,19.42,19.44,
2020-12-14T13:55:00+05:30,19.44,19.47,19.43,19.44,
2020-12-14T13:56:00+05:30,19.45,19.51,19.44,19.49,
2020-12-14T13:57:00+05:30,19.49,19.5,19.46,19.49,
2020-12-14T13:58:00+05:30,19.5,19.5,19.44,19.45,
2020-12-14T13:59:00+05:30,19.45,19.46,19.42,19.46,
2020-12-14T14:00:00+05:30,19.46,19.47,19.43,19.44,
2020-12-14T14:01:00+05:30,19.44,19.49,19.43,19.47,
2020-12-14T14:02:00+05:30,19.48,19.49,19.41,19.42,
2020-12-14T14:03:00+05:30,19.42,19.44,19.41,19.43,
2020-12-14T14:04:00+05:30,19.43,19.45,19.42,19.44,
2020-12-14T14:05:00+05:30,19.45,19.46,19.44,19.44,
2020-12-14T14:06:00+05:30,19.43,19.48,19.43,19.46,
2020-12-14T14:07:00+05:30,19.46,19.46,19.42,19.44,
2020-12-14T14:08:00+05:30,19.44,19.47,19.44,19.45,
2020-12-14T14:09:00+05:30,19.45,19.46,19.43,19.44,
2020-12-14T14:10:00+05:30,19.44,19.48,19.43,19.48,
2020-12-14T14:11:00+05:30,19.48,19.48,19.41,19.42,
2020-12-14T14:12:00+05:30,19.42,19.46,19.41,19.44,
2020-12-14T14:13:00+05:30,19.44,19.46,19.41,19.41,
2020-12-14T14:14:00+05:30,19.42,19.48,19.42,19.44,
2020-12-14T14:15:00+05:30,19.45,19.47,19.43,19.44,
2020-12-14T14:16:00+05:30,19.44,19.5,19.44,19.48,
2020-12-14T14:17:00+05:30,19.49,19.49,19.45,19.48,
2020-12-14T14:18:00+05:30,19.48,19.5,19.46,19.47,
2020-12-14T14:19:00+05:30,19.46,19.48,19.43,19.47,
2020-12-14T14:20:00+05:30,19.47,19.48,19.43,19.44,
2020-12-14T14:21:00+05:30,19.44,19.47,19.42,19.46,
2020-12-14T14:22:00+05:30,19.46,19.49,19.46,19.47,
2020-12-14T14:23:00+05:30,19.47,19.5,19.45,19.46,
2020-12-14T14:24:00+05:30,19.48,19.5,19.45,19.5,
2020-12-14T14:25:00+05:30,19.5,19.5,19.47,19.49,
2020-12-14T14:26:00+05:30,19.49,19.5,19.48,19.5,
2020-12-14T14:27:00+05:30,19.5,19.51,19.47,19.47,
2020-12-14T14:28:00+05:30,19.47,19.49,19.45,19.45,
2020-12-14T14:29:00+05:30,19.46,19.46,19.44,19.45,
2020-12-14T14:30:00+05:30,19.44,19.46,19.41,19.43,
2020-12-14T14:31:00+05:30,19.43,19.45,19.42,19.43,
2020-12-14T14:32:00+05:30,19.43,19.43,19.39,19.43,
2020-12-14T14:33:00+05:30,19.43,19.44,19.42,19.42,
2020-12-14T14:34:00+05:30,19.42,19.49,19.42,19.45,
2020-12-14T14:35:00+05:30,19.45,19.47,19.44,19.47,
2020-12-14T14:36:00+05:30,19.47,19.49,19.47,19.49,
2020-12-14T14:37:00+05:30,19.5,19.5,19.45,19.46,
2020-12-14T14:38:00+05:30,19.46,19.47,19.43,19.43,
2020-12-14T14:39:00+05:30,19.43,19.46,19.43,19.46,
2020-12-14T14:40:00+05:30,19.46,19.46,19.41,19.42,
2020-12-14T14:41:00+05:30,19.43,19.46,19.42,19.42,
2020-12-14T14:42:00+05:30,19.42,19.44,19.42,19.42,
2020-12-14T14:43:00+05:30,19.42,19.43,19.41,19.43,
2020-12-14T14:44:00+05:30,19.43,19.44,19.41,19.44,
2020-12-14T14:45:00+05:30,19.43,19.46,19.42,19.46,
2020-12-14T14:46:00+05:30,19.46,19.46,19.42,19.44,
2020-12-14T14:47:00+05:30,19.44,19.46,19.43,19.45,
2020-12-14T14:48:00+05:30,19.45,19.45,19.42,19.42,
2020-12-14T14:49:00+05:30,19.42,19.44,19.41,19.44,
2020-12-14T14:50:00+05:30,19.44,19.46,19.43,19.45,
2020-12-14T14:51:00+05:30,19.45,19.47,19.43,19.47,
2020-12-14T14:52:00+05:30,19.47,19.49,19.46,19.47,
2020-12-14T14:53:00+05:30,19.47,19.49,19.46,19.48,
2020-12-14T14:54:00+05:30,19.47,19.48,19.45,19.47,
2020-12-14T14:55:00+05:30,19.46,19.49,19.45,19.49,
2020-12-14T14:56:00+05:30,19.49,19.51,19.46,19.47,
2020-12-14T14:57:00+05:30,19.47,19.5,19.44,19.44,
2020-12-14T14:58:00+05:30,19.44,19.45,19.41,19.43,
2020-12-14T14:59:00+05:30,19.43,19.45,19.41,19.45,
2020-12-14T15:00:00+05:30,19.45,19.45,19.4,19.41,
2020-12-14T15:01:00+05:30,19.41,19.45,19.41,19.45,
2020-12-14T15:02:00+05:30,19.45,19.46,19.41,19.44,
2020-12-14T15:03:00+05:30,19.44,19.44,19.4,19.44,
2020-12-14T15:04:00+05:30,19.44,19.44,19.35,19.38,
2020-12-14T15:05:00+05:30,19.39,19.4,19.36,19.4,
2020-12-14T15:06:00+05:30,19.4,19.42,19.38,19.41,
2020-12-14T15:07:00+05:30,19.41,19.43,19.38,19.41,
2020-12-14T15:08:00+05:30,19.41,19.43,19.36,19.36,
2020-12-14T15:09:00+05:30,19.37,19.42,19.37,19.41,
2020-12-14T15:10:00+05:30,19.41,19.44,19.4,19.4,
2020-12-14T15:11:00+05:30,19.4,19.41,19.36,19.4,
2020-12-14T15:12:00+05:30,19.4,19.41,19.39,19.41,
2020-12-14T15:13:00+05:30,19.4,19.41,19.36,19.38,
2020-12-14T15:14:00+05:30,19.38,19.4,19.36,19.39,
2020-12-14T15:15:00+05:30,19.39,19.41,19.37,19.39,
2020-12-14T15:16:00+05:30,19.39,19.42,19.39,19.39,
2020-12-14T15:17:00+05:30,19.42,19.42,19.4,19.4,
2020-12-14T15:18:00+05:30,19.4,19.41,19.37,19.41,
2020-12-14T15:19:00+05:30,19.4,19.41,19.38,19.4,
2020-12-14T15:20:00+05:30,19.38,19.39,19.37,19.38,
2020-12-14T15:21:00+05:30,19.38,19.41,19.36,19.39,
2020-12-14T15:22:00+05:30,19.39,19.43,19.39,19.4,
2020-12-14T15:23:00+05:30,19.4,19.42,19.38,19.39,
2020-12-14T15:24:00+05:30,19.39,19.41,19.39,19.41,
2020-12-14T15:25:00+05:30,19.4,19.44,19.39,19.4,
2020-12-14T15:26:00+05:30,19.4,19.4,19.38,19.39,
2020-12-14T15:27:00+05:30,19.39,19.43,19.39,19.42,
2020-12-14T15:28:00+05:30,19.42,19.45,19.41,19.42,
2020-12-14T15:29:00+05:30,19.42,19.46,19.4,19.44,
2020-12-15T09:15:00+05:30,19.4,19.49,15.69,19.47,
2020-12-15T09:16:00+05:30,19.46,19.5,19.43,19.43,
2020-12-15T09:17:00+05:30,19.43,19.51,19.38,19.48,
2020-12-15T09:18:00+05:30,19.48,19.48,19.4,19.42,
2020-12-15T09:19:00+05:30,19.42,19.47,19.42,19.46,
2020-12-15T09:20:00+05:30,19.47,19.5,19.45,19.49,
2020-12-15T09:21:00+05:30,19.49,19.49,19.47,19.49,
2020-12-15T09:22:00+05:30,19.48,19.5,19.48,19.48,
2020-12-15T09:23:00+05:30,19.48,19.48,19.43,19.44,
2020-12-15T09:24:00+05:30,19.44,19.45,19.41,19.41,
2020-12-15T09:25:00+05:30,19.42,19.45,19.41,19.43,
2020-12-15T09:26:00+05:30,19.43,19.48,19.42,19.48,
2020-12-15T09:27:00+05:30,19.48,19.48,19.45,19.45,
2020-12-15T09:28:00+05:30,19.45,19.46,19.44,19.45,
2020-12-15T09:29:00+05:30,19.45,19.46,19.42,19.44,
2020-12-15T09:30:00+05:30,19.44,19.46,19.43,19.46,
2020-12-15T09:31:00+05:30,19.46,19.5,19.46,19.5,
2020-12-15T09:32:00+05:30,19.5,19.51,19.47,19.5,
2020-12-15T09:33:00+05:30,19.5,19.52,19.49,19.49,
2020-12-15T09:34:00+05:30,19.49,19.57,19.49,19.56,
2020-12-15T09:35:00+05:30,19.56,19.59,19.55,19.57,
2020-12-15T09:36:00+05:30,19.58,19.6,19.55,19.58,
2020-12-15T09:37:00+05:30,19.58,19.64,19.57,19.6,
2020-12-15T09:38:00+05:30,19.59,19.63,19.59,19.63,
2020-12-15T09:39:00+05:30,19.63,19.64,19.57,19.61,
2020-12-15T09:40:00+05:30,19.61,19.61,19.57,19.59,
2020-12-15T09:41:00+05:30,19.59,19.61,19.57,19.6,
2020-12-15T09:42:00+05:30,19.6,19.6,19.56,19.57,
2020-12-15T09:43:00+05:30,19.57,19.58,19.51,19.51,
2020-12-15T09:44:00+05:30,19.51,19.54,19.5,19.51,
2020-12-15T09:45:00+05:30,19.52,19.55,19.5,19.53,
2020-12-15T09:46:00+05:30,19.53,19.54,19.46,19.46,
2020-12-15T09:47:00+05:30,19.46,19.5,19.46,19.5,
2020-12-15T09:48:00+05:30,19.5,19.53,19.5,19.52,
2020-12-15T09:49:00+05:30,19.52,19.57,19.51,19.53,
2020-12-15T09:50:00+05:30,19.53,19.61,19.53,19.6,
2020-12-15T09:51:00+05:30,19.6,19.61,19.59,19.59,
2020-12-15T09:52:00+05:30,19.59,19.72,19.59,19.7,
2020-12-15T09:53:00+05:30,19.7,19.72,19.68,19.71,
2020-12-15T09:54:00+05:30,19.72,19.74,19.7,19.7,
2020-12-15T09:55:00+05:30,19.7,19.73,19.69,19.72,
2020-12-15T09:56:00+05:30,19.72,19.72,19.7,19.71,
2020-12-15T09:57:00+05:30,19.71,19.71,19.65,19.69,
2020-12-15T09:58:00+05:30,19.7,19.7,19.65,19.67,
2020-12-15T09:59:00+05:30,19.68,19.7,19.67,19.68,
2020-12-15T10:00:00+05:30,19.66,19.68,19.65,19.65,
2020-12-15T10:01:00+05:30,19.65,19.7,19.65,19.69,
2020-12-15T10:02:00+05:30,19.69,19.69,19.63,19.66,
2020-12-15T10:03:00+05:30,19.66,19.68,19.65,19.67,
2020-12-15T10:04:00+05:30,19.67,19.71,19.67,19.69,
2020-12-15T10:05:00+05:30,19.69,19.72,19.67,19.68,
2020-12-15T10:06:00+05:30,19.69,19.72,19.69,19.71,
2020-12-15T10:07:00+05:30,19.71,19.79,19.71,19.76,
2020-12-15T10:08:00+05:30,19.76,19.77,19.73,19.74,
2020-12-15T10:09:00+05:30,19.74,19.78,19.72,19.77,
2020-12-15T10:10:00+05:30,19.77,19.79,19.74,19.74,
2020-12-15T10:11:00+05:30,19.74,19.74,19.71,19.74,
2020-12-15T10:12:00+05:30,19.74,19.75,19.72,19.74,
2020-12-15T10:13:00+05:30,19.74,19.76,19.72,19.72,
2020-12-15T10:14:00+05:30,19.72,19.77,19.72,19.77,
2020-12-15T10:15:00+05:30,19.77,19.82,19.76,19.76,
2020-12-15T10:16:00+05:30,19.76,19.77,19.69,19.71,
2020-12-15T10:17:00+05:30,19.71,19.73,19.7,19.7,
2020-12-15T10:18:00+05:30,19.7,19.72,19.69,19.71,
2020-12-15T10:19:00+05:30,19.71,19.72,19.68,19.71,
2020-12-15T10:20:00+05:30,19.71,19.73,19.69,19.72,
2020-12-15T10:21:00+05:30,19.72,19.73,19.69,19.71,
2020-12-15T10:22:00+05:30,19.71,19.78,19.71,19.77,
2020-12-15T10:23:00+05:30,19.77,19.78,19.74,19.74,
2020-12-15T10:24:00+05:30,19.74,19.77,19.73,19.74,
2020-12-15T10:25:00+05:30,19.73,19.76,19.73,19.74,
2020-12-15T10:26:00+05:30,19.73,19.75,19.71,19.74,
2020-12-15T10:27:00+05:30,19.75,19.75,19.7,19.7,
2020-12-15T10:28:00+05:30,19.7,19.73,19.7,19.72,
2020-12-15T10:29:00+05:30,19.72,19.73,19.72,19.73,
2020-12-15T10:30:00+05:30,19.73,19.73,19.7,19.72,
2020-12-15T10:31:00+05:30,19.73,19.74,19.71,19.74,
2020-12-15T10:32:00+05:30,19.74,19.74,19.71,19.71,
2020-12-15T10:33:00+05:30,19.71,19.73,19.71,19.72,
2020-12-15T10:34:00+05:30,19.72,19.73,19.7,19.73,
2020-12-15T10:35:00+05:30,19.73,19.75,19.71,19.75,
2020-12-15T10:36:00+05:30,19.75,19.75,19.72,19.72,
2020-12-15T10:37:00+05:30,19.72,19.77,19.7,19.76,
2020-12-15T10:38:00+05:30,19.76,19.79,19.75,19.79,
2020-12-15T10:39:00+05:30,19.78,19.78,19.74,19.77,
2020-12-15T10:40:00+05:30,19.77,19.78,19.76,19.76,
2020-12-15T10:41:00+05:30,19.76,19.79,19.74,19.78,
2020-12-15T10:42:00+05:30,19.78,19.8,19.76,19.78,
2020-12-15T10:43:00+05:30,19.78,19.79,19.75,19.75,
2020-12-15T10:44:00+05:30,19.75,19.78,19.75,19.78,
2020-12-15T10:45:00+05:30,19.78,19.78,19.76,19.77,
2020-12-15T10:46:00+05:30,19.76,19.78,19.76,19.76,
2020-12-15T10:47:00+05:30,19.77,19.8,19.77,19.79,
2020-12-15T10:48:00+05:30,19.79,19.81,19.77,19.77,
2020-12-15T10:49:00+05:30,19.78,19.81,19.77,19.81,
2020-12-15T10:50:00+05:30,19.81,19.82,19.77,19.79,
2020-12-15T10:51:00+05:30,19.79,19.81,19.78,19.78,
2020-12-15T10:52:00+05:30,19.78,19.81,19.77,19.78,
2020-12-15T10:53:00+05:30,19.78,19.82,19.78,19.81,
2020-12-15T10:54:00+05:30,19.81,19.83,19.79,19.79,
2020-12-15T10:55:00+05:30,19.79,19.83,19.79,19.81,
2020-12-15T10:56:00+05:30,19.81,19.81,19.77,19.77,
2020-12-15T10:57:00+05:30,19.77,19.79,19.73,19.76,
2020-12-15T10:58:00+05:30,19.77,19.78,19.73,19.73,
2020-12-15T10:59:00+05:30,19.73,19.77,19.73,19.76,
2020-12-15T11:00:00+05:30,19.76,19.77,19.72,19.73,
2020-12-15T11:01:00+05:30,19.73,19.74,19.67,19.67,
2020-12-15T11:02:00+05:30,19.68,19.69,19.65,19.65,
2020-12-15T11:03:00+05:30,19.65,19.65,19.6,19.64,
2020-12-15T11:04:00+05:30,19.64,19.66,19.63,19.65,
2020-12-15T11:05:00+05:30,19.65,19.68,19.65,19.66,
2020-12-15T11:06:00+05:30,19.66,19.68,19.65,19.65,
2020-12-15T11:07:00+05:30,19.65,19.67,19.64,19.67,
2020-12-15T11:08:00+05:30,19.67,19.68,19.65,19.66,
2020-12-15T11:09:00+05:30,19.66,19.69,19.66,19.68,
2020-12-15T11:10:00+05:30,19.68,19.75,19.68,19.74,
2020-12-15T11:11:00+05:30,19.74,19.74,19.71,19.74,
2020-12-15T11:12:00+05:30,19.74,19.74,19.69,19.69,
2020-12-15T11:13:00+05:30,19.69,19.71,19.68,19.68,
2020-12-15T11:14:00+05:30,19.68,19.72,19.68,19.71,
2020-12-15T11:15:00+05:30,19.71,19.72,19.69,19.71,
2020-12-15T11:16:00+05:30,19.71,19.71,19.66,19.68,
2020-12-15T11:17:00+05:30,19.66,19.68,19.65,19.66,
2020-12-15T11:18:00+05:30,19.66,19.71,19.66,19.71,
2020-12-15T11:19:00+05:30,19.71,19.73,19.66,19.67,
2020-12-15T11:20:00+05:30,19.67,19.7,19.66,19.67,
2020-12-15T11:21:00+05:30,19.67,19.69,19.66,19.67,
2020-12-15T11:22:00+05:30,19.67,19.68,19.65,19.66,
2020-12-15T11:23:00+05:30,19.66,19.66,19.62,19.64,
2020-12-15T11:24:00+05:30,19.64,19.66,19.61,19.62,
2020-12-15T11:25:00+05:30,19.62,19.63,19.58,19.61,
2020-12-15T11:26:00+05:30,19.6,19.61,19.57,19.57,
2020-12-15T11:27:00+05:30,19.57,19.58,19.48,19.48,
2020-12-15T11:28:00+05:30,19.48,19.54,19.48,19.54,
2020-12-15T11:29:00+05:30,19.54,19.55,19.52,19.54,
2020-12-15T11:30:00+05:30,19.54,19.56,19.51,19.56,
2020-12-15T11:31:00+05:30,19.57,19.58,19.54,19.58,
2020-12-15T11:32:00+05:30,19.58,19.62,19.58,19.61,
2020-12-15T11:33:00+05:30,19.61,19.62,19.59,19.6,
2020-12-15T11:34:00+05:30,19.6,19.61,19.59,19.59,
2020-12-15T11:35:00+05:30,19.59,19.63,19.56,19.56,
2020-12-15T11:36:00+05:30,19.56,19.59,19.56,19.59,
2020-12-15T11:37:00+05:30,19.59,19.6,19.58,19.59,
2020-12-15T11:38:00+05:30,19.59,19.59,19.57,19.58,
2020-12-15T11:39:00+05:30,19.58,19.58,19.55,19.55,
2020-12-15T11:40:00+05:30,19.55,19.57,19.55,19.56,
2020-12-15T11:41:00+05:30,19.56,19.56,19.51,19.53,
2020-12-15T11:42:00+05:30,19.52,19.55,19.52,19.53,
2020-12-15T11:43:00+05:30,19.53,19.57,19.53,19.56,
2020-12-15T11:44:00+05:30,19.56,19.57,19.54,19.54,
2020-12-15T11:45:00+05:30,19.54,19.58,19.51,19.51,
2020-12-15T11:46:00+05:30,19.52,19.53,19.49,19.5,
2020-12-15T11:47:00+05:30,19.51,19.6,19.47,19.6,
2020-12-15T11:48:00+05:30,19.6,19.6,19.54,19.55,
2020-12-15T11:49:00+05:30,19.56,19.58,19.55,19.57,
2020-12-15T11:50:00+05:30,19.57,19.59,19.56,19.57,
2020-12-15T11:51:00+05:30,19.57,19.6,19.54,19.54,
2020-12-15T11:52:00+05:30,19.54,19.58,19.54,19.56,
2020-12-15T11:53:00+05:30,19.56,19.59,19.56,19.58,
2020-12-15T11:54:00+05:30,19.58,19.58,19.56,19.58,
2020-12-15T11:55:00+05:30,19.58,19.59,19.57,19.57,
2020-12-15T11:56:00+05:30,19.57,19.58,19.55,19.57,
2020-12-15T11:57:00+05:30,19.57,19.57,19.55,19.56,
2020-12-15T11:58:00+05:30,19.56,19.59,19.56,19.56,
2020-12-15T11:59:00+05:30,19.55,19.6,19.55,19.58,
2020-12-15T12:00:00+05:30,19.57,19.6,19.57,19.6,
2020-12-15T12:01:00+05:30,19.59,19.6,19.55,19.55,
2020-12-15T12:02:00+05:30,19.58,19.58,19.54,19.54,
2020-12-15T12:03:00+05:30,19.54,19.57,19.54,19.56,
2020-12-15T12:04:00+05:30,19.56,19.56,19.54,19.55,
2020-12-15T12:05:00+05:30,19.55,19.55,19.51,19.53,
2020-12-15T12:06:00+05:30,19.52,19.56,19.52,19.55,
2020-12-15T12:07:00+05:30,19.55,19.58,19.51,19.51,
2020-12-15T12:08:00+05:30,19.52,19.55,19.5,19.52,
2020-12-15T12:09:00+05:30,19.51,19.56,19.51,19.54,
2020-12-15T12:10:00+05:30,19.54,19.54,19.49,19.52,
2020-12-15T12:11:00+05:30,19.52,19.55,19.52,19.53,
2020-12-15T12:12:00+05:30,19.55,19.56,19.52,19.55,
2020-12-15T12:13:00+05:30,19.54,19.55,19.53,19.55,
2020-12-15T12:14:00+05:30,19.52,19.56,19.52,19.54,
2020-12-15T12:15:00+05:30,19.54,19.56,19.54,19.56,
2020-12-15T12:16:00+05:30,19.55,19.56,19.49,19.49,
2020-12-15T12:17:00+05:30,19.49,19.54,19.49,19.54,
2020-12-15T12:18:00+05:30,19.54,19.55,19.53,19.54,
2020-12-15T12:19:00+05:30,19.54,19.55,19.54,19.55,
2020-12-15T12:20:00+05:30,19.55,19.58,19.54,19.55,
2020-12-15T12:21:00+05:30,19.54,19.57,19.54,19.56,
2020-12-15T12:22:00+05:30,19.56,19.56,19.55,19.56,
2020-12-15T12:23:00+05:30,19.56,19.57,19.54,19.55,
2020-12-15T12:24:00+05:30,19.55,19.56,19.54,19.55,
2020-12-15T12:25:00+05:30,19.55,19.57,19.52,19.53,
2020-12-15T12:26:00+05:30,19.53,19.57,19.52,19.54,
2020-12-15T12:27:00+05:30,19.54,19.57,19.53,19.57,
2020-12-15T12:28:00+05:30,19.57,19.57,19.53,19.54,
2020-12-15T12:29:00+05:30,19.55,19.56,19.52,19.53,
2020-12-15T12:30:00+05:30,19.53,19.56,19.53,19.55,
2020-12-15T12:31:00+05:30,19.55,19.56,19.53,19.56,
2020-12-15T12:32:00+05:30,19.56,19.56,19.53,19.56,
2020-12-15T12:33:00+05:30,19.56,19.58,19.54,19.58,
2020-12-15T12:34:00+05:30,19.58,19.59,19.56,19.58,
2020-12-15T12:35:00+05:30,19.58,19.6,19.53,19.56,
2020-12-15T12:36:00+05:30,19.56,19.56,19.55,19.56,
2020-12-15T12:37:00+05:30,19.56,19.56,19.53,19.55,
2020-12-15T12:38:00+05:30,19.55,19.55,19.54,19.55,
2020-12-15T12:39:00+05:30,19.54,19.56,19.53,19.56,
2020-12-15T12:40:00+05:30,19.56,19.59,19.55,19.56,
2020-12-15T12:41:00+05:30,19.56,19.6,19.56,19.57,
2020-12-15T12:42:00+05:30,19.57,19.6,19.57,19.59,
2020-12-15T12:43:00+05:30,19.59,19.6,19.57,19.57,
2020-12-15T12:44:00+05:30,19.57,19.59,19.56,19.56,
2020-12-15T12:45:00+05:30,19.56,19.58,19.56,19.58,
2020-12-15T12:46:00+05:30,19.58,19.6,19.57,19.6,
2020-12-15T12:47:00+05:30,19.6,19.61,19.57,19.58,
2020-12-15T12:48:00+05:30,19.57,19.58,19.53,19.54,
2020-12-15T12:49:00+05:30,19.54,19.56,19.51,19.54,
2020-12-15T12:50:00+05:30,19.54,19.57,19.52,19.53,
2020-12-15T12:51:00+05:30,19.53,19.56,19.47,19.47,
2020-12-15T12:52:00+05:30,19.47,19.52,19.45,19.47,
2020-12-15T12:53:00+05:30,19.46,19.48,19.45,19.48,
2020-12-15T12:54:00+05:30,19.48,19.49,19.45,19.49,
2020-12-15T12:55:00+05:30,19.49,19.52,19.47,19.47,
2020-12-15T12:56:00+05:30,19.47,19.49,19.46,19.46,
2020-12-15T12:57:00+05:30,19.46,19.5,19.46,19.49,
2020-12-15T12:58:00+05:30,19.49,19.51,19.48,19.5,
2020-12-15T12:59:00+05:30,19.5,19.5,19.47,19.47,
2020-12-15T13:00:00+05:30,19.48,19.5,19.45,19.47,
2020-12-15T13:01:00+05:30,19.47,19.49,19.44,19.49,
2020-12-15T13:02:00+05:30,19.49,19.51,19.46,19.48,
2020-12-15T13:03:00+05:30,19.48,19.51,19.47,19.51,
2020-12-15T13:04:00+05:30,19.51,19.51,19.44,19.49,
2020-12-15T13:05:00+05:30,19.49,19.51,19.47,19.5,
2020-12-15T13:06:00+05:30,19.5,19.52,19.49,19.51,
2020-12-15T13:07:00+05:30,19.51,19.51,19.39,19.45,
2020-12-15T13:08:00+05:30,19.46,19.51,19.45,19.5,
2020-12-15T13:09:00+05:30,19.5,19.51,19.48,19.51,
2020-12-15T13:10:00+05:30,19.5,19.5,19.45,19.47,
2020-12-15T13:11:00+05:30,19.47,19.52,19.47,19.5,
2020-12-15T13:12:00+05:30,19.5,19.54,19.5,19.51,
2020-12-15T13:13:00+05:30,19.51,19.52,19.5,19.5,
2020-12-15T13:14:00+05:30,19.5,19.54,19.5,19.53,
2020-12-15T13:15:00+05:30,19.54,19.56,19.51,19.52,
2020-12-15T13:16:00+05:30,19.52,19.55,19.51,19.52,
2020-12-15T13:17:00+05:30,19.52,19.54,19.47,19.52,
2020-12-15T13:18:00+05:30,19.52,19.55,19.51,19.51,
2020-12-15T13:19:00+05:30,19.51,19.52,19.49,19.51,
2020-12-15T13:20:00+05:30,19.51,19.53,19.48,19.52,
2020-12-15T13:21:00+05:30,19.52,19.56,19.52,19.53,
2020-12-15T13:22:00+05:30,19.53,19.55,19.52,19.54,
2020-12-15T13:23:00+05:30,19.55,19.56,19.53,19.56,
2020-12-15T13:24:00+05:30,19.56,19.56,19.49,19.5,
2020-12-15T13:25:00+05:30,19.5,19.5,19.48,19.49,
2020-12-15T13:26:00+05:30,19.49,19.52,19.49,19.5,
2020-12-15T13:27:00+05:30,19.5,19.55,19.5,19.54,
2020-12-15T13:28:00+05:30,19.54,19.55,19.53,19.53,
2020-12-15T13:29:00+05:30,19.53,19.54,19.52,19.53,
2020-12-15T13:30:00+05:30,19.53,19.56,19.53,19.55,
2020-12-15T13:31:00+05:30,19.55,19.57,19.54,19.55,
2020-12-15T13:32:00+05:30,19.55,19.55,19.47,19.5,
2020-12-15T13:33:00+05:30,19.5,19.5,19.48,19.48,
2020-12-15T13:34:00+05:30,19.49,19.5,19.49,19.5,
2020-12-15T13:35:00+05:30,19.5,19.51,19.5,19.51,
2020-12-15T13:36:00+05:30,19.51,19.52,19.51,19.51,
2020-12-15T13:37:00+05:30,19.51,19.52,19.5,19.5,
2020-12-15T13:38:00+05:30,19.51,19.51,19.49,19.49,
2020-12-15T13:39:00+05:30,19.49,19.5,19.47,19.47,
2020-12-15T13:40:00+05:30,19.47,19.49,19.46,19.47,
2020-12-15T13:41:00+05:30,19.47,19.49,19.47,19.49,
2020-12-15T13:42:00+05:30,19.49,19.5,19.48,19.49,
2020-12-15T13:43:00+05:30,19.48,19.5,19.48,19.49,
2020-12-15T13:44:00+05:30,19.49,19.53,19.49,19.53,
2020-12-15T13:45:00+05:30,19.53,19.54,19.52,19.53,
2020-12-15T13:46:00+05:30,19.53,19.54,19.51,19.52,
2020-12-15T13:47:00+05:30,19.53,19.53,19.51,19.53,
2020-12-15T13:48:00+05:30,19.52,19.54,19.51,19.53,
2020-12-15T13:49:00+05:30,19.53,19.54,19.52,19.53,
2020-12-15T13:50:00+05:30,19.54,19.54,19.5,19.53,
2020-12-15T13:51:00+05:30,19.53,19.54,19.52,19.54,
2020-12-15T13:52:00+05:30,19.54,19.55,19.53,19.54,
2020-12-15T13:53:00+05:30,19.54,19.55,19.53,19.54,
2020-12-15T13:54:00+05:30,19.54,19.54,19.47,19.52,
2020-12-15T13:55:00+05:30,19.52,19.52,19.43,19.46,
2020-12-15T13:56:00+05:30,19.46,19.5,19.46,19.49,
2020-12-15T13:57:00+05:30,19.49,19.53,19.49,19.52,
2020-12-15T13:58:00+05:30,19.52,19.56,19.51,19.56,
2020-12-15T13:59:00+05:30,19.56,19.57,19.52,19.52,
2020-12-15T14:00:00+05:30,19.53,19.54,19.4,19.41,
2020-12-15T14:01:00+05:30,19.4,19.5,19.4,19.49,
2020-12-15T14:02:00+05:30,19.49,19.52,19.48,19.51,
2020-12-15T14:03:00+05:30,19.51,19.52,19.5,19.51,
2020-12-15T14:04:00+05:30,19.51,19.54,19.5,19.51,
2020-12-15T14:05:00+05:30,19.5,19.52,19.49,19.5,
2020-12-15T14:06:00+05:30,19.5,19.51,19.48,19.5,
2020-12-15T14:07:00+05:30,19.5,19.51,19.48,19.48,
2020-12-15T14:08:00+05:30,19.48,19.49,19.46,19.47,
2020-12-15T14:09:00+05:30,19.47,19.5,19.47,19.49,
2020-12-15T14:10:00+05:30,19.49,19.49,19.45,19.47,
2020-12-15T14:11:00+05:30,19.47,19.48,19.43,19.47,
2020-12-15T14:12:00+05:30,19.47,19.47,19.42,19.43,
2020-12-15T14:13:00+05:30,19.43,19.43,19.41,19.43,
2020-12-15T14:14:00+05:30,19.42,19.42,19.4,19.42,
2020-12-15T14:15:00+05:30,19.42,19.43,19.41,19.42,
2020-12-15T14:16:00+05:30,19.42,19.44,19.42,19.43,
2020-12-15T14:17:00+05:30,19.42,19.43,19.41,19.41,
2020-12-15T14:18:00+05:30,19.41,19.42,19.39,19.4,
2020-12-15T14:19:00+05:30,19.41,19.43,19.4,19.42,
2020-12-15T14:20:00+05:30,19.42,19.48,19.41,19.41,
2020-12-15T14:21:00+05:30,19.41,19.42,19.36,19.36,
2020-12-15T14:22:00+05:30,19.36,19.41,19.35,19.38,
2020-12-15T14:23:00+05:30,19.38,19.39,19.36,19.37,
2020-12-15T14:24:00+05:30,19.38,19.4,19.38,19.4,
2020-12-15T14:25:00+05:30,19.4,19.43,19.39,19.4,
2020-12-15T14:26:00+05:30,19.4,19.44,19.38,19.44,
2020-12-15T14:27:00+05:30,19.44,19.46,19.42,19.43,
2020-12-15T14:28:00+05:30,19.43,19.46,19.43,19.45,
2020-12-15T14:29:00+05:30,19.44,19.47,19.44,19.45,
2020-12-15T14:30:00+05:30,19.45,19.46,19.4,19.4,
2020-12-15T14:31:00+05:30,19.4,19.43,19.4,19.42,
2020-12-15T14:32:00+05:30,19.43,19.43,19.38,19.38,
2020-12-15T14:33:00+05:30,19.38,19.43,19.37,19.39,
2020-12-15T14:34:00+05:30,19.39,19.43,19.39,19.4,
2020-12-15T14:35:00+05:30,19.4,19.42,19.36,19.38,
2020-12-15T14:36:00+05:30,19.37,19.4,19.37,19.39,
2020-12-15T14:37:00+05:30,19.39,19.4,19.37,19.38,
2020-12-15T14:38:00+05:30,19.38,19.39,19.36,19.38,
2020-12-15T14:39:00+05:30,19.38,19.39,19.37,19.39,
2020-12-15T14:40:00+05:30,19.39,19.4,19.38,19.39,
2020-12-15T14:41:00+05:30,19.39,19.41,19.38,19.38,
2020-12-15T14:42:00+05:30,19.38,19.42,19.38,19.4,
2020-12-15T14:43:00+05:30,19.4,19.43,19.4,19.43,
2020-12-15T14:44:00+05:30,19.43,19.44,19.41,19.42,
2020-12-15T14:45:00+05:30,19.42,19.42,19.39,19.42,
2020-12-15T14:46:00+05:30,19.42,19.42,19.38,19.39,
2020-12-15T14:47:00+05:30,19.39,19.43,19.39,19.42,
2020-12-15T14:48:00+05:30,19.41,19.43,19.39,19.42,
2020-12-15T14:49:00+05:30,19.42,19.44,19.41,19.41,
2020-12-15T14:50:00+05:30,19.41,19.44,19.4,19.43,
2020-12-15T14:51:00+05:30,19.43,19.45,19.41,19.44,
2020-12-15T14:52:00+05:30,19.45,19.45,19.4,19.43,
2020-12-15T14:53:00+05:30,19.43,19.43,19.4,19.4,
2020-12-15T14:54:00+05:30,19.4,19.43,19.4,19.42,
2020-12-15T14:55:00+05:30,19.42,19.44,19.4,19.43,
2020-12-15T14:56:00+05:30,19.44,19.44,19.4,19.4,
2020-12-15T14:57:00+05:30,19.4,19.43,19.4,19.41,
2020-12-15T14:58:00+05:30,19.41,19.43,19.39,19.4,
2020-12-15T14:59:00+05:30,19.4,19.43,19.38,19.4,
2020-12-15T15:00:00+05:30,19.4,19.4,19.37,19.38,
2020-12-15T15:01:00+05:30,19.38,19.4,19.36,19.39,
2020-12-15T15:02:00+05:30,19.39,19.39,19.34,19.36,
2020-12-15T15:03:00+05:30,19.36,19.4,19.36,19.36,
2020-12-15T15:04:00+05:30,19.36,19.37,19.35,19.36,
2020-12-15T15:05:00+05:30,19.36,19.38,19.36,19.36,
2020-12-15T15:06:00+05:30,19.36,19.37,19.35,19.35,
2020-12-15T15:07:00+05:30,19.35,19.38,19.34,19.35,
2020-12-15T15:08:00+05:30,19.35,19.39,19.35,19.38,
2020-12-15T15:09:00+05:30,19.38,19.38,19.35,19.36,
2020-12-15T15:10:00+05:30,19.36,19.36,19.35,19.36,
2020-12-15T15:11:00+05:30,19.36,19.36,19.34,19.34,
2020-12-15T15:12:00+05:30,19.34,19.34,19.33,19.34,
2020-12-15T15:13:00+05:30,19.33,19.36,19.33,19.35,
2020-12-15T15:14:00+05:30,19.36,19.37,19.35,19.37,
2020-12-15T15:15:00+05:30,19.37,19.38,19.36,19.38,
2020-12-15T15:16:00+05:30,19.38,19.39,19.36,19.38,
2020-12-15T15:17:00+05:30,19.38,19.39,19.38,19.39,
2020-12-15T15:18:00+05:30,19.38,19.39,19.38,19.38,
2020-12-15T15:19:00+05:30,19.38,19.38,19.36,19.36,
2020-12-15T15:20:00+05:30,19.36,19.36,19.35,19.35,
2020-12-15T15:21:00+05:30,19.35,19.35,19.32,19.32,
2020-12-15T15:22:00+05:30,19.32,19.33,19.29,19.3,
2020-12-15T15:23:00+05:30,19.3,19.3,19.28,19.3,
2020-12-15T15:24:00+05:30,19.3,19.32,19.3,19.31,
2020-12-15T15:25:00+05:30,19.31,19.32,19.29,19.29,
2020-12-15T15:26:00+05:30,19.29,19.31,19.29,19.3,
2020-12-15T15:27:00+05:30,19.29,19.31,19.28,19.29,
2020-12-15T15:28:00+05:30,19.29,19.31,19.28,19.28,
2020-12-15T15:29:00+05:30,19.28,19.31,19.28,19.29,
2020-12-16T09:15:00+05:30,19.35,19.37,18.61,18.76,
2020-12-16T09:16:00+05:30,18.76,18.84,18.72,18.82,
2020-12-16T09:17:00+05:30,18.82,19.08,18.81,19.07,
2020-12-16T09:18:00+05:30,19.06,19.07,19.01,19.02,
2020-12-16T09:19:00+05:30,19.02,19.1,19.01,19.09,
2020-12-16T09:20:00+05:30,19.08,19.09,19.03,19.06,
2020-12-16T09:21:00+05:30,19.06,19.06,19,19.05,
2020-12-16T09:22:00+05:30,19.04,19.06,19.02,19.04,
2020-12-16T09:23:00+05:30,19.03,19.1,19.03,19.06,
2020-12-16T09:24:00+05:30,19.05,19.09,19.02,19.03,
2020-12-16T09:25:00+05:30,19.04,19.11,19.02,19.1,
2020-12-16T09:26:00+05:30,19.09,19.1,19.04,19.08,
2020-12-16T09:27:00+05:30,19.07,19.07,19.03,19.04,
2020-12-16T09:28:00+05:30,19.04,19.15,19.03,19.1,
2020-12-16T09:29:00+05:30,19.1,19.1,19.06,19.08,
2020-12-16T09:30:00+05:30,19.07,19.12,19.06,19.07,
2020-12-16T09:31:00+05:30,19.07,19.09,19.05,19.06,
2020-12-16T09:32:00+05:30,19.06,19.25,19.03,19.23,
2020-12-16T09:33:00+05:30,19.23,19.25,19.23,19.24,
2020-12-16T09:34:00+05:30,19.24,19.24,19.2,19.2,
2020-12-16T09:35:00+05:30,19.2,19.23,19.19,19.22,
2020-12-16T09:36:00+05:30,19.22,19.26,19.22,19.22,
2020-12-16T09:37:00+05:30,19.22,19.25,19.21,19.21,
2020-12-16T09:38:00+05:30,19.21,19.25,19.21,19.23,
2020-12-16T09:39:00+05:30,19.23,19.24,19.21,19.23,
2020-12-16T09:40:00+05:30,19.23,19.26,19.2,19.24,
2020-12-16T09:41:00+05:30,19.24,19.24,19.21,19.21,
2020-12-16T09:42:00+05:30,19.21,19.24,19.2,19.22,
2020-12-16T09:43:00+05:30,19.22,19.22,19.19,19.21,
2020-12-16T09:44:00+05:30,19.21,19.24,19.2,19.23,
2020-12-16T09:45:00+05:30,19.23,19.24,19.18,19.2,
2020-12-16T09:46:00+05:30,19.2,19.21,19.19,19.21,
2020-12-16T09:47:00+05:30,19.2,19.22,19.18,19.22,
2020-12-16T09:48:00+05:30,19.22,19.24,19.2,19.23,
2020-12-16T09:49:00+05:30,19.23,19.25,19.22,19.23,
2020-12-16T09:50:00+05:30,19.23,19.25,19.22,19.24,
2020-12-16T09:51:00+05:30,19.25,19.26,19.23,19.24,
2020-12-16T09:52:00+05:30,19.24,19.25,19.21,19.23,
2020-12-16T09:53:00+05:30,19.23,19.27,19.23,19.25,
2020-12-16T09:54:00+05:30,19.25,19.29,19.24,19.28,
2020-12-16T09:55:00+05:30,19.27,19.32,19.26,19.32,
2020-12-16T09:56:00+05:30,19.32,19.32,19.29,19.29,
2020-12-16T09:57:00+05:30,19.29,19.38,19.27,19.38,
2020-12-16T09:58:00+05:30,19.38,19.38,19.32,19.34,
2020-12-16T09:59:00+05:30,19.34,19.35,19.32,19.33,
2020-12-16T10:00:00+05:30,19.33,19.35,19.32,19.33,
2020-12-16T10:01:00+05:30,19.33,19.33,19.3,19.32,
2020-12-16T10:02:00+05:30,19.32,19.33,19.3,19.31,
2020-12-16T10:03:00+05:30,19.31,19.32,19.29,19.29,
2020-12-16T10:04:00+05:30,19.31,19.32,19.28,19.28,
2020-12-16T10:05:00+05:30,19.28,19.3,19.26,19.3,
2020-12-16T10:06:00+05:30,19.3,19.3,19.24,19.24,
2020-12-16T10:07:00+05:30,19.24,19.26,19.22,19.25,
2020-12-16T10:08:00+05:30,19.25,19.27,19.19,19.26,
2020-12-16T10:09:00+05:30,19.28,19.28,19.22,19.22,
2020-12-16T10:10:00+05:30,19.22,19.26,19.21,19.25,
2020-12-16T10:11:00+05:30,19.25,19.25,19.21,19.22,
2020-12-16T10:12:00+05:30,19.21,19.27,19.21,19.26,
2020-12-16T10:13:00+05:30,19.26,19.29,19.26,19.26,
2020-12-16T10:14:00+05:30,19.25,19.29,19.25,19.26,
2020-12-16T10:15:00+05:30,19.26,19.3,19.25,19.25,
2020-12-16T10:16:00+05:30,19.25,19.3,19.24,19.28,
2020-12-16T10:17:00+05:30,19.29,19.3,19.26,19.26,
2020-12-16T10:18:00+05:30,19.25,19.29,19.16,19.16,
2020-12-16T10:19:00+05:30,19.19,19.21,19.17,19.17,
2020-12-16T10:20:00+05:30,19.17,19.19,19.16,19.18,
2020-12-16T10:21:00+05:30,19.18,19.2,19.16,19.18,
2020-12-16T10:22:00+05:30,19.18,19.22,19.16,19.22,
2020-12-16T10:23:00+05:30,19.22,19.23,19.13,19.14,
2020-12-16T10:24:00+05:30,19.14,19.19,19.14,19.18,
2020-12-16T10:25:00+05:30,19.18,19.2,19.16,19.17,
2020-12-16T10:26:00+05:30,19.17,19.18,19.13,19.17,
2020-12-16T10:27:00+05:30,19.17,19.17,19.15,19.17,
2020-12-16T10:28:00+05:30,19.17,19.19,19.16,19.16,
2020-12-16T10:29:00+05:30,19.16,19.22,19.16,19.22,
2020-12-16T10:30:00+05:30,19.22,19.23,19.16,19.23,
2020-12-16T10:31:00+05:30,19.23,19.26,19.16,19.24,
2020-12-16T10:32:00+05:30,19.24,19.24,19.17,19.17,
2020-12-16T10:33:00+05:30,19.17,19.22,19.17,19.22,
2020-12-16T10:34:00+05:30,19.22,19.23,19.19,19.2,
2020-12-16T10:35:00+05:30,19.2,19.24,19.2,19.22,
2020-12-16T10:36:00+05:30,19.23,19.24,19.2,19.21,
2020-12-16T10:37:00+05:30,19.21,19.21,19.19,19.19,
2020-12-16T10:38:00+05:30,19.19,19.21,19.13,19.16,
2020-12-16T10:39:00+05:30,19.16,19.18,19.16,19.17,
2020-12-16T10:40:00+05:30,19.19,19.2,19.17,19.18,
2020-12-16T10:41:00+05:30,19.18,19.27,19.14,19.26,
2020-12-16T10:42:00+05:30,19.25,19.3,19.23,19.24,
2020-12-16T10:43:00+05:30,19.23,19.27,19.17,19.17,
2020-12-16T10:44:00+05:30,19.17,19.18,19.16,19.16,
2020-12-16T10:45:00+05:30,19.16,19.18,19.14,19.14,
2020-12-16T10:46:00+05:30,19.14,19.17,19.14,19.17,
2020-12-16T10:47:00+05:30,19.17,19.19,19.15,19.19,
2020-12-16T10:48:00+05:30,19.19,19.23,19.15,19.21,
2020-12-16T10:49:00+05:30,19.21,19.23,19.16,19.2,
2020-12-16T10:50:00+05:30,19.2,19.21,19.17,19.2,
2020-12-16T10:51:00+05:30,19.19,19.23,19.19,19.2,
2020-12-16T10:52:00+05:30,19.2,19.21,19.16,19.19,
2020-12-16T10:53:00+05:30,19.19,19.2,19.17,19.19,
2020-12-16T10:54:00+05:30,19.19,19.2,19.15,19.16,
2020-12-16T10:55:00+05:30,19.16,19.18,19.15,19.15,
2020-12-16T10:56:00+05:30,19.15,19.17,19.14,19.16,
2020-12-16T10:57:00+05:30,19.16,19.18,19.12,19.13,
2020-12-16T10:58:00+05:30,19.12,19.14,19.1,19.11,
2020-12-16T10:59:00+05:30,19.11,19.12,19.07,19.1,
2020-12-16T11:00:00+05:30,19.1,19.18,19.1,19.15,
2020-12-16T11:01:00+05:30,19.15,19.21,19.11,19.2,
2020-12-16T11:02:00+05:30,19.23,19.3,19.23,19.27,
2020-12-16T11:03:00+05:30,19.27,19.29,19.25,19.25,
2020-12-16T11:04:00+05:30,19.25,19.25,19.21,19.23,
2020-12-16T11:05:00+05:30,19.23,19.27,19.23,19.25,
2020-12-16T11:06:00+05:30,19.25,19.25,19.23,19.24,
2020-12-16T11:07:00+05:30,19.24,19.24,19.21,19.21,
2020-12-16T11:08:00+05:30,19.21,19.23,19.2,19.23,
2020-12-16T11:09:00+05:30,19.23,19.23,19.16,19.17,
2020-12-16T11:10:00+05:30,19.17,19.22,19.17,19.22,
2020-12-16T11:11:00+05:30,19.22,19.23,19.21,19.22,
2020-12-16T11:12:00+05:30,19.22,19.23,19.19,19.23,
2020-12-16T11:13:00+05:30,19.23,19.23,19.2,19.22,
2020-12-16T11:14:00+05:30,19.22,19.23,19.18,19.2,
2020-12-16T11:15:00+05:30,19.2,19.24,19.19,19.24,
2020-12-16T11:16:00+05:30,19.23,19.25,19.23,19.25,
2020-12-16T11:17:00+05:30,19.25,19.25,19.19,19.23,
2020-12-16T11:18:00+05:30,19.23,19.24,19.17,19.2,
2020-12-16T11:19:00+05:30,19.2,19.24,19.18,19.19,
2020-12-16T11:20:00+05:30,19.2,19.21,19.2,19.2,
2020-12-16T11:21:00+05:30,19.2,19.23,19.2,19.22,
2020-12-16T11:22:00+05:30,19.22,19.23,19.21,19.23,
2020-12-16T11:23:00+05:30,19.22,19.27,19.22,19.27,
2020-12-16T11:24:00+05:30,19.27,19.27,19.23,19.23,
2020-12-16T11:25:00+05:30,19.22,19.26,19.22,19.25,
2020-12-16T11:26:00+05:30,19.25,19.25,19.21,19.23,
2020-12-16T11:27:00+05:30,19.23,19.26,19.23,19.24,
2020-12-16T11:28:00+05:30,19.24,19.28,19.24,19.28,
2020-12-16T11:29:00+05:30,19.27,19.28,19.25,19.25,
2020-12-16T11:30:00+05:30,19.25,19.26,19.22,19.26,
2020-12-16T11:31:00+05:30,19.26,19.28,19.26,19.27,
2020-12-16T11:32:00+05:30,19.26,19.27,19.23,19.24,
2020-12-16T11:33:00+05:30,19.24,19.25,19.21,19.23,
2020-12-16T11:34:00+05:30,19.22,19.25,19.22,19.24,
2020-12-16T11:35:00+05:30,19.24,19.3,19.24,19.28,
2020-12-16T11:36:00+05:30,19.28,19.28,19.24,19.27,
2020-12-16T11:37:00+05:30,19.27,19.29,19.22,19.24,
2020-12-16T11:38:00+05:30,19.24,19.26,19.23,19.25,
2020-12-16T11:39:00+05:30,19.25,19.26,19.22,19.23,
2020-12-16T11:40:00+05:30,19.23,19.25,19.22,19.22,
2020-12-16T11:41:00+05:30,19.22,19.22,19.18,19.21,
2020-12-16T11:42:00+05:30,19.21,19.24,19.19,19.2,
2020-12-16T11:43:00+05:30,19.2,19.25,19.19,19.25,
2020-12-16T11:44:00+05:30,19.25,19.25,19.19,19.21,
2020-12-16T11:45:00+05:30,19.21,19.21,19.18,19.2,
2020-12-16T11:46:00+05:30,19.2,19.21,19.19,19.2,
2020-12-16T11:47:00+05:30,19.2,19.22,19.16,19.2,
2020-12-16T11:48:00+05:30,19.2,19.26,19.19,19.25,
2020-12-16T11:49:00+05:30,19.25,19.26,19.22,19.23,
2020-12-16T11:50:00+05:30,19.23,19.23,19.2,19.21,
2020-12-16T11:51:00+05:30,19.21,19.22,19.2,19.2,
2020-12-16T11:52:00+05:30,19.2,19.31,19.19,19.3,
2020-12-16T11:53:00+05:30,19.29,19.29,19.19,19.2,
2020-12-16T11:54:00+05:30,19.21,19.22,19.19,19.19,
2020-12-16T11:55:00+05:30,19.19,19.21,19.19,19.21,
2020-12-16T11:56:00+05:30,19.2,19.21,19.19,19.21,
2020-12-16T11:57:00+05:30,19.22,19.22,19.2,19.2,
2020-12-16T11:58:00+05:30,19.2,19.22,19.19,19.22,
2020-12-16T11:59:00+05:30,19.22,19.24,19.19,19.23,
2020-12-16T12:00:00+05:30,19.23,19.28,19.22,19.22,
2020-12-16T12:01:00+05:30,19.22,19.23,19.2,19.21,
2020-12-16T12:02:00+05:30,19.21,19.21,19.18,19.21,
2020-12-16T12:03:00+05:30,19.21,19.21,19.12,19.16,
2020-12-16T12:04:00+05:30,19.16,19.21,19.16,19.19,
2020-12-16T12:05:00+05:30,19.19,19.22,19.17,19.21,
2020-12-16T12:06:00+05:30,19.21,19.22,19.18,19.22,
2020-12-16T12:07:00+05:30,19.21,19.24,19.18,19.2,
2020-12-16T12:08:00+05:30,19.2,19.22,19.19,19.19,
2020-12-16T12:09:00+05:30,19.19,19.22,19.15,19.19,
2020-12-16T12:10:00+05:30,19.2,19.2,19.17,19.18,
2020-12-16T12:11:00+05:30,19.18,19.23,19.18,19.19,
2020-12-16T12:12:00+05:30,19.19,19.19,19.15,19.15,
2020-12-16T12:13:00+05:30,19.15,19.21,19.14,19.21,
2020-12-16T12:14:00+05:30,19.21,19.21,19.16,19.19,
2020-12-16T12:15:00+05:30,19.19,19.19,19.16,19.17,
2020-12-16T12:16:00+05:30,19.17,19.22,19.17,19.18,
2020-12-16T12:17:00+05:30,19.18,19.18,19.15,19.15,
2020-12-16T12:18:00+05:30,19.15,19.17,19.14,19.16,
2020-12-16T12:19:00+05:30,19.16,19.18,19.15,19.18,
2020-12-16T12:20:00+05:30,19.18,19.18,19.14,19.16,
2020-12-16T12:21:00+05:30,19.16,19.17,19.1,19.12,
2020-12-16T12:22:00+05:30,19.12,19.16,19.1,19.16,
2020-12-16T12:23:00+05:30,19.16,19.19,19.16,19.16,
2020-12-16T12:24:00+05:30,19.16,19.21,19.15,19.15,
2020-12-16T12:25:00+05:30,19.15,19.16,19.13,19.14,
2020-12-16T12:26:00+05:30,19.14,19.15,19.12,19.13,
2020-12-16T12:27:00+05:30,19.13,19.16,19.13,19.15,
2020-12-16T12:28:00+05:30,19.15,19.22,19.15,19.17,
2020-12-16T12:29:00+05:30,19.17,19.18,19.15,19.16,
2020-12-16T12:30:00+05:30,19.16,19.2,19.13,19.16,
2020-12-16T12:31:00+05:30,19.15,19.18,19.14,19.18,
2020-12-16T12:32:00+05:30,19.19,19.27,19.16,19.27,
2020-12-16T12:33:00+05:30,19.27,19.27,19.23,19.23,
2020-12-16T12:34:00+05:30,19.22,19.22,19.14,19.2,
2020-12-16T12:35:00+05:30,19.2,19.25,19.2,19.24,
2020-12-16T12:36:00+05:30,19.24,19.31,19.24,19.27,
2020-12-16T12:37:00+05:30,19.27,19.3,19.27,19.3,
2020-12-16T12:38:00+05:30,19.3,19.3,19.25,19.27,
2020-12-16T12:39:00+05:30,19.27,19.29,19.23,19.27,
2020-12-16T12:40:00+05:30,19.27,19.28,19.25,19.26,
2020-12-16T12:41:00+05:30,19.26,19.28,19.24,19.27,
2020-12-16T12:42:00+05:30,19.27,19.29,19.27,19.28,
2020-12-16T12:43:00+05:30,19.27,19.28,19.25,19.25,
2020-12-16T12:44:00+05:30,19.25,19.29,19.22,19.24,
2020-12-16T12:45:00+05:30,19.26,19.33,19.24,19.25,
2020-12-16T12:46:00+05:30,19.27,19.3,19.26,19.28,
2020-12-16T12:47:00+05:30,19.28,19.3,19.25,19.25,
2020-12-16T12:48:00+05:30,19.25,19.27,19.23,19.23,
2020-12-16T12:49:00+05:30,19.23,19.29,19.21,19.29,
2020-12-16T12:50:00+05:30,19.29,19.33,19.25,19.32,
2020-12-16T12:51:00+05:30,19.32,19.34,19.28,19.32,
2020-12-16T12:52:00+05:30,19.33,19.34,19.24,19.26,
2020-12-16T12:53:00+05:30,19.26,19.34,19.26,19.34,
2020-12-16T12:54:00+05:30,19.34,19.37,19.34,19.37,
2020-12-16T12:55:00+05:30,19.36,19.38,19.34,19.35,
2020-12-16T12:56:00+05:30,19.35,19.37,19.29,19.3,
2020-12-16T12:57:00+05:30,19.3,19.32,19.29,19.31,
2020-12-16T12:58:00+05:30,19.31,19.33,19.29,19.31,
2020-12-16T12:59:00+05:30,19.31,19.31,19.27,19.3,
2020-12-16T13:00:00+05:30,19.3,19.34,19.3,19.3,
2020-12-16T13:01:00+05:30,19.3,19.31,19.24,19.25,
2020-12-16T13:02:00+05:30,19.26,19.28,19.23,19.28,
2020-12-16T13:03:00+05:30,19.29,19.3,19.25,19.28,
2020-12-16T13:04:00+05:30,19.27,19.31,19.25,19.31,
2020-12-16T13:05:00+05:30,19.31,19.31,19.27,19.28,
2020-12-16T13:06:00+05:30,19.27,19.3,19.27,19.29,
2020-12-16T13:07:00+05:30,19.29,19.29,19.28,19.28,
2020-12-16T13:08:00+05:30,19.29,19.3,19.27,19.28,
2020-12-16T13:09:00+05:30,19.28,19.29,19.27,19.28,
2020-12-16T13:10:00+05:30,19.28,19.29,19.26,19.28,
2020-12-16T13:11:00+05:30,19.28,19.32,19.27,19.3,
2020-12-16T13:12:00+05:30,19.29,19.31,19.28,19.29,
2020-12-16T13:13:00+05:30,19.29,19.3,19.25,19.26,
2020-12-16T13:14:00+05:30,19.25,19.28,19.25,19.28,
2020-12-16T13:15:00+05:30,19.28,19.29,19.27,19.28,
2020-12-16T13:16:00+05:30,19.27,19.27,19.23,19.25,
2020-12-16T13:17:00+05:30,19.25,19.26,19.23,19.26,
2020-12-16T13:18:00+05:30,19.26,19.26,19.25,19.26,
2020-12-16T13:19:00+05:30,19.26,19.31,19.25,19.3,
2020-12-16T13:20:00+05:30,19.3,19.3,19.25,19.25,
2020-12-16T13:21:00+05:30,19.25,19.28,19.25,19.27,
2020-12-16T13:22:00+05:30,19.3,19.31,19.26,19.26,
2020-12-16T13:23:00+05:30,19.26,19.28,19.24,19.27,
2020-12-16T13:24:00+05:30,19.27,19.32,19.26,19.32,
2020-12-16T13:25:00+05:30,19.32,19.32,19.27,19.27,
2020-12-16T13:26:00+05:30,19.27,19.27,19.24,19.27,
2020-12-16T13:27:00+05:30,19.27,19.31,19.27,19.28,
2020-12-16T13:28:00+05:30,19.29,19.29,19.26,19.28,
2020-12-16T13:29:00+05:30,19.28,19.28,19.25,19.27,
2020-12-16T13:30:00+05:30,19.27,19.3,19.26,19.27,
2020-12-16T13:31:00+05:30,19.27,19.29,19.26,19.27,
2020-12-16T13:32:00+05:30,19.27,19.27,19.24,19.27,
2020-12-16T13:33:00+05:30,19.27,19.27,19.24,19.27,
2020-12-16T13:34:00+05:30,19.27,19.27,19.26,19.26,
2020-12-16T13:35:00+05:30,19.26,19.29,19.25,19.28,
2020-12-16T13:36:00+05:30,19.28,19.28,19.24,19.26,
2020-12-16T13:37:00+05:30,19.26,19.26,19.24,19.25,
2020-12-16T13:38:00+05:30,19.25,19.27,19.19,19.2,
2020-12-16T13:39:00+05:30,19.2,19.23,19.2,19.23,
2020-12-16T13:40:00+05:30,19.23,19.23,19.2,19.22,
2020-12-16T13:41:00+05:30,19.22,19.23,19.21,19.22,
2020-12-16T13:42:00+05:30,19.23,19.23,19.22,19.23,
2020-12-16T13:43:00+05:30,19.23,19.25,19.22,19.25,
2020-12-16T13:44:00+05:30,19.26,19.26,19.23,19.24,
2020-12-16T13:45:00+05:30,19.24,19.25,19.2,19.2,
2020-12-16T13:46:00+05:30,19.2,19.22,19.19,19.21,
2020-12-16T13:47:00+05:30,19.21,19.22,19.2,19.21,
2020-12-16T13:48:00+05:30,19.21,19.22,19.2,19.22,
2020-12-16T13:49:00+05:30,19.22,19.26,19.22,19.26,
2020-12-16T13:50:00+05:30,19.26,19.27,19.23,19.23,
2020-12-16T13:51:00+05:30,19.23,19.23,19.2,19.21,
2020-12-16T13:52:00+05:30,19.21,19.26,19.21,19.25,
2020-12-16T13:53:00+05:30,19.25,19.28,19.24,19.24,
2020-12-16T13:54:00+05:30,19.24,19.25,19.23,19.24,
2020-12-16T13:55:00+05:30,19.24,19.27,19.24,19.25,
2020-12-16T13:56:00+05:30,19.25,19.29,19.24,19.29,
2020-12-16T13:57:00+05:30,19.29,19.31,19.25,19.26,
2020-12-16T13:58:00+05:30,19.26,19.26,19.19,19.21,
2020-12-16T13:59:00+05:30,19.21,19.24,19.21,19.23,
2020-12-16T14:00:00+05:30,19.23,19.23,19.19,19.19,
2020-12-16T14:01:00+05:30,19.19,19.26,19.19,19.25,
2020-12-16T14:02:00+05:30,19.25,19.25,19.2,19.2,
2020-12-16T14:03:00+05:30,19.2,19.24,19.19,19.24,
2020-12-16T14:04:00+05:30,19.24,19.28,19.22,19.24,
2020-12-16T14:05:00+05:30,19.24,19.26,19.23,19.23,
2020-12-16T14:06:00+05:30,19.23,19.27,19.22,19.25,
2020-12-16T14:07:00+05:30,19.25,19.28,19.24,19.27,
2020-12-16T14:08:00+05:30,19.27,19.27,19.23,19.27,
2020-12-16T14:09:00+05:30,19.27,19.32,19.26,19.31,
2020-12-16T14:10:00+05:30,19.31,19.31,19.26,19.28,
2020-12-16T14:11:00+05:30,19.27,19.32,19.26,19.3,
2020-12-16T14:12:00+05:30,19.3,19.3,19.27,19.27,
2020-12-16T14:13:00+05:30,19.27,19.3,19.26,19.28,
2020-12-16T14:14:00+05:30,19.28,19.35,19.27,19.34,
2020-12-16T14:15:00+05:30,19.34,19.34,19.29,19.32,
2020-12-16T14:16:00+05:30,19.32,19.33,19.28,19.3,
2020-12-16T14:17:00+05:30,19.3,19.32,19.27,19.29,
2020-12-16T14:18:00+05:30,19.29,19.29,19.26,19.28,
2020-12-16T14:19:00+05:30,19.29,19.29,19.26,19.28,
2020-12-16T14:20:00+05:30,19.29,19.4,19.29,19.4,
2020-12-16T14:21:00+05:30,19.4,19.4,19.31,19.31,
2020-12-16T14:22:00+05:30,19.31,19.33,19.29,19.31,
2020-12-16T14:23:00+05:30,19.32,19.34,19.3,19.32,
2020-12-16T14:24:00+05:30,19.33,19.34,19.29,19.33,
2020-12-16T14:25:00+05:30,19.33,19.34,19.31,19.31,
2020-12-16T14:26:00+05:30,19.31,19.37,19.31,19.32,
2020-12-16T14:27:00+05:30,19.35,19.36,19.28,19.29,
2020-12-16T14:28:00+05:30,19.29,19.3,19.27,19.28,
2020-12-16T14:29:00+05:30,19.28,19.35,19.28,19.31,
2020-12-16T14:30:00+05:30,19.31,19.33,19.25,19.27,
2020-12-16T14:31:00+05:30,19.27,19.29,19.25,19.26,
2020-12-16T14:32:00+05:30,19.28,19.3,19.24,19.24,
2020-12-16T14:33:00+05:30,19.25,19.31,19.25,19.27,
2020-12-16T14:34:00+05:30,19.28,19.31,19.27,19.31,
2020-12-16T14:35:00+05:30,19.32,19.32,19.27,19.27,
2020-12-16T14:36:00+05:30,19.28,19.32,19.26,19.27,
2020-12-16T14:37:00+05:30,19.27,19.32,19.27,19.32,
2020-12-16T14:38:00+05:30,19.3,19.32,19.27,19.28,
2020-12-16T14:39:00+05:30,19.28,19.32,19.27,19.32,
2020-12-16T14:40:00+05:30,19.32,19.33,19.29,19.3,
2020-12-16T14:41:00+05:30,19.3,19.3,19.27,19.28,
2020-12-16T14:42:00+05:30,19.28,19.32,19.28,19.32,
2020-12-16T14:43:00+05:30,19.32,19.32,19.28,19.28,
2020-12-16T14:44:00+05:30,19.28,19.33,19.26,19.3,
2020-12-16T14:45:00+05:30,19.31,19.33,19.28,19.33,
2020-12-16T14:46:00+05:30,19.33,19.33,19.27,19.29,
2020-12-16T14:47:00+05:30,19.29,19.3,19.26,19.3,
2020-12-16T14:48:00+05:30,19.3,19.33,19.24,19.24,
2020-12-16T14:49:00+05:30,19.23,19.28,19.23,19.28,
2020-12-16T14:50:00+05:30,19.28,19.35,19.28,19.34,
2020-12-16T14:51:00+05:30,19.34,19.34,19.26,19.26,
2020-12-16T14:52:00+05:30,19.26,19.31,19.24,19.28,
2020-12-16T14:53:00+05:30,19.28,19.32,19.26,19.27,
2020-12-16T14:54:00+05:30,19.27,19.33,19.27,19.27,
2020-12-16T14:55:00+05:30,19.27,19.29,19.26,19.27,
2020-12-16T14:56:00+05:30,19.27,19.28,19.2,19.2,
2020-12-16T14:57:00+05:30,19.2,19.25,19.2,19.22,
2020-12-16T14:58:00+05:30,19.22,19.25,19.19,19.19,
2020-12-16T14:59:00+05:30,19.19,19.21,19.18,19.18,
2020-12-16T15:00:00+05:30,19.18,19.18,19.15,19.18,
2020-12-16T15:01:00+05:30,19.18,19.18,19.13,19.16,
2020-12-16T15:02:00+05:30,19.16,19.17,19.14,19.16,
2020-12-16T15:03:00+05:30,19.16,19.24,19.14,19.24,
2020-12-16T15:04:00+05:30,19.24,19.24,19.22,19.22,
2020-12-16T15:05:00+05:30,19.23,19.25,19.22,19.25,
2020-12-16T15:06:00+05:30,19.25,19.25,19.22,19.24,
2020-12-16T15:07:00+05:30,19.24,19.24,19.22,19.23,
2020-12-16T15:08:00+05:30,19.23,19.25,19.23,19.25,
2020-12-16T15:09:00+05:30,19.25,19.25,19.23,19.24,
2020-12-16T15:10:00+05:30,19.24,19.25,19.23,19.24,
2020-12-16T15:11:00+05:30,19.24,19.24,19.21,19.22,
2020-12-16T15:12:00+05:30,19.22,19.25,19.22,19.24,
2020-12-16T15:13:00+05:30,19.24,19.24,19.22,19.22,
2020-12-16T15:14:00+05:30,19.23,19.23,19.2,19.2,
2020-12-16T15:15:00+05:30,19.2,19.21,19.19,19.19,
2020-12-16T15:16:00+05:30,19.19,19.19,19.17,19.19,
2020-12-16T15:17:00+05:30,19.19,19.19,19.18,19.19,
2020-12-16T15:18:00+05:30,19.19,19.2,19.17,19.17,
2020-12-16T15:19:00+05:30,19.17,19.18,19.15,19.17,
2020-12-16T15:20:00+05:30,19.17,19.19,19.16,19.18,
2020-12-16T15:21:00+05:30,19.18,19.19,19.16,19.16,
2020-12-16T15:22:00+05:30,19.17,19.19,19.15,19.18,
2020-12-16T15:23:00+05:30,19.18,19.18,19.16,19.18,
2020-12-16T15:24:00+05:30,19.17,19.19,19.17,19.19,
2020-12-16T15:25:00+05:30,19.18,19.21,19.18,19.2,
2020-12-16T15:26:00+05:30,19.2,19.23,19.19,19.22,
2020-12-16T15:27:00+05:30,19.22,19.23,19.22,19.22,
2020-12-16T15:28:00+05:30,19.22,19.24,19.22,19.23,
2020-12-16T15:29:00+05:30,19.23,19.25,19.21,19.25,
2020-12-17T09:15:00+05:30,19.2,21.62,14.05,18.99,
2020-12-17T09:16:00+05:30,19,19.03,18.98,19,
2020-12-17T09:17:00+05:30,19,19.04,18.99,18.99,
2020-12-17T09:18:00+05:30,18.99,19.05,18.99,19.02,
2020-12-17T09:19:00+05:30,19.02,19.07,18.99,19.07,
2020-12-17T09:20:00+05:30,19.07,19.22,19.05,19.21,
2020-12-17T09:21:00+05:30,19.2,19.24,19.19,19.22,
2020-12-17T09:22:00+05:30,19.22,19.23,19.15,19.17,
2020-12-17T09:23:00+05:30,19.18,19.2,19.16,19.19,
2020-12-17T09:24:00+05:30,19.19,19.21,19.16,19.16,
2020-12-17T09:25:00+05:30,19.16,19.19,19.16,19.17,
2020-12-17T09:26:00+05:30,19.17,19.19,19.07,19.08,
2020-12-17T09:27:00+05:30,19.08,19.12,19.07,19.09,
2020-12-17T09:28:00+05:30,19.1,19.23,19.1,19.14,
2020-12-17T09:29:00+05:30,19.14,19.16,19.12,19.13,
2020-12-17T09:30:00+05:30,19.12,19.14,19.1,19.11,
2020-12-17T09:31:00+05:30,19.11,19.2,19.1,19.18,
2020-12-17T09:32:00+05:30,19.18,19.18,19.12,19.14,
2020-12-17T09:33:00+05:30,19.14,19.17,19.11,19.15,
2020-12-17T09:34:00+05:30,19.15,19.16,19.12,19.13,
2020-12-17T09:35:00+05:30,19.13,19.17,19.11,19.14,
2020-12-17T09:36:00+05:30,19.14,19.17,19.1,19.16,
2020-12-17T09:37:00+05:30,19.16,19.16,19.11,19.16,
2020-12-17T09:38:00+05:30,19.16,19.2,19.12,19.14,
2020-12-17T09:39:00+05:30,19.14,19.17,19.11,19.16,
2020-12-17T09:40:00+05:30,19.16,19.17,19.14,19.14,
2020-12-17T09:41:00+05:30,19.15,19.18,19.13,19.18,
2020-12-17T09:42:00+05:30,19.18,19.2,19.16,19.2,
2020-12-17T09:43:00+05:30,19.2,19.2,19.17,19.18,
2020-12-17T09:44:00+05:30,19.18,19.18,19.13,19.13,
2020-12-17T09:45:00+05:30,19.13,19.2,19.13,19.13,
2020-12-17T09:46:00+05:30,19.13,19.15,19.12,19.14,
2020-12-17T09:47:00+05:30,19.15,19.24,19.14,19.23,
2020-12-17T09:48:00+05:30,19.23,19.25,19.22,19.22,
2020-12-17T09:49:00+05:30,19.22,19.23,19.19,19.21,
2020-12-17T09:50:00+05:30,19.21,19.22,19.18,19.18,
2020-12-17T09:51:00+05:30,19.18,19.21,19.18,19.2,
2020-12-17T09:52:00+05:30,19.2,19.24,19.2,19.2,
2020-12-17T09:53:00+05:30,19.2,19.27,19.2,19.24,
2020-12-17T09:54:00+05:30,19.24,19.24,19.21,19.22,
2020-12-17T09:55:00+05:30,19.22,19.22,19.19,19.19,
2020-12-17T09:56:00+05:30,19.19,19.2,19.14,19.16,
2020-12-17T09:57:00+05:30,19.16,19.23,19.13,19.22,
2020-12-17T09:58:00+05:30,19.22,19.26,19.21,19.25,
2020-12-17T09:59:00+05:30,19.24,19.26,19.22,19.23,
2020-12-17T10:00:00+05:30,19.24,19.31,19.23,19.31,
2020-12-17T10:01:00+05:30,19.31,19.31,19.26,19.29,
2020-12-17T10:02:00+05:30,19.29,19.33,19.28,19.28,
2020-12-17T10:03:00+05:30,19.29,19.33,19.28,19.29,
2020-12-17T10:04:00+05:30,19.29,19.31,19.28,19.28,
2020-12-17T10:05:00+05:30,19.28,19.32,19.27,19.3,
2020-12-17T10:06:00+05:30,19.3,19.31,19.29,19.29,
2020-12-17T10:07:00+05:30,19.29,19.3,19.28,19.28,
2020-12-17T10:08:00+05:30,19.27,19.31,19.27,19.31,
2020-12-17T10:09:00+05:30,19.31,19.34,19.28,19.32,
2020-12-17T10:10:00+05:30,19.32,19.33,19.31,19.32,
2020-12-17T10:11:00+05:30,19.33,19.33,19.3,19.33,
2020-12-17T10:12:00+05:30,19.33,19.33,19.31,19.32,
2020-12-17T10:13:00+05:30,19.32,19.35,19.31,19.32,
2020-12-17T10:14:00+05:30,19.32,19.35,19.31,19.33,
2020-12-17T10:15:00+05:30,19.33,19.36,19.33,19.34,
2020-12-17T10:16:00+05:30,19.34,19.35,19.3,19.3,
2020-12-17T10:17:00+05:30,19.3,19.31,19.29,19.31,
2020-12-17T10:18:00+05:30,19.3,19.37,19.29,19.36,
2020-12-17T10:19:00+05:30,19.36,19.39,19.36,19.39,
2020-12-17T10:20:00+05:30,19.39,19.39,19.37,19.37,
2020-12-17T10:21:00+05:30,19.38,19.39,19.33,19.35,
2020-12-17T10:22:00+05:30,19.35,19.38,19.34,19.38,
2020-12-17T10:23:00+05:30,19.38,19.38,19.34,19.36,
2020-12-17T10:24:00+05:30,19.36,19.39,19.33,19.36,
2020-12-17T10:25:00+05:30,19.36,19.38,19.34,19.34,
2020-12-17T10:26:00+05:30,19.35,19.37,19.35,19.36,
2020-12-17T10:27:00+05:30,19.36,19.37,19.35,19.35,
2020-12-17T10:28:00+05:30,19.35,19.39,19.34,19.34,
2020-12-17T10:29:00+05:30,19.34,19.35,19.32,19.34,
2020-12-17T10:30:00+05:30,19.34,19.35,19.32,19.35,
2020-12-17T10:31:00+05:30,19.35,19.35,19.33,19.35,
2020-12-17T10:32:00+05:30,19.35,19.35,19.32,19.33,
2020-12-17T10:33:00+05:30,19.33,19.33,19.3,19.32,
2020-12-17T10:34:00+05:30,19.32,19.32,19.28,19.28,
2020-12-17T10:35:00+05:30,19.28,19.32,19.28,19.31,
2020-12-17T10:36:00+05:30,19.31,19.31,19.27,19.29,
2020-12-17T10:37:00+05:30,19.29,19.33,19.29,19.3,
2020-12-17T10:38:00+05:30,19.3,19.32,19.3,19.3,
2020-12-17T10:39:00+05:30,19.3,19.34,19.28,19.28,
2020-12-17T10:40:00+05:30,19.28,19.31,19.28,19.31,
2020-12-17T10:41:00+05:30,19.31,19.33,19.3,19.31,
2020-12-17T10:42:00+05:30,19.31,19.33,19.3,19.31,
2020-12-17T10:43:00+05:30,19.31,19.32,19.29,19.3,
2020-12-17T10:44:00+05:30,19.3,19.34,19.28,19.32,
2020-12-17T10:45:00+05:30,19.32,19.34,19.3,19.33,
2020-12-17T10:46:00+05:30,19.33,19.33,19.29,19.31,
2020-12-17T10:47:00+05:30,19.31,19.33,19.29,19.3,
2020-12-17T10:48:00+05:30,19.3,19.32,19.25,19.3,
2020-12-17T10:49:00+05:30,19.3,19.36,19.29,19.31,
2020-12-17T10:50:00+05:30,19.32,19.33,19.31,19.33,
2020-12-17T10:51:00+05:30,19.33,19.33,19.31,19.32,
2020-12-17T10:52:00+05:30,19.33,19.35,19.28,19.3,
2020-12-17T10:53:00+05:30,19.3,19.31,19.29,19.31,
2020-12-17T10:54:00+05:30,19.3,19.31,19.29,19.31,
2020-12-17T10:55:00+05:30,19.31,19.33,19.3,19.33,
2020-12-17T10:56:00+05:30,19.33,19.33,19.3,19.3,
2020-12-17T10:57:00+05:30,19.31,19.31,19.28,19.29,
2020-12-17T10:58:00+05:30,19.29,19.29,19.22,19.25,
2020-12-17T10:59:00+05:30,19.25,19.28,19.24,19.28,
2020-12-17T11:00:00+05:30,19.28,19.28,19.17,19.2,
2020-12-17T11:01:00+05:30,19.22,19.32,19.22,19.3,
2020-12-17T11:02:00+05:30,19.31,19.31,19.27,19.29,
2020-12-17T11:03:00+05:30,19.29,19.29,19.27,19.27,
2020-12-17T11:04:00+05:30,19.26,19.3,19.26,19.3,
2020-12-17T11:05:00+05:30,19.3,19.31,19.27,19.27,
2020-12-17T11:06:00+05:30,19.29,19.39,19.29,19.33,
2020-12-17T11:07:00+05:30,19.34,19.36,19.33,19.35,
2020-12-17T11:08:00+05:30,19.35,19.39,19.27,19.27,
2020-12-17T11:09:00+05:30,19.27,19.3,19.27,19.3,
2020-12-17T11:10:00+05:30,19.3,19.31,19.27,19.27,
2020-12-17T11:11:00+05:30,19.28,19.32,19.26,19.27,
2020-12-17T11:12:00+05:30,19.27,19.32,19.25,19.29,
2020-12-17T11:13:00+05:30,19.29,19.3,19.26,19.29,
2020-12-17T11:14:00+05:30,19.29,19.3,19.28,19.3,
2020-12-17T11:15:00+05:30,19.3,19.3,19.21,19.23,
2020-12-17T11:16:00+05:30,19.23,19.28,19.2,19.28,
2020-12-17T11:17:00+05:30,19.27,19.29,19.23,19.29,
2020-12-17T11:18:00+05:30,19.29,19.29,19.25,19.26,
2020-12-17T11:19:00+05:30,19.26,19.34,19.24,19.26,
2020-12-17T11:20:00+05:30,19.26,19.29,19.25,19.27,
2020-12-17T11:21:00+05:30,19.27,19.27,19.21,19.24,
2020-12-17T11:22:00+05:30,19.25,19.27,19.24,19.27,
2020-12-17T11:23:00+05:30,19.27,19.27,19.24,19.26,
2020-12-17T11:24:00+05:30,19.26,19.26,19.16,19.19,
2020-12-17T11:25:00+05:30,19.19,19.23,19.19,19.2,
2020-12-17T11:26:00+05:30,19.2,19.23,19.19,19.2,
2020-12-17T11:27:00+05:30,19.2,19.24,19.2,19.24,
2020-12-17T11:28:00+05:30,19.24,19.26,19.23,19.23,
2020-12-17T11:29:00+05:30,19.25,19.25,19.22,19.22,
2020-12-17T11:30:00+05:30,19.22,19.23,19.18,19.18,
2020-12-17T11:31:00+05:30,19.18,19.2,19.17,19.2,
2020-12-17T11:32:00+05:30,19.2,19.21,19.18,19.2,
2020-12-17T11:33:00+05:30,19.2,19.22,19.19,19.2,
2020-12-17T11:34:00+05:30,19.2,19.23,19.19,19.19,
2020-12-17T11:35:00+05:30,19.2,19.21,19.17,19.2,
2020-12-17T11:36:00+05:30,19.2,19.21,19.17,19.21,
2020-12-17T11:37:00+05:30,19.21,19.23,19.2,19.23,
2020-12-17T11:38:00+05:30,19.23,19.23,19.19,19.22,
2020-12-17T11:39:00+05:30,19.22,19.23,19.2,19.21,
2020-12-17T11:40:00+05:30,19.21,19.23,19.2,19.23,
2020-12-17T11:41:00+05:30,19.23,19.23,19.2,19.21,
2020-12-17T11:42:00+05:30,19.2,19.22,19.19,19.19,
2020-12-17T11:43:00+05:30,19.19,19.22,19.17,19.2,
2020-12-17T11:44:00+05:30,19.2,19.23,19.19,19.21,
2020-12-17T11:45:00+05:30,19.21,19.23,19.19,19.22,
2020-12-17T11:46:00+05:30,19.22,19.26,19.18,19.2,
2020-12-17T11:47:00+05:30,19.2,19.22,19.19,19.2,
2020-12-17T11:48:00+05:30,19.2,19.22,19.17,19.21,
2020-12-17T11:49:00+05:30,19.21,19.22,19.19,19.22,
2020-12-17T11:50:00+05:30,19.21,19.21,19.16,19.16,
2020-12-17T11:51:00+05:30,19.16,19.2,19.14,19.18,
2020-12-17T11:52:00+05:30,19.18,19.18,19.16,19.17,
2020-12-17T11:53:00+05:30,19.17,19.19,19.16,19.19,
2020-12-17T11:54:00+05:30,19.19,19.21,19.18,19.21,
2020-12-17T11:55:00+05:30,19.2,19.21,19.18,19.18,
2020-12-17T11:56:00+05:30,19.17,19.19,19.14,19.18,
2020-12-17T11:57:00+05:30,19.18,19.21,19.16,19.18,
2020-12-17T11:58:00+05:30,19.19,19.23,19.19,19.22,
2020-12-17T11:59:00+05:30,19.22,19.25,19.22,19.24,
2020-12-17T12:00:00+05:30,19.24,19.25,19.23,19.23,
2020-12-17T12:01:00+05:30,19.23,19.25,19.23,19.24,
2020-12-17T12:02:00+05:30,19.24,19.35,19.23,19.33,
2020-12-17T12:03:00+05:30,19.32,19.34,19.32,19.34,
2020-12-17T12:04:00+05:30,19.34,19.35,19.24,19.24,
2020-12-17T12:05:00+05:30,19.24,19.27,19.22,19.23,
2020-12-17T12:06:00+05:30,19.23,19.24,19.2,19.21,
2020-12-17T12:07:00+05:30,19.21,19.22,19.19,19.2,
2020-12-17T12:08:00+05:30,19.2,19.21,19.17,19.21,
2020-12-17T12:09:00+05:30,19.21,19.21,19.16,19.19,
2020-12-17T12:10:00+05:30,19.19,19.19,19.12,19.17,
2020-12-17T12:11:00+05:30,19.15,19.17,19.11,19.12,
2020-12-17T12:12:00+05:30,19.12,19.13,19.08,19.11,
2020-12-17T12:13:00+05:30,19.11,19.15,19.09,19.13,
2020-12-17T12:14:00+05:30,19.13,19.14,19.1,19.1,
2020-12-17T12:15:00+05:30,19.1,19.16,19.1,19.12,
2020-12-17T12:16:00+05:30,19.12,19.13,19.09,19.13,
2020-12-17T12:17:00+05:30,19.13,19.16,19.11,19.15,
2020-12-17T12:18:00+05:30,19.14,19.16,19.12,19.13,
2020-12-17T12:19:00+05:30,19.13,19.14,19.09,19.12,
2020-12-17T12:20:00+05:30,19.12,19.13,19.06,19.06,
2020-12-17T12:21:00+05:30,19.06,19.1,19.06,19.07,
2020-12-17T12:22:00+05:30,19.07,19.19,19.05,19.18,
2020-12-17T12:23:00+05:30,19.2,19.2,19.13,19.13,
2020-12-17T12:24:00+05:30,19.13,19.13,19.02,19.03,
2020-12-17T12:25:00+05:30,19.03,19.1,19.03,19.07,
2020-12-17T12:26:00+05:30,19.07,19.08,19.03,19.04,
2020-12-17T12:27:00+05:30,19.04,19.1,19.03,19.1,
2020-12-17T12:28:00+05:30,19.1,19.13,19.08,19.09,
2020-12-17T12:29:00+05:30,19.09,19.13,19.09,19.12,
2020-12-17T12:30:00+05:30,19.12,19.14,19.11,19.13,
2020-12-17T12:31:00+05:30,19.12,19.17,19.11,19.15,
2020-12-17T12:32:00+05:30,19.15,19.16,19.12,19.13,
2020-12-17T12:33:00+05:30,19.14,19.18,19.13,19.17,
2020-12-17T12:34:00+05:30,19.17,19.18,19.15,19.15,
2020-12-17T12:35:00+05:30,19.15,19.18,19.14,19.18,
2020-12-17T12:36:00+05:30,19.17,19.17,19.13,19.13,
2020-12-17T12:37:00+05:30,19.13,19.16,19.12,19.16,
2020-12-17T12:38:00+05:30,19.16,19.17,19.13,19.13,
2020-12-17T12:39:00+05:30,19.13,19.16,19.12,19.16,
2020-12-17T12:40:00+05:30,19.15,19.15,19.12,19.12,
2020-12-17T12:41:00+05:30,19.12,19.16,19.11,19.13,
2020-12-17T12:42:00+05:30,19.13,19.15,19.13,19.14,
2020-12-17T12:43:00+05:30,19.14,19.15,19.13,19.13,
2020-12-17T12:44:00+05:30,19.13,19.16,19.13,19.15,
2020-12-17T12:45:00+05:30,19.15,19.16,19.15,19.16,
2020-12-17T12:46:00+05:30,19.16,19.17,19.14,19.14,
2020-12-17T12:47:00+05:30,19.14,19.16,19.14,19.16,
2020-12-17T12:48:00+05:30,19.16,19.16,19.13,19.13,
2020-12-17T12:49:00+05:30,19.13,19.13,19.11,19.12,
2020-12-17T12:50:00+05:30,19.12,19.15,19.11,19.11,
2020-12-17T12:51:00+05:30,19.11,19.14,19.11,19.13,
2020-12-17T12:52:00+05:30,19.13,19.16,19.13,19.14,
2020-12-17T12:53:00+05:30,19.14,19.15,19.12,19.15,
2020-12-17T12:54:00+05:30,19.15,19.17,19.15,19.15,
2020-12-17T12:55:00+05:30,19.15,19.16,19.12,19.14,
2020-12-17T12:56:00+05:30,19.14,19.17,19.12,19.15,
2020-12-17T12:57:00+05:30,19.15,19.17,19.14,19.17,
2020-12-17T12:58:00+05:30,19.17,19.17,19.14,19.15,
2020-12-17T12:59:00+05:30,19.15,19.19,19.15,19.18,
2020-12-17T13:00:00+05:30,19.18,19.18,19.16,19.17,
2020-12-17T13:01:00+05:30,19.17,19.2,19.15,19.15,
2020-12-17T13:02:00+05:30,19.15,19.2,19.15,19.18,
2020-12-17T13:03:00+05:30,19.18,19.2,19.17,19.19,
2020-12-17T13:04:00+05:30,19.19,19.19,19.15,19.15,
2020-12-17T13:05:00+05:30,19.15,19.19,19.15,19.17,
2020-12-17T13:06:00+05:30,19.17,19.2,19.17,19.19,
2020-12-17T13:07:00+05:30,19.19,19.19,19.17,19.19,
2020-12-17T13:08:00+05:30,19.19,19.21,19.16,19.16,
2020-12-17T13:09:00+05:30,19.16,19.21,19.15,19.15,
2020-12-17T13:10:00+05:30,19.14,19.17,19.14,19.14,
2020-12-17T13:11:00+05:30,19.14,19.17,19.13,19.13,
2020-12-17T13:12:00+05:30,19.14,19.17,19.13,19.15,
2020-12-17T13:13:00+05:30,19.15,19.17,19.14,19.16,
2020-12-17T13:14:00+05:30,19.16,19.17,19.13,19.15,
2020-12-17T13:15:00+05:30,19.15,19.16,19.14,19.14,
2020-12-17T13:16:00+05:30,19.14,19.16,19.13,19.14,
2020-12-17T13:17:00+05:30,19.13,19.18,19.13,19.17,
2020-12-17T13:18:00+05:30,19.16,19.18,19.14,19.18,
2020-12-17T13:19:00+05:30,19.18,19.18,19.15,19.15,
2020-12-17T13:20:00+05:30,19.14,19.15,19.09,19.12,
2020-12-17T13:21:00+05:30,19.11,19.12,19.09,19.12,
2020-12-17T13:22:00+05:30,19.12,19.13,19.09,19.12,
2020-12-17T13:23:00+05:30,19.12,19.13,19.1,19.11,
2020-12-17T13:24:00+05:30,19.11,19.14,19.11,19.14,
2020-12-17T13:25:00+05:30,19.14,19.14,19.11,19.13,
2020-12-17T13:26:00+05:30,19.13,19.16,19.1,19.12,
2020-12-17T13:27:00+05:30,19.12,19.13,19.1,19.12,
2020-12-17T13:28:00+05:30,19.12,19.14,19.11,19.11,
2020-12-17T13:29:00+05:30,19.11,19.12,19.06,19.07,
2020-12-17T13:30:00+05:30,19.07,19.1,19.07,19.1,
2020-12-17T13:31:00+05:30,19.1,19.13,19.09,19.12,
2020-12-17T13:32:00+05:30,19.12,19.13,19.11,19.12,
2020-12-17T13:33:00+05:30,19.12,19.12,19.08,19.09,
2020-12-17T13:34:00+05:30,19.09,19.09,19,19.05,
2020-12-17T13:35:00+05:30,19.05,19.05,19.04,19.04,
2020-12-17T13:36:00+05:30,19.04,19.1,19.04,19.1,
2020-12-17T13:37:00+05:30,19.1,19.1,19.08,19.08,
2020-12-17T13:38:00+05:30,19.08,19.08,19.05,19.06,
2020-12-17T13:39:00+05:30,19.05,19.05,19.03,19.04,
2020-12-17T13:40:00+05:30,19.03,19.05,19.02,19.04,
2020-12-17T13:41:00+05:30,19.04,19.05,19.02,19.04,
2020-12-17T13:42:00+05:30,19.04,19.05,19.02,19.02,
2020-12-17T13:43:00+05:30,19.02,19.03,19.01,19.01,
2020-12-17T13:44:00+05:30,19.01,19.05,19.01,19.04,
2020-12-17T13:45:00+05:30,19.04,19.05,19.02,19.02,
2020-12-17T13:46:00+05:30,19.02,19.06,19.02,19.04,
2020-12-17T13:47:00+05:30,19.04,19.05,19.02,19.03,
2020-12-17T13:48:00+05:30,19.03,19.07,19.02,19.02,
2020-12-17T13:49:00+05:30,19.02,19.03,19,19.01,
2020-12-17T13:50:00+05:30,19.01,19.02,19.01,19.01,
2020-12-17T13:51:00+05:30,19.03,19.05,19.03,19.03,
2020-12-17T13:52:00+05:30,19.03,19.04,19,19,
2020-12-17T13:53:00+05:30,19,19.03,19,19.01,
2020-12-17T13:54:00+05:30,19.01,19.1,18.98,19.09,
2020-12-17T13:55:00+05:30,19.09,19.11,19.09,19.09,
2020-12-17T13:56:00+05:30,19.09,19.1,19.07,19.09,
2020-12-17T13:57:00+05:30,19.09,19.1,19.08,19.09,
2020-12-17T13:58:00+05:30,19.09,19.1,19.05,19.06,
2020-12-17T13:59:00+05:30,19.06,19.08,19.06,19.07,
2020-12-17T14:00:00+05:30,19.07,19.09,19.07,19.07,
2020-12-17T14:01:00+05:30,19.07,19.09,19.07,19.08,
2020-12-17T14:02:00+05:30,19.08,19.09,19.07,19.07,
2020-12-17T14:03:00+05:30,19.07,19.08,19.05,19.05,
2020-12-17T14:04:00+05:30,19.05,19.05,19,19,
2020-12-17T14:05:00+05:30,19,19.01,18.99,19.01,
2020-12-17T14:06:00+05:30,19.01,19.04,19.01,19.03,
2020-12-17T14:07:00+05:30,19.03,19.04,19.01,19.04,
2020-12-17T14:08:00+05:30,19.04,19.06,19.03,19.06,
2020-12-17T14:09:00+05:30,19.06,19.06,19.01,19.03,
2020-12-17T14:10:00+05:30,19.03,19.05,19.01,19.01,
2020-12-17T14:11:00+05:30,19,19.02,19,19,
2020-12-17T14:12:00+05:30,19,19.04,19,19.04,
2020-12-17T14:13:00+05:30,19.03,19.04,19.01,19.03,
2020-12-17T14:14:00+05:30,19.03,19.04,19,19,
2020-12-17T14:15:00+05:30,19,19.02,18.99,19.01,
2020-12-17T14:16:00+05:30,19.02,19.02,18.99,18.99,
2020-12-17T14:17:00+05:30,18.99,18.99,18.98,18.99,
2020-12-17T14:18:00+05:30,18.99,19,18.97,18.97,
2020-12-17T14:19:00+05:30,18.97,19.01,18.96,19.01,
2020-12-17T14:20:00+05:30,19.01,19.03,19,19.03,
2020-12-17T14:21:00+05:30,19.02,19.07,19.02,19.03,
2020-12-17T14:22:00+05:30,19.04,19.06,19.01,19.05,
2020-12-17T14:23:00+05:30,19.05,19.08,19.04,19.07,
2020-12-17T14:24:00+05:30,19.08,19.08,19.02,19.02,
2020-12-17T14:25:00+05:30,19.02,19.09,18.94,18.96,
2020-12-17T14:26:00+05:30,18.96,18.98,18.95,18.98,
2020-12-17T14:27:00+05:30,18.98,19.01,18.97,18.99,
2020-12-17T14:28:00+05:30,18.97,19.02,18.96,19.01,
2020-12-17T14:29:00+05:30,19.01,19.02,18.93,18.98,
2020-12-17T14:30:00+05:30,18.98,19.01,18.95,18.97,
2020-12-17T14:31:00+05:30,18.97,19.01,18.96,18.97,
2020-12-17T14:32:00+05:30,18.97,18.97,18.92,18.94,
2020-12-17T14:33:00+05:30,18.94,19.03,18.93,19.03,
2020-12-17T14:34:00+05:30,19.03,19.07,19,19,
2020-12-17T14:35:00+05:30,19.01,19.02,18.95,18.97,
2020-12-17T14:36:00+05:30,18.96,19,18.96,19,
2020-12-17T14:37:00+05:30,19,19,18.95,18.97,
2020-12-17T14:38:00+05:30,18.97,19.02,18.97,19.02,
2020-12-17T14:39:00+05:30,19.02,19.06,19.02,19.02,
2020-12-17T14:40:00+05:30,19.02,19.02,19,19.02,
2020-12-17T14:41:00+05:30,19.02,19.03,18.99,18.99,
2020-12-17T14:42:00+05:30,18.99,19.01,18.98,18.98,
2020-12-17T14:43:00+05:30,18.98,19,18.97,19,
2020-12-17T14:44:00+05:30,19,19.03,18.99,19.03,
2020-12-17T14:45:00+05:30,19.03,19.04,19.02,19.03,
2020-12-17T14:46:00+05:30,19.03,19.18,19.01,19.16,
2020-12-17T14:47:00+05:30,19.16,19.18,19.15,19.17,
2020-12-17T14:48:00+05:30,19.17,19.19,19.17,19.17,
2020-12-17T14:49:00+05:30,19.17,19.21,19.16,19.2,
2020-12-17T14:50:00+05:30,19.2,19.25,19.2,19.22,
2020-12-17T14:51:00+05:30,19.22,19.23,19.2,19.2,
2020-12-17T14:52:00+05:30,19.2,19.21,19.18,19.2,
2020-12-17T14:53:00+05:30,19.2,19.23,19.16,19.21,
2020-12-17T14:54:00+05:30,19.2,19.21,19.16,19.17,
2020-12-17T14:55:00+05:30,19.17,19.23,19.15,19.22,
2020-12-17T14:56:00+05:30,19.22,19.25,19.2,19.21,
2020-12-17T14:57:00+05:30,19.21,19.22,19.2,19.21,
2020-12-17T14:58:00+05:30,19.22,19.24,19.19,19.2,
2020-12-17T14:59:00+05:30,19.2,19.23,19.2,19.2,
2020-12-17T15:00:00+05:30,19.2,19.26,19.2,19.21,
2020-12-17T15:01:00+05:30,19.21,19.21,19.18,19.18,
2020-12-17T15:02:00+05:30,19.18,19.2,19.18,19.18,
2020-12-17T15:03:00+05:30,19.18,19.23,19.18,19.22,
2020-12-17T15:04:00+05:30,19.22,19.22,19.18,19.18,
2020-12-17T15:05:00+05:30,19.19,19.2,19.16,19.18,
2020-12-17T15:06:00+05:30,19.17,19.19,19.17,19.18,
2020-12-17T15:07:00+05:30,19.18,19.19,19.14,19.14,
2020-12-17T15:08:00+05:30,19.14,19.15,19.1,19.1,
2020-12-17T15:09:00+05:30,19.1,19.1,19.08,19.09,
2020-12-17T15:10:00+05:30,19.1,19.13,19.08,19.11,
2020-12-17T15:11:00+05:30,19.11,19.12,19.1,19.1,
2020-12-17T15:12:00+05:30,19.1,19.13,19.09,19.1,
2020-12-17T15:13:00+05:30,19.1,19.12,19.1,19.12,
2020-12-17T15:14:00+05:30,19.12,19.16,19.11,19.13,
2020-12-17T15:15:00+05:30,19.13,19.13,19.11,19.12,
2020-12-17T15:16:00+05:30,19.12,19.15,19.12,19.15,
2020-12-17T15:17:00+05:30,19.15,19.15,19.12,19.14,
2020-12-17T15:18:00+05:30,19.14,19.16,19.13,19.14,
2020-12-17T15:19:00+05:30,19.14,19.15,19.13,19.13,
2020-12-17T15:20:00+05:30,19.14,19.19,19.13,19.19,
2020-12-17T15:21:00+05:30,19.19,19.23,19.16,19.18,
2020-12-17T15:22:00+05:30,19.19,19.21,19.16,19.17,
2020-12-17T15:23:00+05:30,19.17,19.21,19.17,19.21,
2020-12-17T15:24:00+05:30,19.21,19.23,19.2,19.21,
2020-12-17T15:25:00+05:30,19.21,19.21,19.17,19.18,
2020-12-17T15:26:00+05:30,19.18,19.19,19.17,19.17,
2020-12-17T15:27:00+05:30,19.17,19.23,19.16,19.18,
2020-12-17T15:28:00+05:30,19.18,19.2,19.16,19.19,
2020-12-17T15:29:00+05:30,19.2,19.21,19.16,19.17,
2020-12-18T09:15:00+05:30,19.16,19.16,14.56,18.51,
2020-12-18T09:16:00+05:30,18.5,19.01,18.5,19.01,
2020-12-18T09:17:00+05:30,19,19.06,18.88,18.9,
2020-12-18T09:18:00+05:30,18.89,19.12,18.87,19.12,
2020-12-18T09:19:00+05:30,19.12,19.12,19.1,19.11,
2020-12-18T09:20:00+05:30,19.11,19.14,19.1,19.12,
2020-12-18T09:21:00+05:30,19.12,19.15,18.98,19.02,
2020-12-18T09:22:00+05:30,19.01,19.11,19.01,19.09,
2020-12-18T09:23:00+05:30,19.09,19.22,19.07,19.2,
2020-12-18T09:24:00+05:30,19.2,19.22,19.07,19.19,
2020-12-18T09:25:00+05:30,19.19,19.25,19.19,19.23,
2020-12-18T09:26:00+05:30,19.23,19.27,19.19,19.26,
2020-12-18T09:27:00+05:30,19.25,19.27,19.23,19.26,
2020-12-18T09:28:00+05:30,19.25,19.27,19.22,19.22,
2020-12-18T09:29:00+05:30,19.23,19.24,19.2,19.23,
2020-12-18T09:30:00+05:30,19.23,19.26,19.22,19.22,
2020-12-18T09:31:00+05:30,19.22,19.28,19.21,19.27,
2020-12-18T09:32:00+05:30,19.27,19.31,19.27,19.3,
2020-12-18T09:33:00+05:30,19.29,19.3,19.18,19.23,
2020-12-18T09:34:00+05:30,19.22,19.24,19.2,19.22,
2020-12-18T09:35:00+05:30,19.22,19.22,19.14,19.2,
2020-12-18T09:36:00+05:30,19.2,19.23,19.2,19.2,
2020-12-18T09:37:00+05:30,19.2,19.24,19.2,19.23,
2020-12-18T09:38:00+05:30,19.23,19.48,19.22,19.48,
2020-12-18T09:39:00+05:30,19.47,19.49,19.22,19.25,
2020-12-18T09:40:00+05:30,19.25,19.26,19.2,19.21,
2020-12-18T09:41:00+05:30,19.21,19.24,19.21,19.23,
2020-12-18T09:42:00+05:30,19.23,19.33,19.22,19.31,
2020-12-18T09:43:00+05:30,19.32,19.35,19.1,19.11,
2020-12-18T09:44:00+05:30,19.1,19.11,19.06,19.1,
2020-12-18T09:45:00+05:30,19.1,19.11,19.07,19.1,
2020-12-18T09:46:00+05:30,19.1,19.25,19.08,19.24,
2020-12-18T09:47:00+05:30,19.24,19.25,19.1,19.15,
2020-12-18T09:48:00+05:30,19.15,19.15,19.12,19.13,
2020-12-18T09:49:00+05:30,19.13,19.15,19.11,19.15,
2020-12-18T09:50:00+05:30,19.15,19.19,19.14,19.19,
2020-12-18T09:51:00+05:30,19.19,19.19,19.14,19.15,
2020-12-18T09:52:00+05:30,19.15,19.2,19.15,19.19,
2020-12-18T09:53:00+05:30,19.2,19.24,19.18,19.21,
2020-12-18T09:54:00+05:30,19.2,19.4,19.19,19.19,
2020-12-18T09:55:00+05:30,19.19,19.36,19.19,19.33,
2020-12-18T09:56:00+05:30,19.33,19.35,19.3,19.34,
2020-12-18T09:57:00+05:30,19.34,19.34,19.28,19.28,
2020-12-18T09:58:00+05:30,19.28,19.32,19.28,19.31,
2020-12-18T09:59:00+05:30,19.31,19.33,19.23,19.26,
2020-12-18T10:00:00+05:30,19.25,19.25,19.2,19.2,
2020-12-18T10:01:00+05:30,19.2,19.2,19.13,19.15,
2020-12-18T10:02:00+05:30,19.15,19.17,19.14,19.15,
2020-12-18T10:03:00+05:30,19.14,19.22,19.14,19.21,
2020-12-18T10:04:00+05:30,19.2,19.2,19.17,19.17,
2020-12-18T10:05:00+05:30,19.17,19.19,19.12,19.12,
2020-12-18T10:06:00+05:30,19.12,19.19,19.1,19.16,
2020-12-18T10:07:00+05:30,19.16,19.18,19.16,19.18,
2020-12-18T10:08:00+05:30,19.18,19.19,19.16,19.18,
2020-12-18T10:09:00+05:30,19.17,19.24,19.17,19.23,
2020-12-18T10:10:00+05:30,19.23,19.24,19.19,19.2,
2020-12-18T10:11:00+05:30,19.2,19.22,19.19,19.19,
2020-12-18T10:12:00+05:30,19.2,19.23,19.18,19.21,
2020-12-18T10:13:00+05:30,19.22,19.26,19.17,19.25,
2020-12-18T10:14:00+05:30,19.25,19.28,19.2,19.22,
2020-12-18T10:15:00+05:30,19.22,19.24,19.19,19.24,
2020-12-18T10:16:00+05:30,19.24,19.25,19.23,19.25,
2020-12-18T10:17:00+05:30,19.25,19.26,19.23,19.23,
2020-12-18T10:18:00+05:30,19.24,19.24,19.21,19.23,
2020-12-18T10:19:00+05:30,19.23,19.39,19.23,19.38,
2020-12-18T10:20:00+05:30,19.38,19.38,19.3,19.33,
2020-12-18T10:21:00+05:30,19.33,19.36,19.32,19.33,
2020-12-18T10:22:00+05:30,19.33,19.34,19.29,19.33,
2020-12-18T10:23:00+05:30,19.33,19.34,19.29,19.34,
2020-12-18T10:24:00+05:30,19.33,19.34,19.32,19.33,
2020-12-18T10:25:00+05:30,19.33,19.36,19.32,19.33,
2020-12-18T10:26:00+05:30,19.33,19.33,19.3,19.3,
2020-12-18T10:27:00+05:30,19.3,19.35,19.29,19.34,
2020-12-18T10:28:00+05:30,19.34,19.35,19.32,19.32,
2020-12-18T10:29:00+05:30,19.32,19.35,19.3,19.33,
2020-12-18T10:30:00+05:30,19.33,19.37,19.32,19.37,
2020-12-18T10:31:00+05:30,19.37,19.39,19.36,19.39,
2020-12-18T10:32:00+05:30,19.38,19.38,19.35,19.37,
2020-12-18T10:33:00+05:30,19.37,19.37,19.35,19.35,
2020-12-18T10:34:00+05:30,19.35,19.37,19.35,19.36,
2020-12-18T10:35:00+05:30,19.36,19.36,19.32,19.34,
2020-12-18T10:36:00+05:30,19.35,19.36,19.33,19.35,
2020-12-18T10:37:00+05:30,19.35,19.35,19.33,19.33,
2020-12-18T10:38:00+05:30,19.33,19.37,19.32,19.37,
2020-12-18T10:39:00+05:30,19.37,19.38,19.34,19.34,
2020-12-18T10:40:00+05:30,19.34,19.35,19.32,19.34,
2020-12-18T10:41:00+05:30,19.33,19.38,19.33,19.36,
2020-12-18T10:42:00+05:30,19.37,19.45,19.37,19.38,
2020-12-18T10:43:00+05:30,19.38,19.4,19.36,19.38,
2020-12-18T10:44:00+05:30,19.38,19.4,19.34,19.34,
2020-12-18T10:45:00+05:30,19.34,19.46,19.34,19.46,
2020-12-18T10:46:00+05:30,19.46,19.48,19.42,19.42,
2020-12-18T10:47:00+05:30,19.42,19.45,19.4,19.44,
2020-12-18T10:48:00+05:30,19.44,19.47,19.44,19.45,
2020-12-18T10:49:00+05:30,19.45,19.46,19.44,19.46,
2020-12-18T10:50:00+05:30,19.46,19.48,19.44,19.48,
2020-12-18T10:51:00+05:30,19.47,19.47,19.39,19.4,
2020-12-18T10:52:00+05:30,19.39,19.4,19.36,19.36,
2020-12-18T10:53:00+05:30,19.36,19.4,19.35,19.4,
2020-12-18T10:54:00+05:30,19.4,19.42,19.38,19.41,
2020-12-18T10:55:00+05:30,19.4,19.46,19.38,19.45,
2020-12-18T10:56:00+05:30,19.45,19.48,19.4,19.44,
2020-12-18T10:57:00+05:30,19.43,19.47,19.42,19.44,
2020-12-18T10:58:00+05:30,19.42,19.47,19.42,19.46,
2020-12-18T10:59:00+05:30,19.45,19.46,19.41,19.41,
2020-12-18T11:00:00+05:30,19.41,19.47,19.41,19.41,
2020-12-18T11:01:00+05:30,19.41,19.43,19.4,19.41,
2020-12-18T11:02:00+05:30,19.41,19.46,19.41,19.42,
2020-12-18T11:03:00+05:30,19.42,19.45,19.42,19.44,
2020-12-18T11:04:00+05:30,19.43,19.44,19.41,19.43,
2020-12-18T11:05:00+05:30,19.42,19.45,19.41,19.42,
2020-12-18T11:06:00+05:30,19.42,19.44,19.4,19.42,
2020-12-18T11:07:00+05:30,19.42,19.42,19.37,19.4,
2020-12-18T11:08:00+05:30,19.4,19.42,19.39,19.39,
2020-12-18T11:09:00+05:30,19.39,19.4,19.38,19.39,
2020-12-18T11:10:00+05:30,19.39,19.43,19.38,19.38,
2020-12-18T11:11:00+05:30,19.38,19.39,19.38,19.39,
2020-12-18T11:12:00+05:30,19.38,19.41,19.37,19.37,
2020-12-18T11:13:00+05:30,19.37,19.4,19.35,19.37,
2020-12-18T11:14:00+05:30,19.37,19.39,19.36,19.37,
2020-12-18T11:15:00+05:30,19.36,19.4,19.35,19.38,
2020-12-18T11:16:00+05:30,19.38,19.38,19.34,19.38,
2020-12-18T11:17:00+05:30,19.38,19.38,19.35,19.35,
2020-12-18T11:18:00+05:30,19.35,19.38,19.34,19.37,
2020-12-18T11:19:00+05:30,19.38,19.38,19.35,19.37,
2020-12-18T11:20:00+05:30,19.37,19.37,19.34,19.35,
2020-12-18T11:21:00+05:30,19.34,19.36,19.33,19.33,
2020-12-18T11:22:00+05:30,19.33,19.33,19.3,19.31,
2020-12-18T11:23:00+05:30,19.3,19.37,19.29,19.36,
2020-12-18T11:24:00+05:30,19.36,19.36,19.31,19.34,
2020-12-18T11:25:00+05:30,19.34,19.36,19.32,19.35,
2020-12-18T11:26:00+05:30,19.35,19.35,19.27,19.3,
2020-12-18T11:27:00+05:30,19.3,19.31,19.27,19.27,
2020-12-18T11:28:00+05:30,19.27,19.27,19.21,19.24,
2020-12-18T11:29:00+05:30,19.24,19.25,19.22,19.23,
2020-12-18T11:30:00+05:30,19.23,19.27,19.23,19.24,
2020-12-18T11:31:00+05:30,19.24,19.24,19.23,19.24,
2020-12-18T11:32:00+05:30,19.24,19.25,19.21,19.24,
2020-12-18T11:33:00+05:30,19.24,19.27,19.23,19.25,
2020-12-18T11:34:00+05:30,19.25,19.25,19.22,19.24,
2020-12-18T11:35:00+05:30,19.24,19.24,19.2,19.2,
2020-12-18T11:36:00+05:30,19.2,19.26,19.2,19.25,
2020-12-18T11:37:00+05:30,19.25,19.26,19.21,19.26,
2020-12-18T11:38:00+05:30,19.26,19.32,19.22,19.22,
2020-12-18T11:39:00+05:30,19.21,19.25,19.21,19.23,
2020-12-18T11:40:00+05:30,19.23,19.26,19.2,19.25,
2020-12-18T11:41:00+05:30,19.25,19.25,19.21,19.23,
2020-12-18T11:42:00+05:30,19.24,19.32,19.23,19.32,
2020-12-18T11:43:00+05:30,19.32,19.34,19.3,19.31,
2020-12-18T11:44:00+05:30,19.31,19.32,19.27,19.27,
2020-12-18T11:45:00+05:30,19.27,19.29,19.26,19.28,
2020-12-18T11:46:00+05:30,19.27,19.29,19.26,19.29,
2020-12-18T11:47:00+05:30,19.29,19.29,19.26,19.26,
2020-12-18T11:48:00+05:30,19.26,19.28,19.26,19.27,
2020-12-18T11:49:00+05:30,19.28,19.3,19.27,19.27,
2020-12-18T11:50:00+05:30,19.27,19.32,19.25,19.31,
2020-12-18T11:51:00+05:30,19.31,19.33,19.29,19.32,
2020-12-18T11:52:00+05:30,19.32,19.34,19.29,19.29,
2020-12-18T11:53:00+05:30,19.29,19.33,19.29,19.32,
2020-12-18T11:54:00+05:30,19.32,19.36,19.29,19.34,
2020-12-18T11:55:00+05:30,19.34,19.36,19.33,19.35,
2020-12-18T11:56:00+05:30,19.33,19.37,19.31,19.36,
2020-12-18T11:57:00+05:30,19.36,19.39,19.34,19.37,
2020-12-18T11:58:00+05:30,19.37,19.37,19.33,19.34,
2020-12-18T11:59:00+05:30,19.34,19.34,19.28,19.32,
2020-12-18T12:00:00+05:30,19.32,19.34,19.25,19.32,
2020-12-18T12:01:00+05:30,19.32,19.34,19.3,19.33,
2020-12-18T12:02:00+05:30,19.33,19.34,19.31,19.31,
2020-12-18T12:03:00+05:30,19.31,19.33,19.26,19.26,
2020-12-18T12:04:00+05:30,19.26,19.34,19.26,19.32,
2020-12-18T12:05:00+05:30,19.32,19.33,19.3,19.32,
2020-12-18T12:06:00+05:30,19.32,19.33,19.29,19.32,
2020-12-18T12:07:00+05:30,19.31,19.34,19.3,19.31,
2020-12-18T12:08:00+05:30,19.31,19.33,19.31,19.31,
2020-12-18T12:09:00+05:30,19.31,19.32,19.28,19.3,
2020-12-18T12:10:00+05:30,19.3,19.33,19.3,19.31,
2020-12-18T12:11:00+05:30,19.31,19.34,19.31,19.32,
2020-12-18T12:12:00+05:30,19.32,19.32,19.28,19.3,
2020-12-18T12:13:00+05:30,19.3,19.31,19.29,19.3,
2020-12-18T12:14:00+05:30,19.3,19.31,19.28,19.3,
2020-12-18T12:15:00+05:30,19.3,19.3,19.28,19.28,
2020-12-18T12:16:00+05:30,19.28,19.31,19.27,19.27,
2020-12-18T12:17:00+05:30,19.27,19.35,19.26,19.33,
2020-12-18T12:18:00+05:30,19.33,19.33,19.29,19.29,
2020-12-18T12:19:00+05:30,19.29,19.31,19.27,19.29,
2020-12-18T12:20:00+05:30,19.29,19.31,19.26,19.26,
2020-12-18T12:21:00+05:30,19.26,19.31,19.24,19.3,
2020-12-18T12:22:00+05:30,19.3,19.32,19.28,19.28,
2020-12-18T12:23:00+05:30,19.28,19.31,19.28,19.29,
2020-12-18T12:24:00+05:30,19.29,19.31,19.28,19.29,
2020-12-18T12:25:00+05:30,19.29,19.29,19.25,19.25,
2020-12-18T12:26:00+05:30,19.26,19.27,19.24,19.27,
2020-12-18T12:27:00+05:30,19.25,19.28,19.24,19.26,
2020-12-18T12:28:00+05:30,19.26,19.3,19.24,19.3,
2020-12-18T12:29:00+05:30,19.3,19.31,19.25,19.29,
2020-12-18T12:30:00+05:30,19.29,19.31,19.27,19.31,
2020-12-18T12:31:00+05:30,19.31,19.32,19.27,19.3,
2020-12-18T12:32:00+05:30,19.32,19.34,19.26,19.32,
2020-12-18T12:33:00+05:30,19.32,19.32,19.28,19.28,
2020-12-18T12:34:00+05:30,19.28,19.32,19.24,19.27,
2020-12-18T12:35:00+05:30,19.27,19.3,19.26,19.27,
2020-12-18T12:36:00+05:30,19.27,19.29,19.26,19.28,
2020-12-18T12:37:00+05:30,19.28,19.34,19.28,19.32,
2020-12-18T12:38:00+05:30,19.32,19.35,19.31,19.32,
2020-12-18T12:39:00+05:30,19.32,19.32,19.31,19.32,
2020-12-18T12:40:00+05:30,19.32,19.4,19.32,19.39,
2020-12-18T12:41:00+05:30,19.4,19.4,19.36,19.38,
2020-12-18T12:42:00+05:30,19.38,19.38,19.33,19.36,
2020-12-18T12:43:00+05:30,19.36,19.4,19.36,19.38,
2020-12-18T12:44:00+05:30,19.38,19.4,19.36,19.36,
2020-12-18T12:45:00+05:30,19.35,19.37,19.33,19.36,
2020-12-18T12:46:00+05:30,19.36,19.36,19.24,19.27,
2020-12-18T12:47:00+05:30,19.27,19.29,19.27,19.28,
2020-12-18T12:48:00+05:30,19.28,19.28,19.22,19.22,
2020-12-18T12:49:00+05:30,19.22,19.29,19.21,19.29,
2020-12-18T12:50:00+05:30,19.29,19.3,19.26,19.27,
2020-12-18T12:51:00+05:30,19.28,19.28,19.26,19.27,
2020-12-18T12:52:00+05:30,19.27,19.27,19.25,19.26,
2020-12-18T12:53:00+05:30,19.26,19.27,19.24,19.26,
2020-12-18T12:54:00+05:30,19.25,19.28,19.25,19.27,
2020-12-18T12:55:00+05:30,19.28,19.28,19.26,19.26,
2020-12-18T12:56:00+05:30,19.26,19.28,19.25,19.26,
2020-12-18T12:57:00+05:30,19.27,19.28,19.27,19.28,
2020-12-18T12:58:00+05:30,19.28,19.28,19.26,19.26,
2020-12-18T12:59:00+05:30,19.25,19.28,19.25,19.27,
2020-12-18T13:00:00+05:30,19.27,19.27,19.26,19.26,
2020-12-18T13:01:00+05:30,19.26,19.26,19.24,19.25,
2020-12-18T13:02:00+05:30,19.25,19.28,19.22,19.24,
2020-12-18T13:03:00+05:30,19.24,19.33,19.24,19.27,
2020-12-18T13:04:00+05:30,19.27,19.3,19.23,19.28,
2020-12-18T13:05:00+05:30,19.28,19.3,19.27,19.28,
2020-12-18T13:06:00+05:30,19.28,19.28,19.26,19.27,
2020-12-18T13:07:00+05:30,19.27,19.28,19.24,19.24,
2020-12-18T13:08:00+05:30,19.24,19.28,19.24,19.27,
2020-12-18T13:09:00+05:30,19.27,19.27,19.14,19.18,
2020-12-18T13:10:00+05:30,19.18,19.18,19.14,19.17,
2020-12-18T13:11:00+05:30,19.17,19.18,19.14,19.17,
2020-12-18T13:12:00+05:30,19.18,19.18,19.13,19.15,
2020-12-18T13:13:00+05:30,19.16,19.17,19.13,19.13,
2020-12-18T13:14:00+05:30,19.14,19.17,19.14,19.14,
2020-12-18T13:15:00+05:30,19.14,19.16,19.11,19.13,
2020-12-18T13:16:00+05:30,19.13,19.15,19.13,19.13,
2020-12-18T13:17:00+05:30,19.13,19.15,19.12,19.14,
2020-12-18T13:18:00+05:30,19.13,19.15,19.12,19.13,
2020-12-18T13:19:00+05:30,19.14,19.15,19.12,19.15,
2020-12-18T13:20:00+05:30,19.13,19.25,19.11,19.14,
2020-12-18T13:21:00+05:30,19.14,19.16,19.11,19.14,
2020-12-18T13:22:00+05:30,19.14,19.14,19.06,19.06,
2020-12-18T13:23:00+05:30,19.08,19.12,19.07,19.09,
2020-12-18T13:24:00+05:30,19.09,19.1,19.07,19.09,
2020-12-18T13:25:00+05:30,19.09,19.14,19.08,19.14,
2020-12-18T13:26:00+05:30,19.13,19.13,19.04,19.04,
2020-12-18T13:27:00+05:30,18.99,19.02,18.91,19.01,
2020-12-18T13:28:00+05:30,19.01,19.07,18.98,19.07,
2020-12-18T13:29:00+05:30,19.06,19.06,18.99,18.99,
2020-12-18T13:30:00+05:30,18.99,19.01,18.94,18.96,
2020-12-18T13:31:00+05:30,18.97,19.02,18.97,19.02,
2020-12-18T13:32:00+05:30,19.01,19.02,18.99,19.01,
2020-12-18T13:33:00+05:30,19.01,19.02,18.99,19.01,
2020-12-18T13:34:00+05:30,19.01,19.01,18.99,18.99,
2020-12-18T13:35:00+05:30,18.99,19.02,18.98,18.99,
2020-12-18T13:36:00+05:30,18.98,19,18.98,18.99,
2020-12-18T13:37:00+05:30,18.99,19,18.97,18.98,
2020-12-18T13:38:00+05:30,18.99,19,18.95,18.98,
2020-12-18T13:39:00+05:30,18.98,18.99,18.95,18.97,
2020-12-18T13:40:00+05:30,18.97,19.03,18.96,19.02,
2020-12-18T13:41:00+05:30,19.02,19.02,18.95,18.97,
2020-12-18T13:42:00+05:30,18.97,19,18.97,18.99,
2020-12-18T13:43:00+05:30,18.99,19.03,18.97,18.97,
2020-12-18T13:44:00+05:30,18.97,18.98,18.95,18.97,
2020-12-18T13:45:00+05:30,18.97,19,18.94,19,
2020-12-18T13:46:00+05:30,19,19,18.96,18.97,
2020-12-18T13:47:00+05:30,18.97,19.02,18.97,19.01,
2020-12-18T13:48:00+05:30,19.01,19.03,18.98,19,
2020-12-18T13:49:00+05:30,19.01,19.01,18.98,19.01,
2020-12-18T13:50:00+05:30,19.01,19.01,18.97,18.99,
2020-12-18T13:51:00+05:30,18.98,19.01,18.98,18.98,
2020-12-18T13:52:00+05:30,18.98,19,18.97,18.99,
2020-12-18T13:53:00+05:30,18.99,19.01,18.92,18.92,
2020-12-18T13:54:00+05:30,18.92,18.94,18.9,18.94,
2020-12-18T13:55:00+05:30,18.93,18.94,18.87,18.88,
2020-12-18T13:56:00+05:30,18.88,18.9,18.85,18.88,
2020-12-18T13:57:00+05:30,18.87,18.9,18.86,18.89,
2020-12-18T13:58:00+05:30,18.9,18.93,18.88,18.89,
2020-12-18T13:59:00+05:30,18.89,18.94,18.88,18.91,
2020-12-18T14:00:00+05:30,18.91,18.92,18.88,18.9,
2020-12-18T14:01:00+05:30,18.9,18.91,18.88,18.89,
2020-12-18T14:02:00+05:30,18.89,18.92,18.89,18.89,
2020-12-18T14:03:00+05:30,18.89,18.9,18.88,18.89,
2020-12-18T14:04:00+05:30,18.89,18.92,18.89,18.91,
2020-12-18T14:05:00+05:30,18.91,18.93,18.88,18.92,
2020-12-18T14:06:00+05:30,18.92,18.98,18.89,18.95,
2020-12-18T14:07:00+05:30,18.95,19,18.95,18.97,
2020-12-18T14:08:00+05:30,18.98,18.98,18.94,18.96,
2020-12-18T14:09:00+05:30,18.96,18.96,18.93,18.96,
2020-12-18T14:10:00+05:30,18.96,18.96,18.92,18.93,
2020-12-18T14:11:00+05:30,18.93,18.95,18.9,18.94,
2020-12-18T14:12:00+05:30,18.95,18.95,18.87,18.91,
2020-12-18T14:13:00+05:30,18.91,18.91,18.86,18.87,
2020-12-18T14:14:00+05:30,18.87,18.89,18.85,18.86,
2020-12-18T14:15:00+05:30,18.86,18.86,18.81,18.81,
2020-12-18T14:16:00+05:30,18.81,18.82,18.77,18.77,
2020-12-18T14:17:00+05:30,18.77,18.83,18.77,18.81,
2020-12-18T14:18:00+05:30,18.81,18.84,18.78,18.79,
2020-12-18T14:19:00+05:30,18.79,18.85,18.79,18.85,
2020-12-18T14:20:00+05:30,18.85,18.86,18.83,18.86,
2020-12-18T14:21:00+05:30,18.85,18.9,18.85,18.86,
2020-12-18T14:22:00+05:30,18.86,18.88,18.83,18.85,
2020-12-18T14:23:00+05:30,18.85,18.88,18.83,18.85,
2020-12-18T14:24:00+05:30,18.85,18.89,18.84,18.84,
2020-12-18T14:25:00+05:30,18.84,18.88,18.74,18.74,
2020-12-18T14:26:00+05:30,18.74,18.75,18.69,18.74,
2020-12-18T14:27:00+05:30,18.74,18.75,18.7,18.75,
2020-12-18T14:28:00+05:30,18.75,18.75,18.71,18.73,
2020-12-18T14:29:00+05:30,18.77,18.79,18.73,18.75,
2020-12-18T14:30:00+05:30,18.74,18.79,18.74,18.78,
2020-12-18T14:31:00+05:30,18.78,18.82,18.76,18.77,
2020-12-18T14:32:00+05:30,18.77,18.81,18.75,18.78,
2020-12-18T14:33:00+05:30,18.78,18.8,18.74,18.77,
2020-12-18T14:34:00+05:30,18.77,18.77,18.69,18.69,
2020-12-18T14:35:00+05:30,18.69,18.7,18.65,18.67,
2020-12-18T14:36:00+05:30,18.68,18.68,18.63,18.63,
2020-12-18T14:37:00+05:30,18.63,18.66,18.63,18.64,
2020-12-18T14:38:00+05:30,18.64,18.66,18.63,18.63,
2020-12-18T14:39:00+05:30,18.64,18.66,18.57,18.58,
2020-12-18T14:40:00+05:30,18.58,18.64,18.57,18.61,
2020-12-18T14:41:00+05:30,18.61,18.62,18.58,18.6,
2020-12-18T14:42:00+05:30,18.6,18.67,18.59,18.63,
2020-12-18T14:43:00+05:30,18.62,18.64,18.6,18.61,
2020-12-18T14:44:00+05:30,18.6,18.65,18.59,18.6,
2020-12-18T14:45:00+05:30,18.6,18.65,18.59,18.65,
2020-12-18T14:46:00+05:30,18.66,18.66,18.59,18.63,
2020-12-18T14:47:00+05:30,18.63,18.64,18.6,18.61,
2020-12-18T14:48:00+05:30,18.62,18.65,18.62,18.62,
2020-12-18T14:49:00+05:30,18.63,18.63,18.61,18.63,
2020-12-18T14:50:00+05:30,18.63,18.66,18.6,18.62,
2020-12-18T14:51:00+05:30,18.62,18.63,18.6,18.62,
2020-12-18T14:52:00+05:30,18.62,18.63,18.61,18.61,
2020-12-18T14:53:00+05:30,18.61,18.62,18.6,18.6,
2020-12-18T14:54:00+05:30,18.6,18.63,18.58,18.61,
2020-12-18T14:55:00+05:30,18.61,18.63,18.6,18.61,
2020-12-18T14:56:00+05:30,18.6,18.63,18.6,18.62,
2020-12-18T14:57:00+05:30,18.61,18.66,18.59,18.64,
2020-12-18T14:58:00+05:30,18.64,18.65,18.62,18.65,
2020-12-18T14:59:00+05:30,18.66,18.66,18.62,18.64,
2020-12-18T15:00:00+05:30,18.63,18.65,18.61,18.63,
2020-12-18T15:01:00+05:30,18.62,18.65,18.61,18.65,
2020-12-18T15:02:00+05:30,18.65,18.65,18.61,18.62,
2020-12-18T15:03:00+05:30,18.62,18.64,18.6,18.64,
2020-12-18T15:04:00+05:30,18.64,18.64,18.59,18.61,
2020-12-18T15:05:00+05:30,18.61,18.63,18.58,18.62,
2020-12-18T15:06:00+05:30,18.62,18.64,18.62,18.62,
2020-12-18T15:07:00+05:30,18.62,18.64,18.6,18.6,
2020-12-18T15:08:00+05:30,18.61,18.65,18.61,18.64,
2020-12-18T15:09:00+05:30,18.64,18.66,18.63,18.65,
2020-12-18T15:10:00+05:30,18.65,18.67,18.62,18.66,
2020-12-18T15:11:00+05:30,18.66,18.66,18.64,18.64,
2020-12-18T15:12:00+05:30,18.65,18.65,18.62,18.63,
2020-12-18T15:13:00+05:30,18.63,18.65,18.62,18.65,
2020-12-18T15:14:00+05:30,18.65,18.65,18.61,18.62,
2020-12-18T15:15:00+05:30,18.62,18.64,18.59,18.6,
2020-12-18T15:16:00+05:30,18.6,18.62,18.59,18.61,
2020-12-18T15:17:00+05:30,18.61,18.63,18.6,18.63,
2020-12-18T15:18:00+05:30,18.63,18.63,18.59,18.61,
2020-12-18T15:19:00+05:30,18.61,18.61,18.57,18.61,
2020-12-18T15:20:00+05:30,18.61,18.62,18.59,18.62,
2020-12-18T15:21:00+05:30,18.62,18.63,18.59,18.62,
2020-12-18T15:22:00+05:30,18.62,18.62,18.6,18.62,
2020-12-18T15:23:00+05:30,18.62,18.63,18.62,18.62,
2020-12-18T15:24:00+05:30,18.62,18.63,18.6,18.62,
2020-12-18T15:25:00+05:30,18.61,18.63,18.61,18.61,
2020-12-18T15:26:00+05:30,18.61,18.63,18.6,18.6,
2020-12-18T15:27:00+05:30,18.6,18.63,18.6,18.6,
2020-12-18T15:28:00+05:30,18.6,18.65,18.59,18.63,
2020-12-18T15:29:00+05:30,18.63,18.7,18.63,18.69,
2020-12-21T09:15:00+05:30,18.62,19.5,18.62,19.34,
2020-12-21T09:16:00+05:30,19.32,19.33,19.25,19.26,
2020-12-21T09:17:00+05:30,19.28,19.28,19.16,19.2,
2020-12-21T09:18:00+05:30,19.2,19.26,19.2,19.24,
2020-12-21T09:19:00+05:30,19.21,19.3,19.21,19.3,
2020-12-21T09:20:00+05:30,19.3,19.47,19.26,19.46,
2020-12-21T09:21:00+05:30,19.46,19.52,19.43,19.52,
2020-12-21T09:22:00+05:30,19.54,19.58,19.51,19.57,
2020-12-21T09:23:00+05:30,19.57,19.57,19.49,19.56,
2020-12-21T09:24:00+05:30,19.57,19.58,19.53,19.56,
2020-12-21T09:25:00+05:30,19.55,19.57,19.53,19.56,
2020-12-21T09:26:00+05:30,19.56,19.57,19.52,19.57,
2020-12-21T09:27:00+05:30,19.56,19.58,19.54,19.57,
2020-12-21T09:28:00+05:30,19.57,19.58,19.54,19.54,
2020-12-21T09:29:00+05:30,19.53,19.55,19.53,19.55,
2020-12-21T09:30:00+05:30,19.56,19.58,19.53,19.53,
2020-12-21T09:31:00+05:30,19.53,19.59,19.53,19.59,
2020-12-21T09:32:00+05:30,19.59,19.69,19.59,19.69,
2020-12-21T09:33:00+05:30,19.69,19.72,19.68,19.7,
2020-12-21T09:34:00+05:30,19.7,19.73,19.68,19.69,
2020-12-21T09:35:00+05:30,19.7,19.73,19.68,19.71,
2020-12-21T09:36:00+05:30,19.7,19.72,19.69,19.69,
2020-12-21T09:37:00+05:30,19.69,19.69,19.63,19.63,
2020-12-21T09:38:00+05:30,19.62,19.64,19.6,19.62,
2020-12-21T09:39:00+05:30,19.62,19.62,19.59,19.59,
2020-12-21T09:40:00+05:30,19.6,19.65,19.59,19.64,
2020-12-21T09:41:00+05:30,19.64,19.64,19.54,19.57,
2020-12-21T09:42:00+05:30,19.57,19.6,19.56,19.59,
2020-12-21T09:43:00+05:30,19.59,19.59,19.55,19.58,
2020-12-21T09:44:00+05:30,19.59,19.64,19.59,19.64,
2020-12-21T09:45:00+05:30,19.63,19.66,19.62,19.64,
2020-12-21T09:46:00+05:30,19.64,19.68,19.63,19.64,
2020-12-21T09:47:00+05:30,19.63,19.64,19.57,19.57,
2020-12-21T09:48:00+05:30,19.57,19.59,19.53,19.58,
2020-12-21T09:49:00+05:30,19.58,19.58,19.53,19.58,
2020-12-21T09:50:00+05:30,19.58,19.59,19.55,19.55,
2020-12-21T09:51:00+05:30,19.54,19.58,19.52,19.55,
2020-12-21T09:52:00+05:30,19.55,19.56,19.49,19.51,
2020-12-21T09:53:00+05:30,19.51,19.58,19.51,19.57,
2020-12-21T09:54:00+05:30,19.57,19.58,19.52,19.54,
2020-12-21T09:55:00+05:30,19.54,19.57,19.53,19.55,
2020-12-21T09:56:00+05:30,19.56,19.56,19.5,19.52,
2020-12-21T09:57:00+05:30,19.52,19.57,19.51,19.55,
2020-12-21T09:58:00+05:30,19.55,19.59,19.5,19.52,
2020-12-21T09:59:00+05:30,19.53,19.56,19.52,19.54,
2020-12-21T10:00:00+05:30,19.55,19.58,19.55,19.55,
2020-12-21T10:01:00+05:30,19.55,19.56,19.53,19.54,
2020-12-21T10:02:00+05:30,19.54,19.55,19.52,19.53,
2020-12-21T10:03:00+05:30,19.53,19.55,19.5,19.54,
2020-12-21T10:04:00+05:30,19.53,19.55,19.52,19.54,
2020-12-21T10:05:00+05:30,19.54,19.58,19.53,19.55,
2020-12-21T10:06:00+05:30,19.55,19.57,19.52,19.57,
2020-12-21T10:07:00+05:30,19.57,19.59,19.54,19.57,
2020-12-21T10:08:00+05:30,19.57,19.58,19.55,19.56,
2020-12-21T10:09:00+05:30,19.56,19.59,19.53,19.57,
2020-12-21T10:10:00+05:30,19.58,19.59,19.53,19.58,
2020-12-21T10:11:00+05:30,19.57,19.58,19.56,19.57,
2020-12-21T10:12:00+05:30,19.57,19.58,19.51,19.51,
2020-12-21T10:13:00+05:30,19.5,19.5,19.43,19.44,
2020-12-21T10:14:00+05:30,19.47,19.52,19.45,19.45,
2020-12-21T10:15:00+05:30,19.45,19.49,19.45,19.45,
2020-12-21T10:16:00+05:30,19.45,19.54,19.43,19.48,
2020-12-21T10:17:00+05:30,19.48,19.49,19.42,19.42,
2020-12-21T10:18:00+05:30,19.42,19.51,19.42,19.45,
2020-12-21T10:19:00+05:30,19.45,19.47,19.44,19.45,
2020-12-21T10:20:00+05:30,19.45,19.49,19.38,19.38,
2020-12-21T10:21:00+05:30,19.38,19.46,19.37,19.46,
2020-12-21T10:22:00+05:30,19.46,19.46,19.4,19.4,
2020-12-21T10:23:00+05:30,19.4,19.44,19.37,19.42,
2020-12-21T10:24:00+05:30,19.42,19.42,19.39,19.41,
2020-12-21T10:25:00+05:30,19.41,19.43,19.37,19.38,
2020-12-21T10:26:00+05:30,19.38,19.46,19.38,19.46,
2020-12-21T10:27:00+05:30,19.46,19.46,19.42,19.44,
2020-12-21T10:28:00+05:30,19.42,19.44,19.41,19.44,
2020-12-21T10:29:00+05:30,19.44,19.45,19.41,19.42,
2020-12-21T10:30:00+05:30,19.42,19.44,19.4,19.41,
2020-12-21T10:31:00+05:30,19.41,19.46,19.4,19.42,
2020-12-21T10:32:00+05:30,19.4,19.46,19.39,19.44,
2020-12-21T10:33:00+05:30,19.44,19.47,19.38,19.46,
2020-12-21T10:34:00+05:30,19.46,19.48,19.38,19.42,
2020-12-21T10:35:00+05:30,19.42,19.48,19.42,19.47,
2020-12-21T10:36:00+05:30,19.47,19.51,19.42,19.49,
2020-12-21T10:37:00+05:30,19.49,19.51,19.42,19.42,
2020-12-21T10:38:00+05:30,19.42,19.45,19.42,19.42,
2020-12-21T10:39:00+05:30,19.42,19.43,19.36,19.41,
2020-12-21T10:40:00+05:30,19.41,19.41,19.33,19.34,
2020-12-21T10:41:00+05:30,19.34,19.46,19.33,19.43,
2020-12-21T10:42:00+05:30,19.43,19.43,19.34,19.36,
2020-12-21T10:43:00+05:30,19.36,19.47,19.35,19.41,
2020-12-21T10:44:00+05:30,19.41,19.42,19.34,19.4,
2020-12-21T10:45:00+05:30,19.39,19.44,19.37,19.43,
2020-12-21T10:46:00+05:30,19.41,19.44,19.33,19.34,
2020-12-21T10:47:00+05:30,19.34,19.41,19.34,19.35,
2020-12-21T10:48:00+05:30,19.35,19.43,19.35,19.37,
2020-12-21T10:49:00+05:30,19.37,19.44,19.37,19.44,
2020-12-21T10:50:00+05:30,19.44,19.44,19.37,19.42,
2020-12-21T10:51:00+05:30,19.39,19.42,19.37,19.38,
2020-12-21T10:52:00+05:30,19.43,19.43,19.37,19.37,
2020-12-21T10:53:00+05:30,19.36,19.4,19.36,19.37,
2020-12-21T10:54:00+05:30,19.37,19.46,19.37,19.41,
2020-12-21T10:55:00+05:30,19.41,19.43,19.4,19.4,
2020-12-21T10:56:00+05:30,19.4,19.44,19.39,19.44,
2020-12-21T10:57:00+05:30,19.44,19.46,19.4,19.42,
2020-12-21T10:58:00+05:30,19.43,19.45,19.41,19.42,
2020-12-21T10:59:00+05:30,19.42,19.54,19.42,19.46,
2020-12-21T11:00:00+05:30,19.46,19.51,19.44,19.49,
2020-12-21T11:01:00+05:30,19.49,19.49,19.31,19.4,
2020-12-21T11:02:00+05:30,19.4,19.4,19.3,19.33,
2020-12-21T11:03:00+05:30,19.34,19.41,19.34,19.36,
2020-12-21T11:04:00+05:30,19.38,19.42,19.35,19.38,
2020-12-21T11:05:00+05:30,19.37,19.39,19.35,19.39,
2020-12-21T11:06:00+05:30,19.39,19.39,19.36,19.38,
2020-12-21T11:07:00+05:30,19.38,19.43,19.35,19.37,
2020-12-21T11:08:00+05:30,19.37,19.48,19.36,19.42,
2020-12-21T11:09:00+05:30,19.42,19.44,19.41,19.44,
2020-12-21T11:10:00+05:30,19.44,19.46,19.38,19.41,
2020-12-21T11:11:00+05:30,19.41,19.44,19.4,19.41,
2020-12-21T11:12:00+05:30,19.42,19.44,19.41,19.41,
2020-12-21T11:13:00+05:30,19.41,19.43,19.41,19.42,
2020-12-21T11:14:00+05:30,19.42,19.49,19.42,19.48,
2020-12-21T11:15:00+05:30,19.48,19.48,19.43,19.46,
2020-12-21T11:16:00+05:30,19.46,19.47,19.41,19.42,
2020-12-21T11:17:00+05:30,19.42,19.46,19.41,19.42,
2020-12-21T11:18:00+05:30,19.43,19.46,19.4,19.42,
2020-12-21T11:19:00+05:30,19.42,19.43,19.37,19.39,
2020-12-21T11:20:00+05:30,19.39,19.42,19.38,19.42,
2020-12-21T11:21:00+05:30,19.42,19.43,19.38,19.42,
2020-12-21T11:22:00+05:30,19.42,19.49,19.42,19.48,
2020-12-21T11:23:00+05:30,19.48,19.48,19.43,19.45,
2020-12-21T11:24:00+05:30,19.45,19.5,19.44,19.5,
2020-12-21T11:25:00+05:30,19.5,19.5,19.44,19.45,
2020-12-21T11:26:00+05:30,19.46,19.47,19.42,19.43,
2020-12-21T11:27:00+05:30,19.43,19.45,19.41,19.45,
2020-12-21T11:28:00+05:30,19.44,19.46,19.4,19.43,
2020-12-21T11:29:00+05:30,19.43,19.46,19.4,19.45,
2020-12-21T11:30:00+05:30,19.45,19.5,19.4,19.5,
2020-12-21T11:31:00+05:30,19.49,19.51,19.41,19.41,
2020-12-21T11:32:00+05:30,19.44,19.47,19.43,19.45,
2020-12-21T11:33:00+05:30,19.45,19.5,19.44,19.48,
2020-12-21T11:34:00+05:30,19.49,19.49,19.43,19.43,
2020-12-21T11:35:00+05:30,19.43,19.49,19.42,19.47,
2020-12-21T11:36:00+05:30,19.48,19.48,19.39,19.41,
2020-12-21T11:37:00+05:30,19.4,19.52,19.4,19.46,
2020-12-21T11:38:00+05:30,19.46,19.55,19.46,19.54,
2020-12-21T11:39:00+05:30,19.53,19.62,19.53,19.53,
2020-12-21T11:40:00+05:30,19.53,19.57,19.53,19.56,
2020-12-21T11:41:00+05:30,19.56,19.59,19.55,19.58,
2020-12-21T11:42:00+05:30,19.58,19.66,19.55,19.55,
2020-12-21T11:43:00+05:30,19.55,19.61,19.54,19.57,
2020-12-21T11:44:00+05:30,19.58,19.63,19.57,19.6,
2020-12-21T11:45:00+05:30,19.6,19.61,19.55,19.6,
2020-12-21T11:46:00+05:30,19.6,19.64,19.49,19.51,
2020-12-21T11:47:00+05:30,19.51,19.6,19.48,19.54,
2020-12-21T11:48:00+05:30,19.53,19.59,19.49,19.55,
2020-12-21T11:49:00+05:30,19.54,19.56,19.53,19.55,
2020-12-21T11:50:00+05:30,19.55,19.55,19.46,19.5,
2020-12-21T11:51:00+05:30,19.5,19.54,19.44,19.47,
2020-12-21T11:52:00+05:30,19.49,19.49,19.44,19.44,
2020-12-21T11:53:00+05:30,19.44,19.5,19.42,19.45,
2020-12-21T11:54:00+05:30,19.45,19.47,19.43,19.43,
2020-12-21T11:55:00+05:30,19.43,19.46,19.43,19.46,
2020-12-21T11:56:00+05:30,19.45,19.46,19.42,19.44,
2020-12-21T11:57:00+05:30,19.44,19.47,19.42,19.44,
2020-12-21T11:58:00+05:30,19.44,19.48,19.44,19.44,
2020-12-21T11:59:00+05:30,19.47,19.48,19.39,19.45,
2020-12-21T12:00:00+05:30,19.44,19.51,19.39,19.4,
2020-12-21T12:01:00+05:30,19.4,19.46,19.36,19.41,
2020-12-21T12:02:00+05:30,19.41,19.43,19.38,19.39,
2020-12-21T12:03:00+05:30,19.39,19.4,19.35,19.35,
2020-12-21T12:04:00+05:30,19.35,19.4,19.35,19.38,
2020-12-21T12:05:00+05:30,19.38,19.43,19.36,19.38,
2020-12-21T12:06:00+05:30,19.38,19.48,19.37,19.45,
2020-12-21T12:07:00+05:30,19.46,19.46,19.41,19.41,
2020-12-21T12:08:00+05:30,19.41,19.46,19.41,19.46,
2020-12-21T12:09:00+05:30,19.46,19.48,19.39,19.4,
2020-12-21T12:10:00+05:30,19.4,19.49,19.4,19.48,
2020-12-21T12:11:00+05:30,19.48,19.48,19.45,19.46,
2020-12-21T12:12:00+05:30,19.46,19.56,19.44,19.53,
2020-12-21T12:13:00+05:30,19.53,19.53,19.47,19.49,
2020-12-21T12:14:00+05:30,19.5,19.58,19.48,19.48,
2020-12-21T12:15:00+05:30,19.49,19.57,19.48,19.57,
2020-12-21T12:16:00+05:30,19.57,19.57,19.51,19.54,
2020-12-21T12:17:00+05:30,19.54,19.54,19.48,19.48,
2020-12-21T12:18:00+05:30,19.49,19.54,19.44,19.49,
2020-12-21T12:19:00+05:30,19.49,19.51,19.46,19.46,
2020-12-21T12:20:00+05:30,19.45,19.5,19.44,19.47,
2020-12-21T12:21:00+05:30,19.47,19.49,19.41,19.41,
2020-12-21T12:22:00+05:30,19.42,19.53,19.42,19.45,
2020-12-21T12:23:00+05:30,19.45,19.5,19.44,19.44,
2020-12-21T12:24:00+05:30,19.44,19.53,19.44,19.53,
2020-12-21T12:25:00+05:30,19.55,19.55,19.51,19.51,
2020-12-21T12:26:00+05:30,19.51,19.54,19.5,19.52,
2020-12-21T12:27:00+05:30,19.53,19.57,19.5,19.57,
2020-12-21T12:28:00+05:30,19.58,19.6,19.5,19.52,
2020-12-21T12:29:00+05:30,19.52,19.6,19.52,19.53,
2020-12-21T12:30:00+05:30,19.54,19.61,19.54,19.54,
2020-12-21T12:31:00+05:30,19.54,19.58,19.52,19.54,
2020-12-21T12:32:00+05:30,19.54,19.65,19.54,19.64,
2020-12-21T12:33:00+05:30,19.64,19.67,19.58,19.58,
2020-12-21T12:34:00+05:30,19.58,19.61,19.58,19.61,
2020-12-21T12:35:00+05:30,19.61,19.61,19.54,19.54,
2020-12-21T12:36:00+05:30,19.54,19.57,19.54,19.57,
2020-12-21T12:37:00+05:30,19.57,19.59,19.53,19.55,
2020-12-21T12:38:00+05:30,19.55,19.6,19.52,19.57,
2020-12-21T12:39:00+05:30,19.57,19.66,19.57,19.65,
2020-12-21T12:40:00+05:30,19.65,19.67,19.57,19.58,
2020-12-21T12:41:00+05:30,19.58,19.7,19.58,19.66,
2020-12-21T12:42:00+05:30,19.65,19.66,19.64,19.64,
2020-12-21T12:43:00+05:30,19.64,19.66,19.62,19.64,
2020-12-21T12:44:00+05:30,19.64,19.66,19.61,19.62,
2020-12-21T12:45:00+05:30,19.61,19.64,19.58,19.63,
2020-12-21T12:46:00+05:30,19.63,19.66,19.61,19.66,
2020-12-21T12:47:00+05:30,19.66,19.68,19.62,19.62,
2020-12-21T12:48:00+05:30,19.61,19.68,19.6,19.66,
2020-12-21T12:49:00+05:30,19.66,19.69,19.64,19.66,
2020-12-21T12:50:00+05:30,19.66,19.73,19.65,19.73,
2020-12-21T12:51:00+05:30,19.73,19.76,19.7,19.71,
2020-12-21T12:52:00+05:30,19.72,19.73,19.68,19.73,
2020-12-21T12:53:00+05:30,19.74,19.8,19.73,19.74,
2020-12-21T12:54:00+05:30,19.74,19.81,19.73,19.75,
2020-12-21T12:55:00+05:30,19.75,19.79,19.69,19.69,
2020-12-21T12:56:00+05:30,19.69,19.75,19.69,19.75,
2020-12-21T12:57:00+05:30,19.75,19.81,19.75,19.8,
2020-12-21T12:58:00+05:30,19.8,19.83,19.77,19.79,
2020-12-21T12:59:00+05:30,19.78,19.85,19.77,19.83,
2020-12-21T13:00:00+05:30,19.84,19.89,19.83,19.85,
2020-12-21T13:01:00+05:30,19.85,19.9,19.85,19.88,
2020-12-21T13:02:00+05:30,19.88,19.92,19.82,19.86,
2020-12-21T13:03:00+05:30,19.85,19.89,19.82,19.86,
2020-12-21T13:04:00+05:30,19.86,19.9,19.78,19.79,
2020-12-21T13:05:00+05:30,19.79,19.86,19.79,19.83,
2020-12-21T13:06:00+05:30,19.83,19.88,19.81,19.88,
2020-12-21T13:07:00+05:30,19.88,19.95,19.86,19.89,
2020-12-21T13:08:00+05:30,19.9,19.91,19.81,19.88,
2020-12-21T13:09:00+05:30,19.88,19.88,19.81,19.85,
2020-12-21T13:10:00+05:30,19.85,19.92,19.85,19.89,
2020-12-21T13:11:00+05:30,19.88,19.9,19.83,19.87,
2020-12-21T13:12:00+05:30,19.87,19.94,19.87,19.92,
2020-12-21T13:13:00+05:30,19.92,19.94,19.82,19.86,
2020-12-21T13:14:00+05:30,19.86,19.88,19.85,19.88,
2020-12-21T13:15:00+05:30,19.88,19.99,19.88,19.95,
2020-12-21T13:16:00+05:30,19.94,19.94,19.84,19.87,
2020-12-21T13:17:00+05:30,19.87,19.9,19.86,19.9,
2020-12-21T13:18:00+05:30,19.9,19.92,19.88,19.89,
2020-12-21T13:19:00+05:30,19.89,19.91,19.87,19.9,
2020-12-21T13:20:00+05:30,19.9,19.93,19.87,19.88,
2020-12-21T13:21:00+05:30,19.88,19.94,19.86,19.94,
2020-12-21T13:22:00+05:30,19.94,19.95,19.93,19.94,
2020-12-21T13:23:00+05:30,19.94,19.97,19.9,19.95,
2020-12-21T13:24:00+05:30,19.95,19.95,19.9,19.9,
2020-12-21T13:25:00+05:30,19.9,19.91,19.86,19.87,
2020-12-21T13:26:00+05:30,19.87,19.87,19.82,19.86,
2020-12-21T13:27:00+05:30,19.85,19.87,19.84,19.84,
2020-12-21T13:28:00+05:30,19.83,19.87,19.83,19.87,
2020-12-21T13:29:00+05:30,19.87,19.88,19.83,19.86,
2020-12-21T13:30:00+05:30,19.86,19.88,19.83,19.88,
2020-12-21T13:31:00+05:30,19.88,19.9,19.87,19.9,
2020-12-21T13:32:00+05:30,19.9,19.99,19.89,19.93,
2020-12-21T13:33:00+05:30,19.93,19.99,19.92,19.97,
2020-12-21T13:34:00+05:30,19.97,20.02,19.96,20,
2020-12-21T13:35:00+05:30,20.01,20.07,19.99,20.02,
2020-12-21T13:36:00+05:30,20.02,20.06,20,20.05,
2020-12-21T13:37:00+05:30,20.08,20.1,20.05,20.07,
2020-12-21T13:38:00+05:30,20.07,20.13,20.05,20.08,
2020-12-21T13:39:00+05:30,20.08,20.12,20.07,20.1,
2020-12-21T13:40:00+05:30,20.09,20.09,20.02,20.02,
2020-12-21T13:41:00+05:30,20.02,20.04,20.01,20.01,
2020-12-21T13:42:00+05:30,20.01,20.01,19.96,19.98,
2020-12-21T13:43:00+05:30,19.98,20.03,19.97,20.02,
2020-12-21T13:44:00+05:30,20.03,20.04,19.98,19.99,
2020-12-21T13:45:00+05:30,19.99,20.05,19.99,20.04,
2020-12-21T13:46:00+05:30,20.04,20.1,20.04,20.09,
2020-12-21T13:47:00+05:30,20.09,20.12,20.07,20.1,
2020-12-21T13:48:00+05:30,20.1,20.14,20.09,20.13,
2020-12-21T13:49:00+05:30,20.13,20.18,20.11,20.12,
2020-12-21T13:50:00+05:30,20.12,20.19,20.07,20.18,
2020-12-21T13:51:00+05:30,20.18,20.21,20.15,20.16,
2020-12-21T13:52:00+05:30,20.16,20.19,20.13,20.17,
2020-12-21T13:53:00+05:30,20.17,20.23,20.14,20.16,
2020-12-21T13:54:00+05:30,20.16,20.23,20.13,20.14,
2020-12-21T13:55:00+05:30,20.14,20.22,20.13,20.2,
2020-12-21T13:56:00+05:30,20.22,20.27,20.2,20.25,
2020-12-21T13:57:00+05:30,20.25,20.32,20.25,20.32,
2020-12-21T13:58:00+05:30,20.32,20.32,20.22,20.23,
2020-12-21T13:59:00+05:30,20.23,20.38,20.18,20.36,
2020-12-21T14:00:00+05:30,20.37,20.4,20.33,20.4,
2020-12-21T14:01:00+05:30,20.4,20.44,20.39,20.42,
2020-12-21T14:02:00+05:30,20.42,20.43,20.39,20.4,
2020-12-21T14:03:00+05:30,20.4,20.41,20.38,20.39,
2020-12-21T14:04:00+05:30,20.4,20.4,20.25,20.25,
2020-12-21T14:05:00+05:30,20.25,20.29,20.2,20.29,
2020-12-21T14:06:00+05:30,20.29,20.32,20.25,20.25,
2020-12-21T14:07:00+05:30,20.25,20.3,20.23,20.25,
2020-12-21T14:08:00+05:30,20.25,20.31,20.23,20.28,
2020-12-21T14:09:00+05:30,20.28,20.32,20.28,20.32,
2020-12-21T14:10:00+05:30,20.33,20.37,20.31,20.37,
2020-12-21T14:11:00+05:30,20.37,20.37,20.28,20.29,
2020-12-21T14:12:00+05:30,20.29,20.33,20.28,20.32,
2020-12-21T14:13:00+05:30,20.34,20.42,20.31,20.42,
2020-12-21T14:14:00+05:30,20.43,20.43,20.36,20.36,
2020-12-21T14:15:00+05:30,20.36,20.51,20.36,20.49,
2020-12-21T14:16:00+05:30,20.49,20.5,20.43,20.46,
2020-12-21T14:17:00+05:30,20.46,20.53,20.46,20.49,
2020-12-21T14:18:00+05:30,20.49,20.55,20.48,20.53,
2020-12-21T14:19:00+05:30,20.52,20.66,20.52,20.65,
2020-12-21T14:20:00+05:30,20.65,20.68,20.62,20.65,
2020-12-21T14:21:00+05:30,20.65,20.68,20.6,20.63,
2020-12-21T14:22:00+05:30,20.63,20.72,20.63,20.7,
2020-12-21T14:23:00+05:30,20.7,20.7,20.58,20.62,
2020-12-21T14:24:00+05:30,20.62,20.72,20.6,20.67,
2020-12-21T14:25:00+05:30,20.68,20.82,20.68,20.79,
2020-12-21T14:26:00+05:30,20.78,20.83,20.76,20.77,
2020-12-21T14:27:00+05:30,20.77,20.83,20.75,20.82,
2020-12-21T14:28:00+05:30,20.84,20.98,20.83,20.98,
2020-12-21T14:29:00+05:30,20.98,21.23,20.98,21.23,
2020-12-21T14:30:00+05:30,21.27,21.33,21.26,21.31,
2020-12-21T14:31:00+05:30,21.29,21.52,21.26,21.48,
2020-12-21T14:32:00+05:30,21.48,21.62,21.26,21.56,
2020-12-21T14:33:00+05:30,21.58,21.94,21.39,21.5,
2020-12-21T14:34:00+05:30,21.5,22.18,20.77,21.35,
2020-12-21T14:35:00+05:30,21.37,21.99,21.15,21.94,
2020-12-21T14:36:00+05:30,21.94,22.28,21.64,21.82,
2020-12-21T14:37:00+05:30,21.81,21.81,20.91,20.99,
2020-12-21T14:38:00+05:30,20.99,21.52,20.96,21.43,
2020-12-21T14:39:00+05:30,21.35,21.67,21.34,21.48,
2020-12-21T14:40:00+05:30,21.5,21.76,21.48,21.71,
2020-12-21T14:41:00+05:30,21.69,21.69,21.49,21.52,
2020-12-21T14:42:00+05:30,21.62,21.65,21.47,21.54,
2020-12-21T14:43:00+05:30,21.54,21.73,21.34,21.54,
2020-12-21T14:44:00+05:30,21.52,21.95,21.51,21.68,
2020-12-21T14:45:00+05:30,21.68,22.12,21.67,22.1,
2020-12-21T14:46:00+05:30,22.1,22.25,21.63,22.25,
2020-12-21T14:47:00+05:30,22.25,22.3,22.16,22.2,
2020-12-21T14:48:00+05:30,22.2,22.44,21.98,22.41,
2020-12-21T14:49:00+05:30,22.41,22.42,22.27,22.27,
2020-12-21T14:50:00+05:30,22.28,22.44,22.26,22.43,
2020-12-21T14:51:00+05:30,22.44,22.72,22.36,22.72,
2020-12-21T14:52:00+05:30,22.71,22.75,22.57,22.57,
2020-12-21T14:53:00+05:30,22.58,22.77,22.49,22.65,
2020-12-21T14:54:00+05:30,22.63,22.69,22.29,22.68,
2020-12-21T14:55:00+05:30,22.68,22.71,22.45,22.53,
2020-12-21T14:56:00+05:30,22.53,22.95,22.53,22.91,
2020-12-21T14:57:00+05:30,22.91,22.95,22.84,22.87,
2020-12-21T14:58:00+05:30,22.87,22.94,22.86,22.94,
2020-12-21T14:59:00+05:30,22.93,23.25,22.93,23.25,
2020-12-21T15:00:00+05:30,23.27,23.4,22.93,22.93,
2020-12-21T15:01:00+05:30,22.94,23.27,22.92,23.08,
2020-12-21T15:02:00+05:30,23.1,23.2,22.95,22.98,
2020-12-21T15:03:00+05:30,22.92,22.97,22.83,22.83,
2020-12-21T15:04:00+05:30,22.83,23.02,22.83,22.87,
2020-12-21T15:05:00+05:30,22.89,23.02,22.83,22.94,
2020-12-21T15:06:00+05:30,22.92,22.94,22.83,22.83,
2020-12-21T15:07:00+05:30,22.83,22.87,22.73,22.73,
2020-12-21T15:08:00+05:30,22.72,22.73,22.55,22.55,
2020-12-21T15:09:00+05:30,22.55,22.71,22.55,22.68,
2020-12-21T15:10:00+05:30,22.67,22.9,22.66,22.8,
2020-12-21T15:11:00+05:30,22.81,23,22.81,22.96,
2020-12-21T15:12:00+05:30,22.96,23.02,22.86,23.01,
2020-12-21T15:13:00+05:30,23,23.05,22.96,23.03,
2020-12-21T15:14:00+05:30,23.03,23.1,23.02,23.1,
2020-12-21T15:15:00+05:30,23.09,23.16,23.09,23.16,
2020-12-21T15:16:00+05:30,23.15,23.22,23.14,23.21,
2020-12-21T15:17:00+05:30,23.21,23.27,23.21,23.26,
2020-12-21T15:18:00+05:30,23.24,23.35,23.23,23.28,
2020-12-21T15:19:00+05:30,23.28,23.47,23.26,23.47,
2020-12-21T15:20:00+05:30,23.46,23.55,23.37,23.55,
2020-12-21T15:21:00+05:30,23.55,23.59,23.54,23.58,
2020-12-21T15:22:00+05:30,23.58,23.61,23.54,23.58,
2020-12-21T15:23:00+05:30,23.57,23.64,23.57,23.63,
2020-12-21T15:24:00+05:30,23.64,23.68,23.63,23.64,
2020-12-21T15:25:00+05:30,23.65,23.65,23.36,23.57,
2020-12-21T15:26:00+05:30,23.57,23.57,23.51,23.53,
2020-12-21T15:27:00+05:30,23.49,23.62,23.48,23.57,
2020-12-21T15:28:00+05:30,23.56,23.66,23.53,23.65,
2020-12-21T15:29:00+05:30,23.65,23.67,23.61,23.65,
2020-12-22T09:15:00+05:30,23.19,23.19,16.59,22.4,
2020-12-22T09:16:00+05:30,22.37,22.84,22.37,22.84,
2020-12-22T09:17:00+05:30,22.82,22.83,22.57,22.57,
2020-12-22T09:18:00+05:30,22.57,22.76,22.51,22.76,
2020-12-22T09:19:00+05:30,22.76,22.82,22.71,22.79,
2020-12-22T09:20:00+05:30,22.79,22.8,22.42,22.42,
2020-12-22T09:21:00+05:30,22.38,22.38,21.91,22.07,
2020-12-22T09:22:00+05:30,22.06,22.23,22.04,22.14,
2020-12-22T09:23:00+05:30,22.14,22.37,22.12,22.34,
2020-12-22T09:24:00+05:30,22.34,22.55,22.34,22.48,
2020-12-22T09:25:00+05:30,22.48,22.69,22.48,22.65,
2020-12-22T09:26:00+05:30,22.62,22.94,22.62,22.94,
2020-12-22T09:27:00+05:30,22.94,23.21,22.92,23.15,
2020-12-22T09:28:00+05:30,23.15,23.27,23.11,23.12,
2020-12-22T09:29:00+05:30,23.12,23.38,22.93,23.34,
2020-12-22T09:30:00+05:30,23.34,23.41,23.17,23.38,
2020-12-22T09:31:00+05:30,23.4,23.59,23.34,23.36,
2020-12-22T09:32:00+05:30,23.36,23.37,23.18,23.21,
2020-12-22T09:33:00+05:30,23.23,23.3,22.94,23.13,
2020-12-22T09:34:00+05:30,23.15,23.5,23.12,23.45,
2020-12-22T09:35:00+05:30,23.45,23.58,23.45,23.49,
2020-12-22T09:36:00+05:30,23.5,23.52,23.44,23.44,
2020-12-22T09:37:00+05:30,23.45,23.51,23.39,23.48,
2020-12-22T09:38:00+05:30,23.48,23.63,23.45,23.63,
2020-12-22T09:39:00+05:30,23.61,23.71,23.59,23.7,
2020-12-22T09:40:00+05:30,23.71,23.91,23.69,23.91,
2020-12-22T09:41:00+05:30,23.91,23.91,23.45,23.74,
2020-12-22T09:42:00+05:30,23.75,23.82,23.73,23.75,
2020-12-22T09:43:00+05:30,23.75,23.81,23.69,23.74,
2020-12-22T09:44:00+05:30,23.74,23.78,23.71,23.73,
2020-12-22T09:45:00+05:30,23.73,23.82,23.7,23.82,
2020-12-22T09:46:00+05:30,23.83,24.15,23.83,24.13,
2020-12-22T09:47:00+05:30,24.13,24.14,24.01,24.02,
2020-12-22T09:48:00+05:30,24.02,24.07,23.95,23.99,
2020-12-22T09:49:00+05:30,23.98,23.99,23.6,23.6,
2020-12-22T09:50:00+05:30,23.61,23.84,23.32,23.83,
2020-12-22T09:51:00+05:30,23.83,24.08,23.81,24.06,
2020-12-22T09:52:00+05:30,24.06,24.09,23.76,23.77,
2020-12-22T09:53:00+05:30,23.77,23.89,23.76,23.87,
2020-12-22T09:54:00+05:30,23.86,23.87,23.81,23.86,
2020-12-22T09:55:00+05:30,23.87,23.88,23.68,23.69,
2020-12-22T09:56:00+05:30,23.69,23.71,23.52,23.52,
2020-12-22T09:57:00+05:30,23.53,23.55,23.47,23.54,
2020-12-22T09:58:00+05:30,23.55,23.77,23.53,23.74,
2020-12-22T09:59:00+05:30,23.74,23.86,23.73,23.76,
2020-12-22T10:00:00+05:30,23.75,23.86,23.72,23.74,
2020-12-22T10:01:00+05:30,23.73,23.74,23.66,23.71,
2020-12-22T10:02:00+05:30,23.71,23.81,23.71,23.75,
2020-12-22T10:03:00+05:30,23.74,23.91,23.74,23.88,
2020-12-22T10:04:00+05:30,23.89,23.93,23.84,23.85,
2020-12-22T10:05:00+05:30,23.85,23.86,23.82,23.82,
2020-12-22T10:06:00+05:30,23.82,23.89,23.81,23.82,
2020-12-22T10:07:00+05:30,23.79,23.86,23.72,23.81,
2020-12-22T10:08:00+05:30,23.81,23.81,23.61,23.61,
2020-12-22T10:09:00+05:30,23.62,23.64,23.45,23.45,
2020-12-22T10:10:00+05:30,23.45,23.45,23.21,23.37,
2020-12-22T10:11:00+05:30,23.37,23.56,23.36,23.56,
2020-12-22T10:12:00+05:30,23.57,23.62,23.52,23.58,
2020-12-22T10:13:00+05:30,23.58,23.67,23.57,23.61,
2020-12-22T10:14:00+05:30,23.59,23.71,23.56,23.69,
2020-12-22T10:15:00+05:30,23.66,23.72,23.62,23.71,
2020-12-22T10:16:00+05:30,23.71,23.79,23.7,23.79,
2020-12-22T10:17:00+05:30,23.79,23.79,23.62,23.69,
2020-12-22T10:18:00+05:30,23.69,23.77,23.68,23.74,
2020-12-22T10:19:00+05:30,23.74,23.77,23.7,23.75,
2020-12-22T10:20:00+05:30,23.74,23.77,23.6,23.6,
2020-12-22T10:21:00+05:30,23.6,23.7,23.59,23.67,
2020-12-22T10:22:00+05:30,23.67,23.67,23.61,23.62,
2020-12-22T10:23:00+05:30,23.58,23.66,23.57,23.62,
2020-12-22T10:24:00+05:30,23.63,23.68,23.62,23.67,
2020-12-22T10:25:00+05:30,23.68,23.76,23.68,23.7,
2020-12-22T10:26:00+05:30,23.7,23.71,23.64,23.68,
2020-12-22T10:27:00+05:30,23.69,23.7,23.6,23.6,
2020-12-22T10:28:00+05:30,23.61,23.61,23.53,23.56,
2020-12-22T10:29:00+05:30,23.54,23.55,23.48,23.49,
2020-12-22T10:30:00+05:30,23.5,23.62,23.48,23.53,
2020-12-22T10:31:00+05:30,23.53,23.78,23.53,23.77,
2020-12-22T10:32:00+05:30,23.77,23.81,23.74,23.74,
2020-12-22T10:33:00+05:30,23.74,23.74,23.59,23.6,
2020-12-22T10:34:00+05:30,23.61,23.8,23.6,23.8,
2020-12-22T10:35:00+05:30,23.8,23.88,23.79,23.86,
2020-12-22T10:36:00+05:30,23.87,23.9,23.73,23.84,
2020-12-22T10:37:00+05:30,23.85,23.93,23.84,23.87,
2020-12-22T10:38:00+05:30,23.86,23.88,23.81,23.86,
2020-12-22T10:39:00+05:30,23.86,23.94,23.84,23.84,
2020-12-22T10:40:00+05:30,23.84,23.93,23.84,23.89,
2020-12-22T10:41:00+05:30,23.89,23.94,23.87,23.93,
2020-12-22T10:42:00+05:30,23.93,23.95,23.89,23.92,
2020-12-22T10:43:00+05:30,23.91,23.92,23.84,23.9,
2020-12-22T10:44:00+05:30,23.89,24,23.89,23.96,
2020-12-22T10:45:00+05:30,23.97,24,23.92,24,
2020-12-22T10:46:00+05:30,24,24.06,23.92,23.95,
2020-12-22T10:47:00+05:30,23.95,24.1,23.95,24.09,
2020-12-22T10:48:00+05:30,24.09,24.14,24.08,24.11,
2020-12-22T10:49:00+05:30,24.1,24.16,24.02,24.15,
2020-12-22T10:50:00+05:30,24.14,24.19,24.13,24.16,
2020-12-22T10:51:00+05:30,24.16,24.18,24.11,24.11,
2020-12-22T10:52:00+05:30,24.12,24.13,24.07,24.11,
2020-12-22T10:53:00+05:30,24.1,24.12,24.09,24.09,
2020-12-22T10:54:00+05:30,24.09,24.16,24.05,24.15,
2020-12-22T10:55:00+05:30,24.15,24.16,24.11,24.12,
2020-12-22T10:56:00+05:30,24.12,24.15,24.1,24.15,
2020-12-22T10:57:00+05:30,24.15,24.21,24.15,24.15,
2020-12-22T10:58:00+05:30,24.15,24.22,24.15,24.2,
2020-12-22T10:59:00+05:30,24.21,24.22,24.16,24.16,
2020-12-22T11:00:00+05:30,24.16,24.21,24.14,24.15,
2020-12-22T11:01:00+05:30,24.15,24.28,24.14,24.23,
2020-12-22T11:02:00+05:30,24.24,24.29,24.23,24.24,
2020-12-22T11:03:00+05:30,24.24,24.27,24.24,24.26,
2020-12-22T11:04:00+05:30,24.27,24.27,24.15,24.15,
2020-12-22T11:05:00+05:30,24.15,24.18,24.12,24.12,
2020-12-22T11:06:00+05:30,24.12,24.12,24.1,24.11,
2020-12-22T11:07:00+05:30,24.12,24.13,24.09,24.13,
2020-12-22T11:08:00+05:30,24.14,24.19,24.14,24.19,
2020-12-22T11:09:00+05:30,24.18,24.26,24.18,24.23,
2020-12-22T11:10:00+05:30,24.24,24.24,24.18,24.22,
2020-12-22T11:11:00+05:30,24.22,24.25,24.17,24.21,
2020-12-22T11:12:00+05:30,24.21,24.24,24.17,24.24,
2020-12-22T11:13:00+05:30,24.25,24.25,24.18,24.18,
2020-12-22T11:14:00+05:30,24.18,24.2,24.06,24.08,
2020-12-22T11:15:00+05:30,24.07,24.19,24.07,24.15,
2020-12-22T11:16:00+05:30,24.15,24.21,24.15,24.19,
2020-12-22T11:17:00+05:30,24.19,24.26,24.18,24.24,
2020-12-22T11:18:00+05:30,24.24,24.29,24.24,24.27,
2020-12-22T11:19:00+05:30,24.27,24.29,24.21,24.23,
2020-12-22T11:20:00+05:30,24.24,24.29,24.22,24.28,
2020-12-22T11:21:00+05:30,24.28,24.29,24.2,24.23,
2020-12-22T11:22:00+05:30,24.21,24.26,24.19,24.24,
2020-12-22T11:23:00+05:30,24.24,24.24,24.15,24.15,
2020-12-22T11:24:00+05:30,24.15,24.19,24.1,24.14,
2020-12-22T11:25:00+05:30,24.14,24.21,24.14,24.14,
2020-12-22T11:26:00+05:30,24.14,24.16,24.11,24.13,
2020-12-22T11:27:00+05:30,24.13,24.13,24.05,24.1,
2020-12-22T11:28:00+05:30,24.1,24.15,24.1,24.15,
2020-12-22T11:29:00+05:30,24.15,24.22,24.15,24.22,
2020-12-22T11:30:00+05:30,24.22,24.26,24.22,24.26,
2020-12-22T11:31:00+05:30,24.27,24.31,24.26,24.3,
2020-12-22T11:32:00+05:30,24.3,24.32,24.27,24.31,
2020-12-22T11:33:00+05:30,24.31,24.38,24.3,24.35,
2020-12-22T11:34:00+05:30,24.35,24.36,24.23,24.27,
2020-12-22T11:35:00+05:30,24.27,24.3,24.23,24.24,
2020-12-22T11:36:00+05:30,24.24,24.35,24.24,24.28,
2020-12-22T11:37:00+05:30,24.28,24.41,24.28,24.41,
2020-12-22T11:38:00+05:30,24.41,24.42,24.38,24.39,
2020-12-22T11:39:00+05:30,24.4,24.48,24.38,24.38,
2020-12-22T11:40:00+05:30,24.37,24.41,24.37,24.41,
2020-12-22T11:41:00+05:30,24.43,24.47,24.39,24.4,
2020-12-22T11:42:00+05:30,24.39,24.41,24.34,24.35,
2020-12-22T11:43:00+05:30,24.35,24.38,24.33,24.35,
2020-12-22T11:44:00+05:30,24.37,24.38,24.26,24.26,
2020-12-22T11:45:00+05:30,24.26,24.28,24.24,24.25,
2020-12-22T11:46:00+05:30,24.25,24.28,24.04,24.05,
2020-12-22T11:47:00+05:30,24.07,24.09,24.01,24.05,
2020-12-22T11:48:00+05:30,24.04,24.07,24,24,
2020-12-22T11:49:00+05:30,23.99,24,23.83,23.84,
2020-12-22T11:50:00+05:30,23.84,23.94,23.82,23.93,
2020-12-22T11:51:00+05:30,23.93,23.99,23.93,23.98,
2020-12-22T11:52:00+05:30,23.98,24.04,23.98,24.04,
2020-12-22T11:53:00+05:30,24.03,24.1,24.03,24.09,
2020-12-22T11:54:00+05:30,24.09,24.17,24.09,24.12,
2020-12-22T11:55:00+05:30,24.12,24.16,24.08,24.09,
2020-12-22T11:56:00+05:30,24.09,24.09,24,24.05,
2020-12-22T11:57:00+05:30,24.06,24.07,24.02,24.02,
2020-12-22T11:58:00+05:30,24.02,24.07,24.02,24.05,
2020-12-22T11:59:00+05:30,24.05,24.06,23.99,23.99,
2020-12-22T12:00:00+05:30,23.99,24.08,23.99,24.06,
2020-12-22T12:01:00+05:30,24.06,24.07,24.01,24.06,
2020-12-22T12:02:00+05:30,24.07,24.07,23.98,23.98,
2020-12-22T12:03:00+05:30,23.98,24.07,23.98,24.06,
2020-12-22T12:04:00+05:30,24.06,24.06,23.98,23.99,
2020-12-22T12:05:00+05:30,23.99,24.07,23.97,24.04,
2020-12-22T12:06:00+05:30,24.04,24.1,24.04,24.09,
2020-12-22T12:07:00+05:30,24.09,24.13,24.07,24.07,
2020-12-22T12:08:00+05:30,24.07,24.12,24.07,24.09,
2020-12-22T12:09:00+05:30,24.08,24.09,24.05,24.05,
2020-12-22T12:10:00+05:30,24.04,24.05,24.01,24.02,
2020-12-22T12:11:00+05:30,24.02,24.04,24,24.03,
2020-12-22T12:12:00+05:30,24.03,24.07,24.03,24.06,
2020-12-22T12:13:00+05:30,24.08,24.09,24.05,24.07,
2020-12-22T12:14:00+05:30,24.07,24.09,24.06,24.07,
2020-12-22T12:15:00+05:30,24.06,24.2,24.05,24.18,
2020-12-22T12:16:00+05:30,24.18,24.18,24.1,24.16,
2020-12-22T12:17:00+05:30,24.16,24.21,24.16,24.19,
2020-12-22T12:18:00+05:30,24.19,24.3,24.19,24.28,
2020-12-22T12:19:00+05:30,24.28,24.32,24.26,24.3,
2020-12-22T12:20:00+05:30,24.33,24.36,24.31,24.32,
2020-12-22T12:21:00+05:30,24.32,24.37,24.27,24.33,
2020-12-22T12:22:00+05:30,24.33,24.4,24.33,24.34,
2020-12-22T12:23:00+05:30,24.34,24.34,24.23,24.23,
2020-12-22T12:24:00+05:30,24.22,24.23,24.18,24.23,
2020-12-22T12:25:00+05:30,24.22,24.23,24.18,24.22,
2020-12-22T12:26:00+05:30,24.26,24.27,24.23,24.23,
2020-12-22T12:27:00+05:30,24.23,24.25,24.19,24.21,
2020-12-22T12:28:00+05:30,24.21,24.24,24.21,24.23,
2020-12-22T12:29:00+05:30,24.23,24.27,24.22,24.26,
2020-12-22T12:30:00+05:30,24.26,24.28,24.2,24.24,
2020-12-22T12:31:00+05:30,24.23,24.4,24.22,24.35,
2020-12-22T12:32:00+05:30,24.35,24.35,24.27,24.29,
2020-12-22T12:33:00+05:30,24.29,24.37,24.28,24.37,
2020-12-22T12:34:00+05:30,24.37,24.37,24.33,24.35,
2020-12-22T12:35:00+05:30,24.35,24.35,24.3,24.31,
2020-12-22T12:36:00+05:30,24.31,24.31,24.11,24.11,
2020-12-22T12:37:00+05:30,24.1,24.23,24.1,24.21,
2020-12-22T12:38:00+05:30,24.21,24.21,24.04,24.17,
2020-12-22T12:39:00+05:30,24.17,24.17,24.05,24.09,
2020-12-22T12:40:00+05:30,24.09,24.12,23.98,24.01,
2020-12-22T12:41:00+05:30,24.01,24.15,24.01,24.15,
2020-12-22T12:42:00+05:30,24.15,24.15,24.12,24.14,
2020-12-22T12:43:00+05:30,24.15,24.15,24.07,24.14,
2020-12-22T12:44:00+05:30,24.13,24.14,24.05,24.06,
2020-12-22T12:45:00+05:30,24.06,24.06,23.93,23.96,
2020-12-22T12:46:00+05:30,23.96,24.08,23.96,24.04,
2020-12-22T12:47:00+05:30,24.04,24.08,23.99,24,
2020-12-22T12:48:00+05:30,24.01,24.06,23.98,24.04,
2020-12-22T12:49:00+05:30,24.04,24.07,23.99,24.06,
2020-12-22T12:50:00+05:30,24.07,24.08,23.99,24,
2020-12-22T12:51:00+05:30,24,24.07,24,24.02,
2020-12-22T12:52:00+05:30,24.02,24.13,24.01,24.09,
2020-12-22T12:53:00+05:30,24.1,24.11,24.03,24.04,
2020-12-22T12:54:00+05:30,24.05,24.05,23.99,23.99,
2020-12-22T12:55:00+05:30,23.97,23.99,23.94,23.99,
2020-12-22T12:56:00+05:30,23.98,24.06,23.97,24.03,
2020-12-22T12:57:00+05:30,24.03,24.05,23.99,24.02,
2020-12-22T12:58:00+05:30,24.02,24.04,23.96,24.01,
2020-12-22T12:59:00+05:30,24.02,24.07,24.01,24.04,
2020-12-22T13:00:00+05:30,24.04,24.1,24.01,24.01,
2020-12-22T13:01:00+05:30,24.01,24.06,24,24.01,
2020-12-22T13:02:00+05:30,24.01,24.03,23.95,24.01,
2020-12-22T13:03:00+05:30,24.01,24.06,24,24.04,
2020-12-22T13:04:00+05:30,24.04,24.04,23.92,23.97,
2020-12-22T13:05:00+05:30,23.98,23.98,23.91,23.92,
2020-12-22T13:06:00+05:30,23.92,23.98,23.89,23.95,
2020-12-22T13:07:00+05:30,23.95,23.98,23.91,23.98,
2020-12-22T13:08:00+05:30,23.99,23.99,23.95,23.95,
2020-12-22T13:09:00+05:30,23.96,23.98,23.95,23.95,
2020-12-22T13:10:00+05:30,23.95,23.99,23.88,23.9,
2020-12-22T13:11:00+05:30,23.9,23.9,23.85,23.86,
2020-12-22T13:12:00+05:30,23.87,23.95,23.87,23.94,
2020-12-22T13:13:00+05:30,23.94,24.01,23.92,24.01,
2020-12-22T13:14:00+05:30,24.01,24.02,23.86,23.86,
2020-12-22T13:15:00+05:30,23.86,23.95,23.84,23.86,
2020-12-22T13:16:00+05:30,23.87,23.87,23.85,23.85,
2020-12-22T13:17:00+05:30,23.85,23.85,23.74,23.75,
2020-12-22T13:18:00+05:30,23.74,23.75,23.65,23.65,
2020-12-22T13:19:00+05:30,23.65,23.67,23.55,23.57,
2020-12-22T13:20:00+05:30,23.57,23.57,23.49,23.53,
2020-12-22T13:21:00+05:30,23.58,23.68,23.58,23.65,
2020-12-22T13:22:00+05:30,23.65,23.66,23.59,23.61,
2020-12-22T13:23:00+05:30,23.6,23.6,23.56,23.6,
2020-12-22T13:24:00+05:30,23.59,23.61,23.5,23.54,
2020-12-22T13:25:00+05:30,23.54,23.56,23.51,23.53,
2020-12-22T13:26:00+05:30,23.53,23.59,23.53,23.57,
2020-12-22T13:27:00+05:30,23.57,23.65,23.56,23.63,
2020-12-22T13:28:00+05:30,23.62,23.63,23.58,23.59,
2020-12-22T13:29:00+05:30,23.59,23.7,23.57,23.69,
2020-12-22T13:30:00+05:30,23.69,23.82,23.69,23.72,
2020-12-22T13:31:00+05:30,23.72,23.72,23.59,23.72,
2020-12-22T13:32:00+05:30,23.72,23.8,23.59,23.64,
2020-12-22T13:33:00+05:30,23.67,23.73,23.63,23.73,
2020-12-22T13:34:00+05:30,23.74,23.89,23.73,23.88,
2020-12-22T13:35:00+05:30,23.88,23.88,23.74,23.8,
2020-12-22T13:36:00+05:30,23.8,23.81,23.6,23.6,
2020-12-22T13:37:00+05:30,23.61,23.63,23.54,23.63,
2020-12-22T13:38:00+05:30,23.63,23.73,23.6,23.71,
2020-12-22T13:39:00+05:30,23.72,23.72,23.63,23.63,
2020-12-22T13:40:00+05:30,23.63,23.64,23.43,23.43,
2020-12-22T13:41:00+05:30,23.44,23.44,23.32,23.32,
2020-12-22T13:42:00+05:30,23.32,23.35,23.25,23.28,
2020-12-22T13:43:00+05:30,23.28,23.38,23.24,23.34,
2020-12-22T13:44:00+05:30,23.34,23.35,23.21,23.26,
2020-12-22T13:45:00+05:30,23.26,23.26,23.13,23.14,
2020-12-22T13:46:00+05:30,23.16,23.28,23.16,23.26,
2020-12-22T13:47:00+05:30,23.26,23.29,23.22,23.29,
2020-12-22T13:48:00+05:30,23.29,23.29,23.26,23.27,
2020-12-22T13:49:00+05:30,23.3,23.34,23.27,23.3,
2020-12-22T13:50:00+05:30,23.3,23.32,23.16,23.17,
2020-12-22T13:51:00+05:30,23.16,23.18,23.11,23.12,
2020-12-22T13:52:00+05:30,23.11,23.15,23.08,23.12,
2020-12-22T13:53:00+05:30,23.12,23.15,23.1,23.11,
2020-12-22T13:54:00+05:30,23.11,23.15,23.08,23.13,
2020-12-22T13:55:00+05:30,23.13,23.19,23.04,23.04,
2020-12-22T13:56:00+05:30,23.04,23.16,23,23.16,
2020-12-22T13:57:00+05:30,23.16,23.2,23.11,23.2,
2020-12-22T13:58:00+05:30,23.2,23.2,23.13,23.15,
2020-12-22T13:59:00+05:30,23.15,23.15,23.03,23.04,
2020-12-22T14:00:00+05:30,23.05,23.05,22.89,22.89,
2020-12-22T14:01:00+05:30,22.89,22.91,22.86,22.87,
2020-12-22T14:02:00+05:30,22.87,22.87,22.81,22.83,
2020-12-22T14:03:00+05:30,22.85,22.9,22.84,22.86,
2020-12-22T14:04:00+05:30,22.88,22.88,22.86,22.88,
2020-12-22T14:05:00+05:30,22.87,22.89,22.83,22.83,
2020-12-22T14:06:00+05:30,22.82,22.88,22.81,22.87,
2020-12-22T14:07:00+05:30,22.87,22.92,22.84,22.87,
2020-12-22T14:08:00+05:30,22.87,22.87,22.82,22.83,
2020-12-22T14:09:00+05:30,22.84,22.84,22.8,22.83,
2020-12-22T14:10:00+05:30,22.83,22.85,22.77,22.77,
2020-12-22T14:11:00+05:30,22.78,22.79,22.72,22.73,
2020-12-22T14:12:00+05:30,22.72,22.73,22.59,22.67,
2020-12-22T14:13:00+05:30,22.66,22.7,22.64,22.69,
2020-12-22T14:14:00+05:30,22.69,22.69,22.58,22.58,
2020-12-22T14:15:00+05:30,22.58,22.58,22.51,22.52,
2020-12-22T14:16:00+05:30,22.51,22.52,22.44,22.45,
2020-12-22T14:17:00+05:30,22.43,22.48,22.42,22.45,
2020-12-22T14:18:00+05:30,22.45,22.45,22.35,22.37,
2020-12-22T14:19:00+05:30,22.36,22.39,22.28,22.28,
2020-12-22T14:20:00+05:30,22.29,22.39,22.29,22.36,
2020-12-22T14:21:00+05:30,22.36,22.49,22.35,22.49,
2020-12-22T14:22:00+05:30,22.5,22.5,22.35,22.36,
2020-12-22T14:23:00+05:30,22.36,22.44,22.35,22.44,
2020-12-22T14:24:00+05:30,22.44,22.51,22.43,22.43,
2020-12-22T14:25:00+05:30,22.44,22.5,22.44,22.5,
2020-12-22T14:26:00+05:30,22.5,22.59,22.5,22.54,
2020-12-22T14:27:00+05:30,22.53,22.53,22.4,22.45,
2020-12-22T14:28:00+05:30,22.45,22.55,22.42,22.54,
2020-12-22T14:29:00+05:30,22.54,22.59,22.53,22.54,
2020-12-22T14:30:00+05:30,22.53,22.54,22.33,22.34,
2020-12-22T14:31:00+05:30,22.35,22.39,22.33,22.38,
2020-12-22T14:32:00+05:30,22.37,22.42,22.35,22.39,
2020-12-22T14:33:00+05:30,22.38,22.44,22.37,22.38,
2020-12-22T14:34:00+05:30,22.37,22.39,22.29,22.32,
2020-12-22T14:35:00+05:30,22.32,22.34,22.31,22.33,
2020-12-22T14:36:00+05:30,22.33,22.33,22.27,22.29,
2020-12-22T14:37:00+05:30,22.28,22.34,22.25,22.27,
2020-12-22T14:38:00+05:30,22.26,22.3,22.22,22.22,
2020-12-22T14:39:00+05:30,22.21,22.24,22.19,22.22,
2020-12-22T14:40:00+05:30,22.23,22.23,22.07,22.1,
2020-12-22T14:41:00+05:30,22.1,22.1,22.01,22.03,
2020-12-22T14:42:00+05:30,22.03,22.07,22.01,22.05,
2020-12-22T14:43:00+05:30,22.05,22.06,21.99,22.05,
2020-12-22T14:44:00+05:30,22.05,22.1,22.05,22.06,
2020-12-22T14:45:00+05:30,22.05,22.05,22,22.04,
2020-12-22T14:46:00+05:30,22.04,22.12,22.04,22.11,
2020-12-22T14:47:00+05:30,22.11,22.12,22.08,22.12,
2020-12-22T14:48:00+05:30,22.13,22.13,22.06,22.07,
2020-12-22T14:49:00+05:30,22.07,22.24,22.06,22.23,
2020-12-22T14:50:00+05:30,22.24,22.25,22.19,22.19,
2020-12-22T14:51:00+05:30,22.19,22.32,22.15,22.27,
2020-12-22T14:52:00+05:30,22.26,22.28,22.1,22.11,
2020-12-22T14:53:00+05:30,22.11,22.12,22.05,22.1,
2020-12-22T14:54:00+05:30,22.1,22.29,22.08,22.24,
2020-12-22T14:55:00+05:30,22.24,22.24,22.12,22.12,
2020-12-22T14:56:00+05:30,22.12,22.14,22.1,22.13,
2020-12-22T14:57:00+05:30,22.14,22.19,22.09,22.1,
2020-12-22T14:58:00+05:30,22.09,22.16,22.09,22.14,
2020-12-22T14:59:00+05:30,22.15,22.21,22.14,22.21,
2020-12-22T15:00:00+05:30,22.17,22.18,22.07,22.14,
2020-12-22T15:01:00+05:30,22.14,22.2,22.14,22.19,
2020-12-22T15:02:00+05:30,22.19,22.22,22.17,22.21,
2020-12-22T15:03:00+05:30,22.21,22.22,22.13,22.13,
2020-12-22T15:04:00+05:30,22.13,22.15,22.08,22.08,
2020-12-22T15:05:00+05:30,22.08,22.09,22.05,22.06,
2020-12-22T15:06:00+05:30,22.05,22.08,22.05,22.06,
2020-12-22T15:07:00+05:30,22.06,22.07,22.03,22.03,
2020-12-22T15:08:00+05:30,22.03,22.06,22.02,22.03,
2020-12-22T15:09:00+05:30,22.03,22.03,21.98,22.01,
2020-12-22T15:10:00+05:30,22.01,22.01,21.96,21.97,
2020-12-22T15:11:00+05:30,21.97,21.99,21.96,21.98,
2020-12-22T15:12:00+05:30,21.98,22,21.96,21.98,
2020-12-22T15:13:00+05:30,21.98,22.01,21.97,22,
2020-12-22T15:14:00+05:30,22,22,21.94,21.94,
2020-12-22T15:15:00+05:30,21.94,21.94,21.78,21.79,
2020-12-22T15:16:00+05:30,21.79,21.9,21.79,21.88,
2020-12-22T15:17:00+05:30,21.87,21.93,21.87,21.93,
2020-12-22T15:18:00+05:30,21.93,21.96,21.91,21.91,
2020-12-22T15:19:00+05:30,21.91,21.97,21.91,21.95,
2020-12-22T15:20:00+05:30,21.96,21.97,21.94,21.94,
2020-12-22T15:21:00+05:30,21.95,21.95,21.79,21.79,
2020-12-22T15:22:00+05:30,21.8,21.86,21.79,21.86,
2020-12-22T15:23:00+05:30,21.86,21.99,21.86,21.9,
2020-12-22T15:24:00+05:30,21.9,22.01,21.9,21.99,
2020-12-22T15:25:00+05:30,21.98,21.99,21.96,21.97,
2020-12-22T15:26:00+05:30,21.97,21.97,21.92,21.93,
2020-12-22T15:27:00+05:30,21.92,21.92,21.87,21.89,
2020-12-22T15:28:00+05:30,21.89,21.89,21.85,21.87,
2020-12-22T15:29:00+05:30,21.87,21.94,21.86,21.94,
2020-12-23T09:15:00+05:30,21.99,21.99,19.4,21.92,
2020-12-23T09:16:00+05:30,21.92,21.98,21.86,21.95,
2020-12-23T09:17:00+05:30,21.96,22,21.94,21.99,
2020-12-23T09:18:00+05:30,21.99,21.99,21.84,21.86,
2020-12-23T09:19:00+05:30,21.87,21.9,21.86,21.86,
2020-12-23T09:20:00+05:30,21.86,21.87,21.78,21.81,
2020-12-23T09:21:00+05:30,21.81,21.86,21.81,21.85,
2020-12-23T09:22:00+05:30,21.85,21.86,21.78,21.8,
2020-12-23T09:23:00+05:30,21.8,21.91,21.8,21.85,
2020-12-23T09:24:00+05:30,21.87,21.89,21.82,21.82,
2020-12-23T09:25:00+05:30,21.82,21.87,21.8,21.86,
2020-12-23T09:26:00+05:30,21.85,21.86,21.82,21.85,
2020-12-23T09:27:00+05:30,21.85,21.85,21.77,21.78,
2020-12-23T09:28:00+05:30,21.78,21.8,21.74,21.76,
2020-12-23T09:29:00+05:30,21.76,21.83,21.76,21.82,
2020-12-23T09:30:00+05:30,21.82,21.89,21.8,21.82,
2020-12-23T09:31:00+05:30,21.82,21.91,21.8,21.85,
2020-12-23T09:32:00+05:30,21.85,21.91,21.85,21.86,
2020-12-23T09:33:00+05:30,21.86,21.95,21.86,21.94,
2020-12-23T09:34:00+05:30,21.94,22.08,21.93,22.04,
2020-12-23T09:35:00+05:30,22.04,22.04,21.92,21.98,
2020-12-23T09:36:00+05:30,21.99,22.03,21.99,22.03,
2020-12-23T09:37:00+05:30,22.03,22.07,22.02,22.02,
2020-12-23T09:38:00+05:30,22.02,22.06,22.02,22.06,
2020-12-23T09:39:00+05:30,22.06,22.06,21.99,22.01,
2020-12-23T09:40:00+05:30,22.01,22.01,21.97,22.01,
2020-12-23T09:41:00+05:30,22.01,22.06,22,22,
2020-12-23T09:42:00+05:30,22,22.07,22,22,
2020-12-23T09:43:00+05:30,22,22.03,21.97,22.01,
2020-12-23T09:44:00+05:30,22.01,22.01,21.99,22,
2020-12-23T09:45:00+05:30,22,22.02,21.97,22,
2020-12-23T09:46:00+05:30,21.99,22.05,21.95,21.95,
2020-12-23T09:47:00+05:30,21.95,21.97,21.88,21.89,
2020-12-23T09:48:00+05:30,21.89,21.93,21.83,21.92,
2020-12-23T09:49:00+05:30,21.93,21.98,21.92,21.98,
2020-12-23T09:50:00+05:30,21.96,21.97,21.94,21.96,
2020-12-23T09:51:00+05:30,21.96,21.96,21.92,21.94,
2020-12-23T09:52:00+05:30,21.93,21.94,21.88,21.89,
2020-12-23T09:53:00+05:30,21.89,21.94,21.87,21.91,
2020-12-23T09:54:00+05:30,21.92,21.94,21.9,21.94,
2020-12-23T09:55:00+05:30,21.94,21.98,21.94,21.97,
2020-12-23T09:56:00+05:30,21.97,21.97,21.91,21.92,
2020-12-23T09:57:00+05:30,21.92,21.98,21.92,21.95,
2020-12-23T09:58:00+05:30,21.93,21.93,21.85,21.88,
2020-12-23T09:59:00+05:30,21.88,21.91,21.85,21.91,
2020-12-23T10:00:00+05:30,21.91,21.93,21.89,21.9,
2020-12-23T10:01:00+05:30,21.9,21.93,21.88,21.9,
2020-12-23T10:02:00+05:30,21.91,21.92,21.87,21.88,
2020-12-23T10:03:00+05:30,21.88,21.93,21.85,21.85,
2020-12-23T10:04:00+05:30,21.85,21.91,21.85,21.91,
2020-12-23T10:05:00+05:30,21.91,21.91,21.86,21.9,
2020-12-23T10:06:00+05:30,21.9,21.93,21.89,21.91,
2020-12-23T10:07:00+05:30,21.9,21.93,21.89,21.92,
2020-12-23T10:08:00+05:30,21.91,21.92,21.87,21.87,
2020-12-23T10:09:00+05:30,21.87,21.9,21.87,21.89,
2020-12-23T10:10:00+05:30,21.86,21.9,21.86,21.9,
2020-12-23T10:11:00+05:30,21.9,21.91,21.87,21.9,
2020-12-23T10:12:00+05:30,21.9,21.91,21.88,21.89,
2020-12-23T10:13:00+05:30,21.89,21.91,21.85,21.88,
2020-12-23T10:14:00+05:30,21.88,21.92,21.86,21.89,
2020-12-23T10:15:00+05:30,21.89,21.93,21.89,21.9,
2020-12-23T10:16:00+05:30,21.9,21.91,21.85,21.85,
2020-12-23T10:17:00+05:30,21.86,21.86,21.81,21.83,
2020-12-23T10:18:00+05:30,21.83,21.86,21.82,21.83,
2020-12-23T10:19:00+05:30,21.83,21.89,21.82,21.87,
2020-12-23T10:20:00+05:30,21.87,21.9,21.84,21.89,
2020-12-23T10:21:00+05:30,21.89,21.89,21.82,21.83,
2020-12-23T10:22:00+05:30,21.83,21.86,21.83,21.86,
2020-12-23T10:23:00+05:30,21.86,21.88,21.83,21.87,
2020-12-23T10:24:00+05:30,21.87,21.89,21.76,21.79,
2020-12-23T10:25:00+05:30,21.79,21.84,21.79,21.83,
2020-12-23T10:26:00+05:30,21.83,21.84,21.82,21.83,
2020-12-23T10:27:00+05:30,21.83,21.87,21.82,21.84,
2020-12-23T10:28:00+05:30,21.83,21.85,21.81,21.85,
2020-12-23T10:29:00+05:30,21.85,21.85,21.8,21.81,
2020-12-23T10:30:00+05:30,21.81,21.81,21.71,21.72,
2020-12-23T10:31:00+05:30,21.71,21.77,21.71,21.76,
2020-12-23T10:32:00+05:30,21.76,21.82,21.75,21.75,
2020-12-23T10:33:00+05:30,21.75,21.78,21.75,21.75,
2020-12-23T10:34:00+05:30,21.76,21.8,21.7,21.76,
2020-12-23T10:35:00+05:30,21.76,21.78,21.73,21.73,
2020-12-23T10:36:00+05:30,21.73,21.77,21.73,21.73,
2020-12-23T10:37:00+05:30,21.73,21.85,21.73,21.76,
2020-12-23T10:38:00+05:30,21.76,21.8,21.76,21.79,
2020-12-23T10:39:00+05:30,21.79,21.79,21.66,21.67,
2020-12-23T10:40:00+05:30,21.68,21.68,21.61,21.66,
2020-12-23T10:41:00+05:30,21.66,21.73,21.64,21.7,
2020-12-23T10:42:00+05:30,21.7,21.73,21.7,21.72,
2020-12-23T10:43:00+05:30,21.72,21.74,21.68,21.7,
2020-12-23T10:44:00+05:30,21.7,21.71,21.68,21.69,
2020-12-23T10:45:00+05:30,21.69,21.72,21.66,21.72,
2020-12-23T10:46:00+05:30,21.71,21.72,21.68,21.68,
2020-12-23T10:47:00+05:30,21.7,21.73,21.67,21.67,
2020-12-23T10:48:00+05:30,21.68,21.74,21.66,21.69,
2020-12-23T10:49:00+05:30,21.69,21.74,21.68,21.72,
2020-12-23T10:50:00+05:30,21.74,21.75,21.65,21.65,
2020-12-23T10:51:00+05:30,21.65,21.72,21.65,21.7,
2020-12-23T10:52:00+05:30,21.7,21.74,21.67,21.72,
2020-12-23T10:53:00+05:30,21.71,21.74,21.68,21.72,
2020-12-23T10:54:00+05:30,21.69,21.72,21.68,21.71,
2020-12-23T10:55:00+05:30,21.71,21.75,21.7,21.73,
2020-12-23T10:56:00+05:30,21.73,21.73,21.7,21.7,
2020-12-23T10:57:00+05:30,21.7,21.72,21.7,21.71,
2020-12-23T10:58:00+05:30,21.71,21.74,21.69,21.73,
2020-12-23T10:59:00+05:30,21.73,21.73,21.68,21.71,
2020-12-23T11:00:00+05:30,21.71,21.76,21.7,21.73,
2020-12-23T11:01:00+05:30,21.73,21.78,21.69,21.72,
2020-12-23T11:02:00+05:30,21.72,21.75,21.72,21.73,
2020-12-23T11:03:00+05:30,21.73,21.79,21.73,21.76,
2020-12-23T11:04:00+05:30,21.76,21.8,21.76,21.76,
2020-12-23T11:05:00+05:30,21.76,21.8,21.75,21.77,
2020-12-23T11:06:00+05:30,21.77,21.78,21.74,21.78,
2020-12-23T11:07:00+05:30,21.78,21.78,21.75,21.76,
2020-12-23T11:08:00+05:30,21.76,21.82,21.75,21.77,
2020-12-23T11:09:00+05:30,21.77,21.79,21.75,21.79,
2020-12-23T11:10:00+05:30,21.78,21.82,21.75,21.82,
2020-12-23T11:11:00+05:30,21.83,21.87,21.78,21.79,
2020-12-23T11:12:00+05:30,21.8,21.85,21.77,21.84,
2020-12-23T11:13:00+05:30,21.84,21.85,21.81,21.83,
2020-12-23T11:14:00+05:30,21.84,21.9,21.83,21.88,
2020-12-23T11:15:00+05:30,21.88,21.89,21.83,21.83,
2020-12-23T11:16:00+05:30,21.83,21.87,21.8,21.86,
2020-12-23T11:17:00+05:30,21.86,21.88,21.82,21.82,
2020-12-23T11:18:00+05:30,21.82,21.82,21.73,21.78,
2020-12-23T11:19:00+05:30,21.78,21.81,21.76,21.76,
2020-12-23T11:20:00+05:30,21.75,21.79,21.75,21.78,
2020-12-23T11:21:00+05:30,21.77,21.8,21.75,21.8,
2020-12-23T11:22:00+05:30,21.8,21.81,21.77,21.77,
2020-12-23T11:23:00+05:30,21.78,21.79,21.76,21.79,
2020-12-23T11:24:00+05:30,21.79,21.83,21.77,21.8,
2020-12-23T11:25:00+05:30,21.8,21.86,21.8,21.83,
2020-12-23T11:26:00+05:30,21.83,21.83,21.79,21.81,
2020-12-23T11:27:00+05:30,21.81,21.82,21.78,21.81,
2020-12-23T11:28:00+05:30,21.8,21.81,21.79,21.8,
2020-12-23T11:29:00+05:30,21.82,21.83,21.76,21.76,
2020-12-23T11:30:00+05:30,21.76,21.84,21.76,21.83,
2020-12-23T11:31:00+05:30,21.83,21.84,21.75,21.81,
2020-12-23T11:32:00+05:30,21.82,21.83,21.78,21.81,
2020-12-23T11:33:00+05:30,21.81,21.83,21.79,21.81,
2020-12-23T11:34:00+05:30,21.81,21.81,21.78,21.81,
2020-12-23T11:35:00+05:30,21.81,21.81,21.79,21.79,
2020-12-23T11:36:00+05:30,21.81,21.83,21.78,21.78,
2020-12-23T11:37:00+05:30,21.78,21.79,21.74,21.76,
2020-12-23T11:38:00+05:30,21.76,21.8,21.75,21.79,
2020-12-23T11:39:00+05:30,21.78,21.81,21.76,21.76,
2020-12-23T11:40:00+05:30,21.76,21.78,21.76,21.78,
2020-12-23T11:41:00+05:30,21.78,21.82,21.78,21.79,
2020-12-23T11:42:00+05:30,21.78,21.79,21.77,21.78,
2020-12-23T11:43:00+05:30,21.78,21.78,21.74,21.74,
2020-12-23T11:44:00+05:30,21.74,21.77,21.74,21.75,
2020-12-23T11:45:00+05:30,21.75,21.75,21.72,21.75,
2020-12-23T11:46:00+05:30,21.73,21.76,21.72,21.75,
2020-12-23T11:47:00+05:30,21.75,21.76,21.74,21.76,
2020-12-23T11:48:00+05:30,21.76,21.78,21.76,21.78,
2020-12-23T11:49:00+05:30,21.78,21.8,21.76,21.76,
2020-12-23T11:50:00+05:30,21.77,21.77,21.72,21.72,
2020-12-23T11:51:00+05:30,21.73,21.75,21.68,21.69,
2020-12-23T11:52:00+05:30,21.69,21.74,21.68,21.74,
2020-12-23T11:53:00+05:30,21.75,21.75,21.71,21.71,
2020-12-23T11:54:00+05:30,21.71,21.75,21.64,21.64,
2020-12-23T11:55:00+05:30,21.64,21.7,21.56,21.56,
2020-12-23T11:56:00+05:30,21.57,21.57,21.54,21.56,
2020-12-23T11:57:00+05:30,21.56,21.6,21.54,21.6,
2020-12-23T11:58:00+05:30,21.6,21.6,21.58,21.58,
2020-12-23T11:59:00+05:30,21.58,21.61,21.57,21.58,
2020-12-23T12:00:00+05:30,21.58,21.58,21.53,21.53,
2020-12-23T12:01:00+05:30,21.54,21.57,21.54,21.56,
2020-12-23T12:02:00+05:30,21.56,21.66,21.56,21.65,
2020-12-23T12:03:00+05:30,21.64,21.64,21.61,21.64,
2020-12-23T12:04:00+05:30,21.64,21.66,21.61,21.64,
2020-12-23T12:05:00+05:30,21.64,21.69,21.61,21.62,
2020-12-23T12:06:00+05:30,21.58,21.61,21.53,21.61,
2020-12-23T12:07:00+05:30,21.61,21.61,21.52,21.53,
2020-12-23T12:08:00+05:30,21.53,21.58,21.53,21.58,
2020-12-23T12:09:00+05:30,21.57,21.62,21.57,21.61,
2020-12-23T12:10:00+05:30,21.61,21.62,21.59,21.6,
2020-12-23T12:11:00+05:30,21.6,21.62,21.52,21.52,
2020-12-23T12:12:00+05:30,21.53,21.64,21.53,21.61,
2020-12-23T12:13:00+05:30,21.61,21.65,21.59,21.64,
2020-12-23T12:14:00+05:30,21.64,21.65,21.61,21.63,
2020-12-23T12:15:00+05:30,21.63,21.64,21.55,21.58,
2020-12-23T12:16:00+05:30,21.57,21.57,21.49,21.49,
2020-12-23T12:17:00+05:30,21.49,21.5,21.47,21.5,
2020-12-23T12:18:00+05:30,21.5,21.51,21.47,21.49,
2020-12-23T12:19:00+05:30,21.49,21.5,21.39,21.48,
2020-12-23T12:20:00+05:30,21.48,21.55,21.48,21.53,
2020-12-23T12:21:00+05:30,21.53,21.61,21.53,21.61,
2020-12-23T12:22:00+05:30,21.61,21.61,21.53,21.55,
2020-12-23T12:23:00+05:30,21.55,21.59,21.54,21.54,
2020-12-23T12:24:00+05:30,21.56,21.6,21.52,21.55,
2020-12-23T12:25:00+05:30,21.55,21.55,21.49,21.52,
2020-12-23T12:26:00+05:30,21.51,21.55,21.5,21.51,
2020-12-23T12:27:00+05:30,21.51,21.56,21.5,21.51,
2020-12-23T12:28:00+05:30,21.51,21.55,21.47,21.53,
2020-12-23T12:29:00+05:30,21.53,21.56,21.49,21.53,
2020-12-23T12:30:00+05:30,21.53,21.54,21.49,21.51,
2020-12-23T12:31:00+05:30,21.51,21.52,21.43,21.44,
2020-12-23T12:32:00+05:30,21.44,21.44,21.37,21.42,
2020-12-23T12:33:00+05:30,21.4,21.47,21.39,21.42,
2020-12-23T12:34:00+05:30,21.41,21.46,21.41,21.45,
2020-12-23T12:35:00+05:30,21.44,21.52,21.44,21.47,
2020-12-23T12:36:00+05:30,21.47,21.48,21.42,21.48,
2020-12-23T12:37:00+05:30,21.48,21.48,21.43,21.46,
2020-12-23T12:38:00+05:30,21.46,21.5,21.44,21.48,
2020-12-23T12:39:00+05:30,21.48,21.53,21.48,21.52,
2020-12-23T12:40:00+05:30,21.52,21.55,21.49,21.52,
2020-12-23T12:41:00+05:30,21.52,21.57,21.49,21.52,
2020-12-23T12:42:00+05:30,21.52,21.55,21.49,21.5,
2020-12-23T12:43:00+05:30,21.49,21.56,21.48,21.56,
2020-12-23T12:44:00+05:30,21.55,21.56,21.48,21.48,
2020-12-23T12:45:00+05:30,21.49,21.5,21.43,21.48,
2020-12-23T12:46:00+05:30,21.48,21.5,21.46,21.49,
2020-12-23T12:47:00+05:30,21.49,21.52,21.49,21.51,
2020-12-23T12:48:00+05:30,21.5,21.51,21.43,21.47,
2020-12-23T12:49:00+05:30,21.47,21.47,21.41,21.44,
2020-12-23T12:50:00+05:30,21.44,21.48,21.43,21.47,
2020-12-23T12:51:00+05:30,21.47,21.53,21.45,21.52,
2020-12-23T12:52:00+05:30,21.52,21.54,21.44,21.48,
2020-12-23T12:53:00+05:30,21.48,21.49,21.42,21.43,
2020-12-23T12:54:00+05:30,21.43,21.49,21.43,21.49,
2020-12-23T12:55:00+05:30,21.49,21.52,21.45,21.45,
2020-12-23T12:56:00+05:30,21.45,21.5,21.44,21.45,
2020-12-23T12:57:00+05:30,21.46,21.48,21.43,21.43,
2020-12-23T12:58:00+05:30,21.43,21.5,21.42,21.46,
2020-12-23T12:59:00+05:30,21.46,21.51,21.44,21.48,
2020-12-23T13:00:00+05:30,21.48,21.53,21.48,21.5,
2020-12-23T13:01:00+05:30,21.5,21.51,21.48,21.49,
2020-12-23T13:02:00+05:30,21.49,21.54,21.49,21.53,
2020-12-23T13:03:00+05:30,21.53,21.53,21.48,21.5,
2020-12-23T13:04:00+05:30,21.5,21.51,21.46,21.46,
2020-12-23T13:05:00+05:30,21.47,21.53,21.47,21.52,
2020-12-23T13:06:00+05:30,21.5,21.55,21.48,21.55,
2020-12-23T13:07:00+05:30,21.55,21.55,21.5,21.51,
2020-12-23T13:08:00+05:30,21.51,21.59,21.51,21.55,
2020-12-23T13:09:00+05:30,21.55,21.65,21.49,21.59,
2020-12-23T13:10:00+05:30,21.6,21.63,21.51,21.62,
2020-12-23T13:11:00+05:30,21.62,21.62,21.55,21.62,
2020-12-23T13:12:00+05:30,21.63,21.63,21.5,21.52,
2020-12-23T13:13:00+05:30,21.52,21.55,21.51,21.52,
2020-12-23T13:14:00+05:30,21.52,21.59,21.52,21.56,
2020-12-23T13:15:00+05:30,21.56,21.66,21.56,21.64,
2020-12-23T13:16:00+05:30,21.64,21.66,21.61,21.64,
2020-12-23T13:17:00+05:30,21.64,21.64,21.57,21.58,
2020-12-23T13:18:00+05:30,21.58,21.65,21.58,21.64,
2020-12-23T13:19:00+05:30,21.64,21.68,21.62,21.62,
2020-12-23T13:20:00+05:30,21.62,21.66,21.62,21.64,
2020-12-23T13:21:00+05:30,21.64,21.64,21.61,21.64,
2020-12-23T13:22:00+05:30,21.64,21.67,21.59,21.61,
2020-12-23T13:23:00+05:30,21.61,21.61,21.56,21.57,
2020-12-23T13:24:00+05:30,21.57,21.59,21.56,21.56,
2020-12-23T13:25:00+05:30,21.59,21.59,21.55,21.55,
2020-12-23T13:26:00+05:30,21.55,21.59,21.53,21.55,
2020-12-23T13:27:00+05:30,21.53,21.59,21.52,21.52,
2020-12-23T13:28:00+05:30,21.52,21.61,21.52,21.52,
2020-12-23T13:29:00+05:30,21.53,21.57,21.52,21.55,
2020-12-23T13:30:00+05:30,21.55,21.67,21.52,21.65,
2020-12-23T13:31:00+05:30,21.65,21.65,21.55,21.56,
2020-12-23T13:32:00+05:30,21.58,21.61,21.52,21.55,
2020-12-23T13:33:00+05:30,21.55,21.57,21.52,21.56,
2020-12-23T13:34:00+05:30,21.56,21.56,21.51,21.56,
2020-12-23T13:35:00+05:30,21.56,21.56,21.42,21.44,
2020-12-23T13:36:00+05:30,21.44,21.48,21.43,21.46,
2020-12-23T13:37:00+05:30,21.46,21.46,21.41,21.43,
2020-12-23T13:38:00+05:30,21.43,21.43,21.39,21.4,
2020-12-23T13:39:00+05:30,21.41,21.43,21.39,21.4,
2020-12-23T13:40:00+05:30,21.39,21.45,21.39,21.44,
2020-12-23T13:41:00+05:30,21.44,21.47,21.44,21.45,
2020-12-23T13:42:00+05:30,21.46,21.48,21.42,21.45,
2020-12-23T13:43:00+05:30,21.44,21.46,21.43,21.45,
2020-12-23T13:44:00+05:30,21.44,21.45,21.43,21.43,
2020-12-23T13:45:00+05:30,21.43,21.47,21.42,21.46,
2020-12-23T13:46:00+05:30,21.46,21.49,21.37,21.37,
2020-12-23T13:47:00+05:30,21.37,21.38,21.35,21.36,
2020-12-23T13:48:00+05:30,21.36,21.4,21.34,21.38,
2020-12-23T13:49:00+05:30,21.38,21.38,21.33,21.33,
2020-12-23T13:50:00+05:30,21.33,21.35,21.3,21.3,
2020-12-23T13:51:00+05:30,21.3,21.36,21.29,21.35,
2020-12-23T13:52:00+05:30,21.35,21.38,21.34,21.35,
2020-12-23T13:53:00+05:30,21.35,21.4,21.35,21.37,
2020-12-23T13:54:00+05:30,21.37,21.41,21.35,21.41,
2020-12-23T13:55:00+05:30,21.41,21.44,21.41,21.44,
2020-12-23T13:56:00+05:30,21.44,21.46,21.41,21.41,
2020-12-23T13:57:00+05:30,21.41,21.42,21.38,21.38,
2020-12-23T13:58:00+05:30,21.38,21.42,21.38,21.38,
2020-12-23T13:59:00+05:30,21.38,21.42,21.37,21.37,
2020-12-23T14:00:00+05:30,21.36,21.41,21.35,21.41,
2020-12-23T14:01:00+05:30,21.41,21.41,21.39,21.4,
2020-12-23T14:02:00+05:30,21.4,21.43,21.39,21.39,
2020-12-23T14:03:00+05:30,21.39,21.42,21.38,21.4,
2020-12-23T14:04:00+05:30,21.4,21.42,21.4,21.42,
2020-12-23T14:05:00+05:30,21.41,21.43,21.4,21.42,
2020-12-23T14:06:00+05:30,21.42,21.44,21.37,21.38,
2020-12-23T14:07:00+05:30,21.38,21.42,21.38,21.4,
2020-12-23T14:08:00+05:30,21.39,21.51,21.39,21.51,
2020-12-23T14:09:00+05:30,21.51,21.51,21.46,21.46,
2020-12-23T14:10:00+05:30,21.43,21.47,21.41,21.44,
2020-12-23T14:11:00+05:30,21.43,21.43,21.36,21.38,
2020-12-23T14:12:00+05:30,21.38,21.43,21.37,21.37,
2020-12-23T14:13:00+05:30,21.37,21.42,21.32,21.34,
2020-12-23T14:14:00+05:30,21.34,21.4,21.34,21.38,
2020-12-23T14:15:00+05:30,21.38,21.39,21.35,21.39,
2020-12-23T14:16:00+05:30,21.39,21.39,21.24,21.26,
2020-12-23T14:17:00+05:30,21.26,21.36,21.25,21.34,
2020-12-23T14:18:00+05:30,21.34,21.36,21.31,21.33,
2020-12-23T14:19:00+05:30,21.33,21.36,21.32,21.34,
2020-12-23T14:20:00+05:30,21.34,21.34,21.31,21.33,
2020-12-23T14:21:00+05:30,21.33,21.36,21.33,21.34,
2020-12-23T14:22:00+05:30,21.35,21.36,21.32,21.34,
2020-12-23T14:23:00+05:30,21.34,21.35,21.31,21.31,
2020-12-23T14:24:00+05:30,21.31,21.34,21.29,21.3,
2020-12-23T14:25:00+05:30,21.3,21.3,21.19,21.22,
2020-12-23T14:26:00+05:30,21.22,21.26,21.22,21.23,
2020-12-23T14:27:00+05:30,21.25,21.28,21.16,21.16,
2020-12-23T14:28:00+05:30,21.15,21.17,21.13,21.16,
2020-12-23T14:29:00+05:30,21.16,21.17,21.14,21.14,
2020-12-23T14:30:00+05:30,21.14,21.15,21.11,21.14,
2020-12-23T14:31:00+05:30,21.13,21.17,21.12,21.14,
2020-12-23T14:32:00+05:30,21.14,21.16,21.12,21.12,
2020-12-23T14:33:00+05:30,21.13,21.14,21.11,21.13,
2020-12-23T14:34:00+05:30,21.13,21.16,21.1,21.11,
2020-12-23T14:35:00+05:30,21.11,21.16,21.1,21.12,
2020-12-23T14:36:00+05:30,21.12,21.15,21.1,21.11,
2020-12-23T14:37:00+05:30,21.1,21.14,21.1,21.14,
2020-12-23T14:38:00+05:30,21.14,21.16,21.11,21.12,
2020-12-23T14:39:00+05:30,21.12,21.12,21.07,21.09,
2020-12-23T14:40:00+05:30,21.08,21.12,21.07,21.12,
2020-12-23T14:41:00+05:30,21.11,21.12,21.01,21.02,
2020-12-23T14:42:00+05:30,21.02,21.05,21,21.03,
2020-12-23T14:43:00+05:30,21.02,21.02,20.97,20.98,
2020-12-23T14:44:00+05:30,20.98,20.99,20.94,20.94,
2020-12-23T14:45:00+05:30,20.94,20.96,20.92,20.96,
2020-12-23T14:46:00+05:30,20.96,20.97,20.93,20.94,
2020-12-23T14:47:00+05:30,20.94,20.95,20.92,20.95,
2020-12-23T14:48:00+05:30,20.94,20.95,20.89,20.92,
2020-12-23T14:49:00+05:30,20.93,20.93,20.87,20.91,
2020-12-23T14:50:00+05:30,20.91,20.93,20.88,20.89,
2020-12-23T14:51:00+05:30,20.89,20.9,20.86,20.87,
2020-12-23T14:52:00+05:30,20.87,20.92,20.84,20.88,
2020-12-23T14:53:00+05:30,20.88,20.89,20.85,20.87,
2020-12-23T14:54:00+05:30,20.9,20.92,20.82,20.85,
2020-12-23T14:55:00+05:30,20.85,20.86,20.81,20.83,
2020-12-23T14:56:00+05:30,20.82,20.87,20.81,20.82,
2020-12-23T14:57:00+05:30,20.82,20.83,20.77,20.81,
2020-12-23T14:58:00+05:30,20.81,20.83,20.78,20.78,
2020-12-23T14:59:00+05:30,20.77,20.8,20.76,20.77,
2020-12-23T15:00:00+05:30,20.77,20.81,20.74,20.77,
2020-12-23T15:01:00+05:30,20.77,20.77,20.71,20.72,
2020-12-23T15:02:00+05:30,20.72,20.73,20.69,20.7,
2020-12-23T15:03:00+05:30,20.7,20.73,20.67,20.67,
2020-12-23T15:04:00+05:30,20.67,20.67,20.63,20.63,
2020-12-23T15:05:00+05:30,20.63,20.68,20.59,20.6,
2020-12-23T15:06:00+05:30,20.6,20.61,20.6,20.6,
2020-12-23T15:07:00+05:30,20.59,20.59,20.56,20.57,
2020-12-23T15:08:00+05:30,20.57,20.57,20.55,20.56,
2020-12-23T15:09:00+05:30,20.56,20.56,20.48,20.5,
2020-12-23T15:10:00+05:30,20.5,20.51,20.48,20.49,
2020-12-23T15:11:00+05:30,20.49,20.49,20.47,20.47,
2020-12-23T15:12:00+05:30,20.48,20.56,20.48,20.55,
2020-12-23T15:13:00+05:30,20.55,20.56,20.47,20.51,
2020-12-23T15:14:00+05:30,20.5,20.5,20.44,20.44,
2020-12-23T15:15:00+05:30,20.44,20.46,20.43,20.46,
2020-12-23T15:16:00+05:30,20.46,20.46,20.43,20.46,
2020-12-23T15:17:00+05:30,20.46,20.48,20.46,20.48,
2020-12-23T15:18:00+05:30,20.48,20.48,20.44,20.45,
2020-12-23T15:19:00+05:30,20.45,20.48,20.42,20.43,
2020-12-23T15:20:00+05:30,20.42,20.42,20.37,20.37,
2020-12-23T15:21:00+05:30,20.37,20.38,20.34,20.36,
2020-12-23T15:22:00+05:30,20.36,20.36,20.31,20.32,
2020-12-23T15:23:00+05:30,20.32,20.34,20.31,20.33,
2020-12-23T15:24:00+05:30,20.33,20.35,20.32,20.35,
2020-12-23T15:25:00+05:30,20.35,20.36,20.33,20.35,
2020-12-23T15:26:00+05:30,20.35,20.37,20.34,20.35,
2020-12-23T15:27:00+05:30,20.36,20.39,20.35,20.37,
2020-12-23T15:28:00+05:30,20.37,20.41,20.37,20.38,
2020-12-23T15:29:00+05:30,20.38,20.5,20.37,20.5,
2020-12-24T09:15:00+05:30,20.5,20.5,15.65,20.05,
2020-12-24T09:16:00+05:30,20.05,20.2,20.04,20.08,
2020-12-24T09:17:00+05:30,20.08,20.18,20.06,20.18,
2020-12-24T09:18:00+05:30,20.17,20.19,20.13,20.19,
2020-12-24T09:19:00+05:30,20.18,20.25,20.18,20.24,
2020-12-24T09:20:00+05:30,20.25,20.25,20.18,20.19,
2020-12-24T09:21:00+05:30,20.19,20.27,20.18,20.24,
2020-12-24T09:22:00+05:30,20.25,20.25,20.2,20.24,
2020-12-24T09:23:00+05:30,20.23,20.25,20.19,20.22,
2020-12-24T09:24:00+05:30,20.23,20.23,20.17,20.18,
2020-12-24T09:25:00+05:30,20.18,20.23,20.18,20.19,
2020-12-24T09:26:00+05:30,20.19,20.2,20.19,20.2,
2020-12-24T09:27:00+05:30,20.19,20.3,20.19,20.27,
2020-12-24T09:28:00+05:30,20.27,20.28,20.25,20.26,
2020-12-24T09:29:00+05:30,20.26,20.29,20.22,20.22,
2020-12-24T09:30:00+05:30,20.22,20.23,20.17,20.17,
2020-12-24T09:31:00+05:30,20.18,20.23,20.17,20.18,
2020-12-24T09:32:00+05:30,20.18,20.22,20.18,20.2,
2020-12-24T09:33:00+05:30,20.21,20.29,20.19,20.28,
2020-12-24T09:34:00+05:30,20.29,20.29,20.22,20.22,
2020-12-24T09:35:00+05:30,20.24,20.24,20.2,20.21,
2020-12-24T09:36:00+05:30,20.21,20.24,20.21,20.23,
2020-12-24T09:37:00+05:30,20.23,20.27,20.23,20.25,
2020-12-24T09:38:00+05:30,20.25,20.25,20.21,20.22,
2020-12-24T09:39:00+05:30,20.21,20.25,20.21,20.22,
2020-12-24T09:40:00+05:30,20.22,20.25,20.18,20.19,
2020-12-24T09:41:00+05:30,20.19,20.22,20.17,20.18,
2020-12-24T09:42:00+05:30,20.18,20.23,20.17,20.23,
2020-12-24T09:43:00+05:30,20.24,20.29,20.24,20.27,
2020-12-24T09:44:00+05:30,20.27,20.28,20.25,20.25,
2020-12-24T09:45:00+05:30,20.25,20.27,20.24,20.26,
2020-12-24T09:46:00+05:30,20.26,20.26,20.23,20.24,
2020-12-24T09:47:00+05:30,20.25,20.28,20.24,20.26,
2020-12-24T09:48:00+05:30,20.26,20.28,20.24,20.27,
2020-12-24T09:49:00+05:30,20.28,20.28,20.24,20.26,
2020-12-24T09:50:00+05:30,20.26,20.27,20.25,20.26,
2020-12-24T09:51:00+05:30,20.26,20.28,20.25,20.27,
2020-12-24T09:52:00+05:30,20.27,20.27,20.24,20.24,
2020-12-24T09:53:00+05:30,20.25,20.27,20.23,20.27,
2020-12-24T09:54:00+05:30,20.27,20.27,20.25,20.25,
2020-12-24T09:55:00+05:30,20.25,20.27,20.24,20.25,
2020-12-24T09:56:00+05:30,20.25,20.27,20.23,20.24,
2020-12-24T09:57:00+05:30,20.24,20.26,20.23,20.24,
2020-12-24T09:58:00+05:30,20.24,20.25,20.22,20.22,
2020-12-24T09:59:00+05:30,20.22,20.25,20.21,20.23,
2020-12-24T10:00:00+05:30,20.23,20.24,20.22,20.24,
2020-12-24T10:01:00+05:30,20.24,20.27,20.23,20.27,
2020-12-24T10:02:00+05:30,20.27,20.3,20.25,20.3,
2020-12-24T10:03:00+05:30,20.3,20.3,20.24,20.26,
2020-12-24T10:04:00+05:30,20.26,20.27,20.25,20.26,
2020-12-24T10:05:00+05:30,20.27,20.28,20.2,20.2,
2020-12-24T10:06:00+05:30,20.2,20.23,20.2,20.23,
2020-12-24T10:07:00+05:30,20.23,20.23,20.19,20.19,
2020-12-24T10:08:00+05:30,20.18,20.19,20.17,20.19,
2020-12-24T10:09:00+05:30,20.19,20.2,20.18,20.2,
2020-12-24T10:10:00+05:30,20.2,20.22,20.18,20.21,
2020-12-24T10:11:00+05:30,20.21,20.21,20.19,20.21,
2020-12-24T10:12:00+05:30,20.21,20.24,20.19,20.19,
2020-12-24T10:13:00+05:30,20.19,20.2,20.17,20.19,
2020-12-24T10:14:00+05:30,20.19,20.2,20.15,20.18,
2020-12-24T10:15:00+05:30,20.17,20.22,20.17,20.22,
2020-12-24T10:16:00+05:30,20.22,20.23,20.2,20.21,
2020-12-24T10:17:00+05:30,20.21,20.23,20.19,20.2,
2020-12-24T10:18:00+05:30,20.2,20.24,20.2,20.23,
2020-12-24T10:19:00+05:30,20.23,20.25,20.22,20.24,
2020-12-24T10:20:00+05:30,20.24,20.25,20.22,20.23,
2020-12-24T10:21:00+05:30,20.24,20.25,20.22,20.24,
2020-12-24T10:22:00+05:30,20.24,20.28,20.24,20.26,
2020-12-24T10:23:00+05:30,20.26,20.27,20.26,20.26,
2020-12-24T10:24:00+05:30,20.26,20.3,20.26,20.3,
2020-12-24T10:25:00+05:30,20.3,20.3,20.29,20.3,
2020-12-24T10:26:00+05:30,20.3,20.32,20.3,20.32,
2020-12-24T10:27:00+05:30,20.32,20.33,20.3,20.3,
2020-12-24T10:28:00+05:30,20.3,20.31,20.29,20.31,
2020-12-24T10:29:00+05:30,20.31,20.33,20.3,20.33,
2020-12-24T10:30:00+05:30,20.33,20.33,20.3,20.3,
2020-12-24T10:31:00+05:30,20.3,20.33,20.3,20.32,
2020-12-24T10:32:00+05:30,20.32,20.39,20.25,20.25,
2020-12-24T10:33:00+05:30,20.25,20.28,20.24,20.27,
2020-12-24T10:34:00+05:30,20.26,20.26,20.22,20.25,
2020-12-24T10:35:00+05:30,20.25,20.27,20.23,20.24,
2020-12-24T10:36:00+05:30,20.24,20.26,20.23,20.23,
2020-12-24T10:37:00+05:30,20.23,20.26,20.22,20.25,
2020-12-24T10:38:00+05:30,20.25,20.3,20.24,20.3,
2020-12-24T10:39:00+05:30,20.31,20.31,20.24,20.25,
2020-12-24T10:40:00+05:30,20.25,20.28,20.23,20.28,
2020-12-24T10:41:00+05:30,20.27,20.27,20.25,20.26,
2020-12-24T10:42:00+05:30,20.26,20.31,20.24,20.3,
2020-12-24T10:43:00+05:30,20.29,20.29,20.25,20.26,
2020-12-24T10:44:00+05:30,20.26,20.31,20.25,20.26,
2020-12-24T10:45:00+05:30,20.26,20.27,20.25,20.26,
2020-12-24T10:46:00+05:30,20.26,20.29,20.26,20.28,
2020-12-24T10:47:00+05:30,20.28,20.32,20.28,20.31,
2020-12-24T10:48:00+05:30,20.31,20.33,20.28,20.28,
2020-12-24T10:49:00+05:30,20.28,20.31,20.28,20.3,
2020-12-24T10:50:00+05:30,20.29,20.29,20.25,20.25,
2020-12-24T10:51:00+05:30,20.25,20.27,20.22,20.25,
2020-12-24T10:52:00+05:30,20.25,20.26,20.22,20.24,
2020-12-24T10:53:00+05:30,20.24,20.27,20.24,20.27,
2020-12-24T10:54:00+05:30,20.27,20.3,20.26,20.27,
2020-12-24T10:55:00+05:30,20.27,20.3,20.22,20.22,
2020-12-24T10:56:00+05:30,20.22,20.24,20.21,20.21,
2020-12-24T10:57:00+05:30,20.21,20.24,20.2,20.22,
2020-12-24T10:58:00+05:30,20.22,20.22,20.19,20.19,
2020-12-24T10:59:00+05:30,20.19,20.2,20.18,20.2,
2020-12-24T11:00:00+05:30,20.2,20.2,20.18,20.2,
2020-12-24T11:01:00+05:30,20.2,20.24,20.2,20.24,
2020-12-24T11:02:00+05:30,20.24,20.33,20.19,20.2,
2020-12-24T11:03:00+05:30,20.2,20.26,20.2,20.26,
2020-12-24T11:04:00+05:30,20.26,20.29,20.24,20.29,
2020-12-24T11:05:00+05:30,20.29,20.3,20.26,20.27,
2020-12-24T11:06:00+05:30,20.27,20.29,20.26,20.28,
2020-12-24T11:07:00+05:30,20.28,20.29,20.25,20.27,
2020-12-24T11:08:00+05:30,20.31,20.33,20.24,20.24,
2020-12-24T11:09:00+05:30,20.24,20.27,20.24,20.26,
2020-12-24T11:10:00+05:30,20.25,20.28,20.24,20.26,
2020-12-24T11:11:00+05:30,20.26,20.32,20.25,20.26,
2020-12-24T11:12:00+05:30,20.26,20.34,20.26,20.33,
2020-12-24T11:13:00+05:30,20.33,20.41,20.32,20.37,
2020-12-24T11:14:00+05:30,20.37,20.39,20.36,20.36,
2020-12-24T11:15:00+05:30,20.36,20.38,20.31,20.33,
2020-12-24T11:16:00+05:30,20.33,20.47,20.32,20.45,
2020-12-24T11:17:00+05:30,20.46,20.53,20.46,20.53,
2020-12-24T11:18:00+05:30,20.54,20.54,20.42,20.43,
2020-12-24T11:19:00+05:30,20.43,20.48,20.42,20.48,
2020-12-24T11:20:00+05:30,20.48,20.48,20.42,20.43,
2020-12-24T11:21:00+05:30,20.43,20.45,20.39,20.42,
2020-12-24T11:22:00+05:30,20.42,20.44,20.38,20.38,
2020-12-24T11:23:00+05:30,20.38,20.42,20.38,20.41,
2020-12-24T11:24:00+05:30,20.41,20.52,20.4,20.48,
2020-12-24T11:25:00+05:30,20.48,20.48,20.41,20.42,
2020-12-24T11:26:00+05:30,20.41,20.49,20.4,20.49,
2020-12-24T11:27:00+05:30,20.49,20.53,20.48,20.49,
2020-12-24T11:28:00+05:30,20.49,20.61,20.49,20.6,
2020-12-24T11:29:00+05:30,20.61,20.61,20.57,20.6,
2020-12-24T11:30:00+05:30,20.6,20.67,20.6,20.67,
2020-12-24T11:31:00+05:30,20.67,20.8,20.67,20.8,
2020-12-24T11:32:00+05:30,20.8,20.85,20.78,20.83,
2020-12-24T11:33:00+05:30,20.83,20.85,20.81,20.85,
2020-12-24T11:34:00+05:30,20.85,20.93,20.84,20.92,
2020-12-24T11:35:00+05:30,20.94,20.95,20.89,20.94,
2020-12-24T11:36:00+05:30,20.93,20.94,20.8,20.8,
2020-12-24T11:37:00+05:30,20.8,20.8,20.67,20.67,
2020-12-24T11:38:00+05:30,20.64,20.64,20.55,20.55,
2020-12-24T11:39:00+05:30,20.56,20.56,20.54,20.56,
2020-12-24T11:40:00+05:30,20.56,20.58,20.51,20.51,
2020-12-24T11:41:00+05:30,20.51,20.51,20.45,20.46,
2020-12-24T11:42:00+05:30,20.46,20.47,20.44,20.45,
2020-12-24T11:43:00+05:30,20.45,20.45,20.39,20.41,
2020-12-24T11:44:00+05:30,20.41,20.41,20.36,20.36,
2020-12-24T11:45:00+05:30,20.36,20.42,20.35,20.41,
2020-12-24T11:46:00+05:30,20.42,20.48,20.41,20.43,
2020-12-24T11:47:00+05:30,20.43,20.59,20.43,20.51,
2020-12-24T11:48:00+05:30,20.51,20.52,20.5,20.5,
2020-12-24T11:49:00+05:30,20.51,20.52,20.49,20.5,
2020-12-24T11:50:00+05:30,20.5,20.53,20.49,20.53,
2020-12-24T11:51:00+05:30,20.53,20.63,20.53,20.6,
2020-12-24T11:52:00+05:30,20.6,20.61,20.58,20.58,
2020-12-24T11:53:00+05:30,20.58,20.58,20.52,20.52,
2020-12-24T11:54:00+05:30,20.53,20.54,20.39,20.4,
2020-12-24T11:55:00+05:30,20.4,20.41,20.37,20.37,
2020-12-24T11:56:00+05:30,20.37,20.38,20.36,20.36,
2020-12-24T11:57:00+05:30,20.37,20.39,20.37,20.39,
2020-12-24T11:58:00+05:30,20.39,20.39,20.35,20.36,
2020-12-24T11:59:00+05:30,20.36,20.37,20.33,20.34,
2020-12-24T12:00:00+05:30,20.34,20.36,20.34,20.35,
2020-12-24T12:01:00+05:30,20.35,20.36,20.31,20.33,
2020-12-24T12:02:00+05:30,20.33,20.37,20.32,20.33,
2020-12-24T12:03:00+05:30,20.33,20.34,20.31,20.33,
2020-12-24T12:04:00+05:30,20.33,20.35,20.33,20.35,
2020-12-24T12:05:00+05:30,20.35,20.38,20.34,20.36,
2020-12-24T12:06:00+05:30,20.36,20.36,20.32,20.32,
2020-12-24T12:07:00+05:30,20.34,20.38,20.33,20.38,
2020-12-24T12:08:00+05:30,20.38,20.38,20.3,20.34,
2020-12-24T12:09:00+05:30,20.34,20.35,20.32,20.35,
2020-12-24T12:10:00+05:30,20.35,20.41,20.35,20.36,
2020-12-24T12:11:00+05:30,20.36,20.39,20.36,20.39,
2020-12-24T12:12:00+05:30,20.39,20.42,20.33,20.34,
2020-12-24T12:13:00+05:30,20.34,20.37,20.31,20.31,
2020-12-24T12:14:00+05:30,20.32,20.32,20.3,20.3,
2020-12-24T12:15:00+05:30,20.3,20.31,20.3,20.31,
2020-12-24T12:16:00+05:30,20.31,20.33,20.31,20.32,
2020-12-24T12:17:00+05:30,20.32,20.35,20.31,20.31,
2020-12-24T12:18:00+05:30,20.31,20.35,20.31,20.32,
2020-12-24T12:19:00+05:30,20.32,20.34,20.31,20.31,
2020-12-24T12:20:00+05:30,20.31,20.31,20.24,20.24,
2020-12-24T12:21:00+05:30,20.24,20.3,20.23,20.23,
2020-12-24T12:22:00+05:30,20.24,20.26,20.23,20.25,
2020-12-24T12:23:00+05:30,20.25,20.27,20.24,20.24,
2020-12-24T12:24:00+05:30,20.24,20.27,20.23,20.24,
2020-12-24T12:25:00+05:30,20.24,20.26,20.24,20.26,
2020-12-24T12:26:00+05:30,20.26,20.29,20.26,20.29,
2020-12-24T12:27:00+05:30,20.29,20.29,20.27,20.28,
2020-12-24T12:28:00+05:30,20.28,20.28,20.27,20.28,
2020-12-24T12:29:00+05:30,20.28,20.3,20.27,20.29,
2020-12-24T12:30:00+05:30,20.29,20.29,20.27,20.27,
2020-12-24T12:31:00+05:30,20.27,20.27,20.25,20.27,
2020-12-24T12:32:00+05:30,20.27,20.28,20.26,20.28,
2020-12-24T12:33:00+05:30,20.28,20.28,20.25,20.26,
2020-12-24T12:34:00+05:30,20.26,20.28,20.24,20.24,
2020-12-24T12:35:00+05:30,20.24,20.26,20.24,20.25,
2020-12-24T12:36:00+05:30,20.25,20.26,20.19,20.19,
2020-12-24T12:37:00+05:30,20.19,20.23,20.19,20.22,
2020-12-24T12:38:00+05:30,20.22,20.22,20.2,20.21,
2020-12-24T12:39:00+05:30,20.21,20.24,20.21,20.24,
2020-12-24T12:40:00+05:30,20.24,20.24,20.2,20.21,
2020-12-24T12:41:00+05:30,20.21,20.21,20.19,20.2,
2020-12-24T12:42:00+05:30,20.2,20.22,20.19,20.21,
2020-12-24T12:43:00+05:30,20.2,20.22,20.2,20.22,
2020-12-24T12:44:00+05:30,20.22,20.22,20.2,20.22,
2020-12-24T12:45:00+05:30,20.21,20.21,20.2,20.2,
2020-12-24T12:46:00+05:30,20.21,20.21,20.18,20.18,
2020-12-24T12:47:00+05:30,20.18,20.18,20.14,20.14,
2020-12-24T12:48:00+05:30,20.14,20.16,20.12,20.15,
2020-12-24T12:49:00+05:30,20.16,20.19,20.16,20.17,
2020-12-24T12:50:00+05:30,20.17,20.18,20.14,20.17,
2020-12-24T12:51:00+05:30,20.17,20.22,20.06,20.06,
2020-12-24T12:52:00+05:30,20.06,20.16,20.03,20.16,
2020-12-24T12:53:00+05:30,20.16,20.16,20.06,20.07,
2020-12-24T12:54:00+05:30,20.07,20.09,20.06,20.08,
2020-12-24T12:55:00+05:30,20.08,20.15,20.07,20.15,
2020-12-24T12:56:00+05:30,20.15,20.19,20.13,20.13,
2020-12-24T12:57:00+05:30,20.13,20.14,20.1,20.1,
2020-12-24T12:58:00+05:30,20.1,20.11,20.07,20.1,
2020-12-24T12:59:00+05:30,20.1,20.13,20.1,20.12,
2020-12-24T13:00:00+05:30,20.12,20.17,20.12,20.16,
2020-12-24T13:01:00+05:30,20.16,20.16,20.11,20.11,
2020-12-24T13:02:00+05:30,20.11,20.12,20.08,20.08,
2020-12-24T13:03:00+05:30,20.08,20.08,20.06,20.06,
2020-12-24T13:04:00+05:30,20.06,20.07,20.05,20.07,
2020-12-24T13:05:00+05:30,20.07,20.07,20.06,20.06,
2020-12-24T13:06:00+05:30,20.06,20.07,20.03,20.03,
2020-12-24T13:07:00+05:30,20.03,20.04,20.01,20.02,
2020-12-24T13:08:00+05:30,20.02,20.04,20,20,
2020-12-24T13:09:00+05:30,20,20.06,20,20.03,
2020-12-24T13:10:00+05:30,20.03,20.03,20.01,20.01,
2020-12-24T13:11:00+05:30,20.01,20.03,20,20,
2020-12-24T13:12:00+05:30,20.01,20.02,20,20.02,
2020-12-24T13:13:00+05:30,20.02,20.06,20.02,20.06,
2020-12-24T13:14:00+05:30,20.07,20.09,20.06,20.06,
2020-12-24T13:15:00+05:30,20.05,20.17,20.05,20.15,
2020-12-24T13:16:00+05:30,20.14,20.16,20.09,20.09,
2020-12-24T13:17:00+05:30,20.1,20.1,20.07,20.07,
2020-12-24T13:18:00+05:30,20.07,20.09,20.05,20.06,
2020-12-24T13:19:00+05:30,20.06,20.08,20.06,20.06,
2020-12-24T13:20:00+05:30,20.06,20.08,20.04,20.07,
2020-12-24T13:21:00+05:30,20.07,20.07,20.04,20.05,
2020-12-24T13:22:00+05:30,20.05,20.05,19.97,19.98,
2020-12-24T13:23:00+05:30,19.98,20.02,19.97,19.98,
2020-12-24T13:24:00+05:30,19.98,20.02,19.97,20,
2020-12-24T13:25:00+05:30,20,20,19.98,19.99,
2020-12-24T13:26:00+05:30,19.99,19.99,19.97,19.98,
2020-12-24T13:27:00+05:30,19.98,19.99,19.96,19.98,
2020-12-24T13:28:00+05:30,19.98,20.05,19.95,19.97,
2020-12-24T13:29:00+05:30,19.97,19.98,19.95,19.95,
2020-12-24T13:30:00+05:30,19.95,19.98,19.95,19.97,
2020-12-24T13:31:00+05:30,19.97,20,19.97,19.99,
2020-12-24T13:32:00+05:30,19.99,19.99,19.95,19.96,
2020-12-24T13:33:00+05:30,19.96,19.97,19.95,19.96,
2020-12-24T13:34:00+05:30,19.96,19.96,19.91,19.92,
2020-12-24T13:35:00+05:30,19.92,19.92,19.9,19.92,
2020-12-24T13:36:00+05:30,19.92,19.95,19.9,19.94,
2020-12-24T13:37:00+05:30,19.94,19.99,19.92,19.98,
2020-12-24T13:38:00+05:30,19.98,19.99,19.97,19.97,
2020-12-24T13:39:00+05:30,19.97,19.98,19.96,19.97,
2020-12-24T13:40:00+05:30,19.97,19.97,19.95,19.96,
2020-12-24T13:41:00+05:30,19.96,20,19.96,19.98,
2020-12-24T13:42:00+05:30,19.98,20.06,19.97,19.97,
2020-12-24T13:43:00+05:30,19.97,20,19.96,20,
2020-12-24T13:44:00+05:30,20,20.01,19.98,19.99,
2020-12-24T13:45:00+05:30,19.99,20.01,19.98,20,
2020-12-24T13:46:00+05:30,20,20.02,19.99,19.99,
2020-12-24T13:47:00+05:30,20,20.01,19.95,19.98,
2020-12-24T13:48:00+05:30,19.98,19.98,19.95,19.95,
2020-12-24T13:49:00+05:30,19.95,19.97,19.95,19.97,
2020-12-24T13:50:00+05:30,19.96,19.96,19.95,19.96,
2020-12-24T13:51:00+05:30,19.95,20.02,19.95,20.02,
2020-12-24T13:52:00+05:30,20.02,20.03,19.99,20.02,
2020-12-24T13:53:00+05:30,20.02,20.02,19.99,20.01,
2020-12-24T13:54:00+05:30,20.01,20.03,20,20.02,
2020-12-24T13:55:00+05:30,20.02,20.04,20,20.01,
2020-12-24T13:56:00+05:30,20.01,20.01,19.97,19.97,
2020-12-24T13:57:00+05:30,19.99,19.99,19.92,19.95,
2020-12-24T13:58:00+05:30,19.94,19.95,19.9,19.9,
2020-12-24T13:59:00+05:30,19.9,19.93,19.9,19.92,
2020-12-24T14:00:00+05:30,19.92,19.95,19.92,19.92,
2020-12-24T14:01:00+05:30,19.92,19.93,19.91,19.92,
2020-12-24T14:02:00+05:30,19.92,19.98,19.92,19.93,
2020-12-24T14:03:00+05:30,19.93,19.98,19.93,19.98,
2020-12-24T14:04:00+05:30,19.98,19.98,19.94,19.96,
2020-12-24T14:05:00+05:30,19.96,20,19.96,20,
2020-12-24T14:06:00+05:30,20,20,19.96,19.96,
2020-12-24T14:07:00+05:30,19.96,19.97,19.94,19.96,
2020-12-24T14:08:00+05:30,19.96,20.02,19.95,19.98,
2020-12-24T14:09:00+05:30,19.98,19.98,19.97,19.98,
2020-12-24T14:10:00+05:30,19.98,19.99,19.97,19.98,
2020-12-24T14:11:00+05:30,19.98,20,19.98,20,
2020-12-24T14:12:00+05:30,20,20.04,19.99,20.04,
2020-12-24T14:13:00+05:30,20.04,20.04,19.96,19.99,
2020-12-24T14:14:00+05:30,19.99,19.99,19.96,19.96,
2020-12-24T14:15:00+05:30,19.96,19.97,19.94,19.97,
2020-12-24T14:16:00+05:30,19.97,19.99,19.97,19.99,
2020-12-24T14:17:00+05:30,19.99,20.02,19.98,20.02,
2020-12-24T14:18:00+05:30,20.02,20.03,19.96,19.98,
2020-12-24T14:19:00+05:30,19.98,19.98,19.94,19.94,
2020-12-24T14:20:00+05:30,19.94,19.95,19.92,19.92,
2020-12-24T14:21:00+05:30,19.92,19.96,19.92,19.95,
2020-12-24T14:22:00+05:30,19.95,19.96,19.93,19.94,
2020-12-24T14:23:00+05:30,19.95,19.95,19.94,19.94,
2020-12-24T14:24:00+05:30,19.94,19.95,19.93,19.93,
2020-12-24T14:25:00+05:30,19.93,19.96,19.93,19.96,
2020-12-24T14:26:00+05:30,19.96,20,19.94,19.95,
2020-12-24T14:27:00+05:30,19.95,20.02,19.95,19.95,
2020-12-24T14:28:00+05:30,19.95,20,19.94,19.98,
2020-12-24T14:29:00+05:30,19.96,19.97,19.93,19.94,
2020-12-24T14:30:00+05:30,19.94,19.94,19.92,19.92,
2020-12-24T14:31:00+05:30,19.92,19.96,19.92,19.92,
2020-12-24T14:32:00+05:30,19.92,19.93,19.91,19.93,
2020-12-24T14:33:00+05:30,19.93,19.99,19.93,19.97,
2020-12-24T14:34:00+05:30,19.96,19.98,19.93,19.98,
2020-12-24T14:35:00+05:30,19.99,20,19.97,20,
2020-12-24T14:36:00+05:30,20,20.05,20,20.02,
2020-12-24T14:37:00+05:30,20.01,20.07,20,20.07,
2020-12-24T14:38:00+05:30,20.07,20.09,20.01,20.07,
2020-12-24T14:39:00+05:30,20.06,20.06,20.04,20.05,
2020-12-24T14:40:00+05:30,20.05,20.07,20.02,20.07,
2020-12-24T14:41:00+05:30,20.06,20.09,20,20.05,
2020-12-24T14:42:00+05:30,20.04,20.05,20.02,20.03,
2020-12-24T14:43:00+05:30,20.03,20.03,19.96,19.96,
2020-12-24T14:44:00+05:30,19.96,20,19.96,19.99,
2020-12-24T14:45:00+05:30,19.99,20.02,19.98,19.99,
2020-12-24T14:46:00+05:30,19.99,20,19.96,19.96,
2020-12-24T14:47:00+05:30,19.96,19.99,19.96,19.97,
2020-12-24T14:48:00+05:30,19.97,20,19.97,19.98,
2020-12-24T14:49:00+05:30,19.99,20.05,19.99,20.02,
2020-12-24T14:50:00+05:30,20.02,20.02,19.97,19.97,
2020-12-24T14:51:00+05:30,19.97,20,19.96,19.98,
2020-12-24T14:52:00+05:30,19.98,19.99,19.95,19.95,
2020-12-24T14:53:00+05:30,19.95,20.04,19.95,20.01,
2020-12-24T14:54:00+05:30,20,20.01,19.97,19.98,
2020-12-24T14:55:00+05:30,19.98,20.02,19.97,19.99,
2020-12-24T14:56:00+05:30,19.99,20.04,19.99,20.04,
2020-12-24T14:57:00+05:30,20.05,20.05,19.99,19.99,
2020-12-24T14:58:00+05:30,19.99,20.07,19.99,20.03,
2020-12-24T14:59:00+05:30,20.05,20.1,20.01,20.03,
2020-12-24T15:00:00+05:30,20.03,20.04,20.01,20.03,
2020-12-24T15:01:00+05:30,20.03,20.03,20,20,
2020-12-24T15:02:00+05:30,20,20.04,19.96,20.03,
2020-12-24T15:03:00+05:30,20.03,20.03,19.98,19.99,
2020-12-24T15:04:00+05:30,19.99,20.03,19.97,19.98,
2020-12-24T15:05:00+05:30,19.97,19.98,19.93,19.96,
2020-12-24T15:06:00+05:30,19.96,19.96,19.93,19.94,
2020-12-24T15:07:00+05:30,19.94,19.94,19.93,19.93,
2020-12-24T15:08:00+05:30,19.94,19.95,19.91,19.94,
2020-12-24T15:09:00+05:30,19.93,19.96,19.92,19.94,
2020-12-24T15:10:00+05:30,19.94,19.96,19.94,19.94,
2020-12-24T15:11:00+05:30,19.94,19.95,19.87,19.88,
2020-12-24T15:12:00+05:30,19.88,19.89,19.86,19.89,
2020-12-24T15:13:00+05:30,19.89,19.93,19.87,19.92,
2020-12-24T15:14:00+05:30,19.93,19.95,19.93,19.94,
2020-12-24T15:15:00+05:30,19.97,19.98,19.95,19.98,
2020-12-24T15:16:00+05:30,19.97,19.97,19.92,19.96,
2020-12-24T15:17:00+05:30,19.96,19.97,19.95,19.97,
2020-12-24T15:18:00+05:30,19.97,20,19.96,19.96,
2020-12-24T15:19:00+05:30,19.96,19.98,19.94,19.96,
2020-12-24T15:20:00+05:30,19.96,20,19.96,19.99,
2020-12-24T15:21:00+05:30,19.99,20,19.96,19.99,
2020-12-24T15:22:00+05:30,19.99,20.06,19.97,20,
2020-12-24T15:23:00+05:30,20,20,19.94,19.94,
2020-12-24T15:24:00+05:30,19.94,20,19.94,20,
2020-12-24T15:25:00+05:30,19.98,19.99,19.95,19.99,
2020-12-24T15:26:00+05:30,20,20,19.97,19.99,
2020-12-24T15:27:00+05:30,19.99,20.05,19.98,20.01,
2020-12-24T15:28:00+05:30,20.01,20.05,20,20.04,
2020-12-24T15:29:00+05:30,20.04,20.12,20.03,20.1,
2020-12-28T09:15:00+05:30,19.97,20.89,18.6,20.85,
2020-12-28T09:16:00+05:30,20.85,20.86,20.67,20.71,
2020-12-28T09:17:00+05:30,20.71,20.77,20.7,20.72,
2020-12-28T09:18:00+05:30,20.72,20.84,20.68,20.84,
2020-12-28T09:19:00+05:30,20.9,20.91,20.82,20.84,
2020-12-28T09:20:00+05:30,20.84,20.84,20.78,20.8,
2020-12-28T09:21:00+05:30,20.8,20.97,20.8,20.96,
2020-12-28T09:22:00+05:30,20.96,20.97,20.8,20.82,
2020-12-28T09:23:00+05:30,20.82,20.84,20.79,20.79,
2020-12-28T09:24:00+05:30,20.79,20.96,20.75,20.96,
2020-12-28T09:25:00+05:30,20.96,21.02,20.95,21.01,
2020-12-28T09:26:00+05:30,21.01,21.01,20.98,20.98,
2020-12-28T09:27:00+05:30,20.97,20.97,20.89,20.89,
2020-12-28T09:28:00+05:30,20.89,20.89,20.84,20.89,
2020-12-28T09:29:00+05:30,20.89,20.96,20.86,20.94,
2020-12-28T09:30:00+05:30,20.94,20.95,20.86,20.87,
2020-12-28T09:31:00+05:30,20.87,20.94,20.86,20.93,
2020-12-28T09:32:00+05:30,20.93,20.99,20.91,20.92,
2020-12-28T09:33:00+05:30,20.91,20.91,20.88,20.89,
2020-12-28T09:34:00+05:30,20.89,20.93,20.88,20.92,
2020-12-28T09:35:00+05:30,20.92,20.92,20.89,20.91,
2020-12-28T09:36:00+05:30,20.91,20.97,20.89,20.92,
2020-12-28T09:37:00+05:30,20.92,20.92,20.9,20.92,
2020-12-28T09:38:00+05:30,20.92,20.93,20.92,20.92,
2020-12-28T09:39:00+05:30,20.93,20.94,20.91,20.91,
2020-12-28T09:40:00+05:30,20.91,20.92,20.88,20.9,
2020-12-28T09:41:00+05:30,20.89,20.92,20.88,20.89,
2020-12-28T09:42:00+05:30,20.89,20.9,20.87,20.89,
2020-12-28T09:43:00+05:30,20.9,20.9,20.88,20.9,
2020-12-28T09:44:00+05:30,20.91,20.92,20.88,20.92,
2020-12-28T09:45:00+05:30,20.92,20.92,20.89,20.91,
2020-12-28T09:46:00+05:30,20.91,20.93,20.91,20.92,
2020-12-28T09:47:00+05:30,20.91,20.94,20.9,20.91,
2020-12-28T09:48:00+05:30,20.91,20.93,20.9,20.91,
2020-12-28T09:49:00+05:30,20.91,20.91,20.9,20.91,
2020-12-28T09:50:00+05:30,20.91,20.93,20.9,20.91,
2020-12-28T09:51:00+05:30,20.91,20.92,20.87,20.88,
2020-12-28T09:52:00+05:30,20.88,20.88,20.85,20.85,
2020-12-28T09:53:00+05:30,20.85,20.88,20.85,20.88,
2020-12-28T09:54:00+05:30,20.88,20.89,20.86,20.87,
2020-12-28T09:55:00+05:30,20.87,20.89,20.85,20.85,
2020-12-28T09:56:00+05:30,20.85,20.86,20.83,20.83,
2020-12-28T09:57:00+05:30,20.83,20.84,20.8,20.81,
2020-12-28T09:58:00+05:30,20.79,20.81,20.78,20.8,
2020-12-28T09:59:00+05:30,20.79,20.8,20.78,20.8,
2020-12-28T10:00:00+05:30,20.8,20.82,20.79,20.8,
2020-12-28T10:01:00+05:30,20.8,20.81,20.79,20.8,
2020-12-28T10:02:00+05:30,20.8,20.8,20.78,20.8,
2020-12-28T10:03:00+05:30,20.8,20.8,20.77,20.79,
2020-12-28T10:04:00+05:30,20.79,20.79,20.75,20.75,
2020-12-28T10:05:00+05:30,20.77,20.79,20.75,20.78,
2020-12-28T10:06:00+05:30,20.78,20.78,20.75,20.76,
2020-12-28T10:07:00+05:30,20.77,20.79,20.76,20.78,
2020-12-28T10:08:00+05:30,20.78,20.8,20.75,20.77,
2020-12-28T10:09:00+05:30,20.77,20.78,20.75,20.77,
2020-12-28T10:10:00+05:30,20.77,20.79,20.77,20.77,
2020-12-28T10:11:00+05:30,20.78,20.78,20.74,20.77,
2020-12-28T10:12:00+05:30,20.77,20.8,20.77,20.79,
2020-12-28T10:13:00+05:30,20.79,20.81,20.78,20.8,
2020-12-28T10:14:00+05:30,20.79,20.81,20.79,20.8,
2020-12-28T10:15:00+05:30,20.8,20.83,20.77,20.77,
2020-12-28T10:16:00+05:30,20.77,20.79,20.77,20.78,
2020-12-28T10:17:00+05:30,20.78,20.79,20.77,20.78,
2020-12-28T10:18:00+05:30,20.77,20.79,20.77,20.79,
2020-12-28T10:19:00+05:30,20.79,20.8,20.77,20.77,
2020-12-28T10:20:00+05:30,20.77,20.79,20.77,20.79,
2020-12-28T10:21:00+05:30,20.79,20.79,20.77,20.78,
2020-12-28T10:22:00+05:30,20.78,20.79,20.75,20.77,
2020-12-28T10:23:00+05:30,20.77,20.78,20.75,20.75,
2020-12-28T10:24:00+05:30,20.75,20.75,20.74,20.74,
2020-12-28T10:25:00+05:30,20.74,20.75,20.74,20.75,
2020-12-28T10:26:00+05:30,20.75,20.77,20.75,20.77,
2020-12-28T10:27:00+05:30,20.77,20.77,20.73,20.74,
2020-12-28T10:28:00+05:30,20.74,20.75,20.72,20.72,
2020-12-28T10:29:00+05:30,20.71,20.72,20.69,20.71,
2020-12-28T10:30:00+05:30,20.71,20.72,20.7,20.71,
2020-12-28T10:31:00+05:30,20.71,20.72,20.7,20.72,
2020-12-28T10:32:00+05:30,20.72,20.73,20.7,20.72,
2020-12-28T10:33:00+05:30,20.72,20.72,20.68,20.68,
2020-12-28T10:34:00+05:30,20.68,20.69,20.67,20.68,
2020-12-28T10:35:00+05:30,20.68,20.69,20.67,20.68,
2020-12-28T10:36:00+05:30,20.68,20.73,20.66,20.73,
2020-12-28T10:37:00+05:30,20.73,20.73,20.69,20.7,
2020-12-28T10:38:00+05:30,20.7,20.71,20.69,20.7,
2020-12-28T10:39:00+05:30,20.7,20.74,20.7,20.73,
2020-12-28T10:40:00+05:30,20.73,20.76,20.68,20.68,
2020-12-28T10:41:00+05:30,20.69,20.69,20.63,20.64,
2020-12-28T10:42:00+05:30,20.65,20.71,20.64,20.71,
2020-12-28T10:43:00+05:30,20.71,20.72,20.68,20.71,
2020-12-28T10:44:00+05:30,20.74,20.76,20.74,20.75,
2020-12-28T10:45:00+05:30,20.75,20.76,20.71,20.74,
2020-12-28T10:46:00+05:30,20.74,20.76,20.73,20.74,
2020-12-28T10:47:00+05:30,20.74,20.76,20.74,20.75,
2020-12-28T10:48:00+05:30,20.75,20.75,20.72,20.74,
2020-12-28T10:49:00+05:30,20.74,20.74,20.7,20.71,
2020-12-28T10:50:00+05:30,20.71,20.72,20.69,20.71,
2020-12-28T10:51:00+05:30,20.71,20.73,20.71,20.73,
2020-12-28T10:52:00+05:30,20.73,20.73,20.7,20.71,
2020-12-28T10:53:00+05:30,20.71,20.71,20.7,20.7,
2020-12-28T10:54:00+05:30,20.7,20.72,20.7,20.7,
2020-12-28T10:55:00+05:30,20.7,20.71,20.69,20.69,
2020-12-28T10:56:00+05:30,20.69,20.7,20.67,20.68,
2020-12-28T10:57:00+05:30,20.68,20.73,20.67,20.72,
2020-12-28T10:58:00+05:30,20.72,20.73,20.72,20.73,
2020-12-28T10:59:00+05:30,20.73,20.74,20.7,20.7,
2020-12-28T11:00:00+05:30,20.69,20.72,20.69,20.72,
2020-12-28T11:01:00+05:30,20.72,20.72,20.68,20.69,
2020-12-28T11:02:00+05:30,20.69,20.69,20.65,20.66,
2020-12-28T11:03:00+05:30,20.66,20.67,20.64,20.65,
2020-12-28T11:04:00+05:30,20.65,20.69,20.65,20.69,
2020-12-28T11:05:00+05:30,20.69,20.69,20.68,20.68,
2020-12-28T11:06:00+05:30,20.68,20.7,20.68,20.7,
2020-12-28T11:07:00+05:30,20.69,20.69,20.65,20.66,
2020-12-28T11:08:00+05:30,20.65,20.68,20.65,20.68,
2020-12-28T11:09:00+05:30,20.68,20.71,20.68,20.69,
2020-12-28T11:10:00+05:30,20.69,20.76,20.69,20.76,
2020-12-28T11:11:00+05:30,20.76,20.76,20.74,20.74,
2020-12-28T11:12:00+05:30,20.75,20.75,20.73,20.75,
2020-12-28T11:13:00+05:30,20.75,20.78,20.75,20.78,
2020-12-28T11:14:00+05:30,20.78,20.8,20.77,20.77,
2020-12-28T11:15:00+05:30,20.77,20.79,20.77,20.77,
2020-12-28T11:16:00+05:30,20.77,20.78,20.74,20.74,
2020-12-28T11:17:00+05:30,20.74,20.76,20.73,20.75,
2020-12-28T11:18:00+05:30,20.75,20.75,20.72,20.74,
2020-12-28T11:19:00+05:30,20.74,20.74,20.69,20.69,
2020-12-28T11:20:00+05:30,20.69,20.69,20.68,20.68,
2020-12-28T11:21:00+05:30,20.68,20.69,20.64,20.64,
2020-12-28T11:22:00+05:30,20.63,20.65,20.63,20.64,
2020-12-28T11:23:00+05:30,20.64,20.64,20.61,20.61,
2020-12-28T11:24:00+05:30,20.61,20.63,20.61,20.62,
2020-12-28T11:25:00+05:30,20.62,20.64,20.62,20.63,
2020-12-28T11:26:00+05:30,20.63,20.65,20.63,20.65,
2020-12-28T11:27:00+05:30,20.65,20.66,20.65,20.66,
2020-12-28T11:28:00+05:30,20.66,20.67,20.64,20.65,
2020-12-28T11:29:00+05:30,20.65,20.66,20.65,20.65,
2020-12-28T11:30:00+05:30,20.65,20.67,20.64,20.64,
2020-12-28T11:31:00+05:30,20.64,20.66,20.63,20.63,
2020-12-28T11:32:00+05:30,20.63,20.64,20.61,20.62,
2020-12-28T11:33:00+05:30,20.62,20.66,20.62,20.64,
2020-12-28T11:34:00+05:30,20.64,20.66,20.63,20.65,
2020-12-28T11:35:00+05:30,20.65,20.68,20.65,20.67,
2020-12-28T11:36:00+05:30,20.67,20.68,20.65,20.67,
2020-12-28T11:37:00+05:30,20.66,20.68,20.66,20.67,
2020-12-28T11:38:00+05:30,20.69,20.7,20.69,20.69,
2020-12-28T11:39:00+05:30,20.69,20.7,20.68,20.7,
2020-12-28T11:40:00+05:30,20.7,20.7,20.65,20.65,
2020-12-28T11:41:00+05:30,20.65,20.66,20.63,20.64,
2020-12-28T11:42:00+05:30,20.64,20.66,20.63,20.64,
2020-12-28T11:43:00+05:30,20.64,20.65,20.62,20.64,
2020-12-28T11:44:00+05:30,20.64,20.64,20.62,20.62,
2020-12-28T11:45:00+05:30,20.62,20.63,20.57,20.58,
2020-12-28T11:46:00+05:30,20.59,20.6,20.58,20.6,
2020-12-28T11:47:00+05:30,20.6,20.6,20.59,20.59,
2020-12-28T11:48:00+05:30,20.59,20.59,20.57,20.57,
2020-12-28T11:49:00+05:30,20.58,20.6,20.58,20.59,
2020-12-28T11:50:00+05:30,20.59,20.62,20.59,20.59,
2020-12-28T11:51:00+05:30,20.59,20.6,20.58,20.59,
2020-12-28T11:52:00+05:30,20.58,20.61,20.58,20.6,
2020-12-28T11:53:00+05:30,20.6,20.6,20.59,20.59,
2020-12-28T11:54:00+05:30,20.59,20.59,20.58,20.58,
2020-12-28T11:55:00+05:30,20.58,20.59,20.58,20.58,
2020-12-28T11:56:00+05:30,20.58,20.58,20.57,20.58,
2020-12-28T11:57:00+05:30,20.59,20.6,20.57,20.58,
2020-12-28T11:58:00+05:30,20.58,20.59,20.57,20.57,
2020-12-28T11:59:00+05:30,20.57,20.6,20.57,20.59,
2020-12-28T12:00:00+05:30,20.59,20.63,20.59,20.63,
2020-12-28T12:01:00+05:30,20.62,20.65,20.61,20.64,
2020-12-28T12:02:00+05:30,20.64,20.65,20.63,20.63,
2020-12-28T12:03:00+05:30,20.63,20.65,20.62,20.63,
2020-12-28T12:04:00+05:30,20.63,20.63,20.61,20.62,
2020-12-28T12:05:00+05:30,20.62,20.62,20.61,20.61,
2020-12-28T12:06:00+05:30,20.61,20.62,20.6,20.61,
2020-12-28T12:07:00+05:30,20.61,20.64,20.61,20.62,
2020-12-28T12:08:00+05:30,20.62,20.62,20.59,20.6,
2020-12-28T12:09:00+05:30,20.6,20.6,20.58,20.59,
2020-12-28T12:10:00+05:30,20.59,20.6,20.58,20.6,
2020-12-28T12:11:00+05:30,20.6,20.6,20.58,20.59,
2020-12-28T12:12:00+05:30,20.59,20.6,20.59,20.6,
2020-12-28T12:13:00+05:30,20.6,20.6,20.59,20.59,
2020-12-28T12:14:00+05:30,20.59,20.59,20.52,20.52,
2020-12-28T12:15:00+05:30,20.52,20.53,20.49,20.49,
2020-12-28T12:16:00+05:30,20.49,20.5,20.49,20.49,
2020-12-28T12:17:00+05:30,20.49,20.5,20.49,20.5,
2020-12-28T12:18:00+05:30,20.5,20.51,20.49,20.5,
2020-12-28T12:19:00+05:30,20.49,20.51,20.49,20.49,
2020-12-28T12:20:00+05:30,20.49,20.52,20.49,20.52,
2020-12-28T12:21:00+05:30,20.52,20.53,20.51,20.52,
2020-12-28T12:22:00+05:30,20.52,20.52,20.51,20.51,
2020-12-28T12:23:00+05:30,20.51,20.52,20.5,20.51,
2020-12-28T12:24:00+05:30,20.51,20.51,20.47,20.5,
2020-12-28T12:25:00+05:30,20.5,20.52,20.5,20.51,
2020-12-28T12:26:00+05:30,20.51,20.52,20.48,20.48,
2020-12-28T12:27:00+05:30,20.48,20.48,20.45,20.47,
2020-12-28T12:28:00+05:30,20.47,20.47,20.44,20.46,
2020-12-28T12:29:00+05:30,20.46,20.46,20.43,20.43,
2020-12-28T12:30:00+05:30,20.43,20.43,20.43,20.43,
2020-12-28T12:31:00+05:30,20.43,20.46,20.42,20.46,
2020-12-28T12:32:00+05:30,20.46,20.47,20.45,20.46,
2020-12-28T12:33:00+05:30,20.46,20.47,20.45,20.46,
2020-12-28T12:34:00+05:30,20.46,20.49,20.46,20.49,
2020-12-28T12:35:00+05:30,20.49,20.5,20.47,20.48,
2020-12-28T12:36:00+05:30,20.48,20.48,20.47,20.48,
2020-12-28T12:37:00+05:30,20.48,20.48,20.47,20.47,
2020-12-28T12:38:00+05:30,20.47,20.49,20.47,20.47,
2020-12-28T12:39:00+05:30,20.47,20.48,20.47,20.48,
2020-12-28T12:40:00+05:30,20.48,20.49,20.47,20.49,
2020-12-28T12:41:00+05:30,20.49,20.49,20.48,20.48,
2020-12-28T12:42:00+05:30,20.48,20.5,20.48,20.5,
2020-12-28T12:43:00+05:30,20.5,20.52,20.5,20.52,
2020-12-28T12:44:00+05:30,20.52,20.54,20.51,20.54,
2020-12-28T12:45:00+05:30,20.54,20.58,20.53,20.58,
2020-12-28T12:46:00+05:30,20.58,20.58,20.51,20.51,
2020-12-28T12:47:00+05:30,20.51,20.54,20.5,20.54,
2020-12-28T12:48:00+05:30,20.54,20.54,20.5,20.52,
2020-12-28T12:49:00+05:30,20.52,20.53,20.51,20.52,
2020-12-28T12:50:00+05:30,20.52,20.54,20.51,20.53,
2020-12-28T12:51:00+05:30,20.53,20.53,20.51,20.53,
2020-12-28T12:52:00+05:30,20.53,20.53,20.51,20.51,
2020-12-28T12:53:00+05:30,20.51,20.53,20.5,20.51,
2020-12-28T12:54:00+05:30,20.51,20.51,20.48,20.48,
2020-12-28T12:55:00+05:30,20.48,20.49,20.47,20.47,
2020-12-28T12:56:00+05:30,20.47,20.47,20.46,20.46,
2020-12-28T12:57:00+05:30,20.46,20.47,20.46,20.47,
2020-12-28T12:58:00+05:30,20.47,20.48,20.46,20.48,
2020-12-28T12:59:00+05:30,20.48,20.5,20.48,20.5,
2020-12-28T13:00:00+05:30,20.5,20.5,20.48,20.48,
2020-12-28T13:01:00+05:30,20.49,20.49,20.48,20.48,
2020-12-28T13:02:00+05:30,20.48,20.5,20.48,20.5,
2020-12-28T13:03:00+05:30,20.5,20.51,20.5,20.5,
2020-12-28T13:04:00+05:30,20.5,20.51,20.49,20.5,
2020-12-28T13:05:00+05:30,20.5,20.51,20.5,20.5,
2020-12-28T13:06:00+05:30,20.5,20.5,20.48,20.48,
2020-12-28T13:07:00+05:30,20.48,20.49,20.48,20.48,
2020-12-28T13:08:00+05:30,20.48,20.5,20.48,20.49,
2020-12-28T13:09:00+05:30,20.49,20.51,20.49,20.5,
2020-12-28T13:10:00+05:30,20.5,20.52,20.5,20.52,
2020-12-28T13:11:00+05:30,20.52,20.54,20.52,20.53,
2020-12-28T13:12:00+05:30,20.54,20.57,20.54,20.55,
2020-12-28T13:13:00+05:30,20.55,20.55,20.53,20.55,
2020-12-28T13:14:00+05:30,20.55,20.56,20.55,20.56,
2020-12-28T13:15:00+05:30,20.56,20.58,20.55,20.55,
2020-12-28T13:16:00+05:30,20.55,20.56,20.55,20.55,
2020-12-28T13:17:00+05:30,20.55,20.56,20.52,20.53,
2020-12-28T13:18:00+05:30,20.52,20.52,20.51,20.52,
2020-12-28T13:19:00+05:30,20.52,20.53,20.51,20.52,
2020-12-28T13:20:00+05:30,20.52,20.53,20.51,20.53,
2020-12-28T13:21:00+05:30,20.53,20.53,20.49,20.49,
2020-12-28T13:22:00+05:30,20.49,20.51,20.48,20.51,
2020-12-28T13:23:00+05:30,20.51,20.51,20.47,20.49,
2020-12-28T13:24:00+05:30,20.48,20.48,20.29,20.29,
2020-12-28T13:25:00+05:30,20.29,20.32,20.29,20.32,
2020-12-28T13:26:00+05:30,20.32,20.33,20.19,20.19,
2020-12-28T13:27:00+05:30,20.17,20.18,20.17,20.17,
2020-12-28T13:28:00+05:30,20.17,20.17,20.12,20.17,
2020-12-28T13:29:00+05:30,20.17,20.25,20.17,20.25,
2020-12-28T13:30:00+05:30,20.25,20.25,20.18,20.21,
2020-12-28T13:31:00+05:30,20.22,20.25,20.21,20.23,
2020-12-28T13:32:00+05:30,20.23,20.29,20.23,20.28,
2020-12-28T13:33:00+05:30,20.28,20.32,20.28,20.29,
2020-12-28T13:34:00+05:30,20.29,20.32,20.29,20.32,
2020-12-28T13:35:00+05:30,20.31,20.33,20.28,20.33,
2020-12-28T13:36:00+05:30,20.33,20.34,20.31,20.34,
2020-12-28T13:37:00+05:30,20.34,20.35,20.31,20.35,
2020-12-28T13:38:00+05:30,20.34,20.37,20.33,20.36,
2020-12-28T13:39:00+05:30,20.36,20.36,20.34,20.35,
2020-12-28T13:40:00+05:30,20.35,20.41,20.35,20.41,
2020-12-28T13:41:00+05:30,20.41,20.42,20.4,20.41,
2020-12-28T13:42:00+05:30,20.41,20.43,20.38,20.41,
2020-12-28T13:43:00+05:30,20.41,20.42,20.39,20.39,
2020-12-28T13:44:00+05:30,20.39,20.41,20.36,20.36,
2020-12-28T13:45:00+05:30,20.36,20.43,20.36,20.43,
2020-12-28T13:46:00+05:30,20.43,20.43,20.38,20.38,
2020-12-28T13:47:00+05:30,20.38,20.43,20.37,20.39,
2020-12-28T13:48:00+05:30,20.39,20.4,20.39,20.39,
2020-12-28T13:49:00+05:30,20.39,20.39,20.38,20.39,
2020-12-28T13:50:00+05:30,20.39,20.39,20.34,20.36,
2020-12-28T13:51:00+05:30,20.36,20.41,20.36,20.41,
2020-12-28T13:52:00+05:30,20.41,20.41,20.38,20.38,
2020-12-28T13:53:00+05:30,20.38,20.38,20.37,20.37,
2020-12-28T13:54:00+05:30,20.37,20.37,20.35,20.36,
2020-12-28T13:55:00+05:30,20.36,20.36,20.35,20.35,
2020-12-28T13:56:00+05:30,20.35,20.35,20.32,20.35,
2020-12-28T13:57:00+05:30,20.35,20.35,20.33,20.35,
2020-12-28T13:58:00+05:30,20.35,20.36,20.34,20.35,
2020-12-28T13:59:00+05:30,20.35,20.36,20.34,20.34,
2020-12-28T14:00:00+05:30,20.34,20.36,20.34,20.36,
2020-12-28T14:01:00+05:30,20.36,20.37,20.35,20.36,
2020-12-28T14:02:00+05:30,20.36,20.46,20.36,20.42,
2020-12-28T14:03:00+05:30,20.42,20.43,20.41,20.41,
2020-12-28T14:04:00+05:30,20.41,20.42,20.39,20.39,
2020-12-28T14:05:00+05:30,20.39,20.41,20.39,20.41,
2020-12-28T14:06:00+05:30,20.41,20.42,20.4,20.4,
2020-12-28T14:07:00+05:30,20.4,20.41,20.4,20.41,
2020-12-28T14:08:00+05:30,20.4,20.42,20.38,20.42,
2020-12-28T14:09:00+05:30,20.42,20.43,20.4,20.42,
2020-12-28T14:10:00+05:30,20.42,20.43,20.4,20.43,
2020-12-28T14:11:00+05:30,20.42,20.46,20.42,20.45,
2020-12-28T14:12:00+05:30,20.45,20.49,20.45,20.48,
2020-12-28T14:13:00+05:30,20.48,20.49,20.48,20.49,
2020-12-28T14:14:00+05:30,20.49,20.49,20.48,20.48,
2020-12-28T14:15:00+05:30,20.48,20.51,20.48,20.51,
2020-12-28T14:16:00+05:30,20.51,20.6,20.5,20.55,
2020-12-28T14:17:00+05:30,20.55,20.57,20.52,20.54,
2020-12-28T14:18:00+05:30,20.56,20.57,20.54,20.55,
2020-12-28T14:19:00+05:30,20.55,20.58,20.54,20.56,
2020-12-28T14:20:00+05:30,20.56,20.56,20.54,20.54,
2020-12-28T14:21:00+05:30,20.54,20.57,20.54,20.56,
2020-12-28T14:22:00+05:30,20.56,20.56,20.5,20.52,
2020-12-28T14:23:00+05:30,20.52,20.53,20.48,20.48,
2020-12-28T14:24:00+05:30,20.47,20.48,20.42,20.45,
2020-12-28T14:25:00+05:30,20.45,20.45,20.43,20.43,
2020-12-28T14:26:00+05:30,20.43,20.44,20.39,20.39,
2020-12-28T14:27:00+05:30,20.4,20.4,20.38,20.38,
2020-12-28T14:28:00+05:30,20.38,20.39,20.38,20.38,
2020-12-28T14:29:00+05:30,20.38,20.38,20.35,20.35,
2020-12-28T14:30:00+05:30,20.35,20.36,20.33,20.34,
2020-12-28T14:31:00+05:30,20.34,20.35,20.33,20.35,
2020-12-28T14:32:00+05:30,20.35,20.37,20.35,20.35,
2020-12-28T14:33:00+05:30,20.35,20.35,20.34,20.34,
2020-12-28T14:34:00+05:30,20.34,20.38,20.34,20.37,
2020-12-28T14:35:00+05:30,20.37,20.38,20.36,20.36,
2020-12-28T14:36:00+05:30,20.36,20.37,20.35,20.36,
2020-12-28T14:37:00+05:30,20.37,20.37,20.3,20.35,
2020-12-28T14:38:00+05:30,20.34,20.38,20.34,20.38,
2020-12-28T14:39:00+05:30,20.38,20.43,20.37,20.4,
2020-12-28T14:40:00+05:30,20.4,20.41,20.4,20.4,
2020-12-28T14:41:00+05:30,20.4,20.4,20.37,20.38,
2020-12-28T14:42:00+05:30,20.39,20.4,20.31,20.34,
2020-12-28T14:43:00+05:30,20.34,20.35,20.33,20.34,
2020-12-28T14:44:00+05:30,20.34,20.34,20.28,20.28,
2020-12-28T14:45:00+05:30,20.27,20.28,20.25,20.27,
2020-12-28T14:46:00+05:30,20.28,20.33,20.28,20.32,
2020-12-28T14:47:00+05:30,20.32,20.34,20.31,20.34,
2020-12-28T14:48:00+05:30,20.34,20.37,20.34,20.37,
2020-12-28T14:49:00+05:30,20.38,20.39,20.36,20.36,
2020-12-28T14:50:00+05:30,20.36,20.4,20.34,20.37,
2020-12-28T14:51:00+05:30,20.36,20.38,20.36,20.36,
2020-12-28T14:52:00+05:30,20.36,20.37,20.35,20.36,
2020-12-28T14:53:00+05:30,20.36,20.4,20.36,20.4,
2020-12-28T14:54:00+05:30,20.4,20.41,20.39,20.41,
2020-12-28T14:55:00+05:30,20.41,20.42,20.38,20.4,
2020-12-28T14:56:00+05:30,20.4,20.4,20.37,20.38,
2020-12-28T14:57:00+05:30,20.38,20.39,20.36,20.38,
2020-12-28T14:58:00+05:30,20.38,20.39,20.34,20.36,
2020-12-28T14:59:00+05:30,20.36,20.36,20.34,20.34,
2020-12-28T15:00:00+05:30,20.34,20.36,20.34,20.36,
2020-12-28T15:01:00+05:30,20.37,20.38,20.34,20.36,
2020-12-28T15:02:00+05:30,20.36,20.39,20.35,20.38,
2020-12-28T15:03:00+05:30,20.38,20.4,20.37,20.38,
2020-12-28T15:04:00+05:30,20.38,20.41,20.37,20.41,
2020-12-28T15:05:00+05:30,20.41,20.42,20.4,20.4,
2020-12-28T15:06:00+05:30,20.41,20.42,20.4,20.41,
2020-12-28T15:07:00+05:30,20.42,20.42,20.41,20.42,
2020-12-28T15:08:00+05:30,20.42,20.45,20.42,20.42,
2020-12-28T15:09:00+05:30,20.42,20.46,20.39,20.46,
2020-12-28T15:10:00+05:30,20.47,20.47,20.43,20.43,
2020-12-28T15:11:00+05:30,20.43,20.44,20.4,20.41,
2020-12-28T15:12:00+05:30,20.41,20.42,20.41,20.41,
2020-12-28T15:13:00+05:30,20.41,20.43,20.4,20.42,
2020-12-28T15:14:00+05:30,20.42,20.45,20.41,20.42,
2020-12-28T15:15:00+05:30,20.42,20.47,20.42,20.47,
2020-12-28T15:16:00+05:30,20.47,20.47,20.47,20.47,
2020-12-28T15:17:00+05:30,20.47,20.5,20.47,20.49,
2020-12-28T15:18:00+05:30,20.49,20.49,20.46,20.47,
2020-12-28T15:19:00+05:30,20.47,20.47,20.42,20.43,
2020-12-28T15:20:00+05:30,20.43,20.44,20.4,20.42,
2020-12-28T15:21:00+05:30,20.43,20.45,20.42,20.43,
2020-12-28T15:22:00+05:30,20.43,20.45,20.43,20.43,
2020-12-28T15:23:00+05:30,20.43,20.44,20.42,20.43,
2020-12-28T15:24:00+05:30,20.43,20.46,20.43,20.46,
2020-12-28T15:25:00+05:30,20.46,20.47,20.45,20.45,
2020-12-28T15:26:00+05:30,20.45,20.46,20.44,20.44,
2020-12-28T15:27:00+05:30,20.44,20.46,20.41,20.46,
2020-12-28T15:28:00+05:30,20.46,20.48,20.45,20.46,
2020-12-28T15:29:00+05:30,20.46,20.52,20.46,20.52,
2020-12-29T09:15:00+05:30,20.43,21.11,17.63,20.41,
2020-12-29T09:16:00+05:30,20.41,20.52,20.41,20.49,
2020-12-29T09:17:00+05:30,20.49,20.49,20.42,20.46,
2020-12-29T09:18:00+05:30,20.45,20.47,20.4,20.42,
2020-12-29T09:19:00+05:30,20.42,20.42,20.38,20.41,
2020-12-29T09:20:00+05:30,20.41,20.42,20.39,20.4,
2020-12-29T09:21:00+05:30,20.41,20.42,20.39,20.41,
2020-12-29T09:22:00+05:30,20.41,20.55,20.4,20.41,
2020-12-29T09:23:00+05:30,20.41,20.58,20.35,20.57,
2020-12-29T09:24:00+05:30,20.57,20.61,20.57,20.61,
2020-12-29T09:25:00+05:30,20.61,20.65,20.61,20.61,
2020-12-29T09:26:00+05:30,20.62,20.66,20.6,20.64,
2020-12-29T09:27:00+05:30,20.64,20.66,20.62,20.62,
2020-12-29T09:28:00+05:30,20.62,20.63,20.62,20.63,
2020-12-29T09:29:00+05:30,20.63,20.64,20.62,20.63,
2020-12-29T09:30:00+05:30,20.63,20.65,20.62,20.63,
2020-12-29T09:31:00+05:30,20.63,20.65,20.62,20.62,
2020-12-29T09:32:00+05:30,20.62,20.63,20.6,20.61,
2020-12-29T09:33:00+05:30,20.62,20.64,20.6,20.6,
2020-12-29T09:34:00+05:30,20.6,20.6,20.52,20.53,
2020-12-29T09:35:00+05:30,20.53,20.55,20.53,20.53,
2020-12-29T09:36:00+05:30,20.53,20.53,20.51,20.52,
2020-12-29T09:37:00+05:30,20.52,20.53,20.51,20.52,
2020-12-29T09:38:00+05:30,20.54,20.54,20.51,20.52,
2020-12-29T09:39:00+05:30,20.52,20.53,20.52,20.52,
2020-12-29T09:40:00+05:30,20.52,20.52,20.5,20.52,
2020-12-29T09:41:00+05:30,20.52,20.52,20.49,20.5,
2020-12-29T09:42:00+05:30,20.5,20.51,20.46,20.47,
2020-12-29T09:43:00+05:30,20.47,20.49,20.47,20.48,
2020-12-29T09:44:00+05:30,20.48,20.48,20.44,20.48,
2020-12-29T09:45:00+05:30,20.48,20.48,20.45,20.48,
2020-12-29T09:46:00+05:30,20.48,20.48,20.46,20.47,
2020-12-29T09:47:00+05:30,20.48,20.51,20.48,20.51,
2020-12-29T09:48:00+05:30,20.51,20.58,20.5,20.5,
2020-12-29T09:49:00+05:30,20.5,20.52,20.46,20.47,
2020-12-29T09:50:00+05:30,20.46,20.47,20.45,20.47,
2020-12-29T09:51:00+05:30,20.46,20.47,20.38,20.39,
2020-12-29T09:52:00+05:30,20.39,20.42,20.39,20.42,
2020-12-29T09:53:00+05:30,20.42,20.42,20.4,20.41,
2020-12-29T09:54:00+05:30,20.41,20.43,20.41,20.42,
2020-12-29T09:55:00+05:30,20.42,20.45,20.42,20.43,
2020-12-29T09:56:00+05:30,20.43,20.47,20.43,20.46,
2020-12-29T09:57:00+05:30,20.46,20.48,20.45,20.48,
2020-12-29T09:58:00+05:30,20.48,20.49,20.47,20.47,
2020-12-29T09:59:00+05:30,20.46,20.46,20.43,20.43,
2020-12-29T10:00:00+05:30,20.43,20.44,20.39,20.4,
2020-12-29T10:01:00+05:30,20.4,20.42,20.4,20.41,
2020-12-29T10:02:00+05:30,20.41,20.43,20.41,20.41,
2020-12-29T10:03:00+05:30,20.42,20.42,20.4,20.4,
2020-12-29T10:04:00+05:30,20.4,20.47,20.4,20.47,
2020-12-29T10:05:00+05:30,20.47,20.49,20.47,20.48,
2020-12-29T10:06:00+05:30,20.48,20.49,20.48,20.49,
2020-12-29T10:07:00+05:30,20.49,20.49,20.48,20.48,
2020-12-29T10:08:00+05:30,20.48,20.51,20.48,20.51,
2020-12-29T10:09:00+05:30,20.51,20.52,20.51,20.52,
2020-12-29T10:10:00+05:30,20.52,20.52,20.5,20.5,
2020-12-29T10:11:00+05:30,20.5,20.51,20.49,20.49,
2020-12-29T10:12:00+05:30,20.48,20.51,20.48,20.49,
2020-12-29T10:13:00+05:30,20.49,20.52,20.48,20.5,
2020-12-29T10:14:00+05:30,20.51,20.52,20.51,20.52,
2020-12-29T10:15:00+05:30,20.52,20.54,20.51,20.54,
2020-12-29T10:16:00+05:30,20.54,20.54,20.49,20.52,
2020-12-29T10:17:00+05:30,20.52,20.53,20.51,20.52,
2020-12-29T10:18:00+05:30,20.52,20.54,20.52,20.52,
2020-12-29T10:19:00+05:30,20.52,20.54,20.51,20.54,
2020-12-29T10:20:00+05:30,20.54,20.56,20.54,20.54,
2020-12-29T10:21:00+05:30,20.54,20.56,20.54,20.55,
2020-12-29T10:22:00+05:30,20.55,20.56,20.54,20.55,
2020-12-29T10:23:00+05:30,20.54,20.55,20.54,20.54,
2020-12-29T10:24:00+05:30,20.54,20.55,20.53,20.54,
2020-12-29T10:25:00+05:30,20.54,20.54,20.53,20.53,
2020-12-29T10:26:00+05:30,20.53,20.53,20.53,20.53,
2020-12-29T10:27:00+05:30,20.52,20.58,20.52,20.57,
2020-12-29T10:28:00+05:30,20.57,20.62,20.56,20.62,
2020-12-29T10:29:00+05:30,20.62,20.63,20.59,20.6,
2020-12-29T10:30:00+05:30,20.6,20.64,20.6,20.62,
2020-12-29T10:31:00+05:30,20.63,20.64,20.6,20.61,
2020-12-29T10:32:00+05:30,20.61,20.62,20.61,20.61,
2020-12-29T10:33:00+05:30,20.61,20.62,20.6,20.62,
2020-12-29T10:34:00+05:30,20.62,20.64,20.62,20.63,
2020-12-29T10:35:00+05:30,20.63,20.7,20.63,20.69,
2020-12-29T10:36:00+05:30,20.7,20.71,20.65,20.65,
2020-12-29T10:37:00+05:30,20.65,20.68,20.64,20.68,
2020-12-29T10:38:00+05:30,20.68,20.7,20.67,20.67,
2020-12-29T10:39:00+05:30,20.67,20.67,20.62,20.62,
2020-12-29T10:40:00+05:30,20.62,20.62,20.57,20.57,
2020-12-29T10:41:00+05:30,20.58,20.62,20.58,20.61,
2020-12-29T10:42:00+05:30,20.61,20.64,20.6,20.64,
2020-12-29T10:43:00+05:30,20.64,20.64,20.61,20.62,
2020-12-29T10:44:00+05:30,20.62,20.66,20.62,20.63,
2020-12-29T10:45:00+05:30,20.64,20.69,20.62,20.69,
2020-12-29T10:46:00+05:30,20.69,20.75,20.67,20.75,
2020-12-29T10:47:00+05:30,20.75,20.83,20.74,20.81,
2020-12-29T10:48:00+05:30,20.81,20.91,20.81,20.91,
2020-12-29T10:49:00+05:30,20.9,20.93,20.9,20.91,
2020-12-29T10:50:00+05:30,20.91,21.11,20.91,21.08,
2020-12-29T10:51:00+05:30,21.09,21.14,21.05,21.07,
2020-12-29T10:52:00+05:30,21.07,21.08,20.89,20.92,
2020-12-29T10:53:00+05:30,20.92,20.92,20.87,20.87,
2020-12-29T10:54:00+05:30,20.88,20.94,20.88,20.94,
2020-12-29T10:55:00+05:30,20.94,21.06,20.93,21.04,
2020-12-29T10:56:00+05:30,21.04,21.14,21.03,21.11,
2020-12-29T10:57:00+05:30,21.11,21.15,21.07,21.09,
2020-12-29T10:58:00+05:30,21.08,21.12,21.07,21.09,
2020-12-29T10:59:00+05:30,21.09,21.09,21.07,21.08,
2020-12-29T11:00:00+05:30,21.08,21.13,21.06,21.06,
2020-12-29T11:01:00+05:30,21.07,21.08,21.06,21.08,
2020-12-29T11:02:00+05:30,21.08,21.1,21.08,21.08,
2020-12-29T11:03:00+05:30,21.07,21.08,21.07,21.07,
2020-12-29T11:04:00+05:30,21.07,21.07,20.92,20.93,
2020-12-29T11:05:00+05:30,20.93,20.93,20.9,20.9,
2020-12-29T11:06:00+05:30,20.9,20.98,20.9,20.98,
2020-12-29T11:07:00+05:30,20.98,21.01,20.97,20.97,
2020-12-29T11:08:00+05:30,20.97,21.03,20.97,21.01,
2020-12-29T11:09:00+05:30,21.01,21.05,21,21.05,
2020-12-29T11:10:00+05:30,21.05,21.07,21.04,21.05,
2020-12-29T11:11:00+05:30,21.05,21.08,21.02,21.02,
2020-12-29T11:12:00+05:30,21.02,21.05,20.99,20.99,
2020-12-29T11:13:00+05:30,21,21,20.85,20.87,
2020-12-29T11:14:00+05:30,20.87,20.87,20.79,20.79,
2020-12-29T11:15:00+05:30,20.8,20.85,20.8,20.83,
2020-12-29T11:16:00+05:30,20.84,20.84,20.8,20.84,
2020-12-29T11:17:00+05:30,20.84,20.87,20.83,20.86,
2020-12-29T11:18:00+05:30,20.86,20.91,20.86,20.91,
2020-12-29T11:19:00+05:30,20.91,20.99,20.9,20.99,
2020-12-29T11:20:00+05:30,20.99,21.01,20.97,21,
2020-12-29T11:21:00+05:30,21.01,21.04,21,21.02,
2020-12-29T11:22:00+05:30,21.02,21.04,21.02,21.02,
2020-12-29T11:23:00+05:30,21.02,21.04,20.99,21.02,
2020-12-29T11:24:00+05:30,21.02,21.04,21.01,21.04,
2020-12-29T11:25:00+05:30,21.04,21.12,21.04,21.1,
2020-12-29T11:26:00+05:30,21.1,21.11,21.04,21.06,
2020-12-29T11:27:00+05:30,21.06,21.07,21.04,21.07,
2020-12-29T11:28:00+05:30,21.07,21.09,21.05,21.08,
2020-12-29T11:29:00+05:30,21.08,21.18,21.08,21.18,
2020-12-29T11:30:00+05:30,21.18,21.21,21.16,21.19,
2020-12-29T11:31:00+05:30,21.19,21.19,21.12,21.12,
2020-12-29T11:32:00+05:30,21.12,21.14,21,21,
2020-12-29T11:33:00+05:30,21,21.01,20.95,20.95,
2020-12-29T11:34:00+05:30,20.94,20.97,20.94,20.95,
2020-12-29T11:35:00+05:30,20.95,21.02,20.95,21,
2020-12-29T11:36:00+05:30,21,21.05,20.98,21.05,
2020-12-29T11:37:00+05:30,21.05,21.08,21.03,21.05,
2020-12-29T11:38:00+05:30,21.05,21.08,21.05,21.08,
2020-12-29T11:39:00+05:30,21.08,21.1,21.08,21.09,
2020-12-29T11:40:00+05:30,21.09,21.12,21.09,21.12,
2020-12-29T11:41:00+05:30,21.12,21.12,21.09,21.11,
2020-12-29T11:42:00+05:30,21.11,21.13,21.1,21.13,
2020-12-29T11:43:00+05:30,21.12,21.13,21.12,21.12,
2020-12-29T11:44:00+05:30,21.12,21.13,21.08,21.08,
2020-12-29T11:45:00+05:30,21.08,21.08,21.03,21.04,
2020-12-29T11:46:00+05:30,21.04,21.04,21.01,21.01,
2020-12-29T11:47:00+05:30,21.01,21.01,20.96,20.96,
2020-12-29T11:48:00+05:30,20.96,20.99,20.94,20.99,
2020-12-29T11:49:00+05:30,20.99,20.99,20.96,20.97,
2020-12-29T11:50:00+05:30,20.97,20.98,20.88,20.88,
2020-12-29T11:51:00+05:30,20.88,20.9,20.86,20.88,
2020-12-29T11:52:00+05:30,20.88,20.89,20.86,20.88,
2020-12-29T11:53:00+05:30,20.88,20.92,20.88,20.92,
2020-12-29T11:54:00+05:30,20.93,20.98,20.92,20.98,
2020-12-29T11:55:00+05:30,20.97,20.97,20.91,20.93,
2020-12-29T11:56:00+05:30,20.94,20.98,20.93,20.97,
2020-12-29T11:57:00+05:30,20.97,20.98,20.95,20.95,
2020-12-29T11:58:00+05:30,20.95,20.99,20.95,20.97,
2020-12-29T11:59:00+05:30,20.98,20.99,20.98,20.98,
2020-12-29T12:00:00+05:30,20.98,20.99,20.98,20.99,
2020-12-29T12:01:00+05:30,20.99,20.99,20.95,20.97,
2020-12-29T12:02:00+05:30,20.97,20.97,20.95,20.95,
2020-12-29T12:03:00+05:30,20.95,20.97,20.95,20.97,
2020-12-29T12:04:00+05:30,20.97,20.98,20.97,20.98,
2020-12-29T12:05:00+05:30,20.98,21,20.96,20.96,
2020-12-29T12:06:00+05:30,20.96,20.98,20.96,20.97,
2020-12-29T12:07:00+05:30,20.97,20.99,20.96,20.98,
2020-12-29T12:08:00+05:30,20.98,20.98,20.97,20.97,
2020-12-29T12:09:00+05:30,20.97,20.98,20.97,20.97,
2020-12-29T12:10:00+05:30,20.97,20.99,20.97,20.99,
2020-12-29T12:11:00+05:30,20.99,21.02,20.99,21.01,
2020-12-29T12:12:00+05:30,21.02,21.03,20.99,21.03,
2020-12-29T12:13:00+05:30,21.03,21.04,21.03,21.04,
2020-12-29T12:14:00+05:30,21.04,21.06,21.03,21.05,
2020-12-29T12:15:00+05:30,21.05,21.08,21.04,21.07,
2020-12-29T12:16:00+05:30,21.07,21.08,21.07,21.08,
2020-12-29T12:17:00+05:30,21.08,21.09,21.07,21.09,
2020-12-29T12:18:00+05:30,21.09,21.1,21.08,21.08,
2020-12-29T12:19:00+05:30,21.08,21.11,21.08,21.09,
2020-12-29T12:20:00+05:30,21.09,21.09,21.06,21.06,
2020-12-29T12:21:00+05:30,21.06,21.06,21,21,
2020-12-29T12:22:00+05:30,21.01,21.02,20.99,21,
2020-12-29T12:23:00+05:30,21,21,20.98,20.99,
2020-12-29T12:24:00+05:30,20.99,21,20.96,20.98,
2020-12-29T12:25:00+05:30,20.98,20.99,20.94,20.95,
2020-12-29T12:26:00+05:30,20.95,20.96,20.94,20.95,
2020-12-29T12:27:00+05:30,20.96,20.97,20.94,20.94,
2020-12-29T12:28:00+05:30,20.94,20.96,20.93,20.94,
2020-12-29T12:29:00+05:30,20.94,20.95,20.94,20.95,
2020-12-29T12:30:00+05:30,20.95,20.96,20.94,20.95,
2020-12-29T12:31:00+05:30,20.95,20.96,20.95,20.95,
2020-12-29T12:32:00+05:30,20.95,20.99,20.95,20.98,
2020-12-29T12:33:00+05:30,20.98,21.02,20.98,21,
2020-12-29T12:34:00+05:30,21,21.01,20.97,20.98,
2020-12-29T12:35:00+05:30,20.99,21.02,20.98,21.01,
2020-12-29T12:36:00+05:30,21.01,21.1,21.01,21.08,
2020-12-29T12:37:00+05:30,21.08,21.1,21.07,21.08,
2020-12-29T12:38:00+05:30,21.08,21.11,21.08,21.08,
2020-12-29T12:39:00+05:30,21.08,21.09,21.05,21.06,
2020-12-29T12:40:00+05:30,21.07,21.07,21.02,21.02,
2020-12-29T12:41:00+05:30,21.02,21.05,21.02,21.05,
2020-12-29T12:42:00+05:30,21.05,21.06,21.04,21.05,
2020-12-29T12:43:00+05:30,21.06,21.06,21.01,21.01,
2020-12-29T12:44:00+05:30,21.01,21.03,20.98,21.03,
2020-12-29T12:45:00+05:30,21.03,21.03,21.02,21.03,
2020-12-29T12:46:00+05:30,21.03,21.03,20.98,20.98,
2020-12-29T12:47:00+05:30,20.98,21.01,20.95,21,
2020-12-29T12:48:00+05:30,21,21.03,21,21.03,
2020-12-29T12:49:00+05:30,21.03,21.1,21.03,21.1,
2020-12-29T12:50:00+05:30,21.09,21.09,21.07,21.08,
2020-12-29T12:51:00+05:30,21.08,21.08,21.06,21.06,
2020-12-29T12:52:00+05:30,21.06,21.08,21.06,21.07,
2020-12-29T12:53:00+05:30,21.07,21.09,21.07,21.07,
2020-12-29T12:54:00+05:30,21.08,21.09,21.07,21.08,
2020-12-29T12:55:00+05:30,21.08,21.09,21.08,21.08,
2020-12-29T12:56:00+05:30,21.08,21.09,21.03,21.04,
2020-12-29T12:57:00+05:30,21.05,21.07,21.05,21.06,
2020-12-29T12:58:00+05:30,21.06,21.08,21.06,21.06,
2020-12-29T12:59:00+05:30,21.06,21.06,21.05,21.05,
2020-12-29T13:00:00+05:30,21.05,21.06,21.04,21.05,
2020-12-29T13:01:00+05:30,21.05,21.05,21.02,21.03,
2020-12-29T13:02:00+05:30,21.03,21.04,21.02,21.03,
2020-12-29T13:03:00+05:30,21.03,21.05,21.02,21.02,
2020-12-29T13:04:00+05:30,21.02,21.03,20.93,20.93,
2020-12-29T13:05:00+05:30,20.9,20.91,20.8,20.81,
2020-12-29T13:06:00+05:30,20.8,20.81,20.78,20.8,
2020-12-29T13:07:00+05:30,20.8,20.84,20.8,20.84,
2020-12-29T13:08:00+05:30,20.85,20.86,20.84,20.86,
2020-12-29T13:09:00+05:30,20.86,20.87,20.69,20.72,
2020-12-29T13:10:00+05:30,20.72,20.72,20.62,20.65,
2020-12-29T13:11:00+05:30,20.65,20.7,20.65,20.7,
2020-12-29T13:12:00+05:30,20.7,20.7,20.66,20.69,
2020-12-29T13:13:00+05:30,20.69,20.74,20.69,20.73,
2020-12-29T13:14:00+05:30,20.73,20.75,20.72,20.73,
2020-12-29T13:15:00+05:30,20.73,20.73,20.7,20.7,
2020-12-29T13:16:00+05:30,20.7,20.71,20.68,20.68,
2020-12-29T13:17:00+05:30,20.68,20.73,20.68,20.73,
2020-12-29T13:18:00+05:30,20.72,20.72,20.7,20.7,
2020-12-29T13:19:00+05:30,20.7,20.71,20.7,20.71,
2020-12-29T13:20:00+05:30,20.7,20.72,20.7,20.72,
2020-12-29T13:21:00+05:30,20.73,20.73,20.72,20.73,
2020-12-29T13:22:00+05:30,20.73,20.76,20.72,20.73,
2020-12-29T13:23:00+05:30,20.73,20.74,20.71,20.73,
2020-12-29T13:24:00+05:30,20.73,20.73,20.67,20.67,
2020-12-29T13:25:00+05:30,20.68,20.68,20.64,20.66,
2020-12-29T13:26:00+05:30,20.66,20.67,20.66,20.66,
2020-12-29T13:27:00+05:30,20.67,20.71,20.67,20.71,
2020-12-29T13:28:00+05:30,20.71,20.72,20.66,20.68,
2020-12-29T13:29:00+05:30,20.68,20.7,20.67,20.69,
2020-12-29T13:30:00+05:30,20.68,20.69,20.68,20.68,
2020-12-29T13:31:00+05:30,20.68,20.71,20.68,20.69,
2020-12-29T13:32:00+05:30,20.69,20.73,20.69,20.72,
2020-12-29T13:33:00+05:30,20.72,20.74,20.71,20.73,
2020-12-29T13:34:00+05:30,20.73,20.74,20.72,20.73,
2020-12-29T13:35:00+05:30,20.73,20.73,20.7,20.7,
2020-12-29T13:36:00+05:30,20.7,20.73,20.7,20.73,
2020-12-29T13:37:00+05:30,20.72,20.74,20.71,20.74,
2020-12-29T13:38:00+05:30,20.74,20.78,20.74,20.76,
2020-12-29T13:39:00+05:30,20.76,20.76,20.74,20.75,
2020-12-29T13:40:00+05:30,20.75,20.78,20.73,20.77,
2020-12-29T13:41:00+05:30,20.76,20.79,20.72,20.73,
2020-12-29T13:42:00+05:30,20.73,20.8,20.71,20.8,
2020-12-29T13:43:00+05:30,20.8,20.85,20.79,20.83,
2020-12-29T13:44:00+05:30,20.83,20.85,20.82,20.84,
2020-12-29T13:45:00+05:30,20.84,20.84,20.78,20.83,
2020-12-29T13:46:00+05:30,20.83,20.83,20.81,20.81,
2020-12-29T13:47:00+05:30,20.81,20.81,20.79,20.79,
2020-12-29T13:48:00+05:30,20.79,20.82,20.77,20.81,
2020-12-29T13:49:00+05:30,20.81,20.85,20.81,20.85,
2020-12-29T13:50:00+05:30,20.84,20.9,20.84,20.9,
2020-12-29T13:51:00+05:30,20.89,20.9,20.86,20.86,
2020-12-29T13:52:00+05:30,20.86,20.87,20.81,20.86,
2020-12-29T13:53:00+05:30,20.86,20.91,20.86,20.9,
2020-12-29T13:54:00+05:30,20.9,20.92,20.9,20.91,
2020-12-29T13:55:00+05:30,20.91,21,20.9,20.97,
2020-12-29T13:56:00+05:30,20.97,21.02,20.96,20.97,
2020-12-29T13:57:00+05:30,20.97,20.97,20.94,20.96,
2020-12-29T13:58:00+05:30,20.96,20.97,20.94,20.95,
2020-12-29T13:59:00+05:30,20.95,20.95,20.87,20.89,
2020-12-29T14:00:00+05:30,20.89,20.89,20.81,20.81,
2020-12-29T14:01:00+05:30,20.81,20.81,20.76,20.77,
2020-12-29T14:02:00+05:30,20.77,20.79,20.77,20.79,
2020-12-29T14:03:00+05:30,20.77,20.81,20.76,20.81,
2020-12-29T14:04:00+05:30,20.81,20.81,20.79,20.81,
2020-12-29T14:05:00+05:30,20.81,20.81,20.73,20.75,
2020-12-29T14:06:00+05:30,20.75,20.77,20.75,20.75,
2020-12-29T14:07:00+05:30,20.75,20.79,20.75,20.77,
2020-12-29T14:08:00+05:30,20.77,20.8,20.76,20.8,
2020-12-29T14:09:00+05:30,20.8,20.92,20.77,20.92,
2020-12-29T14:10:00+05:30,20.92,20.92,20.9,20.91,
2020-12-29T14:11:00+05:30,20.91,20.96,20.91,20.93,
2020-12-29T14:12:00+05:30,20.93,20.93,20.89,20.89,
2020-12-29T14:13:00+05:30,20.89,20.89,20.87,20.87,
2020-12-29T14:14:00+05:30,20.87,20.89,20.87,20.89,
2020-12-29T14:15:00+05:30,20.89,20.9,20.86,20.9,
2020-12-29T14:16:00+05:30,20.9,20.91,20.89,20.91,
2020-12-29T14:17:00+05:30,20.91,20.92,20.9,20.92,
2020-12-29T14:18:00+05:30,20.92,20.92,20.9,20.91,
2020-12-29T14:19:00+05:30,20.91,20.95,20.9,20.92,
2020-12-29T14:20:00+05:30,20.92,20.95,20.91,20.94,
2020-12-29T14:21:00+05:30,20.94,20.99,20.93,20.96,
2020-12-29T14:22:00+05:30,20.96,21.01,20.96,21,
2020-12-29T14:23:00+05:30,21,21.05,20.98,21.04,
2020-12-29T14:24:00+05:30,21.04,21.04,20.97,21.02,
2020-12-29T14:25:00+05:30,21.03,21.06,21.02,21.04,
2020-12-29T14:26:00+05:30,21.05,21.09,21.04,21.06,
2020-12-29T14:27:00+05:30,21.07,21.09,21.06,21.09,
2020-12-29T14:28:00+05:30,21.08,21.09,21.06,21.07,
2020-12-29T14:29:00+05:30,21.06,21.06,21.04,21.04,
2020-12-29T14:30:00+05:30,21.05,21.07,21.04,21.05,
2020-12-29T14:31:00+05:30,21.05,21.08,21.05,21.07,
2020-12-29T14:32:00+05:30,21.06,21.09,21.05,21.07,
2020-12-29T14:33:00+05:30,21.07,21.07,21,21,
2020-12-29T14:34:00+05:30,21,21.01,20.98,21.01,
2020-12-29T14:35:00+05:30,21.01,21.01,20.98,20.98,
2020-12-29T14:36:00+05:30,20.98,20.99,20.96,20.98,
2020-12-29T14:37:00+05:30,20.98,20.99,20.95,20.95,
2020-12-29T14:38:00+05:30,20.95,20.97,20.94,20.95,
2020-12-29T14:39:00+05:30,20.95,21.01,20.95,21.01,
2020-12-29T14:40:00+05:30,21.01,21.01,20.98,20.98,
2020-12-29T14:41:00+05:30,20.98,20.98,20.93,20.95,
2020-12-29T14:42:00+05:30,20.95,20.95,20.8,20.81,
2020-12-29T14:43:00+05:30,20.81,20.81,20.72,20.72,
2020-12-29T14:44:00+05:30,20.72,20.74,20.71,20.73,
2020-12-29T14:45:00+05:30,20.73,20.77,20.73,20.75,
2020-12-29T14:46:00+05:30,20.75,20.76,20.74,20.74,
2020-12-29T14:47:00+05:30,20.74,20.75,20.73,20.74,
2020-12-29T14:48:00+05:30,20.74,20.76,20.74,20.74,
2020-12-29T14:49:00+05:30,20.74,20.75,20.72,20.73,
2020-12-29T14:50:00+05:30,20.73,20.75,20.73,20.74,
2020-12-29T14:51:00+05:30,20.74,20.75,20.72,20.74,
2020-12-29T14:52:00+05:30,20.74,20.82,20.74,20.81,
2020-12-29T14:53:00+05:30,20.81,20.82,20.79,20.8,
2020-12-29T14:54:00+05:30,20.8,20.81,20.78,20.8,
2020-12-29T14:55:00+05:30,20.8,20.81,20.8,20.81,
2020-12-29T14:56:00+05:30,20.81,20.81,20.79,20.79,
2020-12-29T14:57:00+05:30,20.79,20.8,20.78,20.79,
2020-12-29T14:58:00+05:30,20.79,20.8,20.79,20.79,
2020-12-29T14:59:00+05:30,20.79,20.8,20.77,20.77,
2020-12-29T15:00:00+05:30,20.77,20.81,20.76,20.77,
2020-12-29T15:01:00+05:30,20.77,20.79,20.75,20.75,
2020-12-29T15:02:00+05:30,20.75,20.77,20.75,20.76,
2020-12-29T15:03:00+05:30,20.76,20.78,20.75,20.77,
2020-12-29T15:04:00+05:30,20.77,20.77,20.71,20.71,
2020-12-29T15:05:00+05:30,20.71,20.72,20.68,20.69,
2020-12-29T15:06:00+05:30,20.69,20.71,20.67,20.67,
2020-12-29T15:07:00+05:30,20.67,20.67,20.67,20.67,
2020-12-29T15:08:00+05:30,20.67,20.7,20.67,20.69,
2020-12-29T15:09:00+05:30,20.69,20.73,20.69,20.72,
2020-12-29T15:10:00+05:30,20.72,20.73,20.71,20.73,
2020-12-29T15:11:00+05:30,20.73,20.73,20.73,20.73,
2020-12-29T15:12:00+05:30,20.72,20.74,20.72,20.73,
2020-12-29T15:13:00+05:30,20.73,20.74,20.73,20.73,
2020-12-29T15:14:00+05:30,20.74,20.74,20.73,20.74,
2020-12-29T15:15:00+05:30,20.74,20.74,20.72,20.73,
2020-12-29T15:16:00+05:30,20.73,20.75,20.73,20.73,
2020-12-29T15:17:00+05:30,20.73,20.75,20.73,20.75,
2020-12-29T15:18:00+05:30,20.76,20.78,20.75,20.78,
2020-12-29T15:19:00+05:30,20.79,20.8,20.77,20.8,
2020-12-29T15:20:00+05:30,20.8,20.87,20.8,20.87,
2020-12-29T15:21:00+05:30,20.87,20.91,20.87,20.91,
2020-12-29T15:22:00+05:30,20.91,20.91,20.88,20.88,
2020-12-29T15:23:00+05:30,20.88,20.93,20.88,20.93,
2020-12-29T15:24:00+05:30,20.93,20.95,20.93,20.95,
2020-12-29T15:25:00+05:30,20.95,20.99,20.95,20.96,
2020-12-29T15:26:00+05:30,20.96,20.96,20.92,20.93,
2020-12-29T15:27:00+05:30,20.93,20.94,20.91,20.91,
2020-12-29T15:28:00+05:30,20.91,20.93,20.88,20.89,
2020-12-29T15:29:00+05:30,20.89,20.9,20.88,20.89,
2020-12-30T09:15:00+05:30,20.79,20.96,20.79,20.94,
2020-12-30T09:16:00+05:30,20.98,21.17,20.97,21.17,
2020-12-30T09:17:00+05:30,21.17,21.35,21.09,21.34,
2020-12-30T09:18:00+05:30,21.36,21.48,21.34,21.43,
2020-12-30T09:19:00+05:30,21.43,21.54,21.42,21.49,
2020-12-30T09:20:00+05:30,21.5,21.52,21.47,21.48,
2020-12-30T09:21:00+05:30,21.47,21.47,21.35,21.38,
2020-12-30T09:22:00+05:30,21.38,21.46,21.38,21.46,
2020-12-30T09:23:00+05:30,21.45,21.51,21.44,21.5,
2020-12-30T09:24:00+05:30,21.5,21.5,21.46,21.48,
2020-12-30T09:25:00+05:30,21.47,21.55,21.47,21.52,
2020-12-30T09:26:00+05:30,21.52,21.52,21.45,21.47,
2020-12-30T09:27:00+05:30,21.47,21.47,21.4,21.44,
2020-12-30T09:28:00+05:30,21.46,21.53,21.46,21.47,
2020-12-30T09:29:00+05:30,21.45,21.45,21.34,21.34,
2020-12-30T09:30:00+05:30,21.33,21.38,21.32,21.38,
2020-12-30T09:31:00+05:30,21.37,21.45,21.37,21.43,
2020-12-30T09:32:00+05:30,21.43,21.45,21.42,21.42,
2020-12-30T09:33:00+05:30,21.42,21.42,21.39,21.41,
2020-12-30T09:34:00+05:30,21.41,21.41,21.35,21.35,
2020-12-30T09:35:00+05:30,21.35,21.36,21.3,21.32,
2020-12-30T09:36:00+05:30,21.33,21.35,21.33,21.34,
2020-12-30T09:37:00+05:30,21.35,21.35,21.3,21.31,
2020-12-30T09:38:00+05:30,21.31,21.33,21.29,21.3,
2020-12-30T09:39:00+05:30,21.3,21.3,21.25,21.26,
2020-12-30T09:40:00+05:30,21.25,21.3,21.25,21.26,
2020-12-30T09:41:00+05:30,21.27,21.32,21.27,21.31,
2020-12-30T09:42:00+05:30,21.31,21.34,21.31,21.34,
2020-12-30T09:43:00+05:30,21.34,21.34,21.3,21.3,
2020-12-30T09:44:00+05:30,21.29,21.33,21.29,21.3,
2020-12-30T09:45:00+05:30,21.3,21.31,21.27,21.3,
2020-12-30T09:46:00+05:30,21.31,21.37,21.3,21.36,
2020-12-30T09:47:00+05:30,21.35,21.37,21.35,21.35,
2020-12-30T09:48:00+05:30,21.35,21.35,21.31,21.32,
2020-12-30T09:49:00+05:30,21.32,21.33,21.29,21.31,
2020-12-30T09:50:00+05:30,21.31,21.34,21.3,21.34,
2020-12-30T09:51:00+05:30,21.34,21.34,21.33,21.34,
2020-12-30T09:52:00+05:30,21.33,21.37,21.33,21.36,
2020-12-30T09:53:00+05:30,21.36,21.38,21.35,21.37,
2020-12-30T09:54:00+05:30,21.37,21.41,21.37,21.4,
2020-12-30T09:55:00+05:30,21.4,21.42,21.39,21.42,
2020-12-30T09:56:00+05:30,21.42,21.44,21.4,21.44,
2020-12-30T09:57:00+05:30,21.44,21.45,21.42,21.43,
2020-12-30T09:58:00+05:30,21.42,21.42,21.3,21.3,
2020-12-30T09:59:00+05:30,21.3,21.31,21.28,21.3,
2020-12-30T10:00:00+05:30,21.29,21.31,21.29,21.29,
2020-12-30T10:01:00+05:30,21.29,21.37,21.28,21.37,
2020-12-30T10:02:00+05:30,21.4,21.41,21.35,21.36,
2020-12-30T10:03:00+05:30,21.36,21.37,21.35,21.36,
2020-12-30T10:04:00+05:30,21.35,21.38,21.35,21.37,
2020-12-30T10:05:00+05:30,21.37,21.38,21.36,21.37,
2020-12-30T10:06:00+05:30,21.37,21.37,21.32,21.33,
2020-12-30T10:07:00+05:30,21.33,21.37,21.32,21.34,
2020-12-30T10:08:00+05:30,21.33,21.35,21.32,21.32,
2020-12-30T10:09:00+05:30,21.32,21.33,21.29,21.29,
2020-12-30T10:10:00+05:30,21.29,21.34,21.29,21.32,
2020-12-30T10:11:00+05:30,21.32,21.35,21.32,21.32,
2020-12-30T10:12:00+05:30,21.32,21.34,21.32,21.33,
2020-12-30T10:13:00+05:30,21.34,21.34,21.31,21.31,
2020-12-30T10:14:00+05:30,21.31,21.31,21.26,21.28,
2020-12-30T10:15:00+05:30,21.3,21.32,21.28,21.32,
2020-12-30T10:16:00+05:30,21.32,21.33,21.31,21.32,
2020-12-30T10:17:00+05:30,21.33,21.34,21.3,21.31,
2020-12-30T10:18:00+05:30,21.31,21.33,21.31,21.31,
2020-12-30T10:19:00+05:30,21.31,21.33,21.31,21.31,
2020-12-30T10:20:00+05:30,21.31,21.35,21.31,21.32,
2020-12-30T10:21:00+05:30,21.32,21.35,21.32,21.34,
2020-12-30T10:22:00+05:30,21.34,21.35,21.34,21.34,
2020-12-30T10:23:00+05:30,21.34,21.34,21.31,21.34,
2020-12-30T10:24:00+05:30,21.34,21.39,21.34,21.39,
2020-12-30T10:25:00+05:30,21.39,21.4,21.37,21.38,
2020-12-30T10:26:00+05:30,21.38,21.39,21.38,21.39,
2020-12-30T10:27:00+05:30,21.39,21.41,21.38,21.41,
2020-12-30T10:28:00+05:30,21.41,21.42,21.38,21.41,
2020-12-30T10:29:00+05:30,21.41,21.42,21.37,21.37,
2020-12-30T10:30:00+05:30,21.36,21.4,21.35,21.39,
2020-12-30T10:31:00+05:30,21.39,21.41,21.39,21.39,
2020-12-30T10:32:00+05:30,21.39,21.4,21.37,21.39,
2020-12-30T10:33:00+05:30,21.39,21.4,21.38,21.38,
2020-12-30T10:34:00+05:30,21.38,21.39,21.37,21.38,
2020-12-30T10:35:00+05:30,21.37,21.39,21.36,21.36,
2020-12-30T10:36:00+05:30,21.36,21.39,21.36,21.39,
2020-12-30T10:37:00+05:30,21.39,21.42,21.38,21.41,
2020-12-30T10:38:00+05:30,21.41,21.41,21.4,21.41,
2020-12-30T10:39:00+05:30,21.41,21.42,21.39,21.4,
2020-12-30T10:40:00+05:30,21.4,21.42,21.39,21.39,
2020-12-30T10:41:00+05:30,21.39,21.4,21.35,21.36,
2020-12-30T10:42:00+05:30,21.36,21.38,21.34,21.38,
2020-12-30T10:43:00+05:30,21.38,21.38,21.37,21.38,
2020-12-30T10:44:00+05:30,21.38,21.4,21.36,21.37,
2020-12-30T10:45:00+05:30,21.38,21.38,21.34,21.35,
2020-12-30T10:46:00+05:30,21.35,21.35,21.31,21.31,
2020-12-30T10:47:00+05:30,21.32,21.33,21.31,21.31,
2020-12-30T10:48:00+05:30,21.31,21.33,21.31,21.32,
2020-12-30T10:49:00+05:30,21.32,21.34,21.31,21.34,
2020-12-30T10:50:00+05:30,21.34,21.35,21.34,21.35,
2020-12-30T10:51:00+05:30,21.35,21.36,21.27,21.27,
2020-12-30T10:52:00+05:30,21.26,21.28,21.25,21.27,
2020-12-30T10:53:00+05:30,21.28,21.3,21.27,21.3,
2020-12-30T10:54:00+05:30,21.3,21.3,21.29,21.29,
2020-12-30T10:55:00+05:30,21.29,21.32,21.29,21.29,
2020-12-30T10:56:00+05:30,21.29,21.3,21.24,21.24,
2020-12-30T10:57:00+05:30,21.24,21.25,21.21,21.22,
2020-12-30T10:58:00+05:30,21.22,21.22,21.19,21.19,
2020-12-30T10:59:00+05:30,21.19,21.21,21.18,21.21,
2020-12-30T11:00:00+05:30,21.21,21.24,21.2,21.2,
2020-12-30T11:01:00+05:30,21.21,21.24,21.2,21.23,
2020-12-30T11:02:00+05:30,21.23,21.29,21.22,21.27,
2020-12-30T11:03:00+05:30,21.27,21.27,21.26,21.26,
2020-12-30T11:04:00+05:30,21.26,21.27,21.25,21.25,
2020-12-30T11:05:00+05:30,21.25,21.27,21.24,21.26,
2020-12-30T11:06:00+05:30,21.26,21.28,21.25,21.27,
2020-12-30T11:07:00+05:30,21.27,21.28,21.26,21.28,
2020-12-30T11:08:00+05:30,21.28,21.29,21.27,21.28,
2020-12-30T11:09:00+05:30,21.28,21.28,21.26,21.27,
2020-12-30T11:10:00+05:30,21.27,21.28,21.27,21.27,
2020-12-30T11:11:00+05:30,21.27,21.29,21.27,21.28,
2020-12-30T11:12:00+05:30,21.28,21.29,21.27,21.27,
2020-12-30T11:13:00+05:30,21.28,21.29,21.25,21.26,
2020-12-30T11:14:00+05:30,21.26,21.28,21.26,21.26,
2020-12-30T11:15:00+05:30,21.26,21.29,21.25,21.28,
2020-12-30T11:16:00+05:30,21.28,21.29,21.26,21.26,
2020-12-30T11:17:00+05:30,21.26,21.29,21.26,21.28,
2020-12-30T11:18:00+05:30,21.28,21.28,21.25,21.27,
2020-12-30T11:19:00+05:30,21.27,21.27,21.25,21.25,
2020-12-30T11:20:00+05:30,21.26,21.27,21.21,21.22,
2020-12-30T11:21:00+05:30,21.22,21.26,21.22,21.25,
2020-12-30T11:22:00+05:30,21.24,21.25,21.23,21.25,
2020-12-30T11:23:00+05:30,21.25,21.26,21.21,21.22,
2020-12-30T11:24:00+05:30,21.22,21.23,21.21,21.23,
2020-12-30T11:25:00+05:30,21.23,21.24,21.21,21.24,
2020-12-30T11:26:00+05:30,21.24,21.28,21.23,21.28,
2020-12-30T11:27:00+05:30,21.28,21.28,21.25,21.26,
2020-12-30T11:28:00+05:30,21.26,21.28,21.25,21.26,
2020-12-30T11:29:00+05:30,21.26,21.28,21.26,21.28,
2020-12-30T11:30:00+05:30,21.27,21.28,21.24,21.24,
2020-12-30T11:31:00+05:30,21.23,21.24,21.19,21.19,
2020-12-30T11:32:00+05:30,21.19,21.2,21.15,21.15,
2020-12-30T11:33:00+05:30,21.15,21.15,21.08,21.08,
2020-12-30T11:34:00+05:30,21.08,21.09,21.06,21.07,
2020-12-30T11:35:00+05:30,21.07,21.08,21.06,21.07,
2020-12-30T11:36:00+05:30,21.07,21.09,21.06,21.08,
2020-12-30T11:37:00+05:30,21.09,21.12,21.09,21.12,
2020-12-30T11:38:00+05:30,21.12,21.16,21.11,21.16,
2020-12-30T11:39:00+05:30,21.15,21.16,21.14,21.14,
2020-12-30T11:40:00+05:30,21.14,21.15,21.12,21.13,
2020-12-30T11:41:00+05:30,21.13,21.15,21.12,21.15,
2020-12-30T11:42:00+05:30,21.15,21.16,21.14,21.14,
2020-12-30T11:43:00+05:30,21.14,21.16,21.14,21.16,
2020-12-30T11:44:00+05:30,21.16,21.18,21.14,21.17,
2020-12-30T11:45:00+05:30,21.17,21.17,21.13,21.15,
2020-12-30T11:46:00+05:30,21.15,21.15,21.11,21.11,
2020-12-30T11:47:00+05:30,21.11,21.14,21.11,21.12,
2020-12-30T11:48:00+05:30,21.12,21.16,21.12,21.16,
2020-12-30T11:49:00+05:30,21.16,21.17,21.16,21.16,
2020-12-30T11:50:00+05:30,21.16,21.2,21.16,21.19,
2020-12-30T11:51:00+05:30,21.19,21.19,21.17,21.18,
2020-12-30T11:52:00+05:30,21.18,21.2,21.17,21.17,
2020-12-30T11:53:00+05:30,21.17,21.18,21.17,21.18,
2020-12-30T11:54:00+05:30,21.18,21.2,21.17,21.19,
2020-12-30T11:55:00+05:30,21.19,21.2,21.18,21.2,
2020-12-30T11:56:00+05:30,21.21,21.21,21.18,21.21,
2020-12-30T11:57:00+05:30,21.21,21.23,21.2,21.21,
2020-12-30T11:58:00+05:30,21.21,21.24,21.21,21.23,
2020-12-30T11:59:00+05:30,21.23,21.24,21.21,21.22,
2020-12-30T12:00:00+05:30,21.22,21.24,21.21,21.24,
2020-12-30T12:01:00+05:30,21.24,21.24,21.22,21.24,
2020-12-30T12:02:00+05:30,21.24,21.25,21.21,21.21,
2020-12-30T12:03:00+05:30,21.21,21.21,21.2,21.2,
2020-12-30T12:04:00+05:30,21.21,21.23,21.2,21.23,
2020-12-30T12:05:00+05:30,21.23,21.25,21.22,21.25,
2020-12-30T12:06:00+05:30,21.25,21.25,21.23,21.25,
2020-12-30T12:07:00+05:30,21.25,21.25,21.24,21.25,
2020-12-30T12:08:00+05:30,21.24,21.26,21.24,21.25,
2020-12-30T12:09:00+05:30,21.25,21.27,21.25,21.26,
2020-12-30T12:10:00+05:30,21.26,21.27,21.24,21.25,
2020-12-30T12:11:00+05:30,21.25,21.27,21.24,21.26,
2020-12-30T12:12:00+05:30,21.26,21.27,21.25,21.26,
2020-12-30T12:13:00+05:30,21.26,21.29,21.26,21.28,
2020-12-30T12:14:00+05:30,21.28,21.28,21.25,21.25,
2020-12-30T12:15:00+05:30,21.25,21.27,21.25,21.27,
2020-12-30T12:16:00+05:30,21.26,21.28,21.25,21.25,
2020-12-30T12:17:00+05:30,21.25,21.27,21.25,21.27,
2020-12-30T12:18:00+05:30,21.27,21.28,21.26,21.26,
2020-12-30T12:19:00+05:30,21.26,21.3,21.26,21.29,
2020-12-30T12:20:00+05:30,21.29,21.32,21.26,21.28,
2020-12-30T12:21:00+05:30,21.28,21.31,21.26,21.31,
2020-12-30T12:22:00+05:30,21.31,21.36,21.3,21.32,
2020-12-30T12:23:00+05:30,21.32,21.33,21.3,21.3,
2020-12-30T12:24:00+05:30,21.3,21.3,21.25,21.26,
2020-12-30T12:25:00+05:30,21.26,21.26,21.24,21.24,
2020-12-30T12:26:00+05:30,21.24,21.26,21.2,21.2,
2020-12-30T12:27:00+05:30,21.2,21.26,21.2,21.24,
2020-12-30T12:28:00+05:30,21.24,21.28,21.24,21.26,
2020-12-30T12:29:00+05:30,21.27,21.29,21.26,21.29,
2020-12-30T12:30:00+05:30,21.3,21.35,21.3,21.35,
2020-12-30T12:31:00+05:30,21.33,21.33,21.29,21.29,
2020-12-30T12:32:00+05:30,21.29,21.31,21.29,21.31,
2020-12-30T12:33:00+05:30,21.31,21.32,21.27,21.3,
2020-12-30T12:34:00+05:30,21.3,21.32,21.29,21.3,
2020-12-30T12:35:00+05:30,21.3,21.31,21.3,21.3,
2020-12-30T12:36:00+05:30,21.3,21.32,21.3,21.32,
2020-12-30T12:37:00+05:30,21.32,21.44,21.32,21.44,
2020-12-30T12:38:00+05:30,21.44,21.44,21.42,21.43,
2020-12-30T12:39:00+05:30,21.42,21.55,21.42,21.53,
2020-12-30T12:40:00+05:30,21.54,21.54,21.46,21.46,
2020-12-30T12:41:00+05:30,21.46,21.48,21.42,21.48,
2020-12-30T12:42:00+05:30,21.48,21.55,21.47,21.54,
2020-12-30T12:43:00+05:30,21.54,21.56,21.53,21.53,
2020-12-30T12:44:00+05:30,21.53,21.56,21.52,21.54,
2020-12-30T12:45:00+05:30,21.54,21.59,21.54,21.58,
2020-12-30T12:46:00+05:30,21.58,21.59,21.55,21.56,
2020-12-30T12:47:00+05:30,21.56,21.59,21.49,21.49,
2020-12-30T12:48:00+05:30,21.47,21.48,21.35,21.35,
2020-12-30T12:49:00+05:30,21.35,21.4,21.35,21.39,
2020-12-30T12:50:00+05:30,21.4,21.4,21.36,21.36,
2020-12-30T12:51:00+05:30,21.36,21.36,21.32,21.33,
2020-12-30T12:52:00+05:30,21.34,21.44,21.34,21.41,
2020-12-30T12:53:00+05:30,21.41,21.44,21.41,21.43,
2020-12-30T12:54:00+05:30,21.42,21.43,21.36,21.41,
2020-12-30T12:55:00+05:30,21.41,21.46,21.41,21.43,
2020-12-30T12:56:00+05:30,21.43,21.44,21.41,21.43,
2020-12-30T12:57:00+05:30,21.43,21.45,21.43,21.44,
2020-12-30T12:58:00+05:30,21.44,21.44,21.4,21.41,
2020-12-30T12:59:00+05:30,21.41,21.42,21.39,21.39,
2020-12-30T13:00:00+05:30,21.4,21.41,21.34,21.35,
2020-12-30T13:01:00+05:30,21.35,21.35,21.31,21.32,
2020-12-30T13:02:00+05:30,21.32,21.35,21.32,21.34,
2020-12-30T13:03:00+05:30,21.34,21.37,21.32,21.37,
2020-12-30T13:04:00+05:30,21.38,21.42,21.35,21.41,
2020-12-30T13:05:00+05:30,21.41,21.41,21.4,21.4,
2020-12-30T13:06:00+05:30,21.39,21.44,21.39,21.44,
2020-12-30T13:07:00+05:30,21.45,21.45,21.4,21.41,
2020-12-30T13:08:00+05:30,21.41,21.42,21.36,21.36,
2020-12-30T13:09:00+05:30,21.36,21.37,21.34,21.36,
2020-12-30T13:10:00+05:30,21.35,21.37,21.32,21.34,
2020-12-30T13:11:00+05:30,21.34,21.36,21.34,21.34,
2020-12-30T13:12:00+05:30,21.34,21.35,21.33,21.35,
2020-12-30T13:13:00+05:30,21.35,21.36,21.32,21.34,
2020-12-30T13:14:00+05:30,21.34,21.35,21.34,21.35,
2020-12-30T13:15:00+05:30,21.35,21.39,21.33,21.37,
2020-12-30T13:16:00+05:30,21.37,21.4,21.37,21.38,
2020-12-30T13:17:00+05:30,21.39,21.39,21.37,21.38,
2020-12-30T13:18:00+05:30,21.39,21.41,21.38,21.4,
2020-12-30T13:19:00+05:30,21.41,21.43,21.4,21.42,
2020-12-30T13:20:00+05:30,21.42,21.45,21.41,21.44,
2020-12-30T13:21:00+05:30,21.44,21.44,21.43,21.43,
2020-12-30T13:22:00+05:30,21.43,21.45,21.43,21.45,
2020-12-30T13:23:00+05:30,21.45,21.47,21.42,21.43,
2020-12-30T13:24:00+05:30,21.43,21.44,21.42,21.43,
2020-12-30T13:25:00+05:30,21.43,21.45,21.42,21.43,
2020-12-30T13:26:00+05:30,21.43,21.43,21.41,21.43,
2020-12-30T13:27:00+05:30,21.43,21.43,21.41,21.42,
2020-12-30T13:28:00+05:30,21.42,21.43,21.41,21.41,
2020-12-30T13:29:00+05:30,21.41,21.44,21.41,21.43,
2020-12-30T13:30:00+05:30,21.42,21.42,21.39,21.4,
2020-12-30T13:31:00+05:30,21.39,21.4,21.35,21.36,
2020-12-30T13:32:00+05:30,21.36,21.36,21.34,21.34,
2020-12-30T13:33:00+05:30,21.34,21.36,21.31,21.35,
2020-12-30T13:34:00+05:30,21.35,21.37,21.34,21.34,
2020-12-30T13:35:00+05:30,21.34,21.35,21.32,21.33,
2020-12-30T13:36:00+05:30,21.33,21.38,21.33,21.35,
2020-12-30T13:37:00+05:30,21.35,21.37,21.34,21.34,
2020-12-30T13:38:00+05:30,21.34,21.37,21.34,21.37,
2020-12-30T13:39:00+05:30,21.36,21.38,21.31,21.32,
2020-12-30T13:40:00+05:30,21.32,21.33,21.31,21.32,
2020-12-30T13:41:00+05:30,21.32,21.32,21.26,21.28,
2020-12-30T13:42:00+05:30,21.27,21.29,21.24,21.26,
2020-12-30T13:43:00+05:30,21.26,21.26,21.21,21.23,
2020-12-30T13:44:00+05:30,21.23,21.27,21.23,21.25,
2020-12-30T13:45:00+05:30,21.26,21.3,21.24,21.29,
2020-12-30T13:46:00+05:30,21.29,21.32,21.28,21.32,
2020-12-30T13:47:00+05:30,21.32,21.34,21.3,21.33,
2020-12-30T13:48:00+05:30,21.33,21.36,21.32,21.36,
2020-12-30T13:49:00+05:30,21.36,21.36,21.34,21.34,
2020-12-30T13:50:00+05:30,21.34,21.35,21.29,21.31,
2020-12-30T13:51:00+05:30,21.31,21.31,21.29,21.3,
2020-12-30T13:52:00+05:30,21.3,21.3,21.27,21.3,
2020-12-30T13:53:00+05:30,21.31,21.36,21.28,21.36,
2020-12-30T13:54:00+05:30,21.35,21.35,21.31,21.32,
2020-12-30T13:55:00+05:30,21.32,21.32,21.27,21.29,
2020-12-30T13:56:00+05:30,21.29,21.29,21.27,21.28,
2020-12-30T13:57:00+05:30,21.29,21.31,21.27,21.28,
2020-12-30T13:58:00+05:30,21.29,21.3,21.27,21.3,
2020-12-30T13:59:00+05:30,21.3,21.3,21.27,21.28,
2020-12-30T14:00:00+05:30,21.28,21.3,21.21,21.21,
2020-12-30T14:01:00+05:30,21.21,21.21,21.16,21.19,
2020-12-30T14:02:00+05:30,21.19,21.2,21.15,21.15,
2020-12-30T14:03:00+05:30,21.16,21.17,21.14,21.15,
2020-12-30T14:04:00+05:30,21.15,21.17,21.13,21.16,
2020-12-30T14:05:00+05:30,21.16,21.17,21.13,21.13,
2020-12-30T14:06:00+05:30,21.13,21.16,21.11,21.11,
2020-12-30T14:07:00+05:30,21.11,21.11,21.07,21.07,
2020-12-30T14:08:00+05:30,21.07,21.11,21.07,21.1,
2020-12-30T14:09:00+05:30,21.1,21.12,21.09,21.11,
2020-12-30T14:10:00+05:30,21.11,21.14,21.09,21.11,
2020-12-30T14:11:00+05:30,21.12,21.12,21.11,21.11,
2020-12-30T14:12:00+05:30,21.11,21.15,21.11,21.13,
2020-12-30T14:13:00+05:30,21.13,21.15,21.11,21.12,
2020-12-30T14:14:00+05:30,21.12,21.17,21.12,21.14,
2020-12-30T14:15:00+05:30,21.13,21.16,21.13,21.16,
2020-12-30T14:16:00+05:30,21.16,21.16,21.14,21.15,
2020-12-30T14:17:00+05:30,21.15,21.16,21.11,21.12,
2020-12-30T14:18:00+05:30,21.13,21.17,21.13,21.17,
2020-12-30T14:19:00+05:30,21.16,21.17,21.14,21.17,
2020-12-30T14:20:00+05:30,21.17,21.19,21.16,21.19,
2020-12-30T14:21:00+05:30,21.18,21.18,21.13,21.14,
2020-12-30T14:22:00+05:30,21.14,21.17,21.13,21.14,
2020-12-30T14:23:00+05:30,21.14,21.16,21.12,21.15,
2020-12-30T14:24:00+05:30,21.14,21.18,21.13,21.15,
2020-12-30T14:25:00+05:30,21.16,21.18,21.15,21.15,
2020-12-30T14:26:00+05:30,21.15,21.17,21.14,21.15,
2020-12-30T14:27:00+05:30,21.15,21.15,21.13,21.14,
2020-12-30T14:28:00+05:30,21.13,21.14,21.12,21.12,
2020-12-30T14:29:00+05:30,21.12,21.12,21.11,21.12,
2020-12-30T14:30:00+05:30,21.12,21.13,21.06,21.06,
2020-12-30T14:31:00+05:30,21.07,21.07,21.02,21.04,
2020-12-30T14:32:00+05:30,21.04,21.08,21.03,21.08,
2020-12-30T14:33:00+05:30,21.1,21.14,21.1,21.14,
2020-12-30T14:34:00+05:30,21.14,21.16,21.13,21.16,
2020-12-30T14:35:00+05:30,21.16,21.17,21.12,21.13,
2020-12-30T14:36:00+05:30,21.13,21.14,21.12,21.13,
2020-12-30T14:37:00+05:30,21.12,21.15,21.11,21.12,
2020-12-30T14:38:00+05:30,21.12,21.16,21.12,21.13,
2020-12-30T14:39:00+05:30,21.14,21.14,21.11,21.12,
2020-12-30T14:40:00+05:30,21.12,21.12,21.1,21.1,
2020-12-30T14:41:00+05:30,21.1,21.12,21.09,21.1,
2020-12-30T14:42:00+05:30,21.1,21.13,21.09,21.12,
2020-12-30T14:43:00+05:30,21.11,21.14,21.11,21.13,
2020-12-30T14:44:00+05:30,21.13,21.14,21.12,21.14,
2020-12-30T14:45:00+05:30,21.13,21.17,21.13,21.17,
2020-12-30T14:46:00+05:30,21.17,21.17,21.15,21.17,
2020-12-30T14:47:00+05:30,21.17,21.19,21.16,21.19,
2020-12-30T14:48:00+05:30,21.18,21.2,21.18,21.19,
2020-12-30T14:49:00+05:30,21.2,21.21,21.18,21.19,
2020-12-30T14:50:00+05:30,21.19,21.22,21.19,21.21,
2020-12-30T14:51:00+05:30,21.21,21.22,21.16,21.17,
2020-12-30T14:52:00+05:30,21.16,21.19,21.16,21.18,
2020-12-30T14:53:00+05:30,21.17,21.17,21.15,21.15,
2020-12-30T14:54:00+05:30,21.16,21.17,21.14,21.14,
2020-12-30T14:55:00+05:30,21.14,21.15,21.13,21.14,
2020-12-30T14:56:00+05:30,21.14,21.15,21.13,21.13,
2020-12-30T14:57:00+05:30,21.13,21.14,21.13,21.14,
2020-12-30T14:58:00+05:30,21.14,21.2,21.14,21.19,
2020-12-30T14:59:00+05:30,21.19,21.2,21.19,21.2,
2020-12-30T15:00:00+05:30,21.17,21.19,21.12,21.14,
2020-12-30T15:01:00+05:30,21.14,21.15,21.13,21.15,
2020-12-30T15:02:00+05:30,21.15,21.16,21.13,21.14,
2020-12-30T15:03:00+05:30,21.14,21.14,21.11,21.12,
2020-12-30T15:04:00+05:30,21.12,21.14,21.12,21.13,
2020-12-30T15:05:00+05:30,21.12,21.14,21.11,21.12,
2020-12-30T15:06:00+05:30,21.12,21.14,21.12,21.14,
2020-12-30T15:07:00+05:30,21.14,21.14,21.12,21.13,
2020-12-30T15:08:00+05:30,21.13,21.14,21.12,21.12,
2020-12-30T15:09:00+05:30,21.13,21.15,21.11,21.13,
2020-12-30T15:10:00+05:30,21.13,21.13,21.1,21.1,
2020-12-30T15:11:00+05:30,21.1,21.1,21.02,21.02,
2020-12-30T15:12:00+05:30,21.02,21.05,21.02,21.03,
2020-12-30T15:13:00+05:30,21.03,21.05,21.02,21.05,
2020-12-30T15:14:00+05:30,21.05,21.06,21.04,21.04,
2020-12-30T15:15:00+05:30,21.04,21.06,21.04,21.05,
2020-12-30T15:16:00+05:30,21.05,21.08,21.05,21.07,
2020-12-30T15:17:00+05:30,21.07,21.09,21.07,21.09,
2020-12-30T15:18:00+05:30,21.09,21.12,21.09,21.09,
2020-12-30T15:19:00+05:30,21.09,21.13,21.09,21.12,
2020-12-30T15:20:00+05:30,21.12,21.15,21.12,21.15,
2020-12-30T15:21:00+05:30,21.15,21.18,21.13,21.16,
2020-12-30T15:22:00+05:30,21.17,21.17,21.11,21.11,
2020-12-30T15:23:00+05:30,21.11,21.13,21.1,21.12,
2020-12-30T15:24:00+05:30,21.11,21.12,21.11,21.11,
2020-12-30T15:25:00+05:30,21.11,21.14,21.11,21.13,
2020-12-30T15:26:00+05:30,21.13,21.14,21.11,21.13,
2020-12-30T15:27:00+05:30,21.13,21.14,21.12,21.14,
2020-12-30T15:28:00+05:30,21.14,21.15,21.1,21.11,
2020-12-30T15:29:00+05:30,21.12,21.16,21.11,21.16,
2020-12-31T09:15:00+05:30,21.11,21.31,19.19,21.29,
2020-12-31T09:16:00+05:30,21.29,21.36,21.28,21.36,
2020-12-31T09:17:00+05:30,21.37,21.42,21.37,21.41,
2020-12-31T09:18:00+05:30,21.42,21.42,21.29,21.29,
2020-12-31T09:19:00+05:30,21.29,21.34,21.26,21.3,
2020-12-31T09:20:00+05:30,21.29,21.31,21.18,21.27,
2020-12-31T09:21:00+05:30,21.28,21.32,21.22,21.31,
2020-12-31T09:22:00+05:30,21.29,21.35,21.29,21.3,
2020-12-31T09:23:00+05:30,21.3,21.31,21.28,21.3,
2020-12-31T09:24:00+05:30,21.3,21.31,21.28,21.29,
2020-12-31T09:25:00+05:30,21.29,21.29,21.24,21.24,
2020-12-31T09:26:00+05:30,21.24,21.26,21.22,21.22,
2020-12-31T09:27:00+05:30,21.22,21.28,21.22,21.27,
2020-12-31T09:28:00+05:30,21.26,21.27,21.23,21.24,
2020-12-31T09:29:00+05:30,21.25,21.28,21.23,21.28,
2020-12-31T09:30:00+05:30,21.28,21.31,21.26,21.28,
2020-12-31T09:31:00+05:30,21.28,21.29,21.25,21.27,
2020-12-31T09:32:00+05:30,21.27,21.27,21.24,21.24,
2020-12-31T09:33:00+05:30,21.24,21.25,21.19,21.2,
2020-12-31T09:34:00+05:30,21.19,21.21,21.18,21.19,
2020-12-31T09:35:00+05:30,21.19,21.23,21.19,21.23,
2020-12-31T09:36:00+05:30,21.22,21.23,21.2,21.21,
2020-12-31T09:37:00+05:30,21.21,21.25,21.19,21.19,
2020-12-31T09:38:00+05:30,21.2,21.21,21.15,21.16,
2020-12-31T09:39:00+05:30,21.16,21.17,21.1,21.12,
2020-12-31T09:40:00+05:30,21.12,21.14,21.11,21.14,
2020-12-31T09:41:00+05:30,21.14,21.16,21.13,21.16,
2020-12-31T09:42:00+05:30,21.16,21.18,21.16,21.17,
2020-12-31T09:43:00+05:30,21.17,21.2,21.17,21.2,
2020-12-31T09:44:00+05:30,21.2,21.22,21.19,21.22,
2020-12-31T09:45:00+05:30,21.22,21.24,21.22,21.23,
2020-12-31T09:46:00+05:30,21.23,21.27,21.22,21.24,
2020-12-31T09:47:00+05:30,21.25,21.25,21.21,21.22,
2020-12-31T09:48:00+05:30,21.23,21.23,21.21,21.23,
2020-12-31T09:49:00+05:30,21.23,21.23,21.19,21.19,
2020-12-31T09:50:00+05:30,21.19,21.19,21.16,21.16,
2020-12-31T09:51:00+05:30,21.16,21.2,21.15,21.17,
2020-12-31T09:52:00+05:30,21.17,21.19,21.16,21.17,
2020-12-31T09:53:00+05:30,21.17,21.18,21.16,21.17,
2020-12-31T09:54:00+05:30,21.17,21.22,21.17,21.22,
2020-12-31T09:55:00+05:30,21.22,21.22,21.17,21.21,
2020-12-31T09:56:00+05:30,21.21,21.23,21.19,21.21,
2020-12-31T09:57:00+05:30,21.21,21.22,21.2,21.22,
2020-12-31T09:58:00+05:30,21.21,21.27,21.21,21.27,
2020-12-31T09:59:00+05:30,21.26,21.28,21.26,21.26,
2020-12-31T10:00:00+05:30,21.26,21.26,21.22,21.23,
2020-12-31T10:01:00+05:30,21.23,21.25,21.19,21.19,
2020-12-31T10:02:00+05:30,21.2,21.2,21.15,21.16,
2020-12-31T10:03:00+05:30,21.16,21.16,21.12,21.13,
2020-12-31T10:04:00+05:30,21.13,21.14,21.12,21.13,
2020-12-31T10:05:00+05:30,21.13,21.14,21.11,21.13,
2020-12-31T10:06:00+05:30,21.13,21.17,21.13,21.15,
2020-12-31T10:07:00+05:30,21.15,21.17,21.11,21.17,
2020-12-31T10:08:00+05:30,21.17,21.17,21.13,21.13,
2020-12-31T10:09:00+05:30,21.13,21.13,21.11,21.11,
2020-12-31T10:10:00+05:30,21.11,21.14,21.11,21.13,
2020-12-31T10:11:00+05:30,21.13,21.15,21.12,21.12,
2020-12-31T10:12:00+05:30,21.12,21.15,21.11,21.11,
2020-12-31T10:13:00+05:30,21.11,21.13,21.11,21.11,
2020-12-31T10:14:00+05:30,21.11,21.12,21.08,21.08,
2020-12-31T10:15:00+05:30,21.09,21.11,21.09,21.09,
2020-12-31T10:16:00+05:30,21.09,21.11,21.09,21.11,
2020-12-31T10:17:00+05:30,21.11,21.12,21.11,21.12,
2020-12-31T10:18:00+05:30,21.12,21.12,21.06,21.07,
2020-12-31T10:19:00+05:30,21.07,21.19,21.07,21.19,
2020-12-31T10:20:00+05:30,21.19,21.19,21.18,21.18,
2020-12-31T10:21:00+05:30,21.18,21.19,21.18,21.19,
2020-12-31T10:22:00+05:30,21.19,21.2,21.17,21.19,
2020-12-31T10:23:00+05:30,21.19,21.21,21.17,21.2,
2020-12-31T10:24:00+05:30,21.2,21.2,21.17,21.17,
2020-12-31T10:25:00+05:30,21.17,21.17,21.11,21.12,
2020-12-31T10:26:00+05:30,21.12,21.13,21.1,21.11,
2020-12-31T10:27:00+05:30,21.11,21.13,21.11,21.13,
2020-12-31T10:28:00+05:30,21.12,21.14,21.12,21.14,
2020-12-31T10:29:00+05:30,21.14,21.15,21.12,21.14,
2020-12-31T10:30:00+05:30,21.14,21.14,21.08,21.08,
2020-12-31T10:31:00+05:30,21.08,21.09,21.06,21.09,
2020-12-31T10:32:00+05:30,21.09,21.18,21.08,21.18,
2020-12-31T10:33:00+05:30,21.18,21.19,21.11,21.11,
2020-12-31T10:34:00+05:30,21.11,21.15,21.11,21.14,
2020-12-31T10:35:00+05:30,21.14,21.14,21.1,21.11,
2020-12-31T10:36:00+05:30,21.12,21.2,21.11,21.12,
2020-12-31T10:37:00+05:30,21.12,21.15,21.12,21.15,
2020-12-31T10:38:00+05:30,21.15,21.15,21.13,21.15,
2020-12-31T10:39:00+05:30,21.14,21.16,21.14,21.16,
2020-12-31T10:40:00+05:30,21.16,21.17,21.13,21.14,
2020-12-31T10:41:00+05:30,21.14,21.18,21.14,21.17,
2020-12-31T10:42:00+05:30,21.17,21.23,21.17,21.23,
2020-12-31T10:43:00+05:30,21.23,21.23,21.16,21.17,
2020-12-31T10:44:00+05:30,21.17,21.17,21.14,21.15,
2020-12-31T10:45:00+05:30,21.16,21.2,21.14,21.2,
2020-12-31T10:46:00+05:30,21.2,21.2,21.15,21.17,
2020-12-31T10:47:00+05:30,21.17,21.18,21.15,21.18,
2020-12-31T10:48:00+05:30,21.17,21.2,21.17,21.18,
2020-12-31T10:49:00+05:30,21.18,21.18,21.15,21.15,
2020-12-31T10:50:00+05:30,21.15,21.16,21.14,21.16,
2020-12-31T10:51:00+05:30,21.16,21.24,21.14,21.18,
2020-12-31T10:52:00+05:30,21.18,21.21,21.16,21.21,
2020-12-31T10:53:00+05:30,21.21,21.21,21.17,21.17,
2020-12-31T10:54:00+05:30,21.17,21.2,21.17,21.17,
2020-12-31T10:55:00+05:30,21.16,21.2,21.09,21.09,
2020-12-31T10:56:00+05:30,21.09,21.18,21.06,21.17,
2020-12-31T10:57:00+05:30,21.19,21.21,21.17,21.21,
2020-12-31T10:58:00+05:30,21.2,21.22,21.2,21.2,
2020-12-31T10:59:00+05:30,21.2,21.25,21.2,21.24,
2020-12-31T11:00:00+05:30,21.24,21.24,21.2,21.2,
2020-12-31T11:01:00+05:30,21.2,21.24,21.2,21.23,
2020-12-31T11:02:00+05:30,21.22,21.25,21.21,21.24,
2020-12-31T11:03:00+05:30,21.23,21.25,21.22,21.22,
2020-12-31T11:04:00+05:30,21.23,21.23,21.21,21.21,
2020-12-31T11:05:00+05:30,21.21,21.26,21.2,21.25,
2020-12-31T11:06:00+05:30,21.25,21.25,21.23,21.24,
2020-12-31T11:07:00+05:30,21.24,21.25,21.23,21.23,
2020-12-31T11:08:00+05:30,21.23,21.24,21.21,21.21,
2020-12-31T11:09:00+05:30,21.21,21.23,21.21,21.22,
2020-12-31T11:10:00+05:30,21.22,21.22,21.2,21.2,
2020-12-31T11:11:00+05:30,21.2,21.21,21.17,21.17,
2020-12-31T11:12:00+05:30,21.17,21.19,21.17,21.17,
2020-12-31T11:13:00+05:30,21.17,21.17,21.13,21.17,
2020-12-31T11:14:00+05:30,21.17,21.17,21.12,21.14,
2020-12-31T11:15:00+05:30,21.14,21.14,21.11,21.13,
2020-12-31T11:16:00+05:30,21.13,21.13,21.08,21.1,
2020-12-31T11:17:00+05:30,21.11,21.13,21.1,21.12,
2020-12-31T11:18:00+05:30,21.12,21.15,21.11,21.13,
2020-12-31T11:19:00+05:30,21.13,21.17,21.13,21.16,
2020-12-31T11:20:00+05:30,21.16,21.17,21.15,21.16,
2020-12-31T11:21:00+05:30,21.16,21.16,21.14,21.14,
2020-12-31T11:22:00+05:30,21.14,21.15,21.13,21.14,
2020-12-31T11:23:00+05:30,21.14,21.15,21.14,21.15,
2020-12-31T11:24:00+05:30,21.15,21.15,21.12,21.12,
2020-12-31T11:25:00+05:30,21.12,21.13,21.11,21.11,
2020-12-31T11:26:00+05:30,21.1,21.1,21.05,21.05,
2020-12-31T11:27:00+05:30,21.06,21.09,21.05,21.09,
2020-12-31T11:28:00+05:30,21.09,21.1,21.08,21.1,
2020-12-31T11:29:00+05:30,21.1,21.1,21.08,21.09,
2020-12-31T11:30:00+05:30,21.09,21.12,21.08,21.1,
2020-12-31T11:31:00+05:30,21.1,21.11,21.09,21.09,
2020-12-31T11:32:00+05:30,21.1,21.12,21.08,21.08,
2020-12-31T11:33:00+05:30,21.08,21.08,21.07,21.08,
2020-12-31T11:34:00+05:30,21.08,21.12,21.08,21.11,
2020-12-31T11:35:00+05:30,21.1,21.12,21.1,21.12,
2020-12-31T11:36:00+05:30,21.12,21.14,21.12,21.14,
2020-12-31T11:37:00+05:30,21.14,21.14,21.13,21.14,
2020-12-31T11:38:00+05:30,21.14,21.15,21.12,21.12,
2020-12-31T11:39:00+05:30,21.11,21.12,21.1,21.11,
2020-12-31T11:40:00+05:30,21.11,21.14,21.11,21.14,
2020-12-31T11:41:00+05:30,21.15,21.18,21.14,21.15,
2020-12-31T11:42:00+05:30,21.15,21.18,21.15,21.18,
2020-12-31T11:43:00+05:30,21.18,21.21,21.18,21.2,
2020-12-31T11:44:00+05:30,21.2,21.21,21.18,21.18,
2020-12-31T11:45:00+05:30,21.18,21.2,21.17,21.2,
2020-12-31T11:46:00+05:30,21.2,21.23,21.19,21.23,
2020-12-31T11:47:00+05:30,21.23,21.23,21.21,21.23,
2020-12-31T11:48:00+05:30,21.23,21.26,21.21,21.21,
2020-12-31T11:49:00+05:30,21.21,21.22,21.2,21.21,
2020-12-31T11:50:00+05:30,21.22,21.22,21.2,21.21,
2020-12-31T11:51:00+05:30,21.2,21.21,21.18,21.18,
2020-12-31T11:52:00+05:30,21.19,21.19,21.05,21.07,
2020-12-31T11:53:00+05:30,21.07,21.11,21.04,21.1,
2020-12-31T11:54:00+05:30,21.12,21.19,21.09,21.17,
2020-12-31T11:55:00+05:30,21.17,21.19,21.1,21.16,
2020-12-31T11:56:00+05:30,21.16,21.21,21.09,21.2,
2020-12-31T11:57:00+05:30,21.2,21.21,21.12,21.21,
2020-12-31T11:58:00+05:30,21.21,21.22,21.2,21.2,
2020-12-31T11:59:00+05:30,21.2,21.23,21.14,21.17,
2020-12-31T12:00:00+05:30,21.23,21.29,21.18,21.28,
2020-12-31T12:01:00+05:30,21.28,21.28,21.2,21.28,
2020-12-31T12:02:00+05:30,21.28,21.3,21.28,21.29,
2020-12-31T12:03:00+05:30,21.29,21.34,21.28,21.34,
2020-12-31T12:04:00+05:30,21.34,21.34,21.31,21.31,
2020-12-31T12:05:00+05:30,21.31,21.33,21.28,21.3,
2020-12-31T12:06:00+05:30,21.31,21.31,21.28,21.31,
2020-12-31T12:07:00+05:30,21.31,21.36,21.31,21.36,
2020-12-31T12:08:00+05:30,21.35,21.38,21.34,21.37,
2020-12-31T12:09:00+05:30,21.37,21.38,21.35,21.35,
2020-12-31T12:10:00+05:30,21.35,21.37,21.3,21.3,
2020-12-31T12:11:00+05:30,21.31,21.32,21.29,21.31,
2020-12-31T12:12:00+05:30,21.32,21.38,21.32,21.37,
2020-12-31T12:13:00+05:30,21.37,21.41,21.37,21.39,
2020-12-31T12:14:00+05:30,21.4,21.45,21.4,21.44,
2020-12-31T12:15:00+05:30,21.44,21.49,21.44,21.47,
2020-12-31T12:16:00+05:30,21.49,21.51,21.47,21.48,
2020-12-31T12:17:00+05:30,21.49,21.49,21.45,21.46,
2020-12-31T12:18:00+05:30,21.46,21.46,21.4,21.4,
2020-12-31T12:19:00+05:30,21.4,21.42,21.37,21.4,
2020-12-31T12:20:00+05:30,21.41,21.41,21.37,21.37,
2020-12-31T12:21:00+05:30,21.37,21.42,21.37,21.42,
2020-12-31T12:22:00+05:30,21.42,21.45,21.42,21.43,
2020-12-31T12:23:00+05:30,21.43,21.44,21.42,21.43,
2020-12-31T12:24:00+05:30,21.43,21.43,21.39,21.39,
2020-12-31T12:25:00+05:30,21.39,21.4,21.36,21.37,
2020-12-31T12:26:00+05:30,21.36,21.36,21.33,21.33,
2020-12-31T12:27:00+05:30,21.33,21.36,21.33,21.35,
2020-12-31T12:28:00+05:30,21.34,21.39,21.34,21.38,
2020-12-31T12:29:00+05:30,21.39,21.42,21.39,21.41,
2020-12-31T12:30:00+05:30,21.41,21.46,21.38,21.38,
2020-12-31T12:31:00+05:30,21.38,21.39,21.24,21.24,
2020-12-31T12:32:00+05:30,21.25,21.25,21.23,21.25,
2020-12-31T12:33:00+05:30,21.25,21.25,21.21,21.23,
2020-12-31T12:34:00+05:30,21.23,21.23,21.21,21.23,
2020-12-31T12:35:00+05:30,21.23,21.24,21.22,21.23,
2020-12-31T12:36:00+05:30,21.24,21.24,21.21,21.21,
2020-12-31T12:37:00+05:30,21.2,21.21,21.18,21.19,
2020-12-31T12:38:00+05:30,21.19,21.21,21.16,21.17,
2020-12-31T12:39:00+05:30,21.17,21.18,21.16,21.17,
2020-12-31T12:40:00+05:30,21.16,21.22,21.16,21.22,
2020-12-31T12:41:00+05:30,21.21,21.26,21.21,21.25,
2020-12-31T12:42:00+05:30,21.25,21.26,21.24,21.26,
2020-12-31T12:43:00+05:30,21.26,21.26,21.24,21.24,
2020-12-31T12:44:00+05:30,21.24,21.27,21.24,21.26,
2020-12-31T12:45:00+05:30,21.26,21.26,21.24,21.26,
2020-12-31T12:46:00+05:30,21.26,21.26,21.24,21.24,
2020-12-31T12:47:00+05:30,21.24,21.26,21.24,21.24,
2020-12-31T12:48:00+05:30,21.24,21.26,21.23,21.23,
2020-12-31T12:49:00+05:30,21.23,21.24,21.18,21.19,
2020-12-31T12:50:00+05:30,21.19,21.19,21.13,21.14,
2020-12-31T12:51:00+05:30,21.14,21.14,21.09,21.1,
2020-12-31T12:52:00+05:30,21.1,21.14,21.09,21.14,
2020-12-31T12:53:00+05:30,21.15,21.18,21.14,21.17,
2020-12-31T12:54:00+05:30,21.16,21.16,21.12,21.13,
2020-12-31T12:55:00+05:30,21.13,21.14,21.09,21.1,
2020-12-31T12:56:00+05:30,21.1,21.11,21.08,21.09,
2020-12-31T12:57:00+05:30,21.09,21.09,21.07,21.09,
2020-12-31T12:58:00+05:30,21.09,21.12,21.09,21.11,
2020-12-31T12:59:00+05:30,21.11,21.11,21.07,21.1,
2020-12-31T13:00:00+05:30,21.1,21.12,21.09,21.09,
2020-12-31T13:01:00+05:30,21.09,21.1,21.04,21.04,
2020-12-31T13:02:00+05:30,21.04,21.05,21,21,
2020-12-31T13:03:00+05:30,21,21.01,21,21,
2020-12-31T13:04:00+05:30,21.01,21.05,20.99,21.04,
2020-12-31T13:05:00+05:30,21.04,21.04,21.03,21.04,
2020-12-31T13:06:00+05:30,21.04,21.06,21.03,21.06,
2020-12-31T13:07:00+05:30,21.06,21.11,21.05,21.11,
2020-12-31T13:08:00+05:30,21.11,21.12,21.1,21.11,
2020-12-31T13:09:00+05:30,21.11,21.13,21.1,21.12,
2020-12-31T13:10:00+05:30,21.12,21.14,21.11,21.13,
2020-12-31T13:11:00+05:30,21.13,21.16,21.13,21.16,
2020-12-31T13:12:00+05:30,21.15,21.15,21.13,21.14,
2020-12-31T13:13:00+05:30,21.14,21.15,21.13,21.15,
2020-12-31T13:14:00+05:30,21.15,21.16,21.14,21.14,
2020-12-31T13:15:00+05:30,21.15,21.16,21.13,21.14,
2020-12-31T13:16:00+05:30,21.14,21.16,21.14,21.15,
2020-12-31T13:17:00+05:30,21.15,21.16,21.14,21.15,
2020-12-31T13:18:00+05:30,21.15,21.16,21.13,21.15,
2020-12-31T13:19:00+05:30,21.15,21.17,21.12,21.15,
2020-12-31T13:20:00+05:30,21.15,21.15,21.1,21.11,
2020-12-31T13:21:00+05:30,21.11,21.11,21.09,21.11,
2020-12-31T13:22:00+05:30,21.11,21.16,21.11,21.15,
2020-12-31T13:23:00+05:30,21.15,21.18,21.15,21.16,
2020-12-31T13:24:00+05:30,21.16,21.18,21.15,21.17,
2020-12-31T13:25:00+05:30,21.16,21.18,21.15,21.15,
2020-12-31T13:26:00+05:30,21.14,21.17,21.14,21.16,
2020-12-31T13:27:00+05:30,21.15,21.18,21.15,21.18,
2020-12-31T13:28:00+05:30,21.18,21.18,21.13,21.14,
2020-12-31T13:29:00+05:30,21.14,21.16,21.12,21.13,
2020-12-31T13:30:00+05:30,21.14,21.15,21.1,21.1,
2020-12-31T13:31:00+05:30,21.11,21.11,21.07,21.07,
2020-12-31T13:32:00+05:30,21.07,21.09,21.07,21.08,
2020-12-31T13:33:00+05:30,21.08,21.11,21.06,21.07,
2020-12-31T13:34:00+05:30,21.07,21.1,21.07,21.09,
2020-12-31T13:35:00+05:30,21.09,21.11,21.07,21.1,
2020-12-31T13:36:00+05:30,21.1,21.12,21.09,21.11,
2020-12-31T13:37:00+05:30,21.11,21.14,21.1,21.13,
2020-12-31T13:38:00+05:30,21.12,21.13,21.1,21.12,
2020-12-31T13:39:00+05:30,21.12,21.12,21.1,21.12,
2020-12-31T13:40:00+05:30,21.12,21.17,21.12,21.15,
2020-12-31T13:41:00+05:30,21.16,21.17,21.15,21.16,
2020-12-31T13:42:00+05:30,21.16,21.16,21.14,21.15,
2020-12-31T13:43:00+05:30,21.16,21.16,21.14,21.15,
2020-12-31T13:44:00+05:30,21.15,21.15,21.11,21.13,
2020-12-31T13:45:00+05:30,21.12,21.15,21.09,21.09,
2020-12-31T13:46:00+05:30,21.1,21.15,21.09,21.13,
2020-12-31T13:47:00+05:30,21.13,21.15,21.11,21.13,
2020-12-31T13:48:00+05:30,21.14,21.15,21.11,21.12,
2020-12-31T13:49:00+05:30,21.12,21.13,21.1,21.12,
2020-12-31T13:50:00+05:30,21.12,21.12,21.1,21.1,
2020-12-31T13:51:00+05:30,21.1,21.12,21.07,21.08,
2020-12-31T13:52:00+05:30,21.08,21.09,21.07,21.07,
2020-12-31T13:53:00+05:30,21.07,21.1,21.06,21.09,
2020-12-31T13:54:00+05:30,21.09,21.11,21.06,21.08,
2020-12-31T13:55:00+05:30,21.08,21.09,21.03,21.03,
2020-12-31T13:56:00+05:30,21.03,21.03,21,21.01,
2020-12-31T13:57:00+05:30,21.01,21.02,20.98,21,
2020-12-31T13:58:00+05:30,21,21,20.99,20.99,
2020-12-31T13:59:00+05:30,20.99,21.02,20.98,21.02,
2020-12-31T14:00:00+05:30,21.01,21.01,20.98,21,
2020-12-31T14:01:00+05:30,21,21.02,21,21.01,
2020-12-31T14:02:00+05:30,21.01,21.01,20.98,21,
2020-12-31T14:03:00+05:30,21,21.01,20.98,20.99,
2020-12-31T14:04:00+05:30,20.99,21,20.97,20.98,
2020-12-31T14:05:00+05:30,20.98,20.99,20.96,20.98,
2020-12-31T14:06:00+05:30,20.98,21,20.97,20.98,
2020-12-31T14:07:00+05:30,20.98,21.01,20.98,21,
2020-12-31T14:08:00+05:30,21,21.02,21,21,
2020-12-31T14:09:00+05:30,20.99,21.02,20.99,21.01,
2020-12-31T14:10:00+05:30,21.02,21.06,21.02,21.03,
2020-12-31T14:11:00+05:30,21.04,21.06,21.02,21.04,
2020-12-31T14:12:00+05:30,21.04,21.04,21.02,21.03,
2020-12-31T14:13:00+05:30,21.03,21.04,21,21.01,
2020-12-31T14:14:00+05:30,21.01,21.05,21.01,21.01,
2020-12-31T14:15:00+05:30,21.01,21.08,21.01,21.07,
2020-12-31T14:16:00+05:30,21.07,21.09,21.02,21.07,
2020-12-31T14:17:00+05:30,21.07,21.08,21.05,21.07,
2020-12-31T14:18:00+05:30,21.07,21.08,21.04,21.08,
2020-12-31T14:19:00+05:30,21.09,21.16,21.09,21.16,
2020-12-31T14:20:00+05:30,21.16,21.18,21.13,21.14,
2020-12-31T14:21:00+05:30,21.15,21.17,21.13,21.13,
2020-12-31T14:22:00+05:30,21.13,21.15,21.12,21.13,
2020-12-31T14:23:00+05:30,21.13,21.15,21.12,21.15,
2020-12-31T14:24:00+05:30,21.15,21.19,21.14,21.18,
2020-12-31T14:25:00+05:30,21.18,21.23,21.18,21.23,
2020-12-31T14:26:00+05:30,21.23,21.23,21.18,21.19,
2020-12-31T14:27:00+05:30,21.19,21.25,21.17,21.21,
2020-12-31T14:28:00+05:30,21.22,21.25,21.21,21.23,
2020-12-31T14:29:00+05:30,21.23,21.27,21.21,21.25,
2020-12-31T14:30:00+05:30,21.25,21.27,21.2,21.23,
2020-12-31T14:31:00+05:30,21.2,21.22,21.15,21.17,
2020-12-31T14:32:00+05:30,21.17,21.18,21.12,21.12,
2020-12-31T14:33:00+05:30,21.12,21.17,21.12,21.15,
2020-12-31T14:34:00+05:30,21.14,21.16,21.1,21.1,
2020-12-31T14:35:00+05:30,21.1,21.19,21.1,21.11,
2020-12-31T14:36:00+05:30,21.11,21.12,21.1,21.1,
2020-12-31T14:37:00+05:30,21.09,21.1,21.07,21.09,
2020-12-31T14:38:00+05:30,21.09,21.1,21.06,21.07,
2020-12-31T14:39:00+05:30,21.07,21.09,21.05,21.07,
2020-12-31T14:40:00+05:30,21.07,21.12,21.07,21.09,
2020-12-31T14:41:00+05:30,21.11,21.13,21.09,21.13,
2020-12-31T14:42:00+05:30,21.12,21.12,21.11,21.12,
2020-12-31T14:43:00+05:30,21.12,21.16,21.09,21.09,
2020-12-31T14:44:00+05:30,21.09,21.13,21.08,21.12,
2020-12-31T14:45:00+05:30,21.12,21.13,21.09,21.11,
2020-12-31T14:46:00+05:30,21.11,21.13,21.1,21.11,
2020-12-31T14:47:00+05:30,21.11,21.14,21.1,21.12,
2020-12-31T14:48:00+05:30,21.12,21.12,21.06,21.06,
2020-12-31T14:49:00+05:30,21.05,21.08,21.04,21.07,
2020-12-31T14:50:00+05:30,21.07,21.08,21.06,21.08,
2020-12-31T14:51:00+05:30,21.06,21.08,21.04,21.08,
2020-12-31T14:52:00+05:30,21.08,21.08,21.04,21.06,
2020-12-31T14:53:00+05:30,21.05,21.06,21.04,21.06,
2020-12-31T14:54:00+05:30,21.06,21.07,21.03,21.04,
2020-12-31T14:55:00+05:30,21.04,21.05,21.02,21.02,
2020-12-31T14:56:00+05:30,21.02,21.06,21.02,21.04,
2020-12-31T14:57:00+05:30,21.04,21.11,21.03,21.11,
2020-12-31T14:58:00+05:30,21.11,21.11,21.09,21.09,
2020-12-31T14:59:00+05:30,21.09,21.1,21.06,21.08,
2020-12-31T15:00:00+05:30,21.08,21.1,21.07,21.1,
2020-12-31T15:01:00+05:30,21.11,21.11,21.08,21.08,
2020-12-31T15:02:00+05:30,21.08,21.11,21.08,21.11,
2020-12-31T15:03:00+05:30,21.11,21.14,21.11,21.13,
2020-12-31T15:04:00+05:30,21.13,21.17,21.11,21.12,
2020-12-31T15:05:00+05:30,21.11,21.14,21.09,21.14,
2020-12-31T15:06:00+05:30,21.14,21.15,21.08,21.1,
2020-12-31T15:07:00+05:30,21.1,21.12,21.08,21.08,
2020-12-31T15:08:00+05:30,21.08,21.1,21.07,21.07,
2020-12-31T15:09:00+05:30,21.07,21.12,21.05,21.11,
2020-12-31T15:10:00+05:30,21.11,21.12,21.09,21.1,
2020-12-31T15:11:00+05:30,21.1,21.11,21.06,21.07,
2020-12-31T15:12:00+05:30,21.07,21.09,21.05,21.06,
2020-12-31T15:13:00+05:30,21.06,21.07,21.03,21.05,
2020-12-31T15:14:00+05:30,21.05,21.06,21.01,21.04,
2020-12-31T15:15:00+05:30,21.04,21.06,21.01,21.04,
2020-12-31T15:16:00+05:30,21.05,21.08,21.05,21.08,
2020-12-31T15:17:00+05:30,21.08,21.11,21.06,21.1,
2020-12-31T15:18:00+05:30,21.1,21.12,21.09,21.11,
2020-12-31T15:19:00+05:30,21.11,21.11,21.08,21.1,
2020-12-31T15:20:00+05:30,21.1,21.12,21.09,21.09,
2020-12-31T15:21:00+05:30,21.09,21.14,21.09,21.14,
2020-12-31T15:22:00+05:30,21.14,21.15,21.13,21.13,
2020-12-31T15:23:00+05:30,21.13,21.14,21.12,21.13,
2020-12-31T15:24:00+05:30,21.14,21.14,21.12,21.12,
2020-12-31T15:25:00+05:30,21.13,21.14,21.11,21.13,
2020-12-31T15:26:00+05:30,21.13,21.13,21.08,21.08,
2020-12-31T15:27:00+05:30,21.09,21.11,21.06,21.1,
2020-12-31T15:28:00+05:30,21.11,21.11,21.06,21.09,
2020-12-31T15:29:00+05:30,21.09,21.16,21.06,21.16,
