time,open,high,low,close,volume
2024-10-01T09:15:00+05:30,52844,53163.25,52844,53140.8,
2024-10-01T09:16:00+05:30,53140.6,53153.5,53103.3,53147.9,
2024-10-01T09:17:00+05:30,53149.85,53188.7,53138.25,53167.8,
2024-10-01T09:18:00+05:30,53169.25,53196.7,53169.15,53192.25,
2024-10-01T09:19:00+05:30,53191.05,53225.6,53188.1,53215.95,
2024-10-01T09:20:00+05:30,53224.6,53226.2,53173.4,53187.2,
2024-10-01T09:21:00+05:30,53187.3,53218.85,53159.5,53179.6,
2024-10-01T09:22:00+05:30,53178.9,53200.5,53165,53176.5,
2024-10-01T09:23:00+05:30,53178.7,53223.45,53176.6,53214.2,
2024-10-01T09:24:00+05:30,53216.7,53230.9,53214.3,53230.9,
2024-10-01T09:25:00+05:30,53228.8,53235.25,53191.7,53198.95,
2024-10-01T09:26:00+05:30,53194.85,53213,53164.25,53177.5,
2024-10-01T09:27:00+05:30,53178.8,53185.25,53140,53157.95,
2024-10-01T09:28:00+05:30,53162.15,53162.15,53116.55,53139.25,
2024-10-01T09:29:00+05:30,53135,53136.3,53109.45,53117.55,
2024-10-01T09:30:00+05:30,53116.5,53116.5,53060.85,53067,
2024-10-01T09:31:00+05:30,53070.4,53105.6,53022.35,53095.85,
2024-10-01T09:32:00+05:30,53096.1,53140.1,53073.45,53076.9,
2024-10-01T09:33:00+05:30,53078.35,53081.65,53039.65,53060.75,
2024-10-01T09:34:00+05:30,53068.05,53100,53063.4,53070.1,
2024-10-01T09:35:00+05:30,53071.75,53076.85,53036.55,53037.25,
2024-10-01T09:36:00+05:30,53038,53047.8,53020.05,53026.2,
2024-10-01T09:37:00+05:30,53029.5,53045.8,53018.5,53030.3,
2024-10-01T09:38:00+05:30,53035.2,53055.7,53021.75,53036.35,
2024-10-01T09:39:00+05:30,53037,53062.8,53033.35,53057.55,
2024-10-01T09:40:00+05:30,53054.8,53071.1,53040.45,53058.9,
2024-10-01T09:41:00+05:30,53059.2,53075,53038.4,53068.35,
2024-10-01T09:42:00+05:30,53068.15,53079.55,53056.55,53057.1,
2024-10-01T09:43:00+05:30,53062.8,53071.2,53053.3,53063.4,
2024-10-01T09:44:00+05:30,53063.85,53116.95,53063.85,53108.8,
2024-10-01T09:45:00+05:30,53105.05,53113.9,53083.3,53096.05,
2024-10-01T09:46:00+05:30,53095.75,53104.95,53063.3,53069.85,
2024-10-01T09:47:00+05:30,53069.9,53070.6,53042.85,53061.75,
2024-10-01T09:48:00+05:30,53063.3,53063.3,53021.8,53040.35,
2024-10-01T09:49:00+05:30,53039,53045.4,53022.45,53039.7,
2024-10-01T09:50:00+05:30,53035.7,53035.7,52997.7,53000.25,
2024-10-01T09:51:00+05:30,53002.8,53002.8,52973.05,52997.35,
2024-10-01T09:52:00+05:30,52995.05,53014.1,52991.15,53003.7,
2024-10-01T09:53:00+05:30,53003.2,53011.05,52976.65,52978.3,
2024-10-01T09:54:00+05:30,52978.15,52994.45,52967.15,52991.25,
2024-10-01T09:55:00+05:30,52991.7,52992.25,52973.95,52980.7,
2024-10-01T09:56:00+05:30,52979.8,52982.1,52958.2,52962.7,
2024-10-01T09:57:00+05:30,52958.2,52966.5,52944.85,52952.85,
2024-10-01T09:58:00+05:30,52952.05,53012.1,52952.05,53006.9,
2024-10-01T09:59:00+05:30,53003.25,53016.9,52978.75,52992.55,
2024-10-01T10:00:00+05:30,52996.55,53011.9,52988.2,52999.55,
2024-10-01T10:01:00+05:30,52997.25,53026.55,52994.8,53008.3,
2024-10-01T10:02:00+05:30,52995.75,53005.75,52987.55,52998.6,
2024-10-01T10:03:00+05:30,52995.35,52999.8,52980,52996,
2024-10-01T10:04:00+05:30,52995.25,53002.35,52986.1,52993.75,
2024-10-01T10:05:00+05:30,52993.75,53004.1,52990.05,53002.8,
2024-10-01T10:06:00+05:30,53004.4,53007.1,52991.55,52997.2,
2024-10-01T10:07:00+05:30,52996.15,53028.35,52992.15,53025.2,
2024-10-01T10:08:00+05:30,53022.35,53037.5,53021.6,53028.15,
2024-10-01T10:09:00+05:30,53028.05,53035.1,53016.35,53028.8,
2024-10-01T10:10:00+05:30,53030.15,53030.15,53004.1,53006.55,
2024-10-01T10:11:00+05:30,53012.6,53013.25,52994.55,53008.45,
2024-10-01T10:12:00+05:30,53002.35,53002.35,52975.75,52984.1,
2024-10-01T10:13:00+05:30,52980.6,52983.9,52962.4,52972.85,
2024-10-01T10:14:00+05:30,52973.15,52980.3,52960,52960.8,
2024-10-01T10:15:00+05:30,52965.7,52979.8,52959,52975.55,
2024-10-01T10:16:00+05:30,52975.55,52993.45,52969.35,52986.55,
2024-10-01T10:17:00+05:30,52984.35,52986.35,52966.85,52972.1,
2024-10-01T10:18:00+05:30,52973.8,52980.85,52966.2,52976.2,
2024-10-01T10:19:00+05:30,52971.2,52975.35,52930.55,52935.7,
2024-10-01T10:20:00+05:30,52931.65,52954.85,52922.4,52945.35,
2024-10-01T10:21:00+05:30,52946.95,52963.45,52940.6,52956.95,
2024-10-01T10:22:00+05:30,52957.1,52958.05,52945.8,52953,
2024-10-01T10:23:00+05:30,52951.3,52959.5,52943.75,52952.8,
2024-10-01T10:24:00+05:30,52957.1,52958.1,52939.9,52945.5,
2024-10-01T10:25:00+05:30,52949.6,52956.4,52936.95,52943.4,
2024-10-01T10:26:00+05:30,52946.75,52948.75,52929.85,52929.95,
2024-10-01T10:27:00+05:30,52931.85,52931.85,52915.85,52920.55,
2024-10-01T10:28:00+05:30,52916.15,52928.65,52910.05,52914.1,
2024-10-01T10:29:00+05:30,52917.85,52927.8,52911,52920.1,
2024-10-01T10:30:00+05:30,52920.35,52931.55,52904.4,52924.4,
2024-10-01T10:31:00+05:30,52922.9,52926,52897.85,52900.15,
2024-10-01T10:32:00+05:30,52898.4,52903.55,52885.25,52891.25,
2024-10-01T10:33:00+05:30,52889.05,52891.15,52859.5,52874.15,
2024-10-01T10:34:00+05:30,52875.35,52880.15,52857.4,52861.5,
2024-10-01T10:35:00+05:30,52859.8,52865.55,52837.15,52842,
2024-10-01T10:36:00+05:30,52842.85,52856.45,52836.6,52856.1,
2024-10-01T10:37:00+05:30,52857.7,52861.55,52835.9,52858.2,
2024-10-01T10:38:00+05:30,52857.8,52868.7,52848.4,52862.9,
2024-10-01T10:39:00+05:30,52860.35,52876.65,52852.15,52852.15,
2024-10-01T10:40:00+05:30,52853.95,52860,52840.35,52857.25,
2024-10-01T10:41:00+05:30,52854.85,52872.85,52848.8,52856.4,
2024-10-01T10:42:00+05:30,52855.05,52857.75,52827.8,52827.8,
2024-10-01T10:43:00+05:30,52833.75,52847.65,52820.45,52845.35,
2024-10-01T10:44:00+05:30,52845.1,52856.25,52844.25,52850.9,
2024-10-01T10:45:00+05:30,52847.3,52848.3,52834.1,52842.3,
2024-10-01T10:46:00+05:30,52840.5,52844,52817.8,52831.2,
2024-10-01T10:47:00+05:30,52830.35,52852.8,52822.8,52852.8,
2024-10-01T10:48:00+05:30,52852.1,52854.25,52842.3,52848.75,
2024-10-01T10:49:00+05:30,52852.6,52871.6,52845.1,52868.25,
2024-10-01T10:50:00+05:30,52871.05,52879.05,52864.9,52873.2,
2024-10-01T10:51:00+05:30,52873.05,52915.75,52872.15,52915.75,
2024-10-01T10:52:00+05:30,52917.15,52928.2,52893.05,52902.85,
2024-10-01T10:53:00+05:30,52902.7,52912.5,52898.65,52908.15,
2024-10-01T10:54:00+05:30,52905.85,52918.6,52901.1,52904.85,
2024-10-01T10:55:00+05:30,52903.7,52908.25,52893.45,52898.15,
2024-10-01T10:56:00+05:30,52898.65,52909.95,52889.35,52891.4,
2024-10-01T10:57:00+05:30,52895.8,52900.7,52876.05,52886.25,
2024-10-01T10:58:00+05:30,52885.8,52900.5,52885.25,52897.55,
2024-10-01T10:59:00+05:30,52894.2,53003.65,52893.15,52983.9,
2024-10-01T11:00:00+05:30,52981.7,52992.65,52969.7,52975.75,
2024-10-01T11:01:00+05:30,52976.8,53001.75,52970.2,52994.45,
2024-10-01T11:02:00+05:30,52991.65,53019.85,52988.6,52998.25,
2024-10-01T11:03:00+05:30,52995.8,52997.55,52973.1,52980.1,
2024-10-01T11:04:00+05:30,52979.8,52979.8,52958.5,52975.5,
2024-10-01T11:05:00+05:30,52974.3,53013.15,52971.25,53005.25,
2024-10-01T11:06:00+05:30,53005.8,53015.35,53000.55,53006.85,
2024-10-01T11:07:00+05:30,53005.8,53026.35,53001.15,53025.2,
2024-10-01T11:08:00+05:30,53023.1,53026.4,52993.25,53000.5,
2024-10-01T11:09:00+05:30,52996.25,53001.5,52976.55,52981,
2024-10-01T11:10:00+05:30,52980.65,52987.9,52953.6,52961.45,
2024-10-01T11:11:00+05:30,52957.65,52971.25,52950.65,52953.65,
2024-10-01T11:12:00+05:30,52956.25,52956.25,52942.2,52946.75,
2024-10-01T11:13:00+05:30,52946.5,52947.4,52933.35,52945,
2024-10-01T11:14:00+05:30,52939.05,52965.9,52937.55,52959.2,
2024-10-01T11:15:00+05:30,52960.4,52978.8,52943.8,52977.85,
2024-10-01T11:16:00+05:30,52976.1,52990.95,52973.1,52984.65,
2024-10-01T11:17:00+05:30,52980.3,52994.55,52967.3,52988.85,
2024-10-01T11:18:00+05:30,52988.55,53018.05,52983.45,53007.9,
2024-10-01T11:19:00+05:30,53010.25,53011.65,52987.35,52993.25,
2024-10-01T11:20:00+05:30,52992.7,53010.1,52987.55,53002.2,
2024-10-01T11:21:00+05:30,53002.1,53002.95,52975.45,52979,
2024-10-01T11:22:00+05:30,52978.75,52983.65,52966.55,52978.9,
2024-10-01T11:23:00+05:30,52978.95,53004.15,52975.95,53004.15,
2024-10-01T11:24:00+05:30,53001.75,53002.85,52989.4,52993.6,
2024-10-01T11:25:00+05:30,52995.8,52999.05,52979.7,52994.9,
2024-10-01T11:26:00+05:30,52996.7,53001.4,52986.5,52991.35,
2024-10-01T11:27:00+05:30,52991.9,53001.8,52985.65,52994.75,
2024-10-01T11:28:00+05:30,52996.85,53007.65,52984.95,52986.5,
2024-10-01T11:29:00+05:30,52989.55,52997.7,52977.15,52988,
2024-10-01T11:30:00+05:30,52989.3,52989.35,52972.85,52983.9,
2024-10-01T11:31:00+05:30,52981.9,52982.05,52961.4,52974,
2024-10-01T11:32:00+05:30,52969.45,52970.2,52956.8,52958.55,
2024-10-01T11:33:00+05:30,52960.35,52978.35,52957.95,52977.7,
2024-10-01T11:34:00+05:30,52976.85,52985.1,52970.05,52974.9,
2024-10-01T11:35:00+05:30,52974.55,53003.5,52967.7,53003.5,
2024-10-01T11:36:00+05:30,52999.25,52999.7,52988.35,52994.35,
2024-10-01T11:37:00+05:30,52995.75,53000.25,52988.05,52993.35,
2024-10-01T11:38:00+05:30,52990.85,52993.7,52981.55,52987.8,
2024-10-01T11:39:00+05:30,52991.95,53013.15,52984.2,53003.35,
2024-10-01T11:40:00+05:30,52998.35,53016.85,52991.2,53010.6,
2024-10-01T11:41:00+05:30,53011.3,53013.7,53002.6,53002.7,
2024-10-01T11:42:00+05:30,53003.4,53023.1,52994.85,53022.6,
2024-10-01T11:43:00+05:30,53020,53033.95,53013.95,53027.15,
2024-10-01T11:44:00+05:30,53022.6,53037.1,53021.3,53032.95,
2024-10-01T11:45:00+05:30,53032.35,53079.05,53027.3,53072.05,
2024-10-01T11:46:00+05:30,53064.75,53076.6,53054.65,53058,
2024-10-01T11:47:00+05:30,53058.25,53058.25,53041.2,53052.5,
2024-10-01T11:48:00+05:30,53052.5,53065.6,53043.95,53062.05,
2024-10-01T11:49:00+05:30,53064.1,53066,53044.75,53052.95,
2024-10-01T11:50:00+05:30,53055.25,53070.9,53043.7,53055.85,
2024-10-01T11:51:00+05:30,53057.8,53062.25,53038.7,53047.1,
2024-10-01T11:52:00+05:30,53042.55,53050.75,53029.75,53030.6,
2024-10-01T11:53:00+05:30,53036.15,53041,53020.2,53034.85,
2024-10-01T11:54:00+05:30,53031.1,53033.3,53007.05,53014.35,
2024-10-01T11:55:00+05:30,53014.85,53032.8,53000.9,53019.25,
2024-10-01T11:56:00+05:30,53022.5,53032.85,53010.95,53023.25,
2024-10-01T11:57:00+05:30,53024.75,53035.5,53014.55,53029.1,
2024-10-01T11:58:00+05:30,53028.35,53037.4,53020.9,53021.1,
2024-10-01T11:59:00+05:30,53021,53039.8,53018.4,53030.95,
2024-10-01T12:00:00+05:30,53029.8,53047.9,53028.45,53038.55,
2024-10-01T12:01:00+05:30,53038.85,53050.6,53030.85,53041.7,
2024-10-01T12:02:00+05:30,53041.05,53041.8,53021.8,53030.9,
2024-10-01T12:03:00+05:30,53030.85,53037.7,53021.65,53025.3,
2024-10-01T12:04:00+05:30,53022.95,53029.4,53012.35,53018.85,
2024-10-01T12:05:00+05:30,53018,53024.05,53010.25,53021.3,
2024-10-01T12:06:00+05:30,53018.2,53024.8,53007.8,53009.25,
2024-10-01T12:07:00+05:30,53011.7,53015.9,52998.05,53004.25,
2024-10-01T12:08:00+05:30,53006.1,53006.3,52986.45,52998.4,
2024-10-01T12:09:00+05:30,52998.2,53004.2,52989.85,52989.85,
2024-10-01T12:10:00+05:30,52989,53003.45,52982.8,52999.3,
2024-10-01T12:11:00+05:30,52998.8,53004.15,52986.25,52991.55,
2024-10-01T12:12:00+05:30,52991.45,52999.2,52986.4,52986.4,
2024-10-01T12:13:00+05:30,52985.6,52993.45,52977.4,52981.85,
2024-10-01T12:14:00+05:30,52981.25,52989.05,52974.6,52987.1,
2024-10-01T12:15:00+05:30,52984.55,52999.05,52977.35,52996.35,
2024-10-01T12:16:00+05:30,52995.95,53008.3,52992.05,52997.8,
2024-10-01T12:17:00+05:30,52997.1,53008.55,52992.85,52992.85,
2024-10-01T12:18:00+05:30,52993.35,53012.45,52990.85,53006.1,
2024-10-01T12:19:00+05:30,53005.3,53020.15,53002.05,53020.15,
2024-10-01T12:20:00+05:30,53014.3,53015.45,53004.7,53011.5,
2024-10-01T12:21:00+05:30,53012.15,53013.35,53000.4,53013.35,
2024-10-01T12:22:00+05:30,53007.45,53013.95,52998.45,53003.65,
2024-10-01T12:23:00+05:30,52997.7,53011.15,52991.95,53004.9,
2024-10-01T12:24:00+05:30,53008.8,53011.5,52993.8,52997.55,
2024-10-01T12:25:00+05:30,52996.75,53001.05,52975.1,52979,
2024-10-01T12:26:00+05:30,52977,52998,52973.3,52978.8,
2024-10-01T12:27:00+05:30,52981.05,52986.75,52971.7,52986.55,
2024-10-01T12:28:00+05:30,52984,52988.8,52970.8,52974.6,
2024-10-01T12:29:00+05:30,52973.85,52983.95,52964.7,52972.2,
2024-10-01T12:30:00+05:30,52968.25,52976,52951,52962.15,
2024-10-01T12:31:00+05:30,52966.4,52971.6,52949.3,52955.1,
2024-10-01T12:32:00+05:30,52953.25,52962.85,52946.6,52954.75,
2024-10-01T12:33:00+05:30,52952.7,52960.95,52935.6,52960.95,
2024-10-01T12:34:00+05:30,52956.45,52979.4,52946.3,52975.35,
2024-10-01T12:35:00+05:30,52979.55,52980.65,52959.8,52961.3,
2024-10-01T12:36:00+05:30,52959.85,52966.9,52950.75,52959.05,
2024-10-01T12:37:00+05:30,52953.6,52967.9,52951.55,52961.35,
2024-10-01T12:38:00+05:30,52961.2,52964.8,52945.15,52946.3,
2024-10-01T12:39:00+05:30,52946.1,52967.1,52944.45,52953.55,
2024-10-01T12:40:00+05:30,52959.05,52959.45,52938.85,52947.65,
2024-10-01T12:41:00+05:30,52946.25,52953.05,52935.2,52943.85,
2024-10-01T12:42:00+05:30,52944.75,52951.95,52933.65,52948.8,
2024-10-01T12:43:00+05:30,52950.1,52953.65,52931.35,52936.45,
2024-10-01T12:44:00+05:30,52940.95,52942.6,52923.8,52935.5,
2024-10-01T12:45:00+05:30,52936.4,52941.65,52926.35,52931.7,
2024-10-01T12:46:00+05:30,52933.6,52939.35,52930.75,52939.35,
2024-10-01T12:47:00+05:30,52939.6,52945.95,52928.75,52942.45,
2024-10-01T12:48:00+05:30,52942.65,52949.15,52930.4,52947.9,
2024-10-01T12:49:00+05:30,52948.6,52962.2,52944.05,52958.75,
2024-10-01T12:50:00+05:30,52957.1,52962,52947.3,52954.9,
2024-10-01T12:51:00+05:30,52952.85,52953.45,52940.7,52945,
2024-10-01T12:52:00+05:30,52945.05,52951.95,52937.9,52950.3,
2024-10-01T12:53:00+05:30,52951.1,52961.4,52947.75,52958.8,
2024-10-01T12:54:00+05:30,52958.15,52962.35,52951.6,52961.35,
2024-10-01T12:55:00+05:30,52961.1,52961.1,52950.75,52953.3,
2024-10-01T12:56:00+05:30,52951.65,52957.8,52945.7,52951.15,
2024-10-01T12:57:00+05:30,52952.85,52969,52951.4,52965.3,
2024-10-01T12:58:00+05:30,52965.4,52974.4,52960.75,52969.8,
2024-10-01T12:59:00+05:30,52969.7,52971.2,52960.65,52970.75,
2024-10-01T13:00:00+05:30,52969.1,52976.5,52965.7,52973.95,
2024-10-01T13:01:00+05:30,52974.7,52990.85,52974.7,52984.65,
2024-10-01T13:02:00+05:30,52983.65,52986.5,52973.65,52978.1,
2024-10-01T13:03:00+05:30,52977.1,52978.8,52966.15,52973.45,
2024-10-01T13:04:00+05:30,52973.35,52980.65,52967.95,52972.6,
2024-10-01T13:05:00+05:30,52974.9,52976,52963.95,52969.5,
2024-10-01T13:06:00+05:30,52968.6,52970.85,52960.85,52966.75,
2024-10-01T13:07:00+05:30,52966.3,52968.6,52953.95,52961.6,
2024-10-01T13:08:00+05:30,52962.35,52968.15,52951.55,52967.95,
2024-10-01T13:09:00+05:30,52968.15,52975.3,52958.55,52975.3,
2024-10-01T13:10:00+05:30,52972.8,52979.9,52958,52965.8,
2024-10-01T13:11:00+05:30,52966.4,52970.95,52962.05,52968.7,
2024-10-01T13:12:00+05:30,52967.95,52977.35,52967.25,52971.8,
2024-10-01T13:13:00+05:30,52972.6,52985.45,52966.6,52980.85,
2024-10-01T13:14:00+05:30,52982.1,52992.8,52977.25,52982.7,
2024-10-01T13:15:00+05:30,52980.6,52986.5,52965.7,52967.4,
2024-10-01T13:16:00+05:30,52967.6,52976.6,52961.85,52970.35,
2024-10-01T13:17:00+05:30,52971.95,52972.55,52955.05,52957.35,
2024-10-01T13:18:00+05:30,52956.55,52966.35,52953.8,52959.25,
2024-10-01T13:19:00+05:30,52958.75,52966.9,52949,52953.95,
2024-10-01T13:20:00+05:30,52952.55,52970.45,52952.55,52963.9,
2024-10-01T13:21:00+05:30,52967.65,52975.7,52961.55,52971,
2024-10-01T13:22:00+05:30,52968.15,52987.3,52968.15,52985.35,
2024-10-01T13:23:00+05:30,52983.85,53008.85,52983.85,53008.85,
2024-10-01T13:24:00+05:30,53009.5,53010.5,52991.85,53001.55,
2024-10-01T13:25:00+05:30,53001.9,53007.9,52992.3,52998.55,
2024-10-01T13:26:00+05:30,53000.45,53000.45,52989.25,52993.6,
2024-10-01T13:27:00+05:30,52993.95,53003.25,52987.35,53000.65,
2024-10-01T13:28:00+05:30,53001.35,53001.85,52976.5,52989.85,
2024-10-01T13:29:00+05:30,52989.65,53000.2,52986.85,52993.15,
2024-10-01T13:30:00+05:30,52995.9,53010.75,52993.75,53004.55,
2024-10-01T13:31:00+05:30,53004.05,53004.05,52983.65,52993.3,
2024-10-01T13:32:00+05:30,52992.4,52999.6,52973.85,52974.55,
2024-10-01T13:33:00+05:30,52974.2,52977.5,52968.15,52972.6,
2024-10-01T13:34:00+05:30,52973,52978,52966.3,52971.75,
2024-10-01T13:35:00+05:30,52970.3,52982.45,52966.55,52967.8,
2024-10-01T13:36:00+05:30,52968.05,52976,52956.45,52962.35,
2024-10-01T13:37:00+05:30,52959.4,52972.1,52953.6,52959.3,
2024-10-01T13:38:00+05:30,52956.55,52964.2,52950.05,52952.75,
2024-10-01T13:39:00+05:30,52960.8,52982.1,52952.9,52970.9,
2024-10-01T13:40:00+05:30,52970.4,52985.85,52966.35,52976.05,
2024-10-01T13:41:00+05:30,52976.8,52984.15,52968.15,52971.75,
2024-10-01T13:42:00+05:30,52979.1,53002.7,52975.05,52990.9,
2024-10-01T13:43:00+05:30,52991.7,53001.6,52973.35,52978.45,
2024-10-01T13:44:00+05:30,52983.85,52988.8,52972.8,52981.45,
2024-10-01T13:45:00+05:30,52977.4,52992.1,52968.85,52975.4,
2024-10-01T13:46:00+05:30,52970.05,52982.55,52966.2,52974.8,
2024-10-01T13:47:00+05:30,52975.8,52986.65,52972.95,52975,
2024-10-01T13:48:00+05:30,52974.5,52982.5,52966.9,52979.2,
2024-10-01T13:49:00+05:30,52978.15,52983.85,52971.65,52974.4,
2024-10-01T13:50:00+05:30,52973.65,52983.1,52967.55,52975.6,
2024-10-01T13:51:00+05:30,52979.35,52984.1,52965.85,52967.4,
2024-10-01T13:52:00+05:30,52964.95,52967.25,52953.05,52959.65,
2024-10-01T13:53:00+05:30,52958.65,52965.75,52950.4,52950.4,
2024-10-01T13:54:00+05:30,52951.3,52965.25,52951.3,52961.4,
2024-10-01T13:55:00+05:30,52961.2,52969.85,52953.25,52967.25,
2024-10-01T13:56:00+05:30,52966.2,52974.6,52955.7,52971.25,
2024-10-01T13:57:00+05:30,52967.35,52973.7,52950.2,52961.6,
2024-10-01T13:58:00+05:30,52960.75,52978.85,52957.45,52975,
2024-10-01T13:59:00+05:30,52976,52982.85,52966.5,52977.65,
2024-10-01T14:00:00+05:30,52976.35,52979.2,52968.25,52972.55,
2024-10-01T14:01:00+05:30,52974.45,52984.95,52969.8,52983.2,
2024-10-01T14:02:00+05:30,52983.1,52992.05,52977,52988.2,
2024-10-01T14:03:00+05:30,52989.15,52990.35,52978.2,52988.6,
2024-10-01T14:04:00+05:30,52987.05,52993,52982.65,52986.5,
2024-10-01T14:05:00+05:30,52986.15,52999.7,52981.75,52988.65,
2024-10-01T14:06:00+05:30,52989.4,52992.35,52976.5,52984.7,
2024-10-01T14:07:00+05:30,52979.7,52985.25,52971,52976.95,
2024-10-01T14:08:00+05:30,52978.65,52983.85,52965.8,52968.25,
2024-10-01T14:09:00+05:30,52971.35,52974.35,52951.6,52960.7,
2024-10-01T14:10:00+05:30,52958.05,52968.05,52949.95,52959.45,
2024-10-01T14:11:00+05:30,52959.75,52975.6,52958.05,52967.65,
2024-10-01T14:12:00+05:30,52967.35,52970.2,52957.65,52963.1,
2024-10-01T14:13:00+05:30,52961.75,52979.7,52955.2,52965.8,
2024-10-01T14:14:00+05:30,52965.5,52968.7,52951.55,52967,
2024-10-01T14:15:00+05:30,52965.75,52968.5,52952.15,52959.4,
2024-10-01T14:16:00+05:30,52956.75,52966.1,52946.8,52948.6,
2024-10-01T14:17:00+05:30,52950.75,52957.85,52937.6,52939.2,
2024-10-01T14:18:00+05:30,52939.8,52967.5,52937.9,52960.5,
2024-10-01T14:19:00+05:30,52958.1,52964.4,52945.65,52945.65,
2024-10-01T14:20:00+05:30,52945,52950.15,52933.7,52938.8,
2024-10-01T14:21:00+05:30,52939.55,52942.05,52917.4,52930.25,
2024-10-01T14:22:00+05:30,52929.6,52930.1,52910.3,52910.85,
2024-10-01T14:23:00+05:30,52913.4,52923.15,52896.8,52902.8,
2024-10-01T14:24:00+05:30,52899.3,52910.15,52893.05,52899.5,
2024-10-01T14:25:00+05:30,52898.85,52907.55,52890.2,52891.65,
2024-10-01T14:26:00+05:30,52899.3,52910.9,52895.5,52906.6,
2024-10-01T14:27:00+05:30,52903,52918.3,52898.1,52907.15,
2024-10-01T14:28:00+05:30,52903.8,52908.25,52877.95,52883.5,
2024-10-01T14:29:00+05:30,52884.5,52890.05,52870.75,52877.8,
2024-10-01T14:30:00+05:30,52872.95,52885.75,52865.65,52876.05,
2024-10-01T14:31:00+05:30,52877,52894.8,52868.65,52889.55,
2024-10-01T14:32:00+05:30,52891.2,52905.45,52880.75,52903.8,
2024-10-01T14:33:00+05:30,52903.35,52909.8,52889.55,52897.1,
2024-10-01T14:34:00+05:30,52897.4,52906.65,52891.95,52897.15,
2024-10-01T14:35:00+05:30,52900.65,52904.1,52888.55,52891.35,
2024-10-01T14:36:00+05:30,52894.65,52901.8,52883.95,52901.8,
2024-10-01T14:37:00+05:30,52899.55,52906.8,52892.7,52895.15,
2024-10-01T14:38:00+05:30,52894.05,52905.8,52886.25,52894.1,
2024-10-01T14:39:00+05:30,52894.75,52900.55,52887.15,52899,
2024-10-01T14:40:00+05:30,52898.2,52900.35,52881.9,52886.8,
2024-10-01T14:41:00+05:30,52886.25,52888.65,52875.9,52879.85,
2024-10-01T14:42:00+05:30,52886.4,52886.4,52864.7,52869.6,
2024-10-01T14:43:00+05:30,52868.2,52874.7,52861.55,52868.1,
2024-10-01T14:44:00+05:30,52868.95,52875.8,52859.5,52863.3,
2024-10-01T14:45:00+05:30,52861.45,52889.05,52861.45,52886.8,
2024-10-01T14:46:00+05:30,52888.15,52897.15,52873.85,52894.15,
2024-10-01T14:47:00+05:30,52894.45,52901.4,52875.85,52884.05,
2024-10-01T14:48:00+05:30,52890.75,52902.3,52881.7,52898.1,
2024-10-01T14:49:00+05:30,52899,52917.05,52879.55,52917.05,
2024-10-01T14:50:00+05:30,52915.65,52928.55,52904.15,52915.85,
2024-10-01T14:51:00+05:30,52915.8,52921.25,52886.6,52903.9,
2024-10-01T14:52:00+05:30,52906.35,52921.55,52887.5,52921.55,
2024-10-01T14:53:00+05:30,52917.45,52926.25,52905.05,52921.75,
2024-10-01T14:54:00+05:30,52921.55,52924.5,52883.95,52897.4,
2024-10-01T14:55:00+05:30,52899.95,52922.95,52883.2,52908.2,
2024-10-01T14:56:00+05:30,52910.15,52929.15,52901.5,52901.5,
2024-10-01T14:57:00+05:30,52908.4,52919,52898.35,52918.6,
2024-10-01T14:58:00+05:30,52916.85,52922.95,52901.2,52903.95,
2024-10-01T14:59:00+05:30,52906.6,52915.2,52889.9,52902.9,
2024-10-01T15:00:00+05:30,52902.55,52935.4,52895.75,52920.85,
2024-10-01T15:01:00+05:30,52924.25,52968.25,52920.7,52965.1,
2024-10-01T15:02:00+05:30,52965,52987.65,52933,52945.5,
2024-10-01T15:03:00+05:30,52951.45,52966.15,52935.65,52962.95,
2024-10-01T15:04:00+05:30,52958.25,52959.25,52935.35,52957.55,
2024-10-01T15:05:00+05:30,52956.1,52966.85,52937.7,52942.15,
2024-10-01T15:06:00+05:30,52944.25,52959.65,52923.35,52959.65,
2024-10-01T15:07:00+05:30,52951.35,52960.25,52926.6,52928.45,
2024-10-01T15:08:00+05:30,52931,52941.8,52894.1,52894.1,
2024-10-01T15:09:00+05:30,52898.55,52948.05,52893.75,52905.9,
2024-10-01T15:10:00+05:30,52913.4,52921.7,52896.15,52903.2,
2024-10-01T15:11:00+05:30,52902.35,52911.6,52890.85,52899.85,
2024-10-01T15:12:00+05:30,52900.75,52914.45,52898.95,52907.45,
2024-10-01T15:13:00+05:30,52908.05,52911.6,52893.8,52910.4,
2024-10-01T15:14:00+05:30,52909.6,52933.75,52905.3,52912.8,
2024-10-01T15:15:00+05:30,52913.6,52930.95,52907.05,52924.75,
2024-10-01T15:16:00+05:30,52926.1,52928.8,52885.1,52885.1,
2024-10-01T15:17:00+05:30,52885.7,52909.55,52882.7,52905.7,
2024-10-01T15:18:00+05:30,52900.95,52935.8,52898.15,52930.15,
2024-10-01T15:19:00+05:30,52935.65,52935.65,52903.35,52909,
2024-10-01T15:20:00+05:30,52912.3,52926.9,52899.4,52923.6,
2024-10-01T15:21:00+05:30,52921.95,52929.3,52908.3,52917.35,
2024-10-01T15:22:00+05:30,52917.95,52944.9,52914.05,52942.45,
2024-10-01T15:23:00+05:30,52943.25,52953.55,52913.6,52920.75,
2024-10-01T15:24:00+05:30,52918.9,52945.5,52918.9,52934.7,
2024-10-01T15:25:00+05:30,52941.35,52942.5,52923.25,52942.5,
2024-10-01T15:26:00+05:30,52938.65,52949.95,52922.2,52947.95,
2024-10-01T15:27:00+05:30,52951.25,52967.45,52944.7,52963.6,
2024-10-01T15:28:00+05:30,52961.5,52977.25,52947.55,52969.4,
2024-10-01T15:29:00+05:30,52969.25,52993.95,52964.2,52980,
2024-10-03T09:15:00+05:30,52314.45,52537.15,52300.5,52373.3,
2024-10-03T09:16:00+05:30,52377.6,52549.65,52371.2,52549.65,
2024-10-03T09:17:00+05:30,52544.65,52582.95,52524.9,52547.55,
2024-10-03T09:18:00+05:30,52541.75,52576.5,52481.45,52481.45,
2024-10-03T09:19:00+05:30,52478.9,52481.2,52411.2,52411.2,
2024-10-03T09:20:00+05:30,52408.25,52474.4,52407.35,52418.55,
2024-10-03T09:21:00+05:30,52418.55,52431.6,52405,52409.8,
2024-10-03T09:22:00+05:30,52408.65,52463.35,52368.25,52457.1,
2024-10-03T09:23:00+05:30,52450.1,52467.2,52438.85,52458.9,
2024-10-03T09:24:00+05:30,52458.65,52458.65,52378.85,52394.7,
2024-10-03T09:25:00+05:30,52395.75,52460.3,52388.45,52436.65,
2024-10-03T09:26:00+05:30,52433.9,52442.7,52400.7,52407.4,
2024-10-03T09:27:00+05:30,52409,52447,52390.75,52444.2,
2024-10-03T09:28:00+05:30,52442.3,52452,52423.1,52450.3,
2024-10-03T09:29:00+05:30,52450.8,52466.1,52434.55,52434.55,
2024-10-03T09:30:00+05:30,52436.35,52465.85,52426.4,52439.15,
2024-10-03T09:31:00+05:30,52438.05,52449,52417.4,52448.5,
2024-10-03T09:32:00+05:30,52448.05,52455.05,52436.3,52442.95,
2024-10-03T09:33:00+05:30,52446.7,52557.15,52442.75,52536.35,
2024-10-03T09:34:00+05:30,52533,52533,52470.35,52478.1,
2024-10-03T09:35:00+05:30,52477.45,52523.95,52458.95,52517.7,
2024-10-03T09:36:00+05:30,52520.6,52524.65,52487.85,52511.6,
2024-10-03T09:37:00+05:30,52508.7,52514.3,52466.4,52466.4,
2024-10-03T09:38:00+05:30,52474.85,52480.7,52444.7,52458.1,
2024-10-03T09:39:00+05:30,52458.35,52486.45,52448.75,52455.45,
2024-10-03T09:40:00+05:30,52456,52519.55,52454.05,52493.45,
2024-10-03T09:41:00+05:30,52498.05,52503.25,52482.95,52494.45,
2024-10-03T09:42:00+05:30,52495.1,52527.6,52482.15,52524.55,
2024-10-03T09:43:00+05:30,52521.85,52547.3,52521.85,52525.5,
2024-10-03T09:44:00+05:30,52523.9,52539.65,52512.95,52514.15,
2024-10-03T09:45:00+05:30,52516.8,52556.5,52509.25,52549.4,
2024-10-03T09:46:00+05:30,52547.85,52549.5,52528.55,52534.55,
2024-10-03T09:47:00+05:30,52533.9,52556.65,52522.7,52555,
2024-10-03T09:48:00+05:30,52555.45,52555.45,52520.3,52533.95,
2024-10-03T09:49:00+05:30,52528.15,52551.55,52520.75,52524.5,
2024-10-03T09:50:00+05:30,52523.7,52541.6,52503.25,52512.45,
2024-10-03T09:51:00+05:30,52517.25,52536.95,52512.25,52526.5,
2024-10-03T09:52:00+05:30,52527.75,52566.65,52524.25,52527.55,
2024-10-03T09:53:00+05:30,52526.4,52536.25,52511.9,52522.25,
2024-10-03T09:54:00+05:30,52520,52536.5,52476.4,52494.65,
2024-10-03T09:55:00+05:30,52494.3,52502.3,52473,52475.75,
2024-10-03T09:56:00+05:30,52477.5,52501.1,52471.75,52496.7,
2024-10-03T09:57:00+05:30,52497.05,52498.55,52478.6,52484.2,
2024-10-03T09:58:00+05:30,52480.15,52480.35,52459.6,52468.15,
2024-10-03T09:59:00+05:30,52463.85,52468.6,52440.7,52443.25,
2024-10-03T10:00:00+05:30,52441.15,52446.65,52425.05,52425.05,
2024-10-03T10:01:00+05:30,52425.9,52425.9,52396.75,52401,
2024-10-03T10:02:00+05:30,52400.75,52403.45,52382.45,52389.15,
2024-10-03T10:03:00+05:30,52391.05,52396.35,52378.25,52382.4,
2024-10-03T10:04:00+05:30,52376.5,52412.9,52376.5,52411.1,
2024-10-03T10:05:00+05:30,52409.3,52424.5,52404.75,52419.85,
2024-10-03T10:06:00+05:30,52422.7,52441.3,52409.8,52409.8,
2024-10-03T10:07:00+05:30,52411.95,52430.7,52401,52427.35,
2024-10-03T10:08:00+05:30,52426.1,52426.1,52406.25,52423.25,
2024-10-03T10:09:00+05:30,52427.35,52427.35,52394.2,52399.65,
2024-10-03T10:10:00+05:30,52399,52400.15,52376.05,52376.05,
2024-10-03T10:11:00+05:30,52375.5,52383.6,52346.3,52346.45,
2024-10-03T10:12:00+05:30,52348.15,52358.4,52331.1,52344.85,
2024-10-03T10:13:00+05:30,52346.55,52350.7,52329.65,52337.15,
2024-10-03T10:14:00+05:30,52339.1,52340.6,52313.15,52321.4,
2024-10-03T10:15:00+05:30,52323,52327.4,52304.2,52308.25,
2024-10-03T10:16:00+05:30,52310.7,52310.7,52278.25,52286.4,
2024-10-03T10:17:00+05:30,52286.55,52291.95,52253.45,52253.45,
2024-10-03T10:18:00+05:30,52258.55,52258.55,52225,52258.05,
2024-10-03T10:19:00+05:30,52250.9,52288.7,52250.9,52277.5,
2024-10-03T10:20:00+05:30,52278.6,52285.05,52240,52248.85,
2024-10-03T10:21:00+05:30,52253.85,52290.8,52251.8,52290.8,
2024-10-03T10:22:00+05:30,52288.3,52346.35,52284.85,52338.3,
2024-10-03T10:23:00+05:30,52337.05,52343.1,52322.2,52330,
2024-10-03T10:24:00+05:30,52330.35,52330.35,52309.7,52323.85,
2024-10-03T10:25:00+05:30,52323.4,52334.5,52316.2,52330.2,
2024-10-03T10:26:00+05:30,52329.7,52329.7,52314.25,52317.8,
2024-10-03T10:27:00+05:30,52322,52330.2,52308.05,52308.05,
2024-10-03T10:28:00+05:30,52308.2,52310.8,52291.75,52302.5,
2024-10-03T10:29:00+05:30,52297.5,52302,52291.85,52295.65,
2024-10-03T10:30:00+05:30,52296.05,52297.2,52284.55,52294.8,
2024-10-03T10:31:00+05:30,52293.65,52301.35,52282.55,52298.25,
2024-10-03T10:32:00+05:30,52297.95,52321.35,52293.95,52311.15,
2024-10-03T10:33:00+05:30,52311.4,52342.7,52308.35,52342.3,
2024-10-03T10:34:00+05:30,52337.65,52349.85,52332.65,52338.15,
2024-10-03T10:35:00+05:30,52336.9,52338.7,52324.25,52332.4,
2024-10-03T10:36:00+05:30,52332.6,52342.65,52327.6,52336.65,
2024-10-03T10:37:00+05:30,52338.4,52347.3,52327.9,52333.55,
2024-10-03T10:38:00+05:30,52334.55,52336.45,52323.25,52332.25,
2024-10-03T10:39:00+05:30,52330.55,52338.9,52327.25,52336.7,
2024-10-03T10:40:00+05:30,52338.85,52339.7,52325.35,52330.8,
2024-10-03T10:41:00+05:30,52328.65,52331.2,52315.3,52322.25,
2024-10-03T10:42:00+05:30,52320.55,52360.35,52318.05,52354.3,
2024-10-03T10:43:00+05:30,52353.85,52371.7,52353.85,52369.4,
2024-10-03T10:44:00+05:30,52370,52397,52352.9,52353.7,
2024-10-03T10:45:00+05:30,52352.3,52363.75,52348.5,52356.7,
2024-10-03T10:46:00+05:30,52354.15,52362.4,52348.15,52359.55,
2024-10-03T10:47:00+05:30,52358.65,52363.35,52347.25,52352.05,
2024-10-03T10:48:00+05:30,52350.95,52352.1,52331.55,52334.65,
2024-10-03T10:49:00+05:30,52333.8,52350.7,52320.15,52348.35,
2024-10-03T10:50:00+05:30,52349.15,52365.35,52344.15,52363.3,
2024-10-03T10:51:00+05:30,52363.4,52370.55,52354.8,52366.75,
2024-10-03T10:52:00+05:30,52367.1,52367.1,52334.65,52356.55,
2024-10-03T10:53:00+05:30,52355.35,52367.05,52352.1,52361.7,
2024-10-03T10:54:00+05:30,52362.6,52380.55,52356.15,52380.55,
2024-10-03T10:55:00+05:30,52382.55,52386.75,52376.55,52384.75,
2024-10-03T10:56:00+05:30,52383.35,52392.6,52378.45,52381.25,
2024-10-03T10:57:00+05:30,52381.6,52385.3,52372,52376.05,
2024-10-03T10:58:00+05:30,52374.4,52375.05,52361.25,52370,
2024-10-03T10:59:00+05:30,52370.55,52370.55,52347.1,52354.2,
2024-10-03T11:00:00+05:30,52353.65,52362.85,52327.65,52340.65,
2024-10-03T11:01:00+05:30,52342.45,52360.95,52338.45,52340.95,
2024-10-03T11:02:00+05:30,52339.35,52341.5,52325.9,52333.8,
2024-10-03T11:03:00+05:30,52331.65,52335.95,52311.6,52320,
2024-10-03T11:04:00+05:30,52318.25,52339.6,52309.4,52332.65,
2024-10-03T11:05:00+05:30,52331.85,52340.45,52321.1,52337.2,
2024-10-03T11:06:00+05:30,52337.95,52356.3,52332,52351.05,
2024-10-03T11:07:00+05:30,52349.4,52356,52342.4,52349.25,
2024-10-03T11:08:00+05:30,52348.65,52351.1,52336.7,52341.5,
2024-10-03T11:09:00+05:30,52344.4,52347,52316.25,52320.05,
2024-10-03T11:10:00+05:30,52317.95,52331.1,52317.25,52322.35,
2024-10-03T11:11:00+05:30,52322.4,52335.55,52321.45,52334.3,
2024-10-03T11:12:00+05:30,52334,52354.2,52326.9,52351.2,
2024-10-03T11:13:00+05:30,52352.9,52359.95,52344.3,52348.8,
2024-10-03T11:14:00+05:30,52346.7,52346.7,52330.8,52339.4,
2024-10-03T11:15:00+05:30,52339.3,52343.9,52310.85,52312.75,
2024-10-03T11:16:00+05:30,52310.95,52315.7,52294.55,52297.75,
2024-10-03T11:17:00+05:30,52297.15,52297.15,52278.8,52287.5,
2024-10-03T11:18:00+05:30,52283.7,52313.45,52282.5,52302.65,
2024-10-03T11:19:00+05:30,52302,52303.15,52275.45,52280.5,
2024-10-03T11:20:00+05:30,52282.45,52287.85,52272.75,52280.75,
2024-10-03T11:21:00+05:30,52284.1,52286.95,52254.8,52259.15,
2024-10-03T11:22:00+05:30,52259.8,52270.45,52236.75,52242.55,
2024-10-03T11:23:00+05:30,52243.4,52246.4,52210.6,52225.5,
2024-10-03T11:24:00+05:30,52225.7,52250.65,52221.25,52232.15,
2024-10-03T11:25:00+05:30,52233.45,52247.6,52230.15,52241.25,
2024-10-03T11:26:00+05:30,52243.2,52243.45,52212.2,52221.2,
2024-10-03T11:27:00+05:30,52221.4,52229.15,52200.55,52210.95,
2024-10-03T11:28:00+05:30,52209.5,52220.4,52198.8,52207.6,
2024-10-03T11:29:00+05:30,52204.3,52228.9,52202.2,52228.9,
2024-10-03T11:30:00+05:30,52225.85,52252.45,52215.55,52248.9,
2024-10-03T11:31:00+05:30,52253.4,52260.5,52244.9,52255.9,
2024-10-03T11:32:00+05:30,52256.35,52256.35,52228.1,52228.1,
2024-10-03T11:33:00+05:30,52229.5,52233.05,52205.45,52210.45,
2024-10-03T11:34:00+05:30,52213.25,52213.25,52183.65,52187,
2024-10-03T11:35:00+05:30,52186.65,52200.5,52178.6,52193.4,
2024-10-03T11:36:00+05:30,52193.4,52237.85,52193,52224.65,
2024-10-03T11:37:00+05:30,52222.05,52246,52218.8,52243.8,
2024-10-03T11:38:00+05:30,52244.3,52256.15,52238.95,52243.45,
2024-10-03T11:39:00+05:30,52242.7,52249.05,52231.45,52232.25,
2024-10-03T11:40:00+05:30,52237.4,52237.4,52208.65,52211.7,
2024-10-03T11:41:00+05:30,52212.2,52232.05,52207.35,52228.45,
2024-10-03T11:42:00+05:30,52225.3,52233.95,52203.9,52206.75,
2024-10-03T11:43:00+05:30,52209.55,52209.65,52187.25,52190.95,
2024-10-03T11:44:00+05:30,52192.05,52199.5,52186.2,52194.15,
2024-10-03T11:45:00+05:30,52194.55,52203.4,52184.95,52195.4,
2024-10-03T11:46:00+05:30,52193.9,52217.85,52190.85,52213.75,
2024-10-03T11:47:00+05:30,52213.9,52220.9,52200.2,52218.9,
2024-10-03T11:48:00+05:30,52221.05,52224.65,52206.55,52213.65,
2024-10-03T11:49:00+05:30,52213.95,52214.6,52196.3,52197.25,
2024-10-03T11:50:00+05:30,52199.95,52200.35,52178.55,52184.15,
2024-10-03T11:51:00+05:30,52182.75,52187.85,52174.25,52178.75,
2024-10-03T11:52:00+05:30,52181.05,52200.3,52178.1,52196.9,
2024-10-03T11:53:00+05:30,52197.3,52214.6,52193.3,52209.95,
2024-10-03T11:54:00+05:30,52209.3,52222.8,52201.3,52204.35,
2024-10-03T11:55:00+05:30,52203.65,52217.55,52197.05,52214.5,
2024-10-03T11:56:00+05:30,52211.85,52221.7,52193.6,52196.8,
2024-10-03T11:57:00+05:30,52191.55,52202.55,52188.9,52200.4,
2024-10-03T11:58:00+05:30,52200.2,52215.95,52199.7,52207.3,
2024-10-03T11:59:00+05:30,52209.7,52209.7,52185,52185.5,
2024-10-03T12:00:00+05:30,52191.3,52191.3,52171.3,52179.75,
2024-10-03T12:01:00+05:30,52179.55,52193.45,52168,52190.55,
2024-10-03T12:02:00+05:30,52188.45,52191.8,52170.9,52178.75,
2024-10-03T12:03:00+05:30,52178.85,52186.7,52176.55,52180.5,
2024-10-03T12:04:00+05:30,52181.35,52181.9,52157.35,52166.9,
2024-10-03T12:05:00+05:30,52169.05,52186.7,52155.75,52184.1,
2024-10-03T12:06:00+05:30,52182.4,52182.4,52146.7,52146.7,
2024-10-03T12:07:00+05:30,52154.75,52165.9,52139.2,52145.95,
2024-10-03T12:08:00+05:30,52148.65,52186.4,52148.65,52178.9,
2024-10-03T12:09:00+05:30,52179.7,52209.15,52176.1,52209.15,
2024-10-03T12:10:00+05:30,52207.5,52208,52191.25,52199.2,
2024-10-03T12:11:00+05:30,52198.6,52202.1,52183.15,52195.25,
2024-10-03T12:12:00+05:30,52198.5,52207.75,52188.55,52207.65,
2024-10-03T12:13:00+05:30,52209.4,52215.05,52195.35,52203.3,
2024-10-03T12:14:00+05:30,52207.05,52207.1,52183.35,52187.05,
2024-10-03T12:15:00+05:30,52187.1,52188.1,52166.05,52178.8,
2024-10-03T12:16:00+05:30,52179.9,52190.3,52168.3,52184.9,
2024-10-03T12:17:00+05:30,52183.8,52193.4,52175.1,52183.85,
2024-10-03T12:18:00+05:30,52183.95,52184.45,52135.55,52143.3,
2024-10-03T12:19:00+05:30,52141.3,52151.55,52138.4,52141.9,
2024-10-03T12:20:00+05:30,52136.6,52142.1,52126.25,52138.05,
2024-10-03T12:21:00+05:30,52137.8,52147.2,52134.85,52137.65,
2024-10-03T12:22:00+05:30,52141.75,52142.65,52130.15,52136,
2024-10-03T12:23:00+05:30,52137.65,52149.75,52129.85,52149.25,
2024-10-03T12:24:00+05:30,52149.6,52149.6,52116.05,52117.35,
2024-10-03T12:25:00+05:30,52117.95,52133.9,52107.7,52127.95,
2024-10-03T12:26:00+05:30,52129.6,52134.2,52103.65,52107.85,
2024-10-03T12:27:00+05:30,52106.35,52139.55,52102.6,52131.05,
2024-10-03T12:28:00+05:30,52130.35,52136.1,52102.8,52111.75,
2024-10-03T12:29:00+05:30,52111.9,52113.1,52087.2,52103.35,
2024-10-03T12:30:00+05:30,52103.95,52110.75,52082.3,52090.35,
2024-10-03T12:31:00+05:30,52088.1,52094.7,52059.4,52094.7,
2024-10-03T12:32:00+05:30,52096.95,52114.35,52091.4,52110.35,
2024-10-03T12:33:00+05:30,52113.25,52121.85,52106.35,52114.95,
2024-10-03T12:34:00+05:30,52116.3,52126.45,52104.2,52113.35,
2024-10-03T12:35:00+05:30,52111.5,52134.4,52110.9,52133.1,
2024-10-03T12:36:00+05:30,52131.7,52148.05,52117.95,52138,
2024-10-03T12:37:00+05:30,52138.35,52164.95,52135.15,52154.4,
2024-10-03T12:38:00+05:30,52156.25,52166.95,52152.8,52166.95,
2024-10-03T12:39:00+05:30,52165.9,52169.15,52135.1,52149.15,
2024-10-03T12:40:00+05:30,52154.3,52156.3,52116.55,52116.55,
2024-10-03T12:41:00+05:30,52116.1,52126.35,52103.45,52120.1,
2024-10-03T12:42:00+05:30,52120.35,52128.95,52111.05,52116.15,
2024-10-03T12:43:00+05:30,52116.1,52120.05,52110.1,52117.4,
2024-10-03T12:44:00+05:30,52118.15,52119.35,52106.45,52111.55,
2024-10-03T12:45:00+05:30,52111.5,52111.7,52097.95,52101.65,
2024-10-03T12:46:00+05:30,52100.35,52107.7,52082,52093.45,
2024-10-03T12:47:00+05:30,52093.4,52096.25,52078.55,52085.95,
2024-10-03T12:48:00+05:30,52086.45,52088.05,52073.85,52082.25,
2024-10-03T12:49:00+05:30,52081.5,52093.35,52071.4,52079.1,
2024-10-03T12:50:00+05:30,52078.2,52085.45,52071.4,52077.8,
2024-10-03T12:51:00+05:30,52078.7,52100.45,52073.15,52093.15,
2024-10-03T12:52:00+05:30,52094.1,52114.4,52090.2,52110.1,
2024-10-03T12:53:00+05:30,52108,52117.4,52097.75,52114.75,
2024-10-03T12:54:00+05:30,52112.15,52118.05,52098.15,52105.35,
2024-10-03T12:55:00+05:30,52105.05,52108.45,52076.15,52079.35,
2024-10-03T12:56:00+05:30,52077.6,52087.05,52074.15,52083.55,
2024-10-03T12:57:00+05:30,52088.25,52101.4,52081.1,52091.05,
2024-10-03T12:58:00+05:30,52092.85,52092.85,52078.55,52085.55,
2024-10-03T12:59:00+05:30,52084.55,52097.65,52078.15,52080.9,
2024-10-03T13:00:00+05:30,52080.6,52081.7,52055.85,52055.85,
2024-10-03T13:01:00+05:30,52065.4,52072.75,52042.8,52062.25,
2024-10-03T13:02:00+05:30,52061.4,52062.65,52016.95,52023.1,
2024-10-03T13:03:00+05:30,52019.45,52042.45,52015.85,52018.4,
2024-10-03T13:04:00+05:30,52024.35,52046.6,52014.4,52033.3,
2024-10-03T13:05:00+05:30,52039.1,52049.5,52029.75,52036,
2024-10-03T13:06:00+05:30,52037.75,52040.5,51987.25,51993.7,
2024-10-03T13:07:00+05:30,51993.6,52007.85,51976.2,52007.7,
2024-10-03T13:08:00+05:30,52009.25,52032.6,52003.5,52016.85,
2024-10-03T13:09:00+05:30,52016.05,52029.1,51991,51995.95,
2024-10-03T13:10:00+05:30,51996.3,51996.35,51956.85,51960.5,
2024-10-03T13:11:00+05:30,51964.5,51975.4,51931.9,51951.6,
2024-10-03T13:12:00+05:30,51954.85,51992.6,51954.45,51984.4,
2024-10-03T13:13:00+05:30,51986.65,51998.2,51964.2,51971.65,
2024-10-03T13:14:00+05:30,51978.4,51982.75,51952.65,51972.1,
2024-10-03T13:15:00+05:30,51969.95,51976.05,51934.05,51939.5,
2024-10-03T13:16:00+05:30,51939.55,51959.35,51936.55,51952.95,
2024-10-03T13:17:00+05:30,51952,51970,51911.7,51918.95,
2024-10-03T13:18:00+05:30,51923.25,51930.15,51908,51913.9,
2024-10-03T13:19:00+05:30,51914.95,51926.8,51905.65,51916.95,
2024-10-03T13:20:00+05:30,51915.45,51932.45,51902.5,51905.5,
2024-10-03T13:21:00+05:30,51909.95,51918.4,51894.4,51913.75,
2024-10-03T13:22:00+05:30,51917.1,51933.2,51913.15,51931,
2024-10-03T13:23:00+05:30,51933.55,51934.85,51902.75,51907.55,
2024-10-03T13:24:00+05:30,51909.95,51911.9,51896.05,51904.25,
2024-10-03T13:25:00+05:30,51902.6,51939,51900.75,51933.35,
2024-10-03T13:26:00+05:30,51931,51946.5,51921.8,51926,
2024-10-03T13:27:00+05:30,51928.65,51932.6,51919.6,51931.35,
2024-10-03T13:28:00+05:30,51930.05,51940.85,51922.15,51939.85,
2024-10-03T13:29:00+05:30,51944.45,51976.05,51939.95,51956.4,
2024-10-03T13:30:00+05:30,51957.5,51963.35,51932.25,51932.4,
2024-10-03T13:31:00+05:30,51933.75,51946.05,51921.8,51932.4,
2024-10-03T13:32:00+05:30,51930.4,51947.85,51921.55,51923.55,
2024-10-03T13:33:00+05:30,51926.15,51936.4,51915.95,51925.35,
2024-10-03T13:34:00+05:30,51927.5,51930.75,51886.9,51892.3,
2024-10-03T13:35:00+05:30,51892.25,51900.4,51868,51872.45,
2024-10-03T13:36:00+05:30,51874.7,51875.6,51845.2,51854,
2024-10-03T13:37:00+05:30,51853.15,51872.5,51849.8,51860.4,
2024-10-03T13:38:00+05:30,51860.8,51893,51855.95,51878.95,
2024-10-03T13:39:00+05:30,51882.4,51884.75,51865.6,51871.1,
2024-10-03T13:40:00+05:30,51869.15,51882.1,51863.2,51880.65,
2024-10-03T13:41:00+05:30,51877.9,51887.75,51860.35,51879.55,
2024-10-03T13:42:00+05:30,51886.4,51902.9,51882.25,51902.9,
2024-10-03T13:43:00+05:30,51902.1,51904.75,51877,51886.05,
2024-10-03T13:44:00+05:30,51883.55,51889.9,51872.5,51880.1,
2024-10-03T13:45:00+05:30,51879.2,51880.2,51836.2,51846.35,
2024-10-03T13:46:00+05:30,51846.85,51847.05,51821.6,51831.1,
2024-10-03T13:47:00+05:30,51830.2,51835.35,51810.9,51812.35,
2024-10-03T13:48:00+05:30,51814.6,51841.5,51801.1,51824.45,
2024-10-03T13:49:00+05:30,51827.15,51842.6,51823.2,51832.2,
2024-10-03T13:50:00+05:30,51837.2,51840.65,51824.9,51833.05,
2024-10-03T13:51:00+05:30,51831.85,51834.9,51783.85,51792.75,
2024-10-03T13:52:00+05:30,51787.25,51792.05,51756.05,51762.05,
2024-10-03T13:53:00+05:30,51760.05,51769.85,51730.7,51740.6,
2024-10-03T13:54:00+05:30,51740.2,51754.75,51728.4,51750.6,
2024-10-03T13:55:00+05:30,51749.7,51755,51696.85,51703.95,
2024-10-03T13:56:00+05:30,51701.7,51720.9,51693.35,51714.15,
2024-10-03T13:57:00+05:30,51711.6,51813.55,51711.6,51797.4,
2024-10-03T13:58:00+05:30,51794.1,51807.55,51768.4,51784.35,
2024-10-03T13:59:00+05:30,51794.65,51809.45,51763.25,51769.05,
2024-10-03T14:00:00+05:30,51763.05,51781.8,51751.55,51781.8,
2024-10-03T14:01:00+05:30,51782.5,51818.35,51765.6,51765.6,
2024-10-03T14:02:00+05:30,51764.9,51774.55,51736.8,51740.85,
2024-10-03T14:03:00+05:30,51738.4,51741.4,51711.25,51715.25,
2024-10-03T14:04:00+05:30,51714.65,51765.1,51713.45,51758.6,
2024-10-03T14:05:00+05:30,51756.95,51771.95,51750.65,51770.4,
2024-10-03T14:06:00+05:30,51770.4,51779.15,51748.6,51751.15,
2024-10-03T14:07:00+05:30,51748.45,51759.45,51742.2,51745.95,
2024-10-03T14:08:00+05:30,51746.2,51757.85,51735.7,51739.95,
2024-10-03T14:09:00+05:30,51741.15,51765.15,51733.2,51757.9,
2024-10-03T14:10:00+05:30,51756.65,51761,51743.6,51750.5,
2024-10-03T14:11:00+05:30,51752.05,51766.55,51741.35,51755.35,
2024-10-03T14:12:00+05:30,51753.45,51760.5,51736.5,51741.35,
2024-10-03T14:13:00+05:30,51741.1,51759.6,51728.25,51757.15,
2024-10-03T14:14:00+05:30,51755.1,51800.7,51749.55,51796.35,
2024-10-03T14:15:00+05:30,51795.15,51796.3,51760,51776.55,
2024-10-03T14:16:00+05:30,51777.75,51802.7,51777.75,51783.45,
2024-10-03T14:17:00+05:30,51786.45,51790.1,51767.5,51772.6,
2024-10-03T14:18:00+05:30,51773.55,51774.3,51751.2,51759.3,
2024-10-03T14:19:00+05:30,51759,51759.4,51727.5,51730.4,
2024-10-03T14:20:00+05:30,51731.9,51764.65,51729,51740.15,
2024-10-03T14:21:00+05:30,51739.45,51752.15,51720.2,51725,
2024-10-03T14:22:00+05:30,51721.45,51742.65,51712.75,51736,
2024-10-03T14:23:00+05:30,51738.25,51761.3,51735.85,51757.25,
2024-10-03T14:24:00+05:30,51756.75,51761.6,51737.6,51738.7,
2024-10-03T14:25:00+05:30,51737.05,51746.9,51732.9,51735.5,
2024-10-03T14:26:00+05:30,51735.1,51749.2,51728.95,51740.5,
2024-10-03T14:27:00+05:30,51742.3,51746.3,51726.25,51726.7,
2024-10-03T14:28:00+05:30,51728.15,51742.6,51699.75,51706.35,
2024-10-03T14:29:00+05:30,51709.35,51722.05,51701.6,51714.9,
2024-10-03T14:30:00+05:30,51713.3,51735.3,51683.4,51729.6,
2024-10-03T14:31:00+05:30,51729.2,51765.2,51718.9,51765.2,
2024-10-03T14:32:00+05:30,51766.25,51833.05,51762.65,51802.8,
2024-10-03T14:33:00+05:30,51799.55,51799.55,51744.35,51774.6,
2024-10-03T14:34:00+05:30,51775.6,51792.1,51765.95,51768.15,
2024-10-03T14:35:00+05:30,51768.7,51780.95,51753.55,51760.75,
2024-10-03T14:36:00+05:30,51759.5,51783.1,51740.25,51782.5,
2024-10-03T14:37:00+05:30,51782.8,51784.9,51768.15,51769.45,
2024-10-03T14:38:00+05:30,51772.2,51773.25,51751,51756.8,
2024-10-03T14:39:00+05:30,51754.95,51755.45,51727.1,51735.5,
2024-10-03T14:40:00+05:30,51733.6,51757.35,51720.4,51755.55,
2024-10-03T14:41:00+05:30,51755.4,51764.2,51738.35,51743.5,
2024-10-03T14:42:00+05:30,51740.3,51771.4,51735.2,51758.65,
2024-10-03T14:43:00+05:30,51756.75,51759.4,51735,51749.75,
2024-10-03T14:44:00+05:30,51750.5,51754.4,51729.55,51737.9,
2024-10-03T14:45:00+05:30,51743.65,51763.95,51741.4,51757.85,
2024-10-03T14:46:00+05:30,51758.25,51782.05,51755.45,51782.05,
2024-10-03T14:47:00+05:30,51779.9,51781.35,51765.55,51769.9,
2024-10-03T14:48:00+05:30,51767.85,51768.9,51743.7,51753.3,
2024-10-03T14:49:00+05:30,51748.9,51783.45,51748.9,51781.9,
2024-10-03T14:50:00+05:30,51783.45,51818.35,51768.45,51815.05,
2024-10-03T14:51:00+05:30,51813.6,51867,51807.85,51851.45,
2024-10-03T14:52:00+05:30,51850.9,51852.8,51823.9,51844.35,
2024-10-03T14:53:00+05:30,51842.9,51872.85,51842.85,51853,
2024-10-03T14:54:00+05:30,51855.45,51873.5,51849.75,51871.9,
2024-10-03T14:55:00+05:30,51873.25,51937.2,51873.25,51911.5,
2024-10-03T14:56:00+05:30,51911.05,51911.05,51861.55,51862.25,
2024-10-03T14:57:00+05:30,51866.35,51878.2,51845.8,51878.2,
2024-10-03T14:58:00+05:30,51879.35,51882.3,51843.9,51858.45,
2024-10-03T14:59:00+05:30,51860.1,51865.5,51839.65,51853.55,
2024-10-03T15:00:00+05:30,51862.95,51966.2,51862.95,51912.15,
2024-10-03T15:01:00+05:30,51915.05,51920.2,51871.3,51890.9,
2024-10-03T15:02:00+05:30,51896.65,51899.35,51841.5,51843.35,
2024-10-03T15:03:00+05:30,51840.55,51881.05,51836.1,51863.2,
2024-10-03T15:04:00+05:30,51864.95,51864.95,51831.3,51832.55,
2024-10-03T15:05:00+05:30,51833.65,51854.85,51816.3,51821.55,
2024-10-03T15:06:00+05:30,51823.35,51838.9,51817.6,51829.15,
2024-10-03T15:07:00+05:30,51834.2,51849.2,51818.15,51846.9,
2024-10-03T15:08:00+05:30,51849.15,51852.9,51836.95,51838,
2024-10-03T15:09:00+05:30,51840.8,51869.35,51837.6,51852.1,
2024-10-03T15:10:00+05:30,51852.1,51855,51815.7,51819.95,
2024-10-03T15:11:00+05:30,51821.85,51839.85,51815.9,51831.35,
2024-10-03T15:12:00+05:30,51832.65,51835.8,51824.95,51830,
2024-10-03T15:13:00+05:30,51833.85,51848.7,51829.2,51843.65,
2024-10-03T15:14:00+05:30,51845.1,51875.6,51842.85,51858.95,
2024-10-03T15:15:00+05:30,51857.05,51861.05,51842.95,51844.65,
2024-10-03T15:16:00+05:30,51843.85,51852.15,51818.85,51824.85,
2024-10-03T15:17:00+05:30,51824.1,51843.25,51815.3,51826.65,
2024-10-03T15:18:00+05:30,51827.7,51834.55,51822,51826.25,
2024-10-03T15:19:00+05:30,51829.3,51846.6,51825.25,51844.05,
2024-10-03T15:20:00+05:30,51836.5,51849.85,51833.1,51848.25,
2024-10-03T15:21:00+05:30,51845.4,51862.85,51837.95,51841.75,
2024-10-03T15:22:00+05:30,51842.6,51850.9,51834.45,51844.55,
2024-10-03T15:23:00+05:30,51842.9,51851.45,51824.35,51830.45,
2024-10-03T15:24:00+05:30,51824.9,51841.55,51819,51831.4,
2024-10-03T15:25:00+05:30,51830.65,51864.45,51830.65,51863.35,
2024-10-03T15:26:00+05:30,51859.8,51874.15,51853.35,51869.75,
2024-10-03T15:27:00+05:30,51867.75,51883.05,51862.85,51880,
2024-10-03T15:28:00+05:30,51878.6,51898.75,51876.2,51885,
2024-10-03T15:29:00+05:30,51891.35,51898.25,51854.3,51860.85,
2024-10-04T09:15:00+05:30,51643.75,51932.5,51643.75,51843.9,
2024-10-04T09:16:00+05:30,51845.5,51858.3,51678.25,51708.4,
2024-10-04T09:17:00+05:30,51708.2,51752.7,51679.25,51752.7,
2024-10-04T09:18:00+05:30,51764.45,51771.3,51698.35,51713.45,
2024-10-04T09:19:00+05:30,51716.95,51745,51703.1,51708.75,
2024-10-04T09:20:00+05:30,51713.35,51771.1,51702.55,51770.1,
2024-10-04T09:21:00+05:30,51769.05,51811.85,51738.35,51745.35,
2024-10-04T09:22:00+05:30,51743.4,51763.7,51717.65,51758.25,
2024-10-04T09:23:00+05:30,51755.2,51776.35,51732.7,51748.05,
2024-10-04T09:24:00+05:30,51742.55,51753.1,51679.1,51689.65,
2024-10-04T09:25:00+05:30,51687.75,51741.1,51679.85,51716.3,
2024-10-04T09:26:00+05:30,51714.25,51717.25,51678.65,51690.15,
2024-10-04T09:27:00+05:30,51687.5,51708.6,51677.05,51687.4,
2024-10-04T09:28:00+05:30,51687.9,51711.6,51682.2,51709.8,
2024-10-04T09:29:00+05:30,51705.85,51747.65,51703.5,51715.8,
2024-10-04T09:30:00+05:30,51715.45,51743.7,51694.8,51736.7,
2024-10-04T09:31:00+05:30,51734.5,51737,51685.2,51690.2,
2024-10-04T09:32:00+05:30,51686.65,51694.6,51672.9,51679.3,
2024-10-04T09:33:00+05:30,51676.3,51776.1,51672.05,51749.75,
2024-10-04T09:34:00+05:30,51742.55,51795.3,51723,51789.8,
2024-10-04T09:35:00+05:30,51792.25,51879.55,51777.05,51856.55,
2024-10-04T09:36:00+05:30,51851.2,51856.7,51786.65,51786.65,
2024-10-04T09:37:00+05:30,51790.2,51838.7,51790.2,51826.35,
2024-10-04T09:38:00+05:30,51826.35,51874.65,51824,51868.75,
2024-10-04T09:39:00+05:30,51882.25,51962.7,51882.25,51957.8,
2024-10-04T09:40:00+05:30,51957,51971.3,51908.55,51940.1,
2024-10-04T09:41:00+05:30,51933.25,51939.05,51898.55,51911.6,
2024-10-04T09:42:00+05:30,51907.8,51907.8,51862.8,51873.4,
2024-10-04T09:43:00+05:30,51870.85,51907.35,51856.25,51889.05,
2024-10-04T09:44:00+05:30,51889.2,51889.4,51816.05,51816.05,
2024-10-04T09:45:00+05:30,51814.25,51861.5,51810,51831.85,
2024-10-04T09:46:00+05:30,51828.75,51832.05,51777,51777,
2024-10-04T09:47:00+05:30,51782.3,51832.65,51773.4,51830.15,
2024-10-04T09:48:00+05:30,51830.8,51845.35,51812.5,51826.3,
2024-10-04T09:49:00+05:30,51819.3,51859.1,51814.85,51856.15,
2024-10-04T09:50:00+05:30,51850.15,51946.05,51827.85,51929.55,
2024-10-04T09:51:00+05:30,51927.5,51937.75,51850.5,51859.05,
2024-10-04T09:52:00+05:30,51858.4,51877.75,51837.1,51849.4,
2024-10-04T09:53:00+05:30,51849.1,51875.5,51829.5,51870.65,
2024-10-04T09:54:00+05:30,51871.4,51880.4,51852.2,51878.25,
2024-10-04T09:55:00+05:30,51878.45,51905.25,51864.6,51903.5,
2024-10-04T09:56:00+05:30,51900.25,51938.15,51900.25,51925.4,
2024-10-04T09:57:00+05:30,51925.05,51984.75,51915.85,51983.5,
2024-10-04T09:58:00+05:30,51979.6,51983.15,51955.85,51967.75,
2024-10-04T09:59:00+05:30,51972.5,52007.1,51972.15,52004.35,
2024-10-04T10:00:00+05:30,52001.35,52057,52001.1,52056.4,
2024-10-04T10:01:00+05:30,52056.7,52057.75,51971.2,51976.65,
2024-10-04T10:02:00+05:30,51970,51982.95,51942.1,51943.7,
2024-10-04T10:03:00+05:30,51939.65,51985.95,51929.35,51985.95,
2024-10-04T10:04:00+05:30,51982.75,51998.75,51966.7,51995.6,
2024-10-04T10:05:00+05:30,51993.2,52004.95,51927.9,51927.9,
2024-10-04T10:06:00+05:30,51929.2,51947.65,51910.3,51922.1,
2024-10-04T10:07:00+05:30,51924.2,51925.1,51899,51924.85,
2024-10-04T10:08:00+05:30,51923.25,51948.1,51913.7,51913.7,
2024-10-04T10:09:00+05:30,51912.25,51934.8,51891.75,51892.5,
2024-10-04T10:10:00+05:30,51888.95,51897.65,51848.8,51848.8,
2024-10-04T10:11:00+05:30,51846.6,51863.6,51837.65,51860.9,
2024-10-04T10:12:00+05:30,51860.75,51886.55,51837.95,51848.75,
2024-10-04T10:13:00+05:30,51844.15,51845.75,51815.65,51816.9,
2024-10-04T10:14:00+05:30,51812.2,51851.2,51812.2,51839.95,
2024-10-04T10:15:00+05:30,51834.65,51867.9,51800.9,51813.45,
2024-10-04T10:16:00+05:30,51812.8,51820.7,51796.25,51807.95,
2024-10-04T10:17:00+05:30,51806.95,51849.05,51806.95,51845.35,
2024-10-04T10:18:00+05:30,51846.1,51853.7,51821.6,51825,
2024-10-04T10:19:00+05:30,51826.95,51830.45,51777.15,51777.15,
2024-10-04T10:20:00+05:30,51781.15,51826.3,51770.35,51826.3,
2024-10-04T10:21:00+05:30,51825.2,51855.6,51817.65,51834.6,
2024-10-04T10:22:00+05:30,51833.55,51839.9,51800.15,51806.65,
2024-10-04T10:23:00+05:30,51805.25,51829.05,51785.6,51823.4,
2024-10-04T10:24:00+05:30,51820.45,51827.05,51806.9,51818.25,
2024-10-04T10:25:00+05:30,51814.25,51840.45,51798,51810.55,
2024-10-04T10:26:00+05:30,51807.3,51848.25,51807.3,51843.75,
2024-10-04T10:27:00+05:30,51838.2,51855.7,51819.55,51831.7,
2024-10-04T10:28:00+05:30,51825.9,51837.4,51793.25,51799.25,
2024-10-04T10:29:00+05:30,51796.95,51811.45,51791.4,51800.35,
2024-10-04T10:30:00+05:30,51801.15,51813.25,51795.25,51801.3,
2024-10-04T10:31:00+05:30,51799.65,51809.4,51799.05,51806.15,
2024-10-04T10:32:00+05:30,51807.25,51835.1,51807.1,51815.1,
2024-10-04T10:33:00+05:30,51811.15,51853.3,51805.25,51848.2,
2024-10-04T10:34:00+05:30,51847.9,51910.65,51847.9,51909.1,
2024-10-04T10:35:00+05:30,51907.5,51916.35,51862.9,51871.55,
2024-10-04T10:36:00+05:30,51873.2,51875.25,51848.25,51866.55,
2024-10-04T10:37:00+05:30,51861.9,51896.65,51860,51891.95,
2024-10-04T10:38:00+05:30,51893.05,51904.05,51875.4,51902.8,
2024-10-04T10:39:00+05:30,51905.25,51919.8,51898.5,51917.9,
2024-10-04T10:40:00+05:30,51921.3,51972.55,51916.75,51952.3,
2024-10-04T10:41:00+05:30,51948.3,51963.95,51937.2,51954.25,
2024-10-04T10:42:00+05:30,51951.7,52015.8,51951.7,51976.85,
2024-10-04T10:43:00+05:30,51976.65,52008.7,51969.8,52008.1,
2024-10-04T10:44:00+05:30,52007.55,52053.2,52000.05,52041.15,
2024-10-04T10:45:00+05:30,52043.7,52099,52024.55,52099,
2024-10-04T10:46:00+05:30,52091.7,52108.85,52061.95,52088.3,
2024-10-04T10:47:00+05:30,52088.1,52092.1,52063.2,52078.3,
2024-10-04T10:48:00+05:30,52074.6,52109,52062.9,52109,
2024-10-04T10:49:00+05:30,52101.8,52111.95,52074.15,52082.6,
2024-10-04T10:50:00+05:30,52075.2,52126.45,52073.35,52112.85,
2024-10-04T10:51:00+05:30,52108.75,52167.45,52108.75,52162.65,
2024-10-04T10:52:00+05:30,52156.5,52207.55,52156.15,52199.6,
2024-10-04T10:53:00+05:30,52200.1,52216.1,52161.25,52171.2,
2024-10-04T10:54:00+05:30,52174.95,52206.4,52168.65,52199.75,
2024-10-04T10:55:00+05:30,52200.2,52238.75,52190.85,52217.05,
2024-10-04T10:56:00+05:30,52219.95,52234.25,52206.55,52216.05,
2024-10-04T10:57:00+05:30,52216.05,52231,52194.85,52208.3,
2024-10-04T10:58:00+05:30,52205.95,52243.75,52205.95,52234.2,
2024-10-04T10:59:00+05:30,52230.35,52233.25,52195.95,52204.55,
2024-10-04T11:00:00+05:30,52206,52228.55,52206,52226.5,
2024-10-04T11:01:00+05:30,52222.9,52223.45,52147.45,52153.2,
2024-10-04T11:02:00+05:30,52149,52158.4,52106.05,52106.05,
2024-10-04T11:03:00+05:30,52108.1,52114.7,52029.55,52074.1,
2024-10-04T11:04:00+05:30,52071.35,52095.5,52060.15,52091.95,
2024-10-04T11:05:00+05:30,52091.45,52108.1,52070.2,52102.2,
2024-10-04T11:06:00+05:30,52102.8,52105.15,52038.3,52061.8,
2024-10-04T11:07:00+05:30,52068,52106.25,52056.45,52103.5,
2024-10-04T11:08:00+05:30,52102.9,52158.95,52095,52134.3,
2024-10-04T11:09:00+05:30,52136.1,52138.9,52086.1,52089,
2024-10-04T11:10:00+05:30,52088.2,52092.1,52068.45,52083.15,
2024-10-04T11:11:00+05:30,52085.25,52131.8,52085.15,52098.9,
2024-10-04T11:12:00+05:30,52099.25,52122.8,52092.05,52116.7,
2024-10-04T11:13:00+05:30,52116.55,52192.55,52110.15,52189.1,
2024-10-04T11:14:00+05:30,52187.4,52198.35,52155.25,52193.8,
2024-10-04T11:15:00+05:30,52188,52188.25,52164.7,52174.55,
2024-10-04T11:16:00+05:30,52171.7,52198.7,52165.5,52197.45,
2024-10-04T11:17:00+05:30,52196.95,52239.8,52192.4,52232.5,
2024-10-04T11:18:00+05:30,52226.65,52240.35,52184.05,52188.1,
2024-10-04T11:19:00+05:30,52186.2,52212.4,52186.2,52198.7,
2024-10-04T11:20:00+05:30,52200.3,52201.65,52158.85,52187.35,
2024-10-04T11:21:00+05:30,52185.35,52185.35,52163.3,52166.3,
2024-10-04T11:22:00+05:30,52166.45,52172.8,52149.9,52158.65,
2024-10-04T11:23:00+05:30,52156.9,52170.85,52141.2,52160.1,
2024-10-04T11:24:00+05:30,52162.35,52163.25,52122.7,52130.45,
2024-10-04T11:25:00+05:30,52129.65,52134.8,52110.1,52119.3,
2024-10-04T11:26:00+05:30,52114.95,52133.1,52111.7,52124.7,
2024-10-04T11:27:00+05:30,52127.55,52167.95,52117.05,52149.3,
2024-10-04T11:28:00+05:30,52147.35,52154.45,52084.55,52090.85,
2024-10-04T11:29:00+05:30,52083.05,52120.3,52069.15,52120.3,
2024-10-04T11:30:00+05:30,52114.95,52135.15,52088.6,52096.25,
2024-10-04T11:31:00+05:30,52090.45,52098.35,52076.45,52080.2,
2024-10-04T11:32:00+05:30,52080.1,52082,52053.6,52070.4,
2024-10-04T11:33:00+05:30,52071.05,52093.75,52045.5,52056.45,
2024-10-04T11:34:00+05:30,52055.3,52074.3,52043.95,52044.75,
2024-10-04T11:35:00+05:30,52045,52080.95,52035.45,52075.15,
2024-10-04T11:36:00+05:30,52081.5,52090.2,52071.85,52085.25,
2024-10-04T11:37:00+05:30,52083.65,52103.25,52068.95,52103.25,
2024-10-04T11:38:00+05:30,52104.9,52139.95,52102.65,52123.35,
2024-10-04T11:39:00+05:30,52125.4,52161.1,52124.95,52147.5,
2024-10-04T11:40:00+05:30,52142.6,52152,52096.8,52102.45,
2024-10-04T11:41:00+05:30,52100.7,52123.05,52090.9,52116.85,
2024-10-04T11:42:00+05:30,52118.5,52165.9,52114.95,52141.9,
2024-10-04T11:43:00+05:30,52142.55,52147.7,52103.8,52117.65,
2024-10-04T11:44:00+05:30,52116.6,52139.35,52105.15,52127.6,
2024-10-04T11:45:00+05:30,52127.45,52150.9,52124.45,52127.65,
2024-10-04T11:46:00+05:30,52123.75,52151.55,52119.8,52133.75,
2024-10-04T11:47:00+05:30,52131.95,52135,52100.05,52106,
2024-10-04T11:48:00+05:30,52105.25,52129.4,52102,52121.55,
2024-10-04T11:49:00+05:30,52125.35,52145.6,52115.7,52125.65,
2024-10-04T11:50:00+05:30,52125.75,52172.75,52116.55,52163.3,
2024-10-04T11:51:00+05:30,52156,52215.45,52156,52208.55,
2024-10-04T11:52:00+05:30,52209.15,52209.15,52181,52203.1,
2024-10-04T11:53:00+05:30,52205.65,52222.85,52195.45,52213.35,
2024-10-04T11:54:00+05:30,52211.7,52215.95,52186.5,52194.05,
2024-10-04T11:55:00+05:30,52191.8,52251.5,52184.85,52233,
2024-10-04T11:56:00+05:30,52226.35,52267.65,52226.05,52243.8,
2024-10-04T11:57:00+05:30,52239.85,52268.35,52234.3,52250.6,
2024-10-04T11:58:00+05:30,52245.1,52271.35,52219.2,52266.75,
2024-10-04T11:59:00+05:30,52260.4,52278.65,52251.7,52278.65,
2024-10-04T12:00:00+05:30,52269.05,52291,52236.55,52251.65,
2024-10-04T12:01:00+05:30,52251.85,52270.85,52238.3,52238.3,
2024-10-04T12:02:00+05:30,52237.7,52257.65,52235.2,52257.65,
2024-10-04T12:03:00+05:30,52257.25,52300.7,52254.2,52269,
2024-10-04T12:04:00+05:30,52263.65,52288.4,52260.45,52279.25,
2024-10-04T12:05:00+05:30,52278.15,52293.95,52273.25,52282.25,
2024-10-04T12:06:00+05:30,52276.05,52282.45,52258.85,52272.3,
2024-10-04T12:07:00+05:30,52271.45,52288.65,52265.95,52274,
2024-10-04T12:08:00+05:30,52267.55,52303.45,52262.3,52300.85,
2024-10-04T12:09:00+05:30,52298.05,52337.1,52297.05,52316.2,
2024-10-04T12:10:00+05:30,52314.25,52352.35,52310.1,52352.35,
2024-10-04T12:11:00+05:30,52345.9,52354.6,52334.4,52351.75,
2024-10-04T12:12:00+05:30,52345.3,52355.8,52333.95,52347.8,
2024-10-04T12:13:00+05:30,52346.45,52348.1,52309.2,52329.65,
2024-10-04T12:14:00+05:30,52332.6,52356.2,52322.4,52353.35,
2024-10-04T12:15:00+05:30,52351.65,52358.35,52314,52319.35,
2024-10-04T12:16:00+05:30,52316.55,52333.6,52303.85,52303.85,
2024-10-04T12:17:00+05:30,52299.9,52311.75,52276.85,52282.1,
2024-10-04T12:18:00+05:30,52282.6,52312.85,52263.55,52263.55,
2024-10-04T12:19:00+05:30,52262.8,52305.2,52256.8,52296.8,
2024-10-04T12:20:00+05:30,52291.05,52300.7,52285.4,52288.6,
2024-10-04T12:21:00+05:30,52287.15,52299.25,52275.15,52281.15,
2024-10-04T12:22:00+05:30,52281.1,52284.4,52256,52260.65,
2024-10-04T12:23:00+05:30,52259.3,52314,52254.7,52292.9,
2024-10-04T12:24:00+05:30,52289.25,52319.1,52289.25,52312.25,
2024-10-04T12:25:00+05:30,52312.55,52335.9,52307.75,52316.7,
2024-10-04T12:26:00+05:30,52317.5,52347.7,52314.75,52338.45,
2024-10-04T12:27:00+05:30,52331.4,52345.5,52313.9,52333.05,
2024-10-04T12:28:00+05:30,52330.15,52337.4,52294.35,52306.15,
2024-10-04T12:29:00+05:30,52305.05,52310.5,52266.4,52293.6,
2024-10-04T12:30:00+05:30,52286.6,52305.4,52243.45,52262.05,
2024-10-04T12:31:00+05:30,52261.35,52272.75,52245.4,52271.15,
2024-10-04T12:32:00+05:30,52267.35,52293.2,52262.45,52280.8,
2024-10-04T12:33:00+05:30,52278.85,52288.5,52248.45,52253.05,
2024-10-04T12:34:00+05:30,52251.55,52259.15,52110.05,52151.85,
2024-10-04T12:35:00+05:30,52144.95,52225.95,52138,52215.9,
2024-10-04T12:36:00+05:30,52213.2,52226.75,52162.7,52162.7,
2024-10-04T12:37:00+05:30,52160.5,52160.5,52073.85,52073.85,
2024-10-04T12:38:00+05:30,52070.6,52112.15,52049.4,52063.1,
2024-10-04T12:39:00+05:30,52062.15,52079.95,51945.65,51982.2,
2024-10-04T12:40:00+05:30,51975.55,52005.75,51926.75,51969.8,
2024-10-04T12:41:00+05:30,51954.65,51990.15,51925.65,51969.4,
2024-10-04T12:42:00+05:30,51965.6,51971.85,51871.7,51909.8,
2024-10-04T12:43:00+05:30,51913.15,51913.3,51844.55,51844.55,
2024-10-04T12:44:00+05:30,51841.6,51865.5,51827.65,51845.45,
2024-10-04T12:45:00+05:30,51848.75,51924.25,51841.45,51881.65,
2024-10-04T12:46:00+05:30,51888.7,51955.85,51857.45,51911.45,
2024-10-04T12:47:00+05:30,51906.85,51914.15,51785.5,51785.5,
2024-10-04T12:48:00+05:30,51793.7,51827.9,51785.45,51806.6,
2024-10-04T12:49:00+05:30,51803,51812.9,51731.1,51748.7,
2024-10-04T12:50:00+05:30,51750.5,51792.5,51735.45,51744.05,
2024-10-04T12:51:00+05:30,51746,51748.25,51717.55,51723,
2024-10-04T12:52:00+05:30,51738.35,51823.45,51729.95,51764.85,
2024-10-04T12:53:00+05:30,51768.7,51808.15,51748.1,51775.5,
2024-10-04T12:54:00+05:30,51777.55,51813.45,51767,51784.9,
2024-10-04T12:55:00+05:30,51796,51796,51751.9,51757.15,
2024-10-04T12:56:00+05:30,51754.5,51762.65,51699.15,51714.2,
2024-10-04T12:57:00+05:30,51716.2,51758.1,51713.2,51731,
2024-10-04T12:58:00+05:30,51732.2,51761.4,51722.3,51729.9,
2024-10-04T12:59:00+05:30,51738.05,51741.7,51680.5,51685.85,
2024-10-04T13:00:00+05:30,51681.6,51686.75,51643.25,51672.45,
2024-10-04T13:01:00+05:30,51667.35,51712.4,51660.35,51690.9,
2024-10-04T13:02:00+05:30,51685.35,51711.95,51667.75,51697.05,
2024-10-04T13:03:00+05:30,51697.2,51756.25,51690.25,51713.3,
2024-10-04T13:04:00+05:30,51718.5,51737.05,51690.85,51699.15,
2024-10-04T13:05:00+05:30,51700.35,51725.95,51680.7,51723.4,
2024-10-04T13:06:00+05:30,51717.35,51782,51708.25,51776.9,
2024-10-04T13:07:00+05:30,51785.05,51794.85,51714.55,51730.3,
2024-10-04T13:08:00+05:30,51726.1,51782.25,51711.35,51759.7,
2024-10-04T13:09:00+05:30,51758.35,51770.8,51723.15,51770.7,
2024-10-04T13:10:00+05:30,51767.4,51777.6,51726.35,51731.65,
2024-10-04T13:11:00+05:30,51731.55,51785.85,51726.1,51785.85,
2024-10-04T13:12:00+05:30,51783.45,51790.75,51754.45,51764.1,
2024-10-04T13:13:00+05:30,51765.05,51775,51732.05,51742.2,
2024-10-04T13:14:00+05:30,51737.35,51741.55,51701.2,51726.45,
2024-10-04T13:15:00+05:30,51726,51737.5,51689.1,51702.6,
2024-10-04T13:16:00+05:30,51701.4,51730.9,51680.2,51730.9,
2024-10-04T13:17:00+05:30,51730.3,51746.7,51711.3,51726.95,
2024-10-04T13:18:00+05:30,51725.5,51741.9,51710.1,51730.6,
2024-10-04T13:19:00+05:30,51731.25,51738.05,51696,51710.5,
2024-10-04T13:20:00+05:30,51710.2,51712.35,51680.55,51686.4,
2024-10-04T13:21:00+05:30,51691.6,51717.4,51666.9,51717.4,
2024-10-04T13:22:00+05:30,51710.7,51721.25,51688.45,51714.75,
2024-10-04T13:23:00+05:30,51715,51719.65,51695.05,51711.55,
2024-10-04T13:24:00+05:30,51709.5,51715.45,51680.5,51688.1,
2024-10-04T13:25:00+05:30,51689.3,51693.95,51662.65,51664.05,
2024-10-04T13:26:00+05:30,51668.65,51672.6,51646.35,51665.65,
2024-10-04T13:27:00+05:30,51664.15,51700.8,51662.9,51698.05,
2024-10-04T13:28:00+05:30,51695.7,51734.1,51694.5,51733.85,
2024-10-04T13:29:00+05:30,51724.6,51740.2,51703.3,51715.6,
2024-10-04T13:30:00+05:30,51716.75,51716.75,51677.25,51679.05,
2024-10-04T13:31:00+05:30,51679.75,51679.75,51649.85,51651.3,
2024-10-04T13:32:00+05:30,51651.45,51676.1,51645,51651,
2024-10-04T13:33:00+05:30,51647.65,51650.25,51620.1,51623.35,
2024-10-04T13:34:00+05:30,51623.95,51644.75,51614.15,51640.75,
2024-10-04T13:35:00+05:30,51640.55,51640.55,51607.7,51614.55,
2024-10-04T13:36:00+05:30,51610.4,51615.75,51593.65,51608.05,
2024-10-04T13:37:00+05:30,51606.8,51654.7,51602.3,51652.35,
2024-10-04T13:38:00+05:30,51651,51651,51591.25,51597.65,
2024-10-04T13:39:00+05:30,51600.35,51608.05,51580.55,51600.05,
2024-10-04T13:40:00+05:30,51596.8,51599.75,51554.15,51554.15,
2024-10-04T13:41:00+05:30,51555.8,51560.85,51500.5,51529.25,
2024-10-04T13:42:00+05:30,51531.4,51561.75,51522.65,51549.8,
2024-10-04T13:43:00+05:30,51555.9,51555.9,51523.85,51533,
2024-10-04T13:44:00+05:30,51533.85,51573.85,51523.05,51552.45,
2024-10-04T13:45:00+05:30,51553.1,51555.5,51492.35,51505.7,
2024-10-04T13:46:00+05:30,51501.55,51514.9,51482.1,51482.1,
2024-10-04T13:47:00+05:30,51481.25,51497.25,51463.75,51492.9,
2024-10-04T13:48:00+05:30,51491.85,51498.9,51471.55,51488.35,
2024-10-04T13:49:00+05:30,51485.25,51539.95,51485.25,51539.95,
2024-10-04T13:50:00+05:30,51536.1,51544.85,51504.4,51536.95,
2024-10-04T13:51:00+05:30,51532.3,51550.8,51507.75,51550.8,
2024-10-04T13:52:00+05:30,51544.45,51567.05,51538.2,51564.8,
2024-10-04T13:53:00+05:30,51563,51597.55,51549.35,51582.1,
2024-10-04T13:54:00+05:30,51573.85,51577.1,51534.5,51543.6,
2024-10-04T13:55:00+05:30,51547.05,51572.1,51545.2,51569.85,
2024-10-04T13:56:00+05:30,51565,51568.65,51521.05,51525.45,
2024-10-04T13:57:00+05:30,51517.05,51528.25,51502.95,51518.7,
2024-10-04T13:58:00+05:30,51514.15,51540.45,51508.5,51537.5,
2024-10-04T13:59:00+05:30,51531.45,51539.5,51513.85,51517.3,
2024-10-04T14:00:00+05:30,51511.2,51524.2,51508.05,51522.5,
2024-10-04T14:01:00+05:30,51520.25,51551.3,51505.95,51521.15,
2024-10-04T14:02:00+05:30,51514.85,51547.65,51508.6,51544.1,
2024-10-04T14:03:00+05:30,51537.6,51543.45,51520.55,51533.8,
2024-10-04T14:04:00+05:30,51530.7,51533.3,51507.65,51519.95,
2024-10-04T14:05:00+05:30,51519.1,51525.85,51492.85,51504.95,
2024-10-04T14:06:00+05:30,51503.65,51514.6,51484.1,51500.2,
2024-10-04T14:07:00+05:30,51500.2,51538.55,51492.55,51516.3,
2024-10-04T14:08:00+05:30,51513.65,51517.75,51492.85,51495.85,
2024-10-04T14:09:00+05:30,51494.8,51494.8,51473.5,51475.25,
2024-10-04T14:10:00+05:30,51473.55,51492.6,51461.55,51488.6,
2024-10-04T14:11:00+05:30,51483.15,51493.9,51460.15,51482.4,
2024-10-04T14:12:00+05:30,51470.7,51505.2,51470.7,51488.8,
2024-10-04T14:13:00+05:30,51487.25,51501.3,51479.4,51498.2,
2024-10-04T14:14:00+05:30,51498.15,51532.95,51493.7,51528.25,
2024-10-04T14:15:00+05:30,51527,51541.5,51517.35,51529.95,
2024-10-04T14:16:00+05:30,51528,51538.55,51519.5,51535.2,
2024-10-04T14:17:00+05:30,51533.2,51536.35,51513.65,51523.9,
2024-10-04T14:18:00+05:30,51524.4,51524.4,51494.05,51496.85,
2024-10-04T14:19:00+05:30,51498.25,51500.35,51475.7,51493.15,
2024-10-04T14:20:00+05:30,51486.35,51498.85,51467.8,51476.75,
2024-10-04T14:21:00+05:30,51470.05,51502.5,51463.75,51483.35,
2024-10-04T14:22:00+05:30,51478.2,51504.35,51472.5,51502,
2024-10-04T14:23:00+05:30,51505.8,51512.8,51471.4,51480.55,
2024-10-04T14:24:00+05:30,51478.75,51501.65,51473.7,51492.25,
2024-10-04T14:25:00+05:30,51488.5,51494.6,51472.1,51476.55,
2024-10-04T14:26:00+05:30,51473.45,51498.45,51473.45,51490.75,
2024-10-04T14:27:00+05:30,51491.2,51503.45,51478.45,51495.1,
2024-10-04T14:28:00+05:30,51493.45,51523.25,51487.9,51523.25,
2024-10-04T14:29:00+05:30,51517.45,51561.25,51517.45,51561.25,
2024-10-04T14:30:00+05:30,51561.15,51618.6,51558.95,51608.85,
2024-10-04T14:31:00+05:30,51605.45,51619.45,51573.8,51579.85,
2024-10-04T14:32:00+05:30,51576.25,51580.75,51533,51549.3,
2024-10-04T14:33:00+05:30,51547.35,51555.1,51518.55,51522.5,
2024-10-04T14:34:00+05:30,51520.45,51532.95,51505.2,51528.15,
2024-10-04T14:35:00+05:30,51528,51534.7,51512.6,51520.95,
2024-10-04T14:36:00+05:30,51520.75,51524.45,51509.85,51516.75,
2024-10-04T14:37:00+05:30,51516.75,51536.95,51504.9,51531.75,
2024-10-04T14:38:00+05:30,51533.35,51538.35,51510.95,51512.95,
2024-10-04T14:39:00+05:30,51514.2,51517.2,51497.8,51499.3,
2024-10-04T14:40:00+05:30,51502.3,51529.1,51496.95,51520.8,
2024-10-04T14:41:00+05:30,51520.35,51522.1,51505.6,51514.75,
2024-10-04T14:42:00+05:30,51512.35,51520.7,51494.35,51501.75,
2024-10-04T14:43:00+05:30,51501,51514.7,51494.5,51504.35,
2024-10-04T14:44:00+05:30,51496.65,51509.1,51478.65,51481.65,
2024-10-04T14:45:00+05:30,51481.95,51517.9,51481.8,51492.9,
2024-10-04T14:46:00+05:30,51491.35,51502.35,51479.3,51490.15,
2024-10-04T14:47:00+05:30,51490.05,51502.45,51482.7,51501.55,
2024-10-04T14:48:00+05:30,51501.05,51506.25,51491.45,51497.45,
2024-10-04T14:49:00+05:30,51497.3,51499.25,51481.1,51496.4,
2024-10-04T14:50:00+05:30,51496.35,51499.55,51473.15,51486.4,
2024-10-04T14:51:00+05:30,51482.75,51483.2,51466.5,51480.4,
2024-10-04T14:52:00+05:30,51478.95,51480.75,51465.85,51469,
2024-10-04T14:53:00+05:30,51468.3,51469.6,51432.6,51440.9,
2024-10-04T14:54:00+05:30,51439.2,51442.75,51424.6,51435.7,
2024-10-04T14:55:00+05:30,51432.35,51490.25,51431.9,51486.9,
2024-10-04T14:56:00+05:30,51484.05,51487.95,51445.85,51449.2,
2024-10-04T14:57:00+05:30,51446.2,51472.2,51443.35,51448.4,
2024-10-04T14:58:00+05:30,51450.15,51455.7,51431.7,51442.9,
2024-10-04T14:59:00+05:30,51441.1,51478.15,51437.2,51440.45,
2024-10-04T15:00:00+05:30,51444.85,51446.8,51405.5,51408.65,
2024-10-04T15:01:00+05:30,51407.35,51430.05,51403.85,51414.1,
2024-10-04T15:02:00+05:30,51415,51447.35,51388.55,51399.75,
2024-10-04T15:03:00+05:30,51401.1,51401.1,51367.15,51386.5,
2024-10-04T15:04:00+05:30,51387.65,51392.35,51374.5,51381.75,
2024-10-04T15:05:00+05:30,51383.95,51383.95,51355,51358.4,
2024-10-04T15:06:00+05:30,51358.45,51394.3,51347.25,51377.05,
2024-10-04T15:07:00+05:30,51375.65,51421.5,51374.1,51421,
2024-10-04T15:08:00+05:30,51420.55,51447.7,51414.4,51415.6,
2024-10-04T15:09:00+05:30,51419.45,51460.8,51411.85,51457.8,
2024-10-04T15:10:00+05:30,51466.75,51501.85,51465.65,51465.65,
2024-10-04T15:11:00+05:30,51467.45,51469.5,51433.05,51463.35,
2024-10-04T15:12:00+05:30,51461.05,51470.5,51444.5,51459.95,
2024-10-04T15:13:00+05:30,51462.25,51486.75,51453.6,51478.3,
2024-10-04T15:14:00+05:30,51480.6,51490.3,51469.25,51488.5,
2024-10-04T15:15:00+05:30,51488.15,51508,51483.2,51505.15,
2024-10-04T15:16:00+05:30,51501.5,51535.5,51501.5,51526.9,
2024-10-04T15:17:00+05:30,51528.25,51528.25,51499.35,51505.7,
2024-10-04T15:18:00+05:30,51505.25,51508.2,51491.95,51504,
2024-10-04T15:19:00+05:30,51500.05,51514.75,51498.25,51510.35,
2024-10-04T15:20:00+05:30,51510.1,51524.3,51494.25,51501.4,
2024-10-04T15:21:00+05:30,51498.75,51538.1,51497.2,51533.65,
2024-10-04T15:22:00+05:30,51531.35,51545.2,51525.8,51538.05,
2024-10-04T15:23:00+05:30,51539.25,51542.3,51532.05,51541.75,
2024-10-04T15:24:00+05:30,51538.65,51543.7,51514.35,51518.6,
2024-10-04T15:25:00+05:30,51516.15,51516.15,51498.65,51509.55,
2024-10-04T15:26:00+05:30,51512.7,51515.3,51503.8,51513,
2024-10-04T15:27:00+05:30,51510.45,51537.45,51509.3,51520.15,
2024-10-04T15:28:00+05:30,51515.9,51558.65,51510.95,51550.25,
2024-10-04T15:29:00+05:30,51560.4,51561.3,51509.45,51555.75,
2024-10-07T09:15:00+05:30,51543.2,51738.8,51539.8,51708.5,
2024-10-07T09:16:00+05:30,51710.6,51784.8,51710.6,51767.6,
2024-10-07T09:17:00+05:30,51764.4,51775.15,51719.6,51741.4,
2024-10-07T09:18:00+05:30,51741.8,51758.7,51731.2,51734.3,
2024-10-07T09:19:00+05:30,51735.2,51735.3,51600.55,51652.1,
2024-10-07T09:20:00+05:30,51661.85,51661.85,51583.55,51614.85,
2024-10-07T09:21:00+05:30,51609.85,51721.4,51598.75,51707.1,
2024-10-07T09:22:00+05:30,51705.05,51725.65,51655,51655.9,
2024-10-07T09:23:00+05:30,51656.5,51658.6,51603.45,51658.4,
2024-10-07T09:24:00+05:30,51658.9,51672.7,51637.05,51640.15,
2024-10-07T09:25:00+05:30,51648,51676.7,51590.35,51590.5,
2024-10-07T09:26:00+05:30,51590.45,51618.4,51557.7,51578.6,
2024-10-07T09:27:00+05:30,51578.3,51623.25,51577.9,51617.25,
2024-10-07T09:28:00+05:30,51614.4,51671.55,51598.8,51668.15,
2024-10-07T09:29:00+05:30,51661.5,51669,51609.95,51617.05,
2024-10-07T09:30:00+05:30,51620.95,51638.7,51592.3,51594.95,
2024-10-07T09:31:00+05:30,51590.95,51600.3,51565.95,51572.95,
2024-10-07T09:32:00+05:30,51576.9,51599.9,51488.1,51488.1,
2024-10-07T09:33:00+05:30,51519.1,51542.45,51493.6,51518.95,
2024-10-07T09:34:00+05:30,51522.5,51582.4,51500.7,51569.95,
2024-10-07T09:35:00+05:30,51568.75,51614.75,51565.7,51575.85,
2024-10-07T09:36:00+05:30,51579.2,51581.55,51513.7,51526.2,
2024-10-07T09:37:00+05:30,51532.7,51571.75,51520.05,51530,
2024-10-07T09:38:00+05:30,51530.5,51542.4,51484.35,51493.75,
2024-10-07T09:39:00+05:30,51497.65,51532.55,51497.65,51530.2,
2024-10-07T09:40:00+05:30,51525.85,51557.35,51483.55,51544.85,
2024-10-07T09:41:00+05:30,51545.35,51580.5,51539.5,51551.35,
2024-10-07T09:42:00+05:30,51551.1,51552.75,51505.6,51519.8,
2024-10-07T09:43:00+05:30,51520.25,51539.25,51499.45,51535.05,
2024-10-07T09:44:00+05:30,51534.75,51542.4,51517.45,51537.25,
2024-10-07T09:45:00+05:30,51538.6,51538.85,51500.55,51509.8,
2024-10-07T09:46:00+05:30,51513.85,51531.05,51496.05,51500.2,
2024-10-07T09:47:00+05:30,51504.05,51511.25,51453,51465.65,
2024-10-07T09:48:00+05:30,51465.05,51477.35,51447.95,51463.1,
2024-10-07T09:49:00+05:30,51466.2,51481.45,51453.1,51461.15,
2024-10-07T09:50:00+05:30,51461,51465.9,51416.85,51445.55,
2024-10-07T09:51:00+05:30,51444.25,51491.45,51439.1,51485.3,
2024-10-07T09:52:00+05:30,51488.25,51521.7,51471.35,51476.8,
2024-10-07T09:53:00+05:30,51477.75,51532.85,51477.75,51504.4,
2024-10-07T09:54:00+05:30,51502.7,51528.05,51491.1,51528.05,
2024-10-07T09:55:00+05:30,51533.7,51550.1,51515.5,51525.9,
2024-10-07T09:56:00+05:30,51523.5,51524.45,51505.85,51515.4,
2024-10-07T09:57:00+05:30,51517.3,51545.85,51511.85,51540.1,
2024-10-07T09:58:00+05:30,51542.65,51589.8,51526.75,51586.95,
2024-10-07T09:59:00+05:30,51587.7,51614.75,51580.55,51589.45,
2024-10-07T10:00:00+05:30,51592.4,51623.75,51576,51583.75,
2024-10-07T10:01:00+05:30,51582.7,51583.4,51509.75,51515.65,
2024-10-07T10:02:00+05:30,51516.55,51520.45,51473.1,51494.4,
2024-10-07T10:03:00+05:30,51494.05,51522.5,51480.8,51480.8,
2024-10-07T10:04:00+05:30,51485.85,51508.4,51479.1,51506.45,
2024-10-07T10:05:00+05:30,51505.5,51517.45,51473.7,51500.5,
2024-10-07T10:06:00+05:30,51495.8,51524.5,51494.65,51498.05,
2024-10-07T10:07:00+05:30,51491.9,51516.35,51489.55,51491.95,
2024-10-07T10:08:00+05:30,51489.35,51538.7,51487.2,51527.35,
2024-10-07T10:09:00+05:30,51525.45,51539,51513.4,51526.65,
2024-10-07T10:10:00+05:30,51524.1,51547.4,51512.15,51519.85,
2024-10-07T10:11:00+05:30,51517.65,51549.75,51499.35,51549.75,
2024-10-07T10:12:00+05:30,51550.05,51587,51536.15,51578.65,
2024-10-07T10:13:00+05:30,51579.1,51586.9,51550.95,51560,
2024-10-07T10:14:00+05:30,51562.05,51575,51546.3,51565.15,
2024-10-07T10:15:00+05:30,51563.95,51594.6,51554.85,51594.6,
2024-10-07T10:16:00+05:30,51590.55,51598.2,51566.1,51583.35,
2024-10-07T10:17:00+05:30,51583.5,51607.15,51571.9,51595.5,
2024-10-07T10:18:00+05:30,51597.3,51615.6,51588.9,51608.7,
2024-10-07T10:19:00+05:30,51604.2,51604.2,51546.05,51548.9,
2024-10-07T10:20:00+05:30,51548.6,51552,51513.95,51516.7,
2024-10-07T10:21:00+05:30,51521.9,51553.8,51519.8,51530.3,
2024-10-07T10:22:00+05:30,51532,51550.8,51509.25,51550.8,
2024-10-07T10:23:00+05:30,51551,51574.15,51539.9,51561.4,
2024-10-07T10:24:00+05:30,51558.8,51578.6,51536.25,51544.55,
2024-10-07T10:25:00+05:30,51545.65,51547.7,51527.45,51531.5,
2024-10-07T10:26:00+05:30,51532.35,51554,51507.45,51514.75,
2024-10-07T10:27:00+05:30,51516.05,51537.7,51512.3,51529.5,
2024-10-07T10:28:00+05:30,51531.1,51539.75,51506.4,51515,
2024-10-07T10:29:00+05:30,51512.95,51522.6,51501.35,51505.95,
2024-10-07T10:30:00+05:30,51505.55,51531.15,51491.55,51531.15,
2024-10-07T10:31:00+05:30,51528.5,51560.05,51487.45,51490.4,
2024-10-07T10:32:00+05:30,51495.2,51540.3,51484.35,51530.3,
2024-10-07T10:33:00+05:30,51528.2,51539.15,51519.55,51531.9,
2024-10-07T10:34:00+05:30,51531.65,51537.25,51510.6,51535.3,
2024-10-07T10:35:00+05:30,51534.15,51547.65,51510.95,51510.95,
2024-10-07T10:36:00+05:30,51514.05,51520.75,51496.05,51513.35,
2024-10-07T10:37:00+05:30,51513.35,51522.2,51499.45,51508.75,
2024-10-07T10:38:00+05:30,51505.7,51509.65,51488.85,51499.5,
2024-10-07T10:39:00+05:30,51498.1,51513.35,51470.4,51478.1,
2024-10-07T10:40:00+05:30,51480.6,51496.65,51468.8,51478.95,
2024-10-07T10:41:00+05:30,51478.55,51511.25,51478.55,51506.2,
2024-10-07T10:42:00+05:30,51504.1,51525.55,51487.7,51504.7,
2024-10-07T10:43:00+05:30,51509.35,51509.35,51478.75,51488.5,
2024-10-07T10:44:00+05:30,51487.2,51495.05,51469.4,51471.85,
2024-10-07T10:45:00+05:30,51468.05,51482.75,51374.55,51374.55,
2024-10-07T10:46:00+05:30,51377,51377,51308,51349.6,
2024-10-07T10:47:00+05:30,51343.6,51363.7,51294.15,51302,
2024-10-07T10:48:00+05:30,51295.1,51312.3,51261.55,51279.2,
2024-10-07T10:49:00+05:30,51283.4,51286,51239.2,51239.2,
2024-10-07T10:50:00+05:30,51247.1,51316,51239,51296.7,
2024-10-07T10:51:00+05:30,51298.95,51317.3,51256.25,51260.3,
2024-10-07T10:52:00+05:30,51261.25,51275.85,51209.1,51244,
2024-10-07T10:53:00+05:30,51238.4,51274.8,51238.4,51264.7,
2024-10-07T10:54:00+05:30,51261.6,51299.95,51258.8,51292.4,
2024-10-07T10:55:00+05:30,51301.5,51301.5,51257.35,51270.9,
2024-10-07T10:56:00+05:30,51267.7,51268.75,51225.2,51233.6,
2024-10-07T10:57:00+05:30,51234.2,51235.55,51190.05,51211.15,
2024-10-07T10:58:00+05:30,51213.45,51259.05,51211,51241.05,
2024-10-07T10:59:00+05:30,51238.9,51252.75,51222.05,51223.9,
2024-10-07T11:00:00+05:30,51223.05,51230.7,51202.6,51214,
2024-10-07T11:01:00+05:30,51210.65,51227.5,51177.1,51180,
2024-10-07T11:02:00+05:30,51184,51193.05,51164,51167.55,
2024-10-07T11:03:00+05:30,51169.35,51185.15,51157.1,51167.5,
2024-10-07T11:04:00+05:30,51166.4,51167.3,51129.15,51165.2,
2024-10-07T11:05:00+05:30,51162.7,51165.8,51126.1,51130.45,
2024-10-07T11:06:00+05:30,51133.25,51164.35,51112.8,51164.35,
2024-10-07T11:07:00+05:30,51163.45,51193.95,51150.65,51187.8,
2024-10-07T11:08:00+05:30,51187.85,51198.3,51173.45,51184.65,
2024-10-07T11:09:00+05:30,51184.55,51211.85,51160.05,51163.15,
2024-10-07T11:10:00+05:30,51160.7,51161.75,51133.45,51155.2,
2024-10-07T11:11:00+05:30,51149.9,51206.75,51149.7,51196.25,
2024-10-07T11:12:00+05:30,51195.7,51206.25,51179.95,51185.25,
2024-10-07T11:13:00+05:30,51179.1,51213.45,51179.1,51200.3,
2024-10-07T11:14:00+05:30,51202.35,51216.35,51193.5,51198.6,
2024-10-07T11:15:00+05:30,51195.3,51224.9,51192.4,51222.55,
2024-10-07T11:16:00+05:30,51222.35,51286,51221.35,51279.5,
2024-10-07T11:17:00+05:30,51284,51285.3,51249.2,51274.5,
2024-10-07T11:18:00+05:30,51277.75,51277.75,51231.8,51248.25,
2024-10-07T11:19:00+05:30,51245.05,51276.75,51231.45,51234.85,
2024-10-07T11:20:00+05:30,51234.85,51254.65,51229.7,51253.15,
2024-10-07T11:21:00+05:30,51252.7,51266.45,51230.4,51257.1,
2024-10-07T11:22:00+05:30,51257.05,51269.3,51254.65,51268.65,
2024-10-07T11:23:00+05:30,51266.05,51445.45,51264.45,51445.45,
2024-10-07T11:24:00+05:30,51457.3,51568.75,51457.3,51504.4,
2024-10-07T11:25:00+05:30,51496.8,51557.45,51496.55,51514,
2024-10-07T11:26:00+05:30,51508.75,51556.3,51463.05,51468.75,
2024-10-07T11:27:00+05:30,51463.9,51465.4,51403.25,51407.15,
2024-10-07T11:28:00+05:30,51411.15,51448.05,51386.45,51391.25,
2024-10-07T11:29:00+05:30,51391.4,51407.9,51311.15,51336.65,
2024-10-07T11:30:00+05:30,51357.15,51371.05,51314.15,51327.55,
2024-10-07T11:31:00+05:30,51323.65,51358.15,51284.25,51295.85,
2024-10-07T11:32:00+05:30,51294.55,51334.95,51285.05,51334.95,
2024-10-07T11:33:00+05:30,51345.25,51345.25,51291.7,51298.05,
2024-10-07T11:34:00+05:30,51292.7,51342.45,51286.95,51339.7,
2024-10-07T11:35:00+05:30,51336.6,51341.8,51301.1,51302.25,
2024-10-07T11:36:00+05:30,51301.9,51332.7,51242.2,51249.4,
2024-10-07T11:37:00+05:30,51252.5,51263.6,51224.55,51235.75,
2024-10-07T11:38:00+05:30,51229.4,51262.5,51221.8,51221.8,
2024-10-07T11:39:00+05:30,51223.65,51246.7,51205.4,51231.55,
2024-10-07T11:40:00+05:30,51230,51249.2,51200.8,51239.45,
2024-10-07T11:41:00+05:30,51242.1,51259.55,51215.2,51220.1,
2024-10-07T11:42:00+05:30,51222.05,51263.95,51218.2,51225.6,
2024-10-07T11:43:00+05:30,51227.8,51243,51216.15,51216.15,
2024-10-07T11:44:00+05:30,51224.8,51227.8,51193.95,51208.1,
2024-10-07T11:45:00+05:30,51204.6,51231.4,51201.5,51229.8,
2024-10-07T11:46:00+05:30,51214.2,51240.6,51206.65,51234.95,
2024-10-07T11:47:00+05:30,51238.65,51240.55,51216.1,51223.65,
2024-10-07T11:48:00+05:30,51228.3,51228.3,51150.65,51165.4,
2024-10-07T11:49:00+05:30,51169.5,51188.7,51155.5,51166.35,
2024-10-07T11:50:00+05:30,51168.15,51190.4,51155.1,51183.55,
2024-10-07T11:51:00+05:30,51183.6,51205.15,51171.15,51178.9,
2024-10-07T11:52:00+05:30,51179.55,51179.55,51047.8,51047.8,
2024-10-07T11:53:00+05:30,51058.35,51067.5,51015.7,51041.55,
2024-10-07T11:54:00+05:30,51049.1,51063.15,51011.15,51011.15,
2024-10-07T11:55:00+05:30,51018.95,51065,51010.3,51045.05,
2024-10-07T11:56:00+05:30,51048.35,51088.3,51048.35,51073.4,
2024-10-07T11:57:00+05:30,51077.75,51078.85,51041.6,51068.3,
2024-10-07T11:58:00+05:30,51068.05,51068.9,51006.55,51031.2,
2024-10-07T11:59:00+05:30,51032.4,51058.85,51029.25,51053.75,
2024-10-07T12:00:00+05:30,51049.25,51105,51049.25,51072.55,
2024-10-07T12:01:00+05:30,51076.95,51081.6,51023.75,51056.65,
2024-10-07T12:02:00+05:30,51063.25,51082.1,51060.05,51081,
2024-10-07T12:03:00+05:30,51078.95,51094.5,51053.55,51060.7,
2024-10-07T12:04:00+05:30,51063.55,51067.7,51044.05,51044.05,
2024-10-07T12:05:00+05:30,51045.9,51054.25,51038.6,51052.15,
2024-10-07T12:06:00+05:30,51051.3,51088.05,51045.05,51080.3,
2024-10-07T12:07:00+05:30,51081.2,51107.95,51058.35,51107.35,
2024-10-07T12:08:00+05:30,51110.1,51124.7,51095.95,51109.6,
2024-10-07T12:09:00+05:30,51109.15,51109.15,51065.6,51072.85,
2024-10-07T12:10:00+05:30,51073.85,51092.35,51054.4,51080.55,
2024-10-07T12:11:00+05:30,51079.85,51097.9,51052.75,51054.65,
2024-10-07T12:12:00+05:30,51065,51065,51033.4,51047.3,
2024-10-07T12:13:00+05:30,51047.35,51108.2,51034,51107.95,
2024-10-07T12:14:00+05:30,51106.1,51126,51101.05,51117.9,
2024-10-07T12:15:00+05:30,51114.3,51170.7,51094.75,51170.65,
2024-10-07T12:16:00+05:30,51169.65,51179,51134.9,51134.9,
2024-10-07T12:17:00+05:30,51142.75,51145.9,51118.75,51142.15,
2024-10-07T12:18:00+05:30,51142.45,51153.7,51128.2,51145.4,
2024-10-07T12:19:00+05:30,51145.35,51154.65,51122.2,51151.45,
2024-10-07T12:20:00+05:30,51154.4,51185.7,51140.85,51175.25,
2024-10-07T12:21:00+05:30,51176.2,51216.5,51172.3,51206.75,
2024-10-07T12:22:00+05:30,51216.2,51221.65,51192.25,51211.4,
2024-10-07T12:23:00+05:30,51210.2,51249.65,51207.25,51209,
2024-10-07T12:24:00+05:30,51210.3,51217.55,51201.3,51215.35,
2024-10-07T12:25:00+05:30,51215.1,51234.5,51192.35,51197.2,
2024-10-07T12:26:00+05:30,51198.3,51204,51152.3,51200.4,
2024-10-07T12:27:00+05:30,51208.65,51255.95,51188.7,51234.2,
2024-10-07T12:28:00+05:30,51236.2,51253.15,51231.65,51251.4,
2024-10-07T12:29:00+05:30,51251.8,51251.8,51201.5,51216.4,
2024-10-07T12:30:00+05:30,51216.4,51217.85,51161.4,51173.95,
2024-10-07T12:31:00+05:30,51173.1,51173.1,51087.2,51122.75,
2024-10-07T12:32:00+05:30,51120.25,51148.85,51108.55,51147.2,
2024-10-07T12:33:00+05:30,51149.15,51159.3,51135.05,51155.15,
2024-10-07T12:34:00+05:30,51154.4,51156.1,51116.55,51135.75,
2024-10-07T12:35:00+05:30,51139.3,51152.05,51131.4,51147.05,
2024-10-07T12:36:00+05:30,51146.35,51146.35,51097.2,51127.85,
2024-10-07T12:37:00+05:30,51132.4,51148.95,51119.85,51141.75,
2024-10-07T12:38:00+05:30,51148.05,51152.85,51116.75,51152.85,
2024-10-07T12:39:00+05:30,51151,51153.05,51116.3,51121.85,
2024-10-07T12:40:00+05:30,51132.2,51144.9,51128.25,51142.9,
2024-10-07T12:41:00+05:30,51141.7,51142.15,51098.9,51104.5,
2024-10-07T12:42:00+05:30,51106.95,51113,51071.75,51073.1,
2024-10-07T12:43:00+05:30,51080.9,51102.1,51064.35,51099.95,
2024-10-07T12:44:00+05:30,51100.4,51105.95,51060.45,51065.1,
2024-10-07T12:45:00+05:30,51065.25,51069.4,51033.4,51044.7,
2024-10-07T12:46:00+05:30,51045.95,51056.75,51029.3,51035.65,
2024-10-07T12:47:00+05:30,51033.8,51059,51016.25,51018.3,
2024-10-07T12:48:00+05:30,51020.65,51040.8,51008.55,51009.65,
2024-10-07T12:49:00+05:30,51000.15,51000.15,50892.05,50897.15,
2024-10-07T12:50:00+05:30,50887.75,50927.2,50873.2,50873.2,
2024-10-07T12:51:00+05:30,50882.7,50898.3,50822.9,50835.5,
2024-10-07T12:52:00+05:30,50835.95,50895,50817.95,50859.15,
2024-10-07T12:53:00+05:30,50857.1,50899.15,50857.1,50898.1,
2024-10-07T12:54:00+05:30,50895.9,50897.75,50832.85,50851.6,
2024-10-07T12:55:00+05:30,50849.65,50862.1,50822,50838.65,
2024-10-07T12:56:00+05:30,50841,50882.15,50831.25,50832.1,
2024-10-07T12:57:00+05:30,50837.95,50891.75,50837.95,50868.4,
2024-10-07T12:58:00+05:30,50867.65,50884.7,50854.35,50884.6,
2024-10-07T12:59:00+05:30,50884.95,50889.05,50858.55,50869.95,
2024-10-07T13:00:00+05:30,50867.95,50889.5,50853.35,50857.9,
2024-10-07T13:01:00+05:30,50857.85,50861.2,50814.55,50826,
2024-10-07T13:02:00+05:30,50824.8,50828.25,50806.05,50809.8,
2024-10-07T13:03:00+05:30,50810.3,50816.65,50765.15,50774.55,
2024-10-07T13:04:00+05:30,50769.75,50801.45,50761.15,50776.75,
2024-10-07T13:05:00+05:30,50771.5,50800.5,50759.2,50797.25,
2024-10-07T13:06:00+05:30,50791.05,50828.5,50780.7,50813.75,
2024-10-07T13:07:00+05:30,50811.5,50816.6,50787.15,50789.25,
2024-10-07T13:08:00+05:30,50787.7,50800,50772.2,50774.3,
2024-10-07T13:09:00+05:30,50773.7,50774.9,50716.1,50716.1,
2024-10-07T13:10:00+05:30,50725.05,50737.6,50689.9,50737.6,
2024-10-07T13:11:00+05:30,50737.15,50766.45,50715.15,50764.75,
2024-10-07T13:12:00+05:30,50763.05,50775.95,50730.65,50764.4,
2024-10-07T13:13:00+05:30,50763.85,50778.8,50727.9,50775.3,
2024-10-07T13:14:00+05:30,50766.15,50780.55,50730.35,50757.75,
2024-10-07T13:15:00+05:30,50766.05,50782.05,50748.35,50774.75,
2024-10-07T13:16:00+05:30,50772.5,50829.1,50766.5,50823.65,
2024-10-07T13:17:00+05:30,50794.95,50808.4,50764.65,50791.05,
2024-10-07T13:18:00+05:30,50783.4,50786.05,50758.65,50770,
2024-10-07T13:19:00+05:30,50771.1,50771.1,50727.5,50735.35,
2024-10-07T13:20:00+05:30,50732.35,50743.8,50716.35,50732.3,
2024-10-07T13:21:00+05:30,50734.2,50765.15,50732.05,50759.7,
2024-10-07T13:22:00+05:30,50756.8,50779.6,50748.1,50758.6,
2024-10-07T13:23:00+05:30,50758.1,50761.35,50713.6,50731,
2024-10-07T13:24:00+05:30,50728.5,50762.3,50717.75,50751.1,
2024-10-07T13:25:00+05:30,50750.3,50751.75,50723.7,50740.6,
2024-10-07T13:26:00+05:30,50742,50754.7,50726.5,50751.95,
2024-10-07T13:27:00+05:30,50748.35,50748.75,50643.8,50662.15,
2024-10-07T13:28:00+05:30,50658.9,50714.85,50650.35,50703.4,
2024-10-07T13:29:00+05:30,50705.45,50706.7,50675.1,50697.9,
2024-10-07T13:30:00+05:30,50698.5,50720.6,50676.7,50688.65,
2024-10-07T13:31:00+05:30,50688.45,50694.7,50672.4,50681.85,
2024-10-07T13:32:00+05:30,50681.2,50681.85,50655.05,50662.35,
2024-10-07T13:33:00+05:30,50667.05,50667.7,50607.25,50608.15,
2024-10-07T13:34:00+05:30,50614,50636.6,50563.35,50575.3,
2024-10-07T13:35:00+05:30,50575.55,50590.2,50529.2,50539.55,
2024-10-07T13:36:00+05:30,50539.2,50570.95,50524.55,50527.85,
2024-10-07T13:37:00+05:30,50525.8,50532.9,50481.35,50513.8,
2024-10-07T13:38:00+05:30,50500.7,50509,50443,50449.55,
2024-10-07T13:39:00+05:30,50448.15,50477.3,50416.75,50437.85,
2024-10-07T13:40:00+05:30,50433.1,50440,50365.3,50388.45,
2024-10-07T13:41:00+05:30,50370.25,50391.25,50293.2,50299.7,
2024-10-07T13:42:00+05:30,50306.85,50326.5,50194.3,50263,
2024-10-07T13:43:00+05:30,50263.95,50434.15,50263.95,50409.85,
2024-10-07T13:44:00+05:30,50406,50412.2,50344.7,50380,
2024-10-07T13:45:00+05:30,50375.65,50449.5,50360.35,50444.2,
2024-10-07T13:46:00+05:30,50451.95,50551.05,50435.45,50533.7,
2024-10-07T13:47:00+05:30,50527.2,50527.2,50417.8,50429.95,
2024-10-07T13:48:00+05:30,50430.1,50447.95,50388.85,50392.05,
2024-10-07T13:49:00+05:30,50397.3,50419.55,50361.1,50375.85,
2024-10-07T13:50:00+05:30,50377.85,50447.65,50358.9,50443.8,
2024-10-07T13:51:00+05:30,50439.35,50469.05,50406.65,50424.05,
2024-10-07T13:52:00+05:30,50426.4,50464.15,50421.6,50452.7,
2024-10-07T13:53:00+05:30,50457.15,50467.85,50416.4,50453.7,
2024-10-07T13:54:00+05:30,50459.05,50503.15,50444.5,50495.35,
2024-10-07T13:55:00+05:30,50500.4,50646.35,50489.3,50620.85,
2024-10-07T13:56:00+05:30,50636.55,50654.35,50546.45,50601.1,
2024-10-07T13:57:00+05:30,50608.6,50782.7,50608.6,50688.35,
2024-10-07T13:58:00+05:30,50700.65,50704.55,50568.95,50639,
2024-10-07T13:59:00+05:30,50652,50670.55,50616.55,50638.8,
2024-10-07T14:00:00+05:30,50642.85,50715.85,50625.45,50698,
2024-10-07T14:01:00+05:30,50693.3,50734.7,50669.15,50684.8,
2024-10-07T14:02:00+05:30,50688.05,50690.45,50601.05,50606.75,
2024-10-07T14:03:00+05:30,50611.05,50641,50572.7,50591.25,
2024-10-07T14:04:00+05:30,50611.65,50637.65,50572.55,50636.05,
2024-10-07T14:05:00+05:30,50632.4,50692.45,50632.4,50673.6,
2024-10-07T14:06:00+05:30,50678.85,50711.15,50654.15,50687.2,
2024-10-07T14:07:00+05:30,50686.8,50690.75,50625.05,50689.8,
2024-10-07T14:08:00+05:30,50690.3,50785.5,50679.8,50772.05,
2024-10-07T14:09:00+05:30,50779.15,50787.05,50739.6,50761.55,
2024-10-07T14:10:00+05:30,50761.85,50869.55,50743,50844.55,
2024-10-07T14:11:00+05:30,50839.95,50850.7,50776.95,50781.8,
2024-10-07T14:12:00+05:30,50788.65,50788.65,50707,50715.8,
2024-10-07T14:13:00+05:30,50719.45,50729.55,50636.15,50648.15,
2024-10-07T14:14:00+05:30,50645.15,50661.05,50578.85,50578.85,
2024-10-07T14:15:00+05:30,50573.15,50590.75,50522.95,50553.65,
2024-10-07T14:16:00+05:30,50568,50601.05,50533.85,50535.3,
2024-10-07T14:17:00+05:30,50532.3,50566.35,50484.85,50506.6,
2024-10-07T14:18:00+05:30,50508.45,50520.65,50448.1,50507.3,
2024-10-07T14:19:00+05:30,50509.65,50526.85,50476.25,50492.2,
2024-10-07T14:20:00+05:30,50492.65,50504.9,50472.95,50482.5,
2024-10-07T14:21:00+05:30,50482.95,50552.05,50476.2,50525.3,
2024-10-07T14:22:00+05:30,50526.7,50526.7,50479.55,50509.2,
2024-10-07T14:23:00+05:30,50512.2,50513.2,50470.85,50471.75,
2024-10-07T14:24:00+05:30,50465.65,50470.55,50443.4,50452.5,
2024-10-07T14:25:00+05:30,50448.6,50509.5,50440.75,50497.55,
2024-10-07T14:26:00+05:30,50491.75,50515.8,50459.7,50459.95,
2024-10-07T14:27:00+05:30,50460,50501.7,50457.8,50482.2,
2024-10-07T14:28:00+05:30,50485.85,50500.25,50469.7,50487.15,
2024-10-07T14:29:00+05:30,50482.1,50492.2,50383.15,50389.2,
2024-10-07T14:30:00+05:30,50389.6,50439.85,50389.6,50413.2,
2024-10-07T14:31:00+05:30,50415.7,50477.55,50402.15,50477.55,
2024-10-07T14:32:00+05:30,50479.05,50610.9,50477.05,50570.5,
2024-10-07T14:33:00+05:30,50582,50716.95,50580.2,50642.2,
2024-10-07T14:34:00+05:30,50645.45,50691.95,50637,50640.45,
2024-10-07T14:35:00+05:30,50646.05,50735.35,50645.65,50702.85,
2024-10-07T14:36:00+05:30,50701.7,50710.35,50592,50609.35,
2024-10-07T14:37:00+05:30,50603.1,50643.35,50583.15,50583.35,
2024-10-07T14:38:00+05:30,50594.4,50605.8,50527.3,50557.2,
2024-10-07T14:39:00+05:30,50559.25,50569.25,50518.55,50566.8,
2024-10-07T14:40:00+05:30,50564.2,50566.95,50515.6,50532.35,
2024-10-07T14:41:00+05:30,50532.7,50628.7,50530.25,50628.7,
2024-10-07T14:42:00+05:30,50621.6,50641.4,50600.85,50634.3,
2024-10-07T14:43:00+05:30,50626.85,50754.4,50599.1,50727.2,
2024-10-07T14:44:00+05:30,50731.05,50848.4,50731.05,50845.95,
2024-10-07T14:45:00+05:30,50839.75,50951.6,50756.1,50935.4,
2024-10-07T14:46:00+05:30,50931.8,51119.3,50908.6,51095.7,
2024-10-07T14:47:00+05:30,51065.1,51259.7,51013.2,51253.9,
2024-10-07T14:48:00+05:30,51253.55,51260,51134.95,51215.5,
2024-10-07T14:49:00+05:30,51214.25,51236.3,51166.85,51236.3,
2024-10-07T14:50:00+05:30,51235.8,51495.45,51228.8,51495.45,
2024-10-07T14:51:00+05:30,51487.45,51491.95,51371.95,51393.8,
2024-10-07T14:52:00+05:30,51402.6,51402.6,51221.1,51232.6,
2024-10-07T14:53:00+05:30,51231.7,51370.35,51229.75,51327.35,
2024-10-07T14:54:00+05:30,51332.65,51336.9,51207.55,51230.3,
2024-10-07T14:55:00+05:30,51227.7,51242.15,51101.7,51103.05,
2024-10-07T14:56:00+05:30,51098.2,51098.2,50849.25,50854.55,
2024-10-07T14:57:00+05:30,50838.9,50963.95,50779.1,50819.45,
2024-10-07T14:58:00+05:30,50817.45,50877.2,50753.75,50762.7,
2024-10-07T14:59:00+05:30,50751.8,50826.6,50635.2,50660.35,
2024-10-07T15:00:00+05:30,50648.3,50761.5,50572.5,50633.95,
2024-10-07T15:01:00+05:30,50644.85,50652.1,50591.6,50627.65,
2024-10-07T15:02:00+05:30,50619.95,50703.15,50597.5,50607.6,
2024-10-07T15:03:00+05:30,50601.8,50622.8,50522.5,50522.5,
2024-10-07T15:04:00+05:30,50523.1,50581.6,50423.5,50470.55,
2024-10-07T15:05:00+05:30,50465.75,50484.25,50377.35,50423.95,
2024-10-07T15:06:00+05:30,50422,50455.7,50348,50352.5,
2024-10-07T15:07:00+05:30,50352.5,50473.4,50352.5,50393.2,
2024-10-07T15:08:00+05:30,50397.45,50446.75,50378.4,50446.75,
2024-10-07T15:09:00+05:30,50448.9,50457.6,50375.95,50406.95,
2024-10-07T15:10:00+05:30,50413.4,50419.3,50364.85,50386.8,
2024-10-07T15:11:00+05:30,50386.05,50397.55,50327.25,50344.5,
2024-10-07T15:12:00+05:30,50354.3,50432.65,50323.4,50431,
2024-10-07T15:13:00+05:30,50428.65,50434.3,50397.35,50418.95,
2024-10-07T15:14:00+05:30,50421.1,50458.55,50388,50401.5,
2024-10-07T15:15:00+05:30,50407.9,50506,50387.75,50467.2,
2024-10-07T15:16:00+05:30,50470.85,50491.7,50458.3,50463.9,
2024-10-07T15:17:00+05:30,50465.7,50480.3,50430.9,50455.45,
2024-10-07T15:18:00+05:30,50458.25,50499.5,50458.25,50490.75,
2024-10-07T15:19:00+05:30,50495.1,50592.3,50492.7,50569.45,
2024-10-07T15:20:00+05:30,50570.9,50584.2,50533.05,50561.85,
2024-10-07T15:21:00+05:30,50559.25,50621.55,50559.25,50613.2,
2024-10-07T15:22:00+05:30,50613.05,50618.1,50571.55,50583.4,
2024-10-07T15:23:00+05:30,50590.05,50595.65,50544.5,50545.05,
2024-10-07T15:24:00+05:30,50545.6,50588.05,50540.55,50581.85,
2024-10-07T15:25:00+05:30,50586.85,50611.5,50575.6,50596.5,
2024-10-07T15:26:00+05:30,50598.4,50624.4,50593.15,50615.45,
2024-10-07T15:27:00+05:30,50615.75,50671.45,50615.75,50665.15,
2024-10-07T15:28:00+05:30,50668.3,50668.8,50641.1,50668.3,
2024-10-07T15:29:00+05:30,50664.8,50664.8,50614.25,50617.8,
2024-10-08T09:15:00+05:30,50736.1,50847.85,50466,50506,
2024-10-08T09:16:00+05:30,50506.85,50626.15,50501.55,50593.2,
2024-10-08T09:17:00+05:30,50587.8,50722.2,50569.4,50639.9,
2024-10-08T09:18:00+05:30,50647.65,50647.65,50547.65,50563.25,
2024-10-08T09:19:00+05:30,50565.05,50626.4,50558.3,50608.3,
2024-10-08T09:20:00+05:30,50628.5,50702.5,50628.4,50663.75,
2024-10-08T09:21:00+05:30,50662.65,50736.1,50660.8,50713.25,
2024-10-08T09:22:00+05:30,50715.5,50715.5,50623.45,50675.5,
2024-10-08T09:23:00+05:30,50675.15,50687.25,50610.65,50622.65,
2024-10-08T09:24:00+05:30,50628.4,50685.35,50593,50681.45,
2024-10-08T09:25:00+05:30,50681.4,50681.95,50612.45,50616.5,
2024-10-08T09:26:00+05:30,50608.75,50662.2,50602.25,50635.75,
2024-10-08T09:27:00+05:30,50631.2,50717.2,50619.35,50713.85,
2024-10-08T09:28:00+05:30,50713.6,50774.05,50710,50751,
2024-10-08T09:29:00+05:30,50749.4,50802.8,50739.8,50779.85,
2024-10-08T09:30:00+05:30,50779.75,50815.7,50760.55,50771.2,
2024-10-08T09:31:00+05:30,50768.75,50784.15,50737.3,50771.75,
2024-10-08T09:32:00+05:30,50770.35,50777.2,50717.55,50720.85,
2024-10-08T09:33:00+05:30,50724.85,50736.05,50690.25,50734.35,
2024-10-08T09:34:00+05:30,50738.55,50793.95,50738.55,50755.2,
2024-10-08T09:35:00+05:30,50751.15,50753.4,50708.6,50738,
2024-10-08T09:36:00+05:30,50749.15,50819.5,50727.25,50795.85,
2024-10-08T09:37:00+05:30,50797.2,50797.95,50717.95,50721.05,
2024-10-08T09:38:00+05:30,50727.3,50748.7,50703,50743.1,
2024-10-08T09:39:00+05:30,50743.85,50795.55,50740.7,50764.4,
2024-10-08T09:40:00+05:30,50766.55,50813.35,50753.65,50779.9,
2024-10-08T09:41:00+05:30,50780.9,50793.35,50751.05,50778.3,
2024-10-08T09:42:00+05:30,50780.3,50807.2,50771.9,50797.3,
2024-10-08T09:43:00+05:30,50798.6,50856.9,50795.25,50845.2,
2024-10-08T09:44:00+05:30,50847.8,50899.5,50826.25,50858,
2024-10-08T09:45:00+05:30,50865.4,50921.55,50862.65,50921.55,
2024-10-08T09:46:00+05:30,50913.1,50971.2,50913.1,50957.05,
2024-10-08T09:47:00+05:30,50943.45,50964.6,50917.35,50964.3,
2024-10-08T09:48:00+05:30,50960.6,50989.35,50937.4,50966.35,
2024-10-08T09:49:00+05:30,50963.45,51025.05,50958.05,51011.55,
2024-10-08T09:50:00+05:30,51021.65,51023,50996.9,51012.9,
2024-10-08T09:51:00+05:30,51014.95,51022.5,50944.7,50962.05,
2024-10-08T09:52:00+05:30,50963.15,50989,50948.6,50959.55,
2024-10-08T09:53:00+05:30,50965.45,50987.25,50919.75,50926,
2024-10-08T09:54:00+05:30,50922.8,50946.4,50916.55,50936.05,
2024-10-08T09:55:00+05:30,50938.7,50969.25,50926.6,50959.35,
2024-10-08T09:56:00+05:30,50953.25,50953.55,50914.55,50928.95,
2024-10-08T09:57:00+05:30,50926,50971.8,50916.9,50966.1,
2024-10-08T09:58:00+05:30,50966.3,50982.75,50928.35,50928.35,
2024-10-08T09:59:00+05:30,50926.95,50932.25,50829.25,50841.2,
2024-10-08T10:00:00+05:30,50841.45,50871.35,50799.45,50857.95,
2024-10-08T10:01:00+05:30,50857.85,50857.85,50732.45,50756.35,
2024-10-08T10:02:00+05:30,50749.2,50823.75,50742.5,50816.5,
2024-10-08T10:03:00+05:30,50816.2,50831.1,50764.15,50831.1,
2024-10-08T10:04:00+05:30,50852.95,50874.05,50837.5,50873,
2024-10-08T10:05:00+05:30,50871.9,50872.85,50819.8,50835.5,
2024-10-08T10:06:00+05:30,50838.8,50851.25,50812.55,50819.5,
2024-10-08T10:07:00+05:30,50823.95,50863.15,50819.2,50836.7,
2024-10-08T10:08:00+05:30,50834.45,50847.6,50806.25,50847.6,
2024-10-08T10:09:00+05:30,50844.05,50872.6,50836.3,50838.2,
2024-10-08T10:10:00+05:30,50836.75,50836.95,50786.85,50791.55,
2024-10-08T10:11:00+05:30,50794.5,50841.25,50792.9,50823.5,
2024-10-08T10:12:00+05:30,50824.7,50848.2,50819.8,50831.85,
2024-10-08T10:13:00+05:30,50836.3,50875.9,50820.4,50837.1,
2024-10-08T10:14:00+05:30,50832.9,50832.9,50801.75,50826.35,
2024-10-08T10:15:00+05:30,50826.2,50828.7,50796.3,50806.05,
2024-10-08T10:16:00+05:30,50804.65,50822.65,50781.75,50811.8,
2024-10-08T10:17:00+05:30,50811.05,50835.55,50795.45,50803.3,
2024-10-08T10:18:00+05:30,50802.85,50828.35,50802.85,50807.65,
2024-10-08T10:19:00+05:30,50806.45,50813.85,50785.75,50786.75,
2024-10-08T10:20:00+05:30,50786.75,50806.95,50780.25,50802.55,
2024-10-08T10:21:00+05:30,50796.55,50852.95,50779.25,50839.2,
2024-10-08T10:22:00+05:30,50836.65,50840,50807.15,50812.75,
2024-10-08T10:23:00+05:30,50809.1,50820.25,50787,50808.6,
2024-10-08T10:24:00+05:30,50807.4,50831.2,50806.35,50819.4,
2024-10-08T10:25:00+05:30,50819.95,50871.65,50818.75,50868.65,
2024-10-08T10:26:00+05:30,50873.4,50975.4,50871.15,50942.15,
2024-10-08T10:27:00+05:30,50943.2,50953.55,50922.9,50948.8,
2024-10-08T10:28:00+05:30,50949,50957.35,50914.35,50914.35,
2024-10-08T10:29:00+05:30,50915.6,50937.75,50905.3,50930.25,
2024-10-08T10:30:00+05:30,50933.85,50957.55,50927.35,50951.25,
2024-10-08T10:31:00+05:30,50951.25,50985,50945.3,50949.85,
2024-10-08T10:32:00+05:30,50950.35,50983.5,50948.6,50973,
2024-10-08T10:33:00+05:30,50968.7,51008.1,50953.4,51008,
2024-10-08T10:34:00+05:30,51011.95,51022.45,50987.2,51009.05,
2024-10-08T10:35:00+05:30,51007.8,51038.7,50988.65,51038.7,
2024-10-08T10:36:00+05:30,51030.1,51048.5,51007.75,51021.4,
2024-10-08T10:37:00+05:30,51023.65,51044.9,51018.35,51033.15,
2024-10-08T10:38:00+05:30,51032.5,51039.65,51019.65,51038.15,
2024-10-08T10:39:00+05:30,51040.3,51052.05,51023.75,51050.7,
2024-10-08T10:40:00+05:30,51049.65,51072.2,51009.05,51023.65,
2024-10-08T10:41:00+05:30,51021.15,51045.25,51014.65,51019.5,
2024-10-08T10:42:00+05:30,51020.25,51035.4,51010.95,51030.55,
2024-10-08T10:43:00+05:30,51029.7,51079.85,51025,51079.85,
2024-10-08T10:44:00+05:30,51078.7,51082.1,51008.55,51018.5,
2024-10-08T10:45:00+05:30,51014.75,51033.75,50968.7,50984.75,
2024-10-08T10:46:00+05:30,50980.65,51017.5,50973.5,51014.45,
2024-10-08T10:47:00+05:30,51008.65,51024.85,50997.05,51018.55,
2024-10-08T10:48:00+05:30,51019.1,51028.25,51002.5,51017.2,
2024-10-08T10:49:00+05:30,51016.35,51026.9,51004.1,51026.9,
2024-10-08T10:50:00+05:30,51027.45,51044.75,51016,51016.55,
2024-10-08T10:51:00+05:30,51019,51044.85,51017.9,51043.1,
2024-10-08T10:52:00+05:30,51038.3,51063.3,51038.3,51061.15,
2024-10-08T10:53:00+05:30,51056.85,51064.95,51035.15,51048.05,
2024-10-08T10:54:00+05:30,51044.95,51044.95,51001.5,51009.7,
2024-10-08T10:55:00+05:30,51006.5,51016.6,50987.85,50994.45,
2024-10-08T10:56:00+05:30,50993.95,51021.85,50971.7,51016.75,
2024-10-08T10:57:00+05:30,51020.85,51024.85,50991.25,50994.2,
2024-10-08T10:58:00+05:30,50988.7,51015.25,50984.75,51015.25,
2024-10-08T10:59:00+05:30,51015.45,51021.9,50981.6,50984.85,
2024-10-08T11:00:00+05:30,50987.15,51016.7,50983.65,50994.75,
2024-10-08T11:01:00+05:30,50994.3,51012.55,50987.15,51003.7,
2024-10-08T11:02:00+05:30,51001.2,51017.25,50999.8,51012.4,
2024-10-08T11:03:00+05:30,51008.7,51021.25,51000.9,51011.15,
2024-10-08T11:04:00+05:30,51013.55,51038.15,51007.65,51029.5,
2024-10-08T11:05:00+05:30,51023.9,51040.45,51021.55,51032.45,
2024-10-08T11:06:00+05:30,51038.75,51067.5,51036.9,51057.1,
2024-10-08T11:07:00+05:30,51055,51060.4,51038.7,51059.15,
2024-10-08T11:08:00+05:30,51057.3,51087.55,51052.55,51071.1,
2024-10-08T11:09:00+05:30,51070.35,51084.3,51062.2,51068.1,
2024-10-08T11:10:00+05:30,51066.45,51090.05,51056.2,51061.1,
2024-10-08T11:11:00+05:30,51052.35,51058.6,51029.9,51038.9,
2024-10-08T11:12:00+05:30,51035.85,51052.95,51025.25,51040.55,
2024-10-08T11:13:00+05:30,51036.95,51042.65,50986.05,51011.1,
2024-10-08T11:14:00+05:30,51007.9,51026.45,50996.3,51018.35,
2024-10-08T11:15:00+05:30,51018.55,51029.75,51009.7,51014.9,
2024-10-08T11:16:00+05:30,51014.85,51023.25,50973.4,50986.65,
2024-10-08T11:17:00+05:30,50985.55,50995.3,50955.1,50995.3,
2024-10-08T11:18:00+05:30,50995.45,51004.95,50979.55,50990.55,
2024-10-08T11:19:00+05:30,50986.6,50992.4,50968.55,50991.4,
2024-10-08T11:20:00+05:30,50991.2,51017.1,50983.8,50991.05,
2024-10-08T11:21:00+05:30,50987.3,51001.55,50976.35,50998.5,
2024-10-08T11:22:00+05:30,50996.65,51005.3,50985.7,50996.6,
2024-10-08T11:23:00+05:30,50996.1,51023.85,50994.15,51023.85,
2024-10-08T11:24:00+05:30,51020.5,51054,51020.2,51047.55,
2024-10-08T11:25:00+05:30,51044.45,51051.65,51030.3,51042.7,
2024-10-08T11:26:00+05:30,51041.95,51084.1,51038.5,51076.15,
2024-10-08T11:27:00+05:30,51072.45,51079.8,51057,51071.1,
2024-10-08T11:28:00+05:30,51068.65,51068.65,51034.5,51052.35,
2024-10-08T11:29:00+05:30,51053.1,51060.45,51037.45,51041.6,
2024-10-08T11:30:00+05:30,51038.5,51040.9,51010.9,51031.45,
2024-10-08T11:31:00+05:30,51031.3,51037.65,51023.4,51031.7,
2024-10-08T11:32:00+05:30,51030.75,51030.75,51009.95,51010.15,
2024-10-08T11:33:00+05:30,51011.9,51018.65,51001.8,51008.7,
2024-10-08T11:34:00+05:30,51010.2,51028.05,51002.9,51025.2,
2024-10-08T11:35:00+05:30,51023.1,51034.25,51005.05,51016.05,
2024-10-08T11:36:00+05:30,51013.35,51018.55,51000.95,51009.1,
2024-10-08T11:37:00+05:30,51007.5,51037.5,51006.05,51033.6,
2024-10-08T11:38:00+05:30,51031.6,51046.25,51028.95,51037.8,
2024-10-08T11:39:00+05:30,51033.3,51038.45,50996.5,51019.8,
2024-10-08T11:40:00+05:30,51020.3,51046.4,51010.55,51045.15,
2024-10-08T11:41:00+05:30,51044.85,51048.1,51026.9,51047.6,
2024-10-08T11:42:00+05:30,51043.15,51060.45,51035.15,51044.5,
2024-10-08T11:43:00+05:30,51044.5,51056,51035.75,51042.6,
2024-10-08T11:44:00+05:30,51043.3,51053.9,51031.65,51038.8,
2024-10-08T11:45:00+05:30,51041.65,51069.7,51037.1,51065.15,
2024-10-08T11:46:00+05:30,51066.3,51098.2,51062.55,51097.35,
2024-10-08T11:47:00+05:30,51097.1,51104.15,51074.2,51082.7,
2024-10-08T11:48:00+05:30,51083.05,51085.3,51063.7,51073.4,
2024-10-08T11:49:00+05:30,51071.2,51071.2,51055.45,51062.5,
2024-10-08T11:50:00+05:30,51063.2,51083.85,51057.45,51079.4,
2024-10-08T11:51:00+05:30,51078.35,51084.35,51054.95,51061.9,
2024-10-08T11:52:00+05:30,51062.75,51065.7,51032.9,51040.25,
2024-10-08T11:53:00+05:30,51037.65,51052.25,51033.75,51042.3,
2024-10-08T11:54:00+05:30,51045.8,51055.75,51040.25,51050.15,
2024-10-08T11:55:00+05:30,51049.05,51063.85,51043.45,51051.05,
2024-10-08T11:56:00+05:30,51050,51050.95,51030.65,51046.25,
2024-10-08T11:57:00+05:30,51046.95,51046.95,50951.5,50971.25,
2024-10-08T11:58:00+05:30,50970.85,51001.85,50967.45,50992.45,
2024-10-08T11:59:00+05:30,50993.25,51032.65,50992.6,51032.65,
2024-10-08T12:00:00+05:30,51029.45,51034.55,50984.15,50996.65,
2024-10-08T12:01:00+05:30,50993.7,51009.55,50992.6,51005.85,
2024-10-08T12:02:00+05:30,51006.1,51006.3,50980.7,50983.55,
2024-10-08T12:03:00+05:30,50985.45,50992.45,50952.75,50975.3,
2024-10-08T12:04:00+05:30,50973.25,50992.6,50973.25,50988.5,
2024-10-08T12:05:00+05:30,50985.2,50986.2,50945.25,50952.65,
2024-10-08T12:06:00+05:30,50949.65,50981.95,50941.5,50981.4,
2024-10-08T12:07:00+05:30,50979,50979.6,50958.8,50967,
2024-10-08T12:08:00+05:30,50967.9,50979.5,50949.75,50949.75,
2024-10-08T12:09:00+05:30,50949.6,50972.7,50949.6,50963.65,
2024-10-08T12:10:00+05:30,50962.05,50980.35,50953.2,50969.55,
2024-10-08T12:11:00+05:30,50972.9,50973.45,50956.2,50968.75,
2024-10-08T12:12:00+05:30,50968.75,51000.35,50967.7,50993.4,
2024-10-08T12:13:00+05:30,50993.1,51018.95,50988.8,51008.75,
2024-10-08T12:14:00+05:30,51012.5,51018.75,51005.05,51012.5,
2024-10-08T12:15:00+05:30,51005.85,51028.75,51003.3,51028.1,
2024-10-08T12:16:00+05:30,51024.45,51044.25,51022.25,51029.95,
2024-10-08T12:17:00+05:30,51023.6,51032.85,51001.65,51001.65,
2024-10-08T12:18:00+05:30,50997.8,51006.6,50977.55,50983.45,
2024-10-08T12:19:00+05:30,50982.45,50998.4,50971.85,50979.75,
2024-10-08T12:20:00+05:30,50971.4,50981.3,50952.25,50960.3,
2024-10-08T12:21:00+05:30,50960.65,50976.2,50956.65,50968.65,
2024-10-08T12:22:00+05:30,50968.3,50988.5,50965.9,50986.95,
2024-10-08T12:23:00+05:30,50981.85,51001.1,50980.2,50987,
2024-10-08T12:24:00+05:30,50991.2,51006.95,50987.15,50998.75,
2024-10-08T12:25:00+05:30,50999.75,51011.85,50992.25,51010.8,
2024-10-08T12:26:00+05:30,51004.05,51011.1,50991.6,51003.6,
2024-10-08T12:27:00+05:30,51002.25,51006.05,50984.75,50998.5,
2024-10-08T12:28:00+05:30,50992.9,50998.65,50975.95,50988,
2024-10-08T12:29:00+05:30,50985.2,50995.45,50970.6,50983.1,
2024-10-08T12:30:00+05:30,50984.5,50988.75,50949.25,50964.8,
2024-10-08T12:31:00+05:30,50954.9,50964.15,50924.15,50931.45,
2024-10-08T12:32:00+05:30,50925.9,50934.25,50909.2,50921,
2024-10-08T12:33:00+05:30,50917.3,50951.75,50912.45,50949.8,
2024-10-08T12:34:00+05:30,50947.8,50957.95,50943.4,50952.75,
2024-10-08T12:35:00+05:30,50954.45,50975.4,50949.55,50968.85,
2024-10-08T12:36:00+05:30,50965.6,50978.85,50965.55,50971.85,
2024-10-08T12:37:00+05:30,50967.55,50976.25,50955.45,50960.25,
2024-10-08T12:38:00+05:30,50959.2,50985.75,50955.4,50982.15,
2024-10-08T12:39:00+05:30,50980.75,51011.85,50980.75,51010.8,
2024-10-08T12:40:00+05:30,51004.9,51014.95,50990.55,51002.15,
2024-10-08T12:41:00+05:30,51000.7,51006.4,50984.65,50994.1,
2024-10-08T12:42:00+05:30,50988.45,50997.95,50969.7,50975.05,
2024-10-08T12:43:00+05:30,50974.5,50985.1,50968.6,50974.55,
2024-10-08T12:44:00+05:30,50973.65,50973.65,50959,50964.35,
2024-10-08T12:45:00+05:30,50962.55,50983.25,50955.65,50981.2,
2024-10-08T12:46:00+05:30,50979.3,50989.4,50965.85,50965.85,
2024-10-08T12:47:00+05:30,50965.9,50972.5,50924.85,50938.8,
2024-10-08T12:48:00+05:30,50937.7,50967.95,50937.6,50964.75,
2024-10-08T12:49:00+05:30,50959.9,50972.7,50951.05,50965.05,
2024-10-08T12:50:00+05:30,50962.75,50983.45,50950.4,50978.85,
2024-10-08T12:51:00+05:30,50976.9,50990.1,50971.65,50979.85,
2024-10-08T12:52:00+05:30,50975.8,50984.85,50966.95,50980.85,
2024-10-08T12:53:00+05:30,50983.9,50993.65,50978.15,50986.8,
2024-10-08T12:54:00+05:30,50986.25,50990.15,50971.15,50982.3,
2024-10-08T12:55:00+05:30,50978.9,50986.55,50951.55,50959.85,
2024-10-08T12:56:00+05:30,50956.75,50965.25,50941.55,50949.7,
2024-10-08T12:57:00+05:30,50949.95,50956.25,50923.75,50940.9,
2024-10-08T12:58:00+05:30,50938.2,50957.35,50937.5,50957.35,
2024-10-08T12:59:00+05:30,50956.2,50977.45,50947.95,50971.65,
2024-10-08T13:00:00+05:30,50970,50981.9,50962.7,50967.85,
2024-10-08T13:01:00+05:30,50966.7,50993.7,50954.9,50993.7,
2024-10-08T13:02:00+05:30,50989.4,51014.05,50989.4,51004.05,
2024-10-08T13:03:00+05:30,50998.4,51040.15,50998.4,51040.15,
2024-10-08T13:04:00+05:30,51039.8,51051.7,51030.6,51050.85,
2024-10-08T13:05:00+05:30,51049.85,51074.5,51047.1,51051.35,
2024-10-08T13:06:00+05:30,51056.75,51065,51042.3,51053.1,
2024-10-08T13:07:00+05:30,51052.5,51072.2,51048.75,51066.75,
2024-10-08T13:08:00+05:30,51064.8,51088.65,51056.55,51078.65,
2024-10-08T13:09:00+05:30,51079.4,51127.25,51063.95,51116.05,
2024-10-08T13:10:00+05:30,51110.7,51146.4,51106.35,51109.6,
2024-10-08T13:11:00+05:30,51110.4,51116.65,51088.75,51097.6,
2024-10-08T13:12:00+05:30,51097.35,51117.95,51086.2,51117.95,
2024-10-08T13:13:00+05:30,51115,51126.4,51099.7,51114.2,
2024-10-08T13:14:00+05:30,51108.9,51113.95,51081.65,51094.85,
2024-10-08T13:15:00+05:30,51093.45,51100.4,51069.65,51071.55,
2024-10-08T13:16:00+05:30,51069.45,51078.6,51050.85,51068.05,
2024-10-08T13:17:00+05:30,51063,51078,51055.1,51073.65,
2024-10-08T13:18:00+05:30,51063.9,51085.75,51063.7,51076.1,
2024-10-08T13:19:00+05:30,51080.85,51080.85,51065,51068.4,
2024-10-08T13:20:00+05:30,51068.7,51074.3,51047.35,51056.6,
2024-10-08T13:21:00+05:30,51058.25,51066.6,51053.65,51063.2,
2024-10-08T13:22:00+05:30,51063.45,51069.25,51053.55,51064.1,
2024-10-08T13:23:00+05:30,51064.1,51064.7,51044.25,51045.4,
2024-10-08T13:24:00+05:30,51045.35,51066.55,51038.05,51066.55,
2024-10-08T13:25:00+05:30,51064.95,51068,51048.4,51065.35,
2024-10-08T13:26:00+05:30,51064,51075.5,51055.05,51074.7,
2024-10-08T13:27:00+05:30,51074.5,51085.9,51066.05,51083,
2024-10-08T13:28:00+05:30,51083.1,51090.1,51075.3,51086.8,
2024-10-08T13:29:00+05:30,51086.2,51087.05,51054.1,51060.5,
2024-10-08T13:30:00+05:30,51061.75,51078.05,51056.35,51068.6,
2024-10-08T13:31:00+05:30,51072.6,51096.15,51068.5,51086.75,
2024-10-08T13:32:00+05:30,51090,51117.3,51082,51107.3,
2024-10-08T13:33:00+05:30,51108.5,51118.55,51096.15,51106.9,
2024-10-08T13:34:00+05:30,51104.1,51111.55,51083.5,51086.65,
2024-10-08T13:35:00+05:30,51087.6,51119.1,51082.1,51117.75,
2024-10-08T13:36:00+05:30,51119.45,51136.45,51107,51126.1,
2024-10-08T13:37:00+05:30,51130.6,51142.15,51114.85,51119.55,
2024-10-08T13:38:00+05:30,51127.75,51132.75,51117.3,51122.6,
2024-10-08T13:39:00+05:30,51124.7,51151,51121.15,51151,
2024-10-08T13:40:00+05:30,51146.1,51160.85,51138.1,51144.75,
2024-10-08T13:41:00+05:30,51144.1,51148.3,51118.4,51140.4,
2024-10-08T13:42:00+05:30,51140,51140,51079,51081.25,
2024-10-08T13:43:00+05:30,51081.85,51099.35,51079.1,51083.95,
2024-10-08T13:44:00+05:30,51081.25,51087.3,51072.75,51084.7,
2024-10-08T13:45:00+05:30,51084.65,51113.3,51081.85,51105.45,
2024-10-08T13:46:00+05:30,51101.35,51112,51093.6,51105.15,
2024-10-08T13:47:00+05:30,51110.35,51122.2,51103,51116.3,
2024-10-08T13:48:00+05:30,51116.85,51140.3,51115.65,51132.55,
2024-10-08T13:49:00+05:30,51132.4,51135.55,51105.65,51119.4,
2024-10-08T13:50:00+05:30,51119.65,51139.15,51111.25,51119.2,
2024-10-08T13:51:00+05:30,51109.55,51119.35,51101.2,51107.55,
2024-10-08T13:52:00+05:30,51108.7,51110.8,51090.95,51107.25,
2024-10-08T13:53:00+05:30,51107.65,51112.05,51090,51093.55,
2024-10-08T13:54:00+05:30,51093.25,51094.1,51079.55,51085.6,
2024-10-08T13:55:00+05:30,51088.35,51089.5,51069.55,51089.5,
2024-10-08T13:56:00+05:30,51088.4,51111.45,51088.4,51108.15,
2024-10-08T13:57:00+05:30,51107.4,51107.4,51075.65,51084,
2024-10-08T13:58:00+05:30,51089.55,51090.7,51067.7,51079.8,
2024-10-08T13:59:00+05:30,51076.4,51083.15,51064.7,51080.7,
2024-10-08T14:00:00+05:30,51080.95,51098.5,51070.45,51074.95,
2024-10-08T14:01:00+05:30,51074.45,51080.3,51063.75,51073.85,
2024-10-08T14:02:00+05:30,51073.25,51108.4,51067.6,51108.4,
2024-10-08T14:03:00+05:30,51107.8,51116.7,51092.35,51103.65,
2024-10-08T14:04:00+05:30,51102.55,51106.4,51079.7,51085.05,
2024-10-08T14:05:00+05:30,51084.95,51098.8,51072.45,51089.8,
2024-10-08T14:06:00+05:30,51089.25,51121.5,51076.8,51120.9,
2024-10-08T14:07:00+05:30,51118.85,51142.55,51115.2,51133.15,
2024-10-08T14:08:00+05:30,51132.95,51137.8,51118.3,51121,
2024-10-08T14:09:00+05:30,51119.8,51136.85,51104.6,51136.85,
2024-10-08T14:10:00+05:30,51127.9,51139,51102.1,51113.2,
2024-10-08T14:11:00+05:30,51109.55,51131.05,51109.55,51122.45,
2024-10-08T14:12:00+05:30,51120.25,51146.2,51115.45,51136.8,
2024-10-08T14:13:00+05:30,51129.8,51135.55,51113.05,51126,
2024-10-08T14:14:00+05:30,51123.5,51143.85,51117.95,51143.85,
2024-10-08T14:15:00+05:30,51143.75,51169.35,51139.1,51161.45,
2024-10-08T14:16:00+05:30,51163.3,51176.05,51150.75,51160.8,
2024-10-08T14:17:00+05:30,51156.25,51170.5,51137.45,51143,
2024-10-08T14:18:00+05:30,51140.8,51145.8,51124.55,51128.7,
2024-10-08T14:19:00+05:30,51128.7,51144.75,51116.8,51123.75,
2024-10-08T14:20:00+05:30,51123.2,51132.05,51114.9,51120.75,
2024-10-08T14:21:00+05:30,51121.15,51137.85,51112.1,51131.4,
2024-10-08T14:22:00+05:30,51128.75,51149.3,51128.75,51140.25,
2024-10-08T14:23:00+05:30,51140.3,51148.6,51133.3,51139.5,
2024-10-08T14:24:00+05:30,51137.8,51145.25,51126.55,51136.35,
2024-10-08T14:25:00+05:30,51137,51149.15,51126.75,51146.75,
2024-10-08T14:26:00+05:30,51146.5,51149.9,51125.85,51130.85,
2024-10-08T14:27:00+05:30,51130.2,51147.3,51126.55,51146.35,
2024-10-08T14:28:00+05:30,51144.25,51151.6,51134.7,51151.6,
2024-10-08T14:29:00+05:30,51152.25,51165.9,51148.45,51152,
2024-10-08T14:30:00+05:30,51149.4,51154.7,51122.25,51129.45,
2024-10-08T14:31:00+05:30,51129.1,51135.55,51112.15,51130.2,
2024-10-08T14:32:00+05:30,51129.3,51134.7,51109.5,51115.75,
2024-10-08T14:33:00+05:30,51113.05,51115.65,51062.65,51079.55,
2024-10-08T14:34:00+05:30,51078.65,51097.85,51067.45,51077,
2024-10-08T14:35:00+05:30,51072,51085.6,51020.8,51020.8,
2024-10-08T14:36:00+05:30,51027.3,51060.5,51022.7,51054.1,
2024-10-08T14:37:00+05:30,51055.4,51065.95,51029.9,51039.5,
2024-10-08T14:38:00+05:30,51034.75,51053.95,51032.85,51036.9,
2024-10-08T14:39:00+05:30,51036.25,51053.7,51015.05,51053.7,
2024-10-08T14:40:00+05:30,51049.6,51056.9,51022.35,51037.35,
2024-10-08T14:41:00+05:30,51037.65,51039.8,51019.2,51035,
2024-10-08T14:42:00+05:30,51035.35,51038.25,51021.05,51023.85,
2024-10-08T14:43:00+05:30,51024.55,51028.7,51008.45,51010.25,
2024-10-08T14:44:00+05:30,51009.35,51017.05,50984.35,50998.45,
2024-10-08T14:45:00+05:30,50996.05,50996.65,50960.05,50985.1,
2024-10-08T14:46:00+05:30,50985.75,51029.45,50985.75,51027.6,
2024-10-08T14:47:00+05:30,51028.75,51031.4,51006.6,51014.05,
2024-10-08T14:48:00+05:30,51013.95,51016.9,50993.75,51009.65,
2024-10-08T14:49:00+05:30,51009.4,51030,51008.3,51021.25,
2024-10-08T14:50:00+05:30,51021.7,51021.7,50994.6,50998.55,
2024-10-08T14:51:00+05:30,50998,51014.05,50990.5,51004.9,
2024-10-08T14:52:00+05:30,51002.2,51003.7,50954.95,50984.4,
2024-10-08T14:53:00+05:30,50983.85,50990.1,50955.95,50968.95,
2024-10-08T14:54:00+05:30,50969.65,50983.6,50944.05,50977.65,
2024-10-08T14:55:00+05:30,50975.4,50991.05,50963.35,50986.5,
2024-10-08T14:56:00+05:30,50992.6,50996.05,50976.15,50985,
2024-10-08T14:57:00+05:30,50980.6,50984.05,50943.15,50958.6,
2024-10-08T14:58:00+05:30,50958.95,51002.75,50958.5,51001.95,
2024-10-08T14:59:00+05:30,51002.65,51018.4,50986.95,51014.35,
2024-10-08T15:00:00+05:30,51013.35,51044.85,50973.4,50975.9,
2024-10-08T15:01:00+05:30,50975.9,50990.6,50959.85,50982.65,
2024-10-08T15:02:00+05:30,50978.65,51022.35,50975.6,51014.25,
2024-10-08T15:03:00+05:30,51013.65,51038.5,51010.4,51018.4,
2024-10-08T15:04:00+05:30,51018.3,51018.3,50979.9,50986,
2024-10-08T15:05:00+05:30,50986.9,51002.05,50981.95,50996.9,
2024-10-08T15:06:00+05:30,50996.25,50999.65,50979.2,50980.8,
2024-10-08T15:07:00+05:30,50979.85,51010.25,50961,51003.85,
2024-10-08T15:08:00+05:30,51002.2,51021.65,50993.4,51014.85,
2024-10-08T15:09:00+05:30,51011.6,51012.55,51000.6,51007.2,
2024-10-08T15:10:00+05:30,51008.25,51010.95,50998.25,51010.95,
2024-10-08T15:11:00+05:30,51011.1,51023.45,51006.35,51023.45,
2024-10-08T15:12:00+05:30,51021.15,51054.5,51020.45,51050.8,
2024-10-08T15:13:00+05:30,51053.05,51056.1,51032.5,51032.5,
2024-10-08T15:14:00+05:30,51034.6,51034.6,51002.3,51017.15,
2024-10-08T15:15:00+05:30,51017.85,51026.6,51011.75,51022.45,
2024-10-08T15:16:00+05:30,51025.15,51028.3,51016.9,51019.25,
2024-10-08T15:17:00+05:30,51018.6,51043.6,51017.65,51028.15,
2024-10-08T15:18:00+05:30,51026.35,51056.05,51014.85,51051.85,
2024-10-08T15:19:00+05:30,51046.25,51054.8,51024.6,51025.35,
2024-10-08T15:20:00+05:30,51024.8,51039.6,51023.55,51025.6,
2024-10-08T15:21:00+05:30,51025.85,51040.35,51023.05,51038.6,
2024-10-08T15:22:00+05:30,51038.45,51051.75,51038.45,51039.2,
2024-10-08T15:23:00+05:30,51036.85,51039.75,51030.15,51033,
2024-10-08T15:24:00+05:30,51031.5,51050.95,51030.6,51040.85,
2024-10-08T15:25:00+05:30,51040.85,51049.55,51039.05,51041.6,
2024-10-08T15:26:00+05:30,51043.15,51047.35,51033.45,51038.35,
2024-10-08T15:27:00+05:30,51038.65,51068.55,51034.65,51062.15,
2024-10-08T15:28:00+05:30,51061.95,51094.25,51052.05,51053.55,
2024-10-08T15:29:00+05:30,51070.85,51093.25,51049.55,51075.85,
2024-10-09T09:15:00+05:30,51161.75,51221.1,51097.7,51194.6,
2024-10-09T09:16:00+05:30,51193.45,51231.6,51124.25,51136.4,
2024-10-09T09:17:00+05:30,51131.85,51134.45,51081.25,51120.25,
2024-10-09T09:18:00+05:30,51113.35,51145.45,51092.6,51102.4,
2024-10-09T09:19:00+05:30,51103.45,51112.6,51023.65,51037.8,
2024-10-09T09:20:00+05:30,51027.85,51055.4,51011.05,51049.1,
2024-10-09T09:21:00+05:30,51048.5,51092.55,51043.95,51088.6,
2024-10-09T09:22:00+05:30,51076,51097.4,51046.8,51078.3,
2024-10-09T09:23:00+05:30,51077.45,51081.85,51023.75,51055.65,
2024-10-09T09:24:00+05:30,51057.7,51061.8,51037.25,51049.2,
2024-10-09T09:25:00+05:30,51035.9,51050.45,51009.3,51017.95,
2024-10-09T09:26:00+05:30,51027.45,51047.15,51003.15,51044.3,
2024-10-09T09:27:00+05:30,51044.2,51064.85,51035.5,51047.15,
2024-10-09T09:28:00+05:30,51041.1,51071.65,51029.1,51032.75,
2024-10-09T09:29:00+05:30,51034.2,51059.85,51021.2,51040.6,
2024-10-09T09:30:00+05:30,51046.35,51065.1,50999.55,51033.15,
2024-10-09T09:31:00+05:30,51036.25,51040.3,51010,51019.45,
2024-10-09T09:32:00+05:30,51022.5,51054.5,51021.85,51025.95,
2024-10-09T09:33:00+05:30,51028.55,51062.75,51022.55,51041.5,
2024-10-09T09:34:00+05:30,51040.2,51060.5,51030.5,51051.25,
2024-10-09T09:35:00+05:30,51053.4,51066.7,51025.6,51028.65,
2024-10-09T09:36:00+05:30,51028.05,51058.1,51016.25,51031.9,
2024-10-09T09:37:00+05:30,51027.55,51036.4,50905.55,50982.7,
2024-10-09T09:38:00+05:30,50982.9,51001.25,50952.85,50990.95,
2024-10-09T09:39:00+05:30,50987.7,51021.2,50979.45,51012.2,
2024-10-09T09:40:00+05:30,51005.5,51034.05,50992.85,51030.15,
2024-10-09T09:41:00+05:30,51030.8,51041.7,51007.9,51024.95,
2024-10-09T09:42:00+05:30,51024.35,51091.5,51024.35,51084.3,
2024-10-09T09:43:00+05:30,51085.75,51126.35,51084.5,51108.45,
2024-10-09T09:44:00+05:30,51111.1,51138.4,51095.4,51102.4,
2024-10-09T09:45:00+05:30,51103.25,51117.55,51058.95,51060.05,
2024-10-09T09:46:00+05:30,51055.7,51082.75,51047.8,51080.9,
2024-10-09T09:47:00+05:30,51082.6,51083.8,51060.55,51076.15,
2024-10-09T09:48:00+05:30,51076.55,51080,51043.6,51043.6,
2024-10-09T09:49:00+05:30,51046.95,51057.05,51027.4,51043.15,
2024-10-09T09:50:00+05:30,51044.25,51062.9,51031.5,51057.35,
2024-10-09T09:51:00+05:30,51060.35,51082.6,51056.6,51059.55,
2024-10-09T09:52:00+05:30,51059.95,51066.7,51045.05,51057.7,
2024-10-09T09:53:00+05:30,51048.25,51070.55,51037.35,51047.6,
2024-10-09T09:54:00+05:30,51048.75,51065.7,51012.6,51032.8,
2024-10-09T09:55:00+05:30,51035.7,51048.25,51011.5,51035.5,
2024-10-09T09:56:00+05:30,51033.3,51038.35,51000.85,51028.25,
2024-10-09T09:57:00+05:30,51026.75,51046.5,51014.45,51032.8,
2024-10-09T09:58:00+05:30,51034.65,51049.15,50977,51014,
2024-10-09T09:59:00+05:30,51013.3,51056.75,51013,51042.75,
2024-10-09T10:00:00+05:30,51049.4,51078.8,51034.8,51078.8,
2024-10-09T10:01:00+05:30,51077.65,51082.9,51022.15,51051.15,
2024-10-09T10:02:00+05:30,51051.55,51070.05,51032.75,51064.6,
2024-10-09T10:03:00+05:30,51066.3,51081.6,51049.5,51064.95,
2024-10-09T10:04:00+05:30,51066.95,51066.95,50974.2,51003.4,
2024-10-09T10:05:00+05:30,51004.85,51075.8,51004.85,51066.25,
2024-10-09T10:06:00+05:30,51070.45,51180.8,51069.1,51180,
2024-10-09T10:07:00+05:30,51181.5,51206.15,51173.35,51202.75,
2024-10-09T10:08:00+05:30,51201.5,51308.3,51175.35,51308.3,
2024-10-09T10:09:00+05:30,51308.5,51463.55,51308.5,51463.55,
2024-10-09T10:10:00+05:30,51463.35,51548.2,51420.05,51504.35,
2024-10-09T10:11:00+05:30,51507.6,51507.6,51429.45,51457,
2024-10-09T10:12:00+05:30,51462.6,51499,51456.45,51495.65,
2024-10-09T10:13:00+05:30,51497.6,51550.05,51455.5,51547.05,
2024-10-09T10:14:00+05:30,51536.85,51605.95,51522,51603.5,
2024-10-09T10:15:00+05:30,51593.65,51606,51559.1,51589.6,
2024-10-09T10:16:00+05:30,51587.9,51590.5,51460,51460,
2024-10-09T10:17:00+05:30,51459.85,51529.85,51447.9,51526.25,
2024-10-09T10:18:00+05:30,51525.85,51533.35,51452.55,51460.25,
2024-10-09T10:19:00+05:30,51454.7,51494.7,51450.25,51456.95,
2024-10-09T10:20:00+05:30,51458.05,51482.85,51432.3,51478.45,
2024-10-09T10:21:00+05:30,51477.45,51492.55,51412.75,51420.9,
2024-10-09T10:22:00+05:30,51411.3,51422.55,51396.35,51413.45,
2024-10-09T10:23:00+05:30,51424.75,51454.75,51412.65,51428.95,
2024-10-09T10:24:00+05:30,51431.55,51451.95,51399.95,51412.65,
2024-10-09T10:25:00+05:30,51406.55,51407.9,51305.9,51313.7,
2024-10-09T10:26:00+05:30,51312.8,51336.45,51249.5,51285.4,
2024-10-09T10:27:00+05:30,51277.1,51277.1,51218.85,51248.55,
2024-10-09T10:28:00+05:30,51251.65,51251.65,51182.25,51188.9,
2024-10-09T10:29:00+05:30,51189.05,51206.85,51177.05,51206.85,
2024-10-09T10:30:00+05:30,51206.3,51277.85,51204.4,51274.15,
2024-10-09T10:31:00+05:30,51277.8,51278.05,51230.6,51234.95,
2024-10-09T10:32:00+05:30,51235.05,51235.85,51198.95,51204.85,
2024-10-09T10:33:00+05:30,51201.85,51243.1,51197.1,51234.25,
2024-10-09T10:34:00+05:30,51232.8,51274.5,51224.5,51274,
2024-10-09T10:35:00+05:30,51272.6,51345.2,51268.2,51323.7,
2024-10-09T10:36:00+05:30,51329.15,51434.45,51326.75,51425.75,
2024-10-09T10:37:00+05:30,51423.05,51517.65,51423.05,51496.55,
2024-10-09T10:38:00+05:30,51491.7,51512.55,51480.75,51507.2,
2024-10-09T10:39:00+05:30,51508.8,51564.45,51496.55,51560.95,
2024-10-09T10:40:00+05:30,51557.45,51577.3,51492.85,51498.3,
2024-10-09T10:41:00+05:30,51496.85,51502.25,51464.7,51479,
2024-10-09T10:42:00+05:30,51482.6,51493.6,51465.35,51478.25,
2024-10-09T10:43:00+05:30,51478.2,51518.8,51471.2,51512.2,
2024-10-09T10:44:00+05:30,51508.2,51516.05,51482,51482,
2024-10-09T10:45:00+05:30,51482.45,51517.15,51482.45,51506.05,
2024-10-09T10:46:00+05:30,51506.85,51554.2,51506.3,51542.8,
2024-10-09T10:47:00+05:30,51541.6,51601.75,51531.1,51596.55,
2024-10-09T10:48:00+05:30,51598.9,51647.6,51586.65,51615.6,
2024-10-09T10:49:00+05:30,51618.05,51634.55,51582.4,51588.1,
2024-10-09T10:50:00+05:30,51592.15,51687.95,51592.15,51678.45,
2024-10-09T10:51:00+05:30,51678.55,51699.25,51669.35,51671.7,
2024-10-09T10:52:00+05:30,51669.75,51676,51622.2,51649.05,
2024-10-09T10:53:00+05:30,51643.45,51648.1,51617.1,51629.25,
2024-10-09T10:54:00+05:30,51630.05,51679.55,51627.1,51661.3,
2024-10-09T10:55:00+05:30,51660.3,51707.15,51659.9,51663.45,
2024-10-09T10:56:00+05:30,51664.15,51677.95,51618.65,51631.5,
2024-10-09T10:57:00+05:30,51629.1,51642.8,51601.5,51613.75,
2024-10-09T10:58:00+05:30,51613.3,51643.95,51605.2,51625.5,
2024-10-09T10:59:00+05:30,51625.5,51627.2,51576.35,51592,
2024-10-09T11:00:00+05:30,51593.45,51616.9,51581.2,51614.4,
2024-10-09T11:01:00+05:30,51607.8,51646.6,51607.8,51633.45,
2024-10-09T11:02:00+05:30,51629.9,51645.65,51615.7,51623.25,
2024-10-09T11:03:00+05:30,51624.45,51641.7,51607.4,51612.65,
2024-10-09T11:04:00+05:30,51607.45,51607.9,51534.4,51534.4,
2024-10-09T11:05:00+05:30,51528.4,51586.55,51518.25,51580.6,
2024-10-09T11:06:00+05:30,51572.6,51577.65,51543.75,51563.9,
2024-10-09T11:07:00+05:30,51558.8,51597,51548.85,51595.75,
2024-10-09T11:08:00+05:30,51592.6,51603.7,51547.55,51550.45,
2024-10-09T11:09:00+05:30,51549.8,51562.95,51541.45,51548.85,
2024-10-09T11:10:00+05:30,51540.7,51556.55,51501.6,51506.35,
2024-10-09T11:11:00+05:30,51505.95,51520.45,51456,51468.6,
2024-10-09T11:12:00+05:30,51467.5,51489.7,51443.15,51489.7,
2024-10-09T11:13:00+05:30,51488.25,51536.3,51475,51525.6,
2024-10-09T11:14:00+05:30,51532.45,51536.7,51498.55,51502.7,
2024-10-09T11:15:00+05:30,51494.7,51534.7,51483.3,51534.7,
2024-10-09T11:16:00+05:30,51532.25,51536.55,51464.8,51475.6,
2024-10-09T11:17:00+05:30,51473.3,51494.6,51463.6,51492.7,
2024-10-09T11:18:00+05:30,51493.45,51516.1,51478.2,51482.6,
2024-10-09T11:19:00+05:30,51483.5,51500.15,51465.2,51468.95,
2024-10-09T11:20:00+05:30,51467.65,51493.75,51455.25,51493.75,
2024-10-09T11:21:00+05:30,51483.3,51531.35,51479.3,51531.35,
2024-10-09T11:22:00+05:30,51529.85,51529.85,51483.9,51485.55,
2024-10-09T11:23:00+05:30,51481.1,51496.95,51465.5,51475.3,
2024-10-09T11:24:00+05:30,51475.8,51521.9,51475.6,51505.55,
2024-10-09T11:25:00+05:30,51503.35,51508.7,51478.95,51494.55,
2024-10-09T11:26:00+05:30,51494,51495.5,51457.6,51464.2,
2024-10-09T11:27:00+05:30,51451.8,51477.9,51445.35,51476.9,
2024-10-09T11:28:00+05:30,51477.15,51501.15,51469.45,51472.95,
2024-10-09T11:29:00+05:30,51470.3,51480.55,51447.5,51475.4,
2024-10-09T11:30:00+05:30,51474.2,51497.95,51466.1,51496.45,
2024-10-09T11:31:00+05:30,51492.9,51505.8,51483.7,51492.8,
2024-10-09T11:32:00+05:30,51488.75,51516.15,51487.05,51510.6,
2024-10-09T11:33:00+05:30,51505.6,51514.55,51489.65,51508.2,
2024-10-09T11:34:00+05:30,51507,51509.45,51488.2,51492.15,
2024-10-09T11:35:00+05:30,51489.5,51504.45,51480.7,51500.85,
2024-10-09T11:36:00+05:30,51498.6,51513.5,51480,51487.9,
2024-10-09T11:37:00+05:30,51490.3,51505.9,51483.35,51486,
2024-10-09T11:38:00+05:30,51482.5,51493.15,51456.25,51459.15,
2024-10-09T11:39:00+05:30,51455.25,51462.3,51437.6,51458.1,
2024-10-09T11:40:00+05:30,51455.85,51482.8,51438.65,51477.15,
2024-10-09T11:41:00+05:30,51474.85,51483,51447.4,51473.4,
2024-10-09T11:42:00+05:30,51469.4,51477.2,51457.35,51472.75,
2024-10-09T11:43:00+05:30,51472.85,51487.15,51310.45,51310.45,
2024-10-09T11:44:00+05:30,51313.15,51313.15,51260.45,51283.25,
2024-10-09T11:45:00+05:30,51275.65,51305.95,51264.2,51292.65,
2024-10-09T11:46:00+05:30,51294.2,51322.7,51233.35,51253.85,
2024-10-09T11:47:00+05:30,51255.45,51264.55,51179.5,51228.05,
2024-10-09T11:48:00+05:30,51226.9,51227.4,51197.55,51200.85,
2024-10-09T11:49:00+05:30,51196.8,51241.55,51187.95,51241.55,
2024-10-09T11:50:00+05:30,51242.35,51274.95,51229.65,51239,
2024-10-09T11:51:00+05:30,51234.95,51251.35,51204.95,51232.35,
2024-10-09T11:52:00+05:30,51230.9,51244.3,51208,51244.3,
2024-10-09T11:53:00+05:30,51239.65,51246.6,51216.35,51222.95,
2024-10-09T11:54:00+05:30,51220.45,51229.6,51174.4,51188.4,
2024-10-09T11:55:00+05:30,51191.4,51200.4,51121.05,51160.4,
2024-10-09T11:56:00+05:30,51161.25,51195.65,51159.65,51174,
2024-10-09T11:57:00+05:30,51177.8,51180.95,51145.5,51153.75,
2024-10-09T11:58:00+05:30,51158.3,51161.1,51085.65,51101.9,
2024-10-09T11:59:00+05:30,51099.85,51124.4,51061.85,51108.3,
2024-10-09T12:00:00+05:30,51107.2,51122.4,51062.65,51078.4,
2024-10-09T12:01:00+05:30,51073.9,51086.4,51047.2,51077,
2024-10-09T12:02:00+05:30,51078.8,51113.55,51068.5,51098,
2024-10-09T12:03:00+05:30,51092.75,51157.6,51090.3,51149.9,
2024-10-09T12:04:00+05:30,51149.05,51159.7,51096.55,51111.05,
2024-10-09T12:05:00+05:30,51109.75,51127.2,51099.6,51116.85,
2024-10-09T12:06:00+05:30,51113.1,51157.75,51113.05,51149.8,
2024-10-09T12:07:00+05:30,51147,51211.1,51146.25,51198.8,
2024-10-09T12:08:00+05:30,51204.55,51238.2,51170.15,51172.95,
2024-10-09T12:09:00+05:30,51165.65,51176.45,51123,51140.85,
2024-10-09T12:10:00+05:30,51136.7,51148.8,51092.9,51107.75,
2024-10-09T12:11:00+05:30,51101.8,51126.1,51088.3,51098.55,
2024-10-09T12:12:00+05:30,51096.85,51101.45,51076.75,51081.1,
2024-10-09T12:13:00+05:30,51087.7,51123.5,51079.2,51106.45,
2024-10-09T12:14:00+05:30,51104.45,51122.4,51079.3,51086.4,
2024-10-09T12:15:00+05:30,51091.6,51113.1,51073.2,51083.5,
2024-10-09T12:16:00+05:30,51090.6,51097.15,51059.9,51071.05,
2024-10-09T12:17:00+05:30,51066.3,51074.65,51040.65,51054.6,
2024-10-09T12:18:00+05:30,51054.1,51066.8,51043.3,51062.6,
2024-10-09T12:19:00+05:30,51055.9,51081.9,51041.25,51061.25,
2024-10-09T12:20:00+05:30,51060.25,51081.4,51056.45,51081,
2024-10-09T12:21:00+05:30,51073.65,51152.25,51073.65,51116.35,
2024-10-09T12:22:00+05:30,51126,51145.35,51086.7,51094.8,
2024-10-09T12:23:00+05:30,51090.45,51101.3,51069.6,51078.75,
2024-10-09T12:24:00+05:30,51077.05,51092.35,51059.05,51075.35,
2024-10-09T12:25:00+05:30,51072.55,51104.65,51067.95,51091.7,
2024-10-09T12:26:00+05:30,51090.95,51119.65,51084.2,51117.3,
2024-10-09T12:27:00+05:30,51116.85,51151.35,51114.95,51138.9,
2024-10-09T12:28:00+05:30,51137.05,51143.45,51116.15,51125.6,
2024-10-09T12:29:00+05:30,51118.8,51137.1,51102.1,51114.05,
2024-10-09T12:30:00+05:30,51102.05,51124.6,51101.25,51112.1,
2024-10-09T12:31:00+05:30,51108.95,51149.85,51108.95,51136.9,
2024-10-09T12:32:00+05:30,51130.95,51181.2,51130.95,51168.3,
2024-10-09T12:33:00+05:30,51167.5,51185.1,51167.5,51179.45,
2024-10-09T12:34:00+05:30,51182.25,51186.45,51144.85,51151.25,
2024-10-09T12:35:00+05:30,51149.55,51172.95,51140.7,51143.1,
2024-10-09T12:36:00+05:30,51139.65,51147.5,51113.4,51134.5,
2024-10-09T12:37:00+05:30,51129.25,51143.25,51116.45,51132.05,
2024-10-09T12:38:00+05:30,51128.95,51146.3,51102.6,51142.2,
2024-10-09T12:39:00+05:30,51134.25,51154.85,51132.7,51142.85,
2024-10-09T12:40:00+05:30,51142.15,51156.45,51129.35,51154.95,
2024-10-09T12:41:00+05:30,51148.2,51155.85,51134.55,51139.75,
2024-10-09T12:42:00+05:30,51141.65,51180.45,51141.65,51169.6,
2024-10-09T12:43:00+05:30,51166.55,51170.05,51144.85,51150.35,
2024-10-09T12:44:00+05:30,51147.3,51165.1,51147.3,51157,
2024-10-09T12:45:00+05:30,51156.65,51169.5,51139.85,51152.3,
2024-10-09T12:46:00+05:30,51150.5,51179.8,51141.8,51168.8,
2024-10-09T12:47:00+05:30,51166.45,51209.1,51166.45,51201.4,
2024-10-09T12:48:00+05:30,51199.75,51210.3,51188.35,51196.2,
2024-10-09T12:49:00+05:30,51193.45,51207.9,51171.75,51172.75,
2024-10-09T12:50:00+05:30,51167.25,51200.1,51167.25,51198.5,
2024-10-09T12:51:00+05:30,51197.55,51231.7,51176.3,51212.65,
2024-10-09T12:52:00+05:30,51209.65,51222.85,51207.05,51213.55,
2024-10-09T12:53:00+05:30,51211.15,51216.6,51195.9,51198.8,
2024-10-09T12:54:00+05:30,51199.4,51209.6,51195.1,51206.45,
2024-10-09T12:55:00+05:30,51201.8,51228.7,51201.8,51225.1,
2024-10-09T12:56:00+05:30,51226.4,51229.8,51213.45,51220.8,
2024-10-09T12:57:00+05:30,51217.6,51222.35,51183.8,51198.85,
2024-10-09T12:58:00+05:30,51192.05,51198.6,51183.25,51186.8,
2024-10-09T12:59:00+05:30,51182.05,51187.4,51153.85,51168.6,
2024-10-09T13:00:00+05:30,51169,51176,51156,51161.85,
2024-10-09T13:01:00+05:30,51156.3,51159.55,51075.05,51075.05,
2024-10-09T13:02:00+05:30,51079,51112.8,51079,51101.75,
2024-10-09T13:03:00+05:30,51099.8,51110.25,51095.3,51096.5,
2024-10-09T13:04:00+05:30,51098.3,51123.75,51088.3,51121.85,
2024-10-09T13:05:00+05:30,51116.25,51119.95,51100.05,51108.3,
2024-10-09T13:06:00+05:30,51104.95,51123.4,51079.95,51082.55,
2024-10-09T13:07:00+05:30,51082.55,51090.2,51079.2,51085.5,
2024-10-09T13:08:00+05:30,51081.2,51109.8,51078.1,51106.45,
2024-10-09T13:09:00+05:30,51099.95,51120.8,51099.2,51099.2,
2024-10-09T13:10:00+05:30,51100.5,51108.15,51095.4,51105.85,
2024-10-09T13:11:00+05:30,51103.4,51108.25,51066.25,51073.95,
2024-10-09T13:12:00+05:30,51073.95,51103.6,51073.3,51098.55,
2024-10-09T13:13:00+05:30,51096.65,51104.6,51078.25,51078.95,
2024-10-09T13:14:00+05:30,51079.3,51085.35,51058.6,51064.45,
2024-10-09T13:15:00+05:30,51057.35,51081.3,51057.35,51080.7,
2024-10-09T13:16:00+05:30,51079.55,51095.8,51073.8,51086.6,
2024-10-09T13:17:00+05:30,51075.85,51098.15,51075.85,51094.7,
2024-10-09T13:18:00+05:30,51090.05,51096.75,51074.7,51075.95,
2024-10-09T13:19:00+05:30,51075.6,51081.7,51029.45,51036.15,
2024-10-09T13:20:00+05:30,51034.25,51047.65,51016.25,51023.85,
2024-10-09T13:21:00+05:30,51017.15,51026.3,51001.25,51023.6,
2024-10-09T13:22:00+05:30,51022.3,51057.3,51018.4,51056.55,
2024-10-09T13:23:00+05:30,51054.25,51059.85,51039.65,51052.05,
2024-10-09T13:24:00+05:30,51047.1,51053.4,51023.7,51031.95,
2024-10-09T13:25:00+05:30,51028.8,51069.8,51022.65,51065.3,
2024-10-09T13:26:00+05:30,51062.25,51066.4,51041.1,51056.15,
2024-10-09T13:27:00+05:30,51052.65,51070.15,51050.7,51061.75,
2024-10-09T13:28:00+05:30,51062.5,51062.5,51030.6,51042.05,
2024-10-09T13:29:00+05:30,51035.9,51060.4,51030.25,51042.1,
2024-10-09T13:30:00+05:30,51039.75,51054.35,51036.75,51049.9,
2024-10-09T13:31:00+05:30,51048.1,51061.65,51038.5,51060.4,
2024-10-09T13:32:00+05:30,51058.55,51071.9,51050.3,51050.3,
2024-10-09T13:33:00+05:30,51049.35,51067.8,51048.05,51060.95,
2024-10-09T13:34:00+05:30,51059.6,51078.4,51054.45,51078.15,
2024-10-09T13:35:00+05:30,51070.1,51081.8,51061.6,51061.6,
2024-10-09T13:36:00+05:30,51063.9,51065.85,51045.05,51049.4,
2024-10-09T13:37:00+05:30,51046.25,51052,51023.3,51026.2,
2024-10-09T13:38:00+05:30,51026.5,51033.8,51018.05,51020.25,
2024-10-09T13:39:00+05:30,51020.25,51029.5,50986.85,51000.05,
2024-10-09T13:40:00+05:30,50995.75,51016.55,50995.75,51013.2,
2024-10-09T13:41:00+05:30,51009.8,51042.95,51009.8,51039.3,
2024-10-09T13:42:00+05:30,51039.95,51050.2,51029.5,51029.5,
2024-10-09T13:43:00+05:30,51031.85,51049.9,51031.25,51032.45,
2024-10-09T13:44:00+05:30,51033.2,51055.4,51033.2,51051.2,
2024-10-09T13:45:00+05:30,51051.2,51076.05,51042.85,51058.15,
2024-10-09T13:46:00+05:30,51055.15,51066.55,51045.3,51052.8,
2024-10-09T13:47:00+05:30,51053.15,51055.8,51041.7,51049.45,
2024-10-09T13:48:00+05:30,51048.3,51069.4,51036.15,51065.9,
2024-10-09T13:49:00+05:30,51063.5,51063.5,51039.45,51045.9,
2024-10-09T13:50:00+05:30,51040.65,51045.9,51029.05,51035.9,
2024-10-09T13:51:00+05:30,51035.05,51043.3,51020.35,51041.2,
2024-10-09T13:52:00+05:30,51037.9,51060.4,51037.55,51058.3,
2024-10-09T13:53:00+05:30,51054.7,51084.25,51054.7,51073.3,
2024-10-09T13:54:00+05:30,51072.6,51082.4,51059.65,51069.15,
2024-10-09T13:55:00+05:30,51068.6,51080.45,51063.5,51069.1,
2024-10-09T13:56:00+05:30,51070.05,51099.85,51068.95,51092.15,
2024-10-09T13:57:00+05:30,51090.75,51100.4,51078.6,51093.55,
2024-10-09T13:58:00+05:30,51090.4,51101,51084,51084,
2024-10-09T13:59:00+05:30,51083.35,51095.75,51079,51084.85,
2024-10-09T14:00:00+05:30,51086.4,51100.95,51080.7,51100.95,
2024-10-09T14:01:00+05:30,51097.15,51130.2,51097.15,51127.85,
2024-10-09T14:02:00+05:30,51125.2,51135.85,51106.7,51114,
2024-10-09T14:03:00+05:30,51114.3,51144,51107.05,51126.6,
2024-10-09T14:04:00+05:30,51130.55,51139.45,51111.15,51121.45,
2024-10-09T14:05:00+05:30,51123.2,51143.45,51114.85,51123.15,
2024-10-09T14:06:00+05:30,51122.85,51130.7,51118.55,51130.15,
2024-10-09T14:07:00+05:30,51126.3,51129.6,51095.75,51095.75,
2024-10-09T14:08:00+05:30,51097.15,51112.65,51087.95,51104.9,
2024-10-09T14:09:00+05:30,51101.15,51112,51093.6,51099.45,
2024-10-09T14:10:00+05:30,51098.95,51100,51081.7,51093.3,
2024-10-09T14:11:00+05:30,51086.9,51117.05,51086.9,51100.65,
2024-10-09T14:12:00+05:30,51093,51103.25,51065.95,51085.6,
2024-10-09T14:13:00+05:30,51075.7,51098.15,51067.5,51086,
2024-10-09T14:14:00+05:30,51087.55,51094.85,51068.8,51076.6,
2024-10-09T14:15:00+05:30,51079.4,51087.45,51058.8,51078.05,
2024-10-09T14:16:00+05:30,51077.8,51086.05,51068.35,51070.25,
2024-10-09T14:17:00+05:30,51067.15,51078.65,51052.85,51073.3,
2024-10-09T14:18:00+05:30,51073.3,51078.25,51057.15,51057.15,
2024-10-09T14:19:00+05:30,51055.3,51056.85,51028.95,51034.25,
2024-10-09T14:20:00+05:30,51037.1,51055.45,51035.7,51048.2,
2024-10-09T14:21:00+05:30,51046.55,51060.35,51030,51037.95,
2024-10-09T14:22:00+05:30,51034.65,51052.95,51034.65,51036.85,
2024-10-09T14:23:00+05:30,51034.1,51038.6,51014.3,51021.1,
2024-10-09T14:24:00+05:30,51022.35,51027.5,51007.5,51011.35,
2024-10-09T14:25:00+05:30,51012.5,51039.95,51007.1,51036.3,
2024-10-09T14:26:00+05:30,51034.25,51055.65,51034.25,51041.45,
2024-10-09T14:27:00+05:30,51039.3,51049,51029.75,51042.9,
2024-10-09T14:28:00+05:30,51036.75,51055.55,51034.1,51048.75,
2024-10-09T14:29:00+05:30,51048.75,51049.2,51032.4,51041.15,
2024-10-09T14:30:00+05:30,51041.55,51079.85,51040.65,51065.25,
2024-10-09T14:31:00+05:30,51067.05,51087.9,51067.05,51087.9,
2024-10-09T14:32:00+05:30,51082.25,51127.55,51082.25,51120.45,
2024-10-09T14:33:00+05:30,51118.45,51129,51107.05,51113,
2024-10-09T14:34:00+05:30,51110,51110.05,51080.9,51088.95,
2024-10-09T14:35:00+05:30,51094.65,51098.45,51087.05,51087.6,
2024-10-09T14:36:00+05:30,51087.6,51089.25,51070.8,51082.95,
2024-10-09T14:37:00+05:30,51084.75,51103.45,51076.55,51093.3,
2024-10-09T14:38:00+05:30,51093.9,51121.2,51087.5,51114.15,
2024-10-09T14:39:00+05:30,51119.7,51124.8,51111.05,51113.65,
2024-10-09T14:40:00+05:30,51117.95,51122.45,51083.4,51091.6,
2024-10-09T14:41:00+05:30,51085.8,51110.75,51072.75,51083.05,
2024-10-09T14:42:00+05:30,51083.45,51094.15,51071.95,51075.75,
2024-10-09T14:43:00+05:30,51078.55,51082.75,51059.45,51065.6,
2024-10-09T14:44:00+05:30,51069.5,51070.65,51052.65,51058.2,
2024-10-09T14:45:00+05:30,51057,51065.45,51038.65,51054.75,
2024-10-09T14:46:00+05:30,51049.8,51066.75,51041.5,51060.45,
2024-10-09T14:47:00+05:30,51060.6,51081.3,51060.6,51063.1,
2024-10-09T14:48:00+05:30,51069.05,51086.35,51061,51082.4,
2024-10-09T14:49:00+05:30,51082.15,51117.35,51082.15,51106.15,
2024-10-09T14:50:00+05:30,51108.6,51114.6,51057.8,51058.65,
2024-10-09T14:51:00+05:30,51055.8,51081.8,51054.25,51081.2,
2024-10-09T14:52:00+05:30,51080.35,51096,51062.35,51062.35,
2024-10-09T14:53:00+05:30,51062.9,51091.3,51060.6,51069.4,
2024-10-09T14:54:00+05:30,51068.6,51084.6,51056.75,51074.45,
2024-10-09T14:55:00+05:30,51074.4,51092.65,51060.3,51062.9,
2024-10-09T14:56:00+05:30,51061.55,51094.55,51061.55,51080.05,
2024-10-09T14:57:00+05:30,51082,51093.25,51070.85,51085.85,
2024-10-09T14:58:00+05:30,51085.2,51095,51068.2,51075.8,
2024-10-09T14:59:00+05:30,51076.35,51088.85,51065.95,51072.5,
2024-10-09T15:00:00+05:30,51077.3,51082,50984.55,51015.85,
2024-10-09T15:01:00+05:30,51002.55,51010.45,50962.2,50980.75,
2024-10-09T15:02:00+05:30,50975.9,50999.6,50954.85,50998.55,
2024-10-09T15:03:00+05:30,50997.9,50997.9,50929.8,50937.1,
2024-10-09T15:04:00+05:30,50924.95,50982.05,50903.75,50982.05,
2024-10-09T15:05:00+05:30,50976.85,50996.4,50940.65,50962.35,
2024-10-09T15:06:00+05:30,50962.8,50977,50945.85,50976.5,
2024-10-09T15:07:00+05:30,50976.5,51000.7,50950.35,50961.25,
2024-10-09T15:08:00+05:30,50960.05,50999.4,50952.2,50999.4,
2024-10-09T15:09:00+05:30,51001.5,51020.15,50969,50988.75,
2024-10-09T15:10:00+05:30,50992.45,51001,50953.1,50998.15,
2024-10-09T15:11:00+05:30,50991.1,51022.5,50986.65,51016.4,
2024-10-09T15:12:00+05:30,51012.95,51016.85,50990.4,50994.1,
2024-10-09T15:13:00+05:30,50997.6,51002.2,50980.6,50997.6,
2024-10-09T15:14:00+05:30,50996.3,51021.1,50982.85,51014.75,
2024-10-09T15:15:00+05:30,51017,51040.7,51009.65,51028.15,
2024-10-09T15:16:00+05:30,51032.25,51045.4,51009.75,51038.75,
2024-10-09T15:17:00+05:30,51038.8,51072.5,51027.3,51049.9,
2024-10-09T15:18:00+05:30,51043.55,51052.6,51014,51037.65,
2024-10-09T15:19:00+05:30,51038.8,51082.7,51029,51065.8,
2024-10-09T15:20:00+05:30,51068.25,51079.4,51044,51057.2,
2024-10-09T15:21:00+05:30,51064.55,51098.95,51043.55,51075.3,
2024-10-09T15:22:00+05:30,51071.65,51077.4,51035,51036.85,
2024-10-09T15:23:00+05:30,51045.15,51059.45,51024.6,51047.15,
2024-10-09T15:24:00+05:30,51039.4,51071.2,51032.8,51058.85,
2024-10-09T15:25:00+05:30,51070,51074.8,51050.05,51064.2,
2024-10-09T15:26:00+05:30,51066.3,51074.05,51054.15,51067.55,
2024-10-09T15:27:00+05:30,51067.7,51078.55,51051.95,51062.35,
2024-10-09T15:28:00+05:30,51061.6,51092.8,51042.35,51083.15,
2024-10-09T15:29:00+05:30,51089.25,51108.9,51068.6,51088.2,
2024-10-10T09:15:00+05:30,51195.7,51264.6,51132.05,51153.55,
2024-10-10T09:16:00+05:30,51158.6,51212.7,51158.6,51203.75,
2024-10-10T09:17:00+05:30,51201.65,51202.1,51126.75,51167.75,
2024-10-10T09:18:00+05:30,51165.85,51180.55,51159.3,51164.15,
2024-10-10T09:19:00+05:30,51163.75,51170.65,51138,51144.2,
2024-10-10T09:20:00+05:30,51144.75,51149.8,51111.7,51127.85,
2024-10-10T09:21:00+05:30,51127.05,51130.05,51094.65,51102.6,
2024-10-10T09:22:00+05:30,51103.1,51103.1,51058,51066.8,
2024-10-10T09:23:00+05:30,51073.45,51099.9,51071.8,51074.5,
2024-10-10T09:24:00+05:30,51074.95,51096.25,51070.8,51084.1,
2024-10-10T09:25:00+05:30,51083.25,51140.25,51083.25,51088.1,
2024-10-10T09:26:00+05:30,51089.6,51089.6,51047.75,51064.05,
2024-10-10T09:27:00+05:30,51067.55,51079.05,51047,51067.65,
2024-10-10T09:28:00+05:30,51068.3,51085,51066.55,51080.75,
2024-10-10T09:29:00+05:30,51078.2,51114,51078.2,51114,
2024-10-10T09:30:00+05:30,51114.1,51168.25,51114.1,51158.35,
2024-10-10T09:31:00+05:30,51155.3,51177.7,51152.15,51154.45,
2024-10-10T09:32:00+05:30,51152.75,51167.8,51141.5,51155.95,
2024-10-10T09:33:00+05:30,51154,51159.9,51124.3,51129.25,
2024-10-10T09:34:00+05:30,51129,51138.05,51104.45,51107.35,
2024-10-10T09:35:00+05:30,51103,51110.5,51086.85,51088.6,
2024-10-10T09:36:00+05:30,51088.4,51127.85,51088.4,51124.1,
2024-10-10T09:37:00+05:30,51123.15,51132.95,51099.6,51123.25,
2024-10-10T09:38:00+05:30,51119.95,51125.9,51105.7,51113.1,
2024-10-10T09:39:00+05:30,51113.05,51154.65,51113.05,51147.2,
2024-10-10T09:40:00+05:30,51149,51154.2,51131.85,51137.5,
2024-10-10T09:41:00+05:30,51136.75,51153.6,51131,51145.1,
2024-10-10T09:42:00+05:30,51143.15,51171.3,51137.2,51163,
2024-10-10T09:43:00+05:30,51167.75,51207.85,51152.75,51205.1,
2024-10-10T09:44:00+05:30,51202.9,51202.9,51180.2,51188.5,
2024-10-10T09:45:00+05:30,51182,51226.95,51182,51210.55,
2024-10-10T09:46:00+05:30,51200.35,51215.75,51188.95,51203.75,
2024-10-10T09:47:00+05:30,51202.4,51239.5,51201,51236.2,
2024-10-10T09:48:00+05:30,51236.15,51267.6,51234.75,51250.85,
2024-10-10T09:49:00+05:30,51246.3,51248.9,51224.5,51225.55,
2024-10-10T09:50:00+05:30,51226.65,51249.4,51216.2,51233.8,
2024-10-10T09:51:00+05:30,51239.3,51239.45,51214.6,51214.6,
2024-10-10T09:52:00+05:30,51216.8,51221.75,51196.05,51198.75,
2024-10-10T09:53:00+05:30,51194.3,51203.05,51165.3,51170.45,
2024-10-10T09:54:00+05:30,51164.9,51196.2,51160.05,51193,
2024-10-10T09:55:00+05:30,51195.1,51246.25,51195.1,51246.25,
2024-10-10T09:56:00+05:30,51243.85,51311.9,51241.25,51309.75,
2024-10-10T09:57:00+05:30,51307.1,51319.75,51280.75,51301.05,
2024-10-10T09:58:00+05:30,51301.9,51302.5,51285.25,51299.15,
2024-10-10T09:59:00+05:30,51301.1,51328.45,51285.85,51319.75,
2024-10-10T10:00:00+05:30,51321.2,51328.15,51298.95,51304.8,
2024-10-10T10:01:00+05:30,51304.35,51305.95,51278.85,51297.2,
2024-10-10T10:02:00+05:30,51294.6,51310.3,51291.05,51303.75,
2024-10-10T10:03:00+05:30,51303.15,51310,51291.45,51291.45,
2024-10-10T10:04:00+05:30,51292.1,51294,51277.5,51281.35,
2024-10-10T10:05:00+05:30,51282.4,51371.85,51281.35,51366.5,
2024-10-10T10:06:00+05:30,51369.8,51379.3,51354.15,51372.95,
2024-10-10T10:07:00+05:30,51374.15,51376.5,51356.75,51373.35,
2024-10-10T10:08:00+05:30,51372.65,51372.65,51341.7,51348.55,
2024-10-10T10:09:00+05:30,51348.75,51360.1,51342.5,51356.9,
2024-10-10T10:10:00+05:30,51356.65,51380.5,51356.65,51374.9,
2024-10-10T10:11:00+05:30,51376.4,51410.25,51373.2,51398.95,
2024-10-10T10:12:00+05:30,51399.85,51413.8,51388.35,51399.65,
2024-10-10T10:13:00+05:30,51400.75,51407.55,51380.2,51384.15,
2024-10-10T10:14:00+05:30,51385.75,51392.75,51365.4,51374.3,
2024-10-10T10:15:00+05:30,51375.3,51390.7,51368.15,51390.7,
2024-10-10T10:16:00+05:30,51390.9,51390.9,51347.75,51350.1,
2024-10-10T10:17:00+05:30,51347.65,51375.6,51344.35,51375.6,
2024-10-10T10:18:00+05:30,51372.95,51380.95,51357.15,51357.15,
2024-10-10T10:19:00+05:30,51360.65,51365.9,51310,51310,
2024-10-10T10:20:00+05:30,51313.5,51318.5,51276.05,51311.3,
2024-10-10T10:21:00+05:30,51307.95,51333.25,51293.45,51314.8,
2024-10-10T10:22:00+05:30,51313.8,51323.4,51294.2,51309.3,
2024-10-10T10:23:00+05:30,51310.45,51327.85,51302.9,51316.65,
2024-10-10T10:24:00+05:30,51322.35,51329.15,51303.1,51304.75,
2024-10-10T10:25:00+05:30,51305.8,51309.05,51288.3,51297.25,
2024-10-10T10:26:00+05:30,51298.1,51305.2,51273,51277.55,
2024-10-10T10:27:00+05:30,51276.05,51296,51276.05,51293.35,
2024-10-10T10:28:00+05:30,51295.3,51306.05,51288.65,51304.1,
2024-10-10T10:29:00+05:30,51305.8,51308.95,51283.75,51284.05,
2024-10-10T10:30:00+05:30,51285.7,51301.6,51284.55,51295,
2024-10-10T10:31:00+05:30,51296.05,51334.1,51294.75,51333.65,
2024-10-10T10:32:00+05:30,51334.2,51345.5,51330.3,51332.5,
2024-10-10T10:33:00+05:30,51333.85,51349.35,51328.85,51344.4,
2024-10-10T10:34:00+05:30,51344.55,51350.85,51337.3,51344.15,
2024-10-10T10:35:00+05:30,51344.15,51344.25,51322.65,51326.75,
2024-10-10T10:36:00+05:30,51323.3,51325,51305.2,51305.75,
2024-10-10T10:37:00+05:30,51307.5,51317.15,51253.05,51268.9,
2024-10-10T10:38:00+05:30,51274.6,51277.3,51250.4,51267.35,
2024-10-10T10:39:00+05:30,51262.35,51269.55,51231.95,51235.95,
2024-10-10T10:40:00+05:30,51239.3,51259.45,51225.4,51226.45,
2024-10-10T10:41:00+05:30,51226.75,51253.55,51224,51248.45,
2024-10-10T10:42:00+05:30,51248.45,51267.55,51241.55,51266.2,
2024-10-10T10:43:00+05:30,51264.45,51277.05,51252.95,51268.2,
2024-10-10T10:44:00+05:30,51269.35,51289,51266.35,51282.25,
2024-10-10T10:45:00+05:30,51281.5,51300.8,51268.35,51279.25,
2024-10-10T10:46:00+05:30,51284,51287,51261.4,51261.85,
2024-10-10T10:47:00+05:30,51269.85,51285.55,51255.9,51272.6,
2024-10-10T10:48:00+05:30,51271.25,51280.2,51260.8,51269.55,
2024-10-10T10:49:00+05:30,51273.4,51281.9,51266.05,51268.45,
2024-10-10T10:50:00+05:30,51270.4,51273.25,51240.8,51254.85,
2024-10-10T10:51:00+05:30,51254.85,51283.6,51251.1,51270.4,
2024-10-10T10:52:00+05:30,51265.95,51271.55,51242.1,51245.65,
2024-10-10T10:53:00+05:30,51241.85,51269.45,51241.85,51253.6,
2024-10-10T10:54:00+05:30,51254.8,51270.35,51251.3,51257.5,
2024-10-10T10:55:00+05:30,51261.4,51286.85,51253.75,51279.95,
2024-10-10T10:56:00+05:30,51280.2,51316.55,51277.25,51305.3,
2024-10-10T10:57:00+05:30,51307.2,51342.15,51303.35,51328.8,
2024-10-10T10:58:00+05:30,51328.8,51339,51321.85,51327.6,
2024-10-10T10:59:00+05:30,51328.85,51333.8,51314.55,51316.9,
2024-10-10T11:00:00+05:30,51321.8,51322.5,51299.5,51303,
2024-10-10T11:01:00+05:30,51301.5,51309.1,51285.7,51293,
2024-10-10T11:02:00+05:30,51296.1,51304.25,51271.95,51274.1,
2024-10-10T11:03:00+05:30,51279.85,51282.15,51267.25,51273.6,
2024-10-10T11:04:00+05:30,51275.75,51287,51265.15,51279.35,
2024-10-10T11:05:00+05:30,51278.9,51286.05,51251.9,51261.45,
2024-10-10T11:06:00+05:30,51262.5,51271.85,51256.4,51266.85,
2024-10-10T11:07:00+05:30,51263.05,51280.1,51259.8,51279.9,
2024-10-10T11:08:00+05:30,51275.35,51278.3,51264.3,51267.35,
2024-10-10T11:09:00+05:30,51265.9,51281.5,51258.8,51271.55,
2024-10-10T11:10:00+05:30,51270.4,51281.35,51243.8,51272.1,
2024-10-10T11:11:00+05:30,51272.4,51278.7,51255.5,51262.2,
2024-10-10T11:12:00+05:30,51268.55,51271.5,51249.35,51252.55,
2024-10-10T11:13:00+05:30,51255.55,51271.8,51250.7,51258.35,
2024-10-10T11:14:00+05:30,51253.5,51266.5,51234.1,51242.45,
2024-10-10T11:15:00+05:30,51239.55,51264.65,51239.2,51262.25,
2024-10-10T11:16:00+05:30,51258.05,51267.35,51246.75,51262.15,
2024-10-10T11:17:00+05:30,51261.25,51265.45,51240.4,51258,
2024-10-10T11:18:00+05:30,51256.65,51262.8,51238.4,51247.2,
2024-10-10T11:19:00+05:30,51237.7,51242.8,51216.95,51222.95,
2024-10-10T11:20:00+05:30,51218.35,51245.75,51218.35,51242.2,
2024-10-10T11:21:00+05:30,51244.9,51279.7,51244.55,51263,
2024-10-10T11:22:00+05:30,51260.5,51271.45,51253.3,51255.5,
2024-10-10T11:23:00+05:30,51250.2,51260.35,51233.85,51249.1,
2024-10-10T11:24:00+05:30,51245.4,51253.15,51232.05,51246.8,
2024-10-10T11:25:00+05:30,51246.3,51273.35,51238.9,51252.15,
2024-10-10T11:26:00+05:30,51249.6,51287.55,51247.7,51278.6,
2024-10-10T11:27:00+05:30,51279.5,51300.75,51274.5,51296.35,
2024-10-10T11:28:00+05:30,51288.6,51293.5,51256.8,51267.9,
2024-10-10T11:29:00+05:30,51269.85,51276.3,51251.45,51257.35,
2024-10-10T11:30:00+05:30,51258.55,51273.55,51256.55,51264.15,
2024-10-10T11:31:00+05:30,51263.1,51274.8,51257.1,51266.5,
2024-10-10T11:32:00+05:30,51267.8,51272.3,51246.8,51261.35,
2024-10-10T11:33:00+05:30,51263.65,51270.1,51247.1,51250.15,
2024-10-10T11:34:00+05:30,51250.3,51268,51241.05,51261.75,
2024-10-10T11:35:00+05:30,51265.35,51271.55,51257.65,51262.2,
2024-10-10T11:36:00+05:30,51262.75,51290.55,51261.4,51290.55,
2024-10-10T11:37:00+05:30,51283.15,51300,51282.5,51283.2,
2024-10-10T11:38:00+05:30,51289.2,51292.8,51266.15,51271.4,
2024-10-10T11:39:00+05:30,51271.25,51288.05,51257.4,51285.95,
2024-10-10T11:40:00+05:30,51283,51296.95,51279.95,51283.55,
2024-10-10T11:41:00+05:30,51284.3,51298.15,51278.15,51294.75,
2024-10-10T11:42:00+05:30,51296.55,51320.5,51293.3,51312.4,
2024-10-10T11:43:00+05:30,51311.15,51324.75,51291.75,51297.6,
2024-10-10T11:44:00+05:30,51296.35,51309.5,51288.9,51304.5,
2024-10-10T11:45:00+05:30,51301.9,51345.35,51301,51345.35,
2024-10-10T11:46:00+05:30,51343.05,51357.8,51328.85,51347,
2024-10-10T11:47:00+05:30,51340.85,51361.95,51332.55,51345.1,
2024-10-10T11:48:00+05:30,51344.35,51360.5,51324.35,51343.3,
2024-10-10T11:49:00+05:30,51344.6,51351.4,51334.15,51343.75,
2024-10-10T11:50:00+05:30,51343.15,51371.15,51339.9,51361.75,
2024-10-10T11:51:00+05:30,51362.25,51369.8,51354.75,51357.7,
2024-10-10T11:52:00+05:30,51358.45,51368,51348.35,51363.25,
2024-10-10T11:53:00+05:30,51359.5,51367.55,51355.2,51355.25,
2024-10-10T11:54:00+05:30,51356.7,51385.9,51353.5,51385.9,
2024-10-10T11:55:00+05:30,51380,51389.7,51368.55,51378.3,
2024-10-10T11:56:00+05:30,51378.65,51381.75,51361.8,51361.9,
2024-10-10T11:57:00+05:30,51364.05,51366.6,51338.85,51341.65,
2024-10-10T11:58:00+05:30,51345.25,51355.15,51329.4,51352.05,
2024-10-10T11:59:00+05:30,51351.95,51391.9,51349.5,51374.3,
2024-10-10T12:00:00+05:30,51378.75,51379,51356.6,51367.5,
2024-10-10T12:01:00+05:30,51363.75,51386.65,51354.95,51383.35,
2024-10-10T12:02:00+05:30,51388.2,51423.35,51382.4,51410.6,
2024-10-10T12:03:00+05:30,51413.15,51419.35,51390.75,51403.5,
2024-10-10T12:04:00+05:30,51400.55,51417.2,51400.55,51412.6,
2024-10-10T12:05:00+05:30,51410.65,51424,51400.65,51413.2,
2024-10-10T12:06:00+05:30,51413.5,51414.7,51397.4,51406.05,
2024-10-10T12:07:00+05:30,51404.7,51410.45,51384,51399.4,
2024-10-10T12:08:00+05:30,51403.8,51403.8,51384.65,51394.25,
2024-10-10T12:09:00+05:30,51398.8,51425.8,51393.15,51416.9,
2024-10-10T12:10:00+05:30,51421.3,51444.6,51410.1,51415.6,
2024-10-10T12:11:00+05:30,51412.6,51434.45,51412.6,51426.35,
2024-10-10T12:12:00+05:30,51430.45,51432.95,51408.8,51410.5,
2024-10-10T12:13:00+05:30,51414.65,51418,51383.85,51385.35,
2024-10-10T12:14:00+05:30,51391.8,51394.9,51379.45,51393,
2024-10-10T12:15:00+05:30,51393.1,51398.15,51372.95,51373.35,
2024-10-10T12:16:00+05:30,51375.7,51385.95,51363.85,51380.55,
2024-10-10T12:17:00+05:30,51382.4,51424.2,51375.15,51424.2,
2024-10-10T12:18:00+05:30,51419.5,51426.35,51396.55,51400.45,
2024-10-10T12:19:00+05:30,51402.7,51415.15,51395.6,51407.55,
2024-10-10T12:20:00+05:30,51405.55,51417.75,51396.5,51407.2,
2024-10-10T12:21:00+05:30,51407.9,51411.15,51383.55,51393.25,
2024-10-10T12:22:00+05:30,51392.9,51400.4,51387.05,51395.6,
2024-10-10T12:23:00+05:30,51392.35,51406.05,51387.65,51398.3,
2024-10-10T12:24:00+05:30,51401.1,51421.65,51396.25,51413.6,
2024-10-10T12:25:00+05:30,51418.55,51418.75,51401.95,51411.5,
2024-10-10T12:26:00+05:30,51414.75,51427.5,51409.45,51427.5,
2024-10-10T12:27:00+05:30,51426.65,51448,51418.7,51434.45,
2024-10-10T12:28:00+05:30,51436.75,51440.4,51419.25,51433.75,
2024-10-10T12:29:00+05:30,51432.9,51448.75,51413.5,51422.8,
2024-10-10T12:30:00+05:30,51425.6,51449.25,51423.9,51441.75,
2024-10-10T12:31:00+05:30,51443.25,51450.35,51419.1,51428.15,
2024-10-10T12:32:00+05:30,51427.65,51438.3,51426.15,51431.95,
2024-10-10T12:33:00+05:30,51433.75,51434.05,51411.55,51419.75,
2024-10-10T12:34:00+05:30,51417.1,51432.25,51408.95,51429.35,
2024-10-10T12:35:00+05:30,51426.8,51444,51425.25,51435.55,
2024-10-10T12:36:00+05:30,51437.9,51448.4,51427.45,51444.55,
2024-10-10T12:37:00+05:30,51439.65,51446.3,51419.05,51427.3,
2024-10-10T12:38:00+05:30,51425.55,51439.7,51424.6,51438.6,
2024-10-10T12:39:00+05:30,51435.1,51443.45,51427.2,51433.15,
2024-10-10T12:40:00+05:30,51426.25,51432.4,51418.6,51429.55,
2024-10-10T12:41:00+05:30,51429.4,51456,51424.8,51439.55,
2024-10-10T12:42:00+05:30,51438.85,51446.1,51430.7,51443.95,
2024-10-10T12:43:00+05:30,51445.65,51448.4,51429.9,51435.35,
2024-10-10T12:44:00+05:30,51435.6,51440.25,51419.1,51436.9,
2024-10-10T12:45:00+05:30,51437,51440.95,51425.4,51435.05,
2024-10-10T12:46:00+05:30,51436.7,51461.95,51430.35,51457.9,
2024-10-10T12:47:00+05:30,51458.85,51469.9,51449.35,51453.25,
2024-10-10T12:48:00+05:30,51453.4,51455.15,51432.55,51436.45,
2024-10-10T12:49:00+05:30,51440.45,51440.45,51423,51432.7,
2024-10-10T12:50:00+05:30,51433.95,51450.15,51429.2,51445.35,
2024-10-10T12:51:00+05:30,51447.05,51460.6,51444.45,51450,
2024-10-10T12:52:00+05:30,51448.9,51448.9,51419.25,51420.6,
2024-10-10T12:53:00+05:30,51422,51426.55,51401.7,51421.65,
2024-10-10T12:54:00+05:30,51418.6,51443.5,51415.75,51434.15,
2024-10-10T12:55:00+05:30,51431.65,51438.35,51421.5,51423.15,
2024-10-10T12:56:00+05:30,51426.45,51432.85,51396.9,51399,
2024-10-10T12:57:00+05:30,51399.7,51416,51395.7,51414.45,
2024-10-10T12:58:00+05:30,51412.55,51419.8,51404.1,51411.3,
2024-10-10T12:59:00+05:30,51409.05,51413.2,51401.65,51412.25,
2024-10-10T13:00:00+05:30,51413.75,51431.05,51403.85,51427.95,
2024-10-10T13:01:00+05:30,51425.15,51445.3,51424.95,51445.05,
2024-10-10T13:02:00+05:30,51441.1,51445.15,51427.65,51442.55,
2024-10-10T13:03:00+05:30,51441.3,51448.8,51436.55,51443.45,
2024-10-10T13:04:00+05:30,51447.35,51455.6,51442.55,51451,
2024-10-10T13:05:00+05:30,51452.2,51454.4,51428.85,51438.85,
2024-10-10T13:06:00+05:30,51437.55,51446.75,51432.15,51445,
2024-10-10T13:07:00+05:30,51444.5,51445.6,51430.15,51439.6,
2024-10-10T13:08:00+05:30,51434.75,51444.65,51429.6,51441.35,
2024-10-10T13:09:00+05:30,51441.35,51442.05,51416.6,51420.2,
2024-10-10T13:10:00+05:30,51419.75,51441.2,51417.7,51437.55,
2024-10-10T13:11:00+05:30,51438.5,51444.7,51430.65,51435.2,
2024-10-10T13:12:00+05:30,51435.35,51476.5,51435.35,51474.9,
2024-10-10T13:13:00+05:30,51475.35,51479.6,51460.7,51467.55,
2024-10-10T13:14:00+05:30,51467.8,51480.35,51459.25,51476.95,
2024-10-10T13:15:00+05:30,51478.4,51487.85,51466.25,51480.4,
2024-10-10T13:16:00+05:30,51477.85,51484.05,51471.9,51478.7,
2024-10-10T13:17:00+05:30,51478.65,51481.55,51450.1,51455,
2024-10-10T13:18:00+05:30,51451.2,51471.3,51446.6,51469.1,
2024-10-10T13:19:00+05:30,51467.5,51526.35,51466.95,51526.35,
2024-10-10T13:20:00+05:30,51522.25,51574.7,51522.25,51551.85,
2024-10-10T13:21:00+05:30,51549.75,51585.25,51528.9,51575.6,
2024-10-10T13:22:00+05:30,51573.15,51586.95,51556.8,51575.15,
2024-10-10T13:23:00+05:30,51578.7,51584.75,51568.7,51576.8,
2024-10-10T13:24:00+05:30,51573.25,51599.95,51570.15,51588.4,
2024-10-10T13:25:00+05:30,51584.35,51589.15,51575.95,51582.25,
2024-10-10T13:26:00+05:30,51581.85,51602.75,51574.25,51602.75,
2024-10-10T13:27:00+05:30,51595,51630.35,51592.9,51613.1,
2024-10-10T13:28:00+05:30,51604.45,51616.05,51585.45,51588.3,
2024-10-10T13:29:00+05:30,51591.2,51591.2,51562.3,51563.85,
2024-10-10T13:30:00+05:30,51564.7,51588.1,51564.7,51580.85,
2024-10-10T13:31:00+05:30,51576.9,51599.25,51574.65,51591.75,
2024-10-10T13:32:00+05:30,51591.95,51593.6,51570.15,51572.95,
2024-10-10T13:33:00+05:30,51573.75,51575.25,51523.3,51523.3,
2024-10-10T13:34:00+05:30,51523.15,51542.1,51516.3,51537.5,
2024-10-10T13:35:00+05:30,51534.75,51565.9,51531,51561.6,
2024-10-10T13:36:00+05:30,51561.95,51565.05,51549.85,51562.1,
2024-10-10T13:37:00+05:30,51559.65,51568.2,51549.2,51554.9,
2024-10-10T13:38:00+05:30,51556.6,51560.85,51521.35,51521.55,
2024-10-10T13:39:00+05:30,51524.75,51544.15,51520.05,51539.4,
2024-10-10T13:40:00+05:30,51537.95,51557.6,51537.95,51544.5,
2024-10-10T13:41:00+05:30,51544.45,51557.75,51540.5,51544.3,
2024-10-10T13:42:00+05:30,51543.3,51546.2,51524,51531.3,
2024-10-10T13:43:00+05:30,51531.35,51559.5,51525.85,51546.65,
2024-10-10T13:44:00+05:30,51547.25,51559.4,51544.5,51557,
2024-10-10T13:45:00+05:30,51556.45,51561.05,51529.95,51531.35,
2024-10-10T13:46:00+05:30,51531.45,51535.5,51513.1,51518.4,
2024-10-10T13:47:00+05:30,51518.35,51540.1,51518.35,51532.3,
2024-10-10T13:48:00+05:30,51530.65,51540.65,51524.65,51530.55,
2024-10-10T13:49:00+05:30,51533.25,51549.9,51527.4,51546.25,
2024-10-10T13:50:00+05:30,51550.3,51555.4,51537.6,51541.8,
2024-10-10T13:51:00+05:30,51541.1,51548.35,51525.45,51532.65,
2024-10-10T13:52:00+05:30,51531.45,51534.5,51506.35,51510.2,
2024-10-10T13:53:00+05:30,51510.1,51511.25,51482.8,51496.8,
2024-10-10T13:54:00+05:30,51492.2,51508.4,51480.8,51497.1,
2024-10-10T13:55:00+05:30,51492.05,51520.5,51490.55,51517.1,
2024-10-10T13:56:00+05:30,51520.85,51537.5,51514.25,51537.5,
2024-10-10T13:57:00+05:30,51533.15,51549.5,51531.6,51540.1,
2024-10-10T13:58:00+05:30,51536.8,51554.75,51534.8,51550.85,
2024-10-10T13:59:00+05:30,51550.55,51575.6,51546.45,51556.95,
2024-10-10T14:00:00+05:30,51559.7,51562.6,51542.75,51551.7,
2024-10-10T14:01:00+05:30,51553.3,51573.1,51547.8,51553.45,
2024-10-10T14:02:00+05:30,51564.05,51566,51541.1,51544.05,
2024-10-10T14:03:00+05:30,51547.35,51547.35,51525.45,51532.3,
2024-10-10T14:04:00+05:30,51536.95,51571.05,51531.75,51555.75,
2024-10-10T14:05:00+05:30,51562.65,51563.1,51527.8,51542.25,
2024-10-10T14:06:00+05:30,51546.45,51548.45,51527.05,51542.55,
2024-10-10T14:07:00+05:30,51546.6,51556.7,51537.75,51546.25,
2024-10-10T14:08:00+05:30,51550.55,51557.35,51534.6,51546,
2024-10-10T14:09:00+05:30,51551,51554.35,51537.7,51553.8,
2024-10-10T14:10:00+05:30,51562,51575.2,51549.2,51570.35,
2024-10-10T14:11:00+05:30,51565.1,51576.8,51549.7,51561.75,
2024-10-10T14:12:00+05:30,51557.95,51570.85,51552.25,51562.15,
2024-10-10T14:13:00+05:30,51559.45,51577.55,51556.15,51565.4,
2024-10-10T14:14:00+05:30,51564.45,51585.6,51558.6,51566.2,
2024-10-10T14:15:00+05:30,51561.2,51583.9,51561.2,51577.65,
2024-10-10T14:16:00+05:30,51577.45,51587.7,51556.05,51560.75,
2024-10-10T14:17:00+05:30,51558.55,51589.3,51558.55,51588.65,
2024-10-10T14:18:00+05:30,51589.9,51607.4,51574.55,51602.65,
2024-10-10T14:19:00+05:30,51599.95,51616.4,51597.75,51604.95,
2024-10-10T14:20:00+05:30,51600.55,51604.45,51581,51586.9,
2024-10-10T14:21:00+05:30,51584.4,51605.2,51579.7,51601.35,
2024-10-10T14:22:00+05:30,51600.25,51609.85,51592.8,51607.9,
2024-10-10T14:23:00+05:30,51608.35,51626.45,51599.7,51612.7,
2024-10-10T14:24:00+05:30,51612.35,51637.85,51612.35,51625.6,
2024-10-10T14:25:00+05:30,51625.4,51652.25,51620.15,51622.55,
2024-10-10T14:26:00+05:30,51630.8,51639.35,51603.65,51605.2,
2024-10-10T14:27:00+05:30,51606.75,51617.85,51584.25,51589.1,
2024-10-10T14:28:00+05:30,51587.45,51601.05,51581.15,51597.7,
2024-10-10T14:29:00+05:30,51598.95,51620.2,51594.4,51613.2,
2024-10-10T14:30:00+05:30,51611.1,51614.7,51595.55,51612.2,
2024-10-10T14:31:00+05:30,51607.75,51623.65,51604.1,51623.05,
2024-10-10T14:32:00+05:30,51618.3,51641.95,51610.45,51639.3,
2024-10-10T14:33:00+05:30,51636.95,51645.1,51623.45,51636.15,
2024-10-10T14:34:00+05:30,51631.85,51645.8,51620.3,51628.45,
2024-10-10T14:35:00+05:30,51632.4,51651.1,51630.85,51640.9,
2024-10-10T14:36:00+05:30,51642.55,51645.5,51590.6,51593.3,
2024-10-10T14:37:00+05:30,51597.8,51640.9,51596.1,51636.7,
2024-10-10T14:38:00+05:30,51630.8,51652.7,51627.4,51646.35,
2024-10-10T14:39:00+05:30,51643.55,51650.65,51623.4,51629.3,
2024-10-10T14:40:00+05:30,51625.05,51633.2,51611.5,51611.5,
2024-10-10T14:41:00+05:30,51606.65,51631.6,51606.2,51626.65,
2024-10-10T14:42:00+05:30,51628,51651.5,51624.8,51647.2,
2024-10-10T14:43:00+05:30,51648.85,51659.45,51642.55,51645,
2024-10-10T14:44:00+05:30,51645.55,51657.6,51634.35,51647.6,
2024-10-10T14:45:00+05:30,51651.35,51651.35,51621.8,51635.3,
2024-10-10T14:46:00+05:30,51636.15,51647.45,51628.6,51632.85,
2024-10-10T14:47:00+05:30,51633.6,51633.6,51601.6,51614.8,
2024-10-10T14:48:00+05:30,51611.75,51633.2,51611.75,51632.85,
2024-10-10T14:49:00+05:30,51632.75,51632.75,51603.3,51603.3,
2024-10-10T14:50:00+05:30,51607.05,51627.75,51602.95,51622.9,
2024-10-10T14:51:00+05:30,51622.05,51625.55,51601.85,51602.4,
2024-10-10T14:52:00+05:30,51602.1,51614.25,51599.5,51611.25,
2024-10-10T14:53:00+05:30,51611.75,51621.4,51603.3,51606.5,
2024-10-10T14:54:00+05:30,51606.2,51620.35,51599.3,51615.65,
2024-10-10T14:55:00+05:30,51611.25,51615.9,51553.45,51569.05,
2024-10-10T14:56:00+05:30,51561.5,51569.1,51542.25,51546.95,
2024-10-10T14:57:00+05:30,51546.75,51576,51540.25,51570.6,
2024-10-10T14:58:00+05:30,51570.85,51573.25,51547.55,51568.5,
2024-10-10T14:59:00+05:30,51565.95,51580.95,51556.1,51559.3,
2024-10-10T15:00:00+05:30,51561.3,51562.95,51515.95,51537.65,
2024-10-10T15:01:00+05:30,51537.1,51540.5,51516.7,51538.8,
2024-10-10T15:02:00+05:30,51538.75,51556.7,51535.25,51546.95,
2024-10-10T15:03:00+05:30,51552.35,51571.15,51541.8,51557.8,
2024-10-10T15:04:00+05:30,51554.95,51573,51554.95,51564.15,
2024-10-10T15:05:00+05:30,51564.95,51572,51543.65,51563.6,
2024-10-10T15:06:00+05:30,51567,51568.3,51542.6,51550,
2024-10-10T15:07:00+05:30,51548.05,51558.6,51533.5,51547.9,
2024-10-10T15:08:00+05:30,51549,51561.45,51547.6,51556.95,
2024-10-10T15:09:00+05:30,51556.6,51569.1,51546,51567.3,
2024-10-10T15:10:00+05:30,51565.9,51569.05,51539.35,51550.8,
2024-10-10T15:11:00+05:30,51555.2,51573.55,51543.4,51547.35,
2024-10-10T15:12:00+05:30,51546.1,51554.6,51541.6,51546.45,
2024-10-10T15:13:00+05:30,51545.75,51548.35,51528,51534.45,
2024-10-10T15:14:00+05:30,51535,51538.55,51530.1,51531.5,
2024-10-10T15:15:00+05:30,51530.35,51533.65,51500.95,51501,
2024-10-10T15:16:00+05:30,51501.65,51508.1,51495.95,51508.1,
2024-10-10T15:17:00+05:30,51507.5,51516.1,51501.6,51504.15,
2024-10-10T15:18:00+05:30,51504.3,51507.9,51496.65,51504.95,
2024-10-10T15:19:00+05:30,51509.7,51535.8,51505.3,51514.1,
2024-10-10T15:20:00+05:30,51514.15,51532.55,51510.25,51517.15,
2024-10-10T15:21:00+05:30,51515.75,51524.25,51515.6,51517.3,
2024-10-10T15:22:00+05:30,51519.1,51521.7,51508.35,51515.4,
2024-10-10T15:23:00+05:30,51516.05,51528.55,51511.8,51524.4,
2024-10-10T15:24:00+05:30,51525.75,51532.4,51508.1,51516.35,
2024-10-10T15:25:00+05:30,51515.95,51519.4,51500.45,51511.85,
2024-10-10T15:26:00+05:30,51517.5,51520.9,51503.25,51506.9,
2024-10-10T15:27:00+05:30,51508.95,51518.1,51503.5,51508.5,
2024-10-10T15:28:00+05:30,51512.25,51513.7,51495.45,51499.15,
2024-10-10T15:29:00+05:30,51498.05,51533.4,51493.15,51533.4,
2024-10-11T09:15:00+05:30,51491.9,51560,51364.35,51403.5,
2024-10-11T09:16:00+05:30,51406.7,51416.1,51339.9,51339.9,
2024-10-11T09:17:00+05:30,51349.6,51349.6,51301.9,51331.15,
2024-10-11T09:18:00+05:30,51330.45,51369.85,51318,51359.85,
2024-10-11T09:19:00+05:30,51362.9,51409.1,51340.5,51396.85,
2024-10-11T09:20:00+05:30,51396.15,51396.15,51311.8,51347.1,
2024-10-11T09:21:00+05:30,51348,51362.7,51333.9,51358.3,
2024-10-11T09:22:00+05:30,51360.65,51391.15,51360.55,51387.1,
2024-10-11T09:23:00+05:30,51387.15,51387.75,51332.65,51337.95,
2024-10-11T09:24:00+05:30,51339.25,51340.05,51319.8,51336.05,
2024-10-11T09:25:00+05:30,51336.6,51375.2,51320.75,51375.2,
2024-10-11T09:26:00+05:30,51370.75,51390.6,51353.15,51353.15,
2024-10-11T09:27:00+05:30,51352,51376.3,51321,51375.05,
2024-10-11T09:28:00+05:30,51379.9,51387.45,51352.4,51352.4,
2024-10-11T09:29:00+05:30,51356.6,51367.9,51337.85,51340.2,
2024-10-11T09:30:00+05:30,51342.8,51354.15,51328.5,51330,
2024-10-11T09:31:00+05:30,51331.6,51331.6,51272.6,51307.35,
2024-10-11T09:32:00+05:30,51307.95,51328,51297.4,51328,
2024-10-11T09:33:00+05:30,51326.95,51365.2,51326.55,51365.2,
2024-10-11T09:34:00+05:30,51366.1,51376.9,51335.9,51348.95,
2024-10-11T09:35:00+05:30,51348.75,51363.05,51345.1,51362.6,
2024-10-11T09:36:00+05:30,51363.5,51369.2,51326.8,51342.05,
2024-10-11T09:37:00+05:30,51345.15,51371.5,51343.55,51367.85,
2024-10-11T09:38:00+05:30,51368.55,51394,51366.3,51389.35,
2024-10-11T09:39:00+05:30,51393.2,51396.25,51373,51375.15,
2024-10-11T09:40:00+05:30,51374.6,51376.7,51346.25,51356.5,
2024-10-11T09:41:00+05:30,51356.35,51384.75,51352.3,51369.35,
2024-10-11T09:42:00+05:30,51370.15,51370.6,51337.9,51339,
2024-10-11T09:43:00+05:30,51337.65,51379.9,51336.05,51367.15,
2024-10-11T09:44:00+05:30,51367.15,51373.65,51343.25,51351.8,
2024-10-11T09:45:00+05:30,51351.05,51406.8,51351.05,51406.8,
2024-10-11T09:46:00+05:30,51403.5,51428.6,51397,51419.5,
2024-10-11T09:47:00+05:30,51417.95,51421.2,51401.85,51406.45,
2024-10-11T09:48:00+05:30,51404.85,51414.7,51390.05,51410.55,
2024-10-11T09:49:00+05:30,51414.7,51426.65,51403.7,51426.55,
2024-10-11T09:50:00+05:30,51425.5,51468.7,51419.6,51465.5,
2024-10-11T09:51:00+05:30,51457.35,51527.3,51444.9,51518.45,
2024-10-11T09:52:00+05:30,51518.8,51520.4,51484.4,51495.45,
2024-10-11T09:53:00+05:30,51496.6,51514.25,51483.45,51508.85,
2024-10-11T09:54:00+05:30,51514.4,51520.05,51489.45,51492.55,
2024-10-11T09:55:00+05:30,51496.1,51532.9,51487.05,51526.35,
2024-10-11T09:56:00+05:30,51530.5,51530.5,51497.1,51504,
2024-10-11T09:57:00+05:30,51494.9,51509.75,51486.8,51492.15,
2024-10-11T09:58:00+05:30,51488,51497.45,51481.65,51489.5,
2024-10-11T09:59:00+05:30,51490.65,51490.65,51464,51469.05,
2024-10-11T10:00:00+05:30,51471,51504.95,51468.75,51480.2,
2024-10-11T10:01:00+05:30,51483.05,51484.65,51460.7,51468.75,
2024-10-11T10:02:00+05:30,51470.5,51488.15,51450.7,51459.45,
2024-10-11T10:03:00+05:30,51455.8,51461.8,51433.25,51452.25,
2024-10-11T10:04:00+05:30,51452.75,51479.7,51452.35,51465.35,
2024-10-11T10:05:00+05:30,51463.7,51483.15,51463.7,51476.35,
2024-10-11T10:06:00+05:30,51476.9,51484.05,51458.5,51459.65,
2024-10-11T10:07:00+05:30,51461.5,51484.85,51449.85,51475.15,
2024-10-11T10:08:00+05:30,51480.85,51491.25,51468.1,51485.45,
2024-10-11T10:09:00+05:30,51484.6,51496,51479,51495.45,
2024-10-11T10:10:00+05:30,51496.05,51516.35,51495.25,51506.35,
2024-10-11T10:11:00+05:30,51505.95,51514.55,51495.55,51507.6,
2024-10-11T10:12:00+05:30,51507.45,51522.45,51500.7,51512.3,
2024-10-11T10:13:00+05:30,51513.05,51534.9,51512.15,51526.45,
2024-10-11T10:14:00+05:30,51531.7,51543.25,51522.65,51538.65,
2024-10-11T10:15:00+05:30,51537.9,51543.35,51501.6,51501.9,
2024-10-11T10:16:00+05:30,51502,51517.5,51496,51516.4,
2024-10-11T10:17:00+05:30,51516.45,51526.15,51505.55,51514.95,
2024-10-11T10:18:00+05:30,51513.95,51513.95,51497.9,51502.55,
2024-10-11T10:19:00+05:30,51506.9,51519.15,51500.4,51506.05,
2024-10-11T10:20:00+05:30,51511.8,51513.25,51491.7,51494.75,
2024-10-11T10:21:00+05:30,51495.8,51504.55,51474.85,51500,
2024-10-11T10:22:00+05:30,51498.2,51498.8,51476.65,51480.55,
2024-10-11T10:23:00+05:30,51480.75,51489.9,51477.6,51481.25,
2024-10-11T10:24:00+05:30,51481.35,51494.8,51477.65,51478.45,
2024-10-11T10:25:00+05:30,51483.65,51491.95,51475.85,51487.25,
2024-10-11T10:26:00+05:30,51491.55,51500.2,51483.2,51494.8,
2024-10-11T10:27:00+05:30,51496,51497.35,51475.9,51480.65,
2024-10-11T10:28:00+05:30,51481,51484,51441.6,51465,
2024-10-11T10:29:00+05:30,51464.2,51467.1,51453.05,51463.55,
2024-10-11T10:30:00+05:30,51462.5,51472.7,51451.55,51468.1,
2024-10-11T10:31:00+05:30,51467.8,51471.9,51456.45,51462.05,
2024-10-11T10:32:00+05:30,51463.7,51483.4,51462.25,51465.85,
2024-10-11T10:33:00+05:30,51474.35,51476.3,51459.45,51462.05,
2024-10-11T10:34:00+05:30,51462.7,51468.15,51451.1,51452.6,
2024-10-11T10:35:00+05:30,51453.75,51453.75,51388.4,51393.3,
2024-10-11T10:36:00+05:30,51391.1,51406.55,51384.45,51400.7,
2024-10-11T10:37:00+05:30,51400.85,51423.15,51396.1,51401.55,
2024-10-11T10:38:00+05:30,51400.7,51413.35,51392.05,51400.35,
2024-10-11T10:39:00+05:30,51409.3,51412.65,51386.1,51393.6,
2024-10-11T10:40:00+05:30,51391.8,51394.35,51336.7,51354.7,
2024-10-11T10:41:00+05:30,51357.55,51357.55,51335,51347.55,
2024-10-11T10:42:00+05:30,51349.7,51357.55,51330.2,51332.45,
2024-10-11T10:43:00+05:30,51334.7,51344.05,51328.35,51339.7,
2024-10-11T10:44:00+05:30,51338.75,51356.85,51337.05,51348.35,
2024-10-11T10:45:00+05:30,51348.45,51351.45,51322.95,51324.5,
2024-10-11T10:46:00+05:30,51326.15,51356.5,51317.25,51352.05,
2024-10-11T10:47:00+05:30,51352.5,51371.1,51347.3,51352.5,
2024-10-11T10:48:00+05:30,51352.45,51362.25,51346.35,51346.35,
2024-10-11T10:49:00+05:30,51345.6,51361.15,51345.6,51361.15,
2024-10-11T10:50:00+05:30,51361.3,51367.6,51347.15,51348.65,
2024-10-11T10:51:00+05:30,51348.65,51348.65,51328.8,51332.4,
2024-10-11T10:52:00+05:30,51331.8,51338.55,51324.4,51338.55,
2024-10-11T10:53:00+05:30,51337.55,51357.6,51336.4,51355.55,
2024-10-11T10:54:00+05:30,51354.85,51354.85,51335.8,51341,
2024-10-11T10:55:00+05:30,51343.25,51344.6,51323.85,51325.2,
2024-10-11T10:56:00+05:30,51325.85,51327.4,51290.8,51300.6,
2024-10-11T10:57:00+05:30,51299.9,51301.2,51266,51266,
2024-10-11T10:58:00+05:30,51271.65,51277.35,51249.35,51275.5,
2024-10-11T10:59:00+05:30,51276.05,51276.05,51245.6,51246.35,
2024-10-11T11:00:00+05:30,51249.9,51255.05,51236.35,51240.45,
2024-10-11T11:01:00+05:30,51239.95,51254.5,51239.95,51254.5,
2024-10-11T11:02:00+05:30,51255.05,51258,51213.3,51220.75,
2024-10-11T11:03:00+05:30,51223,51253.35,51217.95,51247.4,
2024-10-11T11:04:00+05:30,51247.7,51248.25,51213.2,51213.9,
2024-10-11T11:05:00+05:30,51213.45,51218.5,51170.9,51205.4,
2024-10-11T11:06:00+05:30,51206.3,51206.3,51174.45,51186.05,
2024-10-11T11:07:00+05:30,51187.1,51226.7,51186.95,51226.7,
2024-10-11T11:08:00+05:30,51227.05,51227.05,51205.95,51210.25,
2024-10-11T11:09:00+05:30,51211.1,51217.7,51188.35,51189,
2024-10-11T11:10:00+05:30,51188.4,51196.85,51177.75,51193.25,
2024-10-11T11:11:00+05:30,51193.3,51223.9,51189.55,51219.4,
2024-10-11T11:12:00+05:30,51219.75,51222.5,51195.75,51199.35,
2024-10-11T11:13:00+05:30,51202.2,51207.7,51196.2,51201.8,
2024-10-11T11:14:00+05:30,51201.4,51203.35,51187.8,51189.15,
2024-10-11T11:15:00+05:30,51187.65,51205.6,51187.65,51198.45,
2024-10-11T11:16:00+05:30,51197.6,51227,51197.6,51213.35,
2024-10-11T11:17:00+05:30,51213.15,51214.15,51177.7,51177.8,
2024-10-11T11:18:00+05:30,51180.4,51183.05,51126.9,51137.75,
2024-10-11T11:19:00+05:30,51137.6,51140.15,51106.9,51117.25,
2024-10-11T11:20:00+05:30,51117.4,51141.7,51105.1,51136.85,
2024-10-11T11:21:00+05:30,51135.9,51143.05,51120.35,51128.1,
2024-10-11T11:22:00+05:30,51126.95,51134.3,51115.65,51129.95,
2024-10-11T11:23:00+05:30,51125.4,51132.85,51095.05,51100.35,
2024-10-11T11:24:00+05:30,51101.1,51120.9,51100.15,51108.75,
2024-10-11T11:25:00+05:30,51111.25,51112.15,51093.65,51096.4,
2024-10-11T11:26:00+05:30,51094.95,51096.35,51061.8,51082.9,
2024-10-11T11:27:00+05:30,51084.45,51088.65,51065.05,51068.8,
2024-10-11T11:28:00+05:30,51069.35,51082.55,51053.2,51078.8,
2024-10-11T11:29:00+05:30,51079.6,51084.55,51045.15,51049.8,
2024-10-11T11:30:00+05:30,51049.3,51050.8,51006.2,51010.75,
2024-10-11T11:31:00+05:30,51012.25,51070.25,51006.2,51070.25,
2024-10-11T11:32:00+05:30,51068.8,51090.05,51051.7,51088.85,
2024-10-11T11:33:00+05:30,51081.8,51088.25,51049.85,51050.4,
2024-10-11T11:34:00+05:30,51050.4,51050.4,51005.85,51023.3,
2024-10-11T11:35:00+05:30,51016.55,51034.2,51016.55,51031.7,
2024-10-11T11:36:00+05:30,51031.9,51052.2,51031.4,51039.05,
2024-10-11T11:37:00+05:30,51040.65,51043.9,51014.65,51016.85,
2024-10-11T11:38:00+05:30,51017.45,51050,51017.45,51046.95,
2024-10-11T11:39:00+05:30,51046.75,51050.35,51031.95,51031.95,
2024-10-11T11:40:00+05:30,51035.4,51037.15,51022.6,51025.75,
2024-10-11T11:41:00+05:30,51024.85,51059.75,51018.5,51059.75,
2024-10-11T11:42:00+05:30,51059.1,51085.3,51058.75,51066.55,
2024-10-11T11:43:00+05:30,51066.2,51076.3,51063.7,51072.75,
2024-10-11T11:44:00+05:30,51070.95,51078.6,51061.6,51062.95,
2024-10-11T11:45:00+05:30,51063.5,51066.2,51032.5,51036.6,
2024-10-11T11:46:00+05:30,51037.25,51045.45,51023.2,51037.85,
2024-10-11T11:47:00+05:30,51034.45,51085.55,51034.4,51085.55,
2024-10-11T11:48:00+05:30,51086.55,51089.3,51050.1,51054.3,
2024-10-11T11:49:00+05:30,51057.5,51067.7,51050.65,51055.6,
2024-10-11T11:50:00+05:30,51056.1,51080.55,51051.3,51076.9,
2024-10-11T11:51:00+05:30,51075.65,51111.75,51074.45,51106.15,
2024-10-11T11:52:00+05:30,51103.85,51107,51082.95,51090.4,
2024-10-11T11:53:00+05:30,51090,51092.9,51068.85,51070.2,
2024-10-11T11:54:00+05:30,51067.95,51085.8,51063.6,51085.8,
2024-10-11T11:55:00+05:30,51085.7,51090.65,51076.45,51085.25,
2024-10-11T11:56:00+05:30,51085,51097.8,51078.8,51094.4,
2024-10-11T11:57:00+05:30,51095.4,51095.6,51083.15,51094.65,
2024-10-11T11:58:00+05:30,51099.3,51109.55,51094.45,51099.9,
2024-10-11T11:59:00+05:30,51096.65,51102.1,51082.5,51085.35,
2024-10-11T12:00:00+05:30,51086.25,51090.05,51064.05,51064.65,
2024-10-11T12:01:00+05:30,51066,51074.3,51064.25,51069.7,
2024-10-11T12:02:00+05:30,51068.1,51100.35,51067.85,51090.8,
2024-10-11T12:03:00+05:30,51090.4,51120.3,51089.3,51119.45,
2024-10-11T12:04:00+05:30,51119.6,51121,51103.1,51107.25,
2024-10-11T12:05:00+05:30,51106.4,51126.05,51105.7,51114.35,
2024-10-11T12:06:00+05:30,51119.9,51120.5,51097.8,51098.05,
2024-10-11T12:07:00+05:30,51096.85,51104.5,51090.85,51093.95,
2024-10-11T12:08:00+05:30,51095.05,51095.05,51078.8,51078.95,
2024-10-11T12:09:00+05:30,51079.3,51093.6,51076.05,51090.15,
2024-10-11T12:10:00+05:30,51090.15,51096.75,51077.7,51082.35,
2024-10-11T12:11:00+05:30,51082.85,51083.2,51055.95,51064.7,
2024-10-11T12:12:00+05:30,51065.05,51074.5,51061.85,51072.7,
2024-10-11T12:13:00+05:30,51071.35,51078.4,51065.4,51077.25,
2024-10-11T12:14:00+05:30,51072,51090.5,51072,51087.9,
2024-10-11T12:15:00+05:30,51088.5,51101.5,51083.45,51100.65,
2024-10-11T12:16:00+05:30,51101.3,51102.75,51091.75,51096.5,
2024-10-11T12:17:00+05:30,51094.75,51119.8,51094.75,51117.05,
2024-10-11T12:18:00+05:30,51119.5,51120.85,51107.5,51113.55,
2024-10-11T12:19:00+05:30,51113.35,51120.1,51109.9,51114.7,
2024-10-11T12:20:00+05:30,51118.4,51135.35,51116.45,51124.6,
2024-10-11T12:21:00+05:30,51131.5,51148,51127.1,51136.15,
2024-10-11T12:22:00+05:30,51139.6,51139.8,51113.4,51121.45,
2024-10-11T12:23:00+05:30,51121.9,51123.3,51108.65,51116.3,
2024-10-11T12:24:00+05:30,51116.2,51126.7,51114.9,51119.4,
2024-10-11T12:25:00+05:30,51126.5,51146.85,51121.15,51140.5,
2024-10-11T12:26:00+05:30,51149.05,51159.85,51139.85,51154.95,
2024-10-11T12:27:00+05:30,51155.1,51167.25,51150.05,51161.9,
2024-10-11T12:28:00+05:30,51165.45,51168.2,51156,51157.35,
2024-10-11T12:29:00+05:30,51161.95,51175.85,51156.2,51170.6,
2024-10-11T12:30:00+05:30,51170.95,51176.8,51152.7,51152.7,
2024-10-11T12:31:00+05:30,51156.1,51160.1,51142.25,51145.65,
2024-10-11T12:32:00+05:30,51142.45,51166.6,51142.45,51161.9,
2024-10-11T12:33:00+05:30,51161.6,51161.9,51145,51148.2,
2024-10-11T12:34:00+05:30,51149.35,51156.85,51147.85,51152,
2024-10-11T12:35:00+05:30,51152.6,51156.1,51130.1,51137.3,
2024-10-11T12:36:00+05:30,51138.9,51141.05,51126.7,51138.35,
2024-10-11T12:37:00+05:30,51140.4,51153.25,51140.4,51147.65,
2024-10-11T12:38:00+05:30,51151.75,51154.8,51132.05,51132.05,
2024-10-11T12:39:00+05:30,51135.4,51145.8,51133.25,51145.3,
2024-10-11T12:40:00+05:30,51145,51153.6,51137.5,51150.75,
2024-10-11T12:41:00+05:30,51151.15,51153.05,51119.9,51131.6,
2024-10-11T12:42:00+05:30,51132.15,51142.55,51129.45,51135,
2024-10-11T12:43:00+05:30,51133.35,51135.15,51109.1,51112.3,
2024-10-11T12:44:00+05:30,51111.1,51115.4,51098.55,51098.55,
2024-10-11T12:45:00+05:30,51102.7,51108.65,51094.8,51099.75,
2024-10-11T12:46:00+05:30,51101.85,51104.35,51093.95,51100.4,
2024-10-11T12:47:00+05:30,51102.6,51117.55,51099.1,51112,
2024-10-11T12:48:00+05:30,51112.35,51117.75,51103.6,51117.25,
2024-10-11T12:49:00+05:30,51119.5,51130.65,51118.4,51127.25,
2024-10-11T12:50:00+05:30,51129,51130,51121.05,51123.4,
2024-10-11T12:51:00+05:30,51124.95,51127.3,51102.65,51113.95,
2024-10-11T12:52:00+05:30,51116.85,51123.4,51113.6,51117.25,
2024-10-11T12:53:00+05:30,51121.85,51128.3,51114.65,51119.9,
2024-10-11T12:54:00+05:30,51117.85,51120.45,51099.15,51102.4,
2024-10-11T12:55:00+05:30,51100.8,51114.15,51097.45,51114.15,
2024-10-11T12:56:00+05:30,51109.7,51119.05,51105.65,51116,
2024-10-11T12:57:00+05:30,51112.05,51127,51111.05,51127,
2024-10-11T12:58:00+05:30,51126.6,51149.35,51122.15,51144.15,
2024-10-11T12:59:00+05:30,51143.5,51146.95,51133.65,51140.65,
2024-10-11T13:00:00+05:30,51137.8,51152.1,51134.75,51152.1,
2024-10-11T13:01:00+05:30,51151.3,51152.95,51137.4,51141.1,
2024-10-11T13:02:00+05:30,51138,51149.15,51137.95,51140.6,
2024-10-11T13:03:00+05:30,51143.4,51147.9,51126.95,51130,
2024-10-11T13:04:00+05:30,51130.85,51143.3,51127.55,51138.95,
2024-10-11T13:05:00+05:30,51142.05,51148.7,51139.45,51143.5,
2024-10-11T13:06:00+05:30,51147.9,51165.55,51147.55,51161.2,
2024-10-11T13:07:00+05:30,51158.1,51163.6,51150.6,51157.7,
2024-10-11T13:08:00+05:30,51157.3,51160.35,51149.65,51158.45,
2024-10-11T13:09:00+05:30,51157.65,51160.9,51149.95,51158.5,
2024-10-11T13:10:00+05:30,51156.45,51182.75,51154,51180.2,
2024-10-11T13:11:00+05:30,51180.05,51191.4,51177.1,51177.1,
2024-10-11T13:12:00+05:30,51176.9,51189.4,51176.85,51189.4,
2024-10-11T13:13:00+05:30,51185.45,51189.35,51177.55,51178.4,
2024-10-11T13:14:00+05:30,51181.9,51181.9,51166.45,51167.4,
2024-10-11T13:15:00+05:30,51166.35,51185.8,51166.25,51183.05,
2024-10-11T13:16:00+05:30,51183.8,51189.25,51178.35,51183.9,
2024-10-11T13:17:00+05:30,51183.05,51188.35,51178.45,51187.1,
2024-10-11T13:18:00+05:30,51186.1,51218.65,51183.2,51212.05,
2024-10-11T13:19:00+05:30,51213.85,51246.5,51203.95,51239.35,
2024-10-11T13:20:00+05:30,51239.2,51242.1,51221.6,51223.3,
2024-10-11T13:21:00+05:30,51221.25,51226.15,51192.25,51209.8,
2024-10-11T13:22:00+05:30,51206.5,51228.75,51203.15,51221.95,
2024-10-11T13:23:00+05:30,51221.9,51229.1,51217.9,51223.25,
2024-10-11T13:24:00+05:30,51221,51228.45,51208.4,51213.7,
2024-10-11T13:25:00+05:30,51214.45,51218.95,51196.85,51202.05,
2024-10-11T13:26:00+05:30,51203,51208.35,51195.1,51199.05,
2024-10-11T13:27:00+05:30,51199.65,51216.6,51198.85,51216.6,
2024-10-11T13:28:00+05:30,51215.75,51219.45,51208.75,51216.4,
2024-10-11T13:29:00+05:30,51217.7,51218.2,51200.3,51203.45,
2024-10-11T13:30:00+05:30,51201.45,51207.9,51197.65,51202,
2024-10-11T13:31:00+05:30,51203.05,51206.7,51192.95,51200.65,
2024-10-11T13:32:00+05:30,51202.75,51218.45,51199.6,51210.05,
2024-10-11T13:33:00+05:30,51209.85,51216.85,51202.05,51216.85,
2024-10-11T13:34:00+05:30,51217.7,51221.1,51207.7,51213.3,
2024-10-11T13:35:00+05:30,51214.25,51215.6,51182.4,51186.8,
2024-10-11T13:36:00+05:30,51189.65,51191,51146.35,51161.1,
2024-10-11T13:37:00+05:30,51160.5,51167.55,51141.8,51143.95,
2024-10-11T13:38:00+05:30,51144.7,51144.7,51127.35,51142.7,
2024-10-11T13:39:00+05:30,51140.55,51170.6,51133.8,51169.3,
2024-10-11T13:40:00+05:30,51170.7,51194.2,51168.2,51174.25,
2024-10-11T13:41:00+05:30,51174.3,51181.9,51158.75,51166.4,
2024-10-11T13:42:00+05:30,51161.75,51166.95,51137.65,51151.55,
2024-10-11T13:43:00+05:30,51155.9,51158.75,51122.55,51130.4,
2024-10-11T13:44:00+05:30,51131,51143.65,51129.6,51132.05,
2024-10-11T13:45:00+05:30,51130.75,51133.5,51111.15,51113.95,
2024-10-11T13:46:00+05:30,51112.9,51140.5,51112.9,51135.85,
2024-10-11T13:47:00+05:30,51135.85,51139.7,51130.85,51135.75,
2024-10-11T13:48:00+05:30,51135.05,51143.45,51128,51143.45,
2024-10-11T13:49:00+05:30,51141.45,51153.1,51138.5,51145.95,
2024-10-11T13:50:00+05:30,51146.35,51155.95,51135.65,51143.6,
2024-10-11T13:51:00+05:30,51142.8,51169.15,51134.8,51169.15,
2024-10-11T13:52:00+05:30,51168.45,51179.35,51151.45,51161.25,
2024-10-11T13:53:00+05:30,51160.95,51160.95,51142.1,51153.15,
2024-10-11T13:54:00+05:30,51150.65,51160.8,51150.65,51157.55,
2024-10-11T13:55:00+05:30,51156.3,51164.95,51152.6,51154.5,
2024-10-11T13:56:00+05:30,51158.95,51170.3,51150.6,51169.9,
2024-10-11T13:57:00+05:30,51165.7,51174.05,51158.55,51174.05,
2024-10-11T13:58:00+05:30,51172.95,51175.2,51156.7,51160.1,
2024-10-11T13:59:00+05:30,51159.2,51188.6,51153.15,51187.55,
2024-10-11T14:00:00+05:30,51186.75,51215.75,51183.05,51210.3,
2024-10-11T14:01:00+05:30,51208.25,51219.6,51207.15,51213.05,
2024-10-11T14:02:00+05:30,51212.4,51213.5,51199.1,51199.1,
2024-10-11T14:03:00+05:30,51199.25,51200.7,51177.85,51185.55,
2024-10-11T14:04:00+05:30,51184.3,51185.85,51157.15,51161.75,
2024-10-11T14:05:00+05:30,51160.95,51165.3,51147.25,51158.8,
2024-10-11T14:06:00+05:30,51165.35,51174.55,51159.2,51161.4,
2024-10-11T14:07:00+05:30,51160,51169.7,51154.15,51155.75,
2024-10-11T14:08:00+05:30,51156.85,51166.95,51150.2,51158.9,
2024-10-11T14:09:00+05:30,51154.2,51160.3,51125.55,51135.45,
2024-10-11T14:10:00+05:30,51135.1,51147.2,51134.6,51147.2,
2024-10-11T14:11:00+05:30,51145.3,51152.8,51139.25,51143.95,
2024-10-11T14:12:00+05:30,51146.25,51148.4,51140.35,51145.65,
2024-10-11T14:13:00+05:30,51147.95,51153.25,51142.85,51152.55,
2024-10-11T14:14:00+05:30,51148.25,51169.95,51146.2,51164.25,
2024-10-11T14:15:00+05:30,51167.45,51169.3,51142.2,51142.55,
2024-10-11T14:16:00+05:30,51145,51156.1,51144.55,51149.6,
2024-10-11T14:17:00+05:30,51146.3,51153.35,51138.05,51140.3,
2024-10-11T14:18:00+05:30,51141.6,51147.15,51135,51143.8,
2024-10-11T14:19:00+05:30,51146.85,51161.95,51143,51150.5,
2024-10-11T14:20:00+05:30,51147.45,51148.9,51118.3,51122.85,
2024-10-11T14:21:00+05:30,51120.05,51125.8,51113.25,51123.6,
2024-10-11T14:22:00+05:30,51121.25,51141.65,51118.6,51133.85,
2024-10-11T14:23:00+05:30,51145.65,51153.8,51134.5,51139.5,
2024-10-11T14:24:00+05:30,51137.1,51146.4,51133.65,51143.05,
2024-10-11T14:25:00+05:30,51148.65,51158.7,51143.05,51148.85,
2024-10-11T14:26:00+05:30,51150.8,51151.95,51131.65,51142.2,
2024-10-11T14:27:00+05:30,51141.8,51160.05,51138.65,51154.55,
2024-10-11T14:28:00+05:30,51154.35,51162.65,51144.15,51151.6,
2024-10-11T14:29:00+05:30,51147.1,51160.55,51145.05,51146.05,
2024-10-11T14:30:00+05:30,51144.25,51173.6,51144.25,51168.95,
2024-10-11T14:31:00+05:30,51168.3,51184.7,51165.85,51180.4,
2024-10-11T14:32:00+05:30,51179.4,51182,51172.05,51177.5,
2024-10-11T14:33:00+05:30,51173.75,51177.9,51164.6,51170.15,
2024-10-11T14:34:00+05:30,51168.65,51171,51150.6,51155.95,
2024-10-11T14:35:00+05:30,51151.5,51168.3,51147.8,51168.1,
2024-10-11T14:36:00+05:30,51168.95,51170.7,51152.7,51161.7,
2024-10-11T14:37:00+05:30,51159.1,51178.45,51158.6,51170.8,
2024-10-11T14:38:00+05:30,51166.6,51172.5,51157.45,51170.1,
2024-10-11T14:39:00+05:30,51163.9,51187.25,51163.45,51185.55,
2024-10-11T14:40:00+05:30,51186.05,51192.25,51174.35,51178.55,
2024-10-11T14:41:00+05:30,51178.45,51192.5,51168.35,51192.5,
2024-10-11T14:42:00+05:30,51193,51200.5,51169.9,51184.4,
2024-10-11T14:43:00+05:30,51179.3,51187,51165.25,51173.45,
2024-10-11T14:44:00+05:30,51171.55,51202.55,51167.45,51202.55,
2024-10-11T14:45:00+05:30,51193.15,51217.45,51191.4,51216,
2024-10-11T14:46:00+05:30,51216.1,51220.3,51188.6,51202.35,
2024-10-11T14:47:00+05:30,51198.3,51206.95,51192.9,51198.85,
2024-10-11T14:48:00+05:30,51197.75,51197.9,51176.05,51185.8,
2024-10-11T14:49:00+05:30,51183.95,51204.6,51183.2,51197.6,
2024-10-11T14:50:00+05:30,51197.35,51206.9,51190.05,51197.6,
2024-10-11T14:51:00+05:30,51192.45,51202.2,51190.65,51198.05,
2024-10-11T14:52:00+05:30,51197.7,51205.85,51192.2,51198.35,
2024-10-11T14:53:00+05:30,51194.95,51206.45,51189.1,51204.9,
2024-10-11T14:54:00+05:30,51204,51221.5,51202.9,51220.9,
2024-10-11T14:55:00+05:30,51215.7,51222.4,51201.15,51211.55,
2024-10-11T14:56:00+05:30,51211.75,51221.75,51203.75,51209.35,
2024-10-11T14:57:00+05:30,51209.7,51209.7,51181.9,51193.35,
2024-10-11T14:58:00+05:30,51185.4,51193.8,51171.2,51173.65,
2024-10-11T14:59:00+05:30,51171.4,51184.7,51164.3,51171.3,
2024-10-11T15:00:00+05:30,51165.4,51185.25,51164.25,51168.75,
2024-10-11T15:01:00+05:30,51168.75,51182.35,51160.5,51171.65,
2024-10-11T15:02:00+05:30,51175,51175,51156.65,51161.6,
2024-10-11T15:03:00+05:30,51160.3,51171.65,51154.05,51167.15,
2024-10-11T15:04:00+05:30,51163.05,51171,51148.75,51149.3,
2024-10-11T15:05:00+05:30,51149.5,51177.55,51147.35,51174.45,
2024-10-11T15:06:00+05:30,51176.1,51180.55,51160.8,51173.5,
2024-10-11T15:07:00+05:30,51172.8,51186.35,51158.2,51181,
2024-10-11T15:08:00+05:30,51182.3,51182.65,51166.45,51181.6,
2024-10-11T15:09:00+05:30,51178.95,51184.15,51165.2,51180.85,
2024-10-11T15:10:00+05:30,51177.25,51178.75,51158.25,51166.1,
2024-10-11T15:11:00+05:30,51166.4,51168.9,51145.3,51150.25,
2024-10-11T15:12:00+05:30,51151.9,51157.55,51141.35,51148.15,
2024-10-11T15:13:00+05:30,51147.7,51164.7,51143.2,51158.8,
2024-10-11T15:14:00+05:30,51161.55,51170.4,51156.5,51159.55,
2024-10-11T15:15:00+05:30,51160.55,51187.3,51151.8,51183,
2024-10-11T15:16:00+05:30,51184.25,51184.25,51169,51177.75,
2024-10-11T15:17:00+05:30,51182.45,51185.55,51165.8,51172,
2024-10-11T15:18:00+05:30,51176.95,51178.2,51164.2,51169.6,
2024-10-11T15:19:00+05:30,51166.8,51180.5,51158.3,51174.3,
2024-10-11T15:20:00+05:30,51179.35,51184.1,51164.15,51173.25,
2024-10-11T15:21:00+05:30,51172.45,51187.85,51169.45,51181,
2024-10-11T15:22:00+05:30,51179.55,51190.15,51169.25,51175.1,
2024-10-11T15:23:00+05:30,51176.05,51179.25,51162.75,51170.8,
2024-10-11T15:24:00+05:30,51172.6,51180.4,51158.95,51173.45,
2024-10-11T15:25:00+05:30,51174.9,51178.4,51163.85,51175.3,
2024-10-11T15:26:00+05:30,51180.25,51185.5,51165.25,51169.25,
2024-10-11T15:27:00+05:30,51171,51184.35,51163.5,51178.3,
2024-10-11T15:28:00+05:30,51182.45,51194.5,51171.25,51190.45,
2024-10-11T15:29:00+05:30,51184.15,51191.9,51164.35,51189.25,
2024-10-14T09:15:00+05:30,51263.25,51341.35,51220.85,51305.45,
2024-10-14T09:16:00+05:30,51306.5,51367.2,51301.75,51355.6,
2024-10-14T09:17:00+05:30,51364,51364,51321.6,51331.25,
2024-10-14T09:18:00+05:30,51329.15,51351.85,51321.95,51327.2,
2024-10-14T09:19:00+05:30,51332,51368,51325.35,51358.8,
2024-10-14T09:20:00+05:30,51357.9,51360.4,51326.75,51351.85,
2024-10-14T09:21:00+05:30,51355.15,51361.6,51299.5,51311,
2024-10-14T09:22:00+05:30,51311.45,51339.6,51311.45,51337.35,
2024-10-14T09:23:00+05:30,51338.1,51363.15,51332.85,51359.45,
2024-10-14T09:24:00+05:30,51363.2,51378.95,51358.7,51375,
2024-10-14T09:25:00+05:30,51377.55,51390.6,51366.85,51379.15,
2024-10-14T09:26:00+05:30,51377.45,51380.95,51343.8,51354.75,
2024-10-14T09:27:00+05:30,51355.65,51358.5,51338.25,51356.6,
2024-10-14T09:28:00+05:30,51360.95,51375,51352.6,51370.7,
2024-10-14T09:29:00+05:30,51369.05,51416.15,51365.1,51410.85,
2024-10-14T09:30:00+05:30,51411.95,51442.5,51407.15,51411.95,
2024-10-14T09:31:00+05:30,51419.15,51450,51419.15,51445.25,
2024-10-14T09:32:00+05:30,51440.7,51445.35,51398.9,51398.9,
2024-10-14T09:33:00+05:30,51398.15,51435.2,51392.6,51435.2,
2024-10-14T09:34:00+05:30,51433.75,51438.95,51417.9,51431.55,
2024-10-14T09:35:00+05:30,51432.1,51433.5,51407.75,51431,
2024-10-14T09:36:00+05:30,51431.5,51436.95,51422.15,51424.8,
2024-10-14T09:37:00+05:30,51427.75,51450.85,51421.2,51447.45,
2024-10-14T09:38:00+05:30,51449.85,51471.45,51449.85,51451.1,
2024-10-14T09:39:00+05:30,51449.1,51454.05,51431.5,51434,
2024-10-14T09:40:00+05:30,51431.45,51455.85,51431.45,51436.5,
2024-10-14T09:41:00+05:30,51438.05,51455.7,51428.6,51453.3,
2024-10-14T09:42:00+05:30,51453.2,51460.45,51446.75,51451.05,
2024-10-14T09:43:00+05:30,51454.25,51571.8,51453.45,51571.8,
2024-10-14T09:44:00+05:30,51577.2,51601.6,51556.85,51589.8,
2024-10-14T09:45:00+05:30,51587.45,51645.35,51587.45,51616.35,
2024-10-14T09:46:00+05:30,51619.6,51642.3,51618.95,51635.9,
2024-10-14T09:47:00+05:30,51632.65,51640.3,51618.85,51632.85,
2024-10-14T09:48:00+05:30,51634.95,51636.2,51598.25,51601,
2024-10-14T09:49:00+05:30,51593.6,51674.35,51590.95,51652.7,
2024-10-14T09:50:00+05:30,51653.75,51660.5,51640.45,51648.45,
2024-10-14T09:51:00+05:30,51650.6,51651.15,51629.7,51639.15,
2024-10-14T09:52:00+05:30,51639,51681.25,51625.95,51666.85,
2024-10-14T09:53:00+05:30,51666,51679.7,51652.8,51668.6,
2024-10-14T09:54:00+05:30,51666.65,51684.05,51646.75,51677.35,
2024-10-14T09:55:00+05:30,51672.8,51690.95,51647.45,51649.85,
2024-10-14T09:56:00+05:30,51652.15,51656.8,51615.4,51642.9,
2024-10-14T09:57:00+05:30,51642.05,51657.1,51634.6,51653.8,
2024-10-14T09:58:00+05:30,51651.55,51672.75,51643,51672.75,
2024-10-14T09:59:00+05:30,51669.75,51674.7,51652.65,51674.7,
2024-10-14T10:00:00+05:30,51671.95,51734.55,51671.95,51734.55,
2024-10-14T10:01:00+05:30,51732.45,51738.15,51699.5,51699.5,
2024-10-14T10:02:00+05:30,51701.5,51710.3,51679.95,51683.3,
2024-10-14T10:03:00+05:30,51684.95,51707.2,51684.75,51697.9,
2024-10-14T10:04:00+05:30,51696.2,51712.5,51689.45,51712.5,
2024-10-14T10:05:00+05:30,51704.8,51719.8,51700.1,51718.95,
2024-10-14T10:06:00+05:30,51716.65,51721.1,51683.85,51685.65,
2024-10-14T10:07:00+05:30,51684,51692.25,51661.05,51684.75,
2024-10-14T10:08:00+05:30,51680.25,51684.05,51662.35,51666.5,
2024-10-14T10:09:00+05:30,51668,51673.5,51642.75,51644.35,
2024-10-14T10:10:00+05:30,51649.15,51656.9,51641.05,51644.45,
2024-10-14T10:11:00+05:30,51645.15,51645.15,51608.2,51618,
2024-10-14T10:12:00+05:30,51619.5,51639.5,51608.85,51611.1,
2024-10-14T10:13:00+05:30,51613.25,51613.25,51587.1,51592.25,
2024-10-14T10:14:00+05:30,51594.4,51617.2,51593.45,51617.2,
2024-10-14T10:15:00+05:30,51615,51664.4,51615,51649.95,
2024-10-14T10:16:00+05:30,51652.75,51658.55,51623.4,51632,
2024-10-14T10:17:00+05:30,51633.1,51654.3,51628.55,51645.15,
2024-10-14T10:18:00+05:30,51644.2,51648.55,51623.65,51626.75,
2024-10-14T10:19:00+05:30,51627.1,51640.65,51624.55,51628.95,
2024-10-14T10:20:00+05:30,51633.8,51662.75,51630.5,51659.7,
2024-10-14T10:21:00+05:30,51664.75,51672.95,51655.7,51668.35,
2024-10-14T10:22:00+05:30,51666.3,51671.7,51659.55,51665.6,
2024-10-14T10:23:00+05:30,51665.85,51675,51662.6,51673.85,
2024-10-14T10:24:00+05:30,51672.85,51708.05,51672.65,51698.6,
2024-10-14T10:25:00+05:30,51701.1,51740.8,51695.45,51740.8,
2024-10-14T10:26:00+05:30,51736.75,51759.45,51727.65,51746.1,
2024-10-14T10:27:00+05:30,51746.45,51751.2,51731.15,51738.1,
2024-10-14T10:28:00+05:30,51734.75,51741,51727.95,51732.7,
2024-10-14T10:29:00+05:30,51733.95,51733.95,51709.75,51721.1,
2024-10-14T10:30:00+05:30,51719.05,51725.45,51700.35,51702.55,
2024-10-14T10:31:00+05:30,51700.05,51717.95,51692,51713.7,
2024-10-14T10:32:00+05:30,51717.25,51721.5,51710.5,51718.3,
2024-10-14T10:33:00+05:30,51718.5,51735.9,51708.1,51711.8,
2024-10-14T10:34:00+05:30,51712.8,51715.3,51689.7,51693.75,
2024-10-14T10:35:00+05:30,51691.65,51691.9,51673.9,51675.7,
2024-10-14T10:36:00+05:30,51675.7,51689.75,51675.7,51688.65,
2024-10-14T10:37:00+05:30,51690.4,51690.4,51670.55,51682.95,
2024-10-14T10:38:00+05:30,51678.1,51691.8,51672.65,51681.1,
2024-10-14T10:39:00+05:30,51682.05,51691.2,51672.65,51675.5,
2024-10-14T10:40:00+05:30,51678.65,51685.6,51673.05,51680.1,
2024-10-14T10:41:00+05:30,51682.6,51705.6,51681.4,51705.55,
2024-10-14T10:42:00+05:30,51701.1,51708.25,51684.8,51693,
2024-10-14T10:43:00+05:30,51693.25,51697.8,51663.25,51666.7,
2024-10-14T10:44:00+05:30,51669.05,51677.95,51648.95,51676.25,
2024-10-14T10:45:00+05:30,51676.15,51699.4,51676.15,51697.55,
2024-10-14T10:46:00+05:30,51698.6,51708.45,51694.9,51705.65,
2024-10-14T10:47:00+05:30,51706.35,51718.1,51704.75,51710.25,
2024-10-14T10:48:00+05:30,51710.15,51711.45,51695.5,51697.75,
2024-10-14T10:49:00+05:30,51698.35,51707.05,51692.05,51698.25,
2024-10-14T10:50:00+05:30,51698.25,51710.9,51694.05,51707.15,
2024-10-14T10:51:00+05:30,51708.2,51729.1,51704.45,51726.65,
2024-10-14T10:52:00+05:30,51729.95,51731.75,51705.15,51713.5,
2024-10-14T10:53:00+05:30,51712.05,51727.45,51696,51702.1,
2024-10-14T10:54:00+05:30,51697.5,51707.55,51690.85,51697.6,
2024-10-14T10:55:00+05:30,51699.05,51709.1,51684.95,51689.1,
2024-10-14T10:56:00+05:30,51687.85,51705.25,51679.8,51703.75,
2024-10-14T10:57:00+05:30,51702.65,51708.65,51689.5,51690.5,
2024-10-14T10:58:00+05:30,51689.9,51693.2,51679.2,51687.45,
2024-10-14T10:59:00+05:30,51685.45,51696.9,51683.1,51691.25,
2024-10-14T11:00:00+05:30,51696.2,51716.15,51689.2,51712.15,
2024-10-14T11:01:00+05:30,51712.75,51715.75,51699.75,51706.35,
2024-10-14T11:02:00+05:30,51708.8,51708.8,51689,51691.4,
2024-10-14T11:03:00+05:30,51692.9,51701.65,51686.8,51686.8,
2024-10-14T11:04:00+05:30,51689.65,51693.65,51678.05,51681.15,
2024-10-14T11:05:00+05:30,51686.1,51705.9,51682.15,51700.4,
2024-10-14T11:06:00+05:30,51700.75,51705.85,51687.3,51697.35,
2024-10-14T11:07:00+05:30,51698.4,51723.55,51693.55,51714.95,
2024-10-14T11:08:00+05:30,51720.2,51730.3,51714.1,51716.6,
2024-10-14T11:09:00+05:30,51720.7,51730.25,51717.8,51725.8,
2024-10-14T11:10:00+05:30,51726.2,51735.3,51716.45,51720.4,
2024-10-14T11:11:00+05:30,51719.8,51726.7,51712.7,51723.85,
2024-10-14T11:12:00+05:30,51725.2,51738.9,51718.45,51735,
2024-10-14T11:13:00+05:30,51736.45,51737.65,51725.1,51728.6,
2024-10-14T11:14:00+05:30,51728.6,51752.3,51728.6,51738.3,
2024-10-14T11:15:00+05:30,51741.25,51792.25,51734.85,51757.4,
2024-10-14T11:16:00+05:30,51758.65,51768.95,51751.25,51754.9,
2024-10-14T11:17:00+05:30,51755.55,51760.2,51744.45,51749.5,
2024-10-14T11:18:00+05:30,51748.1,51760,51742.4,51754.7,
2024-10-14T11:19:00+05:30,51754.8,51758.15,51742.9,51744.8,
2024-10-14T11:20:00+05:30,51747.5,51750.95,51740.1,51744.1,
2024-10-14T11:21:00+05:30,51746.7,51750.5,51740,51744.4,
2024-10-14T11:22:00+05:30,51743.35,51759,51742.85,51753.85,
2024-10-14T11:23:00+05:30,51755.15,51763.4,51748.2,51756.35,
2024-10-14T11:24:00+05:30,51756.6,51760.3,51747.3,51751,
2024-10-14T11:25:00+05:30,51751.4,51762.15,51748.85,51761.95,
2024-10-14T11:26:00+05:30,51761.6,51761.6,51746.55,51746.55,
2024-10-14T11:27:00+05:30,51746.55,51752.05,51707.4,51709.25,
2024-10-14T11:28:00+05:30,51711.05,51728.65,51705.45,51725.25,
2024-10-14T11:29:00+05:30,51725.45,51744.9,51720.1,51727.35,
2024-10-14T11:30:00+05:30,51726.75,51740,51726.15,51731.35,
2024-10-14T11:31:00+05:30,51733.25,51739.4,51725,51725.2,
2024-10-14T11:32:00+05:30,51728.4,51734.15,51721.6,51732.05,
2024-10-14T11:33:00+05:30,51732.4,51735.05,51716.7,51722.55,
2024-10-14T11:34:00+05:30,51718.2,51730.2,51713.55,51724.35,
2024-10-14T11:35:00+05:30,51721.95,51729.75,51718.05,51729.4,
2024-10-14T11:36:00+05:30,51725.95,51745,51721.45,51737.95,
2024-10-14T11:37:00+05:30,51737.95,51745.15,51732.5,51741.45,
2024-10-14T11:38:00+05:30,51741.7,51754.55,51733.3,51751.35,
2024-10-14T11:39:00+05:30,51748.35,51757.15,51743.4,51753,
2024-10-14T11:40:00+05:30,51749.5,51763.75,51746.1,51759,
2024-10-14T11:41:00+05:30,51753.7,51759.75,51745,51747.05,
2024-10-14T11:42:00+05:30,51748.25,51749.55,51730.65,51731.3,
2024-10-14T11:43:00+05:30,51733.25,51745.6,51729.35,51730.7,
2024-10-14T11:44:00+05:30,51726.25,51737.85,51725.7,51737.85,
2024-10-14T11:45:00+05:30,51737.1,51745.85,51733.15,51736.25,
2024-10-14T11:46:00+05:30,51736.75,51747.6,51736.75,51743.95,
2024-10-14T11:47:00+05:30,51743.15,51750.7,51731.75,51735.1,
2024-10-14T11:48:00+05:30,51733,51741.3,51722.45,51735.15,
2024-10-14T11:49:00+05:30,51730.05,51738.35,51722.4,51731.4,
2024-10-14T11:50:00+05:30,51730.8,51731.6,51712.95,51724.85,
2024-10-14T11:51:00+05:30,51722.65,51731.5,51712.5,51717.85,
2024-10-14T11:52:00+05:30,51714.15,51724.25,51713.25,51715.4,
2024-10-14T11:53:00+05:30,51716.65,51728.7,51714,51728.5,
2024-10-14T11:54:00+05:30,51727.75,51740.1,51726.35,51734.25,
2024-10-14T11:55:00+05:30,51732.4,51742.65,51731.2,51734.45,
2024-10-14T11:56:00+05:30,51733.55,51736.8,51711.9,51724.35,
2024-10-14T11:57:00+05:30,51713.75,51734.25,51713.75,51729.1,
2024-10-14T11:58:00+05:30,51727.95,51732.95,51722.45,51728.8,
2024-10-14T11:59:00+05:30,51727.85,51736.8,51714.75,51736.45,
2024-10-14T12:00:00+05:30,51730.3,51736.55,51713.65,51717.15,
2024-10-14T12:01:00+05:30,51717.65,51723.3,51696.1,51697.7,
2024-10-14T12:02:00+05:30,51699.5,51713.2,51695.4,51704.2,
2024-10-14T12:03:00+05:30,51702.15,51719,51699.05,51719,
2024-10-14T12:04:00+05:30,51719,51729.65,51715.4,51717.75,
2024-10-14T12:05:00+05:30,51718.45,51720.6,51708.85,51713.35,
2024-10-14T12:06:00+05:30,51711.3,51717.95,51710.6,51715.4,
2024-10-14T12:07:00+05:30,51714.05,51723.6,51712.55,51718.05,
2024-10-14T12:08:00+05:30,51716.05,51732.95,51716.05,51732.4,
2024-10-14T12:09:00+05:30,51732.55,51743.3,51728.35,51740.75,
2024-10-14T12:10:00+05:30,51741.05,51750.5,51735.9,51746.3,
2024-10-14T12:11:00+05:30,51745.8,51758.75,51740.8,51753.55,
2024-10-14T12:12:00+05:30,51753.15,51758.1,51743.6,51745.55,
2024-10-14T12:13:00+05:30,51744.6,51750.15,51737.65,51748.6,
2024-10-14T12:14:00+05:30,51748.6,51752.75,51743.35,51752.15,
2024-10-14T12:15:00+05:30,51752.1,51770.95,51747.7,51769.25,
2024-10-14T12:16:00+05:30,51767.65,51770.35,51752.5,51754.55,
2024-10-14T12:17:00+05:30,51755.5,51755.5,51742.95,51748.2,
2024-10-14T12:18:00+05:30,51747.85,51750.55,51737.9,51740.15,
2024-10-14T12:19:00+05:30,51738.5,51747.85,51733.8,51735.1,
2024-10-14T12:20:00+05:30,51738.15,51747.1,51734.7,51739.6,
2024-10-14T12:21:00+05:30,51739.75,51746.4,51726.95,51728.85,
2024-10-14T12:22:00+05:30,51727.9,51739.1,51723.85,51738.85,
2024-10-14T12:23:00+05:30,51737.9,51749.1,51737.05,51744.3,
2024-10-14T12:24:00+05:30,51742.05,51745.95,51735.85,51741.65,
2024-10-14T12:25:00+05:30,51743.9,51751.4,51740.9,51749,
2024-10-14T12:26:00+05:30,51750.65,51757.5,51747,51753.6,
2024-10-14T12:27:00+05:30,51752.9,51755.3,51733.9,51738.6,
2024-10-14T12:28:00+05:30,51738.55,51744.1,51731.8,51742.15,
2024-10-14T12:29:00+05:30,51740.1,51740.1,51728.5,51733.65,
2024-10-14T12:30:00+05:30,51733.75,51734.6,51721.2,51732.35,
2024-10-14T12:31:00+05:30,51732.35,51741.95,51729.65,51729.65,
2024-10-14T12:32:00+05:30,51731.65,51733.7,51721.4,51730.1,
2024-10-14T12:33:00+05:30,51731.1,51732.3,51713,51723.4,
2024-10-14T12:34:00+05:30,51723.55,51731.35,51717.4,51729.85,
2024-10-14T12:35:00+05:30,51729.15,51730.1,51708.5,51709.8,
2024-10-14T12:36:00+05:30,51711.5,51718.15,51702.2,51709.85,
2024-10-14T12:37:00+05:30,51706.65,51722.45,51704.1,51718.7,
2024-10-14T12:38:00+05:30,51717.65,51729.4,51714.75,51722.8,
2024-10-14T12:39:00+05:30,51722.8,51733.45,51717.45,51724.15,
2024-10-14T12:40:00+05:30,51725.65,51735.15,51719.45,51719.45,
2024-10-14T12:41:00+05:30,51721.25,51728.65,51712.6,51716.45,
2024-10-14T12:42:00+05:30,51716.9,51729.8,51713.55,51728.2,
2024-10-14T12:43:00+05:30,51729.75,51735,51724.6,51727.6,
2024-10-14T12:44:00+05:30,51727.95,51730.45,51708.45,51716.9,
2024-10-14T12:45:00+05:30,51716.85,51735,51713.35,51729.2,
2024-10-14T12:46:00+05:30,51727.7,51729.65,51715.6,51722.15,
2024-10-14T12:47:00+05:30,51721.65,51722.1,51704.35,51710.25,
2024-10-14T12:48:00+05:30,51710.6,51713.5,51703.25,51709.8,
2024-10-14T12:49:00+05:30,51709.7,51715.9,51704.45,51708.4,
2024-10-14T12:50:00+05:30,51708.25,51713.75,51693.4,51698.85,
2024-10-14T12:51:00+05:30,51699.75,51706.6,51692.85,51699.25,
2024-10-14T12:52:00+05:30,51700.25,51701.7,51692.5,51697,
2024-10-14T12:53:00+05:30,51695.5,51697.6,51676.1,51687.2,
2024-10-14T12:54:00+05:30,51687.25,51687.6,51675.25,51686.5,
2024-10-14T12:55:00+05:30,51686.7,51697,51682.15,51692.1,
2024-10-14T12:56:00+05:30,51692.25,51697.3,51685.65,51696.85,
2024-10-14T12:57:00+05:30,51694.6,51694.6,51683.1,51687.2,
2024-10-14T12:58:00+05:30,51686.7,51687.4,51670.7,51677.5,
2024-10-14T12:59:00+05:30,51678.8,51684.85,51671.05,51679.9,
2024-10-14T13:00:00+05:30,51684.45,51691.45,51675.85,51681.25,
2024-10-14T13:01:00+05:30,51681.25,51686.85,51672.15,51684.15,
2024-10-14T13:02:00+05:30,51682.65,51692.65,51679.55,51688.5,
2024-10-14T13:03:00+05:30,51688.35,51693.35,51684.55,51689.85,
2024-10-14T13:04:00+05:30,51690.4,51698.9,51688.15,51698.15,
2024-10-14T13:05:00+05:30,51698.65,51717.7,51697.5,51712.85,
2024-10-14T13:06:00+05:30,51715.25,51716.2,51698,51700.7,
2024-10-14T13:07:00+05:30,51697.2,51702.15,51688.85,51696.45,
2024-10-14T13:08:00+05:30,51697.45,51699.2,51688.1,51697.55,
2024-10-14T13:09:00+05:30,51696.45,51711.45,51693.95,51705.25,
2024-10-14T13:10:00+05:30,51704.25,51710.05,51696.65,51705.05,
2024-10-14T13:11:00+05:30,51703.85,51710.65,51699.7,51709.35,
2024-10-14T13:12:00+05:30,51711.35,51715.35,51707.1,51709.2,
2024-10-14T13:13:00+05:30,51706.8,51707.35,51694.15,51699.75,
2024-10-14T13:14:00+05:30,51700.75,51705.25,51682.55,51686.2,
2024-10-14T13:15:00+05:30,51687.3,51688.45,51682.55,51686.45,
2024-10-14T13:16:00+05:30,51685.75,51691.45,51682,51685.55,
2024-10-14T13:17:00+05:30,51686.2,51696.7,51686.2,51693.45,
2024-10-14T13:18:00+05:30,51694.8,51698.9,51692.4,51694.75,
2024-10-14T13:19:00+05:30,51696.25,51704.55,51685.25,51687.9,
2024-10-14T13:20:00+05:30,51687.8,51688.35,51675.15,51683.7,
2024-10-14T13:21:00+05:30,51685.05,51688.1,51674.85,51682.65,
2024-10-14T13:22:00+05:30,51684.75,51690.25,51680.9,51687.1,
2024-10-14T13:23:00+05:30,51686.9,51688.8,51679.65,51684.1,
2024-10-14T13:24:00+05:30,51683.6,51691.5,51679.4,51684.35,
2024-10-14T13:25:00+05:30,51686.1,51688.3,51675.7,51678.55,
2024-10-14T13:26:00+05:30,51678.3,51684.75,51669.45,51676,
2024-10-14T13:27:00+05:30,51679.45,51693.4,51676.4,51691.4,
2024-10-14T13:28:00+05:30,51693.1,51693.35,51679.95,51685.15,
2024-10-14T13:29:00+05:30,51686.25,51703.15,51685.9,51697.45,
2024-10-14T13:30:00+05:30,51699.75,51712.7,51698.55,51710.9,
2024-10-14T13:31:00+05:30,51712.7,51719.55,51705,51712.75,
2024-10-14T13:32:00+05:30,51711.6,51721.75,51707.8,51717.55,
2024-10-14T13:33:00+05:30,51717.75,51729,51713.5,51713.5,
2024-10-14T13:34:00+05:30,51716.7,51722,51710.15,51716.95,
2024-10-14T13:35:00+05:30,51716.75,51749.9,51714.75,51745.65,
2024-10-14T13:36:00+05:30,51746.05,51751.4,51733.2,51736.4,
2024-10-14T13:37:00+05:30,51742,51745.4,51736.25,51739.4,
2024-10-14T13:38:00+05:30,51741,51746.7,51737.8,51742.8,
2024-10-14T13:39:00+05:30,51747,51747,51731.95,51732.1,
2024-10-14T13:40:00+05:30,51734.95,51748.35,51734.1,51745.25,
2024-10-14T13:41:00+05:30,51745,51755.55,51742.85,51750.6,
2024-10-14T13:42:00+05:30,51749.9,51752.2,51730.55,51730.85,
2024-10-14T13:43:00+05:30,51731,51743.65,51727.4,51742.55,
2024-10-14T13:44:00+05:30,51741.5,51741.75,51728.75,51737.3,
2024-10-14T13:45:00+05:30,51736.9,51741.45,51730.95,51730.95,
2024-10-14T13:46:00+05:30,51729.55,51734.7,51722.05,51728.55,
2024-10-14T13:47:00+05:30,51729.35,51737.5,51723.05,51735.45,
2024-10-14T13:48:00+05:30,51733.35,51745.15,51730.15,51741.6,
2024-10-14T13:49:00+05:30,51741.25,51746.7,51738.15,51746.7,
2024-10-14T13:50:00+05:30,51747.1,51753.9,51741.6,51750.45,
2024-10-14T13:51:00+05:30,51747.85,51753.5,51744.05,51749.6,
2024-10-14T13:52:00+05:30,51746.4,51751.2,51741.15,51748.65,
2024-10-14T13:53:00+05:30,51748.2,51756,51745.3,51754.6,
2024-10-14T13:54:00+05:30,51755.2,51760.75,51746.95,51757.9,
2024-10-14T13:55:00+05:30,51757.7,51776.7,51753.3,51776.7,
2024-10-14T13:56:00+05:30,51776.75,51790.6,51771.2,51785.5,
2024-10-14T13:57:00+05:30,51783.75,51790.3,51768.7,51777.5,
2024-10-14T13:58:00+05:30,51776.55,51782.5,51771.95,51778.9,
2024-10-14T13:59:00+05:30,51777.95,51779.5,51767.95,51771.05,
2024-10-14T14:00:00+05:30,51769,51790.35,51768,51786.45,
2024-10-14T14:01:00+05:30,51791.6,51796.7,51775.45,51775.45,
2024-10-14T14:02:00+05:30,51776.95,51778.25,51758.1,51769.45,
2024-10-14T14:03:00+05:30,51771.9,51771.9,51759.65,51769.55,
2024-10-14T14:04:00+05:30,51770,51771.4,51761.4,51764.35,
2024-10-14T14:05:00+05:30,51763.7,51768.95,51759.7,51759.7,
2024-10-14T14:06:00+05:30,51764.2,51768.8,51756.5,51765.15,
2024-10-14T14:07:00+05:30,51768.7,51777.45,51764.1,51774.55,
2024-10-14T14:08:00+05:30,51774.6,51774.75,51760.3,51760.3,
2024-10-14T14:09:00+05:30,51766.3,51768.8,51760.65,51764.2,
2024-10-14T14:10:00+05:30,51765.15,51778.75,51761.5,51777.2,
2024-10-14T14:11:00+05:30,51778.45,51780.85,51770.65,51776.8,
2024-10-14T14:12:00+05:30,51775.05,51791.65,51769.15,51787.3,
2024-10-14T14:13:00+05:30,51790.5,51792.8,51782.85,51782.85,
2024-10-14T14:14:00+05:30,51784.55,51786.95,51769.95,51782.05,
2024-10-14T14:15:00+05:30,51784.85,51794.35,51779.5,51791.2,
2024-10-14T14:16:00+05:30,51791.9,51793.2,51784.5,51784.5,
2024-10-14T14:17:00+05:30,51784.6,51796.85,51771.85,51790.2,
2024-10-14T14:18:00+05:30,51793.6,51793.6,51780.15,51780.7,
2024-10-14T14:19:00+05:30,51781.65,51786.1,51778.65,51782.7,
2024-10-14T14:20:00+05:30,51782.5,51784.75,51765.4,51766.65,
2024-10-14T14:21:00+05:30,51766.05,51767.5,51753.45,51754.4,
2024-10-14T14:22:00+05:30,51756.35,51757.65,51749.3,51753.15,
2024-10-14T14:23:00+05:30,51754.8,51770.3,51751.8,51759.8,
2024-10-14T14:24:00+05:30,51763.05,51763.05,51751.95,51759.2,
2024-10-14T14:25:00+05:30,51758.7,51762.45,51747.95,51752.95,
2024-10-14T14:26:00+05:30,51752.9,51760.6,51752.2,51754.5,
2024-10-14T14:27:00+05:30,51755.45,51761.6,51750.1,51754.45,
2024-10-14T14:28:00+05:30,51752.75,51769.8,51748.65,51768.15,
2024-10-14T14:29:00+05:30,51765.8,51769.85,51761.75,51765.55,
2024-10-14T14:30:00+05:30,51768.05,51773.3,51762.45,51766.1,
2024-10-14T14:31:00+05:30,51767.1,51769.55,51754.95,51761.6,
2024-10-14T14:32:00+05:30,51763.3,51766.55,51759.4,51763.1,
2024-10-14T14:33:00+05:30,51764.9,51779.35,51762.7,51775.95,
2024-10-14T14:34:00+05:30,51779.45,51796.85,51776.1,51789,
2024-10-14T14:35:00+05:30,51788.6,51817.65,51785.45,51814.2,
2024-10-14T14:36:00+05:30,51810.6,51839.45,51810.25,51810.4,
2024-10-14T14:37:00+05:30,51811.05,51827.55,51804.35,51822.85,
2024-10-14T14:38:00+05:30,51825.3,51833.1,51814.85,51824.9,
2024-10-14T14:39:00+05:30,51828.8,51834.35,51815.3,51821.6,
2024-10-14T14:40:00+05:30,51822.6,51829.25,51816.65,51823.85,
2024-10-14T14:41:00+05:30,51824.25,51824.25,51802.7,51810.9,
2024-10-14T14:42:00+05:30,51808,51817.15,51791.9,51791.9,
2024-10-14T14:43:00+05:30,51793.1,51806.25,51787.4,51803.95,
2024-10-14T14:44:00+05:30,51805.9,51807.2,51778.6,51785.45,
2024-10-14T14:45:00+05:30,51786.7,51787.65,51765.2,51777.7,
2024-10-14T14:46:00+05:30,51770.7,51784.3,51766.95,51780.45,
2024-10-14T14:47:00+05:30,51780.95,51795.85,51769.3,51794.9,
2024-10-14T14:48:00+05:30,51785.3,51800.45,51785.3,51799.4,
2024-10-14T14:49:00+05:30,51799.7,51803.55,51777.4,51793.3,
2024-10-14T14:50:00+05:30,51785.6,51814.75,51784.75,51807.35,
2024-10-14T14:51:00+05:30,51804.75,51812.45,51791.85,51793.45,
2024-10-14T14:52:00+05:30,51785.55,51803.45,51785.55,51801.75,
2024-10-14T14:53:00+05:30,51802.3,51807.6,51791.65,51805.65,
2024-10-14T14:54:00+05:30,51799.1,51810.45,51796,51807.95,
2024-10-14T14:55:00+05:30,51807.75,51810.45,51795.8,51808.8,
2024-10-14T14:56:00+05:30,51811.55,51818.6,51802,51810.1,
2024-10-14T14:57:00+05:30,51812.8,51819.45,51799.75,51807.05,
2024-10-14T14:58:00+05:30,51798.4,51808.5,51788.4,51803.45,
2024-10-14T14:59:00+05:30,51799.45,51813.45,51795.1,51804.7,
2024-10-14T15:00:00+05:30,51804.35,51812.9,51772.95,51800.2,
2024-10-14T15:01:00+05:30,51791.75,51813.25,51781.85,51784.1,
2024-10-14T15:02:00+05:30,51786.6,51815.6,51766.05,51814.25,
2024-10-14T15:03:00+05:30,51810.55,51817.6,51779.75,51807.7,
2024-10-14T15:04:00+05:30,51806.15,51810.1,51785.3,51786.15,
2024-10-14T15:05:00+05:30,51790.2,51814.5,51790.2,51805.65,
2024-10-14T15:06:00+05:30,51807.95,51811.95,51801.1,51801.1,
2024-10-14T15:07:00+05:30,51801.85,51808.4,51781.75,51787.7,
2024-10-14T15:08:00+05:30,51786.95,51800.25,51776.2,51793,
2024-10-14T15:09:00+05:30,51792.2,51799.6,51783.9,51798,
2024-10-14T15:10:00+05:30,51800.2,51801.3,51778.25,51779.3,
2024-10-14T15:11:00+05:30,51783.6,51805.75,51772,51805.75,
2024-10-14T15:12:00+05:30,51804.6,51820.35,51797.65,51810.65,
2024-10-14T15:13:00+05:30,51813.4,51819.1,51803.15,51810.55,
2024-10-14T15:14:00+05:30,51804.1,51815.7,51790.3,51798.55,
2024-10-14T15:15:00+05:30,51798.85,51815.1,51792.85,51810.4,
2024-10-14T15:16:00+05:30,51806.6,51817.4,51803.25,51810.95,
2024-10-14T15:17:00+05:30,51814.9,51835.45,51810.05,51833.85,
2024-10-14T15:18:00+05:30,51832.1,51845.35,51829.15,51836.8,
2024-10-14T15:19:00+05:30,51833.4,51837.75,51820.85,51826.3,
2024-10-14T15:20:00+05:30,51828.55,51853.55,51826.65,51842.55,
2024-10-14T15:21:00+05:30,51843.3,51854.75,51835.45,51845.05,
2024-10-14T15:22:00+05:30,51843.9,51850.95,51832.75,51844.9,
2024-10-14T15:23:00+05:30,51841.1,51861,51841.1,51856.05,
2024-10-14T15:24:00+05:30,51855.2,51861.9,51841.5,51850.95,
2024-10-14T15:25:00+05:30,51849.95,51856.55,51841.6,51850.1,
2024-10-14T15:26:00+05:30,51846.65,51860.2,51844.05,51854.6,
2024-10-14T15:27:00+05:30,51855.9,51867.05,51851.3,51858.45,
2024-10-14T15:28:00+05:30,51854.35,51865.4,51847.4,51863.3,
2024-10-14T15:29:00+05:30,51861.9,51893,51848.75,51879.05,
2024-10-15T09:15:00+05:30,51975.95,51986.35,51907.85,51943.6,
2024-10-15T09:16:00+05:30,51942.8,51983.75,51942.8,51974,
2024-10-15T09:17:00+05:30,51970.95,52004.35,51966.6,51967.6,
2024-10-15T09:18:00+05:30,51967.3,52001.4,51948.85,51998.05,
2024-10-15T09:19:00+05:30,52007.55,52022.05,51970.9,51994.1,
2024-10-15T09:20:00+05:30,51992.6,51992.6,51934.2,51952.4,
2024-10-15T09:21:00+05:30,51951.05,51951.05,51894.3,51912,
2024-10-15T09:22:00+05:30,51905.4,51916.05,51895.5,51914.35,
2024-10-15T09:23:00+05:30,51915.75,51955.3,51909.5,51952.5,
2024-10-15T09:24:00+05:30,51950.45,51961.05,51942.2,51946.95,
2024-10-15T09:25:00+05:30,51945.55,51951.9,51926.45,51939.3,
2024-10-15T09:26:00+05:30,51938.8,51943.6,51917,51926.55,
2024-10-15T09:27:00+05:30,51925,51939.35,51913.85,51931.9,
2024-10-15T09:28:00+05:30,51933.75,51933.75,51910.4,51918.3,
2024-10-15T09:29:00+05:30,51920,51924.75,51901.95,51910.5,
2024-10-15T09:30:00+05:30,51911.25,51911.25,51878.4,51878.4,
2024-10-15T09:31:00+05:30,51879.05,51919.95,51870.05,51919.6,
2024-10-15T09:32:00+05:30,51918.25,51952.65,51918.2,51941.15,
2024-10-15T09:33:00+05:30,51944.4,51968.3,51941.8,51966.4,
2024-10-15T09:34:00+05:30,51966.95,51992.9,51966.95,51984.45,
2024-10-15T09:35:00+05:30,51984.4,51987.1,51967.8,51975.9,
2024-10-15T09:36:00+05:30,51975.05,51975.15,51948,51948,
2024-10-15T09:37:00+05:30,51948.95,51956.3,51946.25,51949.5,
2024-10-15T09:38:00+05:30,51949.95,51952.7,51932.15,51932.8,
2024-10-15T09:39:00+05:30,51934.45,51952.7,51925,51950.85,
2024-10-15T09:40:00+05:30,51953.95,51958.25,51942,51943.85,
2024-10-15T09:41:00+05:30,51944.5,51954.15,51938.45,51946.65,
2024-10-15T09:42:00+05:30,51946.9,51951.65,51928.85,51943.95,
2024-10-15T09:43:00+05:30,51944.15,51951.05,51941.7,51948.3,
2024-10-15T09:44:00+05:30,51948.35,51950.55,51913.8,51921.35,
2024-10-15T09:45:00+05:30,51919.85,51923.4,51901.05,51906.15,
2024-10-15T09:46:00+05:30,51906.35,51912.4,51868,51873.1,
2024-10-15T09:47:00+05:30,51879.2,51879.2,51862.6,51872.7,
2024-10-15T09:48:00+05:30,51873.8,51881.35,51869.35,51874.8,
2024-10-15T09:49:00+05:30,51876.05,51877.9,51758.45,51770.35,
2024-10-15T09:50:00+05:30,51770.1,51836.7,51763.4,51836.7,
2024-10-15T09:51:00+05:30,51838.5,51845.7,51828.9,51839.75,
2024-10-15T09:52:00+05:30,51840.7,51841.8,51814.4,51820.1,
2024-10-15T09:53:00+05:30,51817.7,51832.55,51785.3,51794.65,
2024-10-15T09:54:00+05:30,51792.35,51819.3,51782.9,51796.75,
2024-10-15T09:55:00+05:30,51792.2,51824.65,51787.25,51820.55,
2024-10-15T09:56:00+05:30,51814.1,51814.1,51795.85,51805.9,
2024-10-15T09:57:00+05:30,51804.65,51823.15,51792.45,51820.2,
2024-10-15T09:58:00+05:30,51819.25,51822.9,51803.35,51805.3,
2024-10-15T09:59:00+05:30,51801.05,51826.95,51801.05,51826.95,
2024-10-15T10:00:00+05:30,51824.5,51824.5,51798.05,51811.7,
2024-10-15T10:01:00+05:30,51813.05,51814.85,51765.7,51777.2,
2024-10-15T10:02:00+05:30,51776.7,51777,51733.35,51741,
2024-10-15T10:03:00+05:30,51742.35,51764.15,51728.55,51741.4,
2024-10-15T10:04:00+05:30,51742.2,51748.5,51727.45,51743.35,
2024-10-15T10:05:00+05:30,51743.75,51744,51708,51723.2,
2024-10-15T10:06:00+05:30,51710.9,51742.15,51710.9,51736.15,
2024-10-15T10:07:00+05:30,51736.5,51740.05,51722,51727.95,
2024-10-15T10:08:00+05:30,51727.55,51735.1,51724,51729.65,
2024-10-15T10:09:00+05:30,51731.3,51750.05,51726.5,51743.95,
2024-10-15T10:10:00+05:30,51742.2,51745.8,51720.85,51726.75,
2024-10-15T10:11:00+05:30,51726.2,51742.2,51718.35,51727.6,
2024-10-15T10:12:00+05:30,51731.55,51747.9,51720.35,51747.9,
2024-10-15T10:13:00+05:30,51746.55,51775.8,51746,51766.05,
2024-10-15T10:14:00+05:30,51767.15,51768.25,51748.3,51753.85,
2024-10-15T10:15:00+05:30,51756.4,51776.45,51745.95,51775.45,
2024-10-15T10:16:00+05:30,51775.9,51780.55,51765.7,51770.3,
2024-10-15T10:17:00+05:30,51772.15,51802.7,51768,51798.55,
2024-10-15T10:18:00+05:30,51796.15,51803.45,51781.7,51788.75,
2024-10-15T10:19:00+05:30,51791.05,51794.1,51778.15,51790.35,
2024-10-15T10:20:00+05:30,51790.55,51792.9,51777.55,51779.4,
2024-10-15T10:21:00+05:30,51780,51783.65,51768.35,51772.95,
2024-10-15T10:22:00+05:30,51777.7,51798.5,51776.85,51793.7,
2024-10-15T10:23:00+05:30,51793.45,51812.3,51790.1,51809.85,
2024-10-15T10:24:00+05:30,51809.6,51813,51787.85,51801.8,
2024-10-15T10:25:00+05:30,51801.05,51801.05,51784.7,51797.6,
2024-10-15T10:26:00+05:30,51799.2,51801.65,51791.4,51799.55,
2024-10-15T10:27:00+05:30,51798.85,51805.95,51790.9,51796,
2024-10-15T10:28:00+05:30,51796.3,51808.2,51795.1,51803.55,
2024-10-15T10:29:00+05:30,51803.25,51804.3,51777.8,51779.3,
2024-10-15T10:30:00+05:30,51781.45,51788.65,51737.75,51746.85,
2024-10-15T10:31:00+05:30,51749.9,51772.65,51745.9,51770.85,
2024-10-15T10:32:00+05:30,51768.65,51777.05,51757.3,51772.55,
2024-10-15T10:33:00+05:30,51775.35,51859.4,51774.25,51838.55,
2024-10-15T10:34:00+05:30,51836.55,51846.05,51810.8,51845.55,
2024-10-15T10:35:00+05:30,51847.5,51869.75,51839.6,51860.15,
2024-10-15T10:36:00+05:30,51863.8,51869.65,51851.5,51868.55,
2024-10-15T10:37:00+05:30,51868.15,51872.95,51855.2,51862.6,
2024-10-15T10:38:00+05:30,51866.5,51893,51861,51886.2,
2024-10-15T10:39:00+05:30,51889,51932.05,51882.2,51922.05,
2024-10-15T10:40:00+05:30,51920,51929.65,51907.95,51915.25,
2024-10-15T10:41:00+05:30,51912.55,51927.4,51888.95,51915.5,
2024-10-15T10:42:00+05:30,51918.3,51929.75,51911.9,51929.25,
2024-10-15T10:43:00+05:30,51929.85,51963.85,51929.85,51949,
2024-10-15T10:44:00+05:30,51949.45,51950.7,51917.6,51934.7,
2024-10-15T10:45:00+05:30,51931.05,51955.65,51929.2,51931.8,
2024-10-15T10:46:00+05:30,51935.35,51935.35,51909.75,51910.75,
2024-10-15T10:47:00+05:30,51910.9,51926.95,51903.45,51921.8,
2024-10-15T10:48:00+05:30,51921.8,51933.1,51907.15,51915.45,
2024-10-15T10:49:00+05:30,51915.5,51920.2,51883.8,51883.8,
2024-10-15T10:50:00+05:30,51885.6,51891.45,51873.55,51875.25,
2024-10-15T10:51:00+05:30,51876.7,51884.75,51868.55,51874.75,
2024-10-15T10:52:00+05:30,51878.75,51886.95,51863.15,51865.55,
2024-10-15T10:53:00+05:30,51867.65,51868.2,51842.25,51846.05,
2024-10-15T10:54:00+05:30,51843.15,51870.85,51843.15,51862.5,
2024-10-15T10:55:00+05:30,51865.5,51870.7,51748.85,51771.8,
2024-10-15T10:56:00+05:30,51762.95,51822.55,51755.9,51816.95,
2024-10-15T10:57:00+05:30,51818.1,51821.1,51802.4,51812.05,
2024-10-15T10:58:00+05:30,51810.3,51828.75,51796.2,51827.7,
2024-10-15T10:59:00+05:30,51825.8,51833.95,51811.5,51826.95,
2024-10-15T11:00:00+05:30,51823.55,51833.8,51820.3,51826.65,
2024-10-15T11:01:00+05:30,51825.55,51832.25,51815.4,51819.45,
2024-10-15T11:02:00+05:30,51820.6,51822.85,51798.95,51798.95,
2024-10-15T11:03:00+05:30,51798.7,51815.45,51793.75,51813.25,
2024-10-15T11:04:00+05:30,51818.95,51818.95,51796.15,51802.25,
2024-10-15T11:05:00+05:30,51803.05,51803.05,51785.65,51792.6,
2024-10-15T11:06:00+05:30,51791.9,51808,51787.95,51803.65,
2024-10-15T11:07:00+05:30,51803.5,51812.75,51795.55,51808,
2024-10-15T11:08:00+05:30,51807.05,51808.6,51789.3,51794.05,
2024-10-15T11:09:00+05:30,51794.65,51796.2,51769.55,51790.2,
2024-10-15T11:10:00+05:30,51785.15,51792.15,51776.6,51780,
2024-10-15T11:11:00+05:30,51782.75,51791.65,51772.7,51778.4,
2024-10-15T11:12:00+05:30,51775.7,51783.55,51771.6,51781.25,
2024-10-15T11:13:00+05:30,51781.45,51798.5,51775.05,51775.05,
2024-10-15T11:14:00+05:30,51778.45,51783.2,51766.25,51778.8,
2024-10-15T11:15:00+05:30,51780.35,51787.45,51773.1,51780,
2024-10-15T11:16:00+05:30,51780.2,51788.6,51776.3,51777.45,
2024-10-15T11:17:00+05:30,51779,51782.95,51771,51773.4,
2024-10-15T11:18:00+05:30,51772.85,51784.85,51769.6,51775.45,
2024-10-15T11:19:00+05:30,51778.35,51796.25,51774.95,51793.4,
2024-10-15T11:20:00+05:30,51793.5,51812.05,51790.2,51808.9,
2024-10-15T11:21:00+05:30,51808.8,51814.8,51781.8,51782.85,
2024-10-15T11:22:00+05:30,51783.15,51794.15,51781.55,51794.15,
2024-10-15T11:23:00+05:30,51790.65,51790.65,51734.55,51740.8,
2024-10-15T11:24:00+05:30,51739.7,51746.5,51729.35,51731.9,
2024-10-15T11:25:00+05:30,51724.7,51748.95,51705.95,51720.35,
2024-10-15T11:26:00+05:30,51721.5,51746.3,51721.2,51740.15,
2024-10-15T11:27:00+05:30,51739.7,51754.25,51732.25,51752.05,
2024-10-15T11:28:00+05:30,51751.45,51752.1,51698.75,51709,
2024-10-15T11:29:00+05:30,51709.4,51723.45,51701.65,51708.95,
2024-10-15T11:30:00+05:30,51708.85,51727.2,51704.7,51725.75,
2024-10-15T11:31:00+05:30,51722,51737.45,51710.7,51736.8,
2024-10-15T11:32:00+05:30,51737,51750.85,51726.9,51734.85,
2024-10-15T11:33:00+05:30,51734.4,51739.05,51722.2,51739.05,
2024-10-15T11:34:00+05:30,51739.2,51757.95,51732.25,51755.2,
2024-10-15T11:35:00+05:30,51751.35,51765.8,51749.3,51753.25,
2024-10-15T11:36:00+05:30,51752.55,51752.55,51732.9,51743.55,
2024-10-15T11:37:00+05:30,51738.05,51754.35,51737.65,51740.9,
2024-10-15T11:38:00+05:30,51738.25,51756.4,51738.25,51751.5,
2024-10-15T11:39:00+05:30,51750.1,51768.2,51750.1,51760.55,
2024-10-15T11:40:00+05:30,51760.5,51770.8,51755.6,51755.9,
2024-10-15T11:41:00+05:30,51754.6,51776.1,51748.7,51752.15,
2024-10-15T11:42:00+05:30,51752.5,51766.2,51745.4,51766.2,
2024-10-15T11:43:00+05:30,51765.8,51776.05,51757.6,51773.55,
2024-10-15T11:44:00+05:30,51773.5,51793.75,51770.1,51793.75,
2024-10-15T11:45:00+05:30,51792.55,51794.05,51766.7,51770.85,
2024-10-15T11:46:00+05:30,51771.85,51775.8,51755.75,51756.3,
2024-10-15T11:47:00+05:30,51758.1,51773.2,51754.55,51770.05,
2024-10-15T11:48:00+05:30,51771.4,51775.2,51751.25,51764.55,
2024-10-15T11:49:00+05:30,51762.85,51785.15,51761.6,51778.35,
2024-10-15T11:50:00+05:30,51776.75,51779.05,51765.25,51770,
2024-10-15T11:51:00+05:30,51770,51774.65,51764.15,51773.95,
2024-10-15T11:52:00+05:30,51773.85,51794.7,51771.55,51792.4,
2024-10-15T11:53:00+05:30,51796.2,51801.8,51781.1,51799.3,
2024-10-15T11:54:00+05:30,51799.35,51807.2,51792.95,51801.55,
2024-10-15T11:55:00+05:30,51802.9,51816.55,51791.9,51816.55,
2024-10-15T11:56:00+05:30,51815.9,51823.15,51800.1,51820.8,
2024-10-15T11:57:00+05:30,51820.5,51846.05,51816.1,51843.1,
2024-10-15T11:58:00+05:30,51842.4,51860.25,51840.6,51855.7,
2024-10-15T11:59:00+05:30,51855.65,51869.5,51852.2,51861.5,
2024-10-15T12:00:00+05:30,51861.8,51865.1,51833.25,51842,
2024-10-15T12:01:00+05:30,51844.55,51849.6,51834.5,51843.3,
2024-10-15T12:02:00+05:30,51842.9,51879.95,51837.3,51877.7,
2024-10-15T12:03:00+05:30,51877.55,51882.65,51867.25,51882.65,
2024-10-15T12:04:00+05:30,51879.1,51892.65,51879.1,51886.4,
2024-10-15T12:05:00+05:30,51887.95,51892.35,51858.75,51864.6,
2024-10-15T12:06:00+05:30,51864.4,51870.8,51845.9,51858.3,
2024-10-15T12:07:00+05:30,51859.55,51867.75,51854.8,51860.35,
2024-10-15T12:08:00+05:30,51861,51876.8,51858.6,51876.15,
2024-10-15T12:09:00+05:30,51876.3,51877.9,51854.45,51859.35,
2024-10-15T12:10:00+05:30,51859.4,51870.65,51852.8,51866.5,
2024-10-15T12:11:00+05:30,51865.85,51882.65,51865.85,51877.75,
2024-10-15T12:12:00+05:30,51877.9,51881.5,51864.25,51872.4,
2024-10-15T12:13:00+05:30,51869.5,51874.9,51864.25,51867.55,
2024-10-15T12:14:00+05:30,51868.8,51885.2,51866.05,51873.35,
2024-10-15T12:15:00+05:30,51874,51874,51849.75,51867,
2024-10-15T12:16:00+05:30,51868.15,51868.4,51854.75,51858.4,
2024-10-15T12:17:00+05:30,51860.5,51866,51840.55,51843.65,
2024-10-15T12:18:00+05:30,51847.65,51850.15,51832.4,51837.15,
2024-10-15T12:19:00+05:30,51837.65,51857.4,51831.45,51851.7,
2024-10-15T12:20:00+05:30,51850.35,51856.65,51841.05,51843.5,
2024-10-15T12:21:00+05:30,51841.2,51858.25,51841.2,51854.2,
2024-10-15T12:22:00+05:30,51854.35,51856.95,51828.55,51832.6,
2024-10-15T12:23:00+05:30,51832.5,51860.8,51828.95,51850.85,
2024-10-15T12:24:00+05:30,51850.55,51871.7,51844.7,51871.7,
2024-10-15T12:25:00+05:30,51870.8,51872.6,51852.9,51861.4,
2024-10-15T12:26:00+05:30,51859.3,51887.95,51859.3,51879.7,
2024-10-15T12:27:00+05:30,51877.3,51885.25,51874,51878.95,
2024-10-15T12:28:00+05:30,51879.4,51884.55,51871.3,51878.4,
2024-10-15T12:29:00+05:30,51875.95,51882.7,51858.75,51869.35,
2024-10-15T12:30:00+05:30,51866.5,51885.1,51861.1,51885.1,
2024-10-15T12:31:00+05:30,51880.35,51886.05,51875.1,51875.8,
2024-10-15T12:32:00+05:30,51876.45,51883.9,51874.3,51883.35,
2024-10-15T12:33:00+05:30,51883.65,51896.65,51881.55,51892.5,
2024-10-15T12:34:00+05:30,51897.55,51927.35,51896.1,51925.1,
2024-10-15T12:35:00+05:30,51925.5,51932.15,51915.6,51917.65,
2024-10-15T12:36:00+05:30,51917,51920.75,51910.65,51916.55,
2024-10-15T12:37:00+05:30,51917.25,51920.3,51900.8,51906.55,
2024-10-15T12:38:00+05:30,51904.95,51922.25,51903.45,51922.25,
2024-10-15T12:39:00+05:30,51921.35,51922.85,51907.75,51916.6,
2024-10-15T12:40:00+05:30,51915.15,51925.45,51911.45,51919.95,
2024-10-15T12:41:00+05:30,51919.75,51924.25,51907.4,51913.15,
2024-10-15T12:42:00+05:30,51914.15,51939.7,51914.05,51937.25,
2024-10-15T12:43:00+05:30,51936.4,51937,51918.45,51920.6,
2024-10-15T12:44:00+05:30,51920.7,51929.9,51920.1,51926.7,
2024-10-15T12:45:00+05:30,51928.6,51934.55,51926.5,51931.15,
2024-10-15T12:46:00+05:30,51930.05,51937.2,51921.4,51927.25,
2024-10-15T12:47:00+05:30,51923.6,51940.45,51920.65,51938.8,
2024-10-15T12:48:00+05:30,51939.2,51942.7,51932.05,51938.8,
2024-10-15T12:49:00+05:30,51941.5,51949.05,51933,51946.8,
2024-10-15T12:50:00+05:30,51948.25,51951.2,51929.75,51934.05,
2024-10-15T12:51:00+05:30,51931,51936.3,51927.4,51933,
2024-10-15T12:52:00+05:30,51931.2,51941.1,51927.65,51930.45,
2024-10-15T12:53:00+05:30,51929.4,51932.85,51914.6,51917.9,
2024-10-15T12:54:00+05:30,51919.2,51927.9,51916.6,51924.8,
2024-10-15T12:55:00+05:30,51932.55,51937.9,51916.2,51917.8,
2024-10-15T12:56:00+05:30,51917.3,51923,51907.35,51909.95,
2024-10-15T12:57:00+05:30,51912.2,51917.4,51899.9,51902.2,
2024-10-15T12:58:00+05:30,51902.6,51915.4,51897.8,51906.45,
2024-10-15T12:59:00+05:30,51914.4,51923.3,51907.5,51911.05,
2024-10-15T13:00:00+05:30,51911.85,51911.95,51873.75,51877.25,
2024-10-15T13:01:00+05:30,51877.4,51892.9,51873.25,51891.2,
2024-10-15T13:02:00+05:30,51890.05,51893.55,51846.15,51851.55,
2024-10-15T13:03:00+05:30,51845.7,51868.55,51845.7,51851.95,
2024-10-15T13:04:00+05:30,51851.35,51864.65,51850.15,51858.6,
2024-10-15T13:05:00+05:30,51857.75,51864.75,51817.7,51827.5,
2024-10-15T13:06:00+05:30,51827.2,51847.65,51826.75,51845.95,
2024-10-15T13:07:00+05:30,51846.05,51851.85,51835.45,51841.05,
2024-10-15T13:08:00+05:30,51842.15,51842.15,51820.35,51831.85,
2024-10-15T13:09:00+05:30,51835.6,51839.35,51824.95,51830.8,
2024-10-15T13:10:00+05:30,51828.8,51831.65,51822.25,51822.95,
2024-10-15T13:11:00+05:30,51821.55,51826.65,51815.05,51819.1,
2024-10-15T13:12:00+05:30,51818.85,51835.95,51815.95,51830.7,
2024-10-15T13:13:00+05:30,51830.5,51834.5,51821.35,51829.05,
2024-10-15T13:14:00+05:30,51826.9,51839.85,51815.3,51819.2,
2024-10-15T13:15:00+05:30,51815.8,51831.65,51807.95,51830.6,
2024-10-15T13:16:00+05:30,51831.8,51846.7,51826.05,51843.65,
2024-10-15T13:17:00+05:30,51846.65,51848.1,51826.2,51831.8,
2024-10-15T13:18:00+05:30,51828.4,51832.2,51825.75,51826.85,
2024-10-15T13:19:00+05:30,51827.2,51841.95,51826.45,51839.25,
2024-10-15T13:20:00+05:30,51839.5,51851.1,51838,51840.55,
2024-10-15T13:21:00+05:30,51840.95,51849.7,51832.75,51844.4,
2024-10-15T13:22:00+05:30,51844.1,51852.75,51839.8,51851.15,
2024-10-15T13:23:00+05:30,51851.65,51874.45,51851.65,51868.45,
2024-10-15T13:24:00+05:30,51864.65,51887.7,51864.65,51878.75,
2024-10-15T13:25:00+05:30,51878.75,51882.25,51865.35,51867.85,
2024-10-15T13:26:00+05:30,51867.65,51874.75,51860.1,51872.5,
2024-10-15T13:27:00+05:30,51872.05,51877.35,51862.1,51870.95,
2024-10-15T13:28:00+05:30,51871.15,51876.4,51862.75,51865.65,
2024-10-15T13:29:00+05:30,51862.75,51868.95,51857.85,51866.4,
2024-10-15T13:30:00+05:30,51866.6,51888.6,51862.35,51885.4,
2024-10-15T13:31:00+05:30,51885.45,51901.6,51883.1,51889.65,
2024-10-15T13:32:00+05:30,51889.65,51905.05,51889.65,51897.85,
2024-10-15T13:33:00+05:30,51897.95,51902.25,51884.5,51889.9,
2024-10-15T13:34:00+05:30,51890.15,51897.35,51882.8,51891.6,
2024-10-15T13:35:00+05:30,51891.55,51911.05,51891.55,51906.85,
2024-10-15T13:36:00+05:30,51906.6,51918.75,51905,51910.65,
2024-10-15T13:37:00+05:30,51908.75,51912.2,51899.25,51906.3,
2024-10-15T13:38:00+05:30,51905.25,51916.6,51900.6,51910.65,
2024-10-15T13:39:00+05:30,51910.95,51927.05,51910.85,51914.6,
2024-10-15T13:40:00+05:30,51915.55,51929.25,51907.65,51921.05,
2024-10-15T13:41:00+05:30,51920.4,51925.05,51912.65,51923.2,
2024-10-15T13:42:00+05:30,51921.1,51932.85,51904.95,51904.95,
2024-10-15T13:43:00+05:30,51902.85,51926,51902.85,51914.75,
2024-10-15T13:44:00+05:30,51912.95,51926.65,51903.1,51923.2,
2024-10-15T13:45:00+05:30,51922.95,51930.75,51920.1,51923.75,
2024-10-15T13:46:00+05:30,51922.55,51944.9,51922.55,51935.55,
2024-10-15T13:47:00+05:30,51935.95,51946.9,51927.15,51932.15,
2024-10-15T13:48:00+05:30,51931.1,51932,51907.6,51912.4,
2024-10-15T13:49:00+05:30,51911.1,51911.1,51895.2,51897.15,
2024-10-15T13:50:00+05:30,51895.9,51902.3,51882.55,51890.65,
2024-10-15T13:51:00+05:30,51889.7,51906.05,51886.7,51900.6,
2024-10-15T13:52:00+05:30,51899.7,51914.45,51893.5,51898.15,
2024-10-15T13:53:00+05:30,51902.35,51905.75,51880.3,51884.65,
2024-10-15T13:54:00+05:30,51885.5,51900.25,51879.8,51896.85,
2024-10-15T13:55:00+05:30,51897.05,51916.6,51896.35,51916.45,
2024-10-15T13:56:00+05:30,51909.3,51910,51887.1,51892.6,
2024-10-15T13:57:00+05:30,51892.55,51896.7,51854.5,51864.3,
2024-10-15T13:58:00+05:30,51866.1,51884.8,51864.7,51873.2,
2024-10-15T13:59:00+05:30,51875.3,51877.8,51857.15,51857.15,
2024-10-15T14:00:00+05:30,51861.7,51876.3,51861.7,51869.85,
2024-10-15T14:01:00+05:30,51866.2,51883.6,51859.65,51880.1,
2024-10-15T14:02:00+05:30,51883.1,51896.05,51879.05,51886.5,
2024-10-15T14:03:00+05:30,51885.85,51898.4,51881.3,51881.3,
2024-10-15T14:04:00+05:30,51880.55,51893.75,51879.1,51893.35,
2024-10-15T14:05:00+05:30,51893.55,51901.3,51881.55,51886.85,
2024-10-15T14:06:00+05:30,51890.15,51896.05,51883.9,51894.3,
2024-10-15T14:07:00+05:30,51893.35,51893.35,51882.25,51890.55,
2024-10-15T14:08:00+05:30,51890.15,51899.8,51885.55,51899.8,
2024-10-15T14:09:00+05:30,51895.7,51903.35,51895.35,51901.2,
2024-10-15T14:10:00+05:30,51902.2,51915.35,51899.6,51906.95,
2024-10-15T14:11:00+05:30,51907.6,51907.6,51882.4,51887.35,
2024-10-15T14:12:00+05:30,51888.85,51903.35,51883.15,51900.7,
2024-10-15T14:13:00+05:30,51900.4,51919.6,51895.2,51905,
2024-10-15T14:14:00+05:30,51905.8,51913.3,51902.65,51909.8,
2024-10-15T14:15:00+05:30,51909.3,51915.45,51898.85,51909.45,
2024-10-15T14:16:00+05:30,51908.45,51916.65,51900.1,51904.35,
2024-10-15T14:17:00+05:30,51905.8,51914.35,51897.1,51910.4,
2024-10-15T14:18:00+05:30,51911,51911,51895.8,51900.1,
2024-10-15T14:19:00+05:30,51898.9,51909.45,51895.25,51906.35,
2024-10-15T14:20:00+05:30,51902.8,51924.15,51898.9,51919.45,
2024-10-15T14:21:00+05:30,51916.75,51921.05,51891.4,51896.15,
2024-10-15T14:22:00+05:30,51890.35,51895.4,51878.15,51885.65,
2024-10-15T14:23:00+05:30,51881.8,51894.5,51880.35,51881.4,
2024-10-15T14:24:00+05:30,51883.4,51894.35,51879.9,51890.4,
2024-10-15T14:25:00+05:30,51890.95,51894.95,51877.8,51884,
2024-10-15T14:26:00+05:30,51881.95,51891.3,51877.5,51880.5,
2024-10-15T14:27:00+05:30,51887.05,51904,51882.65,51893.85,
2024-10-15T14:28:00+05:30,51896.25,51897.7,51882.4,51893.25,
2024-10-15T14:29:00+05:30,51890.05,51893,51872.25,51872.25,
2024-10-15T14:30:00+05:30,51878.35,51892.25,51874.85,51886,
2024-10-15T14:31:00+05:30,51885.3,51898.4,51875.8,51894.15,
2024-10-15T14:32:00+05:30,51894.15,51899.45,51882,51885.8,
2024-10-15T14:33:00+05:30,51885.6,51891.75,51869.9,51879.65,
2024-10-15T14:34:00+05:30,51880.75,51898.85,51877.25,51893,
2024-10-15T14:35:00+05:30,51894.05,51896.25,51875.65,51886.25,
2024-10-15T14:36:00+05:30,51888.6,51897.4,51854.8,51854.8,
2024-10-15T14:37:00+05:30,51857.3,51857.3,51797.05,51805.65,
2024-10-15T14:38:00+05:30,51807.3,51822.2,51799.25,51819.45,
2024-10-15T14:39:00+05:30,51820.05,51845.9,51820.05,51845.15,
2024-10-15T14:40:00+05:30,51842.35,51852.65,51833.65,51845.85,
2024-10-15T14:41:00+05:30,51848.75,51858.65,51833.2,51835.65,
2024-10-15T14:42:00+05:30,51835.2,51846.45,51810.85,51817.85,
2024-10-15T14:43:00+05:30,51821.75,51830.35,51804.85,51823.1,
2024-10-15T14:44:00+05:30,51823.55,51841.2,51823.55,51841.15,
2024-10-15T14:45:00+05:30,51842.15,51866.5,51834.5,51865.95,
2024-10-15T14:46:00+05:30,51864.75,51879.55,51861.65,51877.1,
2024-10-15T14:47:00+05:30,51876.65,51881.1,51861.55,51862.85,
2024-10-15T14:48:00+05:30,51862.3,51876.9,51859.3,51870.7,
2024-10-15T14:49:00+05:30,51871.05,51880.2,51867.3,51869.35,
2024-10-15T14:50:00+05:30,51869.35,51880.45,51863.15,51866.85,
2024-10-15T14:51:00+05:30,51867.5,51880.9,51856.4,51877.25,
2024-10-15T14:52:00+05:30,51877.9,51904.5,51876.4,51903.45,
2024-10-15T14:53:00+05:30,51904.05,51912.15,51878.4,51882.8,
2024-10-15T14:54:00+05:30,51881.15,51890.8,51877.7,51889.2,
2024-10-15T14:55:00+05:30,51888.95,51892.65,51856.5,51861.4,
2024-10-15T14:56:00+05:30,51858.1,51884.4,51850.3,51875.4,
2024-10-15T14:57:00+05:30,51875.35,51882.6,51842.4,51842.4,
2024-10-15T14:58:00+05:30,51844.35,51849.2,51808.05,51837.4,
2024-10-15T14:59:00+05:30,51838.1,51851.85,51817.05,51835.7,
2024-10-15T15:00:00+05:30,51831.25,51889.15,51831.25,51882.35,
2024-10-15T15:01:00+05:30,51880.85,51887.9,51865.05,51884.25,
2024-10-15T15:02:00+05:30,51884.35,51887.7,51865.05,51866.1,
2024-10-15T15:03:00+05:30,51867.2,51887.95,51850.55,51882.7,
2024-10-15T15:04:00+05:30,51883.35,51883.45,51859.25,51860.7,
2024-10-15T15:05:00+05:30,51862.65,51871.7,51835.6,51839.65,
2024-10-15T15:06:00+05:30,51834.7,51850.75,51832.4,51837.9,
2024-10-15T15:07:00+05:30,51837.05,51845.2,51822.6,51842.15,
2024-10-15T15:08:00+05:30,51839.7,51863.15,51838.75,51859.85,
2024-10-15T15:09:00+05:30,51862.05,51888.3,51861.35,51887.65,
2024-10-15T15:10:00+05:30,51889.4,51898.95,51881.65,51883.4,
2024-10-15T15:11:00+05:30,51885.7,51923.6,51878.2,51920.65,
2024-10-15T15:12:00+05:30,51920,51952.85,51919.95,51944.45,
2024-10-15T15:13:00+05:30,51944.8,51962.3,51934.2,51934.2,
2024-10-15T15:14:00+05:30,51935.6,51936.05,51901.4,51905.85,
2024-10-15T15:15:00+05:30,51906,51922.4,51893,51893,
2024-10-15T15:16:00+05:30,51900.85,51910.05,51886.9,51910.05,
2024-10-15T15:17:00+05:30,51907.45,51913.5,51895.15,51909.7,
2024-10-15T15:18:00+05:30,51910.7,51926.2,51908.65,51911.15,
2024-10-15T15:19:00+05:30,51910.8,51914.3,51905.35,51912.85,
2024-10-15T15:20:00+05:30,51911.95,51911.95,51894.85,51906.6,
2024-10-15T15:21:00+05:30,51907.25,51926.55,51905.85,51920.75,
2024-10-15T15:22:00+05:30,51919.65,51936,51912.25,51936,
2024-10-15T15:23:00+05:30,51935.85,51943.75,51932.8,51939.2,
2024-10-15T15:24:00+05:30,51941,51955.75,51937.3,51950.15,
2024-10-15T15:25:00+05:30,51950.8,51970.55,51950.1,51964.65,
2024-10-15T15:26:00+05:30,51968.9,51984.15,51963.7,51978.35,
2024-10-15T15:27:00+05:30,51977.7,51990.7,51977.7,51983.6,
2024-10-15T15:28:00+05:30,51981.35,51986.65,51955.3,51960.95,
2024-10-15T15:29:00+05:30,51963.15,51968,51934.5,51945.4,
2024-10-16T09:15:00+05:30,51711.2,51843.3,51711.2,51796.1,
2024-10-16T09:16:00+05:30,51799.45,51865.75,51799.45,51860.4,
2024-10-16T09:17:00+05:30,51859.15,51867.3,51830.7,51836.95,
2024-10-16T09:18:00+05:30,51831.35,51858.9,51827.5,51851.9,
2024-10-16T09:19:00+05:30,51850.15,51887.85,51846.75,51864.5,
2024-10-16T09:20:00+05:30,51866.9,51964.25,51863,51964.25,
2024-10-16T09:21:00+05:30,51962.65,51989.55,51919.65,51929.8,
2024-10-16T09:22:00+05:30,51924.85,51943.2,51917.4,51923.25,
2024-10-16T09:23:00+05:30,51924.75,51938.65,51903.3,51904.8,
2024-10-16T09:24:00+05:30,51905.1,51939.85,51905.1,51919.7,
2024-10-16T09:25:00+05:30,51919.7,51932.5,51908.9,51920.8,
2024-10-16T09:26:00+05:30,51921.85,51926.4,51874.75,51895.85,
2024-10-16T09:27:00+05:30,51891.35,51901.7,51879.85,51895.55,
2024-10-16T09:28:00+05:30,51897.35,51931.8,51890.75,51912.45,
2024-10-16T09:29:00+05:30,51911.65,51912.7,51899.9,51908.7,
2024-10-16T09:30:00+05:30,51911.9,51930.1,51909.5,51926.4,
2024-10-16T09:31:00+05:30,51928.75,51958.65,51921.95,51939.65,
2024-10-16T09:32:00+05:30,51933.75,51952.6,51923.7,51925.5,
2024-10-16T09:33:00+05:30,51924.95,51931.15,51898,51920.2,
2024-10-16T09:34:00+05:30,51920.2,51930.55,51886.4,51897.35,
2024-10-16T09:35:00+05:30,51896.95,51901.45,51881.8,51896.25,
2024-10-16T09:36:00+05:30,51896.9,51916.8,51885.45,51912.95,
2024-10-16T09:37:00+05:30,51913.8,51914.8,51891,51894.65,
2024-10-16T09:38:00+05:30,51895.55,51945.45,51888,51945.45,
2024-10-16T09:39:00+05:30,51946.85,51974.85,51942.65,51957.4,
2024-10-16T09:40:00+05:30,51957.25,51968.1,51939.75,51943,
2024-10-16T09:41:00+05:30,51943.05,51943.45,51926.1,51939.3,
2024-10-16T09:42:00+05:30,51939.65,51974.25,51930.7,51961.9,
2024-10-16T09:43:00+05:30,51962.95,52002.9,51960.7,52002.9,
2024-10-16T09:44:00+05:30,51998.05,52004.15,51989.15,51994.65,
2024-10-16T09:45:00+05:30,51990.75,51997.8,51968.05,51976.05,
2024-10-16T09:46:00+05:30,51970.7,51987.15,51962.45,51978.7,
2024-10-16T09:47:00+05:30,51978.05,51996.15,51959.6,51973.65,
2024-10-16T09:48:00+05:30,51974.75,52001.6,51969.9,51998.1,
2024-10-16T09:49:00+05:30,51991.95,52028.85,51990.95,52027.95,
2024-10-16T09:50:00+05:30,52025.45,52031.6,51993.15,52001.2,
2024-10-16T09:51:00+05:30,52001,52008.1,51995.3,52002.3,
2024-10-16T09:52:00+05:30,52001.8,52011,51994.75,52010.15,
2024-10-16T09:53:00+05:30,52007.9,52011.6,51997.65,52001.7,
2024-10-16T09:54:00+05:30,52004,52013.6,51989.35,52009.75,
2024-10-16T09:55:00+05:30,52011.9,52023.2,52003.55,52016.95,
2024-10-16T09:56:00+05:30,52017.35,52019.75,52011.8,52013.4,
2024-10-16T09:57:00+05:30,52012.75,52014.55,52000.75,52006.35,
2024-10-16T09:58:00+05:30,52008.9,52021.75,51999.3,52003.75,
2024-10-16T09:59:00+05:30,52004.5,52014.3,51996.15,51999,
2024-10-16T10:00:00+05:30,52002.7,52002.7,51947.55,51974.2,
2024-10-16T10:01:00+05:30,51977.6,51977.6,51965.2,51971.45,
2024-10-16T10:02:00+05:30,51973.1,51978.7,51958.1,51975.8,
2024-10-16T10:03:00+05:30,51975.4,51985.9,51967.75,51970.35,
2024-10-16T10:04:00+05:30,51971.85,51971.95,51954.3,51957.5,
2024-10-16T10:05:00+05:30,51955.8,51959.05,51949.3,51950.4,
2024-10-16T10:06:00+05:30,51951.1,51953.75,51934.85,51939.4,
2024-10-16T10:07:00+05:30,51939.25,51947.75,51936.15,51943.8,
2024-10-16T10:08:00+05:30,51945.8,51954.7,51942.8,51954.65,
2024-10-16T10:09:00+05:30,51957.6,51991.8,51957.6,51991.25,
2024-10-16T10:10:00+05:30,51992.85,51999.55,51982.25,51983.1,
2024-10-16T10:11:00+05:30,51983,51983.8,51972.7,51973.25,
2024-10-16T10:12:00+05:30,51973.2,51973.95,51960.65,51962.3,
2024-10-16T10:13:00+05:30,51963.05,51963.05,51929.45,51934.85,
2024-10-16T10:14:00+05:30,51938,51954.65,51931.25,51944.3,
2024-10-16T10:15:00+05:30,51944.3,51951.5,51934.75,51942.55,
2024-10-16T10:16:00+05:30,51941.7,51944.85,51915.5,51926.95,
2024-10-16T10:17:00+05:30,51926.6,51948.1,51925.4,51942.75,
2024-10-16T10:18:00+05:30,51943.1,51963.2,51941.9,51955.85,
2024-10-16T10:19:00+05:30,51956.6,51964.75,51944.9,51945.1,
2024-10-16T10:20:00+05:30,51946.65,51946.65,51918.55,51925.45,
2024-10-16T10:21:00+05:30,51926.15,51936.15,51915.2,51925.6,
2024-10-16T10:22:00+05:30,51927.95,51932.95,51904.85,51916.15,
2024-10-16T10:23:00+05:30,51916.95,51937.35,51914.25,51918.7,
2024-10-16T10:24:00+05:30,51920.65,51930.75,51914,51917.2,
2024-10-16T10:25:00+05:30,51918.15,51929.85,51895.9,51910.6,
2024-10-16T10:26:00+05:30,51910.4,51922.25,51904.45,51915.9,
2024-10-16T10:27:00+05:30,51919.35,51928.15,51906.55,51913.2,
2024-10-16T10:28:00+05:30,51914.2,51924.9,51909.2,51922.8,
2024-10-16T10:29:00+05:30,51921.35,51927.65,51912.1,51916.05,
2024-10-16T10:30:00+05:30,51917.75,51923.2,51916.4,51918.65,
2024-10-16T10:31:00+05:30,51920.65,51923.75,51911.55,51921.5,
2024-10-16T10:32:00+05:30,51922,51929.95,51916.15,51927.6,
2024-10-16T10:33:00+05:30,51928.65,51929.35,51914.75,51917.4,
2024-10-16T10:34:00+05:30,51917.9,51920.2,51910.55,51919.3,
2024-10-16T10:35:00+05:30,51921.65,51953.25,51919.6,51950.1,
2024-10-16T10:36:00+05:30,51948.1,51956.65,51942.45,51944.05,
2024-10-16T10:37:00+05:30,51944.15,51946.7,51936.3,51938.95,
2024-10-16T10:38:00+05:30,51939.2,51940.3,51919.45,51925.1,
2024-10-16T10:39:00+05:30,51925.1,51931.15,51904.05,51906.95,
2024-10-16T10:40:00+05:30,51904.55,51907.85,51884.9,51895.6,
2024-10-16T10:41:00+05:30,51896.9,51902.75,51886.15,51887.7,
2024-10-16T10:42:00+05:30,51887.75,51901.9,51886.35,51896.25,
2024-10-16T10:43:00+05:30,51897,51919.6,51895,51915.95,
2024-10-16T10:44:00+05:30,51916.85,51924.05,51911.55,51920.5,
2024-10-16T10:45:00+05:30,51920.8,51925.7,51904.4,51908.05,
2024-10-16T10:46:00+05:30,51908.45,51925.35,51907.45,51918.3,
2024-10-16T10:47:00+05:30,51918.55,51925.55,51912.2,51925.5,
2024-10-16T10:48:00+05:30,51925.75,51927.2,51912.2,51919.25,
2024-10-16T10:49:00+05:30,51920.1,51925.7,51910.75,51922.35,
2024-10-16T10:50:00+05:30,51922.05,51927.05,51912.55,51924.2,
2024-10-16T10:51:00+05:30,51927.4,51927.45,51912.1,51912.2,
2024-10-16T10:52:00+05:30,51911.65,51920.25,51908.9,51911.45,
2024-10-16T10:53:00+05:30,51908.8,51917.2,51899.75,51907.65,
2024-10-16T10:54:00+05:30,51907.65,51911.6,51898.3,51902.5,
2024-10-16T10:55:00+05:30,51902.95,51910.85,51901.15,51909.95,
2024-10-16T10:56:00+05:30,51909.75,51924.05,51909.2,51913.2,
2024-10-16T10:57:00+05:30,51914.95,51922,51906.4,51907.75,
2024-10-16T10:58:00+05:30,51911.45,51921.55,51906.4,51917.6,
2024-10-16T10:59:00+05:30,51917.7,51932.3,51910.8,51926.55,
2024-10-16T11:00:00+05:30,51926.55,51937.15,51920.8,51935.2,
2024-10-16T11:01:00+05:30,51933.15,51936.05,51925.75,51929.15,
2024-10-16T11:02:00+05:30,51929.35,51935.15,51911.75,51912.1,
2024-10-16T11:03:00+05:30,51915.25,51916.85,51903,51912,
2024-10-16T11:04:00+05:30,51915.85,51922.15,51902.4,51916,
2024-10-16T11:05:00+05:30,51916.5,51923.8,51912.05,51917.55,
2024-10-16T11:06:00+05:30,51913.3,51918.85,51902.45,51918.45,
2024-10-16T11:07:00+05:30,51915.8,51920.7,51905.8,51917.15,
2024-10-16T11:08:00+05:30,51917.45,51922.3,51902.6,51905.6,
2024-10-16T11:09:00+05:30,51905.55,51910,51901.15,51903.25,
2024-10-16T11:10:00+05:30,51904.2,51905.7,51888.05,51893.7,
2024-10-16T11:11:00+05:30,51891.75,51894.15,51882.95,51892.8,
2024-10-16T11:12:00+05:30,51890.6,51911.65,51889.25,51909,
2024-10-16T11:13:00+05:30,51912.1,51919.7,51901.55,51909.5,
2024-10-16T11:14:00+05:30,51909.7,51912.95,51904.75,51909.6,
2024-10-16T11:15:00+05:30,51905.9,51913.75,51876.7,51886.25,
2024-10-16T11:16:00+05:30,51879.3,51883.15,51865.95,51878.5,
2024-10-16T11:17:00+05:30,51879.65,51885.45,51871.45,51872.8,
2024-10-16T11:18:00+05:30,51870.75,51895,51852.45,51887.85,
2024-10-16T11:19:00+05:30,51890.9,51892.2,51874.05,51878.3,
2024-10-16T11:20:00+05:30,51878.85,51889.3,51874.75,51887.6,
2024-10-16T11:21:00+05:30,51888,51888,51877.4,51883.95,
2024-10-16T11:22:00+05:30,51882.75,51886.7,51860.95,51879,
2024-10-16T11:23:00+05:30,51876.15,51891.3,51870.1,51870.2,
2024-10-16T11:24:00+05:30,51870.25,51876.7,51867.9,51873.35,
2024-10-16T11:25:00+05:30,51873.35,51874.75,51869.4,51874.55,
2024-10-16T11:26:00+05:30,51874.8,51888.6,51872.5,51885.1,
2024-10-16T11:27:00+05:30,51884.5,51884.5,51867.3,51869.9,
2024-10-16T11:28:00+05:30,51870.55,51870.55,51852.2,51857.65,
2024-10-16T11:29:00+05:30,51859.05,51859.05,51843.35,51852.25,
2024-10-16T11:30:00+05:30,51850.95,51857.05,51843.7,51853.6,
2024-10-16T11:31:00+05:30,51849.3,51858.7,51843.15,51858.7,
2024-10-16T11:32:00+05:30,51857.4,51861.95,51844.55,51857.65,
2024-10-16T11:33:00+05:30,51851.85,51857.7,51846,51854.75,
2024-10-16T11:34:00+05:30,51853.35,51864.15,51850,51852.95,
2024-10-16T11:35:00+05:30,51853.9,51859.55,51845.5,51858.9,
2024-10-16T11:36:00+05:30,51860.05,51868.7,51849.15,51851.9,
2024-10-16T11:37:00+05:30,51853.4,51858.15,51848.65,51854.95,
2024-10-16T11:38:00+05:30,51854.1,51861.85,51848.55,51849.25,
2024-10-16T11:39:00+05:30,51849.85,51855.45,51843.7,51848.35,
2024-10-16T11:40:00+05:30,51852.7,51856.05,51843.35,51844.1,
2024-10-16T11:41:00+05:30,51844.55,51850.3,51838.15,51840.55,
2024-10-16T11:42:00+05:30,51840.25,51851.3,51836.3,51839,
2024-10-16T11:43:00+05:30,51836.95,51855.15,51831.6,51852.8,
2024-10-16T11:44:00+05:30,51848.35,51856.8,51837.4,51841.9,
2024-10-16T11:45:00+05:30,51847.8,51848.2,51833.9,51842.2,
2024-10-16T11:46:00+05:30,51841.8,51849.75,51836.6,51836.6,
2024-10-16T11:47:00+05:30,51842.95,51845.65,51831.75,51835.35,
2024-10-16T11:48:00+05:30,51837.5,51847.25,51834.55,51839.65,
2024-10-16T11:49:00+05:30,51838.25,51847.4,51837.4,51842.8,
2024-10-16T11:50:00+05:30,51843.6,51852.8,51837.65,51842.75,
2024-10-16T11:51:00+05:30,51844.45,51864.25,51841.5,51856.95,
2024-10-16T11:52:00+05:30,51857.1,51859.9,51844.75,51850.2,
2024-10-16T11:53:00+05:30,51851.15,51863.1,51845.55,51850.75,
2024-10-16T11:54:00+05:30,51851.5,51859,51844.15,51852.05,
2024-10-16T11:55:00+05:30,51861.2,51883.95,51851.85,51869.3,
2024-10-16T11:56:00+05:30,51869.35,51873.5,51859.3,51873.15,
2024-10-16T11:57:00+05:30,51872.7,51875.5,51866.5,51866.5,
2024-10-16T11:58:00+05:30,51865.95,51869.15,51862.55,51866.75,
2024-10-16T11:59:00+05:30,51865.15,51879.25,51864.5,51877.95,
2024-10-16T12:00:00+05:30,51877.5,51896.25,51877.1,51882.65,
2024-10-16T12:01:00+05:30,51883.2,51886.4,51875.95,51877.75,
2024-10-16T12:02:00+05:30,51876.95,51878.55,51868.85,51870.4,
2024-10-16T12:03:00+05:30,51869.6,51870.6,51848.55,51857.05,
2024-10-16T12:04:00+05:30,51855.75,51858.1,51848.85,51851.55,
2024-10-16T12:05:00+05:30,51854.1,51856.95,51849,51855.05,
2024-10-16T12:06:00+05:30,51853.15,51861.35,51852.45,51860.9,
2024-10-16T12:07:00+05:30,51860.9,51875.2,51859.7,51868.9,
2024-10-16T12:08:00+05:30,51868.95,51882,51864.4,51874.15,
2024-10-16T12:09:00+05:30,51878.45,51882.45,51870.75,51874.75,
2024-10-16T12:10:00+05:30,51874.4,51875.7,51868.95,51871.6,
2024-10-16T12:11:00+05:30,51870.5,51881.2,51864.8,51876.9,
2024-10-16T12:12:00+05:30,51877.65,51882.1,51867.15,51868.65,
2024-10-16T12:13:00+05:30,51868.2,51873.3,51864.1,51870.35,
2024-10-16T12:14:00+05:30,51870.25,51870.9,51862.85,51867.65,
2024-10-16T12:15:00+05:30,51867.2,51872.45,51862.25,51869.6,
2024-10-16T12:16:00+05:30,51871.45,51871.85,51865.2,51869.3,
2024-10-16T12:17:00+05:30,51870.7,51872.25,51865.4,51868.3,
2024-10-16T12:18:00+05:30,51868.4,51887.1,51867.35,51885.35,
2024-10-16T12:19:00+05:30,51884.1,51895.45,51882.15,51895.45,
2024-10-16T12:20:00+05:30,51896.15,51914.25,51894.6,51912.7,
2024-10-16T12:21:00+05:30,51912.85,51913.5,51904.65,51905.85,
2024-10-16T12:22:00+05:30,51906.25,51908.75,51898.85,51901.75,
2024-10-16T12:23:00+05:30,51901.3,51911.8,51900.2,51903.1,
2024-10-16T12:24:00+05:30,51905.2,51907.7,51900.85,51905.75,
2024-10-16T12:25:00+05:30,51905.9,51908.7,51898.6,51898.6,
2024-10-16T12:26:00+05:30,51899.5,51901.7,51886.9,51889.55,
2024-10-16T12:27:00+05:30,51888.95,51891.6,51886.65,51889.5,
2024-10-16T12:28:00+05:30,51887.55,51891.25,51881.75,51888.7,
2024-10-16T12:29:00+05:30,51889.35,51897,51885.3,51890.1,
2024-10-16T12:30:00+05:30,51889.6,51897.25,51886.65,51888.6,
2024-10-16T12:31:00+05:30,51890.1,51894.1,51887.45,51889.45,
2024-10-16T12:32:00+05:30,51891.1,51891.95,51876.7,51876.7,
2024-10-16T12:33:00+05:30,51880,51881.3,51865.75,51871.05,
2024-10-16T12:34:00+05:30,51873.9,51889.7,51869.1,51883.5,
2024-10-16T12:35:00+05:30,51885.15,51891.5,51880.45,51884.15,
2024-10-16T12:36:00+05:30,51882.85,51892.35,51881.85,51889.4,
2024-10-16T12:37:00+05:30,51890.65,51893.2,51885.45,51890.2,
2024-10-16T12:38:00+05:30,51891,51900.85,51888.6,51889.65,
2024-10-16T12:39:00+05:30,51890.15,51890.9,51876.75,51881.1,
2024-10-16T12:40:00+05:30,51880.45,51881.75,51873.65,51876.6,
2024-10-16T12:41:00+05:30,51876.35,51878,51872.1,51877.2,
2024-10-16T12:42:00+05:30,51877.3,51884.2,51874.6,51881.25,
2024-10-16T12:43:00+05:30,51881.5,51892.65,51881.45,51888.1,
2024-10-16T12:44:00+05:30,51889.45,51889.7,51882.45,51888.15,
2024-10-16T12:45:00+05:30,51887.05,51894.95,51884.8,51884.8,
2024-10-16T12:46:00+05:30,51884,51887.95,51878.25,51878.85,
2024-10-16T12:47:00+05:30,51878.85,51883,51873.9,51875.5,
2024-10-16T12:48:00+05:30,51875.85,51882.8,51871,51875.85,
2024-10-16T12:49:00+05:30,51875,51876.65,51869.65,51870.3,
2024-10-16T12:50:00+05:30,51872.05,51876.25,51870.45,51873.25,
2024-10-16T12:51:00+05:30,51872.85,51881.15,51869.5,51872.55,
2024-10-16T12:52:00+05:30,51874.45,51877.7,51870.85,51873.9,
2024-10-16T12:53:00+05:30,51873.75,51877.2,51858.65,51864.2,
2024-10-16T12:54:00+05:30,51863.75,51867.3,51861.25,51861.25,
2024-10-16T12:55:00+05:30,51860.85,51864.45,51856.3,51860.75,
2024-10-16T12:56:00+05:30,51860.75,51880.3,51860.75,51872.5,
2024-10-16T12:57:00+05:30,51872.55,51876.85,51866.9,51869.35,
2024-10-16T12:58:00+05:30,51869.2,51876.1,51869.2,51875.75,
2024-10-16T12:59:00+05:30,51874.85,51887.3,51872,51884.15,
2024-10-16T13:00:00+05:30,51883.7,51894.3,51882.35,51883.7,
2024-10-16T13:01:00+05:30,51883.95,51889.8,51881.75,51882.95,
2024-10-16T13:02:00+05:30,51882.7,51889.25,51878.5,51886.2,
2024-10-16T13:03:00+05:30,51886.2,51900.5,51886.2,51896.55,
2024-10-16T13:04:00+05:30,51897.55,51901.15,51891.85,51897.3,
2024-10-16T13:05:00+05:30,51897,51908.3,51897,51906.6,
2024-10-16T13:06:00+05:30,51908.2,51911.65,51903.05,51903.05,
2024-10-16T13:07:00+05:30,51903.6,51904.9,51888.25,51888.9,
2024-10-16T13:08:00+05:30,51890.6,51892.95,51887.3,51889.25,
2024-10-16T13:09:00+05:30,51888.55,51895.95,51888.1,51890.7,
2024-10-16T13:10:00+05:30,51891,51899.55,51891,51896.45,
2024-10-16T13:11:00+05:30,51896.3,51905.15,51893.7,51899.05,
2024-10-16T13:12:00+05:30,51898.35,51914.25,51897.8,51911.05,
2024-10-16T13:13:00+05:30,51912.75,51921.85,51912.2,51915.45,
2024-10-16T13:14:00+05:30,51916.65,51922.45,51909.7,51911.6,
2024-10-16T13:15:00+05:30,51911.45,51917.15,51909.9,51914.95,
2024-10-16T13:16:00+05:30,51914.5,51915.05,51893.85,51897.3,
2024-10-16T13:17:00+05:30,51896.9,51909.65,51896.9,51905.6,
2024-10-16T13:18:00+05:30,51905.85,51921.45,51902.55,51913.6,
2024-10-16T13:19:00+05:30,51923.25,51923.25,51914.35,51914.75,
2024-10-16T13:20:00+05:30,51915.9,51919.75,51909.2,51911.95,
2024-10-16T13:21:00+05:30,51911.05,51920.1,51908.6,51916.9,
2024-10-16T13:22:00+05:30,51918.15,51919.95,51911.2,51914.7,
2024-10-16T13:23:00+05:30,51909.65,51914.35,51906.25,51908.85,
2024-10-16T13:24:00+05:30,51907.25,51910.2,51886.3,51887.65,
2024-10-16T13:25:00+05:30,51889.65,51899.75,51886.65,51896.1,
2024-10-16T13:26:00+05:30,51897.75,51897.75,51877.4,51880,
2024-10-16T13:27:00+05:30,51882.2,51882.5,51872.85,51876.6,
2024-10-16T13:28:00+05:30,51878.1,51880.1,51873.9,51875.3,
2024-10-16T13:29:00+05:30,51876.1,51886.8,51874.45,51882.85,
2024-10-16T13:30:00+05:30,51883.85,51888.5,51874.75,51878.35,
2024-10-16T13:31:00+05:30,51880.05,51886.7,51872.55,51883.35,
2024-10-16T13:32:00+05:30,51879.7,51882.1,51867.55,51872.45,
2024-10-16T13:33:00+05:30,51881.95,51888.95,51872.6,51876.2,
2024-10-16T13:34:00+05:30,51875,51884.85,51870.65,51875.3,
2024-10-16T13:35:00+05:30,51875.45,51883.7,51871.7,51872.35,
2024-10-16T13:36:00+05:30,51874.5,51882.25,51868.4,51873.5,
2024-10-16T13:37:00+05:30,51878.6,51880.7,51865.25,51873.5,
2024-10-16T13:38:00+05:30,51874.55,51880.35,51868.65,51878.4,
2024-10-16T13:39:00+05:30,51874.8,51883.9,51871.75,51875.55,
2024-10-16T13:40:00+05:30,51875.95,51879.45,51867.05,51876.5,
2024-10-16T13:41:00+05:30,51872.95,51881.6,51868.8,51872.75,
2024-10-16T13:42:00+05:30,51873.7,51884.1,51860.1,51861.55,
2024-10-16T13:43:00+05:30,51863.2,51864.5,51854.55,51855.45,
2024-10-16T13:44:00+05:30,51856.1,51867.7,51853.6,51862.9,
2024-10-16T13:45:00+05:30,51863.6,51868.6,51857.4,51861.65,
2024-10-16T13:46:00+05:30,51859,51873.3,51855.8,51870.35,
2024-10-16T13:47:00+05:30,51869.25,51873.45,51857.85,51865.2,
2024-10-16T13:48:00+05:30,51862,51868.7,51857.65,51860.35,
2024-10-16T13:49:00+05:30,51861.15,51875.2,51860.75,51866.65,
2024-10-16T13:50:00+05:30,51866.65,51869.85,51862.2,51865,
2024-10-16T13:51:00+05:30,51863.1,51864.9,51856.75,51856.75,
2024-10-16T13:52:00+05:30,51859.2,51865.95,51855.75,51861.2,
2024-10-16T13:53:00+05:30,51863.1,51863.1,51851.2,51857.1,
2024-10-16T13:54:00+05:30,51859.2,51859.2,51850.1,51850.85,
2024-10-16T13:55:00+05:30,51851.3,51853.65,51844.2,51851.9,
2024-10-16T13:56:00+05:30,51852.25,51856.55,51847.2,51849.75,
2024-10-16T13:57:00+05:30,51850.25,51858.75,51844.1,51851.9,
2024-10-16T13:58:00+05:30,51855.85,51858.1,51845.8,51848.35,
2024-10-16T13:59:00+05:30,51848.35,51859.7,51840.3,51846.35,
2024-10-16T14:00:00+05:30,51845.65,51853.8,51840.95,51845.5,
2024-10-16T14:01:00+05:30,51845.8,51866.8,51843.45,51860.3,
2024-10-16T14:02:00+05:30,51860.65,51864.25,51852.8,51857.45,
2024-10-16T14:03:00+05:30,51859.05,51881.4,51856.85,51866.85,
2024-10-16T14:04:00+05:30,51865.85,51870.25,51860.3,51865.75,
2024-10-16T14:05:00+05:30,51865.8,51879.25,51861.8,51868.9,
2024-10-16T14:06:00+05:30,51868.25,51876.65,51866.2,51868.8,
2024-10-16T14:07:00+05:30,51868.6,51890.75,51865,51877.95,
2024-10-16T14:08:00+05:30,51877.45,51883.25,51857.45,51859.25,
2024-10-16T14:09:00+05:30,51859.95,51874.15,51856.85,51871.55,
2024-10-16T14:10:00+05:30,51870.4,51876.6,51859.2,51860,
2024-10-16T14:11:00+05:30,51859.95,51864.55,51855.65,51859,
2024-10-16T14:12:00+05:30,51859,51865.45,51857,51859.9,
2024-10-16T14:13:00+05:30,51860.1,51866.75,51856,51861.9,
2024-10-16T14:14:00+05:30,51861.9,51870.4,51855.6,51856.15,
2024-10-16T14:15:00+05:30,51854.5,51864.5,51850.4,51854.65,
2024-10-16T14:16:00+05:30,51856.5,51860.4,51851.45,51856.9,
2024-10-16T14:17:00+05:30,51857.2,51859.6,51848.65,51856.5,
2024-10-16T14:18:00+05:30,51852.45,51856.25,51848.2,51851.15,
2024-10-16T14:19:00+05:30,51853.55,51854.7,51847.95,51849.85,
2024-10-16T14:20:00+05:30,51852.4,51854.4,51845.45,51850.45,
2024-10-16T14:21:00+05:30,51849.85,51852.8,51840.35,51846.7,
2024-10-16T14:22:00+05:30,51846.7,51854.15,51845.5,51850.5,
2024-10-16T14:23:00+05:30,51849.6,51852.6,51845.55,51850.7,
2024-10-16T14:24:00+05:30,51850.4,51863,51846.35,51861.95,
2024-10-16T14:25:00+05:30,51861.8,51865.6,51856.55,51858.1,
2024-10-16T14:26:00+05:30,51855.7,51876.55,51851.4,51876.55,
2024-10-16T14:27:00+05:30,51877,51893.1,51866.6,51875.1,
2024-10-16T14:28:00+05:30,51875.1,51886.6,51864.75,51865.2,
2024-10-16T14:29:00+05:30,51865.95,51874.15,51862.2,51863.55,
2024-10-16T14:30:00+05:30,51864.6,51879.3,51860.25,51862.4,
2024-10-16T14:31:00+05:30,51862.25,51866.25,51856.9,51863.05,
2024-10-16T14:32:00+05:30,51859.15,51868.35,51857.1,51861.55,
2024-10-16T14:33:00+05:30,51861.05,51864.45,51851.85,51858.2,
2024-10-16T14:34:00+05:30,51859.95,51867.85,51854.2,51856.65,
2024-10-16T14:35:00+05:30,51856.85,51862.2,51839.5,51839.95,
2024-10-16T14:36:00+05:30,51839.7,51852.7,51819.25,51829.95,
2024-10-16T14:37:00+05:30,51829.25,51838.3,51825.4,51831.95,
2024-10-16T14:38:00+05:30,51833.15,51840.6,51828,51835.2,
2024-10-16T14:39:00+05:30,51835.3,51843.15,51832.05,51836.45,
2024-10-16T14:40:00+05:30,51835.95,51843.9,51814.6,51819.65,
2024-10-16T14:41:00+05:30,51816.85,51832.85,51816.85,51825.15,
2024-10-16T14:42:00+05:30,51824.9,51826.1,51813.2,51819.85,
2024-10-16T14:43:00+05:30,51821.65,51829.5,51811.5,51815.2,
2024-10-16T14:44:00+05:30,51813.7,51818.2,51806.3,51812.8,
2024-10-16T14:45:00+05:30,51814.05,51814.05,51789.1,51800.95,
2024-10-16T14:46:00+05:30,51798.7,51818.5,51791.85,51805.75,
2024-10-16T14:47:00+05:30,51807.55,51816.4,51802.65,51809.25,
2024-10-16T14:48:00+05:30,51807.45,51825.65,51805.6,51824.15,
2024-10-16T14:49:00+05:30,51824,51827.95,51808.35,51808.35,
2024-10-16T14:50:00+05:30,51808.15,51813.8,51782.45,51782.85,
2024-10-16T14:51:00+05:30,51785.1,51788.8,51769.1,51783.05,
2024-10-16T14:52:00+05:30,51782.6,51802.2,51782.6,51797.15,
2024-10-16T14:53:00+05:30,51795.8,51809.05,51795.8,51798.4,
2024-10-16T14:54:00+05:30,51796.95,51806.5,51777,51806.5,
2024-10-16T14:55:00+05:30,51810.4,51810.4,51775.95,51775.95,
2024-10-16T14:56:00+05:30,51773.3,51806.2,51773.3,51803.85,
2024-10-16T14:57:00+05:30,51804.35,51808.05,51790.85,51791.6,
2024-10-16T14:58:00+05:30,51792.55,51816.6,51789.35,51811.45,
2024-10-16T14:59:00+05:30,51812.65,51812.8,51784.15,51797.65,
2024-10-16T15:00:00+05:30,51798.5,51802.4,51770.9,51798.4,
2024-10-16T15:01:00+05:30,51791,51811.95,51788.1,51793.35,
2024-10-16T15:02:00+05:30,51794.35,51803.15,51794.05,51797.3,
2024-10-16T15:03:00+05:30,51798.05,51822.55,51797.75,51805.65,
2024-10-16T15:04:00+05:30,51802.9,51810.9,51800.45,51801.25,
2024-10-16T15:05:00+05:30,51800.9,51808.8,51788.25,51791.85,
2024-10-16T15:06:00+05:30,51792.75,51826.15,51789.25,51801.25,
2024-10-16T15:07:00+05:30,51793.6,51802.65,51789.55,51793.25,
2024-10-16T15:08:00+05:30,51798.6,51811.9,51793.75,51805.8,
2024-10-16T15:09:00+05:30,51805.7,51808.15,51788.95,51798.85,
2024-10-16T15:10:00+05:30,51799.15,51810.85,51791.25,51792.7,
2024-10-16T15:11:00+05:30,51795.6,51803.95,51786.1,51797.65,
2024-10-16T15:12:00+05:30,51797.8,51806.4,51766,51767.3,
2024-10-16T15:13:00+05:30,51773.55,51805.3,51771.55,51797.45,
2024-10-16T15:14:00+05:30,51798.15,51816.45,51795.65,51810.9,
2024-10-16T15:15:00+05:30,51810.35,51817.45,51792.7,51796.45,
2024-10-16T15:16:00+05:30,51799.7,51805,51783.95,51792.7,
2024-10-16T15:17:00+05:30,51791.25,51809,51776.75,51783.15,
2024-10-16T15:18:00+05:30,51785.55,51786.95,51770,51780.55,
2024-10-16T15:19:00+05:30,51783.25,51812.65,51771.6,51798.9,
2024-10-16T15:20:00+05:30,51802.45,51813,51790.3,51804.1,
2024-10-16T15:21:00+05:30,51803.15,51813.5,51791.25,51791.85,
2024-10-16T15:22:00+05:30,51794.75,51808,51788.3,51799,
2024-10-16T15:23:00+05:30,51800.3,51815.35,51792.85,51802,
2024-10-16T15:24:00+05:30,51797.7,51805.5,51784.75,51795.75,
2024-10-16T15:25:00+05:30,51794.3,51802.25,51785.65,51797.95,
2024-10-16T15:26:00+05:30,51791,51822.6,51791,51815.1,
2024-10-16T15:27:00+05:30,51815.5,51825.65,51799.3,51807.65,
2024-10-16T15:28:00+05:30,51804.85,51822.35,51793.6,51796.25,
2024-10-16T15:29:00+05:30,51800.05,51805.9,51783.7,51796.4,
2024-10-17T09:15:00+05:30,51849.3,51930.2,51793.15,51892.9,
2024-10-17T09:16:00+05:30,51894.65,51894.65,51785.75,51785.75,
2024-10-17T09:17:00+05:30,51784.65,51805.2,51770.35,51801.4,
2024-10-17T09:18:00+05:30,51796.5,51824.65,51795.15,51820.25,
2024-10-17T09:19:00+05:30,51820.45,51827.15,51781.45,51815.75,
2024-10-17T09:20:00+05:30,51818.55,51818.55,51772.15,51773.5,
2024-10-17T09:21:00+05:30,51776.55,51776.55,51744.55,51762.2,
2024-10-17T09:22:00+05:30,51763.2,51795.1,51759.45,51781.7,
2024-10-17T09:23:00+05:30,51785.4,51808.6,51763.5,51767.25,
2024-10-17T09:24:00+05:30,51766.3,51772.4,51742.9,51767.85,
2024-10-17T09:25:00+05:30,51765.75,51798.3,51761.15,51790.85,
2024-10-17T09:26:00+05:30,51791.45,51794.45,51748.95,51751.15,
2024-10-17T09:27:00+05:30,51754.25,51755.75,51733.85,51738.8,
2024-10-17T09:28:00+05:30,51744.5,51745.7,51715.8,51724.95,
2024-10-17T09:29:00+05:30,51725.8,51752.05,51725.8,51734.75,
2024-10-17T09:30:00+05:30,51736.15,51740.25,51712.9,51722.25,
2024-10-17T09:31:00+05:30,51729.5,51759.65,51724.3,51747.8,
2024-10-17T09:32:00+05:30,51748,51774.8,51748,51754.55,
2024-10-17T09:33:00+05:30,51754.75,51761.9,51732,51742.85,
2024-10-17T09:34:00+05:30,51739.85,51746.6,51663.95,51680.3,
2024-10-17T09:35:00+05:30,51683.45,51684.8,51638.15,51644.45,
2024-10-17T09:36:00+05:30,51643.8,51655,51596.35,51619,
2024-10-17T09:37:00+05:30,51622.3,51628.15,51585.65,51595.15,
2024-10-17T09:38:00+05:30,51595.8,51608.85,51563.2,51583.75,
2024-10-17T09:39:00+05:30,51582.75,51583.7,51533.45,51540.5,
2024-10-17T09:40:00+05:30,51538.2,51540.9,51476.65,51486.35,
2024-10-17T09:41:00+05:30,51484.1,51527.05,51469.2,51522.4,
2024-10-17T09:42:00+05:30,51528.15,51537.8,51504.05,51534.8,
2024-10-17T09:43:00+05:30,51536.7,51536.7,51476.5,51492.45,
2024-10-17T09:44:00+05:30,51490.85,51507.55,51479.95,51480.4,
2024-10-17T09:45:00+05:30,51484.35,51489.25,51412.4,51417.9,
2024-10-17T09:46:00+05:30,51421.85,51448.95,51405,51441.3,
2024-10-17T09:47:00+05:30,51447.45,51467.3,51444.2,51460.05,
2024-10-17T09:48:00+05:30,51459.85,51464.8,51431.8,51435.35,
2024-10-17T09:49:00+05:30,51430.95,51452.1,51419.1,51419.1,
2024-10-17T09:50:00+05:30,51415.1,51448,51396.05,51440.6,
2024-10-17T09:51:00+05:30,51445,51450.8,51402.9,51406.1,
2024-10-17T09:52:00+05:30,51408.05,51437,51403.25,51428.8,
2024-10-17T09:53:00+05:30,51428.35,51436.4,51412.4,51426.3,
2024-10-17T09:54:00+05:30,51424.6,51424.6,51380.6,51380.6,
2024-10-17T09:55:00+05:30,51382.2,51395.85,51351.25,51392.95,
2024-10-17T09:56:00+05:30,51393.65,51432.85,51393.65,51410.8,
2024-10-17T09:57:00+05:30,51409.9,51438.8,51409.9,51430.85,
2024-10-17T09:58:00+05:30,51430.55,51436.8,51403.5,51403.5,
2024-10-17T09:59:00+05:30,51403.2,51412.35,51389,51401.35,
2024-10-17T10:00:00+05:30,51396.55,51410.7,51355.2,51376.75,
2024-10-17T10:01:00+05:30,51376.45,51418.75,51372.65,51418.6,
2024-10-17T10:02:00+05:30,51418.5,51421.15,51403.3,51416.95,
2024-10-17T10:03:00+05:30,51413.75,51417.8,51383.25,51402.35,
2024-10-17T10:04:00+05:30,51402.9,51409.45,51389.1,51404.65,
2024-10-17T10:05:00+05:30,51405.65,51407.3,51376.7,51381.15,
2024-10-17T10:06:00+05:30,51379.15,51407.75,51378.65,51403.35,
2024-10-17T10:07:00+05:30,51405.75,51406.8,51371.95,51376.6,
2024-10-17T10:08:00+05:30,51373.65,51400.8,51356.2,51397.55,
2024-10-17T10:09:00+05:30,51398.4,51413.2,51383.75,51384.1,
2024-10-17T10:10:00+05:30,51385.35,51411.05,51377.65,51411.05,
2024-10-17T10:11:00+05:30,51408.8,51409.6,51381.55,51391.05,
2024-10-17T10:12:00+05:30,51389.25,51420.7,51382.7,51419,
2024-10-17T10:13:00+05:30,51413.65,51415.8,51399.2,51412.25,
2024-10-17T10:14:00+05:30,51411.8,51415.75,51393.85,51401,
2024-10-17T10:15:00+05:30,51398.05,51421.55,51393.25,51418.25,
2024-10-17T10:16:00+05:30,51418.1,51426.25,51411.5,51420.9,
2024-10-17T10:17:00+05:30,51420.3,51421.8,51370.35,51372.4,
2024-10-17T10:18:00+05:30,51367.35,51367.35,51341.7,51349.45,
2024-10-17T10:19:00+05:30,51349.9,51361.4,51346.65,51353.45,
2024-10-17T10:20:00+05:30,51350.6,51358.1,51309.5,51311.5,
2024-10-17T10:21:00+05:30,51311.75,51320.75,51265.65,51291.75,
2024-10-17T10:22:00+05:30,51292.15,51294.65,51270.3,51276.85,
2024-10-17T10:23:00+05:30,51276.55,51279.35,51239.2,51245,
2024-10-17T10:24:00+05:30,51244.5,51265.4,51243.75,51256.75,
2024-10-17T10:25:00+05:30,51252.55,51265.4,51250.55,51265.4,
2024-10-17T10:26:00+05:30,51261.7,51289.8,51260.65,51281.5,
2024-10-17T10:27:00+05:30,51280.5,51301.25,51275.6,51298.1,
2024-10-17T10:28:00+05:30,51302.75,51312.6,51294.7,51295.4,
2024-10-17T10:29:00+05:30,51296.05,51308.9,51279.2,51304.75,
2024-10-17T10:30:00+05:30,51305.2,51314.45,51299.6,51308.65,
2024-10-17T10:31:00+05:30,51308.55,51319.85,51271.5,51281.9,
2024-10-17T10:32:00+05:30,51282.9,51306.3,51280,51305.8,
2024-10-17T10:33:00+05:30,51307.1,51323.25,51291.65,51304.3,
2024-10-17T10:34:00+05:30,51304.25,51319.55,51296.8,51302.4,
2024-10-17T10:35:00+05:30,51300.9,51303.85,51288.05,51293.4,
2024-10-17T10:36:00+05:30,51294.95,51314.75,51287,51313.6,
2024-10-17T10:37:00+05:30,51312,51351.5,51311.3,51333,
2024-10-17T10:38:00+05:30,51336.2,51345.6,51333.55,51341.1,
2024-10-17T10:39:00+05:30,51341.4,51358.7,51338.95,51358.7,
2024-10-17T10:40:00+05:30,51358.9,51364.45,51345.85,51346.05,
2024-10-17T10:41:00+05:30,51347,51361.25,51342,51356.75,
2024-10-17T10:42:00+05:30,51359.9,51374.9,51358.15,51363.25,
2024-10-17T10:43:00+05:30,51361.95,51378.4,51358.45,51378.4,
2024-10-17T10:44:00+05:30,51378.15,51406.55,51375.1,51402.1,
2024-10-17T10:45:00+05:30,51404.75,51407.55,51381.75,51384.25,
2024-10-17T10:46:00+05:30,51383.9,51402.05,51381.85,51401.6,
2024-10-17T10:47:00+05:30,51401.05,51401.5,51386.45,51387.95,
2024-10-17T10:48:00+05:30,51388.25,51427.5,51382.2,51425.2,
2024-10-17T10:49:00+05:30,51427.75,51437.95,51405.65,51409.6,
2024-10-17T10:50:00+05:30,51409.15,51419.25,51406.35,51417,
2024-10-17T10:51:00+05:30,51415.4,51417.7,51408.4,51416.6,
2024-10-17T10:52:00+05:30,51416.4,51424.1,51405.1,51405.1,
2024-10-17T10:53:00+05:30,51406,51406.4,51392.15,51393.3,
2024-10-17T10:54:00+05:30,51389.9,51392.35,51376.75,51385.9,
2024-10-17T10:55:00+05:30,51385.3,51389.15,51355.65,51357.55,
2024-10-17T10:56:00+05:30,51357.95,51361.95,51352.9,51355.8,
2024-10-17T10:57:00+05:30,51356.8,51360.45,51349.35,51359.25,
2024-10-17T10:58:00+05:30,51360.65,51375.2,51358.95,51371.85,
2024-10-17T10:59:00+05:30,51368.9,51380.95,51367.05,51367.15,
2024-10-17T11:00:00+05:30,51369.7,51393.5,51369.2,51370.65,
2024-10-17T11:01:00+05:30,51376.1,51393.9,51371.25,51392,
2024-10-17T11:02:00+05:30,51389.45,51405.9,51384.75,51405.9,
2024-10-17T11:03:00+05:30,51406.15,51422.8,51406.15,51410.95,
2024-10-17T11:04:00+05:30,51411.7,51412.1,51391.4,51401.75,
2024-10-17T11:05:00+05:30,51407.15,51409.05,51385.2,51389.85,
2024-10-17T11:06:00+05:30,51388.4,51398.45,51384.25,51387.05,
2024-10-17T11:07:00+05:30,51387.85,51390.95,51361.75,51361.75,
2024-10-17T11:08:00+05:30,51364.75,51370.65,51336.95,51341,
2024-10-17T11:09:00+05:30,51343.3,51346.15,51305.95,51305.95,
2024-10-17T11:10:00+05:30,51312.2,51319.55,51286.5,51296.45,
2024-10-17T11:11:00+05:30,51296.4,51305.4,51293,51296.2,
2024-10-17T11:12:00+05:30,51296.05,51299.8,51281.4,51285.05,
2024-10-17T11:13:00+05:30,51285.9,51293.4,51274.8,51276.8,
2024-10-17T11:14:00+05:30,51275.1,51280.75,51246.9,51253.25,
2024-10-17T11:15:00+05:30,51254,51283.7,51249.8,51279.9,
2024-10-17T11:16:00+05:30,51282.45,51282.7,51255.65,51256.05,
2024-10-17T11:17:00+05:30,51266.1,51279.55,51246.5,51252.95,
2024-10-17T11:18:00+05:30,51251.05,51260.55,51248.85,51250.25,
2024-10-17T11:19:00+05:30,51248.95,51271.1,51244.05,51254.35,
2024-10-17T11:20:00+05:30,51254,51262.3,51246.7,51257.3,
2024-10-17T11:21:00+05:30,51259,51269.95,51245.9,51267.6,
2024-10-17T11:22:00+05:30,51265,51281.3,51264.25,51279.3,
2024-10-17T11:23:00+05:30,51280,51280.4,51250.45,51252.6,
2024-10-17T11:24:00+05:30,51250.8,51266.4,51250.8,51251.15,
2024-10-17T11:25:00+05:30,51250.75,51267.7,51245.35,51260.65,
2024-10-17T11:26:00+05:30,51260.65,51260.8,51242.3,51244.45,
2024-10-17T11:27:00+05:30,51243.9,51244.75,51227.75,51229.65,
2024-10-17T11:28:00+05:30,51228.1,51231.45,51164.7,51177.4,
2024-10-17T11:29:00+05:30,51177.1,51187.9,51159.4,51184.15,
2024-10-17T11:30:00+05:30,51184.75,51189.95,51170.95,51184.6,
2024-10-17T11:31:00+05:30,51184.1,51208.4,51179.6,51195.9,
2024-10-17T11:32:00+05:30,51197.8,51201.65,51184.7,51185.95,
2024-10-17T11:33:00+05:30,51185.15,51202.85,51169.4,51169.4,
2024-10-17T11:34:00+05:30,51169.4,51184.95,51163,51179.1,
2024-10-17T11:35:00+05:30,51175.7,51187.5,51174.45,51183.45,
2024-10-17T11:36:00+05:30,51180.35,51184.4,51150.25,51173.4,
2024-10-17T11:37:00+05:30,51172.25,51199.25,51172.25,51195.9,
2024-10-17T11:38:00+05:30,51196.1,51214.45,51196.1,51213.1,
2024-10-17T11:39:00+05:30,51213.3,51214.8,51201.45,51208.8,
2024-10-17T11:40:00+05:30,51208.85,51232.55,51208.85,51218.5,
2024-10-17T11:41:00+05:30,51222.4,51229.55,51219.2,51220.2,
2024-10-17T11:42:00+05:30,51226.4,51247.55,51223.15,51238.4,
2024-10-17T11:43:00+05:30,51238.55,51254.95,51238.55,51243.3,
2024-10-17T11:44:00+05:30,51243.3,51243.3,51212.15,51222.75,
2024-10-17T11:45:00+05:30,51223.8,51246.1,51223.7,51239.25,
2024-10-17T11:46:00+05:30,51238.75,51245.1,51227.05,51234.25,
2024-10-17T11:47:00+05:30,51233.45,51233.45,51216.8,51224.45,
2024-10-17T11:48:00+05:30,51227.45,51233.4,51222.55,51231.55,
2024-10-17T11:49:00+05:30,51232.85,51245.15,51231.05,51231.05,
2024-10-17T11:50:00+05:30,51229.9,51245.8,51222.4,51239.3,
2024-10-17T11:51:00+05:30,51239.7,51260.35,51234,51255.55,
2024-10-17T11:52:00+05:30,51250.6,51257.45,51247.95,51249.1,
2024-10-17T11:53:00+05:30,51249.55,51274.9,51248.55,51266.15,
2024-10-17T11:54:00+05:30,51263.3,51269.9,51259.4,51263.95,
2024-10-17T11:55:00+05:30,51264.25,51282.2,51264.25,51277.45,
2024-10-17T11:56:00+05:30,51274.95,51296.45,51271.85,51292,
2024-10-17T11:57:00+05:30,51291.75,51294.95,51279.4,51287.05,
2024-10-17T11:58:00+05:30,51284,51292.25,51281.7,51286.75,
2024-10-17T11:59:00+05:30,51283.45,51293.6,51279.9,51282.3,
2024-10-17T12:00:00+05:30,51285.25,51294.2,51282.9,51286.75,
2024-10-17T12:01:00+05:30,51287.65,51292.45,51264.9,51266.8,
2024-10-17T12:02:00+05:30,51266.05,51276.2,51257.15,51274.7,
2024-10-17T12:03:00+05:30,51274.7,51278.6,51264.4,51269.55,
2024-10-17T12:04:00+05:30,51269.35,51269.35,51251.3,51253.9,
2024-10-17T12:05:00+05:30,51255,51257.1,51242.05,51247.25,
2024-10-17T12:06:00+05:30,51247.55,51270.3,51247.35,51264.55,
2024-10-17T12:07:00+05:30,51264.9,51278.8,51264.85,51275.6,
2024-10-17T12:08:00+05:30,51276.4,51297.2,51273.4,51293.85,
2024-10-17T12:09:00+05:30,51293.45,51316.1,51293.45,51313.15,
2024-10-17T12:10:00+05:30,51315.5,51325.3,51300.2,51300.95,
2024-10-17T12:11:00+05:30,51299.65,51307.2,51294.8,51296.5,
2024-10-17T12:12:00+05:30,51296.2,51302.9,51289.9,51295.65,
2024-10-17T12:13:00+05:30,51295.9,51312.85,51292.25,51302.25,
2024-10-17T12:14:00+05:30,51304.75,51309.35,51298.25,51302.25,
2024-10-17T12:15:00+05:30,51308.6,51309.7,51302.7,51307.6,
2024-10-17T12:16:00+05:30,51307.25,51313.55,51301.5,51308.65,
2024-10-17T12:17:00+05:30,51307.05,51317.6,51305.55,51315.35,
2024-10-17T12:18:00+05:30,51316.35,51349.05,51315.25,51340.35,
2024-10-17T12:19:00+05:30,51337.45,51346.25,51333.55,51337.9,
2024-10-17T12:20:00+05:30,51336.85,51337.25,51315.95,51318.65,
2024-10-17T12:21:00+05:30,51320.25,51333.75,51309.85,51328.55,
2024-10-17T12:22:00+05:30,51328.75,51331.3,51322.4,51330.8,
2024-10-17T12:23:00+05:30,51329.6,51341,51326.6,51335.7,
2024-10-17T12:24:00+05:30,51335.85,51355.8,51333.9,51349.2,
2024-10-17T12:25:00+05:30,51350.2,51351.35,51320.1,51327.7,
2024-10-17T12:26:00+05:30,51326.75,51333.65,51307,51307,
2024-10-17T12:27:00+05:30,51305.3,51321.55,51303.6,51309.75,
2024-10-17T12:28:00+05:30,51309.95,51320.55,51302.5,51302.95,
2024-10-17T12:29:00+05:30,51302.6,51309.8,51289.35,51301.8,
2024-10-17T12:30:00+05:30,51300.75,51302.45,51294.6,51298.2,
2024-10-17T12:31:00+05:30,51299.2,51318.7,51297.4,51310.1,
2024-10-17T12:32:00+05:30,51313.05,51320.75,51295.55,51297.45,
2024-10-17T12:33:00+05:30,51296.5,51310.35,51289.3,51290.9,
2024-10-17T12:34:00+05:30,51297.45,51299.9,51266.9,51272,
2024-10-17T12:35:00+05:30,51272.1,51289.45,51265.55,51277.15,
2024-10-17T12:36:00+05:30,51275.55,51284.5,51267.25,51273.5,
2024-10-17T12:37:00+05:30,51275.65,51295.15,51270.7,51293.75,
2024-10-17T12:38:00+05:30,51290.55,51291.3,51282.5,51288.85,
2024-10-17T12:39:00+05:30,51288.55,51291.2,51273.15,51274.85,
2024-10-17T12:40:00+05:30,51274.85,51278.75,51255.2,51258.1,
2024-10-17T12:41:00+05:30,51260.1,51262.6,51252.35,51253.95,
2024-10-17T12:42:00+05:30,51256.8,51257.15,51228.4,51230.6,
2024-10-17T12:43:00+05:30,51231.65,51246.55,51227.95,51231,
2024-10-17T12:44:00+05:30,51233.1,51236.05,51220.4,51225.15,
2024-10-17T12:45:00+05:30,51225.9,51227.95,51215.15,51219.75,
2024-10-17T12:46:00+05:30,51220.8,51225.6,51197.2,51204.15,
2024-10-17T12:47:00+05:30,51204.55,51209.65,51188.55,51194.9,
2024-10-17T12:48:00+05:30,51197.2,51201.5,51186.7,51196.5,
2024-10-17T12:49:00+05:30,51197.15,51225.35,51196.75,51223.15,
2024-10-17T12:50:00+05:30,51222.7,51222.95,51214.5,51214.5,
2024-10-17T12:51:00+05:30,51217.55,51234.1,51216.6,51225.15,
2024-10-17T12:52:00+05:30,51225.75,51248.2,51224.25,51240.05,
2024-10-17T12:53:00+05:30,51247.55,51249.35,51230,51246.15,
2024-10-17T12:54:00+05:30,51248.8,51250.75,51237.6,51241,
2024-10-17T12:55:00+05:30,51244.3,51250.3,51240.15,51240.15,
2024-10-17T12:56:00+05:30,51240.15,51254.35,51240.1,51251.15,
2024-10-17T12:57:00+05:30,51252.9,51252.9,51238.3,51247.2,
2024-10-17T12:58:00+05:30,51245.2,51272.3,51243.25,51268.3,
2024-10-17T12:59:00+05:30,51269.35,51283.85,51268.15,51274.55,
2024-10-17T13:00:00+05:30,51273.85,51274,51259.05,51265.25,
2024-10-17T13:01:00+05:30,51264.95,51268.7,51251.6,51256.4,
2024-10-17T13:02:00+05:30,51258.4,51265.65,51247.45,51253.9,
2024-10-17T13:03:00+05:30,51258.9,51267.75,51248.55,51263.55,
2024-10-17T13:04:00+05:30,51261.2,51269.1,51259.6,51263.95,
2024-10-17T13:05:00+05:30,51264.5,51270.45,51259.65,51264.65,
2024-10-17T13:06:00+05:30,51266.05,51270.9,51253.9,51261,
2024-10-17T13:07:00+05:30,51261.4,51263.25,51251.35,51256.6,
2024-10-17T13:08:00+05:30,51252.4,51252.8,51233.7,51233.75,
2024-10-17T13:09:00+05:30,51236,51241.75,51232.25,51232.5,
2024-10-17T13:10:00+05:30,51233.8,51234.15,51218,51227.75,
2024-10-17T13:11:00+05:30,51229.6,51248.35,51227.8,51239.65,
2024-10-17T13:12:00+05:30,51241.45,51241.75,51221.1,51222.35,
2024-10-17T13:13:00+05:30,51224.35,51224.75,51213.85,51219.5,
2024-10-17T13:14:00+05:30,51218.35,51240.15,51213.3,51231.45,
2024-10-17T13:15:00+05:30,51232.95,51236.65,51228,51228.95,
2024-10-17T13:16:00+05:30,51228.75,51233.35,51210.55,51220,
2024-10-17T13:17:00+05:30,51218.8,51231.85,51215.85,51229.4,
2024-10-17T13:18:00+05:30,51230.85,51242.05,51224.35,51227.05,
2024-10-17T13:19:00+05:30,51226.6,51234.75,51219.75,51220.15,
2024-10-17T13:20:00+05:30,51220.15,51223.4,51208.25,51209.95,
2024-10-17T13:21:00+05:30,51209.5,51209.5,51199.4,51202.5,
2024-10-17T13:22:00+05:30,51203.15,51213.35,51198.65,51207.95,
2024-10-17T13:23:00+05:30,51207.95,51219.3,51207.95,51212.05,
2024-10-17T13:24:00+05:30,51211.3,51214.55,51205.75,51206.1,
2024-10-17T13:25:00+05:30,51205.9,51207.9,51178.35,51185.4,
2024-10-17T13:26:00+05:30,51184.8,51199.5,51184.2,51197.1,
2024-10-17T13:27:00+05:30,51198,51201.3,51184.15,51187.65,
2024-10-17T13:28:00+05:30,51187.65,51210,51182.5,51203.5,
2024-10-17T13:29:00+05:30,51203.65,51223.1,51203.65,51223.1,
2024-10-17T13:30:00+05:30,51222.7,51236.6,51218.25,51231.35,
2024-10-17T13:31:00+05:30,51231.7,51236.55,51212.7,51226.9,
2024-10-17T13:32:00+05:30,51223.6,51236,51217.75,51224.9,
2024-10-17T13:33:00+05:30,51224.45,51227.35,51214.1,51219.95,
2024-10-17T13:34:00+05:30,51219.3,51225.1,51204.2,51207.5,
2024-10-17T13:35:00+05:30,51208.35,51215.05,51204.1,51204.85,
2024-10-17T13:36:00+05:30,51206.7,51221.55,51205.7,51219.6,
2024-10-17T13:37:00+05:30,51217.9,51235.35,51217.9,51233.1,
2024-10-17T13:38:00+05:30,51231.8,51259.45,51223.7,51256.25,
2024-10-17T13:39:00+05:30,51256.95,51270.55,51256.95,51265.8,
2024-10-17T13:40:00+05:30,51266.1,51270.9,51261.2,51268.7,
2024-10-17T13:41:00+05:30,51267.95,51269.55,51249.85,51256.5,
2024-10-17T13:42:00+05:30,51253.7,51258.2,51242,51249.75,
2024-10-17T13:43:00+05:30,51248.75,51253.8,51243.8,51246.95,
2024-10-17T13:44:00+05:30,51246,51261.8,51244.8,51260.25,
2024-10-17T13:45:00+05:30,51260.25,51263.95,51254.3,51256.1,
2024-10-17T13:46:00+05:30,51257.6,51260.65,51242.65,51249.25,
2024-10-17T13:47:00+05:30,51249.65,51260.9,51243.65,51250.6,
2024-10-17T13:48:00+05:30,51251.35,51254.6,51236.55,51242.25,
2024-10-17T13:49:00+05:30,51241.1,51246.5,51229.1,51231.9,
2024-10-17T13:50:00+05:30,51230.85,51244.8,51225.75,51242.05,
2024-10-17T13:51:00+05:30,51242.05,51272.35,51241.65,51267.45,
2024-10-17T13:52:00+05:30,51270.95,51278.15,51255.15,51259.5,
2024-10-17T13:53:00+05:30,51258.95,51262.65,51245.55,51250.75,
2024-10-17T13:54:00+05:30,51252.3,51272.3,51251.85,51270.95,
2024-10-17T13:55:00+05:30,51271.15,51278.3,51262.95,51268.15,
2024-10-17T13:56:00+05:30,51272.65,51276.35,51256.85,51272.05,
2024-10-17T13:57:00+05:30,51271.45,51273.8,51258.15,51268.85,
2024-10-17T13:58:00+05:30,51270.3,51271.35,51252.5,51265.45,
2024-10-17T13:59:00+05:30,51262.55,51273.45,51254.25,51267.95,
2024-10-17T14:00:00+05:30,51269.8,51294.1,51269.8,51290.55,
2024-10-17T14:01:00+05:30,51289.75,51297.8,51287.35,51296.15,
2024-10-17T14:02:00+05:30,51295.75,51295.9,51277.35,51281.85,
2024-10-17T14:03:00+05:30,51280.7,51285.05,51262.4,51266.3,
2024-10-17T14:04:00+05:30,51262.85,51269.75,51249.2,51267.4,
2024-10-17T14:05:00+05:30,51269.8,51276.45,51262.95,51262.95,
2024-10-17T14:06:00+05:30,51265.15,51267.15,51247.15,51252.15,
2024-10-17T14:07:00+05:30,51252.35,51265.65,51250.75,51261.45,
2024-10-17T14:08:00+05:30,51262.3,51276.1,51260.55,51267.3,
2024-10-17T14:09:00+05:30,51265.3,51272.45,51249.6,51256.85,
2024-10-17T14:10:00+05:30,51258.5,51271,51250.25,51265.7,
2024-10-17T14:11:00+05:30,51266.8,51272.35,51262.75,51265.6,
2024-10-17T14:12:00+05:30,51265.3,51270,51247.55,51252.75,
2024-10-17T14:13:00+05:30,51255.3,51266.55,51248.45,51263.55,
2024-10-17T14:14:00+05:30,51264.1,51271.7,51253.7,51260.35,
2024-10-17T14:15:00+05:30,51257.95,51271.05,51252.9,51270.05,
2024-10-17T14:16:00+05:30,51266.7,51283.35,51250.95,51257.4,
2024-10-17T14:17:00+05:30,51255.9,51267.8,51255.6,51257.1,
2024-10-17T14:18:00+05:30,51256.35,51274,51256,51259.4,
2024-10-17T14:19:00+05:30,51260.5,51270.3,51247.65,51256.5,
2024-10-17T14:20:00+05:30,51254.2,51260.2,51229.6,51234.55,
2024-10-17T14:21:00+05:30,51235.35,51251.45,51228.75,51242.65,
2024-10-17T14:22:00+05:30,51246.9,51253.25,51238.2,51249.3,
2024-10-17T14:23:00+05:30,51250.85,51255.95,51239.7,51243.75,
2024-10-17T14:24:00+05:30,51244.2,51244.8,51220.95,51227.45,
2024-10-17T14:25:00+05:30,51223.75,51239.45,51215.4,51224.8,
2024-10-17T14:26:00+05:30,51226.1,51244.4,51219.65,51243.3,
2024-10-17T14:27:00+05:30,51244.25,51250.85,51229.4,51230,
2024-10-17T14:28:00+05:30,51229.8,51267.45,51229.8,51260.7,
2024-10-17T14:29:00+05:30,51260.3,51273.9,51256.7,51263.65,
2024-10-17T14:30:00+05:30,51262.55,51275.45,51249.1,51272.95,
2024-10-17T14:31:00+05:30,51273.05,51283.4,51268.25,51277.6,
2024-10-17T14:32:00+05:30,51278.9,51282.6,51268.65,51271.55,
2024-10-17T14:33:00+05:30,51275,51287.75,51271.6,51273.1,
2024-10-17T14:34:00+05:30,51276.35,51279.15,51258.8,51266.45,
2024-10-17T14:35:00+05:30,51263.4,51270.2,51252.75,51259.6,
2024-10-17T14:36:00+05:30,51260.55,51262.4,51241.35,51246.4,
2024-10-17T14:37:00+05:30,51253.5,51256.6,51239.25,51245.2,
2024-10-17T14:38:00+05:30,51244.3,51250.8,51234.85,51235.75,
2024-10-17T14:39:00+05:30,51239.8,51256.25,51233.95,51233.95,
2024-10-17T14:40:00+05:30,51237.45,51246.25,51218.9,51221.7,
2024-10-17T14:41:00+05:30,51217.35,51227.05,51209.3,51224.2,
2024-10-17T14:42:00+05:30,51217.15,51244.15,51217.15,51234.15,
2024-10-17T14:43:00+05:30,51231.85,51255.65,51224.95,51244.55,
2024-10-17T14:44:00+05:30,51246,51252.1,51233.2,51248.35,
2024-10-17T14:45:00+05:30,51245.85,51286.55,51245.85,51282.55,
2024-10-17T14:46:00+05:30,51284.6,51292.85,51266.65,51267.6,
2024-10-17T14:47:00+05:30,51275.1,51276.3,51254.65,51254.65,
2024-10-17T14:48:00+05:30,51255.25,51269.3,51249.2,51266.1,
2024-10-17T14:49:00+05:30,51265.2,51286.75,51264.05,51278.35,
2024-10-17T14:50:00+05:30,51279.65,51289.25,51269.75,51274.25,
2024-10-17T14:51:00+05:30,51274.85,51280.1,51256.95,51262.95,
2024-10-17T14:52:00+05:30,51263.5,51279.6,51251.8,51271.95,
2024-10-17T14:53:00+05:30,51272.65,51288.2,51272.25,51284.2,
2024-10-17T14:54:00+05:30,51284.75,51287.25,51267.15,51273.6,
2024-10-17T14:55:00+05:30,51275.25,51288.1,51273.45,51276.15,
2024-10-17T14:56:00+05:30,51277.35,51290.95,51274.6,51278.45,
2024-10-17T14:57:00+05:30,51278.35,51285.35,51256.15,51262.6,
2024-10-17T14:58:00+05:30,51264,51276,51262.05,51263.3,
2024-10-17T14:59:00+05:30,51263.95,51267.85,51252.7,51259.7,
2024-10-17T15:00:00+05:30,51264.3,51286.1,51264.2,51282.8,
2024-10-17T15:01:00+05:30,51282.55,51296.4,51274.9,51283.7,
2024-10-17T15:02:00+05:30,51282.85,51297.45,51282.85,51287.15,
2024-10-17T15:03:00+05:30,51286.85,51290,51272.25,51276,
2024-10-17T15:04:00+05:30,51275.6,51280.95,51263.45,51263.45,
2024-10-17T15:05:00+05:30,51265.6,51272.1,51252,51254.55,
2024-10-17T15:06:00+05:30,51254.2,51261.5,51248.4,51255.6,
2024-10-17T15:07:00+05:30,51253.75,51271.8,51250.5,51252.65,
2024-10-17T15:08:00+05:30,51251.9,51273.95,51248.35,51264.25,
2024-10-17T15:09:00+05:30,51264.8,51280.25,51262.55,51280.25,
2024-10-17T15:10:00+05:30,51276.05,51282.85,51262.05,51279.1,
2024-10-17T15:11:00+05:30,51277.8,51279.6,51267.6,51273.3,
2024-10-17T15:12:00+05:30,51272.95,51296.65,51270.85,51291.6,
2024-10-17T15:13:00+05:30,51290.6,51304,51290.6,51292.85,
2024-10-17T15:14:00+05:30,51294.15,51298.75,51286.65,51295.15,
2024-10-17T15:15:00+05:30,51295.15,51346.8,51291.3,51344.6,
2024-10-17T15:16:00+05:30,51342.75,51345.4,51315.9,51320.4,
2024-10-17T15:17:00+05:30,51320.7,51321.95,51280.15,51294.5,
2024-10-17T15:18:00+05:30,51295.6,51322.35,51292.7,51319.5,
2024-10-17T15:19:00+05:30,51316.2,51329.1,51308.8,51326.15,
2024-10-17T15:20:00+05:30,51328.1,51329.25,51300.55,51310.15,
2024-10-17T15:21:00+05:30,51308.6,51313.6,51287.75,51289.35,
2024-10-17T15:22:00+05:30,51292.2,51303.15,51286.55,51301.55,
2024-10-17T15:23:00+05:30,51300.7,51309.65,51287.7,51293.85,
2024-10-17T15:24:00+05:30,51290.6,51303.1,51287.3,51301.55,
2024-10-17T15:25:00+05:30,51300.8,51318.45,51290.95,51290.95,
2024-10-17T15:26:00+05:30,51288.35,51298.9,51285.75,51294.75,
2024-10-17T15:27:00+05:30,51293.05,51300.25,51289.9,51293.15,
2024-10-17T15:28:00+05:30,51290.9,51299.25,51269.55,51277.85,
2024-10-17T15:29:00+05:30,51277.6,51299.85,51247.9,51269.55,
2024-10-18T09:15:00+05:30,51261,51381.05,51182.6,51182.6,
2024-10-18T09:16:00+05:30,51183.95,51224,51155.55,51214.35,
2024-10-18T09:17:00+05:30,51218.15,51294.6,51213.9,51271.75,
2024-10-18T09:18:00+05:30,51278.7,51289.1,51194.85,51201.35,
2024-10-18T09:19:00+05:30,51205.7,51205.7,51125.95,51127.7,
2024-10-18T09:20:00+05:30,51131.95,51131.95,51081.55,51091.85,
2024-10-18T09:21:00+05:30,51089.15,51093.3,51002.1,51041.7,
2024-10-18T09:22:00+05:30,51046.5,51070.3,51013,51015.6,
2024-10-18T09:23:00+05:30,51019.2,51048.2,51000.9,51043.1,
2024-10-18T09:24:00+05:30,51049.55,51075.05,51023.35,51072.3,
2024-10-18T09:25:00+05:30,51075.4,51090.05,51020.25,51026.1,
2024-10-18T09:26:00+05:30,51022.65,51060.55,51016.2,51036.65,
2024-10-18T09:27:00+05:30,51038.25,51075.1,51038.25,51059.05,
2024-10-18T09:28:00+05:30,51052.95,51122.65,51049.45,51117.55,
2024-10-18T09:29:00+05:30,51122.4,51141.75,51072.85,51141.75,
2024-10-18T09:30:00+05:30,51135.3,51215.45,51131.25,51184.5,
2024-10-18T09:31:00+05:30,51178.35,51269.5,51178.35,51213.45,
2024-10-18T09:32:00+05:30,51211.35,51271.45,51200.65,51257.4,
2024-10-18T09:33:00+05:30,51255.5,51265.15,51207.15,51236.6,
2024-10-18T09:34:00+05:30,51237.2,51257.85,51217.25,51248.1,
2024-10-18T09:35:00+05:30,51257.25,51326.1,51249.15,51319.35,
2024-10-18T09:36:00+05:30,51325.4,51325.7,51277.65,51293.4,
2024-10-18T09:37:00+05:30,51292.5,51362.8,51287.65,51351.5,
2024-10-18T09:38:00+05:30,51360.9,51374.15,51327.55,51363.95,
2024-10-18T09:39:00+05:30,51365.7,51369,51318.45,51333.85,
2024-10-18T09:40:00+05:30,51336.3,51369.25,51299.05,51303.45,
2024-10-18T09:41:00+05:30,51302.3,51350.95,51290.3,51327.25,
2024-10-18T09:42:00+05:30,51326.55,51326.55,51283.2,51288.55,
2024-10-18T09:43:00+05:30,51290.1,51307.7,51283.4,51290.55,
2024-10-18T09:44:00+05:30,51296.55,51348.85,51287.3,51340.8,
2024-10-18T09:45:00+05:30,51342.7,51412.5,51333.6,51398.9,
2024-10-18T09:46:00+05:30,51394.75,51415.95,51371.7,51402.2,
2024-10-18T09:47:00+05:30,51401.95,51436,51396.65,51423.85,
2024-10-18T09:48:00+05:30,51433.6,51475.95,51432.2,51466.9,
2024-10-18T09:49:00+05:30,51467.5,51502.2,51467.45,51495.1,
2024-10-18T09:50:00+05:30,51495.6,51503.8,51439.9,51458.45,
2024-10-18T09:51:00+05:30,51455.35,51483.25,51455.35,51455.75,
2024-10-18T09:52:00+05:30,51449.85,51496,51443.7,51493.75,
2024-10-18T09:53:00+05:30,51491.65,51524.8,51472.1,51499.85,
2024-10-18T09:54:00+05:30,51505.4,51505.4,51407.1,51413.55,
2024-10-18T09:55:00+05:30,51401.3,51452.5,51358.5,51435.65,
2024-10-18T09:56:00+05:30,51433.9,51447.15,51408.4,51411.2,
2024-10-18T09:57:00+05:30,51411.75,51419.55,51381.65,51385.05,
2024-10-18T09:58:00+05:30,51385.75,51430.5,51379.5,51409.1,
2024-10-18T09:59:00+05:30,51419.5,51434.35,51402.3,51427.95,
2024-10-18T10:00:00+05:30,51429.25,51455.1,51420.65,51429.6,
2024-10-18T10:01:00+05:30,51430.25,51438.9,51421.7,51430.05,
2024-10-18T10:02:00+05:30,51431.7,51434.8,51400.3,51409.25,
2024-10-18T10:03:00+05:30,51408.45,51416.2,51388.25,51390.75,
2024-10-18T10:04:00+05:30,51396.25,51431.25,51390.85,51431.25,
2024-10-18T10:05:00+05:30,51431.75,51451.7,51422.1,51442.5,
2024-10-18T10:06:00+05:30,51442.95,51442.95,51392.35,51395.9,
2024-10-18T10:07:00+05:30,51401.25,51438.8,51391.4,51433.6,
2024-10-18T10:08:00+05:30,51434.2,51456.5,51434.2,51449.05,
2024-10-18T10:09:00+05:30,51453.7,51462.8,51432.9,51457.55,
2024-10-18T10:10:00+05:30,51457.95,51481.6,51454.3,51476.7,
2024-10-18T10:11:00+05:30,51477.4,51477.7,51452.7,51468.35,
2024-10-18T10:12:00+05:30,51469.95,51510.6,51463.9,51509.9,
2024-10-18T10:13:00+05:30,51511.85,51549.8,51495.15,51529.65,
2024-10-18T10:14:00+05:30,51530.85,51566.9,51523.3,51555.3,
2024-10-18T10:15:00+05:30,51555,51621.8,51550.05,51606.6,
2024-10-18T10:16:00+05:30,51610,51614.6,51563.15,51578.35,
2024-10-18T10:17:00+05:30,51584.4,51607.75,51576,51598.6,
2024-10-18T10:18:00+05:30,51597.05,51597.05,51560.1,51565.7,
2024-10-18T10:19:00+05:30,51564.05,51568.1,51507.8,51507.8,
2024-10-18T10:20:00+05:30,51508.65,51547.1,51508.65,51537.05,
2024-10-18T10:21:00+05:30,51543.55,51558.65,51536.9,51544.6,
2024-10-18T10:22:00+05:30,51546,51585.85,51543.85,51585.85,
2024-10-18T10:23:00+05:30,51584.2,51599.45,51572.9,51574.9,
2024-10-18T10:24:00+05:30,51573.85,51590.35,51564.2,51567.45,
2024-10-18T10:25:00+05:30,51571.3,51574.45,51553.05,51570.4,
2024-10-18T10:26:00+05:30,51570.05,51583.7,51563.4,51581.8,
2024-10-18T10:27:00+05:30,51583.45,51615.55,51578.3,51583,
2024-10-18T10:28:00+05:30,51582.25,51586.45,51558.75,51565.55,
2024-10-18T10:29:00+05:30,51568.75,51569.5,51543.8,51551.35,
2024-10-18T10:30:00+05:30,51549.5,51627.2,51549.45,51598.8,
2024-10-18T10:31:00+05:30,51597.75,51624.65,51594.35,51601.85,
2024-10-18T10:32:00+05:30,51599.65,51613.9,51599.35,51609.6,
2024-10-18T10:33:00+05:30,51614.25,51661.05,51611.35,51648.8,
2024-10-18T10:34:00+05:30,51647.6,51649.95,51624.9,51630.65,
2024-10-18T10:35:00+05:30,51630.75,51638.7,51596.9,51605.95,
2024-10-18T10:36:00+05:30,51606.2,51615.3,51595.1,51598.5,
2024-10-18T10:37:00+05:30,51601.2,51601.4,51547.4,51549.85,
2024-10-18T10:38:00+05:30,51556.4,51587.5,51556.4,51562.95,
2024-10-18T10:39:00+05:30,51566.15,51582.5,51563.35,51580.35,
2024-10-18T10:40:00+05:30,51580,51611.9,51574,51587.75,
2024-10-18T10:41:00+05:30,51588,51600.1,51578.4,51590.45,
2024-10-18T10:42:00+05:30,51592.4,51603.15,51586.65,51596.2,
2024-10-18T10:43:00+05:30,51593.25,51597.4,51572.35,51585.9,
2024-10-18T10:44:00+05:30,51586.8,51586.8,51557.35,51560.65,
2024-10-18T10:45:00+05:30,51558.45,51618.95,51558.45,51618.95,
2024-10-18T10:46:00+05:30,51617.15,51628.75,51612.7,51615.25,
2024-10-18T10:47:00+05:30,51613.8,51620.35,51595.7,51607.35,
2024-10-18T10:48:00+05:30,51600.8,51608.55,51582.1,51592.9,
2024-10-18T10:49:00+05:30,51591.4,51609.9,51584.2,51602.25,
2024-10-18T10:50:00+05:30,51597.65,51604,51575.25,51582.4,
2024-10-18T10:51:00+05:30,51583.15,51591.9,51558.65,51565.3,
2024-10-18T10:52:00+05:30,51564.5,51601.35,51564.45,51594.8,
2024-10-18T10:53:00+05:30,51595.2,51626,51592.7,51612.95,
2024-10-18T10:54:00+05:30,51611.65,51626.8,51586.05,51587.8,
2024-10-18T10:55:00+05:30,51591.6,51603.2,51569.1,51572.2,
2024-10-18T10:56:00+05:30,51572.55,51587.1,51559.75,51581.8,
2024-10-18T10:57:00+05:30,51585.65,51605.05,51581.55,51598.55,
2024-10-18T10:58:00+05:30,51598.3,51598.3,51558.85,51589.55,
2024-10-18T10:59:00+05:30,51589.8,51594.45,51573,51587.1,
2024-10-18T11:00:00+05:30,51581.75,51600.35,51581.75,51592.45,
2024-10-18T11:01:00+05:30,51591.95,51597.95,51586.9,51597.05,
2024-10-18T11:02:00+05:30,51597.1,51598.5,51580.8,51584.5,
2024-10-18T11:03:00+05:30,51581.45,51585.2,51563.05,51570.2,
2024-10-18T11:04:00+05:30,51569.5,51584.55,51543.45,51543.45,
2024-10-18T11:05:00+05:30,51546.25,51559.95,51526.35,51557.6,
2024-10-18T11:06:00+05:30,51555.9,51560.35,51540.25,51551.55,
2024-10-18T11:07:00+05:30,51549.35,51554.4,51530.75,51533.25,
2024-10-18T11:08:00+05:30,51538.3,51540.55,51502.7,51520.95,
2024-10-18T11:09:00+05:30,51525.45,51528.55,51480.1,51492.3,
2024-10-18T11:10:00+05:30,51494.1,51497.3,51459,51492.45,
2024-10-18T11:11:00+05:30,51494.35,51506,51466.3,51492.85,
2024-10-18T11:12:00+05:30,51492.55,51531.85,51483.3,51524.35,
2024-10-18T11:13:00+05:30,51526.35,51531,51508.65,51522.5,
2024-10-18T11:14:00+05:30,51522.15,51538.1,51511.65,51529.15,
2024-10-18T11:15:00+05:30,51533.6,51558.85,51526.35,51530.3,
2024-10-18T11:16:00+05:30,51531.55,51539.2,51505.5,51509.3,
2024-10-18T11:17:00+05:30,51508.8,51525.2,51493.35,51521.4,
2024-10-18T11:18:00+05:30,51526.4,51533.6,51508.6,51515.4,
2024-10-18T11:19:00+05:30,51515.75,51517.6,51491.75,51504.6,
2024-10-18T11:20:00+05:30,51503.6,51523.6,51489.55,51520.15,
2024-10-18T11:21:00+05:30,51520.35,51532.5,51502.7,51505.55,
2024-10-18T11:22:00+05:30,51506.45,51526.45,51496.05,51517.15,
2024-10-18T11:23:00+05:30,51521.8,51526.85,51513.3,51516.6,
2024-10-18T11:24:00+05:30,51524.65,51524.65,51495.6,51514.85,
2024-10-18T11:25:00+05:30,51516.35,51544.65,51514,51544.65,
2024-10-18T11:26:00+05:30,51541.95,51541.95,51524.2,51532.55,
2024-10-18T11:27:00+05:30,51533.7,51555,51531.9,51545.15,
2024-10-18T11:28:00+05:30,51545.15,51559.4,51531.7,51548.8,
2024-10-18T11:29:00+05:30,51549.65,51563.25,51536.3,51558.9,
2024-10-18T11:30:00+05:30,51558.3,51566.85,51541.15,51541.6,
2024-10-18T11:31:00+05:30,51542.85,51563.4,51537.75,51546.85,
2024-10-18T11:32:00+05:30,51550.9,51550.9,51532.8,51539.05,
2024-10-18T11:33:00+05:30,51539.8,51546.1,51532.3,51541.25,
2024-10-18T11:34:00+05:30,51540.3,51602.6,51535.3,51588.35,
2024-10-18T11:35:00+05:30,51590.25,51624.35,51585.3,51603.5,
2024-10-18T11:36:00+05:30,51601.85,51605.4,51582.5,51588.5,
2024-10-18T11:37:00+05:30,51589.1,51606.9,51583.1,51594.5,
2024-10-18T11:38:00+05:30,51595.95,51629.05,51595.95,51616.85,
2024-10-18T11:39:00+05:30,51617.85,51671.05,51604.7,51671.05,
2024-10-18T11:40:00+05:30,51670.85,51699.2,51670.55,51681.35,
2024-10-18T11:41:00+05:30,51679.95,51715.2,51673.05,51701.2,
2024-10-18T11:42:00+05:30,51701.4,51725.1,51701.4,51714.75,
2024-10-18T11:43:00+05:30,51712.8,51736.05,51710.45,51732.15,
2024-10-18T11:44:00+05:30,51728.45,51765.45,51728.45,51749.45,
2024-10-18T11:45:00+05:30,51748.9,51786.55,51735.75,51739.6,
2024-10-18T11:46:00+05:30,51737.1,51770.05,51732.45,51770.05,
2024-10-18T11:47:00+05:30,51764.45,51771.6,51747.1,51751.65,
2024-10-18T11:48:00+05:30,51750.65,51759.3,51743.2,51747.55,
2024-10-18T11:49:00+05:30,51745.75,51751.15,51729.15,51746.9,
2024-10-18T11:50:00+05:30,51750.3,51754.95,51726.95,51739.55,
2024-10-18T11:51:00+05:30,51738.9,51750.1,51726.8,51729.5,
2024-10-18T11:52:00+05:30,51730,51738.1,51698.65,51709.55,
2024-10-18T11:53:00+05:30,51709.45,51726.3,51705.4,51714.75,
2024-10-18T11:54:00+05:30,51715.55,51754.15,51715.55,51744,
2024-10-18T11:55:00+05:30,51745.7,51752.15,51735.25,51738.75,
2024-10-18T11:56:00+05:30,51739.25,51743.7,51720.9,51735.5,
2024-10-18T11:57:00+05:30,51735.8,51746,51728.65,51734.15,
2024-10-18T11:58:00+05:30,51734.75,51749.15,51730.3,51745.45,
2024-10-18T11:59:00+05:30,51743.45,51769.35,51742.6,51761.45,
2024-10-18T12:00:00+05:30,51760.3,51772,51752.85,51759.7,
2024-10-18T12:01:00+05:30,51760.35,51766.5,51744.5,51761.05,
2024-10-18T12:02:00+05:30,51760.95,51805.5,51756.9,51799.75,
2024-10-18T12:03:00+05:30,51802.55,51855,51801.8,51842.4,
2024-10-18T12:04:00+05:30,51844.8,51849.4,51827.5,51827.5,
2024-10-18T12:05:00+05:30,51827.85,51846.25,51820.3,51841.5,
2024-10-18T12:06:00+05:30,51845.2,51852.25,51838.45,51844.15,
2024-10-18T12:07:00+05:30,51842.55,51842.55,51825.05,51829.45,
2024-10-18T12:08:00+05:30,51837.35,51845.2,51824.8,51827.9,
2024-10-18T12:09:00+05:30,51826.65,51830.15,51803.9,51811,
2024-10-18T12:10:00+05:30,51807.2,51808.6,51785.75,51796.65,
2024-10-18T12:11:00+05:30,51796.35,51810.25,51783.7,51783.7,
2024-10-18T12:12:00+05:30,51786.95,51792.3,51753.15,51784.45,
2024-10-18T12:13:00+05:30,51785.6,51796.5,51777.05,51784,
2024-10-18T12:14:00+05:30,51781,51789.5,51761.05,51763.4,
2024-10-18T12:15:00+05:30,51767.4,51803.55,51767.25,51800.4,
2024-10-18T12:16:00+05:30,51799.4,51801.6,51773.2,51782.6,
2024-10-18T12:17:00+05:30,51783.75,51793.15,51775.45,51781.9,
2024-10-18T12:18:00+05:30,51778.6,51792.45,51773.75,51787.5,
2024-10-18T12:19:00+05:30,51786.55,51802.6,51779.35,51780.1,
2024-10-18T12:20:00+05:30,51779.85,51802.55,51772.5,51800.25,
2024-10-18T12:21:00+05:30,51799.55,51805,51785.05,51791.2,
2024-10-18T12:22:00+05:30,51792.75,51814.9,51790.1,51805.1,
2024-10-18T12:23:00+05:30,51811.15,51823.95,51803.2,51803.6,
2024-10-18T12:24:00+05:30,51800,51812.75,51797,51808.65,
2024-10-18T12:25:00+05:30,51807.4,51846.25,51802.6,51843.05,
2024-10-18T12:26:00+05:30,51842.6,51853.4,51831.65,51849.6,
2024-10-18T12:27:00+05:30,51852.85,51867.65,51849.1,51853.85,
2024-10-18T12:28:00+05:30,51855.25,51871.3,51839.6,51866.4,
2024-10-18T12:29:00+05:30,51866.65,51875.6,51850.1,51857.2,
2024-10-18T12:30:00+05:30,51856.55,51866.5,51825.85,51861.15,
2024-10-18T12:31:00+05:30,51857.85,51870.3,51852.75,51856.65,
2024-10-18T12:32:00+05:30,51857.1,51874.2,51856.05,51862.1,
2024-10-18T12:33:00+05:30,51864.7,51910.1,51860.6,51897.15,
2024-10-18T12:34:00+05:30,51894.85,51904.75,51889.45,51898.9,
2024-10-18T12:35:00+05:30,51899.15,51929.85,51890.05,51929.85,
2024-10-18T12:36:00+05:30,51929.6,51931.6,51910.3,51919.6,
2024-10-18T12:37:00+05:30,51918.9,51928.25,51907.15,51919.3,
2024-10-18T12:38:00+05:30,51918.9,51926.25,51895.15,51898.45,
2024-10-18T12:39:00+05:30,51899.9,51908.6,51882.25,51887,
2024-10-18T12:40:00+05:30,51890.85,51896.5,51868.95,51873.85,
2024-10-18T12:41:00+05:30,51878.3,51887.85,51861.1,51867.85,
2024-10-18T12:42:00+05:30,51866.25,51904.6,51866.25,51893.15,
2024-10-18T12:43:00+05:30,51893.4,51897.05,51878.3,51892.4,
2024-10-18T12:44:00+05:30,51893.45,51934.6,51892.8,51928.75,
2024-10-18T12:45:00+05:30,51926.9,51962.95,51924.8,51943.65,
2024-10-18T12:46:00+05:30,51943.7,51948.6,51918.85,51933.05,
2024-10-18T12:47:00+05:30,51932,51938.7,51916.55,51923.1,
2024-10-18T12:48:00+05:30,51925.05,51930.2,51902.05,51917.65,
2024-10-18T12:49:00+05:30,51920.3,51941.15,51916,51923.85,
2024-10-18T12:50:00+05:30,51923.7,51934.5,51915.6,51917,
2024-10-18T12:51:00+05:30,51920.5,51922.75,51901.4,51904.55,
2024-10-18T12:52:00+05:30,51903.3,51928.9,51903.3,51925.35,
2024-10-18T12:53:00+05:30,51928.3,51931.6,51915.6,51917.05,
2024-10-18T12:54:00+05:30,51922.05,51926.7,51909.2,51915.65,
2024-10-18T12:55:00+05:30,51916.05,51933.9,51908.45,51931.85,
2024-10-18T12:56:00+05:30,51930.4,51955.2,51924.8,51943.05,
2024-10-18T12:57:00+05:30,51946.5,51947.85,51928,51944.4,
2024-10-18T12:58:00+05:30,51940.4,51944.05,51925.6,51932.8,
2024-10-18T12:59:00+05:30,51933.8,51944.45,51923.25,51930.35,
2024-10-18T13:00:00+05:30,51931.6,51939.65,51915.75,51934.85,
2024-10-18T13:01:00+05:30,51939.45,51941.15,51899,51910.25,
2024-10-18T13:02:00+05:30,51910.65,51910.65,51883.9,51890.5,
2024-10-18T13:03:00+05:30,51895.6,51900.25,51865.55,51886.6,
2024-10-18T13:04:00+05:30,51883.7,51910.45,51882.1,51895.25,
2024-10-18T13:05:00+05:30,51897.25,51912.25,51884.1,51905.3,
2024-10-18T13:06:00+05:30,51906.95,51923.55,51903.7,51918.55,
2024-10-18T13:07:00+05:30,51919.6,51921.1,51897.35,51907.5,
2024-10-18T13:08:00+05:30,51908.9,51909.5,51883.3,51893.4,
2024-10-18T13:09:00+05:30,51897.5,51900.15,51871.5,51872.25,
2024-10-18T13:10:00+05:30,51873.8,51901.95,51867.45,51898.95,
2024-10-18T13:11:00+05:30,51901.4,51906.3,51890.15,51893.95,
2024-10-18T13:12:00+05:30,51894.65,51897.85,51881.1,51886.1,
2024-10-18T13:13:00+05:30,51890.7,51890.9,51860.8,51868.1,
2024-10-18T13:14:00+05:30,51871.45,51880.3,51854.2,51878.65,
2024-10-18T13:15:00+05:30,51876.8,51882.4,51868.65,51879.45,
2024-10-18T13:16:00+05:30,51879.15,51897.45,51879.15,51892,
2024-10-18T13:17:00+05:30,51893.6,51908.1,51890.6,51891.6,
2024-10-18T13:18:00+05:30,51889.35,51892.2,51877.75,51887.8,
2024-10-18T13:19:00+05:30,51884.9,51927.65,51884.1,51917.4,
2024-10-18T13:20:00+05:30,51917.7,51940.1,51911.85,51938.5,
2024-10-18T13:21:00+05:30,51938.25,51938.75,51919,51926.1,
2024-10-18T13:22:00+05:30,51927.3,51943.9,51920.75,51926.05,
2024-10-18T13:23:00+05:30,51926.6,51938.8,51924,51924.45,
2024-10-18T13:24:00+05:30,51924.35,51954.05,51919.25,51951.7,
2024-10-18T13:25:00+05:30,51952.3,51985.9,51941.95,51984.95,
2024-10-18T13:26:00+05:30,51980.8,52002.15,51972.65,51974.45,
2024-10-18T13:27:00+05:30,51981.8,51998.8,51967.65,51990.9,
2024-10-18T13:28:00+05:30,51996,52009.35,51986.7,52001,
2024-10-18T13:29:00+05:30,52004.3,52007.3,51978.45,51978.45,
2024-10-18T13:30:00+05:30,51979.25,51990.4,51972.5,51978.15,
2024-10-18T13:31:00+05:30,51975.8,51987,51967.1,51976.25,
2024-10-18T13:32:00+05:30,51976.3,51988.3,51970.35,51986.9,
2024-10-18T13:33:00+05:30,51989.3,52013.35,51985.8,52007.35,
2024-10-18T13:34:00+05:30,52006.15,52037.95,52004.2,52025.6,
2024-10-18T13:35:00+05:30,52029.35,52045.65,52027,52037.15,
2024-10-18T13:36:00+05:30,52035.15,52039.3,52020.95,52033.75,
2024-10-18T13:37:00+05:30,52031.35,52039,52012.4,52027.9,
2024-10-18T13:38:00+05:30,52032.35,52037.05,52022.6,52028.6,
2024-10-18T13:39:00+05:30,52030.15,52032.35,52017.5,52026.65,
2024-10-18T13:40:00+05:30,52026.2,52034.25,52018.15,52034.25,
2024-10-18T13:41:00+05:30,52033.9,52059.3,52029.55,52052.7,
2024-10-18T13:42:00+05:30,52054.3,52076.65,52053.4,52071.4,
2024-10-18T13:43:00+05:30,52072.6,52103.7,52063.6,52103.7,
2024-10-18T13:44:00+05:30,52102.65,52128.9,52102.65,52121.85,
2024-10-18T13:45:00+05:30,52126.15,52141.55,52110.9,52133.85,
2024-10-18T13:46:00+05:30,52134.6,52160.2,52132.75,52156.35,
2024-10-18T13:47:00+05:30,52155.9,52173.05,52135.5,52136.1,
2024-10-18T13:48:00+05:30,52137.9,52138.45,52118.1,52120.65,
2024-10-18T13:49:00+05:30,52120.9,52122.65,52084.7,52096.2,
2024-10-18T13:50:00+05:30,52097.2,52097.2,52069.15,52074.8,
2024-10-18T13:51:00+05:30,52075.15,52075.15,52047.4,52056.3,
2024-10-18T13:52:00+05:30,52054.45,52093.9,52054.45,52092.2,
2024-10-18T13:53:00+05:30,52092.6,52093,52048.65,52057.2,
2024-10-18T13:54:00+05:30,52061.45,52066.75,52046.25,52065.85,
2024-10-18T13:55:00+05:30,52068,52073.5,52053.65,52067.4,
2024-10-18T13:56:00+05:30,52066.7,52088.4,52064,52085.7,
2024-10-18T13:57:00+05:30,52081.8,52094.6,52067.35,52090.75,
2024-10-18T13:58:00+05:30,52087.15,52115.1,52083.95,52111.55,
2024-10-18T13:59:00+05:30,52110.1,52116.15,52099.8,52107.6,
2024-10-18T14:00:00+05:30,52106.9,52130.7,52098.55,52100.2,
2024-10-18T14:01:00+05:30,52099.65,52102.2,52056.85,52079.55,
2024-10-18T14:02:00+05:30,52078.7,52120.55,52078,52107.3,
2024-10-18T14:03:00+05:30,52110.25,52120.8,52076.6,52082.1,
2024-10-18T14:04:00+05:30,52080.7,52092.95,52066.5,52066.5,
2024-10-18T14:05:00+05:30,52066,52073.75,52053.65,52053.65,
2024-10-18T14:06:00+05:30,52052.1,52062.4,52018.9,52026.05,
2024-10-18T14:07:00+05:30,52022.1,52075.2,52022.1,52071.25,
2024-10-18T14:08:00+05:30,52070.65,52094.6,52069.45,52087.4,
2024-10-18T14:09:00+05:30,52079.8,52095.55,52072.45,52085.05,
2024-10-18T14:10:00+05:30,52086.8,52110.35,52084.55,52100.85,
2024-10-18T14:11:00+05:30,52095.55,52101.45,52074.35,52085.55,
2024-10-18T14:12:00+05:30,52085.6,52113.1,52082.3,52110.2,
2024-10-18T14:13:00+05:30,52110.2,52122.35,52106.3,52107.1,
2024-10-18T14:14:00+05:30,52107.2,52123.95,52101.6,52121.25,
2024-10-18T14:15:00+05:30,52117.6,52120.75,52096.15,52098,
2024-10-18T14:16:00+05:30,52104.1,52115.1,52085.35,52112.35,
2024-10-18T14:17:00+05:30,52112.45,52135.05,52110.3,52124.25,
2024-10-18T14:18:00+05:30,52121.05,52140.35,52120.75,52134.6,
2024-10-18T14:19:00+05:30,52134.4,52143.9,52119.7,52135.3,
2024-10-18T14:20:00+05:30,52137.15,52150.85,52122.95,52147.2,
2024-10-18T14:21:00+05:30,52142,52175.85,52142,52164.9,
2024-10-18T14:22:00+05:30,52166.95,52166.95,52143.05,52151.45,
2024-10-18T14:23:00+05:30,52152.7,52161.5,52140.9,52146.95,
2024-10-18T14:24:00+05:30,52145.8,52152.15,52116.75,52129.4,
2024-10-18T14:25:00+05:30,52126.85,52147.3,52119.7,52135.5,
2024-10-18T14:26:00+05:30,52143,52148.85,52122.85,52133.25,
2024-10-18T14:27:00+05:30,52132.5,52133.8,52114.35,52124.8,
2024-10-18T14:28:00+05:30,52124.75,52144,52121.8,52133.95,
2024-10-18T14:29:00+05:30,52133.7,52155.8,52131.25,52138.75,
2024-10-18T14:30:00+05:30,52140.45,52144.1,52131.35,52134.65,
2024-10-18T14:31:00+05:30,52135,52162.05,52135,52152.7,
2024-10-18T14:32:00+05:30,52158.6,52168.15,52148.55,52150.9,
2024-10-18T14:33:00+05:30,52151.7,52156.4,52140.4,52144.45,
2024-10-18T14:34:00+05:30,52144.4,52162.5,52144.4,52151.3,
2024-10-18T14:35:00+05:30,52152.75,52187.45,52151.75,52186.2,
2024-10-18T14:36:00+05:30,52187.15,52188.55,52157.05,52161.65,
2024-10-18T14:37:00+05:30,52164.4,52175.9,52152.1,52156.1,
2024-10-18T14:38:00+05:30,52157.15,52160.35,52137.75,52155.35,
2024-10-18T14:39:00+05:30,52157.75,52161.75,52142.35,52148.25,
2024-10-18T14:40:00+05:30,52151.3,52186.8,52145.55,52174.9,
2024-10-18T14:41:00+05:30,52173.4,52199.45,52163.15,52165.25,
2024-10-18T14:42:00+05:30,52165.95,52170.65,52154,52157.5,
2024-10-18T14:43:00+05:30,52152.05,52168.85,52151.75,52157.15,
2024-10-18T14:44:00+05:30,52158.85,52176.35,52153.3,52157,
2024-10-18T14:45:00+05:30,52159.5,52162.25,52102.5,52109.05,
2024-10-18T14:46:00+05:30,52107.75,52119.7,52095.45,52096.85,
2024-10-18T14:47:00+05:30,52097.7,52113.15,52094.35,52105.2,
2024-10-18T14:48:00+05:30,52105.8,52128.2,52103.85,52117.4,
2024-10-18T14:49:00+05:30,52115.8,52131.65,52100.25,52124,
2024-10-18T14:50:00+05:30,52129.75,52149,52124.55,52141.3,
2024-10-18T14:51:00+05:30,52142.95,52142.95,52113.55,52119.6,
2024-10-18T14:52:00+05:30,52122.55,52141.95,52111.85,52141.95,
2024-10-18T14:53:00+05:30,52138.25,52145.1,52124.75,52130.35,
2024-10-18T14:54:00+05:30,52130.5,52135.3,52116.45,52121.65,
2024-10-18T14:55:00+05:30,52120.75,52149.35,52117.8,52147.15,
2024-10-18T14:56:00+05:30,52147,52157.1,52139.1,52139.5,
2024-10-18T14:57:00+05:30,52143,52147.35,52121.05,52125.2,
2024-10-18T14:58:00+05:30,52123.45,52137.75,52109,52120,
2024-10-18T14:59:00+05:30,52127.7,52141.55,52120.25,52128.2,
2024-10-18T15:00:00+05:30,52132.9,52146.45,52098.35,52117.75,
2024-10-18T15:01:00+05:30,52116.05,52127.75,52075,52078.05,
2024-10-18T15:02:00+05:30,52079.9,52108.7,52075.7,52083.35,
2024-10-18T15:03:00+05:30,52086.7,52098.75,52069.25,52074.7,
2024-10-18T15:04:00+05:30,52079.95,52099.05,52074.35,52083.9,
2024-10-18T15:05:00+05:30,52081.1,52081.1,52051,52051.6,
2024-10-18T15:06:00+05:30,52055.85,52067.8,52037.5,52052.25,
2024-10-18T15:07:00+05:30,52056.9,52068.6,52021.95,52024.5,
2024-10-18T15:08:00+05:30,52026.55,52061.1,52024.75,52060.85,
2024-10-18T15:09:00+05:30,52070.5,52086.85,52064.9,52070.65,
2024-10-18T15:10:00+05:30,52070.05,52075.75,52029.2,52029.2,
2024-10-18T15:11:00+05:30,52033.45,52047.4,52024.25,52041.5,
2024-10-18T15:12:00+05:30,52044.15,52065,52025.65,52026.3,
2024-10-18T15:13:00+05:30,52030.9,52063.8,52025.25,52061.25,
2024-10-18T15:14:00+05:30,52062.55,52072.35,52050.55,52065.25,
2024-10-18T15:15:00+05:30,52068.3,52082.55,52061.9,52073.1,
2024-10-18T15:16:00+05:30,52074.1,52083.5,52059.6,52078.15,
2024-10-18T15:17:00+05:30,52081.85,52120.55,52075.65,52116.3,
2024-10-18T15:18:00+05:30,52116.25,52134.35,52106.8,52123.85,
2024-10-18T15:19:00+05:30,52127.7,52129.9,52106.2,52118.05,
2024-10-18T15:20:00+05:30,52118,52124.1,52102.45,52110.5,
2024-10-18T15:21:00+05:30,52111.7,52112.15,52087.85,52091.95,
2024-10-18T15:22:00+05:30,52092.9,52134.4,52087.25,52129.95,
2024-10-18T15:23:00+05:30,52133.55,52147.55,52119.25,52142.45,
2024-10-18T15:24:00+05:30,52145.6,52153.35,52134.95,52147.35,
2024-10-18T15:25:00+05:30,52141.95,52152.15,52128.95,52144.15,
2024-10-18T15:26:00+05:30,52146.3,52155.25,52117.7,52121.1,
2024-10-18T15:27:00+05:30,52125.75,52137.35,52115.65,52127.3,
2024-10-18T15:28:00+05:30,52131.7,52144.05,52116.25,52128.55,
2024-10-18T15:29:00+05:30,52126.35,52144.65,52102.5,52138.7,
2024-10-21T09:15:00+05:30,52361.1,52420.3,52272.55,52402.4,
2024-10-21T09:16:00+05:30,52401.3,52481.45,52388.5,52462.45,
2024-10-21T09:17:00+05:30,52469.9,52532.3,52454.75,52512.4,
2024-10-21T09:18:00+05:30,52516.95,52538.75,52502.8,52513.95,
2024-10-21T09:19:00+05:30,52512.45,52522,52483.5,52495.95,
2024-10-21T09:20:00+05:30,52495.75,52564.95,52456.1,52564.95,
2024-10-21T09:21:00+05:30,52551.35,52565.75,52518.5,52534.8,
2024-10-21T09:22:00+05:30,52537.55,52549.7,52504.3,52534.7,
2024-10-21T09:23:00+05:30,52536.55,52569.75,52518.7,52562.55,
2024-10-21T09:24:00+05:30,52565.15,52577.5,52538.6,52540.3,
2024-10-21T09:25:00+05:30,52541.05,52564.1,52527.4,52527.4,
2024-10-21T09:26:00+05:30,52520.95,52537.4,52497.7,52497.7,
2024-10-21T09:27:00+05:30,52501.2,52501.2,52427.35,52439.15,
2024-10-21T09:28:00+05:30,52446.75,52455.8,52400,52447.45,
2024-10-21T09:29:00+05:30,52446.8,52455.1,52392.4,52398.4,
2024-10-21T09:30:00+05:30,52391.95,52393.95,52329.05,52339.2,
2024-10-21T09:31:00+05:30,52338.95,52338.95,52271.7,52317.05,
2024-10-21T09:32:00+05:30,52317.7,52326.95,52239.35,52250.75,
2024-10-21T09:33:00+05:30,52259.85,52264.3,52199.3,52199.3,
2024-10-21T09:34:00+05:30,52199.4,52253.15,52195.65,52220.7,
2024-10-21T09:35:00+05:30,52223.75,52231.55,52134.6,52163.8,
2024-10-21T09:36:00+05:30,52165.9,52184.5,52130.15,52155.75,
2024-10-21T09:37:00+05:30,52172.55,52204.6,52158.9,52182.35,
2024-10-21T09:38:00+05:30,52179.75,52194.2,52109.7,52109.7,
2024-10-21T09:39:00+05:30,52122.25,52142.2,52098.35,52107.55,
2024-10-21T09:40:00+05:30,52109.35,52125,52085.65,52111.45,
2024-10-21T09:41:00+05:30,52111.3,52157.4,52096.85,52108.25,
2024-10-21T09:42:00+05:30,52103.1,52103.1,52055.85,52055.85,
2024-10-21T09:43:00+05:30,52051.1,52074.5,52011.85,52073.4,
2024-10-21T09:44:00+05:30,52072.6,52106.45,52070.95,52098.35,
2024-10-21T09:45:00+05:30,52097.3,52102.55,52042.85,52049.4,
2024-10-21T09:46:00+05:30,52049.1,52079.3,51999.2,52069.55,
2024-10-21T09:47:00+05:30,52071.8,52103.35,52057.2,52086.45,
2024-10-21T09:48:00+05:30,52080.05,52080.05,52038.5,52044,
2024-10-21T09:49:00+05:30,52044.6,52048.7,51978.6,51978.6,
2024-10-21T09:50:00+05:30,51985.55,52030.05,51947.1,52025.2,
2024-10-21T09:51:00+05:30,52028.05,52036,51977.15,51979.4,
2024-10-21T09:52:00+05:30,51983.85,52013.8,51956.4,51987.75,
2024-10-21T09:53:00+05:30,51978.6,52059.6,51977.5,52045.8,
2024-10-21T09:54:00+05:30,52049.45,52098.25,52020.5,52088.75,
2024-10-21T09:55:00+05:30,52091.65,52114.05,52050,52050,
2024-10-21T09:56:00+05:30,52050.75,52050.75,51997.85,52019.2,
2024-10-21T09:57:00+05:30,52019.6,52101.85,52017.1,52093.85,
2024-10-21T09:58:00+05:30,52092.3,52145.2,52087.95,52140.45,
2024-10-21T09:59:00+05:30,52133.25,52174.25,52129,52133.65,
2024-10-21T10:00:00+05:30,52135.9,52166.1,52110.1,52138.9,
2024-10-21T10:01:00+05:30,52137.75,52179.35,52137.75,52175.1,
2024-10-21T10:02:00+05:30,52174.7,52213.5,52170.3,52194.15,
2024-10-21T10:03:00+05:30,52197.15,52262.1,52191.15,52249.4,
2024-10-21T10:04:00+05:30,52242.9,52275.25,52235.4,52264.2,
2024-10-21T10:05:00+05:30,52269.05,52298.5,52246.4,52266.5,
2024-10-21T10:06:00+05:30,52269.55,52296.75,52257.05,52272.55,
2024-10-21T10:07:00+05:30,52271.45,52301.45,52251.95,52273.75,
2024-10-21T10:08:00+05:30,52276.15,52319.15,52264.4,52302.3,
2024-10-21T10:09:00+05:30,52306.45,52312.1,52235.7,52235.7,
2024-10-21T10:10:00+05:30,52228.15,52246.55,52158.8,52164.55,
2024-10-21T10:11:00+05:30,52164.75,52166.1,52110.35,52125.85,
2024-10-21T10:12:00+05:30,52112.9,52117.05,52073.65,52112.55,
2024-10-21T10:13:00+05:30,52114.8,52114.8,52072.45,52092.5,
2024-10-21T10:14:00+05:30,52092.5,52156.95,52092.5,52155.1,
2024-10-21T10:15:00+05:30,52157.1,52191.45,52141.85,52181.9,
2024-10-21T10:16:00+05:30,52189.1,52189.1,52131.5,52148.9,
2024-10-21T10:17:00+05:30,52147.75,52147.75,52115.15,52136.05,
2024-10-21T10:18:00+05:30,52137.95,52139.9,52109.2,52114,
2024-10-21T10:19:00+05:30,52115.85,52144.5,52103,52141.55,
2024-10-21T10:20:00+05:30,52144.4,52147.2,52109.45,52121.95,
2024-10-21T10:21:00+05:30,52127.5,52206.4,52123.1,52202.4,
2024-10-21T10:22:00+05:30,52201.1,52213.2,52193.4,52200,
2024-10-21T10:23:00+05:30,52199.8,52221.1,52171.5,52217.1,
2024-10-21T10:24:00+05:30,52219.85,52231.7,52190.95,52197.25,
2024-10-21T10:25:00+05:30,52197.05,52197.05,52173.3,52188.95,
2024-10-21T10:26:00+05:30,52189.7,52197,52168.4,52169.25,
2024-10-21T10:27:00+05:30,52170,52170.1,52103.2,52107.4,
2024-10-21T10:28:00+05:30,52105.8,52127.05,52088.5,52126.95,
2024-10-21T10:29:00+05:30,52127.1,52127.25,52104.2,52114.55,
2024-10-21T10:30:00+05:30,52114.35,52139.25,52112.35,52136.2,
2024-10-21T10:31:00+05:30,52140.8,52153.5,52125.7,52129.1,
2024-10-21T10:32:00+05:30,52130.55,52133.25,52106.55,52124.6,
2024-10-21T10:33:00+05:30,52123.9,52127.2,52092.45,52093.65,
2024-10-21T10:34:00+05:30,52094.35,52101.6,52076.15,52088.5,
2024-10-21T10:35:00+05:30,52090.55,52112.1,52084.25,52097.9,
2024-10-21T10:36:00+05:30,52095.7,52103.6,52080.95,52084.65,
2024-10-21T10:37:00+05:30,52082.55,52122.9,52082.55,52107.75,
2024-10-21T10:38:00+05:30,52105.85,52112.6,52091.85,52102.6,
2024-10-21T10:39:00+05:30,52105.55,52141.95,52100.7,52130.7,
2024-10-21T10:40:00+05:30,52130.9,52136.5,52099.15,52103.45,
2024-10-21T10:41:00+05:30,52103.2,52125.75,52085.3,52125.35,
2024-10-21T10:42:00+05:30,52128.1,52140.7,52103.1,52107.45,
2024-10-21T10:43:00+05:30,52109.8,52110.5,52080.95,52086.1,
2024-10-21T10:44:00+05:30,52089.75,52129.25,52079.6,52106.85,
2024-10-21T10:45:00+05:30,52107.8,52113.9,52089.2,52093.15,
2024-10-21T10:46:00+05:30,52090,52107.1,52088.95,52104.1,
2024-10-21T10:47:00+05:30,52105.9,52134.1,52101.65,52123.85,
2024-10-21T10:48:00+05:30,52125.25,52126.85,52085.65,52088.5,
2024-10-21T10:49:00+05:30,52091.55,52091.55,52043.35,52051.7,
2024-10-21T10:50:00+05:30,52051.7,52074.5,52042.3,52061,
2024-10-21T10:51:00+05:30,52054.35,52078.95,52051.8,52053.85,
2024-10-21T10:52:00+05:30,52058.6,52068.65,52047.75,52059.55,
2024-10-21T10:53:00+05:30,52059.55,52078.3,52053.75,52059.35,
2024-10-21T10:54:00+05:30,52061.15,52086.2,52060.4,52086.2,
2024-10-21T10:55:00+05:30,52086.45,52125.25,52073.55,52121.5,
2024-10-21T10:56:00+05:30,52118.65,52158.85,52112.6,52140.05,
2024-10-21T10:57:00+05:30,52139.95,52139.95,52116.8,52120.05,
2024-10-21T10:58:00+05:30,52124.9,52129.55,52103.9,52113.3,
2024-10-21T10:59:00+05:30,52117.3,52132.2,52105.05,52125.15,
2024-10-21T11:00:00+05:30,52122.95,52155.2,52115.4,52153.9,
2024-10-21T11:01:00+05:30,52152.2,52172.6,52144.7,52157.55,
2024-10-21T11:02:00+05:30,52158.05,52191.7,52158.05,52181.65,
2024-10-21T11:03:00+05:30,52184,52192.2,52169,52172.5,
2024-10-21T11:04:00+05:30,52175.05,52184.45,52160.45,52174.15,
2024-10-21T11:05:00+05:30,52175.65,52181,52159.7,52163.6,
2024-10-21T11:06:00+05:30,52162.8,52172.65,52151.1,52158.9,
2024-10-21T11:07:00+05:30,52157.45,52157.45,52134.65,52142.45,
2024-10-21T11:08:00+05:30,52146.8,52155.9,52138.85,52155.9,
2024-10-21T11:09:00+05:30,52156.3,52156.75,52113.35,52123.6,
2024-10-21T11:10:00+05:30,52123.15,52124.85,52103.9,52119.1,
2024-10-21T11:11:00+05:30,52122.95,52122.95,52100.05,52107.3,
2024-10-21T11:12:00+05:30,52108.5,52109,52090.95,52104.55,
2024-10-21T11:13:00+05:30,52100.8,52113.85,52098.6,52112.8,
2024-10-21T11:14:00+05:30,52113.05,52127.4,52102.8,52110.45,
2024-10-21T11:15:00+05:30,52114.6,52135.1,52105.4,52124.1,
2024-10-21T11:16:00+05:30,52124.1,52129.4,52095.2,52102.25,
2024-10-21T11:17:00+05:30,52101.35,52111,52084.95,52090.75,
2024-10-21T11:18:00+05:30,52089,52101.7,52082.1,52099.1,
2024-10-21T11:19:00+05:30,52096.15,52103.5,52086.7,52099.05,
2024-10-21T11:20:00+05:30,52098.45,52099.15,52068.75,52094.75,
2024-10-21T11:21:00+05:30,52096.7,52108.65,52076.35,52087.6,
2024-10-21T11:22:00+05:30,52087.5,52099.15,52072.05,52096.8,
2024-10-21T11:23:00+05:30,52092.1,52102.65,52079.95,52087.15,
2024-10-21T11:24:00+05:30,52083.85,52103,52080.6,52083.3,
2024-10-21T11:25:00+05:30,52082.05,52085.25,52062.6,52062.6,
2024-10-21T11:26:00+05:30,52065.6,52075.15,52056.65,52069.65,
2024-10-21T11:27:00+05:30,52069.8,52082.5,52062.1,52067.25,
2024-10-21T11:28:00+05:30,52064.75,52076.45,52062.4,52073.6,
2024-10-21T11:29:00+05:30,52076.4,52100.9,52064.55,52099.2,
2024-10-21T11:30:00+05:30,52094,52099.2,52048.7,52054.9,
2024-10-21T11:31:00+05:30,52052.55,52059.1,51999.75,52007.2,
2024-10-21T11:32:00+05:30,52002.75,52002.75,51921.8,51935.2,
2024-10-21T11:33:00+05:30,51936.3,51970,51927.15,51962.35,
2024-10-21T11:34:00+05:30,51960.1,51978,51940.35,51947,
2024-10-21T11:35:00+05:30,51948.9,51977.1,51935.25,51935.25,
2024-10-21T11:36:00+05:30,51936.6,51974.95,51934.1,51973.5,
2024-10-21T11:37:00+05:30,51975.95,51976.6,51957.1,51967.15,
2024-10-21T11:38:00+05:30,51968.75,51970,51940.3,51960.75,
2024-10-21T11:39:00+05:30,51966.4,52003.25,51963.1,51980.5,
2024-10-21T11:40:00+05:30,51978.8,51984.55,51959.05,51959.05,
2024-10-21T11:41:00+05:30,51961.3,51968.7,51940.05,51966.6,
2024-10-21T11:42:00+05:30,51966.55,52010.3,51963.2,52003.2,
2024-10-21T11:43:00+05:30,52000.45,52004.3,51980.1,51992.15,
2024-10-21T11:44:00+05:30,51993.55,52007.25,51981.65,51986.8,
2024-10-21T11:45:00+05:30,51983.65,51991.15,51971.55,51974.65,
2024-10-21T11:46:00+05:30,51976.2,51977.4,51948.2,51969.25,
2024-10-21T11:47:00+05:30,51974.6,52038.35,51965.6,52038.35,
2024-10-21T11:48:00+05:30,52042.85,52046.6,52016.6,52021.5,
2024-10-21T11:49:00+05:30,52019.9,52035.65,52013.05,52021.1,
2024-10-21T11:50:00+05:30,52019.25,52022.75,52009.65,52020.4,
2024-10-21T11:51:00+05:30,52021.05,52021.5,51988.15,51997.25,
2024-10-21T11:52:00+05:30,51997.55,52009.3,51983.45,52006.95,
2024-10-21T11:53:00+05:30,52007.65,52008.6,51985.85,51992.8,
2024-10-21T11:54:00+05:30,51992.4,52003.9,51989,51998.3,
2024-10-21T11:55:00+05:30,51998.3,51998.95,51983.3,51990.2,
2024-10-21T11:56:00+05:30,51992.45,51992.45,51978.85,51981.35,
2024-10-21T11:57:00+05:30,51982.65,51996.1,51965.5,51970.3,
2024-10-21T11:58:00+05:30,51975.45,51982.9,51960.55,51965.15,
2024-10-21T11:59:00+05:30,51965.2,51972.2,51959.85,51965.8,
2024-10-21T12:00:00+05:30,51968.1,51986.15,51937.35,51982.9,
2024-10-21T12:01:00+05:30,51982.2,51988.45,51968.1,51982.35,
2024-10-21T12:02:00+05:30,51983.3,51984.85,51964.55,51971.5,
2024-10-21T12:03:00+05:30,51971.6,51971.6,51952.85,51958.7,
2024-10-21T12:04:00+05:30,51958.6,51970.55,51950.55,51956.15,
2024-10-21T12:05:00+05:30,51957.15,51963.55,51943.45,51963.55,
2024-10-21T12:06:00+05:30,51960.15,51975.15,51955.95,51956.1,
2024-10-21T12:07:00+05:30,51956.2,51957.25,51926.15,51949.95,
2024-10-21T12:08:00+05:30,51953.15,51956,51938.45,51938.65,
2024-10-21T12:09:00+05:30,51941.85,51967,51937.95,51960.95,
2024-10-21T12:10:00+05:30,51961.5,51966.8,51949.75,51953.35,
2024-10-21T12:11:00+05:30,51954.4,51959.65,51945.25,51954.55,
2024-10-21T12:12:00+05:30,51954.7,51957.15,51923.35,51930.9,
2024-10-21T12:13:00+05:30,51933,51954.45,51910.95,51949.65,
2024-10-21T12:14:00+05:30,51954,51954,51913.65,51915.5,
2024-10-21T12:15:00+05:30,51913.7,51944.85,51909.05,51931.9,
2024-10-21T12:16:00+05:30,51928.15,51953.05,51927.9,51945.1,
2024-10-21T12:17:00+05:30,51942.45,51963.5,51922.1,51959.15,
2024-10-21T12:18:00+05:30,51959.55,51986.15,51954.1,51980,
2024-10-21T12:19:00+05:30,51983.4,51984.15,51967.45,51976.55,
2024-10-21T12:20:00+05:30,51978.8,51992.5,51967.65,51986.2,
2024-10-21T12:21:00+05:30,51988.6,52006.45,51981.45,51995.8,
2024-10-21T12:22:00+05:30,51998,51998,51964.35,51974.35,
2024-10-21T12:23:00+05:30,51973.5,51985.3,51957.4,51984.15,
2024-10-21T12:24:00+05:30,51981.15,51993.15,51971.3,51987.3,
2024-10-21T12:25:00+05:30,51988.7,52004.85,51981.3,52004.15,
2024-10-21T12:26:00+05:30,52001.55,52014,51998.65,52007.55,
2024-10-21T12:27:00+05:30,52000.1,52010.85,51989.85,51995.25,
2024-10-21T12:28:00+05:30,51997.25,52007.45,51989.65,52002.15,
2024-10-21T12:29:00+05:30,52002.45,52006.05,51990.9,51994.2,
2024-10-21T12:30:00+05:30,51994.65,51997.7,51960.3,51965.1,
2024-10-21T12:31:00+05:30,51966.05,51977.15,51953.6,51971.75,
2024-10-21T12:32:00+05:30,51971,51990.3,51967.45,51986.15,
2024-10-21T12:33:00+05:30,51979.25,51989.05,51966.25,51974.5,
2024-10-21T12:34:00+05:30,51971.65,51986.6,51966.25,51978.35,
2024-10-21T12:35:00+05:30,51978.15,51984.8,51971,51977.15,
2024-10-21T12:36:00+05:30,51974.5,51977.25,51959.55,51962.1,
2024-10-21T12:37:00+05:30,51961.7,51967.15,51941.2,51958.7,
2024-10-21T12:38:00+05:30,51958.7,51966.5,51956,51961.15,
2024-10-21T12:39:00+05:30,51960.05,51960.05,51940.3,51958.3,
2024-10-21T12:40:00+05:30,51955.85,51960.85,51939.45,51954.85,
2024-10-21T12:41:00+05:30,51958.65,51958.95,51934.8,51944.95,
2024-10-21T12:42:00+05:30,51947.65,51950.25,51925.75,51935.15,
2024-10-21T12:43:00+05:30,51938,51964.45,51936.9,51955.35,
2024-10-21T12:44:00+05:30,51962,51980.4,51955.8,51969.5,
2024-10-21T12:45:00+05:30,51972.1,51975.2,51939.25,51947.95,
2024-10-21T12:46:00+05:30,51948.9,51949.85,51929,51942.65,
2024-10-21T12:47:00+05:30,51943,51957.75,51938.85,51948.15,
2024-10-21T12:48:00+05:30,51953.55,51953.55,51929.85,51932.7,
2024-10-21T12:49:00+05:30,51941.15,51947.75,51927.95,51947.75,
2024-10-21T12:50:00+05:30,51932.2,51944.9,51927.4,51936.95,
2024-10-21T12:51:00+05:30,51936.85,51967,51931.2,51959.2,
2024-10-21T12:52:00+05:30,51960.15,51967.65,51942.4,51948.8,
2024-10-21T12:53:00+05:30,51951.65,51957.7,51938.95,51954.7,
2024-10-21T12:54:00+05:30,51956.1,51965.05,51935.7,51943.65,
2024-10-21T12:55:00+05:30,51953.7,51955.5,51914.75,51919.65,
2024-10-21T12:56:00+05:30,51920.45,51932.35,51913.65,51920.55,
2024-10-21T12:57:00+05:30,51926.9,51928.9,51888.7,51925.25,
2024-10-21T12:58:00+05:30,51927.75,51938.95,51922.1,51926.45,
2024-10-21T12:59:00+05:30,51928.75,51934.5,51904,51906.7,
2024-10-21T13:00:00+05:30,51900.95,51911.75,51879.05,51882.4,
2024-10-21T13:01:00+05:30,51889.95,51908.15,51880.35,51900.25,
2024-10-21T13:02:00+05:30,51900.6,51917.15,51885.95,51910.35,
2024-10-21T13:03:00+05:30,51909.95,51910.1,51889.65,51900.85,
2024-10-21T13:04:00+05:30,51902,51916.85,51882.65,51916.85,
2024-10-21T13:05:00+05:30,51911.2,51913.65,51892.95,51895.9,
2024-10-21T13:06:00+05:30,51894.15,51909.05,51890.75,51893.9,
2024-10-21T13:07:00+05:30,51892.45,51905.85,51887.9,51889,
2024-10-21T13:08:00+05:30,51894,51917.35,51890.75,51917.35,
2024-10-21T13:09:00+05:30,51920.2,51978.5,51914.25,51978.5,
2024-10-21T13:10:00+05:30,51979.2,51985.7,51955.95,51962.65,
2024-10-21T13:11:00+05:30,51961.05,51965.1,51942.7,51946.25,
2024-10-21T13:12:00+05:30,51944.75,51970.3,51938,51965.85,
2024-10-21T13:13:00+05:30,51962.1,51965.65,51950,51959.15,
2024-10-21T13:14:00+05:30,51956.4,51980.45,51950.15,51975.15,
2024-10-21T13:15:00+05:30,51977.85,51998.25,51971.25,51992.5,
2024-10-21T13:16:00+05:30,51990.45,52000.1,51978,51993.35,
2024-10-21T13:17:00+05:30,51993.9,52041.1,51993.65,52036.8,
2024-10-21T13:18:00+05:30,52043.1,52054.15,52031.5,52054.1,
2024-10-21T13:19:00+05:30,52048.2,52085.2,52046.5,52081.15,
2024-10-21T13:20:00+05:30,52085.75,52085.75,52051.55,52084.05,
2024-10-21T13:21:00+05:30,52081.9,52084.35,52063.1,52069.25,
2024-10-21T13:22:00+05:30,52074.2,52077.2,52050.6,52055.9,
2024-10-21T13:23:00+05:30,52051,52062.25,52037.15,52052.2,
2024-10-21T13:24:00+05:30,52046.15,52055.45,52034.45,52038.4,
2024-10-21T13:25:00+05:30,52043.55,52060.5,52033.7,52041.25,
2024-10-21T13:26:00+05:30,52033.1,52042.85,52007.5,52025,
2024-10-21T13:27:00+05:30,52018.35,52022.2,51993.85,52004.5,
2024-10-21T13:28:00+05:30,52002.5,52007.9,51985.55,52007.1,
2024-10-21T13:29:00+05:30,52007,52007,51973.5,51973.5,
2024-10-21T13:30:00+05:30,51978,52001,51968.5,51994,
2024-10-21T13:31:00+05:30,51998.25,51998.25,51979.05,51993.95,
2024-10-21T13:32:00+05:30,51992.35,52002.5,51985.5,52002.5,
2024-10-21T13:33:00+05:30,51996.55,52027.9,51986.5,52024.05,
2024-10-21T13:34:00+05:30,52024.65,52027.45,51991.65,52012,
2024-10-21T13:35:00+05:30,52015.3,52019.45,51998.65,52004.4,
2024-10-21T13:36:00+05:30,52004.95,52006.55,51983.75,52002.9,
2024-10-21T13:37:00+05:30,52003.15,52008.15,51986.45,52006.45,
2024-10-21T13:38:00+05:30,52004.1,52023.65,51999.6,52020.45,
2024-10-21T13:39:00+05:30,52021.65,52024.55,52007.2,52011.25,
2024-10-21T13:40:00+05:30,52014.7,52017.6,52000.15,52011.3,
2024-10-21T13:41:00+05:30,52014.75,52018.1,52007.05,52013.7,
2024-10-21T13:42:00+05:30,52014.65,52025,52007.55,52014.6,
2024-10-21T13:43:00+05:30,52017.25,52032.8,52009.75,52028.85,
2024-10-21T13:44:00+05:30,52028.25,52041.45,52020.15,52039.1,
2024-10-21T13:45:00+05:30,52042.5,52054.55,52023.15,52054.55,
2024-10-21T13:46:00+05:30,52048.5,52058.5,52016.8,52022.8,
2024-10-21T13:47:00+05:30,52023.2,52024.45,51994.75,52008.3,
2024-10-21T13:48:00+05:30,52010.75,52016.95,51998.1,52009.75,
2024-10-21T13:49:00+05:30,52012.85,52033.05,52006.75,52024.8,
2024-10-21T13:50:00+05:30,52024.6,52030.4,52008.75,52022.95,
2024-10-21T13:51:00+05:30,52028.8,52041.95,52014.1,52039.15,
2024-10-21T13:52:00+05:30,52039.85,52064.55,52031.6,52062.1,
2024-10-21T13:53:00+05:30,52061.35,52070.8,52047.5,52056.2,
2024-10-21T13:54:00+05:30,52057.85,52063.75,52044.9,52057.35,
2024-10-21T13:55:00+05:30,52050.65,52092.2,52050.65,52087.8,
2024-10-21T13:56:00+05:30,52087.65,52100.2,52064.95,52080.1,
2024-10-21T13:57:00+05:30,52080.1,52090.95,52072.6,52072.85,
2024-10-21T13:58:00+05:30,52076.35,52089.45,52068.75,52081.05,
2024-10-21T13:59:00+05:30,52080.55,52100.85,52076.4,52088.45,
2024-10-21T14:00:00+05:30,52084.35,52123.6,52078.95,52101.5,
2024-10-21T14:01:00+05:30,52101.65,52102.8,52062,52073.35,
2024-10-21T14:02:00+05:30,52073.1,52074.2,52049.2,52059.85,
2024-10-21T14:03:00+05:30,52063.55,52072.5,52057.95,52066.55,
2024-10-21T14:04:00+05:30,52070.8,52078,52062.95,52064.35,
2024-10-21T14:05:00+05:30,52061.7,52072.95,52032.6,52035,
2024-10-21T14:06:00+05:30,52034.4,52048.15,52021.45,52033.3,
2024-10-21T14:07:00+05:30,52030.95,52047.8,52022.65,52023.9,
2024-10-21T14:08:00+05:30,52023.15,52029.9,51999.05,52010.1,
2024-10-21T14:09:00+05:30,52017.05,52017.05,51995.45,52013.65,
2024-10-21T14:10:00+05:30,52016.4,52026.35,51992.8,52000.95,
2024-10-21T14:11:00+05:30,52005.1,52011.5,51983.4,52011.5,
2024-10-21T14:12:00+05:30,52005.25,52019.8,51992.05,52011.4,
2024-10-21T14:13:00+05:30,52008.2,52026.5,51998.5,52024.4,
2024-10-21T14:14:00+05:30,52028.65,52028.65,52001.55,52020.1,
2024-10-21T14:15:00+05:30,52019,52032.9,52008.7,52031.7,
2024-10-21T14:16:00+05:30,52030.75,52044.9,52026.45,52033.1,
2024-10-21T14:17:00+05:30,52032.55,52033.2,51991.6,51999.4,
2024-10-21T14:18:00+05:30,52005.75,52028.9,51999.9,52025.8,
2024-10-21T14:19:00+05:30,52029.65,52038.05,52022.05,52026.75,
2024-10-21T14:20:00+05:30,52024.65,52028.95,52010.6,52018.4,
2024-10-21T14:21:00+05:30,52018,52020.15,51999.05,52009.7,
2024-10-21T14:22:00+05:30,52010.85,52021.65,52004,52009.15,
2024-10-21T14:23:00+05:30,52005.6,52033.4,52005.05,52027.75,
2024-10-21T14:24:00+05:30,52029.75,52046.05,52027,52041.6,
2024-10-21T14:25:00+05:30,52041.9,52051.3,52029.7,52036.1,
2024-10-21T14:26:00+05:30,52035,52037.05,52011,52018.65,
2024-10-21T14:27:00+05:30,52021.85,52032.3,52014.6,52021.95,
2024-10-21T14:28:00+05:30,52023,52024.7,52002.35,52004.2,
2024-10-21T14:29:00+05:30,52008.15,52010.5,51972.6,51984.75,
2024-10-21T14:30:00+05:30,51983.85,52012.2,51977.7,52008.55,
2024-10-21T14:31:00+05:30,52001.6,52008.15,51999.3,52005.15,
2024-10-21T14:32:00+05:30,52005.85,52024.75,51998.9,52023.25,
2024-10-21T14:33:00+05:30,52021.9,52033.6,52014.15,52025.55,
2024-10-21T14:34:00+05:30,52027.55,52041.45,52018.7,52041.45,
2024-10-21T14:35:00+05:30,52040.55,52074.4,52034.7,52063.25,
2024-10-21T14:36:00+05:30,52065.95,52081.15,52060.9,52078.2,
2024-10-21T14:37:00+05:30,52077.55,52080.65,52041.9,52045.3,
2024-10-21T14:38:00+05:30,52047.9,52047.9,52010.95,52017.7,
2024-10-21T14:39:00+05:30,52015.2,52019.1,51969.6,51984.1,
2024-10-21T14:40:00+05:30,51976.25,52001,51967.55,52001,
2024-10-21T14:41:00+05:30,51998.9,52000.35,51974.75,51974.75,
2024-10-21T14:42:00+05:30,51973.55,51993.25,51973.55,51985.7,
2024-10-21T14:43:00+05:30,51986.5,51996.75,51969.45,51985.35,
2024-10-21T14:44:00+05:30,51983.05,51995.55,51971.05,51989.05,
2024-10-21T14:45:00+05:30,51987.9,51994.1,51974.35,51985.25,
2024-10-21T14:46:00+05:30,51984.8,51986.25,51968.05,51980.1,
2024-10-21T14:47:00+05:30,51977.95,51979.5,51949.35,51974.5,
2024-10-21T14:48:00+05:30,51971.1,51982.7,51959.6,51978.9,
2024-10-21T14:49:00+05:30,51973.65,52004,51964.35,51993.35,
2024-10-21T14:50:00+05:30,51994.05,51999.2,51975.85,51986.95,
2024-10-21T14:51:00+05:30,51986.1,52010.45,51981.35,52008.2,
2024-10-21T14:52:00+05:30,52007.3,52011.8,51990.5,52007.3,
2024-10-21T14:53:00+05:30,52008,52031.95,51991.75,52031.2,
2024-10-21T14:54:00+05:30,52029.15,52034.2,52000.85,52010,
2024-10-21T14:55:00+05:30,52010.45,52041.5,52003.1,52041.5,
2024-10-21T14:56:00+05:30,52039.3,52051.75,52014.7,52026.4,
2024-10-21T14:57:00+05:30,52025.3,52037.2,52004.7,52022,
2024-10-21T14:58:00+05:30,52020.35,52024.5,51988.75,51996.8,
2024-10-21T14:59:00+05:30,51996.15,52013.5,51992.3,52012.4,
2024-10-21T15:00:00+05:30,52013.25,52021.85,51983.55,51997.8,
2024-10-21T15:01:00+05:30,52000.3,52009.05,51980.8,52003.6,
2024-10-21T15:02:00+05:30,52005,52005.5,51977.4,51985.75,
2024-10-21T15:03:00+05:30,51988.15,51988.15,51959.25,51969.9,
2024-10-21T15:04:00+05:30,51971.7,51983.85,51950.6,51967.3,
2024-10-21T15:05:00+05:30,51971.6,51971.6,51919.15,51936.8,
2024-10-21T15:06:00+05:30,51948.3,51971.3,51938.6,51955.95,
2024-10-21T15:07:00+05:30,51961.35,51984.6,51953.45,51965.35,
2024-10-21T15:08:00+05:30,51967.35,51967.35,51929.25,51952.1,
2024-10-21T15:09:00+05:30,51954.45,51954.45,51931.2,51950.95,
2024-10-21T15:10:00+05:30,51951.95,51992.3,51951.95,51987.45,
2024-10-21T15:11:00+05:30,51994.7,51994.7,51944.45,51950.1,
2024-10-21T15:12:00+05:30,51949.85,52017.6,51948.3,52011.1,
2024-10-21T15:13:00+05:30,52014,52015.15,51991.35,52001.3,
2024-10-21T15:14:00+05:30,52003.1,52003.1,51990.8,51997.85,
2024-10-21T15:15:00+05:30,51998.9,51998.9,51949.65,51958.05,
2024-10-21T15:16:00+05:30,51958.65,51958.65,51938.1,51946.5,
2024-10-21T15:17:00+05:30,51948.2,51973.65,51934.2,51940,
2024-10-21T15:18:00+05:30,51942.65,51950.05,51923.65,51942.05,
2024-10-21T15:19:00+05:30,51943.55,51964.3,51934,51964.15,
2024-10-21T15:20:00+05:30,51963.15,51991.3,51960,51970.5,
2024-10-21T15:21:00+05:30,51973.4,51974.25,51937.2,51949.9,
2024-10-21T15:22:00+05:30,51948.85,51958.75,51944.6,51949,
2024-10-21T15:23:00+05:30,51951.7,51961.55,51946.15,51955.05,
2024-10-21T15:24:00+05:30,51955.55,51956.2,51925.15,51928,
2024-10-21T15:25:00+05:30,51929.1,51937.05,51923.5,51931.1,
2024-10-21T15:26:00+05:30,51930.9,51937.6,51921.7,51933.7,
2024-10-21T15:27:00+05:30,51933.3,51941.1,51901.6,51904.3,
2024-10-21T15:28:00+05:30,51899.3,51899.6,51863.65,51872.6,
2024-10-21T15:29:00+05:30,51876.45,51878.95,51855.15,51855.15,
2024-10-22T09:15:00+05:30,52071.35,52082.05,51859.4,51891,
2024-10-22T09:16:00+05:30,51891,51907.65,51853.95,51899.8,
2024-10-22T09:17:00+05:30,51905.15,51994.35,51905.15,51994.35,
2024-10-22T09:18:00+05:30,51988,51992.9,51926.95,51985.65,
2024-10-22T09:19:00+05:30,51984.6,52023.2,51984.6,52012.1,
2024-10-22T09:20:00+05:30,52020,52043.4,52009.3,52027.8,
2024-10-22T09:21:00+05:30,52031.05,52033.6,51978.6,51986.85,
2024-10-22T09:22:00+05:30,51991.95,51991.95,51881.85,51884.25,
2024-10-22T09:23:00+05:30,51890.05,51917.65,51877,51898.4,
2024-10-22T09:24:00+05:30,51889.85,51927.65,51889.85,51904.95,
2024-10-22T09:25:00+05:30,51902.35,51933.45,51892.75,51897.7,
2024-10-22T09:26:00+05:30,51906.05,51950.3,51906.05,51946.45,
2024-10-22T09:27:00+05:30,51945.55,51965.55,51921.55,51965.55,
2024-10-22T09:28:00+05:30,51959.5,52007,51939.65,51986.05,
2024-10-22T09:29:00+05:30,51987.8,52016.05,51973.7,51973.7,
2024-10-22T09:30:00+05:30,51985.3,52002.65,51966.25,51976.45,
2024-10-22T09:31:00+05:30,51981.65,52056.75,51958.4,52043.4,
2024-10-22T09:32:00+05:30,52044.15,52083.1,52044.15,52076.2,
2024-10-22T09:33:00+05:30,52071.85,52086.45,52029.65,52037.85,
2024-10-22T09:34:00+05:30,52036,52036,51960.1,51970.6,
2024-10-22T09:35:00+05:30,51965.6,52015.5,51961.15,52013.3,
2024-10-22T09:36:00+05:30,52008.8,52030.7,51994.85,52011.25,
2024-10-22T09:37:00+05:30,52016.05,52046.75,52009.05,52037.55,
2024-10-22T09:38:00+05:30,52034.75,52036.85,52001.75,52007.7,
2024-10-22T09:39:00+05:30,52007.4,52021.5,51994.6,52014.8,
2024-10-22T09:40:00+05:30,52016.55,52016.55,51974.2,51984.85,
2024-10-22T09:41:00+05:30,51987.3,52045.9,51983.3,52045.9,
2024-10-22T09:42:00+05:30,52044.55,52070.4,52041.3,52055.45,
2024-10-22T09:43:00+05:30,52059.65,52079.65,52053.6,52062.65,
2024-10-22T09:44:00+05:30,52066.05,52127,52046.7,52116.8,
2024-10-22T09:45:00+05:30,52115.95,52159.3,52110.7,52152.45,
2024-10-22T09:46:00+05:30,52149.45,52169.2,52138.05,52165.6,
2024-10-22T09:47:00+05:30,52165.05,52179.55,52152.55,52170.15,
2024-10-22T09:48:00+05:30,52170.2,52193.2,52162.35,52193.2,
2024-10-22T09:49:00+05:30,52187.35,52189.1,52144,52145.15,
2024-10-22T09:50:00+05:30,52147.75,52190.45,52142.5,52160.15,
2024-10-22T09:51:00+05:30,52159.05,52179.35,52153.95,52165,
2024-10-22T09:52:00+05:30,52166.4,52215.45,52162.45,52173.45,
2024-10-22T09:53:00+05:30,52176.15,52187.95,52172.1,52183.55,
2024-10-22T09:54:00+05:30,52181.65,52207,52177.45,52207,
2024-10-22T09:55:00+05:30,52201.85,52232.45,52188.4,52188.4,
2024-10-22T09:56:00+05:30,52190.1,52190.1,52152.75,52161,
2024-10-22T09:57:00+05:30,52160.45,52182.2,52152.55,52181.15,
2024-10-22T09:58:00+05:30,52179.45,52209.35,52176.3,52202.9,
2024-10-22T09:59:00+05:30,52207.05,52215.8,52194.05,52212.85,
2024-10-22T10:00:00+05:30,52213.6,52257.3,52201.3,52241.4,
2024-10-22T10:01:00+05:30,52240.1,52240.1,52205.2,52218.35,
2024-10-22T10:02:00+05:30,52219.85,52219.85,52164.55,52177.25,
2024-10-22T10:03:00+05:30,52177.45,52213.7,52162.15,52206.75,
2024-10-22T10:04:00+05:30,52209.35,52216.8,52198.4,52200.85,
2024-10-22T10:05:00+05:30,52202.85,52202.85,52176.9,52176.9,
2024-10-22T10:06:00+05:30,52175.05,52185.15,52157.8,52164.25,
2024-10-22T10:07:00+05:30,52166.8,52166.8,52142.9,52156.75,
2024-10-22T10:08:00+05:30,52155,52187.8,52152.55,52185.6,
2024-10-22T10:09:00+05:30,52185.85,52189.3,52163.95,52176.7,
2024-10-22T10:10:00+05:30,52179.4,52193.35,52169.35,52186.05,
2024-10-22T10:11:00+05:30,52188.8,52188.8,52130.25,52130.25,
2024-10-22T10:12:00+05:30,52130.5,52130.5,52081.4,52107.75,
2024-10-22T10:13:00+05:30,52109.45,52114.8,52053.8,52064.1,
2024-10-22T10:14:00+05:30,52065.3,52074.45,52048,52070.7,
2024-10-22T10:15:00+05:30,52069.8,52083.9,52058,52071.85,
2024-10-22T10:16:00+05:30,52068.75,52070.4,51998.1,52012.5,
2024-10-22T10:17:00+05:30,52011.6,52011.6,51954.5,51956.15,
2024-10-22T10:18:00+05:30,51961,51977.4,51946.7,51977.4,
2024-10-22T10:19:00+05:30,51981.6,51982,51913.65,51932.75,
2024-10-22T10:20:00+05:30,51935.85,51964.75,51934.35,51944.1,
2024-10-22T10:21:00+05:30,51948.95,51950.65,51899.05,51934.3,
2024-10-22T10:22:00+05:30,51936.75,51978.85,51920.9,51976.1,
2024-10-22T10:23:00+05:30,51977,51977.8,51948.55,51951.45,
2024-10-22T10:24:00+05:30,51945.65,51961.65,51936.6,51943,
2024-10-22T10:25:00+05:30,51943.4,51962.85,51925.05,51950,
2024-10-22T10:26:00+05:30,51944.95,51947.6,51894.85,51906,
2024-10-22T10:27:00+05:30,51902.85,51924.35,51860.45,51866.25,
2024-10-22T10:28:00+05:30,51863.85,51875.8,51800.35,51806.6,
2024-10-22T10:29:00+05:30,51806.7,51810.3,51758.6,51758.6,
2024-10-22T10:30:00+05:30,51757.85,51820.9,51727.2,51805.3,
2024-10-22T10:31:00+05:30,51807.45,51812.7,51768.9,51780,
2024-10-22T10:32:00+05:30,51780.8,51799.7,51746.75,51746.75,
2024-10-22T10:33:00+05:30,51755.05,51777.45,51721.75,51760.45,
2024-10-22T10:34:00+05:30,51759.95,51891.5,51755.4,51891.5,
2024-10-22T10:35:00+05:30,51896.95,51969.15,51872.8,51897.7,
2024-10-22T10:36:00+05:30,51899,51928.55,51877.7,51904.45,
2024-10-22T10:37:00+05:30,51906.55,51911.05,51841.05,51841.3,
2024-10-22T10:38:00+05:30,51842.8,51909.5,51837.75,51909.5,
2024-10-22T10:39:00+05:30,51912.8,51945.15,51882.2,51910.9,
2024-10-22T10:40:00+05:30,51911.65,51951.05,51910.75,51930,
2024-10-22T10:41:00+05:30,51926.45,51968.3,51886.8,51954.55,
2024-10-22T10:42:00+05:30,51956.5,51999.9,51950.55,51973.8,
2024-10-22T10:43:00+05:30,51974.05,51974.5,51902.65,51954.85,
2024-10-22T10:44:00+05:30,51949.25,51976.3,51926.9,51930.85,
2024-10-22T10:45:00+05:30,51934.4,51957.4,51910.4,51917.85,
2024-10-22T10:46:00+05:30,51918.25,51949.2,51889.45,51890.7,
2024-10-22T10:47:00+05:30,51893.95,51962.35,51893.95,51919.9,
2024-10-22T10:48:00+05:30,51919.7,51964.35,51914.3,51936.15,
2024-10-22T10:49:00+05:30,51940.3,51957.9,51925.4,51932.75,
2024-10-22T10:50:00+05:30,51933.85,51960.5,51926,51960.5,
2024-10-22T10:51:00+05:30,51956.9,51979.45,51942.7,51965.75,
2024-10-22T10:52:00+05:30,51962.4,52001.25,51950.4,51962.9,
2024-10-22T10:53:00+05:30,51960.45,51989.9,51958,51967.35,
2024-10-22T10:54:00+05:30,51967.9,51968.25,51902.6,51910.35,
2024-10-22T10:55:00+05:30,51909.05,51914.45,51870.45,51879.05,
2024-10-22T10:56:00+05:30,51879.3,51921.8,51857.9,51921.8,
2024-10-22T10:57:00+05:30,51916.6,51953.1,51910.75,51917,
2024-10-22T10:58:00+05:30,51920.65,51960.25,51920.3,51945.8,
2024-10-22T10:59:00+05:30,51943.75,51959.8,51927.1,51939.65,
2024-10-22T11:00:00+05:30,51938.35,51959.9,51934.1,51956.85,
2024-10-22T11:01:00+05:30,51959.35,51968.1,51928.2,51929.45,
2024-10-22T11:02:00+05:30,51928.45,51951.7,51920.7,51922.75,
2024-10-22T11:03:00+05:30,51925.9,51931.65,51904.35,51908.8,
2024-10-22T11:04:00+05:30,51907.35,51913.1,51898.15,51908.75,
2024-10-22T11:05:00+05:30,51913.05,51921.5,51891.75,51898.95,
2024-10-22T11:06:00+05:30,51901.35,51901.7,51825.2,51839.6,
2024-10-22T11:07:00+05:30,51840.75,51872.65,51828.1,51870.9,
2024-10-22T11:08:00+05:30,51870.05,51917.7,51859.6,51874.8,
2024-10-22T11:09:00+05:30,51874.45,51925.1,51862.15,51917.7,
2024-10-22T11:10:00+05:30,51923.65,51969.5,51923.65,51939.85,
2024-10-22T11:11:00+05:30,51935.8,51938.55,51896.45,51904.05,
2024-10-22T11:12:00+05:30,51903.6,51948.9,51900.05,51932.8,
2024-10-22T11:13:00+05:30,51929,51948.2,51923.5,51939.5,
2024-10-22T11:14:00+05:30,51940.15,51950.15,51911.4,51941.8,
2024-10-22T11:15:00+05:30,51940.9,51955.8,51917.85,51925.45,
2024-10-22T11:16:00+05:30,51926.45,51935.65,51910.8,51916.9,
2024-10-22T11:17:00+05:30,51915.65,51938.15,51913.2,51935.9,
2024-10-22T11:18:00+05:30,51931.5,51931.5,51893.8,51893.8,
2024-10-22T11:19:00+05:30,51895.1,51915.6,51889.6,51902.1,
2024-10-22T11:20:00+05:30,51900.65,51909.6,51873.3,51873.3,
2024-10-22T11:21:00+05:30,51873.9,51873.9,51846.2,51863,
2024-10-22T11:22:00+05:30,51863.5,51864.75,51818.2,51834.45,
2024-10-22T11:23:00+05:30,51832.9,51833.25,51781,51783.05,
2024-10-22T11:24:00+05:30,51785.05,51815.7,51764.5,51806.05,
2024-10-22T11:25:00+05:30,51806.9,51827.6,51800.35,51822.25,
2024-10-22T11:26:00+05:30,51819.2,51824.25,51776.95,51776.95,
2024-10-22T11:27:00+05:30,51781.55,51789.15,51754.6,51770.05,
2024-10-22T11:28:00+05:30,51772.4,51797.3,51757.3,51797.3,
2024-10-22T11:29:00+05:30,51795,51807.65,51774.85,51804.8,
2024-10-22T11:30:00+05:30,51801.9,51829.6,51796.7,51823.4,
2024-10-22T11:31:00+05:30,51824.1,51824.1,51786.25,51806.6,
2024-10-22T11:32:00+05:30,51806.8,51866.2,51806.8,51854.5,
2024-10-22T11:33:00+05:30,51862.35,51911.9,51857.85,51904.75,
2024-10-22T11:34:00+05:30,51903.3,51907.8,51869.3,51870.85,
2024-10-22T11:35:00+05:30,51873.8,51873.8,51837.85,51845.15,
2024-10-22T11:36:00+05:30,51841.9,51850.7,51826.9,51831.6,
2024-10-22T11:37:00+05:30,51828.2,51828.2,51781.65,51783.45,
2024-10-22T11:38:00+05:30,51782.6,51789.75,51763.1,51769.05,
2024-10-22T11:39:00+05:30,51764.25,51775.8,51747.25,51771.05,
2024-10-22T11:40:00+05:30,51770.7,51770.7,51681.9,51690.9,
2024-10-22T11:41:00+05:30,51685.75,51716.9,51666.7,51692.8,
2024-10-22T11:42:00+05:30,51693.65,51705.5,51628.65,51647.85,
2024-10-22T11:43:00+05:30,51645.7,51676.6,51623.6,51669.7,
2024-10-22T11:44:00+05:30,51666.7,51666.7,51603.75,51615.45,
2024-10-22T11:45:00+05:30,51621.5,51648.9,51539.8,51637.2,
2024-10-22T11:46:00+05:30,51641.15,51683.85,51636.25,51650.4,
2024-10-22T11:47:00+05:30,51654.45,51662.4,51607.5,51637.15,
2024-10-22T11:48:00+05:30,51640.05,51646.55,51587.65,51606.2,
2024-10-22T11:49:00+05:30,51602.85,51618.75,51571.6,51609.1,
2024-10-22T11:50:00+05:30,51612.1,51628.2,51591.15,51628.2,
2024-10-22T11:51:00+05:30,51622.8,51629.65,51591.25,51614.2,
2024-10-22T11:52:00+05:30,51612.45,51629.65,51591.65,51596.3,
2024-10-22T11:53:00+05:30,51598.15,51608.9,51581.2,51589.55,
2024-10-22T11:54:00+05:30,51596.5,51596.75,51527.9,51527.9,
2024-10-22T11:55:00+05:30,51530.4,51577.9,51513.65,51577.9,
2024-10-22T11:56:00+05:30,51579.35,51603.95,51576.15,51596.95,
2024-10-22T11:57:00+05:30,51597.75,51608.9,51582.1,51608.7,
2024-10-22T11:58:00+05:30,51607.75,51640.95,51592.3,51626.35,
2024-10-22T11:59:00+05:30,51631.85,51660.8,51622.3,51645.1,
2024-10-22T12:00:00+05:30,51645.7,51709.7,51638.25,51680.2,
2024-10-22T12:01:00+05:30,51680.35,51685.05,51645.7,51655.45,
2024-10-22T12:02:00+05:30,51654.6,51659.4,51636.1,51655,
2024-10-22T12:03:00+05:30,51656.9,51666.25,51634.95,51639.65,
2024-10-22T12:04:00+05:30,51639.75,51642.2,51613.05,51621.15,
2024-10-22T12:05:00+05:30,51623.1,51654.6,51611.45,51650.75,
2024-10-22T12:06:00+05:30,51651,51665.45,51639.65,51643.15,
2024-10-22T12:07:00+05:30,51646.05,51662.65,51641.75,51649.35,
2024-10-22T12:08:00+05:30,51647.65,51656.4,51628.45,51629.7,
2024-10-22T12:09:00+05:30,51630.15,51654.3,51627.8,51650.75,
2024-10-22T12:10:00+05:30,51649.9,51660.5,51623.9,51624.7,
2024-10-22T12:11:00+05:30,51624.1,51639.55,51618.6,51638.85,
2024-10-22T12:12:00+05:30,51641.4,51652.35,51623.35,51642.95,
2024-10-22T12:13:00+05:30,51644.65,51683.95,51644.5,51666.15,
2024-10-22T12:14:00+05:30,51670.2,51683.25,51625,51629.95,
2024-10-22T12:15:00+05:30,51627.3,51640.4,51617.35,51625.3,
2024-10-22T12:16:00+05:30,51627.55,51628.4,51610.45,51614.65,
2024-10-22T12:17:00+05:30,51616.35,51617.45,51579.3,51579.95,
2024-10-22T12:18:00+05:30,51583.4,51599.65,51583.4,51595.8,
2024-10-22T12:19:00+05:30,51597.5,51628.7,51591.35,51596.15,
2024-10-22T12:20:00+05:30,51594.4,51611.55,51588.1,51595.7,
2024-10-22T12:21:00+05:30,51597.95,51600.45,51572.95,51600.45,
2024-10-22T12:22:00+05:30,51600.85,51621.25,51597.55,51614.9,
2024-10-22T12:23:00+05:30,51613.6,51670.65,51613.6,51657.2,
2024-10-22T12:24:00+05:30,51657.05,51770.45,51656.7,51752.55,
2024-10-22T12:25:00+05:30,51751,51753.8,51695.5,51702.15,
2024-10-22T12:26:00+05:30,51705.45,51712.85,51676.65,51680.05,
2024-10-22T12:27:00+05:30,51675.7,51705.3,51666.55,51666.55,
2024-10-22T12:28:00+05:30,51665.5,51668.75,51568.35,51573.75,
2024-10-22T12:29:00+05:30,51571.65,51587.8,51555.65,51583.2,
2024-10-22T12:30:00+05:30,51578.6,51587.3,51527.05,51546.05,
2024-10-22T12:31:00+05:30,51550.3,51561.95,51534.05,51558.45,
2024-10-22T12:32:00+05:30,51555.05,51593.7,51553.7,51587.8,
2024-10-22T12:33:00+05:30,51581.2,51609.5,51576.75,51593.65,
2024-10-22T12:34:00+05:30,51593.1,51611.8,51581.05,51599.05,
2024-10-22T12:35:00+05:30,51591.55,51596.75,51568.4,51577.45,
2024-10-22T12:36:00+05:30,51578.8,51578.8,51554,51559.6,
2024-10-22T12:37:00+05:30,51558.75,51566.45,51547.05,51561,
2024-10-22T12:38:00+05:30,51559.55,51571.85,51539.25,51539.25,
2024-10-22T12:39:00+05:30,51539.05,51572.75,51527.15,51572.75,
2024-10-22T12:40:00+05:30,51569.6,51575.9,51545.9,51574.1,
2024-10-22T12:41:00+05:30,51569.4,51579.9,51558.55,51563.6,
2024-10-22T12:42:00+05:30,51563.4,51575.85,51542.7,51554.95,
2024-10-22T12:43:00+05:30,51550.2,51581.1,51547.2,51547.9,
2024-10-22T12:44:00+05:30,51544.9,51592.6,51543.15,51592.6,
2024-10-22T12:45:00+05:30,51592.15,51595.8,51559.6,51567.05,
2024-10-22T12:46:00+05:30,51564.95,51572.5,51555.35,51558.6,
2024-10-22T12:47:00+05:30,51555.85,51559.05,51512.3,51517.4,
2024-10-22T12:48:00+05:30,51513.25,51523.35,51507.2,51513.55,
2024-10-22T12:49:00+05:30,51513.95,51538.1,51493.35,51493.35,
2024-10-22T12:50:00+05:30,51494.7,51517.7,51457.7,51502.7,
2024-10-22T12:51:00+05:30,51501.75,51513.9,51493,51506.05,
2024-10-22T12:52:00+05:30,51503.85,51519.4,51492.05,51503.6,
2024-10-22T12:53:00+05:30,51506,51529.45,51496.75,51529.4,
2024-10-22T12:54:00+05:30,51530.15,51530.7,51495.75,51501.35,
2024-10-22T12:55:00+05:30,51504.3,51518.05,51487.1,51508.55,
2024-10-22T12:56:00+05:30,51513.6,51556.7,51507.55,51553.7,
2024-10-22T12:57:00+05:30,51551.95,51554.9,51532.9,51541.65,
2024-10-22T12:58:00+05:30,51541.15,51548.5,51519.6,51546.6,
2024-10-22T12:59:00+05:30,51547.35,51557.1,51533.3,51535.55,
2024-10-22T13:00:00+05:30,51534.3,51537.95,51504.35,51506.75,
2024-10-22T13:01:00+05:30,51504.4,51519.5,51494.65,51519.5,
2024-10-22T13:02:00+05:30,51519.4,51519.4,51462.85,51464.35,
2024-10-22T13:03:00+05:30,51467.8,51481.7,51455.9,51461.95,
2024-10-22T13:04:00+05:30,51462.5,51497.3,51462.5,51495,
2024-10-22T13:05:00+05:30,51496,51508.8,51480.85,51482.45,
2024-10-22T13:06:00+05:30,51484.85,51484.85,51444,51465.6,
2024-10-22T13:07:00+05:30,51467.25,51520.9,51465.95,51514.7,
2024-10-22T13:08:00+05:30,51521.05,51522.35,51487.4,51495.4,
2024-10-22T13:09:00+05:30,51495.7,51508.5,51482.25,51482.25,
2024-10-22T13:10:00+05:30,51480.35,51487.55,51450.3,51453.9,
2024-10-22T13:11:00+05:30,51453.1,51501.55,51449.35,51493.1,
2024-10-22T13:12:00+05:30,51491.6,51500.45,51475,51475,
2024-10-22T13:13:00+05:30,51479.3,51491.25,51452.2,51463.75,
2024-10-22T13:14:00+05:30,51469.75,51505.5,51465.65,51504,
2024-10-22T13:15:00+05:30,51505.1,51510.15,51469.65,51469.65,
2024-10-22T13:16:00+05:30,51474.05,51502.05,51452.45,51471.5,
2024-10-22T13:17:00+05:30,51471.9,51494.9,51461.1,51465.95,
2024-10-22T13:18:00+05:30,51467.85,51477.15,51442.5,51448.8,
2024-10-22T13:19:00+05:30,51450.25,51454.75,51422.95,51435.05,
2024-10-22T13:20:00+05:30,51431.3,51444.8,51411.2,51443.9,
2024-10-22T13:21:00+05:30,51445.55,51462.2,51433.55,51455.7,
2024-10-22T13:22:00+05:30,51456.1,51468.55,51447.85,51463.45,
2024-10-22T13:23:00+05:30,51465.3,51466.5,51432.25,51439.85,
2024-10-22T13:24:00+05:30,51441.05,51477,51436.8,51467.2,
2024-10-22T13:25:00+05:30,51472.25,51488.5,51465.95,51471,
2024-10-22T13:26:00+05:30,51471.75,51471.75,51447.15,51461.4,
2024-10-22T13:27:00+05:30,51460.05,51473.75,51450.85,51455.5,
2024-10-22T13:28:00+05:30,51453.5,51484.65,51441.95,51483.95,
2024-10-22T13:29:00+05:30,51478.8,51494,51473.55,51490.2,
2024-10-22T13:30:00+05:30,51494.85,51562.55,51494.85,51533.35,
2024-10-22T13:31:00+05:30,51531.95,51533.4,51481.9,51505.3,
2024-10-22T13:32:00+05:30,51504.2,51552.3,51504.2,51549.95,
2024-10-22T13:33:00+05:30,51546.9,51548.6,51523.8,51536.7,
2024-10-22T13:34:00+05:30,51534.8,51534.8,51506.15,51523,
2024-10-22T13:35:00+05:30,51520.6,51525.4,51499.3,51514.65,
2024-10-22T13:36:00+05:30,51515.05,51515.05,51463.1,51468.25,
2024-10-22T13:37:00+05:30,51469.85,51504.45,51469.2,51485.65,
2024-10-22T13:38:00+05:30,51487.35,51514.65,51481.5,51502.85,
2024-10-22T13:39:00+05:30,51503.8,51528.1,51495.35,51527.1,
2024-10-22T13:40:00+05:30,51526.25,51530.8,51495.85,51519.1,
2024-10-22T13:41:00+05:30,51520.85,51538.75,51495,51535.05,
2024-10-22T13:42:00+05:30,51536.75,51537.35,51506.3,51511.8,
2024-10-22T13:43:00+05:30,51509.85,51513.25,51482,51499.65,
2024-10-22T13:44:00+05:30,51489.45,51501.8,51481.35,51500.05,
2024-10-22T13:45:00+05:30,51499,51502.65,51469.5,51486.8,
2024-10-22T13:46:00+05:30,51482.7,51515.25,51465.55,51512.2,
2024-10-22T13:47:00+05:30,51513.8,51551.6,51505.45,51544.95,
2024-10-22T13:48:00+05:30,51546.6,51590.3,51539.55,51548.7,
2024-10-22T13:49:00+05:30,51550.65,51562.7,51542.65,51561.6,
2024-10-22T13:50:00+05:30,51562.8,51579.9,51556.05,51575.55,
2024-10-22T13:51:00+05:30,51576.15,51579.8,51543.75,51557.35,
2024-10-22T13:52:00+05:30,51558.15,51565.9,51539.95,51557.65,
2024-10-22T13:53:00+05:30,51558.2,51586.8,51552.05,51584.2,
2024-10-22T13:54:00+05:30,51586.5,51601.55,51549.7,51556.3,
2024-10-22T13:55:00+05:30,51558.55,51582.4,51551.45,51578.55,
2024-10-22T13:56:00+05:30,51574.75,51580,51556.8,51575.2,
2024-10-22T13:57:00+05:30,51574.55,51576.9,51547.3,51553.15,
2024-10-22T13:58:00+05:30,51556.3,51556.7,51534,51537.1,
2024-10-22T13:59:00+05:30,51539.6,51558.85,51539.15,51556.95,
2024-10-22T14:00:00+05:30,51558.65,51565.45,51549.4,51564,
2024-10-22T14:01:00+05:30,51563.3,51592.45,51562.7,51566.6,
2024-10-22T14:02:00+05:30,51560.3,51562.85,51534.75,51539.6,
2024-10-22T14:03:00+05:30,51537.75,51556.4,51534.9,51546.65,
2024-10-22T14:04:00+05:30,51549.35,51549.35,51518.3,51518.3,
2024-10-22T14:05:00+05:30,51518.35,51527.25,51502.6,51515.1,
2024-10-22T14:06:00+05:30,51515.7,51540.75,51510.85,51528.9,
2024-10-22T14:07:00+05:30,51527,51564.2,51527,51562.95,
2024-10-22T14:08:00+05:30,51566.7,51574.75,51542.1,51545.9,
2024-10-22T14:09:00+05:30,51545.15,51561,51544.35,51556.65,
2024-10-22T14:10:00+05:30,51552.6,51575.9,51546,51575.9,
2024-10-22T14:11:00+05:30,51573.55,51667.5,51573.55,51658.25,
2024-10-22T14:12:00+05:30,51661.55,51681.2,51630.45,51648.1,
2024-10-22T14:13:00+05:30,51647.7,51676.15,51638.85,51669.2,
2024-10-22T14:14:00+05:30,51666.15,51674.55,51655.45,51672.05,
2024-10-22T14:15:00+05:30,51676.25,51679.15,51624.4,51627,
2024-10-22T14:16:00+05:30,51632.6,51639.05,51585.1,51593.9,
2024-10-22T14:17:00+05:30,51597.05,51602.6,51538.45,51553.65,
2024-10-22T14:18:00+05:30,51553.9,51555.55,51529.55,51547.2,
2024-10-22T14:19:00+05:30,51547.1,51560.35,51517.75,51530.5,
2024-10-22T14:20:00+05:30,51534.75,51540.1,51517.3,51525.45,
2024-10-22T14:21:00+05:30,51532.4,51563.15,51523.5,51540.65,
2024-10-22T14:22:00+05:30,51536.1,51591.9,51535.55,51583.9,
2024-10-22T14:23:00+05:30,51581.9,51607.05,51558.5,51580.1,
2024-10-22T14:24:00+05:30,51584.55,51585.45,51539.85,51553.2,
2024-10-22T14:25:00+05:30,51553.9,51558.45,51541.45,51547.1,
2024-10-22T14:26:00+05:30,51546.8,51581.2,51535.3,51570.3,
2024-10-22T14:27:00+05:30,51570.15,51572.7,51513.6,51518,
2024-10-22T14:28:00+05:30,51520.9,51525.2,51485.45,51507.95,
2024-10-22T14:29:00+05:30,51510.8,51585.25,51501.05,51569.7,
2024-10-22T14:30:00+05:30,51568.8,51584.2,51545,51546.55,
2024-10-22T14:31:00+05:30,51547.55,51572.35,51531.85,51570.1,
2024-10-22T14:32:00+05:30,51565.8,51585.15,51539.95,51571.85,
2024-10-22T14:33:00+05:30,51566.95,51583.05,51528.9,51536.6,
2024-10-22T14:34:00+05:30,51537.7,51553.15,51517.95,51526.6,
2024-10-22T14:35:00+05:30,51526.45,51528.35,51503.25,51509.7,
2024-10-22T14:36:00+05:30,51510.3,51521.9,51501.65,51512.65,
2024-10-22T14:37:00+05:30,51511.55,51522.5,51501.5,51508.15,
2024-10-22T14:38:00+05:30,51510.75,51562.4,51478.2,51562.4,
2024-10-22T14:39:00+05:30,51562.95,51569.25,51513.6,51527.65,
2024-10-22T14:40:00+05:30,51528,51586.2,51523.05,51580.45,
2024-10-22T14:41:00+05:30,51582.1,51595.9,51558.6,51558.6,
2024-10-22T14:42:00+05:30,51557.85,51584.35,51545.45,51576.1,
2024-10-22T14:43:00+05:30,51578.8,51583.25,51563.6,51575.25,
2024-10-22T14:44:00+05:30,51577.7,51591.2,51548.35,51559.35,
2024-10-22T14:45:00+05:30,51557.15,51564.4,51532.6,51534.2,
2024-10-22T14:46:00+05:30,51535.75,51543.8,51524.1,51533.6,
2024-10-22T14:47:00+05:30,51534.8,51550.25,51522.15,51547.65,
2024-10-22T14:48:00+05:30,51548.2,51563.8,51534.6,51560.85,
2024-10-22T14:49:00+05:30,51562.55,51581.4,51548.15,51558.55,
2024-10-22T14:50:00+05:30,51558.65,51574.2,51540.8,51574.2,
2024-10-22T14:51:00+05:30,51570.55,51575.75,51534.6,51534.75,
2024-10-22T14:52:00+05:30,51536.1,51544.2,51521.35,51535.8,
2024-10-22T14:53:00+05:30,51537.2,51537.2,51494.9,51507.6,
2024-10-22T14:54:00+05:30,51509.1,51515.8,51477.3,51477.3,
2024-10-22T14:55:00+05:30,51480.7,51494.15,51429.6,51429.6,
2024-10-22T14:56:00+05:30,51435.35,51477.8,51433.5,51466.25,
2024-10-22T14:57:00+05:30,51468.15,51491.5,51425.75,51426.7,
2024-10-22T14:58:00+05:30,51426.4,51460.35,51400.5,51429.5,
2024-10-22T14:59:00+05:30,51435.3,51448.75,51411.45,51414.1,
2024-10-22T15:00:00+05:30,51415.8,51415.8,51357.15,51363.7,
2024-10-22T15:01:00+05:30,51369.4,51369.4,51278.05,51324.25,
2024-10-22T15:02:00+05:30,51319.9,51320.9,51228.1,51284.85,
2024-10-22T15:03:00+05:30,51282.55,51300.3,51227.7,51242.55,
2024-10-22T15:04:00+05:30,51250.15,51294.55,51244.7,51259.15,
2024-10-22T15:05:00+05:30,51260.8,51302.2,51256.4,51270.2,
2024-10-22T15:06:00+05:30,51278.25,51284.45,51247.3,51261.15,
2024-10-22T15:07:00+05:30,51259.85,51291.15,51255.45,51266.3,
2024-10-22T15:08:00+05:30,51266.15,51280.65,51225.4,51225.4,
2024-10-22T15:09:00+05:30,51229.25,51255.15,51197,51245.5,
2024-10-22T15:10:00+05:30,51247.95,51252.8,51219.55,51236.25,
2024-10-22T15:11:00+05:30,51235.6,51242.4,51221.95,51225.1,
2024-10-22T15:12:00+05:30,51222.15,51228.6,51184.9,51189.35,
2024-10-22T15:13:00+05:30,51191.25,51208.3,51179.6,51207.35,
2024-10-22T15:14:00+05:30,51208.3,51242.35,51207.35,51239.75,
2024-10-22T15:15:00+05:30,51237.9,51273.6,51230.1,51260.3,
2024-10-22T15:16:00+05:30,51259.85,51261.35,51189.85,51223.2,
2024-10-22T15:17:00+05:30,51225.45,51260.6,51213.75,51252.9,
2024-10-22T15:18:00+05:30,51254.15,51254.3,51206.95,51227.75,
2024-10-22T15:19:00+05:30,51232.65,51253.95,51232.55,51247.15,
2024-10-22T15:20:00+05:30,51248.4,51264.9,51246,51263.45,
2024-10-22T15:21:00+05:30,51266.2,51286.75,51264.7,51278.35,
2024-10-22T15:22:00+05:30,51278.55,51279.05,51258.1,51273.35,
2024-10-22T15:23:00+05:30,51275.45,51298.3,51271.7,51290.5,
2024-10-22T15:24:00+05:30,51290.1,51295.65,51276.6,51293.4,
2024-10-22T15:25:00+05:30,51292.1,51294.65,51276.75,51289.25,
2024-10-22T15:26:00+05:30,51291.25,51292.6,51278.8,51288.85,
2024-10-22T15:27:00+05:30,51287.2,51309.3,51278.6,51283.15,
2024-10-22T15:28:00+05:30,51283.75,51294.55,51257.3,51257.3,
2024-10-22T15:29:00+05:30,51273.6,51312.15,51253.6,51271.6,
2024-10-23T09:15:00+05:30,51117.8,51327.7,51117.8,51234.6,
2024-10-23T09:16:00+05:30,51231.3,51231.3,51141.65,51205.25,
2024-10-23T09:17:00+05:30,51204.1,51313.8,51168.25,51279.55,
2024-10-23T09:18:00+05:30,51263,51378.55,51258.35,51356.2,
2024-10-23T09:19:00+05:30,51365.55,51439.8,51357.5,51410.3,
2024-10-23T09:20:00+05:30,51412.1,51518.6,51387.25,51423.05,
2024-10-23T09:21:00+05:30,51417.35,51464.35,51383.3,51386.95,
2024-10-23T09:22:00+05:30,51392.45,51426.65,51324.3,51366.5,
2024-10-23T09:23:00+05:30,51377.1,51408.45,51337.4,51337.4,
2024-10-23T09:24:00+05:30,51336.75,51336.75,51283.1,51287.05,
2024-10-23T09:25:00+05:30,51291.9,51374.15,51286.1,51360.1,
2024-10-23T09:26:00+05:30,51360.9,51414.4,51346.9,51354.65,
2024-10-23T09:27:00+05:30,51354.4,51419.4,51348.05,51412.75,
2024-10-23T09:28:00+05:30,51405.7,51455.7,51390.35,51432.6,
2024-10-23T09:29:00+05:30,51430.9,51436.8,51391.75,51428.7,
2024-10-23T09:30:00+05:30,51425.85,51434.5,51385.55,51392.35,
2024-10-23T09:31:00+05:30,51396.4,51416,51377.9,51390.6,
2024-10-23T09:32:00+05:30,51385.1,51395.2,51360.5,51373.45,
2024-10-23T09:33:00+05:30,51380.35,51400.95,51324.4,51324.4,
2024-10-23T09:34:00+05:30,51326.75,51379.25,51314.7,51375.55,
2024-10-23T09:35:00+05:30,51376.15,51400.95,51340.6,51396.1,
2024-10-23T09:36:00+05:30,51387.5,51390.2,51313,51321.1,
2024-10-23T09:37:00+05:30,51315.75,51315.75,51243.85,51260.2,
2024-10-23T09:38:00+05:30,51260.4,51279.4,51213.45,51217.85,
2024-10-23T09:39:00+05:30,51218.3,51218.3,51131.45,51139.55,
2024-10-23T09:40:00+05:30,51135.15,51195.15,51122.8,51173.25,
2024-10-23T09:41:00+05:30,51173.05,51184.1,51128.45,51133.25,
2024-10-23T09:42:00+05:30,51133.8,51162.4,51107.9,51128.2,
2024-10-23T09:43:00+05:30,51128.85,51158.55,51119.4,51130.2,
2024-10-23T09:44:00+05:30,51131.35,51167.5,51131.35,51135.7,
2024-10-23T09:45:00+05:30,51137.1,51193.9,51137.1,51171.75,
2024-10-23T09:46:00+05:30,51173.05,51226,51161.75,51226,
2024-10-23T09:47:00+05:30,51250.2,51328.65,51250.2,51287.3,
2024-10-23T09:48:00+05:30,51290.2,51338.35,51270.5,51338.35,
2024-10-23T09:49:00+05:30,51334.55,51393.9,51316.75,51387.5,
2024-10-23T09:50:00+05:30,51389.85,51431.8,51361.9,51386.3,
2024-10-23T09:51:00+05:30,51385.7,51462.95,51376.75,51411.8,
2024-10-23T09:52:00+05:30,51408.15,51477.55,51402.25,51470.2,
2024-10-23T09:53:00+05:30,51472.3,51492.75,51434.55,51434.55,
2024-10-23T09:54:00+05:30,51432.7,51473.15,51404.3,51454.95,
2024-10-23T09:55:00+05:30,51451.7,51490.6,51435.65,51490.6,
2024-10-23T09:56:00+05:30,51483.5,51506.45,51446,51506.45,
2024-10-23T09:57:00+05:30,51509.25,51527.95,51464.05,51521.55,
2024-10-23T09:58:00+05:30,51517.7,51551.55,51476.35,51486.15,
2024-10-23T09:59:00+05:30,51483.8,51492.95,51439.6,51451.75,
2024-10-23T10:00:00+05:30,51451.05,51458.3,51389.25,51411.9,
2024-10-23T10:01:00+05:30,51409.75,51478.65,51399.25,51464.8,
2024-10-23T10:02:00+05:30,51463.35,51484.55,51451.45,51468.7,
2024-10-23T10:03:00+05:30,51466.1,51473.1,51430.8,51452.85,
2024-10-23T10:04:00+05:30,51452.75,51453.85,51396.25,51411.55,
2024-10-23T10:05:00+05:30,51409.25,51419.7,51373.95,51417.2,
2024-10-23T10:06:00+05:30,51414.3,51420.05,51379.7,51389.05,
2024-10-23T10:07:00+05:30,51388.65,51400.75,51364.5,51374.75,
2024-10-23T10:08:00+05:30,51375.35,51378.9,51341.6,51370.35,
2024-10-23T10:09:00+05:30,51371.35,51422.55,51362.75,51399.1,
2024-10-23T10:10:00+05:30,51393.1,51401.2,51365.7,51368,
2024-10-23T10:11:00+05:30,51367.35,51386,51353.5,51360.9,
2024-10-23T10:12:00+05:30,51359.8,51381.05,51349.7,51363.5,
2024-10-23T10:13:00+05:30,51361.75,51378.6,51304.3,51311.35,
2024-10-23T10:14:00+05:30,51314.6,51317.35,51272.7,51295.9,
2024-10-23T10:15:00+05:30,51298,51301.15,51268.15,51296.35,
2024-10-23T10:16:00+05:30,51298.35,51360.15,51294.65,51353.5,
2024-10-23T10:17:00+05:30,51353.8,51370.35,51345.25,51354.75,
2024-10-23T10:18:00+05:30,51351.45,51361.75,51332.95,51336.15,
2024-10-23T10:19:00+05:30,51336.35,51349.7,51324.5,51330.7,
2024-10-23T10:20:00+05:30,51331,51332,51300.45,51313.55,
2024-10-23T10:21:00+05:30,51311.35,51316.3,51286.8,51291.35,
2024-10-23T10:22:00+05:30,51289.45,51296.2,51228.25,51248.15,
2024-10-23T10:23:00+05:30,51246.75,51259.85,51215.15,51253.95,
2024-10-23T10:24:00+05:30,51256.45,51256.45,51224.7,51226.65,
2024-10-23T10:25:00+05:30,51226.15,51237.3,51194.6,51197.65,
2024-10-23T10:26:00+05:30,51198.5,51215.9,51167.1,51215.9,
2024-10-23T10:27:00+05:30,51216.15,51268.25,51215.85,51238.5,
2024-10-23T10:28:00+05:30,51238.7,51244.65,51212.2,51216.65,
2024-10-23T10:29:00+05:30,51215.8,51253.3,51215.65,51251.55,
2024-10-23T10:30:00+05:30,51247.5,51264.95,51240.75,51264.95,
2024-10-23T10:31:00+05:30,51261.7,51297.15,51261.7,51270.5,
2024-10-23T10:32:00+05:30,51270.85,51274.75,51221.05,51260,
2024-10-23T10:33:00+05:30,51260.9,51264.45,51231.25,51232.15,
2024-10-23T10:34:00+05:30,51230.3,51250.3,51221.05,51229.5,
2024-10-23T10:35:00+05:30,51228.7,51257.65,51228.55,51231.9,
2024-10-23T10:36:00+05:30,51232.4,51244,51213.7,51244,
2024-10-23T10:37:00+05:30,51242.35,51245.45,51217.1,51239.5,
2024-10-23T10:38:00+05:30,51240.85,51279.45,51240.85,51275.75,
2024-10-23T10:39:00+05:30,51276.95,51322.9,51276.4,51309.85,
2024-10-23T10:40:00+05:30,51310.55,51317.65,51259.5,51261.05,
2024-10-23T10:41:00+05:30,51262.45,51270.5,51245.5,51250.45,
2024-10-23T10:42:00+05:30,51252.45,51260.85,51213.65,51223.2,
2024-10-23T10:43:00+05:30,51226.35,51229.1,51195.45,51203.25,
2024-10-23T10:44:00+05:30,51202.1,51206.95,51172.6,51190.8,
2024-10-23T10:45:00+05:30,51187.85,51209.95,51178,51207.4,
2024-10-23T10:46:00+05:30,51209.65,51213.25,51188.65,51199.15,
2024-10-23T10:47:00+05:30,51200.95,51223.9,51197.15,51223.9,
2024-10-23T10:48:00+05:30,51224.35,51244.05,51207.55,51241.85,
2024-10-23T10:49:00+05:30,51242.95,51251.3,51228.85,51240.5,
2024-10-23T10:50:00+05:30,51245,51266.45,51225.45,51225.45,
2024-10-23T10:51:00+05:30,51226.85,51251.1,51220.1,51250.55,
2024-10-23T10:52:00+05:30,51244.5,51269,51235.75,51264.35,
2024-10-23T10:53:00+05:30,51262.2,51262.7,51230.95,51231.4,
2024-10-23T10:54:00+05:30,51232.6,51242.8,51222.8,51235.7,
2024-10-23T10:55:00+05:30,51236.4,51278.9,51236.4,51275.5,
2024-10-23T10:56:00+05:30,51274.75,51285.1,51246.1,51253.7,
2024-10-23T10:57:00+05:30,51255.7,51260.65,51238.3,51250.35,
2024-10-23T10:58:00+05:30,51250.85,51260.6,51238.05,51260.6,
2024-10-23T10:59:00+05:30,51261.35,51287.5,51260.5,51281.75,
2024-10-23T11:00:00+05:30,51282,51289,51264.2,51273,
2024-10-23T11:01:00+05:30,51274.95,51326.3,51268.95,51322.45,
2024-10-23T11:02:00+05:30,51326.35,51356.65,51318.15,51351.6,
2024-10-23T11:03:00+05:30,51353.6,51371.65,51331.85,51355,
2024-10-23T11:04:00+05:30,51353.35,51369.05,51344.4,51349.05,
2024-10-23T11:05:00+05:30,51348.5,51369.15,51345.4,51348.5,
2024-10-23T11:06:00+05:30,51348.5,51351.15,51307.85,51312.35,
2024-10-23T11:07:00+05:30,51312.75,51321.9,51308,51315.75,
2024-10-23T11:08:00+05:30,51313.25,51323.3,51297.75,51302.15,
2024-10-23T11:09:00+05:30,51303.55,51308.25,51291.1,51296.7,
2024-10-23T11:10:00+05:30,51296.45,51296.45,51256.65,51257.6,
2024-10-23T11:11:00+05:30,51257.95,51257.95,51217.65,51217.65,
2024-10-23T11:12:00+05:30,51218.45,51237.05,51211.85,51230.7,
2024-10-23T11:13:00+05:30,51231.25,51252.15,51225.4,51250.95,
2024-10-23T11:14:00+05:30,51249.6,51256.15,51229.5,51249.8,
2024-10-23T11:15:00+05:30,51245.85,51245.85,51224.8,51227.2,
2024-10-23T11:16:00+05:30,51225.5,51239.55,51215.05,51215.75,
2024-10-23T11:17:00+05:30,51215.75,51234.75,51211.95,51230.65,
2024-10-23T11:18:00+05:30,51234.8,51263.35,51227.7,51258.25,
2024-10-23T11:19:00+05:30,51257.8,51287.1,51257.35,51276.05,
2024-10-23T11:20:00+05:30,51279.6,51286.1,51246.2,51258.7,
2024-10-23T11:21:00+05:30,51260.7,51264.3,51244.2,51251.1,
2024-10-23T11:22:00+05:30,51251.15,51253.95,51236.75,51244.9,
2024-10-23T11:23:00+05:30,51243.85,51251.2,51232.25,51239.45,
2024-10-23T11:24:00+05:30,51238.5,51248.9,51230.4,51242.45,
2024-10-23T11:25:00+05:30,51242.25,51248.05,51211.4,51221.35,
2024-10-23T11:26:00+05:30,51221.65,51246.05,51219.45,51246.05,
2024-10-23T11:27:00+05:30,51245.95,51277.9,51245.15,51270.5,
2024-10-23T11:28:00+05:30,51277.2,51282.3,51259.05,51271.5,
2024-10-23T11:29:00+05:30,51272,51284.8,51265.7,51274.6,
2024-10-23T11:30:00+05:30,51275.4,51289.35,51267.8,51289.35,
2024-10-23T11:31:00+05:30,51289.8,51295.05,51261.25,51265.85,
2024-10-23T11:32:00+05:30,51263.3,51267.15,51243.15,51243.15,
2024-10-23T11:33:00+05:30,51244.45,51298.25,51244.45,51293.5,
2024-10-23T11:34:00+05:30,51294.05,51295.95,51269.1,51269.1,
2024-10-23T11:35:00+05:30,51268.9,51280.65,51264.85,51270.15,
2024-10-23T11:36:00+05:30,51270.55,51270.55,51253.7,51259.6,
2024-10-23T11:37:00+05:30,51259.3,51272.15,51236.35,51236.95,
2024-10-23T11:38:00+05:30,51237.35,51258.55,51227.85,51251.3,
2024-10-23T11:39:00+05:30,51250.35,51258.55,51231,51237.35,
2024-10-23T11:40:00+05:30,51237.4,51253.3,51215.35,51215.75,
2024-10-23T11:41:00+05:30,51214.9,51251.5,51206.45,51237.2,
2024-10-23T11:42:00+05:30,51236.9,51256.25,51236.3,51253.1,
2024-10-23T11:43:00+05:30,51252.25,51266.4,51236,51242.2,
2024-10-23T11:44:00+05:30,51240.6,51247.65,51230.6,51236.2,
2024-10-23T11:45:00+05:30,51236,51244.7,51226.1,51237.45,
2024-10-23T11:46:00+05:30,51241.65,51279.2,51240.4,51272.95,
2024-10-23T11:47:00+05:30,51273.6,51281.5,51259.7,51263.9,
2024-10-23T11:48:00+05:30,51263.9,51277,51246.45,51253.25,
2024-10-23T11:49:00+05:30,51252.55,51256.05,51234.5,51234.5,
2024-10-23T11:50:00+05:30,51236.45,51253.7,51231.7,51243.15,
2024-10-23T11:51:00+05:30,51240.3,51248.65,51232.4,51248.65,
2024-10-23T11:52:00+05:30,51250.2,51250.2,51225.8,51227.35,
2024-10-23T11:53:00+05:30,51229.8,51234.25,51218.75,51229.05,
2024-10-23T11:54:00+05:30,51231.9,51248,51225.5,51245.45,
2024-10-23T11:55:00+05:30,51245.5,51252,51232.2,51235.55,
2024-10-23T11:56:00+05:30,51235.45,51240.75,51226.55,51229,
2024-10-23T11:57:00+05:30,51228.8,51243.15,51215.95,51219.85,
2024-10-23T11:58:00+05:30,51221.45,51258.05,51219.7,51258.05,
2024-10-23T11:59:00+05:30,51252.1,51259.3,51235,51255.35,
2024-10-23T12:00:00+05:30,51255.55,51264.55,51231.9,51235.95,
2024-10-23T12:01:00+05:30,51234.2,51249.95,51224.8,51249.95,
2024-10-23T12:02:00+05:30,51243.95,51265.2,51243.95,51263.65,
2024-10-23T12:03:00+05:30,51264.15,51271.2,51241.65,51242.4,
2024-10-23T12:04:00+05:30,51243,51248.7,51230.35,51244.6,
2024-10-23T12:05:00+05:30,51238.55,51246.35,51219.4,51225.9,
2024-10-23T12:06:00+05:30,51225.7,51232,51213.4,51221.95,
2024-10-23T12:07:00+05:30,51221.15,51242.45,51210.65,51219.4,
2024-10-23T12:08:00+05:30,51219.9,51238.85,51214.3,51236.55,
2024-10-23T12:09:00+05:30,51235.65,51236.25,51214.3,51220.6,
2024-10-23T12:10:00+05:30,51218.9,51224.2,51203.65,51213.9,
2024-10-23T12:11:00+05:30,51215.15,51218.45,51186.45,51186.45,
2024-10-23T12:12:00+05:30,51186.95,51202.45,51182.85,51184.25,
2024-10-23T12:13:00+05:30,51187.75,51189.55,51167.4,51180.8,
2024-10-23T12:14:00+05:30,51182.75,51205.8,51176.85,51197.05,
2024-10-23T12:15:00+05:30,51198.25,51203.4,51174.45,51182.05,
2024-10-23T12:16:00+05:30,51181.05,51187.25,51168.4,51175.5,
2024-10-23T12:17:00+05:30,51178.5,51192.25,51165.95,51188.1,
2024-10-23T12:18:00+05:30,51189.5,51212.6,51187.65,51195.95,
2024-10-23T12:19:00+05:30,51197.95,51213.05,51192.45,51201.15,
2024-10-23T12:20:00+05:30,51204.6,51219.35,51194.75,51202.15,
2024-10-23T12:21:00+05:30,51201.95,51214.7,51197.6,51200.85,
2024-10-23T12:22:00+05:30,51201.55,51215.1,51191.85,51197.4,
2024-10-23T12:23:00+05:30,51198.85,51222.8,51188.75,51209,
2024-10-23T12:24:00+05:30,51210,51223.9,51210,51223,
2024-10-23T12:25:00+05:30,51223.15,51224.6,51210.15,51216.8,
2024-10-23T12:26:00+05:30,51215.15,51223.7,51203.55,51205.5,
2024-10-23T12:27:00+05:30,51206.1,51209.55,51190.5,51192.5,
2024-10-23T12:28:00+05:30,51197.7,51209.35,51188.2,51197.15,
2024-10-23T12:29:00+05:30,51203,51218.65,51193.5,51213.65,
2024-10-23T12:30:00+05:30,51214.55,51228.95,51202,51222.25,
2024-10-23T12:31:00+05:30,51224.15,51246.5,51219,51244.45,
2024-10-23T12:32:00+05:30,51246.3,51249.15,51227,51228.35,
2024-10-23T12:33:00+05:30,51235.6,51250.35,51222.6,51242.35,
2024-10-23T12:34:00+05:30,51248.95,51248.95,51230.9,51236.3,
2024-10-23T12:35:00+05:30,51237.5,51238.4,51209.05,51210.9,
2024-10-23T12:36:00+05:30,51213.95,51233.35,51202.75,51224.2,
2024-10-23T12:37:00+05:30,51224.45,51234.2,51206.15,51223.05,
2024-10-23T12:38:00+05:30,51226.35,51242.2,51219.35,51236.7,
2024-10-23T12:39:00+05:30,51234.85,51247.55,51223.85,51241.2,
2024-10-23T12:40:00+05:30,51240.55,51243.15,51217.9,51225.75,
2024-10-23T12:41:00+05:30,51228.9,51239.55,51212.6,51239.55,
2024-10-23T12:42:00+05:30,51241.75,51245,51231.25,51233.8,
2024-10-23T12:43:00+05:30,51234,51240.6,51226.85,51228.55,
2024-10-23T12:44:00+05:30,51230.75,51233.45,51212.9,51222.5,
2024-10-23T12:45:00+05:30,51224.4,51231.2,51214.6,51227.55,
2024-10-23T12:46:00+05:30,51231.35,51252,51224.75,51233.5,
2024-10-23T12:47:00+05:30,51234.5,51239.4,51223.65,51233.05,
2024-10-23T12:48:00+05:30,51234.9,51261.1,51225.55,51238.9,
2024-10-23T12:49:00+05:30,51241.9,51248.5,51224.75,51238.05,
2024-10-23T12:50:00+05:30,51237.5,51249.6,51230.95,51246.95,
2024-10-23T12:51:00+05:30,51247.2,51255.4,51233,51233,
2024-10-23T12:52:00+05:30,51235.05,51242.85,51227.5,51231.9,
2024-10-23T12:53:00+05:30,51233.85,51240.65,51225.25,51225.25,
2024-10-23T12:54:00+05:30,51230.05,51233.15,51217,51220,
2024-10-23T12:55:00+05:30,51225.25,51233.45,51212.75,51213.4,
2024-10-23T12:56:00+05:30,51221,51226.1,51209.3,51209.3,
2024-10-23T12:57:00+05:30,51216.2,51224.8,51208.5,51220,
2024-10-23T12:58:00+05:30,51226.45,51228.25,51213.2,51224.65,
2024-10-23T12:59:00+05:30,51226.25,51229.05,51207,51207.9,
2024-10-23T13:00:00+05:30,51214.5,51232.2,51208.2,51227.9,
2024-10-23T13:01:00+05:30,51230.25,51233.45,51212.5,51214.95,
2024-10-23T13:02:00+05:30,51219.1,51219.1,51194.8,51204,
2024-10-23T13:03:00+05:30,51204.85,51221.5,51188.05,51212.8,
2024-10-23T13:04:00+05:30,51214.45,51218.05,51203.55,51203.55,
2024-10-23T13:05:00+05:30,51215.2,51225.75,51207.55,51220.7,
2024-10-23T13:06:00+05:30,51225.6,51230.6,51217.5,51230.2,
2024-10-23T13:07:00+05:30,51231.5,51238.55,51224.55,51238.55,
2024-10-23T13:08:00+05:30,51238,51238.6,51225,51236.25,
2024-10-23T13:09:00+05:30,51237.5,51244.9,51228.55,51238,
2024-10-23T13:10:00+05:30,51240,51244.1,51223.1,51224.6,
2024-10-23T13:11:00+05:30,51225.75,51227.35,51209.05,51211.6,
2024-10-23T13:12:00+05:30,51215.3,51238.9,51203.35,51227.15,
2024-10-23T13:13:00+05:30,51230.45,51230.45,51205.25,51206.95,
2024-10-23T13:14:00+05:30,51207.05,51229,51204.65,51218.25,
2024-10-23T13:15:00+05:30,51218.85,51220.2,51205.75,51207,
2024-10-23T13:16:00+05:30,51209.6,51212,51191.45,51201.2,
2024-10-23T13:17:00+05:30,51201.9,51217.7,51194.5,51213.35,
2024-10-23T13:18:00+05:30,51213.4,51226.2,51204.2,51223.2,
2024-10-23T13:19:00+05:30,51223,51234.45,51217.45,51228.25,
2024-10-23T13:20:00+05:30,51226.15,51232.1,51217.7,51220.8,
2024-10-23T13:21:00+05:30,51219.6,51223.65,51211.55,51219.4,
2024-10-23T13:22:00+05:30,51218.15,51219.6,51210.35,51213.8,
2024-10-23T13:23:00+05:30,51216.3,51242.9,51205.5,51237.55,
2024-10-23T13:24:00+05:30,51237.4,51240.2,51222.35,51232.4,
2024-10-23T13:25:00+05:30,51231.4,51236,51206.75,51213.55,
2024-10-23T13:26:00+05:30,51215.6,51222.95,51210.25,51214.3,
2024-10-23T13:27:00+05:30,51213.45,51229.5,51207.9,51219.05,
2024-10-23T13:28:00+05:30,51222.6,51227.5,51209.5,51222.9,
2024-10-23T13:29:00+05:30,51225.85,51236.7,51220.8,51228.9,
2024-10-23T13:30:00+05:30,51225.8,51233.4,51221.95,51229.5,
2024-10-23T13:31:00+05:30,51228.55,51237.65,51211.75,51211.8,
2024-10-23T13:32:00+05:30,51213.45,51222.3,51205.6,51214.65,
2024-10-23T13:33:00+05:30,51213.45,51220.15,51207.5,51218.45,
2024-10-23T13:34:00+05:30,51217,51236.95,51215.45,51236.95,
2024-10-23T13:35:00+05:30,51235.4,51291.05,51230.65,51286.3,
2024-10-23T13:36:00+05:30,51282.6,51285.15,51259.55,51262.35,
2024-10-23T13:37:00+05:30,51261.85,51261.85,51236,51243.95,
2024-10-23T13:38:00+05:30,51244.2,51246.4,51222.7,51234.55,
2024-10-23T13:39:00+05:30,51233.45,51248.75,51229,51232.7,
2024-10-23T13:40:00+05:30,51230.8,51238.95,51217.3,51224.1,
2024-10-23T13:41:00+05:30,51225.45,51241.65,51216.95,51241.65,
2024-10-23T13:42:00+05:30,51241.55,51245.8,51233.7,51241.75,
2024-10-23T13:43:00+05:30,51242.6,51249.15,51238.9,51240.6,
2024-10-23T13:44:00+05:30,51238.3,51256.55,51236.2,51252.6,
2024-10-23T13:45:00+05:30,51251.75,51255.75,51240.45,51248.75,
2024-10-23T13:46:00+05:30,51248.95,51251.8,51233.7,51235.65,
2024-10-23T13:47:00+05:30,51235.7,51236.85,51223.55,51234.05,
2024-10-23T13:48:00+05:30,51235.3,51239.35,51229.75,51229.75,
2024-10-23T13:49:00+05:30,51234.25,51240.5,51227.3,51235.2,
2024-10-23T13:50:00+05:30,51235.9,51241.95,51224.3,51235.75,
2024-10-23T13:51:00+05:30,51239.5,51242.7,51231.5,51233.7,
2024-10-23T13:52:00+05:30,51238.25,51241.5,51218.95,51225.5,
2024-10-23T13:53:00+05:30,51228.4,51241.05,51216.65,51229.75,
2024-10-23T13:54:00+05:30,51227.15,51251,51215.6,51246.95,
2024-10-23T13:55:00+05:30,51246.55,51246.55,51219.3,51238.7,
2024-10-23T13:56:00+05:30,51241.65,51257.85,51234.85,51249.4,
2024-10-23T13:57:00+05:30,51248.85,51248.85,51227.15,51231.55,
2024-10-23T13:58:00+05:30,51233,51242,51221.65,51230.1,
2024-10-23T13:59:00+05:30,51232.45,51240.7,51228.05,51233.5,
2024-10-23T14:00:00+05:30,51234.2,51251.65,51229.35,51232.35,
2024-10-23T14:01:00+05:30,51233.9,51241.4,51228.5,51236,
2024-10-23T14:02:00+05:30,51238.2,51240.75,51221.2,51224.85,
2024-10-23T14:03:00+05:30,51227.7,51231.35,51214.25,51222.8,
2024-10-23T14:04:00+05:30,51224.05,51226.1,51211.55,51222.95,
2024-10-23T14:05:00+05:30,51225.4,51243,51210.55,51240.95,
2024-10-23T14:06:00+05:30,51243.05,51250.7,51234.2,51250.7,
2024-10-23T14:07:00+05:30,51251.65,51253.2,51236.3,51238,
2024-10-23T14:08:00+05:30,51240.3,51244.9,51226.2,51235.25,
2024-10-23T14:09:00+05:30,51233.5,51234.25,51207.55,51210.55,
2024-10-23T14:10:00+05:30,51212.35,51214.65,51195,51200.3,
2024-10-23T14:11:00+05:30,51202.85,51219.5,51197.25,51212,
2024-10-23T14:12:00+05:30,51210.05,51219.9,51200.55,51218.95,
2024-10-23T14:13:00+05:30,51219.4,51222,51200,51205.3,
2024-10-23T14:14:00+05:30,51204.8,51214.85,51197.35,51214.85,
2024-10-23T14:15:00+05:30,51216.75,51216.8,51195.05,51213.5,
2024-10-23T14:16:00+05:30,51209.3,51218.85,51199.95,51202.9,
2024-10-23T14:17:00+05:30,51204.05,51213.9,51172.3,51175.55,
2024-10-23T14:18:00+05:30,51178.75,51202.25,51164.3,51189.85,
2024-10-23T14:19:00+05:30,51195.7,51224.15,51181.45,51221.75,
2024-10-23T14:20:00+05:30,51218.8,51225.5,51199.9,51199.9,
2024-10-23T14:21:00+05:30,51198.8,51204.7,51192.65,51192.65,
2024-10-23T14:22:00+05:30,51194.3,51208.1,51191.65,51202.65,
2024-10-23T14:23:00+05:30,51200.3,51201.35,51179.2,51189.05,
2024-10-23T14:24:00+05:30,51189.05,51210.35,51184.4,51206.15,
2024-10-23T14:25:00+05:30,51207.15,51248.55,51201.2,51243.9,
2024-10-23T14:26:00+05:30,51241.8,51246.2,51225.05,51232.75,
2024-10-23T14:27:00+05:30,51232.65,51250.45,51230.25,51241.65,
2024-10-23T14:28:00+05:30,51244.1,51269.35,51234.6,51239.25,
2024-10-23T14:29:00+05:30,51237.5,51244.4,51227.6,51230.75,
2024-10-23T14:30:00+05:30,51231.05,51237.6,51216.65,51223.65,
2024-10-23T14:31:00+05:30,51223.1,51240.5,51219.2,51229.3,
2024-10-23T14:32:00+05:30,51230.1,51253.1,51224.75,51242.7,
2024-10-23T14:33:00+05:30,51242.2,51253.5,51238.7,51245.2,
2024-10-23T14:34:00+05:30,51243.2,51256.25,51234.2,51236.4,
2024-10-23T14:35:00+05:30,51234.95,51261.55,51234.95,51246.2,
2024-10-23T14:36:00+05:30,51242.2,51245.3,51224,51227.1,
2024-10-23T14:37:00+05:30,51226.45,51227.9,51209.1,51216.5,
2024-10-23T14:38:00+05:30,51215.95,51252.2,51212.4,51252.2,
2024-10-23T14:39:00+05:30,51246.7,51257.45,51236.7,51249.2,
2024-10-23T14:40:00+05:30,51249.5,51263,51243.7,51258.65,
2024-10-23T14:41:00+05:30,51261.55,51262.85,51230.45,51240.45,
2024-10-23T14:42:00+05:30,51239.65,51271.05,51223.9,51264.3,
2024-10-23T14:43:00+05:30,51264.9,51280.45,51250.45,51252.25,
2024-10-23T14:44:00+05:30,51251.6,51256.85,51236.35,51239.3,
2024-10-23T14:45:00+05:30,51237.5,51244.15,51233.35,51235.3,
2024-10-23T14:46:00+05:30,51250.05,51276.55,51250.05,51265.45,
2024-10-23T14:47:00+05:30,51265.4,51268.7,51237.4,51238.75,
2024-10-23T14:48:00+05:30,51237,51265.85,51237,51265.85,
2024-10-23T14:49:00+05:30,51267.25,51286.6,51261.5,51286.6,
2024-10-23T14:50:00+05:30,51290.4,51300.35,51278.3,51286.4,
2024-10-23T14:51:00+05:30,51286.25,51286.25,51264.05,51267.25,
2024-10-23T14:52:00+05:30,51269.8,51270.85,51239.35,51250.1,
2024-10-23T14:53:00+05:30,51250.5,51279.45,51248.15,51265.9,
2024-10-23T14:54:00+05:30,51266.5,51269.8,51256.6,51262.4,
2024-10-23T14:55:00+05:30,51261.85,51261.85,51232.75,51235.05,
2024-10-23T14:56:00+05:30,51234.75,51274.4,51234.75,51245.05,
2024-10-23T14:57:00+05:30,51246.75,51276.1,51239.25,51267.35,
2024-10-23T14:58:00+05:30,51267.55,51275.85,51246.25,51268.6,
2024-10-23T14:59:00+05:30,51271.25,51290.2,51256.9,51290.2,
2024-10-23T15:00:00+05:30,51282.8,51300.6,51243.15,51247.55,
2024-10-23T15:01:00+05:30,51253.5,51275.55,51246.35,51268.15,
2024-10-23T15:02:00+05:30,51260,51286.05,51237.7,51282.55,
2024-10-23T15:03:00+05:30,51278.55,51289.05,51269.15,51276.8,
2024-10-23T15:04:00+05:30,51273.6,51287.8,51246.5,51253.5,
2024-10-23T15:05:00+05:30,51255.7,51281.2,51245.75,51281.2,
2024-10-23T15:06:00+05:30,51281.75,51292.5,51265.75,51284.8,
2024-10-23T15:07:00+05:30,51284.1,51284.1,51243.3,51265.5,
2024-10-23T15:08:00+05:30,51266.7,51266.7,51226.4,51233.9,
2024-10-23T15:09:00+05:30,51233.75,51240.45,51221.8,51236.25,
2024-10-23T15:10:00+05:30,51239.1,51248.3,51228.65,51233.8,
2024-10-23T15:11:00+05:30,51230.95,51255.9,51230.95,51242.5,
2024-10-23T15:12:00+05:30,51241.5,51253.95,51233.65,51245.85,
2024-10-23T15:13:00+05:30,51244.85,51245.45,51223.85,51224.9,
2024-10-23T15:14:00+05:30,51223.95,51227.1,51210.8,51222.65,
2024-10-23T15:15:00+05:30,51221.6,51226.5,51186.5,51186.65,
2024-10-23T15:16:00+05:30,51185.7,51186.9,51158.2,51161.3,
2024-10-23T15:17:00+05:30,51165.95,51195.35,51165.95,51192.7,
2024-10-23T15:18:00+05:30,51193,51216.7,51193,51205.2,
2024-10-23T15:19:00+05:30,51202.8,51225.3,51191.25,51209.3,
2024-10-23T15:20:00+05:30,51209.65,51218.7,51201,51212.65,
2024-10-23T15:21:00+05:30,51213.9,51228.1,51195.95,51224.1,
2024-10-23T15:22:00+05:30,51229.6,51236.5,51210.2,51210.2,
2024-10-23T15:23:00+05:30,51211.25,51214.7,51199.7,51206.05,
2024-10-23T15:24:00+05:30,51209.25,51233.95,51204.5,51209.05,
2024-10-23T15:25:00+05:30,51211.2,51231.9,51208.75,51217.65,
2024-10-23T15:26:00+05:30,51218.3,51238.4,51218.3,51234.2,
2024-10-23T15:27:00+05:30,51233.65,51248.05,51231.4,51242.85,
2024-10-23T15:28:00+05:30,51243.8,51255.25,51233.15,51253.3,
2024-10-23T15:29:00+05:30,51254.65,51259.55,51233.7,51241.8,
2024-10-24T09:15:00+05:30,51272.3,51477.6,51272.3,51459.75,
2024-10-24T09:16:00+05:30,51457.85,51481.35,51439.45,51478.9,
2024-10-24T09:17:00+05:30,51475.65,51494.7,51441.55,51457.55,
2024-10-24T09:18:00+05:30,51459.4,51490.5,51422.2,51425.75,
2024-10-24T09:19:00+05:30,51417.4,51432.55,51403.8,51414.45,
2024-10-24T09:20:00+05:30,51412.5,51452.95,51373,51435.8,
2024-10-24T09:21:00+05:30,51427.55,51441.5,51398.15,51429.85,
2024-10-24T09:22:00+05:30,51425.8,51483.5,51417.25,51478.35,
2024-10-24T09:23:00+05:30,51481.1,51489.75,51430.4,51470.15,
2024-10-24T09:24:00+05:30,51471.25,51473,51419,51424.6,
2024-10-24T09:25:00+05:30,51422.25,51443.05,51411.7,51426.35,
2024-10-24T09:26:00+05:30,51427.2,51448.95,51423.3,51443.15,
2024-10-24T09:27:00+05:30,51440.8,51466.1,51416.2,51416.2,
2024-10-24T09:28:00+05:30,51414.3,51416.7,51360.2,51370.3,
2024-10-24T09:29:00+05:30,51368.95,51405.25,51368.3,51398.25,
2024-10-24T09:30:00+05:30,51399.95,51403.8,51366.65,51398.05,
2024-10-24T09:31:00+05:30,51398.6,51400.15,51366,51378.85,
2024-10-24T09:32:00+05:30,51377.3,51406.75,51375.55,51402.55,
2024-10-24T09:33:00+05:30,51395.1,51395.1,51332.5,51347.15,
2024-10-24T09:34:00+05:30,51345.95,51376.65,51345.95,51363.55,
2024-10-24T09:35:00+05:30,51368.2,51369.4,51335.6,51335.6,
2024-10-24T09:36:00+05:30,51342.85,51342.85,51275.75,51278.4,
2024-10-24T09:37:00+05:30,51280.8,51286.4,51249.6,51285.6,
2024-10-24T09:38:00+05:30,51287.45,51287.45,51254.8,51261.9,
2024-10-24T09:39:00+05:30,51260.2,51283.35,51252.85,51258.1,
2024-10-24T09:40:00+05:30,51258.65,51269.2,51221.35,51221.35,
2024-10-24T09:41:00+05:30,51221.05,51248.3,51215.8,51248.3,
2024-10-24T09:42:00+05:30,51246.75,51264.25,51238.35,51240.1,
2024-10-24T09:43:00+05:30,51240,51243.6,51201.85,51207.15,
2024-10-24T09:44:00+05:30,51207.85,51280,51205.35,51258.85,
2024-10-24T09:45:00+05:30,51257.55,51291.05,51244.45,51266.05,
2024-10-24T09:46:00+05:30,51266.5,51284.7,51250.85,51284.25,
2024-10-24T09:47:00+05:30,51272.65,51287.85,51260.45,51285.9,
2024-10-24T09:48:00+05:30,51282.8,51282.8,51250.55,51273.2,
2024-10-24T09:49:00+05:30,51273.2,51273.2,51232.85,51233.85,
2024-10-24T09:50:00+05:30,51233.65,51277.3,51233.65,51270.4,
2024-10-24T09:51:00+05:30,51269.3,51285.7,51257.35,51282.1,
2024-10-24T09:52:00+05:30,51280.1,51306.25,51260.4,51301.55,
2024-10-24T09:53:00+05:30,51300.05,51338.2,51289.85,51314.15,
2024-10-24T09:54:00+05:30,51317.95,51337.55,51306.65,51327.4,
2024-10-24T09:55:00+05:30,51328.05,51343,51317.8,51328.35,
2024-10-24T09:56:00+05:30,51329.05,51354.45,51327.9,51344.05,
2024-10-24T09:57:00+05:30,51345.5,51371.85,51341.5,51351.3,
2024-10-24T09:58:00+05:30,51347.65,51388.45,51347.3,51382.75,
2024-10-24T09:59:00+05:30,51382.45,51437.6,51379.95,51432.05,
2024-10-24T10:00:00+05:30,51430.15,51485.6,51423.9,51485.6,
2024-10-24T10:01:00+05:30,51487.7,51530,51485.1,51530,
2024-10-24T10:02:00+05:30,51528,51561.35,51519.15,51521.05,
2024-10-24T10:03:00+05:30,51521.65,51535.35,51492.7,51502.55,
2024-10-24T10:04:00+05:30,51507.2,51537.2,51502.7,51526.6,
2024-10-24T10:05:00+05:30,51527.7,51553.65,51514.05,51524.1,
2024-10-24T10:06:00+05:30,51529.1,51532.55,51500.35,51515.3,
2024-10-24T10:07:00+05:30,51513.1,51541.95,51509.85,51535.85,
2024-10-24T10:08:00+05:30,51538.45,51602.05,51531.4,51600,
2024-10-24T10:09:00+05:30,51599.15,51636.9,51595.75,51609.85,
2024-10-24T10:10:00+05:30,51609.35,51670.65,51609.35,51640.65,
2024-10-24T10:11:00+05:30,51642.15,51649.5,51590.35,51597.25,
2024-10-24T10:12:00+05:30,51599.1,51653.75,51599.1,51651.55,
2024-10-24T10:13:00+05:30,51651.1,51679.1,51650.2,51656.35,
2024-10-24T10:14:00+05:30,51656.7,51671.15,51630.75,51647.55,
2024-10-24T10:15:00+05:30,51647.3,51675.85,51640.05,51648.3,
2024-10-24T10:16:00+05:30,51647.05,51670.4,51643.4,51667.3,
2024-10-24T10:17:00+05:30,51667.45,51667.75,51647.05,51647.55,
2024-10-24T10:18:00+05:30,51646.6,51646.6,51614.5,51622.55,
2024-10-24T10:19:00+05:30,51624.8,51645.3,51618.55,51642.85,
2024-10-24T10:20:00+05:30,51641.55,51642.25,51590.8,51597.35,
2024-10-24T10:21:00+05:30,51603.1,51611.7,51584.1,51600.65,
2024-10-24T10:22:00+05:30,51601.75,51616.4,51589.45,51606.9,
2024-10-24T10:23:00+05:30,51605.35,51616.9,51592,51613.05,
2024-10-24T10:24:00+05:30,51613.1,51626.45,51608.55,51622.95,
2024-10-24T10:25:00+05:30,51623.05,51645.9,51617.45,51633.9,
2024-10-24T10:26:00+05:30,51634.55,51636.6,51605.55,51610.4,
2024-10-24T10:27:00+05:30,51610.15,51632.6,51610.15,51632.6,
2024-10-24T10:28:00+05:30,51628.1,51643,51620.6,51640.6,
2024-10-24T10:29:00+05:30,51641.85,51648.25,51614.85,51622.45,
2024-10-24T10:30:00+05:30,51619.85,51635.45,51609.3,51617.35,
2024-10-24T10:31:00+05:30,51618.75,51644.9,51613.95,51638.25,
2024-10-24T10:32:00+05:30,51632.35,51668.4,51620.75,51660.25,
2024-10-24T10:33:00+05:30,51660.75,51741.2,51657.35,51719.5,
2024-10-24T10:34:00+05:30,51718.4,51770.1,51708.8,51768,
2024-10-24T10:35:00+05:30,51764.75,51781.55,51744,51746.25,
2024-10-24T10:36:00+05:30,51743.55,51745.6,51696.45,51697.75,
2024-10-24T10:37:00+05:30,51695.7,51706.25,51685.15,51686.95,
2024-10-24T10:38:00+05:30,51687.1,51714.5,51685.2,51702.35,
2024-10-24T10:39:00+05:30,51702.55,51712.5,51701.8,51710.15,
2024-10-24T10:40:00+05:30,51710.4,51732.65,51700.6,51719.05,
2024-10-24T10:41:00+05:30,51717.9,51717.9,51692.65,51707.55,
2024-10-24T10:42:00+05:30,51704.65,51712.05,51689.7,51712.05,
2024-10-24T10:43:00+05:30,51712.35,51725.55,51709.15,51717.6,
2024-10-24T10:44:00+05:30,51717.25,51723.6,51703.3,51707.6,
2024-10-24T10:45:00+05:30,51705.95,51718.95,51701.65,51716.95,
2024-10-24T10:46:00+05:30,51716.5,51749.4,51713.45,51746.8,
2024-10-24T10:47:00+05:30,51746.6,51747.05,51702.45,51709.2,
2024-10-24T10:48:00+05:30,51705,51712.1,51667.4,51687.35,
2024-10-24T10:49:00+05:30,51692.3,51699,51669.35,51675.1,
2024-10-24T10:50:00+05:30,51675.1,51701.65,51675.1,51696.6,
2024-10-24T10:51:00+05:30,51697.65,51709.1,51691.1,51694.5,
2024-10-24T10:52:00+05:30,51696.1,51696.1,51673.2,51683.2,
2024-10-24T10:53:00+05:30,51688.05,51704.85,51683.95,51701.15,
2024-10-24T10:54:00+05:30,51700.9,51724.35,51692.1,51721.35,
2024-10-24T10:55:00+05:30,51715.1,51723.65,51700.55,51706.95,
2024-10-24T10:56:00+05:30,51706.95,51708.85,51672.2,51675.6,
2024-10-24T10:57:00+05:30,51677.6,51687.7,51676.15,51676.95,
2024-10-24T10:58:00+05:30,51678.55,51681.4,51660.8,51673.7,
2024-10-24T10:59:00+05:30,51672.35,51680.1,51665.15,51666.7,
2024-10-24T11:00:00+05:30,51670.2,51672.2,51607.55,51610.5,
2024-10-24T11:01:00+05:30,51611.65,51644.9,51611.65,51634.1,
2024-10-24T11:02:00+05:30,51633.6,51644.9,51627.4,51635.2,
2024-10-24T11:03:00+05:30,51633.05,51647.1,51618.25,51643.35,
2024-10-24T11:04:00+05:30,51644.05,51676.8,51641,51669.05,
2024-10-24T11:05:00+05:30,51665.95,51690.7,51660.15,51674.45,
2024-10-24T11:06:00+05:30,51674.5,51682.2,51654.8,51655.3,
2024-10-24T11:07:00+05:30,51658.75,51661.7,51638.8,51644,
2024-10-24T11:08:00+05:30,51642.35,51651.45,51626.05,51632.85,
2024-10-24T11:09:00+05:30,51630.35,51633.6,51622.25,51625.1,
2024-10-24T11:10:00+05:30,51624.95,51624.95,51594.3,51601.8,
2024-10-24T11:11:00+05:30,51599.6,51602.95,51564.45,51580.05,
2024-10-24T11:12:00+05:30,51579.35,51580.45,51557.65,51571.75,
2024-10-24T11:13:00+05:30,51571.1,51572.5,51554.45,51569.35,
2024-10-24T11:14:00+05:30,51568.7,51576.35,51564.65,51568.15,
2024-10-24T11:15:00+05:30,51567.6,51604.5,51565.35,51599.9,
2024-10-24T11:16:00+05:30,51601,51601,51559.95,51564.9,
2024-10-24T11:17:00+05:30,51564.05,51594.6,51564.05,51590.8,
2024-10-24T11:18:00+05:30,51586.75,51593.8,51568.8,51582.2,
2024-10-24T11:19:00+05:30,51584.05,51594.35,51573.5,51594.35,
2024-10-24T11:20:00+05:30,51591.3,51618.25,51590.25,51618.25,
2024-10-24T11:21:00+05:30,51616.65,51649.8,51615.05,51630.5,
2024-10-24T11:22:00+05:30,51630.15,51637.75,51622.75,51632.25,
2024-10-24T11:23:00+05:30,51631.85,51636.95,51606.05,51606.3,
2024-10-24T11:24:00+05:30,51607.05,51620.95,51599.55,51618.6,
2024-10-24T11:25:00+05:30,51616.75,51646.65,51615.7,51640.8,
2024-10-24T11:26:00+05:30,51640.3,51653.7,51636.95,51642.75,
2024-10-24T11:27:00+05:30,51642.25,51645.95,51631.8,51633.15,
2024-10-24T11:28:00+05:30,51632.2,51648.6,51630,51646.7,
2024-10-24T11:29:00+05:30,51645.4,51659.85,51642.75,51659.85,
2024-10-24T11:30:00+05:30,51658.25,51667.85,51651.05,51653.75,
2024-10-24T11:31:00+05:30,51652.75,51666,51649.4,51649.8,
2024-10-24T11:32:00+05:30,51649.85,51675.35,51648.85,51671.3,
2024-10-24T11:33:00+05:30,51669.1,51674.8,51660.1,51670.65,
2024-10-24T11:34:00+05:30,51669,51673.15,51650.45,51658.75,
2024-10-24T11:35:00+05:30,51657.3,51661.6,51650.75,51654.2,
2024-10-24T11:36:00+05:30,51655.55,51664.75,51644.9,51664.75,
2024-10-24T11:37:00+05:30,51663.1,51674.05,51656.3,51656.3,
2024-10-24T11:38:00+05:30,51656.05,51665.55,51653.25,51664,
2024-10-24T11:39:00+05:30,51663.9,51680.9,51663.45,51669.3,
2024-10-24T11:40:00+05:30,51669.65,51710.85,51666.25,51703.3,
2024-10-24T11:41:00+05:30,51704,51706.6,51676.6,51677.3,
2024-10-24T11:42:00+05:30,51673.35,51681,51635.8,51636.8,
2024-10-24T11:43:00+05:30,51638.3,51646.45,51625.1,51626.3,
2024-10-24T11:44:00+05:30,51624.55,51632.8,51612.4,51621.3,
2024-10-24T11:45:00+05:30,51619.8,51625.6,51615,51625.6,
2024-10-24T11:46:00+05:30,51622.3,51645.3,51619.4,51637.6,
2024-10-24T11:47:00+05:30,51638.6,51642.05,51627.4,51631,
2024-10-24T11:48:00+05:30,51630.55,51630.75,51607.45,51608.5,
2024-10-24T11:49:00+05:30,51611.7,51643.55,51611.05,51633.7,
2024-10-24T11:50:00+05:30,51631.8,51648.8,51630.95,51644.9,
2024-10-24T11:51:00+05:30,51640.75,51645.2,51617.4,51619.6,
2024-10-24T11:52:00+05:30,51619.85,51631.9,51604.35,51605.9,
2024-10-24T11:53:00+05:30,51604.85,51615.35,51593.2,51613,
2024-10-24T11:54:00+05:30,51613.1,51622.85,51601.4,51612.2,
2024-10-24T11:55:00+05:30,51612.25,51631.05,51605.6,51618.5,
2024-10-24T11:56:00+05:30,51618.75,51633.2,51614.65,51624.25,
2024-10-24T11:57:00+05:30,51622.2,51636.3,51617.1,51630.5,
2024-10-24T11:58:00+05:30,51630.45,51631.95,51612.35,51614.45,
2024-10-24T11:59:00+05:30,51617.85,51646.05,51613.75,51634.75,
2024-10-24T12:00:00+05:30,51634.05,51639.25,51628.3,51636.25,
2024-10-24T12:01:00+05:30,51636.95,51637.05,51612.85,51624.65,
2024-10-24T12:02:00+05:30,51623.35,51634,51614.4,51626.8,
2024-10-24T12:03:00+05:30,51625.75,51644.5,51624.65,51642.75,
2024-10-24T12:04:00+05:30,51639.05,51669,51637.25,51660.15,
2024-10-24T12:05:00+05:30,51659.35,51666.35,51642.5,51649.5,
2024-10-24T12:06:00+05:30,51653.4,51659.6,51647.4,51651.75,
2024-10-24T12:07:00+05:30,51652.75,51664.4,51648.9,51653.45,
2024-10-24T12:08:00+05:30,51652.55,51657.8,51630.85,51633.1,
2024-10-24T12:09:00+05:30,51633.95,51639.6,51620.65,51637.05,
2024-10-24T12:10:00+05:30,51636.25,51647.1,51631.15,51642.65,
2024-10-24T12:11:00+05:30,51640.7,51646.7,51623.9,51627.1,
2024-10-24T12:12:00+05:30,51623.95,51640.65,51622.2,51634.05,
2024-10-24T12:13:00+05:30,51632.8,51644.05,51626.9,51644.05,
2024-10-24T12:14:00+05:30,51641.1,51644.9,51607.4,51608.35,
2024-10-24T12:15:00+05:30,51609.6,51629.7,51607.3,51625.1,
2024-10-24T12:16:00+05:30,51622.95,51630.8,51614.7,51617.3,
2024-10-24T12:17:00+05:30,51620.35,51620.65,51598.6,51603.7,
2024-10-24T12:18:00+05:30,51601.5,51625.4,51601.45,51623.85,
2024-10-24T12:19:00+05:30,51623.45,51634.35,51616.35,51627.1,
2024-10-24T12:20:00+05:30,51627.4,51639.5,51623.35,51635.8,
2024-10-24T12:21:00+05:30,51632.95,51648.35,51631.8,51634.2,
2024-10-24T12:22:00+05:30,51635.55,51643,51627.15,51630.6,
2024-10-24T12:23:00+05:30,51632.45,51636.35,51610,51618.2,
2024-10-24T12:24:00+05:30,51618.3,51620.8,51608.05,51617.15,
2024-10-24T12:25:00+05:30,51613.8,51615.95,51581.7,51583.95,
2024-10-24T12:26:00+05:30,51584.1,51599.15,51572.85,51591.5,
2024-10-24T12:27:00+05:30,51590.75,51602.4,51573.55,51574.45,
2024-10-24T12:28:00+05:30,51574.5,51604.5,51572.5,51602.45,
2024-10-24T12:29:00+05:30,51603.85,51604.75,51578.9,51584.7,
2024-10-24T12:30:00+05:30,51584,51599.75,51578.55,51591.15,
2024-10-24T12:31:00+05:30,51589.65,51591.85,51568.15,51584.05,
2024-10-24T12:32:00+05:30,51581.9,51604.2,51580.15,51598.85,
2024-10-24T12:33:00+05:30,51597.25,51602.75,51585,51588.05,
2024-10-24T12:34:00+05:30,51588.25,51612.2,51587.65,51610.7,
2024-10-24T12:35:00+05:30,51610.85,51629.3,51609.45,51628.55,
2024-10-24T12:36:00+05:30,51625.85,51630.15,51604.75,51610.45,
2024-10-24T12:37:00+05:30,51607.45,51613.65,51591.95,51613.65,
2024-10-24T12:38:00+05:30,51613.85,51618.8,51605.1,51606.1,
2024-10-24T12:39:00+05:30,51605.05,51609.55,51597.4,51601.7,
2024-10-24T12:40:00+05:30,51600.85,51609.5,51591.25,51602.25,
2024-10-24T12:41:00+05:30,51603,51609.95,51579.25,51591.9,
2024-10-24T12:42:00+05:30,51586.6,51605.15,51586.6,51603,
2024-10-24T12:43:00+05:30,51600.95,51613.95,51596.35,51609.75,
2024-10-24T12:44:00+05:30,51608.45,51631.65,51602.15,51603.2,
2024-10-24T12:45:00+05:30,51601.05,51609.05,51596.6,51600.5,
2024-10-24T12:46:00+05:30,51598.65,51614.3,51594.6,51606.9,
2024-10-24T12:47:00+05:30,51607.5,51617.1,51606.3,51611,
2024-10-24T12:48:00+05:30,51609.65,51616.65,51586.5,51586.5,
2024-10-24T12:49:00+05:30,51587.85,51596.8,51581.85,51585.45,
2024-10-24T12:50:00+05:30,51588,51594,51552.35,51558.9,
2024-10-24T12:51:00+05:30,51557.3,51579.95,51557.3,51578.25,
2024-10-24T12:52:00+05:30,51577.05,51584.15,51565.95,51580.9,
2024-10-24T12:53:00+05:30,51581.15,51585.2,51535.7,51535.7,
2024-10-24T12:54:00+05:30,51535.2,51545.15,51504.1,51529.2,
2024-10-24T12:55:00+05:30,51525.95,51566.5,51525.95,51543.85,
2024-10-24T12:56:00+05:30,51544.6,51558.55,51538.55,51552.2,
2024-10-24T12:57:00+05:30,51551.65,51562.7,51542.35,51559.3,
2024-10-24T12:58:00+05:30,51559.8,51567.15,51532.9,51533.85,
2024-10-24T12:59:00+05:30,51534.25,51552.55,51529,51544.75,
2024-10-24T13:00:00+05:30,51545.1,51550.85,51531.85,51543,
2024-10-24T13:01:00+05:30,51542.15,51562.5,51542.15,51552.6,
2024-10-24T13:02:00+05:30,51551.4,51551.4,51540.9,51548.35,
2024-10-24T13:03:00+05:30,51547.85,51556.4,51538.7,51553.2,
2024-10-24T13:04:00+05:30,51550.95,51568.2,51549.25,51562,
2024-10-24T13:05:00+05:30,51559.7,51568,51557.3,51560.75,
2024-10-24T13:06:00+05:30,51562.05,51569.6,51553.35,51553.4,
2024-10-24T13:07:00+05:30,51556.3,51564.25,51547.5,51562.85,
2024-10-24T13:08:00+05:30,51564,51597.35,51556.9,51591.2,
2024-10-24T13:09:00+05:30,51585.85,51588,51562.6,51575.5,
2024-10-24T13:10:00+05:30,51572.35,51579.05,51555.1,51575.75,
2024-10-24T13:11:00+05:30,51573.75,51580.85,51566,51575.6,
2024-10-24T13:12:00+05:30,51575.4,51575.7,51555.35,51565.25,
2024-10-24T13:13:00+05:30,51564.45,51569.95,51546.5,51548.35,
2024-10-24T13:14:00+05:30,51548.9,51567.8,51547.45,51555.6,
2024-10-24T13:15:00+05:30,51556.25,51574.7,51556.25,51558.05,
2024-10-24T13:16:00+05:30,51559.6,51571.75,51554.3,51560.5,
2024-10-24T13:17:00+05:30,51559.1,51569.5,51559.1,51561.9,
2024-10-24T13:18:00+05:30,51561,51572.25,51561,51564.2,
2024-10-24T13:19:00+05:30,51564.1,51595.1,51564.1,51584.2,
2024-10-24T13:20:00+05:30,51582.05,51592.75,51572.75,51577.15,
2024-10-24T13:21:00+05:30,51571.55,51577.65,51560.3,51561.6,
2024-10-24T13:22:00+05:30,51561.3,51570.5,51554.95,51560.2,
2024-10-24T13:23:00+05:30,51561.75,51571,51560.2,51564.3,
2024-10-24T13:24:00+05:30,51562.6,51567.6,51555.85,51565.65,
2024-10-24T13:25:00+05:30,51563.65,51572.1,51551.2,51559.7,
2024-10-24T13:26:00+05:30,51561.75,51567.05,51554.55,51559,
2024-10-24T13:27:00+05:30,51558.35,51563.8,51549.4,51561.75,
2024-10-24T13:28:00+05:30,51558.2,51565.95,51551.9,51556.65,
2024-10-24T13:29:00+05:30,51555.3,51562.6,51532.6,51532.8,
2024-10-24T13:30:00+05:30,51533.8,51539.6,51507.9,51514.95,
2024-10-24T13:31:00+05:30,51510.45,51515.55,51493.75,51507.1,
2024-10-24T13:32:00+05:30,51507.9,51524.25,51501.15,51523.95,
2024-10-24T13:33:00+05:30,51521.8,51531.1,51499,51507.8,
2024-10-24T13:34:00+05:30,51507.55,51543.25,51502,51542.95,
2024-10-24T13:35:00+05:30,51540.3,51550.95,51508.25,51528.65,
2024-10-24T13:36:00+05:30,51523.85,51540.55,51522.9,51537,
2024-10-24T13:37:00+05:30,51537.7,51568.35,51536.8,51561.9,
2024-10-24T13:38:00+05:30,51558.35,51565.55,51547.1,51558.7,
2024-10-24T13:39:00+05:30,51555.3,51574.9,51550.45,51561.75,
2024-10-24T13:40:00+05:30,51563.15,51571.4,51535.7,51545.4,
2024-10-24T13:41:00+05:30,51544,51557.85,51534,51534,
2024-10-24T13:42:00+05:30,51532.8,51554.1,51528.75,51541.6,
2024-10-24T13:43:00+05:30,51540.75,51551.8,51535.55,51546,
2024-10-24T13:44:00+05:30,51545.95,51553.7,51538.55,51550.6,
2024-10-24T13:45:00+05:30,51549.15,51562.5,51545,51560.7,
2024-10-24T13:46:00+05:30,51562.6,51573.8,51553.8,51571.2,
2024-10-24T13:47:00+05:30,51568.9,51581.8,51566.35,51573.1,
2024-10-24T13:48:00+05:30,51574.2,51585.1,51573.05,51585.1,
2024-10-24T13:49:00+05:30,51579.9,51598.65,51579.9,51592.05,
2024-10-24T13:50:00+05:30,51591.45,51603.45,51587.8,51587.8,
2024-10-24T13:51:00+05:30,51587.95,51594.85,51570.6,51594.25,
2024-10-24T13:52:00+05:30,51592.5,51596.65,51586.05,51586.85,
2024-10-24T13:53:00+05:30,51586.3,51598.55,51581.25,51583.4,
2024-10-24T13:54:00+05:30,51581.15,51598.7,51581.15,51588.15,
2024-10-24T13:55:00+05:30,51587.2,51597.9,51578.9,51580.6,
2024-10-24T13:56:00+05:30,51578.4,51583.4,51566.1,51569.95,
2024-10-24T13:57:00+05:30,51567.05,51571.9,51559.4,51567.65,
2024-10-24T13:58:00+05:30,51565.2,51590.05,51564.4,51587.3,
2024-10-24T13:59:00+05:30,51587.25,51605.7,51579.75,51588.5,
2024-10-24T14:00:00+05:30,51585.5,51620.4,51585.5,51618.1,
2024-10-24T14:01:00+05:30,51616.75,51623.1,51607.5,51612.2,
2024-10-24T14:02:00+05:30,51612.45,51618.2,51586.5,51592.1,
2024-10-24T14:03:00+05:30,51593.35,51593.35,51555.35,51558.6,
2024-10-24T14:04:00+05:30,51559.3,51560.35,51542.05,51555.5,
2024-10-24T14:05:00+05:30,51554.75,51582.15,51554.75,51577.85,
2024-10-24T14:06:00+05:30,51576.55,51589.4,51576.15,51584.6,
2024-10-24T14:07:00+05:30,51582,51587.05,51569.55,51570.35,
2024-10-24T14:08:00+05:30,51570.3,51585.8,51562.2,51580.65,
2024-10-24T14:09:00+05:30,51583.35,51589.65,51570.6,51589.25,
2024-10-24T14:10:00+05:30,51587.3,51595.45,51573.9,51580.7,
2024-10-24T14:11:00+05:30,51580.85,51586.35,51575.75,51577.15,
2024-10-24T14:12:00+05:30,51578.1,51587.5,51576.35,51583.15,
2024-10-24T14:13:00+05:30,51583,51584.95,51574.7,51579.7,
2024-10-24T14:14:00+05:30,51579.1,51586.25,51573.25,51583.95,
2024-10-24T14:15:00+05:30,51583.15,51589.5,51578.05,51582.85,
2024-10-24T14:16:00+05:30,51583.9,51598.15,51581.5,51582,
2024-10-24T14:17:00+05:30,51581.65,51583.65,51569.15,51574.8,
2024-10-24T14:18:00+05:30,51574.4,51578.55,51562.55,51568.45,
2024-10-24T14:19:00+05:30,51566.15,51581.2,51558.3,51570.45,
2024-10-24T14:20:00+05:30,51571.05,51587.95,51568.75,51586.25,
2024-10-24T14:21:00+05:30,51588.7,51598.9,51570.05,51578.2,
2024-10-24T14:22:00+05:30,51576.9,51582.5,51562.05,51563.35,
2024-10-24T14:23:00+05:30,51562.5,51567.9,51557.2,51557.2,
2024-10-24T14:24:00+05:30,51556.45,51561.4,51536.3,51538.05,
2024-10-24T14:25:00+05:30,51539.5,51552.85,51537.95,51552.85,
2024-10-24T14:26:00+05:30,51550.15,51563.05,51545.15,51558.75,
2024-10-24T14:27:00+05:30,51559.45,51580.65,51558.35,51567.75,
2024-10-24T14:28:00+05:30,51567,51569.5,51543.1,51557.2,
2024-10-24T14:29:00+05:30,51558.7,51564.45,51552.15,51559.45,
2024-10-24T14:30:00+05:30,51560.8,51598.25,51560.8,51590.6,
2024-10-24T14:31:00+05:30,51591,51591,51565.4,51575.5,
2024-10-24T14:32:00+05:30,51578.05,51578.05,51554.65,51576.15,
2024-10-24T14:33:00+05:30,51572.85,51576.55,51561.75,51562.95,
2024-10-24T14:34:00+05:30,51564.1,51566.4,51544.75,51545.85,
2024-10-24T14:35:00+05:30,51545.9,51555.4,51537.25,51538.75,
2024-10-24T14:36:00+05:30,51535.85,51545.45,51535.35,51536.35,
2024-10-24T14:37:00+05:30,51536.05,51552.2,51533.4,51548.65,
2024-10-24T14:38:00+05:30,51547.85,51549.3,51539.55,51545.65,
2024-10-24T14:39:00+05:30,51545.95,51552.25,51537.85,51543.25,
2024-10-24T14:40:00+05:30,51543.6,51548.8,51533.1,51540.2,
2024-10-24T14:41:00+05:30,51539.5,51544.7,51516.65,51523.6,
2024-10-24T14:42:00+05:30,51521.6,51522.9,51492.45,51496.45,
2024-10-24T14:43:00+05:30,51499.3,51500.9,51461.9,51472.3,
2024-10-24T14:44:00+05:30,51472.05,51488.35,51461.25,51486.4,
2024-10-24T14:45:00+05:30,51487.05,51489.5,51421.1,51440.55,
2024-10-24T14:46:00+05:30,51438.2,51456.95,51427.6,51456.95,
2024-10-24T14:47:00+05:30,51458.6,51466.75,51447.4,51463.1,
2024-10-24T14:48:00+05:30,51461.95,51463.5,51441.9,51444.3,
2024-10-24T14:49:00+05:30,51443.85,51463.55,51435.35,51456.75,
2024-10-24T14:50:00+05:30,51456.95,51464.95,51412.85,51418.3,
2024-10-24T14:51:00+05:30,51414.6,51450.9,51411.3,51449.6,
2024-10-24T14:52:00+05:30,51450.5,51450.8,51426.3,51440.35,
2024-10-24T14:53:00+05:30,51440.75,51459.65,51431.4,51452.05,
2024-10-24T14:54:00+05:30,51449.65,51463.1,51446.35,51459.8,
2024-10-24T14:55:00+05:30,51463.65,51483.1,51460.5,51473.75,
2024-10-24T14:56:00+05:30,51475.8,51477.9,51447.5,51464.55,
2024-10-24T14:57:00+05:30,51461.85,51480.7,51460.55,51477.55,
2024-10-24T14:58:00+05:30,51469.25,51479.8,51467,51474.15,
2024-10-24T14:59:00+05:30,51475.15,51478.15,51464.7,51472.1,
2024-10-24T15:00:00+05:30,51471.95,51482.75,51421.75,51456.35,
2024-10-24T15:01:00+05:30,51455.45,51511.45,51443.15,51511.45,
2024-10-24T15:02:00+05:30,51506.6,51516.15,51491.75,51502.1,
2024-10-24T15:03:00+05:30,51501,51522.15,51485.4,51504.9,
2024-10-24T15:04:00+05:30,51503.85,51518.6,51496.7,51499.95,
2024-10-24T15:05:00+05:30,51498.8,51511.1,51492.95,51503.8,
2024-10-24T15:06:00+05:30,51502.45,51542.05,51502.45,51534.2,
2024-10-24T15:07:00+05:30,51534.9,51536.6,51510.85,51512.2,
2024-10-24T15:08:00+05:30,51508.4,51518.05,51499.2,51514.5,
2024-10-24T15:09:00+05:30,51511.85,51525.35,51502.2,51523.1,
2024-10-24T15:10:00+05:30,51520.1,51532.3,51520.1,51526.9,
2024-10-24T15:11:00+05:30,51526.45,51527.1,51514.8,51515.05,
2024-10-24T15:12:00+05:30,51520.7,51528.1,51516.1,51526.1,
2024-10-24T15:13:00+05:30,51525.1,51547.6,51525.1,51539.1,
2024-10-24T15:14:00+05:30,51538.85,51541.9,51534.85,51539.85,
2024-10-24T15:15:00+05:30,51539.05,51577.9,51535.15,51577.85,
2024-10-24T15:16:00+05:30,51576.35,51581.9,51563.4,51573.25,
2024-10-24T15:17:00+05:30,51570,51574.55,51556.05,51560.05,
2024-10-24T15:18:00+05:30,51559.55,51575.5,51553.2,51568.95,
2024-10-24T15:19:00+05:30,51566.9,51573.05,51559.3,51562.95,
2024-10-24T15:20:00+05:30,51561.85,51570.1,51549.35,51559.65,
2024-10-24T15:21:00+05:30,51557.45,51566.85,51555.5,51559.65,
2024-10-24T15:22:00+05:30,51557.75,51569.45,51557.35,51560.45,
2024-10-24T15:23:00+05:30,51559,51571.25,51547.75,51569.6,
2024-10-24T15:24:00+05:30,51568.45,51569.5,51542.3,51561.5,
2024-10-24T15:25:00+05:30,51561.5,51566.8,51553.15,51558.75,
2024-10-24T15:26:00+05:30,51558.9,51564,51547.65,51554.55,
2024-10-24T15:27:00+05:30,51559.5,51571.95,51539.05,51552.45,
2024-10-24T15:28:00+05:30,51543.4,51556.15,51522.85,51546.05,
2024-10-24T15:29:00+05:30,51541.45,51582.75,51536.25,51565.9,
2024-10-25T09:15:00+05:30,51369.75,51501.05,51360.25,51385.85,
2024-10-25T09:16:00+05:30,51378,51389.4,51307.8,51368.15,
2024-10-25T09:17:00+05:30,51362.2,51445.65,51346.35,51412.15,
2024-10-25T09:18:00+05:30,51406.5,51474.35,51399.8,51446.1,
2024-10-25T09:19:00+05:30,51438.65,51456.35,51410.1,51426.05,
2024-10-25T09:20:00+05:30,51427.6,51447.7,51411,51446.05,
2024-10-25T09:21:00+05:30,51443.1,51451.8,51371.7,51381.15,
2024-10-25T09:22:00+05:30,51380.7,51385.15,51342.85,51342.95,
2024-10-25T09:23:00+05:30,51343.3,51383.5,51322.25,51352.5,
2024-10-25T09:24:00+05:30,51348.75,51350.25,51298.4,51304.75,
2024-10-25T09:25:00+05:30,51307.85,51341.6,51287.65,51334,
2024-10-25T09:26:00+05:30,51333.55,51377.35,51333.55,51351.9,
2024-10-25T09:27:00+05:30,51350.75,51426.55,51345.8,51405.95,
2024-10-25T09:28:00+05:30,51409.8,51434.9,51389.55,51421.7,
2024-10-25T09:29:00+05:30,51424.1,51475.65,51424.1,51463.65,
2024-10-25T09:30:00+05:30,51469.05,51469.05,51341.25,51353.85,
2024-10-25T09:31:00+05:30,51346.45,51347.6,51177.55,51258.4,
2024-10-25T09:32:00+05:30,51253.55,51290.4,51209.5,51287.55,
2024-10-25T09:33:00+05:30,51290.9,51329.25,51248.75,51267.95,
2024-10-25T09:34:00+05:30,51267.45,51270.95,51224,51237.75,
2024-10-25T09:35:00+05:30,51236.1,51259.85,51206.55,51259.05,
2024-10-25T09:36:00+05:30,51259.45,51273.9,51221.7,51228.5,
2024-10-25T09:37:00+05:30,51227.35,51236,51196.95,51201.85,
2024-10-25T09:38:00+05:30,51203.1,51203.1,51169.15,51179.2,
2024-10-25T09:39:00+05:30,51175.55,51175.9,51124.8,51124.8,
2024-10-25T09:40:00+05:30,51125.65,51125.65,51067.15,51079.5,
2024-10-25T09:41:00+05:30,51081.4,51119.3,51073.6,51112.65,
2024-10-25T09:42:00+05:30,51112.3,51115.85,51077.15,51080.1,
2024-10-25T09:43:00+05:30,51077.35,51082.5,51033,51033,
2024-10-25T09:44:00+05:30,51031.1,51094.5,51030.7,51081.7,
2024-10-25T09:45:00+05:30,51083.3,51148.45,51049.45,51122.45,
2024-10-25T09:46:00+05:30,51115.4,51125.15,51015.7,51049.1,
2024-10-25T09:47:00+05:30,51052.65,51052.65,50977.9,50996.8,
2024-10-25T09:48:00+05:30,51001.35,51014.05,50945.65,50954.7,
2024-10-25T09:49:00+05:30,50961.85,50967.65,50873.3,50902,
2024-10-25T09:50:00+05:30,50903.55,50906.45,50789.05,50799.15,
2024-10-25T09:51:00+05:30,50796.4,50943.9,50779,50917.7,
2024-10-25T09:52:00+05:30,50930.15,50931.85,50879.75,50900.7,
2024-10-25T09:53:00+05:30,50899.25,50920.1,50884.5,50886.4,
2024-10-25T09:54:00+05:30,50882.35,50913,50865.9,50871.35,
2024-10-25T09:55:00+05:30,50863,50905.1,50847.75,50899.75,
2024-10-25T09:56:00+05:30,50898.35,50929.85,50864.3,50895.1,
2024-10-25T09:57:00+05:30,50900.35,50907.45,50816.85,50818.15,
2024-10-25T09:58:00+05:30,50817,50819.1,50743.05,50743.05,
2024-10-25T09:59:00+05:30,50747.4,50760.3,50693.35,50702.2,
2024-10-25T10:00:00+05:30,50701.85,50746.95,50700.25,50717.1,
2024-10-25T10:01:00+05:30,50718.65,50722.35,50659.25,50673.45,
2024-10-25T10:02:00+05:30,50671.05,50693.7,50652.5,50686.65,
2024-10-25T10:03:00+05:30,50690.15,50726.1,50679.8,50714.8,
2024-10-25T10:04:00+05:30,50715.7,50753.4,50710.95,50743.85,
2024-10-25T10:05:00+05:30,50748.3,50812.3,50746.95,50765.85,
2024-10-25T10:06:00+05:30,50766.3,50767.65,50681.85,50683.5,
2024-10-25T10:07:00+05:30,50682.05,50703.4,50671.1,50677.25,
2024-10-25T10:08:00+05:30,50680.7,50712.5,50669.7,50669.7,
2024-10-25T10:09:00+05:30,50675.15,50718.8,50675.15,50711,
2024-10-25T10:10:00+05:30,50713.9,50717.45,50614.75,50624.85,
2024-10-25T10:11:00+05:30,50623.05,50633.55,50587,50627.7,
2024-10-25T10:12:00+05:30,50634,50686.9,50627.45,50667,
2024-10-25T10:13:00+05:30,50663.65,50673.65,50636.35,50643.05,
2024-10-25T10:14:00+05:30,50644.7,50669.4,50638.25,50641.35,
2024-10-25T10:15:00+05:30,50647.25,50652,50579.25,50593.35,
2024-10-25T10:16:00+05:30,50587.8,50643.9,50557.2,50635.15,
2024-10-25T10:17:00+05:30,50630.75,50685.95,50613.5,50671.5,
2024-10-25T10:18:00+05:30,50670.15,50703.05,50652.05,50702.05,
2024-10-25T10:19:00+05:30,50709.1,50709.1,50648.55,50656.7,
2024-10-25T10:20:00+05:30,50656.75,50681.4,50647.75,50662.4,
2024-10-25T10:21:00+05:30,50663.2,50713.05,50656.6,50687.4,
2024-10-25T10:22:00+05:30,50685.9,50712.2,50670.05,50700.7,
2024-10-25T10:23:00+05:30,50700.65,50747.6,50700.5,50734.8,
2024-10-25T10:24:00+05:30,50748.45,50748.9,50712.55,50718.1,
2024-10-25T10:25:00+05:30,50721.25,50748.8,50693.65,50693.65,
2024-10-25T10:26:00+05:30,50693.2,50698.5,50646.8,50662.05,
2024-10-25T10:27:00+05:30,50666.6,50669.7,50619.05,50625.65,
2024-10-25T10:28:00+05:30,50627.2,50627.2,50556.2,50579.65,
2024-10-25T10:29:00+05:30,50586.3,50596.85,50561.5,50561.5,
2024-10-25T10:30:00+05:30,50564.05,50587.35,50534.7,50577.85,
2024-10-25T10:31:00+05:30,50571.35,50588.75,50557.9,50570.7,
2024-10-25T10:32:00+05:30,50568.1,50576.05,50543.35,50545.1,
2024-10-25T10:33:00+05:30,50546.5,50560,50511.35,50545.9,
2024-10-25T10:34:00+05:30,50543.25,50549.9,50513.2,50527.8,
2024-10-25T10:35:00+05:30,50527,50551.95,50515.75,50551.55,
2024-10-25T10:36:00+05:30,50555.4,50583.9,50546.4,50578.2,
2024-10-25T10:37:00+05:30,50578,50594.1,50547.65,50568.3,
2024-10-25T10:38:00+05:30,50569,50585.3,50553.1,50573.85,
2024-10-25T10:39:00+05:30,50569.3,50590.8,50560.45,50561.35,
2024-10-25T10:40:00+05:30,50561.05,50582.15,50555.7,50577.25,
2024-10-25T10:41:00+05:30,50578.1,50583.35,50545,50566.6,
2024-10-25T10:42:00+05:30,50566.05,50622.5,50563.5,50585.8,
2024-10-25T10:43:00+05:30,50588.8,50592.35,50574.3,50583.3,
2024-10-25T10:44:00+05:30,50579.6,50596.25,50564.15,50578.25,
2024-10-25T10:45:00+05:30,50575.85,50580.8,50529.95,50532.95,
2024-10-25T10:46:00+05:30,50534,50569.05,50531.75,50560.9,
2024-10-25T10:47:00+05:30,50561.5,50567.05,50545.35,50551.55,
2024-10-25T10:48:00+05:30,50553.1,50560.9,50525.1,50528.85,
2024-10-25T10:49:00+05:30,50528.85,50540.7,50503.85,50530.85,
2024-10-25T10:50:00+05:30,50530.6,50545.9,50517.45,50531.7,
2024-10-25T10:51:00+05:30,50529.4,50529.4,50487.3,50505.35,
2024-10-25T10:52:00+05:30,50510.25,50512.4,50493.2,50510.85,
2024-10-25T10:53:00+05:30,50507.1,50543,50495.85,50540.2,
2024-10-25T10:54:00+05:30,50538.8,50540.25,50440.6,50469.8,
2024-10-25T10:55:00+05:30,50471.25,50503.6,50453.4,50503.6,
2024-10-25T10:56:00+05:30,50500.9,50538.85,50481.15,50534.4,
2024-10-25T10:57:00+05:30,50532.5,50561.5,50516.6,50519.9,
2024-10-25T10:58:00+05:30,50533.5,50574.45,50507.35,50565.95,
2024-10-25T10:59:00+05:30,50567.6,50567.6,50529.85,50532.85,
2024-10-25T11:00:00+05:30,50527.35,50533.15,50486,50503.3,
2024-10-25T11:01:00+05:30,50507.9,50536.05,50497.35,50516.75,
2024-10-25T11:02:00+05:30,50513,50520.7,50495.35,50515.65,
2024-10-25T11:03:00+05:30,50521.7,50579.95,50507.55,50526.25,
2024-10-25T11:04:00+05:30,50527.35,50538.95,50507.2,50530.7,
2024-10-25T11:05:00+05:30,50527.8,50554.6,50503.35,50554.6,
2024-10-25T11:06:00+05:30,50559.1,50559.1,50505.25,50511.75,
2024-10-25T11:07:00+05:30,50510,50518.55,50492.25,50517.2,
2024-10-25T11:08:00+05:30,50518.05,50529.3,50513.1,50521,
2024-10-25T11:09:00+05:30,50517.15,50550.15,50504.6,50541.75,
2024-10-25T11:10:00+05:30,50542.95,50571.65,50534.2,50547.7,
2024-10-25T11:11:00+05:30,50550.5,50555.15,50487.55,50503.45,
2024-10-25T11:12:00+05:30,50504.2,50518.75,50490.45,50493.75,
2024-10-25T11:13:00+05:30,50492.35,50522.75,50452.55,50459.1,
2024-10-25T11:14:00+05:30,50458.1,50514.1,50450.9,50507.7,
2024-10-25T11:15:00+05:30,50515.4,50578.1,50515.4,50570.45,
2024-10-25T11:16:00+05:30,50565.9,50584.35,50528.3,50552.7,
2024-10-25T11:17:00+05:30,50553.9,50571.25,50533.15,50565,
2024-10-25T11:18:00+05:30,50555.3,50629.4,50555.25,50629.4,
2024-10-25T11:19:00+05:30,50635.5,50696.8,50624.45,50687,
2024-10-25T11:20:00+05:30,50689.8,50711.15,50654.35,50689.25,
2024-10-25T11:21:00+05:30,50680.15,50715.15,50676.1,50685,
2024-10-25T11:22:00+05:30,50684.35,50693.3,50655.1,50673.45,
2024-10-25T11:23:00+05:30,50670.8,50674.8,50646.7,50670.95,
2024-10-25T11:24:00+05:30,50663.8,50704.6,50658.45,50703.65,
2024-10-25T11:25:00+05:30,50703,50705.4,50660.15,50671.6,
2024-10-25T11:26:00+05:30,50668.2,50672.85,50635.85,50635.85,
2024-10-25T11:27:00+05:30,50634.75,50636.6,50614.7,50621.1,
2024-10-25T11:28:00+05:30,50615.85,50646,50613.35,50624.8,
2024-10-25T11:29:00+05:30,50625.2,50625.85,50602.65,50602.65,
2024-10-25T11:30:00+05:30,50602.9,50625.55,50567.1,50572.55,
2024-10-25T11:31:00+05:30,50572.2,50578.3,50528.05,50543.1,
2024-10-25T11:32:00+05:30,50544.45,50597.95,50541,50597.95,
2024-10-25T11:33:00+05:30,50593.95,50600.2,50570.65,50581.95,
2024-10-25T11:34:00+05:30,50580.55,50595.7,50554.25,50557.65,
2024-10-25T11:35:00+05:30,50555.75,50580,50548.15,50568.5,
2024-10-25T11:36:00+05:30,50569.5,50576.65,50545.1,50560.75,
2024-10-25T11:37:00+05:30,50560.55,50560.55,50514.55,50519.15,
2024-10-25T11:38:00+05:30,50524.65,50534.85,50515.2,50529.9,
2024-10-25T11:39:00+05:30,50528.2,50559.95,50520.45,50559.95,
2024-10-25T11:40:00+05:30,50560.1,50563.5,50535.5,50541.15,
2024-10-25T11:41:00+05:30,50540.7,50540.7,50510.65,50534.15,
2024-10-25T11:42:00+05:30,50533.45,50580.55,50531.25,50567.2,
2024-10-25T11:43:00+05:30,50564.45,50578.55,50538.25,50547.9,
2024-10-25T11:44:00+05:30,50548.8,50561.35,50532.15,50555.25,
2024-10-25T11:45:00+05:30,50553.9,50573.55,50549.2,50571.15,
2024-10-25T11:46:00+05:30,50570.55,50594.4,50553.2,50557.75,
2024-10-25T11:47:00+05:30,50554.25,50559.25,50531,50535.4,
2024-10-25T11:48:00+05:30,50535.8,50547.9,50519.9,50541.45,
2024-10-25T11:49:00+05:30,50544.8,50579.3,50539.75,50578.15,
2024-10-25T11:50:00+05:30,50576.75,50578.95,50553.5,50553.5,
2024-10-25T11:51:00+05:30,50551.55,50555.25,50534.5,50555.15,
2024-10-25T11:52:00+05:30,50555.15,50572.15,50547.6,50557,
2024-10-25T11:53:00+05:30,50554.4,50570,50539.9,50546.85,
2024-10-25T11:54:00+05:30,50547.3,50564.55,50541.85,50549.6,
2024-10-25T11:55:00+05:30,50549.35,50558.75,50546.65,50556.55,
2024-10-25T11:56:00+05:30,50554.15,50559.85,50537.7,50550.05,
2024-10-25T11:57:00+05:30,50553.75,50585.9,50550.7,50584.75,
2024-10-25T11:58:00+05:30,50586.1,50637.45,50586.1,50615.7,
2024-10-25T11:59:00+05:30,50616.35,50620,50582.15,50583.65,
2024-10-25T12:00:00+05:30,50584.6,50602.15,50554.9,50555.45,
2024-10-25T12:01:00+05:30,50554.9,50559.9,50540,50556.95,
2024-10-25T12:02:00+05:30,50558.65,50610.05,50558.65,50610.05,
2024-10-25T12:03:00+05:30,50604.75,50619,50591.95,50611.4,
2024-10-25T12:04:00+05:30,50614.05,50615.4,50592.9,50609.5,
2024-10-25T12:05:00+05:30,50609.5,50621.15,50601.5,50615.15,
2024-10-25T12:06:00+05:30,50613.5,50630.55,50612.75,50623.8,
2024-10-25T12:07:00+05:30,50633.1,50633.1,50605.05,50620.65,
2024-10-25T12:08:00+05:30,50623.7,50623.7,50591.7,50597.9,
2024-10-25T12:09:00+05:30,50595.6,50615.05,50586.2,50609.4,
2024-10-25T12:10:00+05:30,50609.35,50612.55,50586.5,50586.95,
2024-10-25T12:11:00+05:30,50589.9,50634,50587.35,50627,
2024-10-25T12:12:00+05:30,50627.9,50643,50605.65,50605.65,
2024-10-25T12:13:00+05:30,50608.65,50608.9,50596.3,50604.25,
2024-10-25T12:14:00+05:30,50604.7,50633.3,50603.85,50613.5,
2024-10-25T12:15:00+05:30,50617.75,50620.25,50591.7,50594.1,
2024-10-25T12:16:00+05:30,50595.55,50595.65,50575.6,50589.5,
2024-10-25T12:17:00+05:30,50590.95,50617.2,50586.65,50606,
2024-10-25T12:18:00+05:30,50611.15,50615.6,50596.7,50599.3,
2024-10-25T12:19:00+05:30,50600.6,50618.9,50595.45,50607.9,
2024-10-25T12:20:00+05:30,50609.75,50626.9,50598.05,50618.75,
2024-10-25T12:21:00+05:30,50618.25,50641.75,50614.05,50630.45,
2024-10-25T12:22:00+05:30,50634.65,50640.25,50609.9,50616.7,
2024-10-25T12:23:00+05:30,50616.8,50619.45,50585.9,50604.8,
2024-10-25T12:24:00+05:30,50604.8,50604.8,50554.45,50558.65,
2024-10-25T12:25:00+05:30,50559.05,50583.8,50555.6,50566.65,
2024-10-25T12:26:00+05:30,50566.95,50569.05,50545.85,50561.1,
2024-10-25T12:27:00+05:30,50559.95,50570.1,50549.4,50567.5,
2024-10-25T12:28:00+05:30,50567.6,50579.4,50558.4,50559.4,
2024-10-25T12:29:00+05:30,50560.85,50600.8,50556.75,50596.55,
2024-10-25T12:30:00+05:30,50598.95,50610.75,50577.85,50588,
2024-10-25T12:31:00+05:30,50587.45,50596.8,50582.55,50587.15,
2024-10-25T12:32:00+05:30,50587.05,50587.05,50569.25,50581.45,
2024-10-25T12:33:00+05:30,50581.75,50614.55,50577.7,50611.6,
2024-10-25T12:34:00+05:30,50611.65,50629.9,50601.25,50628.9,
2024-10-25T12:35:00+05:30,50630.5,50630.5,50584.85,50589.85,
2024-10-25T12:36:00+05:30,50590.15,50613.35,50588.7,50604.55,
2024-10-25T12:37:00+05:30,50604,50614.75,50603.5,50607.5,
2024-10-25T12:38:00+05:30,50607.6,50607.6,50589.2,50594.4,
2024-10-25T12:39:00+05:30,50593.05,50608.45,50588.8,50592.4,
2024-10-25T12:40:00+05:30,50593.4,50608,50588.3,50596.45,
2024-10-25T12:41:00+05:30,50596.15,50600.7,50568.1,50574.45,
2024-10-25T12:42:00+05:30,50575.35,50632.5,50569.15,50617.25,
2024-10-25T12:43:00+05:30,50618.75,50631.9,50585.75,50588.25,
2024-10-25T12:44:00+05:30,50586.6,50593.45,50582.1,50590,
2024-10-25T12:45:00+05:30,50588.15,50611.6,50584.75,50597.35,
2024-10-25T12:46:00+05:30,50591.3,50600.25,50570.55,50573.4,
2024-10-25T12:47:00+05:30,50573.1,50601,50573.1,50581.45,
2024-10-25T12:48:00+05:30,50582.4,50602.35,50580.85,50597.35,
2024-10-25T12:49:00+05:30,50595.35,50598.6,50548.45,50557.75,
2024-10-25T12:50:00+05:30,50557.2,50570.5,50548.05,50557.55,
2024-10-25T12:51:00+05:30,50557.7,50591.3,50542,50586.95,
2024-10-25T12:52:00+05:30,50586.25,50592.6,50557.6,50561.55,
2024-10-25T12:53:00+05:30,50564.05,50595.05,50562.45,50586.5,
2024-10-25T12:54:00+05:30,50584.65,50601.55,50581.5,50601.55,
2024-10-25T12:55:00+05:30,50602.25,50635.9,50602.25,50630.45,
2024-10-25T12:56:00+05:30,50630,50635.45,50611.45,50631.9,
2024-10-25T12:57:00+05:30,50629.85,50660.15,50625.7,50657.25,
2024-10-25T12:58:00+05:30,50657,50662.65,50640.75,50651.3,
2024-10-25T12:59:00+05:30,50649.55,50669.4,50639.45,50665.8,
2024-10-25T13:00:00+05:30,50661.1,50668.75,50645.95,50647.1,
2024-10-25T13:01:00+05:30,50649.8,50670.5,50644.85,50644.95,
2024-10-25T13:02:00+05:30,50645.25,50655.35,50631.65,50648.1,
2024-10-25T13:03:00+05:30,50647.65,50667.6,50643.05,50663.75,
2024-10-25T13:04:00+05:30,50663.05,50665.25,50634.85,50636.85,
2024-10-25T13:05:00+05:30,50636.15,50674.45,50635.15,50664.3,
2024-10-25T13:06:00+05:30,50660.4,50666.2,50642.5,50647.25,
2024-10-25T13:07:00+05:30,50646.65,50668,50640.15,50664.2,
2024-10-25T13:08:00+05:30,50661.1,50671.65,50650.15,50661.95,
2024-10-25T13:09:00+05:30,50663.6,50687.9,50654.85,50656.85,
2024-10-25T13:10:00+05:30,50652.8,50655.65,50634.65,50638.3,
2024-10-25T13:11:00+05:30,50636.85,50639.1,50619.35,50622.85,
2024-10-25T13:12:00+05:30,50623.2,50639.65,50617.45,50629.2,
2024-10-25T13:13:00+05:30,50628.25,50648.7,50620.05,50642.2,
2024-10-25T13:14:00+05:30,50641.2,50651,50631.85,50638.7,
2024-10-25T13:15:00+05:30,50638.6,50646.65,50634.9,50645.5,
2024-10-25T13:16:00+05:30,50644.75,50662.4,50641.75,50646.95,
2024-10-25T13:17:00+05:30,50646.5,50647.1,50628.5,50630.1,
2024-10-25T13:18:00+05:30,50632.5,50635.2,50612.55,50618.8,
2024-10-25T13:19:00+05:30,50619.35,50624.15,50602.3,50605.75,
2024-10-25T13:20:00+05:30,50607.35,50620.7,50598.4,50602.55,
2024-10-25T13:21:00+05:30,50601.9,50601.9,50583.7,50596.35,
2024-10-25T13:22:00+05:30,50601.1,50614.8,50588.85,50603.2,
2024-10-25T13:23:00+05:30,50601.85,50612.2,50580.2,50593.1,
2024-10-25T13:24:00+05:30,50593,50603.8,50572.6,50572.6,
2024-10-25T13:25:00+05:30,50573.3,50582.3,50570.35,50570.8,
2024-10-25T13:26:00+05:30,50570.7,50608.7,50559.75,50597.8,
2024-10-25T13:27:00+05:30,50599,50599,50574.35,50574.35,
2024-10-25T13:28:00+05:30,50575.35,50589.85,50566.7,50584.15,
2024-10-25T13:29:00+05:30,50583.25,50608.7,50581.3,50603.3,
2024-10-25T13:30:00+05:30,50601.6,50608.25,50575.7,50578.15,
2024-10-25T13:31:00+05:30,50582.15,50596.25,50576.9,50593.95,
2024-10-25T13:32:00+05:30,50592.85,50595.35,50572.95,50583,
2024-10-25T13:33:00+05:30,50583.2,50587.5,50568.75,50568.75,
2024-10-25T13:34:00+05:30,50573.65,50612.65,50568.9,50581,
2024-10-25T13:35:00+05:30,50580.15,50603.35,50577.55,50599.9,
2024-10-25T13:36:00+05:30,50600.7,50610.25,50590.55,50591.5,
2024-10-25T13:37:00+05:30,50596.25,50601.95,50547.95,50550.5,
2024-10-25T13:38:00+05:30,50550.65,50569.45,50526.95,50563.4,
2024-10-25T13:39:00+05:30,50563.65,50569.75,50559.1,50562.1,
2024-10-25T13:40:00+05:30,50562.1,50562.25,50545.4,50553.85,
2024-10-25T13:41:00+05:30,50551.9,50578.45,50551.9,50573.45,
2024-10-25T13:42:00+05:30,50574.7,50589.9,50569.85,50581.3,
2024-10-25T13:43:00+05:30,50585,50593.35,50572.25,50573.8,
2024-10-25T13:44:00+05:30,50574.1,50583.7,50570.35,50577.45,
2024-10-25T13:45:00+05:30,50577.85,50594.05,50564.65,50581.75,
2024-10-25T13:46:00+05:30,50582.7,50586.75,50568.1,50575.75,
2024-10-25T13:47:00+05:30,50576.85,50581.1,50561.2,50570.05,
2024-10-25T13:48:00+05:30,50574,50579.6,50559.3,50560.55,
2024-10-25T13:49:00+05:30,50561.3,50580.4,50556.4,50558.5,
2024-10-25T13:50:00+05:30,50561,50576.05,50558.55,50560.3,
2024-10-25T13:51:00+05:30,50563.55,50590.15,50560.6,50586.75,
2024-10-25T13:52:00+05:30,50589.45,50603.7,50587.9,50597.15,
2024-10-25T13:53:00+05:30,50604.25,50614.7,50600.5,50606.8,
2024-10-25T13:54:00+05:30,50609.8,50615.8,50584.2,50585.15,
2024-10-25T13:55:00+05:30,50592.25,50593.95,50572.7,50577.95,
2024-10-25T13:56:00+05:30,50577.8,50587.15,50566.7,50577.2,
2024-10-25T13:57:00+05:30,50578.4,50578.4,50562.35,50565.05,
2024-10-25T13:58:00+05:30,50563.4,50572.3,50557.45,50568.5,
2024-10-25T13:59:00+05:30,50568.85,50579.4,50560.35,50565.65,
2024-10-25T14:00:00+05:30,50567.3,50574,50544.35,50565.15,
2024-10-25T14:01:00+05:30,50570.45,50578.6,50539.35,50548.15,
2024-10-25T14:02:00+05:30,50548.15,50561.5,50533,50550.4,
2024-10-25T14:03:00+05:30,50560.85,50568.65,50547.5,50554.6,
2024-10-25T14:04:00+05:30,50562.35,50566.95,50548.65,50561.85,
2024-10-25T14:05:00+05:30,50562.65,50572.85,50553.65,50561.85,
2024-10-25T14:06:00+05:30,50562,50575.85,50552.55,50575.85,
2024-10-25T14:07:00+05:30,50576.75,50578.05,50557.8,50569.05,
2024-10-25T14:08:00+05:30,50568.15,50572.8,50554.45,50554.45,
2024-10-25T14:09:00+05:30,50556.1,50562.1,50546.15,50551.65,
2024-10-25T14:10:00+05:30,50552.95,50558.8,50527.3,50537.95,
2024-10-25T14:11:00+05:30,50541.8,50541.8,50501,50507.2,
2024-10-25T14:12:00+05:30,50511.9,50515.15,50483.1,50490.15,
2024-10-25T14:13:00+05:30,50492.55,50494.85,50450.3,50476.65,
2024-10-25T14:14:00+05:30,50477.45,50489.25,50473,50473.95,
2024-10-25T14:15:00+05:30,50481.05,50497.55,50468.8,50492.2,
2024-10-25T14:16:00+05:30,50492.6,50501.9,50475.55,50488.8,
2024-10-25T14:17:00+05:30,50495.05,50495.05,50435.4,50454.35,
2024-10-25T14:18:00+05:30,50455.95,50474.75,50442.75,50462.7,
2024-10-25T14:19:00+05:30,50462.45,50467.15,50446.8,50460.3,
2024-10-25T14:20:00+05:30,50456.6,50477.05,50455.6,50474.5,
2024-10-25T14:21:00+05:30,50477.55,50477.55,50427.45,50455.1,
2024-10-25T14:22:00+05:30,50455.3,50455.3,50434.65,50450.8,
2024-10-25T14:23:00+05:30,50457.35,50457.35,50407.25,50410.3,
2024-10-25T14:24:00+05:30,50414.7,50435.85,50405.55,50427.9,
2024-10-25T14:25:00+05:30,50423.8,50428.65,50399.1,50416.95,
2024-10-25T14:26:00+05:30,50418.55,50428.1,50406.8,50417.25,
2024-10-25T14:27:00+05:30,50423.7,50428.1,50403.85,50412.65,
2024-10-25T14:28:00+05:30,50413.7,50427.55,50382.1,50427,
2024-10-25T14:29:00+05:30,50419.8,50440.7,50418.4,50432.35,
2024-10-25T14:30:00+05:30,50437.2,50437.6,50405.05,50412.25,
2024-10-25T14:31:00+05:30,50420.6,50428.3,50395.65,50405.45,
2024-10-25T14:32:00+05:30,50405.35,50423.9,50404.3,50418,
2024-10-25T14:33:00+05:30,50425.4,50430.75,50395.75,50429.2,
2024-10-25T14:34:00+05:30,50431.45,50443.7,50421.95,50442.95,
2024-10-25T14:35:00+05:30,50443.5,50467.7,50441.2,50457.35,
2024-10-25T14:36:00+05:30,50455.45,50460.55,50419.7,50422.3,
2024-10-25T14:37:00+05:30,50426,50426,50397.55,50410.4,
2024-10-25T14:38:00+05:30,50411.25,50422.95,50398.1,50398.1,
2024-10-25T14:39:00+05:30,50404.4,50418.55,50401.6,50415.05,
2024-10-25T14:40:00+05:30,50417.3,50423.35,50393.75,50408.8,
2024-10-25T14:41:00+05:30,50407.7,50431.55,50395.75,50429,
2024-10-25T14:42:00+05:30,50430.6,50454.7,50414,50447.75,
2024-10-25T14:43:00+05:30,50444.85,50483.5,50444.85,50472.1,
2024-10-25T14:44:00+05:30,50479.9,50490.3,50453.65,50478.65,
2024-10-25T14:45:00+05:30,50484.9,50522.2,50463.4,50522.2,
2024-10-25T14:46:00+05:30,50515.65,50536.95,50507.7,50529.95,
2024-10-25T14:47:00+05:30,50534.65,50546,50520.45,50533.85,
2024-10-25T14:48:00+05:30,50531.05,50554,50523.85,50553.05,
2024-10-25T14:49:00+05:30,50554.45,50592.45,50545.95,50573,
2024-10-25T14:50:00+05:30,50576,50646.8,50564.85,50606.7,
2024-10-25T14:51:00+05:30,50609.55,50613.1,50561.2,50588.9,
2024-10-25T14:52:00+05:30,50583.35,50627.95,50578.1,50607.8,
2024-10-25T14:53:00+05:30,50607.55,50646.95,50606.45,50641.35,
2024-10-25T14:54:00+05:30,50638.25,50660.95,50633.3,50659.25,
2024-10-25T14:55:00+05:30,50654.75,50678.35,50623.7,50636.5,
2024-10-25T14:56:00+05:30,50642.05,50659,50632.4,50656.95,
2024-10-25T14:57:00+05:30,50659.25,50690,50654.8,50690,
2024-10-25T14:58:00+05:30,50687.35,50717.2,50677.2,50690.8,
2024-10-25T14:59:00+05:30,50689.55,50731.65,50687.2,50727.15,
2024-10-25T15:00:00+05:30,50724.95,50776.05,50720.5,50776.05,
2024-10-25T15:01:00+05:30,50767.45,50828.9,50767.45,50772.9,
2024-10-25T15:02:00+05:30,50775.1,50784.3,50724.95,50749.75,
2024-10-25T15:03:00+05:30,50746.45,50754.2,50716.4,50744.6,
2024-10-25T15:04:00+05:30,50740.35,50755.85,50720.15,50720.15,
2024-10-25T15:05:00+05:30,50722.05,50751.15,50691.2,50695.2,
2024-10-25T15:06:00+05:30,50694,50700.35,50676.15,50699.1,
2024-10-25T15:07:00+05:30,50691.5,50714.35,50687.1,50703.35,
2024-10-25T15:08:00+05:30,50701.25,50704.8,50679.35,50695.5,
2024-10-25T15:09:00+05:30,50694.05,50718.95,50679.2,50716.75,
2024-10-25T15:10:00+05:30,50715.45,50715.45,50690.95,50705.15,
2024-10-25T15:11:00+05:30,50706.2,50769.3,50694.75,50769.3,
2024-10-25T15:12:00+05:30,50769.2,50815.4,50754.45,50811.9,
2024-10-25T15:13:00+05:30,50813.35,50813.35,50782.55,50785.3,
2024-10-25T15:14:00+05:30,50783.5,50799.8,50768.05,50795.65,
2024-10-25T15:15:00+05:30,50800.85,50873.3,50798.1,50838.9,
2024-10-25T15:16:00+05:30,50836.65,50880.35,50828.85,50866.75,
2024-10-25T15:17:00+05:30,50863.85,50880.25,50856.2,50870.7,
2024-10-25T15:18:00+05:30,50877.95,50880.25,50858,50879.8,
2024-10-25T15:19:00+05:30,50877.05,50888.65,50858.9,50859.8,
2024-10-25T15:20:00+05:30,50859.95,50888.95,50854.6,50883.4,
2024-10-25T15:21:00+05:30,50887.25,50887.45,50852.95,50858.6,
2024-10-25T15:22:00+05:30,50857.1,50867.05,50846.2,50855.55,
2024-10-25T15:23:00+05:30,50856.75,50885.4,50847.3,50885.35,
2024-10-25T15:24:00+05:30,50875.9,50885.9,50847.5,50867,
2024-10-25T15:25:00+05:30,50863.55,50882.2,50853.15,50856.75,
2024-10-25T15:26:00+05:30,50855.15,50866.2,50827.1,50859.3,
2024-10-25T15:27:00+05:30,50858.8,50865.25,50841.1,50854.25,
2024-10-25T15:28:00+05:30,50854.35,50864.6,50837,50847.35,
2024-10-25T15:29:00+05:30,50850,50867.8,50834.25,50854.7,
2024-10-28T09:15:00+05:30,51061.35,51149.9,51012.55,51131.1,
2024-10-28T09:16:00+05:30,51148.2,51181,51089.5,51095.65,
2024-10-28T09:17:00+05:30,51101.35,51136.3,51056.15,51083.05,
2024-10-28T09:18:00+05:30,51076.35,51141.85,51061,51136.25,
2024-10-28T09:19:00+05:30,51129.7,51220.75,51127.05,51211.15,
2024-10-28T09:20:00+05:30,51218.6,51294.75,51215.45,51256,
2024-10-28T09:21:00+05:30,51255.35,51281.75,51153.25,51176.9,
2024-10-28T09:22:00+05:30,51173.1,51265.05,51173.1,51254.85,
2024-10-28T09:23:00+05:30,51248.6,51277.65,51236.85,51246.3,
2024-10-28T09:24:00+05:30,51255.7,51341.15,51246.6,51332.8,
2024-10-28T09:25:00+05:30,51325.65,51371.75,51300.8,51322.55,
2024-10-28T09:26:00+05:30,51320.85,51323.85,51226.9,51259.05,
2024-10-28T09:27:00+05:30,51256.25,51320.6,51242.15,51272.2,
2024-10-28T09:28:00+05:30,51271.5,51306.2,51251.45,51297,
2024-10-28T09:29:00+05:30,51295.15,51315.85,51240.3,51258.35,
2024-10-28T09:30:00+05:30,51264.35,51287.05,51187.6,51190.45,
2024-10-28T09:31:00+05:30,51186.5,51228.5,51179.1,51202.05,
2024-10-28T09:32:00+05:30,51201.9,51301.6,51194.5,51288.35,
2024-10-28T09:33:00+05:30,51283.45,51300.9,51233.4,51237.5,
2024-10-28T09:34:00+05:30,51232.5,51252.4,51201.5,51219.85,
2024-10-28T09:35:00+05:30,51219.1,51265.5,51203,51244.8,
2024-10-28T09:36:00+05:30,51237.1,51243.35,51207.15,51227.75,
2024-10-28T09:37:00+05:30,51223,51235.4,51206.6,51222.25,
2024-10-28T09:38:00+05:30,51221.6,51228.65,51148.05,51199.95,
2024-10-28T09:39:00+05:30,51198.45,51229.1,51171.95,51179.8,
2024-10-28T09:40:00+05:30,51174.85,51198.25,51167.3,51169.25,
2024-10-28T09:41:00+05:30,51169.65,51192.35,51111.35,51120.1,
2024-10-28T09:42:00+05:30,51113.95,51125.5,51091.65,51106.15,
2024-10-28T09:43:00+05:30,51107.1,51137.25,51090.5,51122.65,
2024-10-28T09:44:00+05:30,51124.75,51156.5,51121.75,51132.85,
2024-10-28T09:45:00+05:30,51130.35,51130.35,51075.4,51102.05,
2024-10-28T09:46:00+05:30,51097.6,51285.55,51097.6,51274.25,
2024-10-28T09:47:00+05:30,51279.7,51384.8,51272.75,51316,
2024-10-28T09:48:00+05:30,51329.25,51339.8,51290.5,51300.05,
2024-10-28T09:49:00+05:30,51304.1,51304.1,51228.5,51238.65,
2024-10-28T09:50:00+05:30,51217.65,51291.75,51217.65,51277.2,
2024-10-28T09:51:00+05:30,51281.4,51294.75,51263.5,51288.05,
2024-10-28T09:52:00+05:30,51284.15,51334.15,51282.4,51306.95,
2024-10-28T09:53:00+05:30,51304.65,51345.75,51301.9,51342.1,
2024-10-28T09:54:00+05:30,51342.65,51389.65,51335.1,51371.2,
2024-10-28T09:55:00+05:30,51374.4,51418.5,51371.05,51414.1,
2024-10-28T09:56:00+05:30,51409.9,51434.3,51398.8,51405.3,
2024-10-28T09:57:00+05:30,51408.7,51408.7,51353.35,51402.75,
2024-10-28T09:58:00+05:30,51403.6,51418.9,51397.25,51408.55,
2024-10-28T09:59:00+05:30,51404.6,51424,51387.35,51424,
2024-10-28T10:00:00+05:30,51424.4,51449.1,51411.3,51411.3,
2024-10-28T10:01:00+05:30,51414.5,51414.5,51334.65,51372.6,
2024-10-28T10:02:00+05:30,51365,51370.1,51310.65,51334.8,
2024-10-28T10:03:00+05:30,51333.45,51362.95,51323.4,51346.1,
2024-10-28T10:04:00+05:30,51345.15,51366.25,51344.25,51356.55,
2024-10-28T10:05:00+05:30,51353.55,51382.8,51349.3,51373.6,
2024-10-28T10:06:00+05:30,51377.15,51420.25,51362.7,51418.7,
2024-10-28T10:07:00+05:30,51418.9,51428.95,51390.15,51418.1,
2024-10-28T10:08:00+05:30,51414.6,51423.6,51375.6,51378.75,
2024-10-28T10:09:00+05:30,51382.35,51395.6,51345.5,51392.7,
2024-10-28T10:10:00+05:30,51382.8,51406.25,51363.95,51395.6,
2024-10-28T10:11:00+05:30,51396.2,51399.2,51366.65,51378.75,
2024-10-28T10:12:00+05:30,51377.1,51397.8,51371.75,51393.6,
2024-10-28T10:13:00+05:30,51398.25,51436.55,51388.7,51430.2,
2024-10-28T10:14:00+05:30,51431.6,51454.6,51411.3,51423.65,
2024-10-28T10:15:00+05:30,51421.2,51433.65,51414.75,51416.85,
2024-10-28T10:16:00+05:30,51417.65,51492.7,51396.9,51475.55,
2024-10-28T10:17:00+05:30,51476.9,51494.85,51471,51494.85,
2024-10-28T10:18:00+05:30,51493.5,51544.75,51493.25,51533.1,
2024-10-28T10:19:00+05:30,51535.05,51540.6,51514.6,51531.6,
2024-10-28T10:20:00+05:30,51533,51557.05,51528.95,51540.2,
2024-10-28T10:21:00+05:30,51537.25,51539,51496.05,51513.4,
2024-10-28T10:22:00+05:30,51511.1,51520.65,51503.75,51515.15,
2024-10-28T10:23:00+05:30,51517.7,51525.35,51502.7,51502.7,
2024-10-28T10:24:00+05:30,51501.05,51563.1,51501.05,51545.85,
2024-10-28T10:25:00+05:30,51551.85,51566.1,51515.15,51519.6,
2024-10-28T10:26:00+05:30,51521.25,51535,51479.85,51480.1,
2024-10-28T10:27:00+05:30,51480.3,51492.7,51430.3,51444.15,
2024-10-28T10:28:00+05:30,51443.95,51485.4,51438,51478.25,
2024-10-28T10:29:00+05:30,51480.05,51480.75,51446.35,51454.1,
2024-10-28T10:30:00+05:30,51452.5,51486.65,51452.5,51466.4,
2024-10-28T10:31:00+05:30,51468.35,51505.15,51461.65,51485.55,
2024-10-28T10:32:00+05:30,51478.55,51485.25,51401.6,51412.05,
2024-10-28T10:33:00+05:30,51419.15,51432.6,51405.45,51408.95,
2024-10-28T10:34:00+05:30,51408.1,51431.8,51406.2,51426.5,
2024-10-28T10:35:00+05:30,51425.7,51457.5,51417.75,51454.1,
2024-10-28T10:36:00+05:30,51452.85,51477.7,51445,51477.55,
2024-10-28T10:37:00+05:30,51477.95,51488.85,51464.3,51465.15,
2024-10-28T10:38:00+05:30,51464.25,51486.5,51456.25,51474.95,
2024-10-28T10:39:00+05:30,51474.55,51482.4,51461.25,51478.7,
2024-10-28T10:40:00+05:30,51481.25,51514.9,51468,51502.95,
2024-10-28T10:41:00+05:30,51503.55,51513.95,51486.75,51487.45,
2024-10-28T10:42:00+05:30,51487.05,51512.65,51480.7,51497.9,
2024-10-28T10:43:00+05:30,51499.8,51516.15,51497.25,51507.55,
2024-10-28T10:44:00+05:30,51502.75,51522.6,51472.1,51476.65,
2024-10-28T10:45:00+05:30,51477.1,51509.55,51477.1,51504.05,
2024-10-28T10:46:00+05:30,51500.75,51520.9,51500.75,51516.6,
2024-10-28T10:47:00+05:30,51514.7,51519.8,51495.8,51501.5,
2024-10-28T10:48:00+05:30,51501.4,51519.15,51496.9,51500,
2024-10-28T10:49:00+05:30,51501.3,51533,51499.85,51513.6,
2024-10-28T10:50:00+05:30,51508.6,51526.2,51500.8,51503.45,
2024-10-28T10:51:00+05:30,51503.6,51526.1,51499.45,51520.2,
2024-10-28T10:52:00+05:30,51523.4,51548,51517.9,51540.1,
2024-10-28T10:53:00+05:30,51539.2,51541.4,51512.6,51518.75,
2024-10-28T10:54:00+05:30,51510.85,51522.45,51470.55,51475.4,
2024-10-28T10:55:00+05:30,51474.5,51485.6,51468.6,51483.65,
2024-10-28T10:56:00+05:30,51484.1,51510.15,51482.9,51493.45,
2024-10-28T10:57:00+05:30,51490.8,51494.9,51431.5,51445.3,
2024-10-28T10:58:00+05:30,51443.15,51456.05,51424.05,51450,
2024-10-28T10:59:00+05:30,51453.95,51471,51450.15,51456.95,
2024-10-28T11:00:00+05:30,51459.5,51467.85,51400.5,51424,
2024-10-28T11:01:00+05:30,51421.5,51440.65,51412.5,51428.85,
2024-10-28T11:02:00+05:30,51431.3,51437.6,51338.9,51347.75,
2024-10-28T11:03:00+05:30,51350.1,51350.1,51298.9,51325.4,
2024-10-28T11:04:00+05:30,51314.35,51337.75,51290.15,51336.3,
2024-10-28T11:05:00+05:30,51334.1,51343.1,51272.75,51309.55,
2024-10-28T11:06:00+05:30,51308.65,51330.85,51303.4,51313,
2024-10-28T11:07:00+05:30,51316.75,51322.7,51279,51311.35,
2024-10-28T11:08:00+05:30,51310.55,51346.5,51308.7,51343.5,
2024-10-28T11:09:00+05:30,51348.5,51358.05,51315.1,51320.6,
2024-10-28T11:10:00+05:30,51322.45,51322.45,51264.2,51275.3,
2024-10-28T11:11:00+05:30,51276.2,51288.6,51254.9,51264.25,
2024-10-28T11:12:00+05:30,51263.9,51307.55,51263.9,51305.5,
2024-10-28T11:13:00+05:30,51304.05,51362.2,51292.1,51360.4,
2024-10-28T11:14:00+05:30,51357.95,51386.8,51357.3,51375.55,
2024-10-28T11:15:00+05:30,51376.25,51380.7,51325.3,51327.45,
2024-10-28T11:16:00+05:30,51331.7,51366.25,51318.2,51366.25,
2024-10-28T11:17:00+05:30,51363,51391.1,51353.55,51382.55,
2024-10-28T11:18:00+05:30,51384.8,51400.35,51378.95,51378.95,
2024-10-28T11:19:00+05:30,51379.45,51381.9,51335.4,51354.2,
2024-10-28T11:20:00+05:30,51352.8,51362.55,51340.55,51344.6,
2024-10-28T11:21:00+05:30,51344.15,51352.95,51314.85,51314.85,
2024-10-28T11:22:00+05:30,51313.05,51333.5,51309.5,51319.5,
2024-10-28T11:23:00+05:30,51318.2,51356.85,51318.2,51345.65,
2024-10-28T11:24:00+05:30,51340.05,51344.45,51324.5,51333.45,
2024-10-28T11:25:00+05:30,51332.7,51357.7,51330.45,51338.8,
2024-10-28T11:26:00+05:30,51331.95,51345.95,51310.35,51339.55,
2024-10-28T11:27:00+05:30,51338.9,51347.55,51320.8,51329.35,
2024-10-28T11:28:00+05:30,51329.45,51345.65,51327.65,51343.8,
2024-10-28T11:29:00+05:30,51345.8,51355,51328.85,51350.15,
2024-10-28T11:30:00+05:30,51347.9,51349.7,51305.85,51317.45,
2024-10-28T11:31:00+05:30,51318.1,51338.55,51314.55,51322.95,
2024-10-28T11:32:00+05:30,51321.95,51350.25,51319.65,51348.55,
2024-10-28T11:33:00+05:30,51349.05,51366.9,51347.05,51354.15,
2024-10-28T11:34:00+05:30,51354.75,51357.6,51334.15,51336.3,
2024-10-28T11:35:00+05:30,51334.55,51356.4,51325.65,51349.35,
2024-10-28T11:36:00+05:30,51348.2,51355.45,51323.25,51328.45,
2024-10-28T11:37:00+05:30,51325.7,51349.25,51317.8,51320.3,
2024-10-28T11:38:00+05:30,51328.4,51338.95,51320.95,51330.95,
2024-10-28T11:39:00+05:30,51333,51345.65,51308.2,51334.6,
2024-10-28T11:40:00+05:30,51341.6,51358.25,51332.3,51340.65,
2024-10-28T11:41:00+05:30,51341.8,51364.95,51339.8,51364.6,
2024-10-28T11:42:00+05:30,51365.15,51374.65,51349.75,51354.4,
2024-10-28T11:43:00+05:30,51354.65,51389.8,51345.85,51389.8,
2024-10-28T11:44:00+05:30,51387.25,51429.7,51384.9,51429.7,
2024-10-28T11:45:00+05:30,51429.5,51446.9,51420.05,51443.4,
2024-10-28T11:46:00+05:30,51447,51448.65,51421.7,51431.05,
2024-10-28T11:47:00+05:30,51432.35,51433.25,51413.6,51429,
2024-10-28T11:48:00+05:30,51428.95,51462.35,51424.2,51454.9,
2024-10-28T11:49:00+05:30,51454.95,51460.5,51451.1,51453.05,
2024-10-28T11:50:00+05:30,51456.85,51472.5,51445.7,51448.7,
2024-10-28T11:51:00+05:30,51447.45,51447.45,51426.8,51429.05,
2024-10-28T11:52:00+05:30,51433.55,51433.55,51411,51427.4,
2024-10-28T11:53:00+05:30,51427.05,51442.3,51416.1,51430.45,
2024-10-28T11:54:00+05:30,51434.6,51448.4,51422.9,51424.15,
2024-10-28T11:55:00+05:30,51422.4,51429.2,51383.7,51392.1,
2024-10-28T11:56:00+05:30,51385.85,51394.05,51372.2,51381.3,
2024-10-28T11:57:00+05:30,51384.4,51394.1,51372.35,51385,
2024-10-28T11:58:00+05:30,51378.8,51396.7,51370.1,51396.35,
2024-10-28T11:59:00+05:30,51392.9,51420.5,51392.9,51420.5,
2024-10-28T12:00:00+05:30,51415.75,51416.2,51391.55,51393.85,
2024-10-28T12:01:00+05:30,51391.2,51408.6,51366.3,51377.45,
2024-10-28T12:02:00+05:30,51378.05,51402.7,51378.05,51394.35,
2024-10-28T12:03:00+05:30,51394.2,51402.05,51385.3,51399.5,
2024-10-28T12:04:00+05:30,51397.85,51419.7,51396.3,51411.8,
2024-10-28T12:05:00+05:30,51413.95,51441.8,51408.85,51429.75,
2024-10-28T12:06:00+05:30,51425.65,51454.4,51425.65,51454.4,
2024-10-28T12:07:00+05:30,51450.65,51463.6,51437.85,51459.95,
2024-10-28T12:08:00+05:30,51456.85,51466.05,51444.6,51458.2,
2024-10-28T12:09:00+05:30,51451.8,51468.4,51442.85,51451.05,
2024-10-28T12:10:00+05:30,51451.95,51470.1,51451.45,51461.05,
2024-10-28T12:11:00+05:30,51465.95,51469.75,51451.7,51456.3,
2024-10-28T12:12:00+05:30,51456.5,51473.5,51433.45,51473.5,
2024-10-28T12:13:00+05:30,51477.5,51540.05,51477.5,51526.1,
2024-10-28T12:14:00+05:30,51528.55,51586.9,51528.55,51569.15,
2024-10-28T12:15:00+05:30,51568.55,51589.15,51534.65,51534.65,
2024-10-28T12:16:00+05:30,51534.8,51547.75,51513.05,51528.15,
2024-10-28T12:17:00+05:30,51534.75,51564.15,51525.4,51550.85,
2024-10-28T12:18:00+05:30,51555.65,51561.75,51533.55,51549.1,
2024-10-28T12:19:00+05:30,51550.65,51554.85,51535.95,51552.2,
2024-10-28T12:20:00+05:30,51554.55,51555.35,51521.15,51554.05,
2024-10-28T12:21:00+05:30,51553.75,51554.15,51540.6,51551.45,
2024-10-28T12:22:00+05:30,51542.45,51561.7,51538.4,51556.35,
2024-10-28T12:23:00+05:30,51563.7,51563.7,51537.6,51544.7,
2024-10-28T12:24:00+05:30,51537.1,51544.4,51486.85,51492.35,
2024-10-28T12:25:00+05:30,51497.65,51512.7,51477.4,51502.35,
2024-10-28T12:26:00+05:30,51496.35,51530.85,51491.75,51519,
2024-10-28T12:27:00+05:30,51519.35,51534,51507.35,51527.15,
2024-10-28T12:28:00+05:30,51524.9,51532.65,51502.9,51506.7,
2024-10-28T12:29:00+05:30,51514.6,51531.1,51511.05,51522.95,
2024-10-28T12:30:00+05:30,51515.2,51529.55,51491.65,51500.95,
2024-10-28T12:31:00+05:30,51497.9,51523.95,51484.15,51485.75,
2024-10-28T12:32:00+05:30,51481.25,51502.25,51481.25,51494.8,
2024-10-28T12:33:00+05:30,51498.3,51515.6,51496.9,51513.9,
2024-10-28T12:34:00+05:30,51512.35,51563.15,51504.7,51544.65,
2024-10-28T12:35:00+05:30,51545.2,51550.1,51530.5,51537.15,
2024-10-28T12:36:00+05:30,51529,51535.95,51495.25,51506.75,
2024-10-28T12:37:00+05:30,51510.15,51510.15,51494,51500.5,
2024-10-28T12:38:00+05:30,51503.15,51511.3,51494,51497.85,
2024-10-28T12:39:00+05:30,51498.3,51512.75,51493.75,51510.7,
2024-10-28T12:40:00+05:30,51511.8,51525.9,51507.2,51518,
2024-10-28T12:41:00+05:30,51514.75,51530,51508.35,51527.45,
2024-10-28T12:42:00+05:30,51523.85,51539.1,51511.65,51521.15,
2024-10-28T12:43:00+05:30,51519.6,51528.4,51426.4,51441.85,
2024-10-28T12:44:00+05:30,51446.55,51459.6,51418.5,51425.95,
2024-10-28T12:45:00+05:30,51420.35,51426.2,51361,51405.35,
2024-10-28T12:46:00+05:30,51406.45,51443.2,51400.75,51426.7,
2024-10-28T12:47:00+05:30,51427.65,51437.7,51393.25,51397.4,
2024-10-28T12:48:00+05:30,51401.7,51401.7,51361.75,51395.05,
2024-10-28T12:49:00+05:30,51400.85,51403.4,51388.1,51390.65,
2024-10-28T12:50:00+05:30,51395.55,51403.65,51357.4,51373.85,
2024-10-28T12:51:00+05:30,51377.6,51393.15,51350,51367.3,
2024-10-28T12:52:00+05:30,51367.6,51399.25,51365.1,51387.8,
2024-10-28T12:53:00+05:30,51392.35,51405.85,51381,51400.8,
2024-10-28T12:54:00+05:30,51401.45,51429.95,51401.45,51413.2,
2024-10-28T12:55:00+05:30,51417.3,51417.3,51371.65,51372,
2024-10-28T12:56:00+05:30,51372.1,51400.8,51367.25,51369.95,
2024-10-28T12:57:00+05:30,51371.45,51399,51371.45,51388.35,
2024-10-28T12:58:00+05:30,51392.95,51414.2,51390.3,51399.9,
2024-10-28T12:59:00+05:30,51403.55,51415.8,51401,51401.7,
2024-10-28T13:00:00+05:30,51405.75,51411.35,51384.9,51384.9,
2024-10-28T13:01:00+05:30,51388.85,51399.1,51376.6,51396.4,
2024-10-28T13:02:00+05:30,51397.15,51397.15,51374.15,51380.55,
2024-10-28T13:03:00+05:30,51383.75,51405.3,51373.85,51394.55,
2024-10-28T13:04:00+05:30,51395.4,51414.15,51393.85,51414.05,
2024-10-28T13:05:00+05:30,51410.9,51439.95,51405.7,51433.85,
2024-10-28T13:06:00+05:30,51433.5,51446.3,51416.95,51419.75,
2024-10-28T13:07:00+05:30,51427.15,51443,51420.3,51441.75,
2024-10-28T13:08:00+05:30,51440.45,51449.1,51436.2,51444.7,
2024-10-28T13:09:00+05:30,51454.5,51460.25,51441.15,51451.3,
2024-10-28T13:10:00+05:30,51450.6,51476.7,51443.4,51474.25,
2024-10-28T13:11:00+05:30,51472,51486,51465.5,51471,
2024-10-28T13:12:00+05:30,51471.75,51477.15,51440.55,51447.7,
2024-10-28T13:13:00+05:30,51445.05,51459.85,51440.65,51449.4,
2024-10-28T13:14:00+05:30,51444.45,51445.35,51417.2,51433.95,
2024-10-28T13:15:00+05:30,51443.4,51450.2,51420.85,51424.1,
2024-10-28T13:16:00+05:30,51425.65,51453.65,51417.45,51451.9,
2024-10-28T13:17:00+05:30,51457.4,51472.8,51452.85,51469.65,
2024-10-28T13:18:00+05:30,51466.75,51470.85,51448.5,51456.35,
2024-10-28T13:19:00+05:30,51461.35,51462,51435.95,51442.7,
2024-10-28T13:20:00+05:30,51446.05,51472.45,51444.65,51466.7,
2024-10-28T13:21:00+05:30,51470.25,51470.6,51430.8,51444.75,
2024-10-28T13:22:00+05:30,51441.25,51454.7,51437.75,51451.05,
2024-10-28T13:23:00+05:30,51450.5,51467.25,51450.25,51460.1,
2024-10-28T13:24:00+05:30,51459.25,51495.2,51457.85,51492.75,
2024-10-28T13:25:00+05:30,51489.35,51497,51480.3,51483.8,
2024-10-28T13:26:00+05:30,51486.8,51488.7,51468.95,51488.7,
2024-10-28T13:27:00+05:30,51477.65,51488.35,51467.6,51477.95,
2024-10-28T13:28:00+05:30,51469.1,51478.3,51458.2,51466.6,
2024-10-28T13:29:00+05:30,51465.85,51472.05,51454.7,51465.95,
2024-10-28T13:30:00+05:30,51470.75,51471.15,51423.55,51438.65,
2024-10-28T13:31:00+05:30,51439.2,51449,51428.4,51441.65,
2024-10-28T13:32:00+05:30,51431.35,51441.45,51413,51431.4,
2024-10-28T13:33:00+05:30,51435.1,51456.55,51432.75,51456.55,
2024-10-28T13:34:00+05:30,51456.75,51470.6,51442.35,51463.85,
2024-10-28T13:35:00+05:30,51469.95,51472.7,51447.65,51449.45,
2024-10-28T13:36:00+05:30,51458.25,51458.25,51427.9,51431.35,
2024-10-28T13:37:00+05:30,51431.1,51431.15,51408.85,51414,
2024-10-28T13:38:00+05:30,51411.2,51429.4,51410.1,51423.45,
2024-10-28T13:39:00+05:30,51423.7,51423.7,51383.45,51408,
2024-10-28T13:40:00+05:30,51412.8,51417.2,51403.35,51405.25,
2024-10-28T13:41:00+05:30,51402.4,51413.5,51382.4,51413.5,
2024-10-28T13:42:00+05:30,51412,51427.4,51412,51427.35,
2024-10-28T13:43:00+05:30,51422.95,51429.7,51395.8,51410.3,
2024-10-28T13:44:00+05:30,51410.05,51424.85,51403.55,51424.85,
2024-10-28T13:45:00+05:30,51424.65,51435.5,51414,51433,
2024-10-28T13:46:00+05:30,51430.55,51436.45,51409.65,51419.6,
2024-10-28T13:47:00+05:30,51418.9,51446.35,51414.65,51446.35,
2024-10-28T13:48:00+05:30,51442.7,51464.75,51437.95,51455.85,
2024-10-28T13:49:00+05:30,51456.55,51469.2,51436.3,51456.3,
2024-10-28T13:50:00+05:30,51453.5,51471,51452.5,51459,
2024-10-28T13:51:00+05:30,51456.4,51468.2,51444.95,51468.2,
2024-10-28T13:52:00+05:30,51467.9,51478.15,51447.05,51447.75,
2024-10-28T13:53:00+05:30,51450.3,51455.65,51430.95,51448.75,
2024-10-28T13:54:00+05:30,51451.7,51451.7,51425.45,51435.6,
2024-10-28T13:55:00+05:30,51433.65,51452.5,51433.65,51439.35,
2024-10-28T13:56:00+05:30,51441.05,51457.45,51429.75,51456.15,
2024-10-28T13:57:00+05:30,51456.6,51474.6,51455,51459.9,
2024-10-28T13:58:00+05:30,51458.2,51477.85,51456.8,51477.85,
2024-10-28T13:59:00+05:30,51473.8,51484.05,51466.8,51477.1,
2024-10-28T14:00:00+05:30,51476.45,51495.2,51467.45,51471.15,
2024-10-28T14:01:00+05:30,51469.3,51472.95,51430.75,51430.75,
2024-10-28T14:02:00+05:30,51440.05,51440.05,51331.1,51353.15,
2024-10-28T14:03:00+05:30,51348.55,51354.55,51296.9,51346.6,
2024-10-28T14:04:00+05:30,51351.15,51357.3,51320.1,51346.2,
2024-10-28T14:05:00+05:30,51345.85,51354.8,51309.85,51329.8,
2024-10-28T14:06:00+05:30,51332.45,51351.85,51317.2,51350.7,
2024-10-28T14:07:00+05:30,51351.9,51364.1,51343.35,51357.5,
2024-10-28T14:08:00+05:30,51358.7,51380.85,51354.35,51364.05,
2024-10-28T14:09:00+05:30,51364.95,51364.95,51338.95,51355.8,
2024-10-28T14:10:00+05:30,51365.9,51373.1,51344.25,51345.4,
2024-10-28T14:11:00+05:30,51345.85,51348.75,51324.7,51333.45,
2024-10-28T14:12:00+05:30,51330.8,51344.4,51322,51327.6,
2024-10-28T14:13:00+05:30,51325.3,51348.05,51324.85,51338.45,
2024-10-28T14:14:00+05:30,51337.6,51340.65,51301.35,51328.25,
2024-10-28T14:15:00+05:30,51328.4,51349.45,51326.2,51335.3,
2024-10-28T14:16:00+05:30,51341.55,51346.5,51313.45,51323.3,
2024-10-28T14:17:00+05:30,51316.15,51336.6,51307,51333.5,
2024-10-28T14:18:00+05:30,51336.1,51336.35,51280.7,51281.05,
2024-10-28T14:19:00+05:30,51281.55,51301.65,51280.8,51293.7,
2024-10-28T14:20:00+05:30,51291,51322.05,51281.15,51310.85,
2024-10-28T14:21:00+05:30,51317.7,51319.8,51293.7,51299.8,
2024-10-28T14:22:00+05:30,51307.4,51308.4,51268.35,51268.35,
2024-10-28T14:23:00+05:30,51272.9,51314.5,51271.25,51314.5,
2024-10-28T14:24:00+05:30,51320.2,51325.95,51306.85,51325.95,
2024-10-28T14:25:00+05:30,51324.9,51346.05,51322.5,51340.2,
2024-10-28T14:26:00+05:30,51337.05,51342.15,51315.25,51315.25,
2024-10-28T14:27:00+05:30,51317,51321.1,51302.1,51306.8,
2024-10-28T14:28:00+05:30,51309.75,51316,51283.9,51295.1,
2024-10-28T14:29:00+05:30,51296.3,51310.75,51295.75,51304.3,
2024-10-28T14:30:00+05:30,51306.65,51322.55,51297.95,51308.4,
2024-10-28T14:31:00+05:30,51307.75,51327.25,51305.85,51313.35,
2024-10-28T14:32:00+05:30,51314,51335.1,51291.3,51322.55,
2024-10-28T14:33:00+05:30,51321.15,51333.05,51296.35,51312.2,
2024-10-28T14:34:00+05:30,51314.3,51324.75,51301.45,51302.55,
2024-10-28T14:35:00+05:30,51300.7,51328.8,51295.1,51319.5,
2024-10-28T14:36:00+05:30,51320.9,51333.15,51308.9,51313.35,
2024-10-28T14:37:00+05:30,51315.15,51322.3,51299.8,51319.85,
2024-10-28T14:38:00+05:30,51321.65,51325.85,51302.55,51310.9,
2024-10-28T14:39:00+05:30,51309.7,51342.55,51304.25,51342.55,
2024-10-28T14:40:00+05:30,51341.85,51361.3,51340.3,51359.7,
2024-10-28T14:41:00+05:30,51358.2,51361.45,51342.75,51348.5,
2024-10-28T14:42:00+05:30,51356.35,51358.45,51322.6,51330.85,
2024-10-28T14:43:00+05:30,51331.9,51335.45,51301.95,51324.95,
2024-10-28T14:44:00+05:30,51328.5,51328.5,51299.2,51299.2,
2024-10-28T14:45:00+05:30,51304.95,51308.55,51285.05,51287.7,
2024-10-28T14:46:00+05:30,51288.9,51308.5,51283.35,51292.45,
2024-10-28T14:47:00+05:30,51292.25,51306.5,51282.4,51292.35,
2024-10-28T14:48:00+05:30,51298.1,51316.65,51288.15,51297.4,
2024-10-28T14:49:00+05:30,51293.95,51302.95,51285.7,51289.55,
2024-10-28T14:50:00+05:30,51292.3,51307.85,51284,51301.4,
2024-10-28T14:51:00+05:30,51305.35,51331.6,51299.4,51312.05,
2024-10-28T14:52:00+05:30,51318.1,51321.7,51283.3,51303.45,
2024-10-28T14:53:00+05:30,51303.45,51321.65,51300.5,51314.25,
2024-10-28T14:54:00+05:30,51321.55,51321.55,51281.4,51285.95,
2024-10-28T14:55:00+05:30,51284.75,51302.95,51272.2,51300.7,
2024-10-28T14:56:00+05:30,51298.35,51304.95,51251.6,51271.45,
2024-10-28T14:57:00+05:30,51271.55,51282.25,51251.2,51281.45,
2024-10-28T14:58:00+05:30,51275.15,51299.15,51272.9,51294,
2024-10-28T14:59:00+05:30,51300.2,51319.45,51284.9,51289.2,
2024-10-28T15:00:00+05:30,51285.95,51291.45,51250.95,51262,
2024-10-28T15:01:00+05:30,51263,51266,51208.75,51216.6,
2024-10-28T15:02:00+05:30,51210.2,51240.7,51201.9,51233.95,
2024-10-28T15:03:00+05:30,51230.05,51237.05,51166,51168.15,
2024-10-28T15:04:00+05:30,51170.6,51180.05,51167.25,51174.35,
2024-10-28T15:05:00+05:30,51172.5,51210.45,51172.5,51192.3,
2024-10-28T15:06:00+05:30,51187.45,51235.75,51185.45,51232.45,
2024-10-28T15:07:00+05:30,51228.9,51231,51193.85,51193.85,
2024-10-28T15:08:00+05:30,51203.1,51203.1,51168.3,51180.3,
2024-10-28T15:09:00+05:30,51180.4,51208.95,51157.45,51208.95,
2024-10-28T15:10:00+05:30,51209.5,51245.7,51209.4,51245.7,
2024-10-28T15:11:00+05:30,51246,51256.05,51228.55,51236.95,
2024-10-28T15:12:00+05:30,51229.8,51248,51202.95,51206.9,
2024-10-28T15:13:00+05:30,51212.45,51267.55,51207.8,51264.55,
2024-10-28T15:14:00+05:30,51265.05,51299.05,51265.05,51296.1,
2024-10-28T15:15:00+05:30,51293.65,51338.45,51290.1,51297.95,
2024-10-28T15:16:00+05:30,51294.9,51299.5,51254.45,51276.3,
2024-10-28T15:17:00+05:30,51272.45,51314.1,51271.25,51313.1,
2024-10-28T15:18:00+05:30,51311.1,51320.9,51301.25,51311,
2024-10-28T15:19:00+05:30,51305.55,51324.25,51285.15,51290.7,
2024-10-28T15:20:00+05:30,51291.45,51309.35,51282.25,51303.1,
2024-10-28T15:21:00+05:30,51297.85,51309.55,51288.95,51305.55,
2024-10-28T15:22:00+05:30,51304.75,51317.6,51292.2,51313.05,
2024-10-28T15:23:00+05:30,51310.5,51333.35,51310.5,51323.25,
2024-10-28T15:24:00+05:30,51322.2,51329.8,51304.8,51312.45,
2024-10-28T15:25:00+05:30,51318.1,51318.45,51306.3,51316.1,
2024-10-28T15:26:00+05:30,51314.5,51318.7,51306.45,51315.4,
2024-10-28T15:27:00+05:30,51309.5,51326.4,51306.2,51320.6,
2024-10-28T15:28:00+05:30,51323.4,51333.35,51316.45,51331,
2024-10-28T15:29:00+05:30,51325.05,51359.55,51322.5,51328.15,
2024-10-29T09:15:00+05:30,51404.1,51522.25,51352.85,51374.85,
2024-10-29T09:16:00+05:30,51377.05,51412.6,51362.15,51365.5,
2024-10-29T09:17:00+05:30,51366.3,51412.5,51349.3,51376.6,
2024-10-29T09:18:00+05:30,51376.85,51376.85,51327.8,51371,
2024-10-29T09:19:00+05:30,51369.2,51408.25,51358.5,51395.75,
2024-10-29T09:20:00+05:30,51386.75,51386.75,51315.3,51315.3,
2024-10-29T09:21:00+05:30,51316.4,51382.8,51304.55,51360.7,
2024-10-29T09:22:00+05:30,51356,51357.1,51308,51316.7,
2024-10-29T09:23:00+05:30,51317.7,51330.6,51293.9,51324.2,
2024-10-29T09:24:00+05:30,51322.4,51373.9,51310.9,51347.8,
2024-10-29T09:25:00+05:30,51351.85,51423.55,51348.25,51414.5,
2024-10-29T09:26:00+05:30,51414.55,51458.5,51407.6,51433.05,
2024-10-29T09:27:00+05:30,51433.05,51433.05,51315,51328.85,
2024-10-29T09:28:00+05:30,51326.7,51347.45,51326.2,51335.2,
2024-10-29T09:29:00+05:30,51339.65,51396,51333.25,51389.85,
2024-10-29T09:30:00+05:30,51387.9,51401.2,51336.5,51390.35,
2024-10-29T09:31:00+05:30,51390.7,51499.65,51388.25,51497.7,
2024-10-29T09:32:00+05:30,51500.45,51516.6,51431.7,51431.7,
2024-10-29T09:33:00+05:30,51433.75,51448.55,51404.25,51404.25,
2024-10-29T09:34:00+05:30,51401,51414.4,51366.45,51368.5,
2024-10-29T09:35:00+05:30,51361.95,51383.45,51323.5,51327.9,
2024-10-29T09:36:00+05:30,51323.8,51343.95,51299.95,51319.7,
2024-10-29T09:37:00+05:30,51312.05,51334.3,51284.55,51334.3,
2024-10-29T09:38:00+05:30,51331.85,51361.85,51322.75,51335.8,
2024-10-29T09:39:00+05:30,51340.4,51347.45,51311,51313.8,
2024-10-29T09:40:00+05:30,51310.2,51338.3,51306.9,51332,
2024-10-29T09:41:00+05:30,51328.2,51336.95,51288.85,51296.5,
2024-10-29T09:42:00+05:30,51296.5,51312,51278.9,51303.85,
2024-10-29T09:43:00+05:30,51297.2,51337.6,51291,51329.1,
2024-10-29T09:44:00+05:30,51326.5,51360.25,51314.4,51332.5,
2024-10-29T09:45:00+05:30,51333.15,51419.55,51332.8,51417.95,
2024-10-29T09:46:00+05:30,51423.25,51426.3,51398.3,51398.3,
2024-10-29T09:47:00+05:30,51396.35,51424.95,51379.05,51419.25,
2024-10-29T09:48:00+05:30,51410.9,51414.5,51336.85,51341.75,
2024-10-29T09:49:00+05:30,51348.35,51368.45,51336.55,51367.95,
2024-10-29T09:50:00+05:30,51369.6,51434.65,51364.75,51428.6,
2024-10-29T09:51:00+05:30,51417.75,51469.25,51413.4,51451.95,
2024-10-29T09:52:00+05:30,51449.55,51479.4,51443.35,51452.25,
2024-10-29T09:53:00+05:30,51450.9,51480.8,51442.45,51467.65,
2024-10-29T09:54:00+05:30,51463.75,51463.75,51401.9,51401.9,
2024-10-29T09:55:00+05:30,51413.6,51439.2,51411.3,51415.25,
2024-10-29T09:56:00+05:30,51411.95,51434.85,51407.7,51422.15,
2024-10-29T09:57:00+05:30,51422.9,51431.55,51414.5,51424.8,
2024-10-29T09:58:00+05:30,51431.8,51451.65,51418.3,51438.55,
2024-10-29T09:59:00+05:30,51438.1,51447.2,51416.7,51445.65,
2024-10-29T10:00:00+05:30,51444.95,51461.2,51429.7,51429.7,
2024-10-29T10:01:00+05:30,51432.2,51437.05,51404.15,51410.55,
2024-10-29T10:02:00+05:30,51412.55,51454.6,51408.35,51439.5,
2024-10-29T10:03:00+05:30,51438.25,51462.7,51413.2,51455.45,
2024-10-29T10:04:00+05:30,51458.2,51479.75,51447.25,51468.55,
2024-10-29T10:05:00+05:30,51466.65,51481.75,51447.95,51452.65,
2024-10-29T10:06:00+05:30,51448.2,51448.2,51409.5,51420.3,
2024-10-29T10:07:00+05:30,51424.75,51451.9,51417.65,51417.65,
2024-10-29T10:08:00+05:30,51416.35,51416.35,51345.6,51369.4,
2024-10-29T10:09:00+05:30,51367.2,51386.85,51362.2,51378.65,
2024-10-29T10:10:00+05:30,51376.3,51391.3,51365.8,51377.15,
2024-10-29T10:11:00+05:30,51371.3,51432.55,51363.65,51432.4,
2024-10-29T10:12:00+05:30,51431.35,51477.55,51428,51456.85,
2024-10-29T10:13:00+05:30,51456.05,51472.6,51447.05,51467.95,
2024-10-29T10:14:00+05:30,51462.25,51540.4,51447.9,51521.85,
2024-10-29T10:15:00+05:30,51522.9,51557.35,51512.95,51515.9,
2024-10-29T10:16:00+05:30,51516.4,51531.55,51504.8,51512.75,
2024-10-29T10:17:00+05:30,51509.7,51524.8,51501.35,51503.1,
2024-10-29T10:18:00+05:30,51504.15,51542.4,51504.15,51506.55,
2024-10-29T10:19:00+05:30,51506.05,51521.35,51482.05,51520.75,
2024-10-29T10:20:00+05:30,51521.8,51541.7,51512.95,51516,
2024-10-29T10:21:00+05:30,51522.15,51522.15,51489.65,51492.9,
2024-10-29T10:22:00+05:30,51490.3,51490.3,51457.2,51465.3,
2024-10-29T10:23:00+05:30,51464.6,51484.55,51452.95,51475.25,
2024-10-29T10:24:00+05:30,51475.6,51493.6,51447.8,51484.45,
2024-10-29T10:25:00+05:30,51482.55,51513,51464.35,51510.85,
2024-10-29T10:26:00+05:30,51498.3,51521.2,51496.6,51512.7,
2024-10-29T10:27:00+05:30,51511.95,51555.9,51511.95,51534.95,
2024-10-29T10:28:00+05:30,51538.7,51546.95,51498.15,51498.15,
2024-10-29T10:29:00+05:30,51496.4,51513.3,51452.9,51452.9,
2024-10-29T10:30:00+05:30,51451.95,51462.25,51424.25,51426.55,
2024-10-29T10:31:00+05:30,51427.75,51442.7,51409.5,51417.05,
2024-10-29T10:32:00+05:30,51420.55,51450.25,51411.05,51417.1,
2024-10-29T10:33:00+05:30,51418.7,51419.45,51395.1,51406.05,
2024-10-29T10:34:00+05:30,51404.55,51406.05,51373.85,51374.75,
2024-10-29T10:35:00+05:30,51374.3,51380.3,51336.75,51339.9,
2024-10-29T10:36:00+05:30,51345.35,51370,51336.2,51358.8,
2024-10-29T10:37:00+05:30,51360.2,51414.75,51357.8,51414.75,
2024-10-29T10:38:00+05:30,51417.1,51437.65,51393.55,51436.35,
2024-10-29T10:39:00+05:30,51434.8,51440.9,51401.05,51401.05,
2024-10-29T10:40:00+05:30,51404.6,51409.25,51385.7,51405.75,
2024-10-29T10:41:00+05:30,51405.65,51422.6,51405.65,51413.5,
2024-10-29T10:42:00+05:30,51410.25,51444.25,51410.25,51422,
2024-10-29T10:43:00+05:30,51421.85,51421.85,51398.5,51407.25,
2024-10-29T10:44:00+05:30,51408.35,51410.8,51390.65,51393.95,
2024-10-29T10:45:00+05:30,51393.65,51411.55,51375.3,51389.8,
2024-10-29T10:46:00+05:30,51388.3,51411.65,51374.4,51376,
2024-10-29T10:47:00+05:30,51373.9,51380.3,51338.15,51338.15,
2024-10-29T10:48:00+05:30,51334.95,51361.75,51331.75,51357.2,
2024-10-29T10:49:00+05:30,51360.45,51393.7,51339.15,51391.95,
2024-10-29T10:50:00+05:30,51393.4,51418.2,51385.55,51407.25,
2024-10-29T10:51:00+05:30,51406.85,51419.4,51398.45,51414.65,
2024-10-29T10:52:00+05:30,51414.65,51429.4,51388.2,51390.35,
2024-10-29T10:53:00+05:30,51393,51429.95,51392.25,51429.95,
2024-10-29T10:54:00+05:30,51429.8,51446.75,51420,51429.2,
2024-10-29T10:55:00+05:30,51437.3,51444.55,51417.1,51424.6,
2024-10-29T10:56:00+05:30,51424.65,51432.6,51409.85,51412.55,
2024-10-29T10:57:00+05:30,51409.45,51410.3,51374.25,51374.25,
2024-10-29T10:58:00+05:30,51374.7,51415.45,51374.35,51413.5,
2024-10-29T10:59:00+05:30,51414.25,51535.05,51412.5,51517.75,
2024-10-29T11:00:00+05:30,51517.4,51517.4,51472.55,51482.2,
2024-10-29T11:01:00+05:30,51474.85,51479.8,51408.85,51416.65,
2024-10-29T11:02:00+05:30,51416.9,51433.25,51416.25,51426.4,
2024-10-29T11:03:00+05:30,51427.4,51429.95,51412.65,51420.45,
2024-10-29T11:04:00+05:30,51419.9,51458,51417.25,51456.35,
2024-10-29T11:05:00+05:30,51457.2,51480.95,51446.05,51474.25,
2024-10-29T11:06:00+05:30,51472.6,51498.85,51460.5,51490.8,
2024-10-29T11:07:00+05:30,51485.65,51490.75,51454.25,51456.7,
2024-10-29T11:08:00+05:30,51452.25,51467.55,51434.05,51458.7,
2024-10-29T11:09:00+05:30,51461.95,51508.55,51449.85,51466.95,
2024-10-29T11:10:00+05:30,51462.95,51487.75,51447.4,51476.9,
2024-10-29T11:11:00+05:30,51483,51485.8,51405.75,51405.75,
2024-10-29T11:12:00+05:30,51405.25,51423.7,51394.45,51409.55,
2024-10-29T11:13:00+05:30,51408.4,51444.1,51401.35,51444.1,
2024-10-29T11:14:00+05:30,51439.2,51483.75,51439.2,51455.55,
2024-10-29T11:15:00+05:30,51456.85,51480.1,51440.1,51464.85,
2024-10-29T11:16:00+05:30,51470.6,51472.8,51413,51413,
2024-10-29T11:17:00+05:30,51410,51422.3,51396.15,51422.3,
2024-10-29T11:18:00+05:30,51421.9,51428.1,51403,51407.65,
2024-10-29T11:19:00+05:30,51404.5,51406.75,51376.5,51378.1,
2024-10-29T11:20:00+05:30,51382.45,51405.75,51375.85,51404.15,
2024-10-29T11:21:00+05:30,51402.15,51412.75,51393.35,51407.85,
2024-10-29T11:22:00+05:30,51405.6,51463.1,51405.6,51458.9,
2024-10-29T11:23:00+05:30,51459.05,51470.75,51454,51465.9,
2024-10-29T11:24:00+05:30,51469,51480.9,51459.2,51473.9,
2024-10-29T11:25:00+05:30,51472.7,51483.95,51458.85,51467.45,
2024-10-29T11:26:00+05:30,51469.7,51501.9,51467.95,51499.2,
2024-10-29T11:27:00+05:30,51497.2,51504.7,51486.5,51494.15,
2024-10-29T11:28:00+05:30,51494.3,51520.25,51469.4,51495.8,
2024-10-29T11:29:00+05:30,51496.15,51506.6,51461.35,51461.65,
2024-10-29T11:30:00+05:30,51459.8,51478.1,51451.65,51460.6,
2024-10-29T11:31:00+05:30,51462,51490.15,51451,51490.15,
2024-10-29T11:32:00+05:30,51488.55,51504.5,51468.7,51491.7,
2024-10-29T11:33:00+05:30,51489,51516.65,51476.8,51479.7,
2024-10-29T11:34:00+05:30,51474.5,51479.9,51458.15,51459.95,
2024-10-29T11:35:00+05:30,51465.6,51479.25,51452.2,51468.45,
2024-10-29T11:36:00+05:30,51481.6,51507.6,51474.75,51506.05,
2024-10-29T11:37:00+05:30,51506.55,51536.1,51505.65,51516.95,
2024-10-29T11:38:00+05:30,51517.5,51570.1,51512.95,51557.25,
2024-10-29T11:39:00+05:30,51562.45,51640.3,51560.35,51610.5,
2024-10-29T11:40:00+05:30,51608.45,51672.6,51600.1,51672.6,
2024-10-29T11:41:00+05:30,51668.6,51731.85,51667.25,51684.5,
2024-10-29T11:42:00+05:30,51678.85,51678.85,51608.9,51613.9,
2024-10-29T11:43:00+05:30,51616.75,51691.4,51605.3,51686.45,
2024-10-29T11:44:00+05:30,51684.1,51711.6,51672.6,51690.8,
2024-10-29T11:45:00+05:30,51690.55,51764.45,51686.9,51691.05,
2024-10-29T11:46:00+05:30,51689.4,51721.7,51660.45,51666.8,
2024-10-29T11:47:00+05:30,51665.75,51690.4,51642.8,51644.45,
2024-10-29T11:48:00+05:30,51643.9,51661.1,51628.3,51643.6,
2024-10-29T11:49:00+05:30,51643.3,51667.35,51631.95,51649.55,
2024-10-29T11:50:00+05:30,51657.55,51682.1,51650,51657.15,
2024-10-29T11:51:00+05:30,51658.8,51659.5,51634.15,51645.3,
2024-10-29T11:52:00+05:30,51648.35,51659.55,51626.95,51649.2,
2024-10-29T11:53:00+05:30,51649.2,51674.4,51638.3,51657.85,
2024-10-29T11:54:00+05:30,51657.55,51695.25,51657.55,51687.5,
2024-10-29T11:55:00+05:30,51694.2,51697.2,51661.1,51664.35,
2024-10-29T11:56:00+05:30,51657.15,51689.15,51651.05,51689.15,
2024-10-29T11:57:00+05:30,51685.85,51706.4,51667.9,51667.9,
2024-10-29T11:58:00+05:30,51669.95,51671.7,51643.6,51643.6,
2024-10-29T11:59:00+05:30,51642.55,51643.85,51606.4,51611.3,
2024-10-29T12:00:00+05:30,51610.3,51651.15,51608.75,51622.75,
2024-10-29T12:01:00+05:30,51628.2,51666.65,51622.75,51646.2,
2024-10-29T12:02:00+05:30,51645.9,51733.4,51645.9,51702.9,
2024-10-29T12:03:00+05:30,51706.3,51762,51691.25,51743.45,
2024-10-29T12:04:00+05:30,51747.55,51756.5,51728.15,51731.55,
2024-10-29T12:05:00+05:30,51733.45,51734.6,51690.35,51692.5,
2024-10-29T12:06:00+05:30,51695,51721.7,51694.35,51702.2,
2024-10-29T12:07:00+05:30,51702.35,51702.35,51672.75,51686.75,
2024-10-29T12:08:00+05:30,51688.6,51710.45,51679.15,51688,
2024-10-29T12:09:00+05:30,51684.45,51721.25,51682.5,51718.9,
2024-10-29T12:10:00+05:30,51725.65,51740.85,51704.4,51705.15,
2024-10-29T12:11:00+05:30,51705.05,51710.45,51677.75,51682.95,
2024-10-29T12:12:00+05:30,51687.6,51697.8,51676.7,51690.9,
2024-10-29T12:13:00+05:30,51689.8,51736.05,51687.75,51715.4,
2024-10-29T12:14:00+05:30,51713.6,51765,51713.6,51759.5,
2024-10-29T12:15:00+05:30,51761.3,51761.3,51732.95,51734,
2024-10-29T12:16:00+05:30,51735.95,51783,51735.95,51759.2,
2024-10-29T12:17:00+05:30,51763.7,51764.35,51740.95,51757.9,
2024-10-29T12:18:00+05:30,51761.6,51775.6,51737.25,51740.95,
2024-10-29T12:19:00+05:30,51741.15,51784.65,51740.05,51779.25,
2024-10-29T12:20:00+05:30,51778.55,51778.55,51755,51764.05,
2024-10-29T12:21:00+05:30,51759.8,51793.45,51756.6,51785.65,
2024-10-29T12:22:00+05:30,51784.55,51824.2,51766.8,51770.35,
2024-10-29T12:23:00+05:30,51768.05,51774.05,51731.7,51747.95,
2024-10-29T12:24:00+05:30,51748.25,51748.25,51704,51709.35,
2024-10-29T12:25:00+05:30,51709.35,51734.4,51709.35,51723.75,
2024-10-29T12:26:00+05:30,51718.4,51734.85,51709.85,51734.85,
2024-10-29T12:27:00+05:30,51737.55,51777.45,51731.8,51760.6,
2024-10-29T12:28:00+05:30,51758.55,51764,51748.25,51754,
2024-10-29T12:29:00+05:30,51757.15,51769.45,51724.15,51726.4,
2024-10-29T12:30:00+05:30,51726.95,51749.7,51713.3,51720.35,
2024-10-29T12:31:00+05:30,51717.2,51761.45,51717.2,51740.4,
2024-10-29T12:32:00+05:30,51738.2,51756,51731.15,51735.7,
2024-10-29T12:33:00+05:30,51739.5,51765.75,51719.2,51761.55,
2024-10-29T12:34:00+05:30,51762.15,51771.85,51724.85,51731.8,
2024-10-29T12:35:00+05:30,51736.1,51756.7,51728.8,51737.75,
2024-10-29T12:36:00+05:30,51738.3,51764.5,51726,51736.5,
2024-10-29T12:37:00+05:30,51736.95,51744.5,51711.1,51711.1,
2024-10-29T12:38:00+05:30,51714.5,51730.35,51701.9,51715.1,
2024-10-29T12:39:00+05:30,51717.9,51754.4,51713.6,51732.3,
2024-10-29T12:40:00+05:30,51732.6,51748.05,51730.6,51739.25,
2024-10-29T12:41:00+05:30,51733.25,51746.9,51723,51726.8,
2024-10-29T12:42:00+05:30,51730,51749.45,51729.5,51740.25,
2024-10-29T12:43:00+05:30,51747.65,51768.75,51740.7,51749.6,
2024-10-29T12:44:00+05:30,51750.9,51765.05,51749.2,51752.2,
2024-10-29T12:45:00+05:30,51754,51760.8,51729.55,51729.55,
2024-10-29T12:46:00+05:30,51734.05,51742.05,51725.8,51725.8,
2024-10-29T12:47:00+05:30,51720.45,51735.35,51715,51724.85,
2024-10-29T12:48:00+05:30,51728.3,51740.8,51718.2,51733.45,
2024-10-29T12:49:00+05:30,51736.25,51753.75,51724.8,51749.35,
2024-10-29T12:50:00+05:30,51750.8,51792.95,51742.9,51792.95,
2024-10-29T12:51:00+05:30,51797.25,51833,51786.5,51821.3,
2024-10-29T12:52:00+05:30,51824.9,51842.55,51813.85,51817.9,
2024-10-29T12:53:00+05:30,51817.7,51836.55,51810.4,51813.55,
2024-10-29T12:54:00+05:30,51814.6,51827.15,51806.05,51812.75,
2024-10-29T12:55:00+05:30,51814.65,51827.6,51783.6,51789.4,
2024-10-29T12:56:00+05:30,51793.35,51799.45,51762.2,51774.95,
2024-10-29T12:57:00+05:30,51772.3,51783.8,51768.85,51776.4,
2024-10-29T12:58:00+05:30,51781.3,51861.05,51781.3,51841.4,
2024-10-29T12:59:00+05:30,51847.55,51875.05,51831.85,51836.25,
2024-10-29T13:00:00+05:30,51837.05,51866.6,51830.5,51866.6,
2024-10-29T13:01:00+05:30,51865.45,51882.9,51854.45,51864.45,
2024-10-29T13:02:00+05:30,51868.5,51887.9,51850.45,51868.8,
2024-10-29T13:03:00+05:30,51874.15,51891.7,51847.35,51888.3,
2024-10-29T13:04:00+05:30,51887.95,51914.45,51876.6,51914.45,
2024-10-29T13:05:00+05:30,51915.15,51923.65,51884.8,51894.6,
2024-10-29T13:06:00+05:30,51892.15,51912.7,51884.45,51892.5,
2024-10-29T13:07:00+05:30,51895.75,51912.35,51882.5,51889.2,
2024-10-29T13:08:00+05:30,51894.4,51898.25,51876.75,51883.75,
2024-10-29T13:09:00+05:30,51889.25,51912.4,51884.1,51903.9,
2024-10-29T13:10:00+05:30,51909.4,51919.2,51883.35,51896.35,
2024-10-29T13:11:00+05:30,51896.05,51897.6,51855.15,51885.85,
2024-10-29T13:12:00+05:30,51885.6,51905.15,51864,51873.7,
2024-10-29T13:13:00+05:30,51874.05,51880.85,51855.25,51867.1,
2024-10-29T13:14:00+05:30,51870.7,51905,51866.6,51894.15,
2024-10-29T13:15:00+05:30,51903.25,51917.05,51877.65,51890.5,
2024-10-29T13:16:00+05:30,51890.3,51895.75,51861.05,51874.35,
2024-10-29T13:17:00+05:30,51875,51886.55,51855.9,51863.4,
2024-10-29T13:18:00+05:30,51866.1,51908.55,51863.7,51895.4,
2024-10-29T13:19:00+05:30,51891.65,51902.05,51851.7,51881.15,
2024-10-29T13:20:00+05:30,51864.9,51901.85,51864.9,51888.5,
2024-10-29T13:21:00+05:30,51874.8,51901.45,51871.55,51874.7,
2024-10-29T13:22:00+05:30,51871.8,51885,51833.15,51836.85,
2024-10-29T13:23:00+05:30,51845.85,51853.75,51785.95,51834.5,
2024-10-29T13:24:00+05:30,51834.1,51860.1,51828.65,51857.55,
2024-10-29T13:25:00+05:30,51854.25,51880.65,51846.6,51856.6,
2024-10-29T13:26:00+05:30,51850.65,51867.55,51837.9,51840.8,
2024-10-29T13:27:00+05:30,51838.8,51905.65,51838.8,51898.25,
2024-10-29T13:28:00+05:30,51902.3,51914.65,51893.9,51899.2,
2024-10-29T13:29:00+05:30,51907.25,51956.1,51901.35,51947.5,
2024-10-29T13:30:00+05:30,51938.5,51963.85,51932.55,51939.9,
2024-10-29T13:31:00+05:30,51936.8,51946.7,51893.45,51893.45,
2024-10-29T13:32:00+05:30,51896.45,51930.95,51893.35,51915.9,
2024-10-29T13:33:00+05:30,51915,51928.9,51889.7,51899.2,
2024-10-29T13:34:00+05:30,51895,51918.45,51887.4,51887.55,
2024-10-29T13:35:00+05:30,51887,51905.4,51843.65,51867.25,
2024-10-29T13:36:00+05:30,51865.15,51879.4,51856.05,51859.95,
2024-10-29T13:37:00+05:30,51858.65,51879.35,51832.35,51852.75,
2024-10-29T13:38:00+05:30,51853.7,51856.5,51821.7,51841.55,
2024-10-29T13:39:00+05:30,51841.8,51841.8,51796.15,51815.85,
2024-10-29T13:40:00+05:30,51813.35,51852.9,51800.05,51835.5,
2024-10-29T13:41:00+05:30,51837,51866.2,51837,51857.4,
2024-10-29T13:42:00+05:30,51858,51882.9,51858,51881.85,
2024-10-29T13:43:00+05:30,51882.9,51883.85,51851.45,51879.6,
2024-10-29T13:44:00+05:30,51879.55,51898.05,51874.8,51885.55,
2024-10-29T13:45:00+05:30,51885.4,51886.2,51845,51850.45,
2024-10-29T13:46:00+05:30,51850.55,51893.2,51850.55,51891.45,
2024-10-29T13:47:00+05:30,51893.8,51921.45,51893.35,51902.05,
2024-10-29T13:48:00+05:30,51898.1,51911.6,51874,51879.6,
2024-10-29T13:49:00+05:30,51879.65,51886.6,51867.35,51881.7,
2024-10-29T13:50:00+05:30,51879.4,51886.9,51851.45,51858,
2024-10-29T13:51:00+05:30,51856.95,51873.65,51852.3,51859.9,
2024-10-29T13:52:00+05:30,51855,51870.95,51855,51867.65,
2024-10-29T13:53:00+05:30,51865.8,51885.55,51859.5,51884.8,
2024-10-29T13:54:00+05:30,51885.35,51898.9,51862.3,51866.85,
2024-10-29T13:55:00+05:30,51867.2,51881.8,51859.75,51881.8,
2024-10-29T13:56:00+05:30,51879.85,51892.75,51874,51879.6,
2024-10-29T13:57:00+05:30,51880.15,51902.2,51880.15,51901.1,
2024-10-29T13:58:00+05:30,51902.55,51908.45,51896.3,51904.45,
2024-10-29T13:59:00+05:30,51905.1,51969.5,51904.1,51954.5,
2024-10-29T14:00:00+05:30,51954.55,52005.55,51954.55,51974.2,
2024-10-29T14:01:00+05:30,51974.75,51992.75,51968.05,51981.15,
2024-10-29T14:02:00+05:30,51983.2,52105.3,51974.65,52105.3,
2024-10-29T14:03:00+05:30,52102.8,52183.95,52098.3,52105.35,
2024-10-29T14:04:00+05:30,52102.65,52149.15,52099.4,52142.15,
2024-10-29T14:05:00+05:30,52141.75,52175.9,52141.75,52175.9,
2024-10-29T14:06:00+05:30,52180.5,52237.9,52165.75,52226,
2024-10-29T14:07:00+05:30,52227.05,52271.15,52212.55,52230.4,
2024-10-29T14:08:00+05:30,52237.35,52262.6,52231.5,52246.15,
2024-10-29T14:09:00+05:30,52245.75,52259.35,52233.7,52249.75,
2024-10-29T14:10:00+05:30,52247.6,52251.05,52201.85,52220.75,
2024-10-29T14:11:00+05:30,52219.2,52237.9,52203.15,52216.1,
2024-10-29T14:12:00+05:30,52214.75,52231.85,52209.3,52214.5,
2024-10-29T14:13:00+05:30,52214.75,52240.4,52206.8,52219.05,
2024-10-29T14:14:00+05:30,52226.85,52257.15,52224.6,52252.9,
2024-10-29T14:15:00+05:30,52253.05,52264.55,52222.75,52229.3,
2024-10-29T14:16:00+05:30,52230.85,52248.9,52213.05,52238.9,
2024-10-29T14:17:00+05:30,52236.25,52290.35,52236.25,52286.05,
2024-10-29T14:18:00+05:30,52284.8,52294.65,52277.65,52290,
2024-10-29T14:19:00+05:30,52293.95,52299.95,52266.3,52280.1,
2024-10-29T14:20:00+05:30,52281.95,52292.3,52266.55,52277.15,
2024-10-29T14:21:00+05:30,52278.15,52290.35,52269.1,52280.2,
2024-10-29T14:22:00+05:30,52282.95,52317.65,52277.4,52289.6,
2024-10-29T14:23:00+05:30,52291.4,52297.45,52266.5,52269.15,
2024-10-29T14:24:00+05:30,52271,52279.95,52262.2,52266.25,
2024-10-29T14:25:00+05:30,52269.3,52271.15,52241.1,52247.35,
2024-10-29T14:26:00+05:30,52249.5,52274.6,52238.1,52253.3,
2024-10-29T14:27:00+05:30,52255.25,52277.95,52252.25,52265.3,
2024-10-29T14:28:00+05:30,52266.1,52281.3,52240.65,52261.25,
2024-10-29T14:29:00+05:30,52261.6,52271.9,52240.1,52259.85,
2024-10-29T14:30:00+05:30,52256.45,52264.5,52212.35,52240.5,
2024-10-29T14:31:00+05:30,52237.65,52251.9,52234.1,52242.2,
2024-10-29T14:32:00+05:30,52241.75,52246.95,52229.8,52238.1,
2024-10-29T14:33:00+05:30,52236.75,52238.15,52188.4,52204.3,
2024-10-29T14:34:00+05:30,52202.9,52221,52201.6,52217.05,
2024-10-29T14:35:00+05:30,52216.85,52259.5,52215.35,52256.35,
2024-10-29T14:36:00+05:30,52254.5,52281.75,52251.8,52271.6,
2024-10-29T14:37:00+05:30,52275.55,52281.95,52258.3,52280.35,
2024-10-29T14:38:00+05:30,52280.85,52288.95,52268.2,52273.2,
2024-10-29T14:39:00+05:30,52280.15,52293.7,52265.95,52285.05,
2024-10-29T14:40:00+05:30,52280.15,52287.65,52259.85,52273.25,
2024-10-29T14:41:00+05:30,52274.85,52282.4,52259.4,52265.7,
2024-10-29T14:42:00+05:30,52267.9,52274.65,52234.8,52234.8,
2024-10-29T14:43:00+05:30,52234.9,52247.8,52230,52234.35,
2024-10-29T14:44:00+05:30,52234.15,52269.65,52232.9,52258.9,
2024-10-29T14:45:00+05:30,52254.5,52267.55,52239.2,52251,
2024-10-29T14:46:00+05:30,52252.85,52261.05,52236.15,52253.15,
2024-10-29T14:47:00+05:30,52252.95,52271.5,52250.65,52268.25,
2024-10-29T14:48:00+05:30,52271.65,52280.3,52258.25,52273.75,
2024-10-29T14:49:00+05:30,52273.2,52292.65,52256.5,52292.2,
2024-10-29T14:50:00+05:30,52292.65,52296.3,52270.85,52273.55,
2024-10-29T14:51:00+05:30,52276.4,52276.4,52262.5,52270.55,
2024-10-29T14:52:00+05:30,52269.05,52286.8,52268.75,52280.8,
2024-10-29T14:53:00+05:30,52275.5,52294.85,52274.2,52282.55,
2024-10-29T14:54:00+05:30,52285.45,52295,52264.55,52286.4,
2024-10-29T14:55:00+05:30,52288.6,52288.65,52272.1,52288.35,
2024-10-29T14:56:00+05:30,52291.3,52307.95,52284.2,52303.1,
2024-10-29T14:57:00+05:30,52304.2,52322.15,52294.35,52317.55,
2024-10-29T14:58:00+05:30,52321.3,52325.05,52299.25,52299.25,
2024-10-29T14:59:00+05:30,52301.15,52307.6,52276.8,52303.1,
2024-10-29T15:00:00+05:30,52298.5,52299.05,52270.25,52279.85,
2024-10-29T15:01:00+05:30,52281,52290.45,52267.4,52287.3,
2024-10-29T15:02:00+05:30,52286.2,52301.6,52274.05,52275.05,
2024-10-29T15:03:00+05:30,52274.25,52284.4,52252.65,52281.65,
2024-10-29T15:04:00+05:30,52283.9,52293.45,52277.75,52290.25,
2024-10-29T15:05:00+05:30,52290.95,52303.25,52281.9,52303.25,
2024-10-29T15:06:00+05:30,52301.8,52344.35,52299.75,52335.3,
2024-10-29T15:07:00+05:30,52333.8,52354.85,52330.75,52341.3,
2024-10-29T15:08:00+05:30,52341.85,52351.7,52325.25,52344.8,
2024-10-29T15:09:00+05:30,52345.1,52347,52310.05,52320.85,
2024-10-29T15:10:00+05:30,52323.8,52330.75,52314.7,52314.7,
2024-10-29T15:11:00+05:30,52316.8,52329.35,52306.4,52326.1,
2024-10-29T15:12:00+05:30,52328.2,52334.7,52311.35,52334.7,
2024-10-29T15:13:00+05:30,52333.65,52338.75,52321.75,52338.4,
2024-10-29T15:14:00+05:30,52338.1,52346.45,52330.8,52345.4,
2024-10-29T15:15:00+05:30,52343.05,52349.45,52318.05,52321.3,
2024-10-29T15:16:00+05:30,52318.65,52331.75,52310.45,52323.25,
2024-10-29T15:17:00+05:30,52322.9,52328.8,52309.95,52323.8,
2024-10-29T15:18:00+05:30,52327.4,52341.55,52319.8,52322.7,
2024-10-29T15:19:00+05:30,52322.65,52328.65,52317.45,52322.9,
2024-10-29T15:20:00+05:30,52323.9,52334.9,52308.2,52332.9,
2024-10-29T15:21:00+05:30,52327.55,52340.9,52311.3,52321.2,
2024-10-29T15:22:00+05:30,52318.25,52325.65,52309.65,52324.7,
2024-10-29T15:23:00+05:30,52323.3,52325.4,52314.1,52316.95,
2024-10-29T15:24:00+05:30,52314.7,52326,52311,52325.7,
2024-10-29T15:25:00+05:30,52327.25,52329.05,52316.35,52324.35,
2024-10-29T15:26:00+05:30,52324,52332.5,52297.25,52308.05,
2024-10-29T15:27:00+05:30,52305.5,52307.75,52284.2,52285.1,
2024-10-29T15:28:00+05:30,52284.3,52305.75,52271,52276,
2024-10-29T15:29:00+05:30,52278.85,52295.7,52263.2,52284.85,
2024-10-30T09:15:00+05:30,51988.7,52220,51946.65,52178.45,
2024-10-30T09:16:00+05:30,52176.7,52181.95,52117.55,52117.55,
2024-10-30T09:17:00+05:30,52119.35,52159.7,52115.8,52159.7,
2024-10-30T09:18:00+05:30,52152.95,52176.45,52127.5,52173.3,
2024-10-30T09:19:00+05:30,52172.55,52182.55,52132.85,52155.3,
2024-10-30T09:20:00+05:30,52147.55,52147.55,52104.5,52115.35,
2024-10-30T09:21:00+05:30,52119.75,52165.25,52104.45,52151.75,
2024-10-30T09:22:00+05:30,52152.4,52190.1,52137.8,52190.1,
2024-10-30T09:23:00+05:30,52193.6,52201.6,52158.95,52158.95,
2024-10-30T09:24:00+05:30,52161.4,52161.9,52129.45,52135.7,
2024-10-30T09:25:00+05:30,52133,52148.6,52114.75,52116.15,
2024-10-30T09:26:00+05:30,52116.4,52124.9,52099.95,52117.5,
2024-10-30T09:27:00+05:30,52116.2,52122.65,52101.05,52116.05,
2024-10-30T09:28:00+05:30,52117.15,52142.5,52094.6,52131.55,
2024-10-30T09:29:00+05:30,52130.7,52131,52042.3,52059.5,
2024-10-30T09:30:00+05:30,52056,52057.25,52009.75,52018.2,
2024-10-30T09:31:00+05:30,52015.85,52016.6,51983.6,52010.95,
2024-10-30T09:32:00+05:30,52009.35,52024.45,51963.15,51976.4,
2024-10-30T09:33:00+05:30,51972.45,51974.25,51904.2,51904.2,
2024-10-30T09:34:00+05:30,51907,51922.05,51880.15,51898.1,
2024-10-30T09:35:00+05:30,51897.5,51949.55,51895.35,51925.3,
2024-10-30T09:36:00+05:30,51926.85,51933.15,51867.55,51895.75,
2024-10-30T09:37:00+05:30,51898.25,51904.05,51866.55,51883.05,
2024-10-30T09:38:00+05:30,51879.9,51892.7,51845.45,51869.75,
2024-10-30T09:39:00+05:30,51867.25,51926.9,51863.6,51911,
2024-10-30T09:40:00+05:30,51908.6,51913.3,51880.45,51891.4,
2024-10-30T09:41:00+05:30,51896.25,51908.95,51876.9,51899.55,
2024-10-30T09:42:00+05:30,51902.6,51909.3,51857.4,51863.85,
2024-10-30T09:43:00+05:30,51867.65,51885.35,51852.35,51867.2,
2024-10-30T09:44:00+05:30,51874,51880.45,51838.5,51838.5,
2024-10-30T09:45:00+05:30,51849.3,51869.7,51814.3,51869.7,
2024-10-30T09:46:00+05:30,51872.9,51919.95,51852.3,51865.7,
2024-10-30T09:47:00+05:30,51866.5,51909.85,51863.55,51895.55,
2024-10-30T09:48:00+05:30,51894.6,51923.8,51879.4,51902.55,
2024-10-30T09:49:00+05:30,51901.6,51902.55,51853.95,51858.4,
2024-10-30T09:50:00+05:30,51859.7,51891,51854.25,51888.2,
2024-10-30T09:51:00+05:30,51886,51915.4,51885.3,51913.2,
2024-10-30T09:52:00+05:30,51914.45,51970.2,51895.6,51966.45,
2024-10-30T09:53:00+05:30,51968.95,51974.9,51942.1,51952.55,
2024-10-30T09:54:00+05:30,51950.9,51971.75,51928.05,51955.5,
2024-10-30T09:55:00+05:30,51963,51991.35,51954.15,51987,
2024-10-30T09:56:00+05:30,51982,51984.8,51934.85,51951.55,
2024-10-30T09:57:00+05:30,51951.2,51987.2,51948.5,51960.25,
2024-10-30T09:58:00+05:30,51961.4,51983.3,51948.15,51983.3,
2024-10-30T09:59:00+05:30,51982.15,51987.05,51954.25,51959.35,
2024-10-30T10:00:00+05:30,51960.85,51964.85,51931.55,51931.55,
2024-10-30T10:01:00+05:30,51930.8,51945.8,51909.85,51939.95,
2024-10-30T10:02:00+05:30,51935,51937.45,51889.2,51904.5,
2024-10-30T10:03:00+05:30,51901.65,51913.9,51873.55,51907.05,
2024-10-30T10:04:00+05:30,51905.55,51907.7,51893.05,51904.45,
2024-10-30T10:05:00+05:30,51904.85,51927.8,51897,51925.35,
2024-10-30T10:06:00+05:30,51929.5,51935,51911.15,51929.45,
2024-10-30T10:07:00+05:30,51928.7,51936.7,51891.15,51899.7,
2024-10-30T10:08:00+05:30,51899.2,51901.65,51887.3,51888.15,
2024-10-30T10:09:00+05:30,51888.55,51904.65,51869.6,51881.1,
2024-10-30T10:10:00+05:30,51882.5,51903.65,51873.45,51899.95,
2024-10-30T10:11:00+05:30,51901.15,51911.15,51883.45,51884.95,
2024-10-30T10:12:00+05:30,51888.2,51905.7,51883.95,51892.45,
2024-10-30T10:13:00+05:30,51892.85,51899.35,51880.9,51890.85,
2024-10-30T10:14:00+05:30,51891.25,51930.45,51891.25,51930.3,
2024-10-30T10:15:00+05:30,51928.55,51932.15,51895.9,51896.7,
2024-10-30T10:16:00+05:30,51897.45,51910.65,51891.2,51891.2,
2024-10-30T10:17:00+05:30,51891,51900.85,51882.9,51900.75,
2024-10-30T10:18:00+05:30,51901.3,51908.05,51892.35,51894.9,
2024-10-30T10:19:00+05:30,51896.8,51905.05,51881.75,51881.75,
2024-10-30T10:20:00+05:30,51882.4,51903.95,51875.15,51898.45,
2024-10-30T10:21:00+05:30,51898.45,51913.65,51895.95,51900.75,
2024-10-30T10:22:00+05:30,51903.05,51905.7,51880.2,51883.7,
2024-10-30T10:23:00+05:30,51882.45,51895.25,51823.45,51836.15,
2024-10-30T10:24:00+05:30,51837.7,51841.9,51774.9,51806.05,
2024-10-30T10:25:00+05:30,51801.45,51804.9,51745.05,51755.4,
2024-10-30T10:26:00+05:30,51740.8,51770.65,51733,51770.65,
2024-10-30T10:27:00+05:30,51768,51784.1,51745.5,51777.25,
2024-10-30T10:28:00+05:30,51777.1,51802.05,51762.1,51791.95,
2024-10-30T10:29:00+05:30,51791.7,51823.3,51791.7,51822.15,
2024-10-30T10:30:00+05:30,51815.75,51840.4,51807.2,51821.1,
2024-10-30T10:31:00+05:30,51819.55,51853.2,51802.45,51853.2,
2024-10-30T10:32:00+05:30,51854.55,51856,51821.9,51853.4,
2024-10-30T10:33:00+05:30,51853.65,51857,51827.8,51833.4,
2024-10-30T10:34:00+05:30,51832.35,51902.45,51832.35,51891.3,
2024-10-30T10:35:00+05:30,51889.45,51938.65,51889.45,51917.95,
2024-10-30T10:36:00+05:30,51921.65,51943.75,51909.45,51923.25,
2024-10-30T10:37:00+05:30,51926.8,51936.65,51887.65,51896.45,
2024-10-30T10:38:00+05:30,51893.4,51902.35,51885.95,51888.8,
2024-10-30T10:39:00+05:30,51889.3,51902.85,51880.1,51894.05,
2024-10-30T10:40:00+05:30,51893.3,51918.75,51883.3,51915,
2024-10-30T10:41:00+05:30,51912.95,51927,51905.7,51918.3,
2024-10-30T10:42:00+05:30,51915.95,51932.3,51910.85,51913.1,
2024-10-30T10:43:00+05:30,51910.5,51942.5,51908.15,51919,
2024-10-30T10:44:00+05:30,51915.8,51947.4,51912.1,51936.35,
2024-10-30T10:45:00+05:30,51934.7,51952.15,51934.7,51943.85,
2024-10-30T10:46:00+05:30,51944.35,51945.95,51932.5,51938.85,
2024-10-30T10:47:00+05:30,51941.8,51967.3,51937.8,51951.7,
2024-10-30T10:48:00+05:30,51948.85,51959.1,51928.65,51947,
2024-10-30T10:49:00+05:30,51950.55,51964.4,51942.85,51947.6,
2024-10-30T10:50:00+05:30,51946.85,51970.8,51938.8,51966.1,
2024-10-30T10:51:00+05:30,51968.4,51982.35,51948.2,51952.5,
2024-10-30T10:52:00+05:30,51953.5,51986.3,51947,51985.05,
2024-10-30T10:53:00+05:30,51986.05,52033.7,51985.6,52033.7,
2024-10-30T10:54:00+05:30,52028.9,52057.75,52025.75,52057.75,
2024-10-30T10:55:00+05:30,52054.85,52075.3,52033.5,52063.6,
2024-10-30T10:56:00+05:30,52064.25,52081.6,52064.25,52074.25,
2024-10-30T10:57:00+05:30,52074.1,52085,52069.45,52080.3,
2024-10-30T10:58:00+05:30,52080.05,52095.35,52078.7,52088.45,
2024-10-30T10:59:00+05:30,52081.9,52100.75,52078.45,52081.5,
2024-10-30T11:00:00+05:30,52081.85,52087.7,52054.3,52060.3,
2024-10-30T11:01:00+05:30,52060.45,52067.8,52032.45,52032.45,
2024-10-30T11:02:00+05:30,52032.6,52040.2,52000.95,52006.85,
2024-10-30T11:03:00+05:30,52007.9,52021.3,51987.85,52019.95,
2024-10-30T11:04:00+05:30,52019.85,52025.6,51981.7,51991.45,
2024-10-30T11:05:00+05:30,51990.05,51994.85,51974.5,51980,
2024-10-30T11:06:00+05:30,51981.15,51987.8,51968.85,51978.15,
2024-10-30T11:07:00+05:30,51978.7,51999.1,51976.15,51992.15,
2024-10-30T11:08:00+05:30,51991,52015.05,51989,52009.95,
2024-10-30T11:09:00+05:30,52006.85,52017.6,51954.4,51957.15,
2024-10-30T11:10:00+05:30,51958.65,51970.7,51951.5,51967,
2024-10-30T11:11:00+05:30,51965.4,51978.6,51955.85,51976.8,
2024-10-30T11:12:00+05:30,51980.65,51985.45,51944.05,51981.7,
2024-10-30T11:13:00+05:30,51980.5,51987.3,51958.3,51960.75,
2024-10-30T11:14:00+05:30,51959.2,51961.55,51932.85,51933.85,
2024-10-30T11:15:00+05:30,51934.7,51946.8,51919.2,51920.85,
2024-10-30T11:16:00+05:30,51920.35,51926.55,51896.6,51913.4,
2024-10-30T11:17:00+05:30,51909.95,51927.9,51905.2,51927.1,
2024-10-30T11:18:00+05:30,51927.45,51933.1,51911,51914.35,
2024-10-30T11:19:00+05:30,51917.25,51941.65,51917.05,51940.9,
2024-10-30T11:20:00+05:30,51939.95,51962.7,51937.65,51944.3,
2024-10-30T11:21:00+05:30,51942.4,51961.6,51926.45,51938.5,
2024-10-30T11:22:00+05:30,51937.65,51973.8,51937.25,51970,
2024-10-30T11:23:00+05:30,51969.45,51969.45,51938.2,51956.7,
2024-10-30T11:24:00+05:30,51955.7,52032.45,51955.7,52030.55,
2024-10-30T11:25:00+05:30,52028.15,52030.1,52007.8,52007.8,
2024-10-30T11:26:00+05:30,52008.65,52033,52001.25,52030.5,
2024-10-30T11:27:00+05:30,52029.25,52049.8,52001.55,52021.95,
2024-10-30T11:28:00+05:30,52021.55,52037.25,52013.05,52036.45,
2024-10-30T11:29:00+05:30,52034.45,52038.05,52018.75,52028.25,
2024-10-30T11:30:00+05:30,52029.45,52045.85,52019.65,52022.7,
2024-10-30T11:31:00+05:30,52022.2,52039.05,52015.2,52022.1,
2024-10-30T11:32:00+05:30,52020.55,52024.8,51967.5,51977,
2024-10-30T11:33:00+05:30,51976.25,51993.4,51973.45,51989.4,
2024-10-30T11:34:00+05:30,51990.2,52010.45,51986.45,52003.1,
2024-10-30T11:35:00+05:30,52003,52010.8,51993.05,51993.05,
2024-10-30T11:36:00+05:30,51994.05,51997.8,51980.4,51990.25,
2024-10-30T11:37:00+05:30,51989.05,52001.55,51974.65,51974.65,
2024-10-30T11:38:00+05:30,51971.75,51989.35,51961.3,51973.65,
2024-10-30T11:39:00+05:30,51971,51975.25,51941.05,51952.75,
2024-10-30T11:40:00+05:30,51950.05,51961.1,51932.75,51943.95,
2024-10-30T11:41:00+05:30,51940.05,51957.2,51929.7,51952.8,
2024-10-30T11:42:00+05:30,51952.05,51969.55,51952.05,51969.55,
2024-10-30T11:43:00+05:30,51968.9,51976.35,51963.45,51971.25,
2024-10-30T11:44:00+05:30,51971.45,51974.75,51964.1,51968.7,
2024-10-30T11:45:00+05:30,51968.7,51972.35,51948.35,51955.6,
2024-10-30T11:46:00+05:30,51953.15,51955.15,51945.8,51948.85,
2024-10-30T11:47:00+05:30,51948.35,51957.75,51940.8,51954.45,
2024-10-30T11:48:00+05:30,51954.9,51979.6,51953.75,51975.05,
2024-10-30T11:49:00+05:30,51974.05,51976.65,51947.3,51960.45,
2024-10-30T11:50:00+05:30,51958.9,51970.85,51948.45,51948.45,
2024-10-30T11:51:00+05:30,51949.35,51975.4,51947.65,51960.05,
2024-10-30T11:52:00+05:30,51961.1,51966.25,51937,51947.3,
2024-10-30T11:53:00+05:30,51943.75,51954.75,51933.6,51937.95,
2024-10-30T11:54:00+05:30,51939,51964.4,51937,51958.4,
2024-10-30T11:55:00+05:30,51957.7,51969.7,51953.6,51965.5,
2024-10-30T11:56:00+05:30,51966.4,51988.2,51962.25,51978.9,
2024-10-30T11:57:00+05:30,51979.6,51987.35,51969.05,51969.05,
2024-10-30T11:58:00+05:30,51969.3,51996.5,51962.85,51982.2,
2024-10-30T11:59:00+05:30,51982,52006.55,51980.85,51997.55,
2024-10-30T12:00:00+05:30,51997.45,52005.85,51987.75,51997.75,
2024-10-30T12:01:00+05:30,51996.25,51996.25,51979.1,51981.2,
2024-10-30T12:02:00+05:30,51982.15,51990.85,51968.45,51978.55,
2024-10-30T12:03:00+05:30,51979.4,51996.8,51979.2,51981.25,
2024-10-30T12:04:00+05:30,51981.9,51981.9,51950.45,51957.15,
2024-10-30T12:05:00+05:30,51955.75,51957.45,51941.05,51953.55,
2024-10-30T12:06:00+05:30,51954.2,51958.6,51943.05,51947.6,
2024-10-30T12:07:00+05:30,51944.25,51958.7,51943,51943.05,
2024-10-30T12:08:00+05:30,51944.45,51959.1,51941.15,51955.15,
2024-10-30T12:09:00+05:30,51955.1,51966.3,51940.1,51943.2,
2024-10-30T12:10:00+05:30,51942.8,51944.9,51924.7,51935.55,
2024-10-30T12:11:00+05:30,51934.25,51940.1,51923.9,51924.15,
2024-10-30T12:12:00+05:30,51924.95,51961.6,51924.95,51960.15,
2024-10-30T12:13:00+05:30,51960.5,51960.5,51952.65,51952.95,
2024-10-30T12:14:00+05:30,51951.95,51962.6,51951.2,51960.6,
2024-10-30T12:15:00+05:30,51959.05,51963,51945.35,51947.45,
2024-10-30T12:16:00+05:30,51947.05,51964.2,51944.35,51959.75,
2024-10-30T12:17:00+05:30,51959,51968.2,51956.55,51963.75,
2024-10-30T12:18:00+05:30,51963.75,51972.25,51958.15,51966.7,
2024-10-30T12:19:00+05:30,51966.3,51976.45,51966.15,51972.7,
2024-10-30T12:20:00+05:30,51971.95,51981,51971.1,51980.4,
2024-10-30T12:21:00+05:30,51980.1,52026.4,51976.95,52026.4,
2024-10-30T12:22:00+05:30,52029.3,52047.3,52011.7,52013.95,
2024-10-30T12:23:00+05:30,52014.6,52018.85,51985.15,51985.45,
2024-10-30T12:24:00+05:30,51987.3,51996.7,51984.35,51988.2,
2024-10-30T12:25:00+05:30,51985.6,51991.5,51983.05,51988.1,
2024-10-30T12:26:00+05:30,51988.25,51990.45,51977.25,51981.9,
2024-10-30T12:27:00+05:30,51984.1,52001.45,51983.8,51989.15,
2024-10-30T12:28:00+05:30,51988.7,51992.55,51969.3,51971.25,
2024-10-30T12:29:00+05:30,51971.55,51972.4,51948.5,51958.8,
2024-10-30T12:30:00+05:30,51963.4,51975.4,51953.9,51957,
2024-10-30T12:31:00+05:30,51956.7,51977.65,51951.9,51974.05,
2024-10-30T12:32:00+05:30,51971.3,51981.8,51969.2,51978.05,
2024-10-30T12:33:00+05:30,51975.1,51982.4,51972.4,51978.15,
2024-10-30T12:34:00+05:30,51975.75,51980.25,51944.5,51945.85,
2024-10-30T12:35:00+05:30,51946.15,51960.05,51944.1,51950.9,
2024-10-30T12:36:00+05:30,51951.25,51967.95,51951.25,51962.85,
2024-10-30T12:37:00+05:30,51963.7,51981.2,51959.4,51974.05,
2024-10-30T12:38:00+05:30,51973.55,51977.85,51962,51963.9,
2024-10-30T12:39:00+05:30,51964.15,51981.85,51964.15,51979.7,
2024-10-30T12:40:00+05:30,51980.15,52009.3,51977.8,51992.8,
2024-10-30T12:41:00+05:30,51991.1,51999.5,51985.8,51992.65,
2024-10-30T12:42:00+05:30,51994.95,52042.15,51994.95,52028.75,
2024-10-30T12:43:00+05:30,52024.95,52031.35,51995.15,51995.45,
2024-10-30T12:44:00+05:30,51996.5,52012.5,51991.65,52009.85,
2024-10-30T12:45:00+05:30,52009.25,52031.25,52009.25,52030,
2024-10-30T12:46:00+05:30,52025.6,52028.75,52005.1,52018.05,
2024-10-30T12:47:00+05:30,52016.75,52034.5,52009.75,52010.85,
2024-10-30T12:48:00+05:30,52010.95,52014.95,51991.45,51992.25,
2024-10-30T12:49:00+05:30,51992.55,51995.55,51978.75,51980.7,
2024-10-30T12:50:00+05:30,51979.4,52005.85,51977.4,51995.15,
2024-10-30T12:51:00+05:30,51997.8,52003.75,51991.55,51992,
2024-10-30T12:52:00+05:30,51989.8,52003.15,51986.4,51990.3,
2024-10-30T12:53:00+05:30,51991.7,51992.95,51971.95,51983.75,
2024-10-30T12:54:00+05:30,51983.35,51988.35,51980.25,51983.25,
2024-10-30T12:55:00+05:30,51982.95,51996.95,51982.25,51991.5,
2024-10-30T12:56:00+05:30,51991.7,51994.85,51984.8,51994.5,
2024-10-30T12:57:00+05:30,51995.75,52005.1,51971.6,51973.45,
2024-10-30T12:58:00+05:30,51972.6,52007.7,51969.15,51994.3,
2024-10-30T12:59:00+05:30,51991.9,51996.5,51981.65,51994,
2024-10-30T13:00:00+05:30,51993.2,52010.05,51991.15,52001.35,
2024-10-30T13:01:00+05:30,51999.8,52013.9,51995.5,51998.3,
2024-10-30T13:02:00+05:30,51997.75,52007.85,51994.55,52002.95,
2024-10-30T13:03:00+05:30,52002.6,52014.95,51998.55,52012.65,
2024-10-30T13:04:00+05:30,52011.75,52023.4,52010.2,52016.6,
2024-10-30T13:05:00+05:30,52017.7,52025.4,52005.45,52019.8,
2024-10-30T13:06:00+05:30,52020.75,52166.3,52020.75,52151.8,
2024-10-30T13:07:00+05:30,52156.75,52181.1,52109.25,52167.25,
2024-10-30T13:08:00+05:30,52175.75,52191.85,52067.75,52080.7,
2024-10-30T13:09:00+05:30,52076.7,52083.3,52017.65,52019.2,
2024-10-30T13:10:00+05:30,52019.5,52028.35,51941.45,51964.85,
2024-10-30T13:11:00+05:30,51961.85,52009.85,51952.95,51976.15,
2024-10-30T13:12:00+05:30,51975.4,51995.75,51966.65,51966.65,
2024-10-30T13:13:00+05:30,51968.45,51981.85,51953.15,51967.15,
2024-10-30T13:14:00+05:30,51964.75,51975.2,51962.55,51969.55,
2024-10-30T13:15:00+05:30,51967,51978,51924,51945.85,
2024-10-30T13:16:00+05:30,51940.2,51948.25,51862.05,51873.7,
2024-10-30T13:17:00+05:30,51873.65,51892.95,51853,51874.45,
2024-10-30T13:18:00+05:30,51865.35,51880.4,51856.85,51872.6,
2024-10-30T13:19:00+05:30,51872.25,51919.95,51867.3,51910.55,
2024-10-30T13:20:00+05:30,51901.75,51905,51861.2,51864,
2024-10-30T13:21:00+05:30,51865.25,51877.45,51840.4,51856.4,
2024-10-30T13:22:00+05:30,51858.05,51870.6,51851.85,51863.05,
2024-10-30T13:23:00+05:30,51862.25,51876.65,51857.65,51873.25,
2024-10-30T13:24:00+05:30,51870.65,51872.05,51844.5,51850.25,
2024-10-30T13:25:00+05:30,51850.35,51850.35,51821.3,51833.65,
2024-10-30T13:26:00+05:30,51830.7,51868.2,51826.75,51850.85,
2024-10-30T13:27:00+05:30,51850.9,51869.45,51850.3,51861.65,
2024-10-30T13:28:00+05:30,51861.2,51867.7,51844.85,51851.8,
2024-10-30T13:29:00+05:30,51854.65,51861.65,51844.7,51851.8,
2024-10-30T13:30:00+05:30,51853.6,51886.55,51851.05,51875.85,
2024-10-30T13:31:00+05:30,51880.05,51891.1,51863.95,51863.95,
2024-10-30T13:32:00+05:30,51869.75,51886.85,51863.5,51876.4,
2024-10-30T13:33:00+05:30,51878,51905.1,51873.35,51896,
2024-10-30T13:34:00+05:30,51893.3,51907.85,51880.85,51896.3,
2024-10-30T13:35:00+05:30,51889.8,51892.95,51852.4,51854.35,
2024-10-30T13:36:00+05:30,51856.7,51857.75,51837.7,51839.2,
2024-10-30T13:37:00+05:30,51840,51841.8,51822.25,51838.2,
2024-10-30T13:38:00+05:30,51841.95,51853.35,51837.45,51844.15,
2024-10-30T13:39:00+05:30,51842.2,51843.8,51828.2,51840.05,
2024-10-30T13:40:00+05:30,51841.4,51849.4,51823.8,51842.5,
2024-10-30T13:41:00+05:30,51844,51860.85,51843.65,51847.9,
2024-10-30T13:42:00+05:30,51846.7,51846.7,51831.15,51840.85,
2024-10-30T13:43:00+05:30,51838.55,51841.85,51805.55,51809.15,
2024-10-30T13:44:00+05:30,51808.35,51848.55,51808.35,51837.4,
2024-10-30T13:45:00+05:30,51838.35,51849.05,51831.15,51845.8,
2024-10-30T13:46:00+05:30,51845.25,51869.25,51838.25,51861.65,
2024-10-30T13:47:00+05:30,51861.6,51863.4,51841.6,51845.25,
2024-10-30T13:48:00+05:30,51846.7,51850.65,51833.7,51847.4,
2024-10-30T13:49:00+05:30,51847.6,51854.9,51837.7,51850.45,
2024-10-30T13:50:00+05:30,51847.25,51858.45,51842.15,51854.05,
2024-10-30T13:51:00+05:30,51854.65,51863.5,51847.75,51851.55,
2024-10-30T13:52:00+05:30,51852.6,51869.1,51852.25,51864.1,
2024-10-30T13:53:00+05:30,51862.15,51865.35,51844.65,51855.15,
2024-10-30T13:54:00+05:30,51855.8,51874.15,51849.6,51864.05,
2024-10-30T13:55:00+05:30,51868.85,51870,51853.85,51861.65,
2024-10-30T13:56:00+05:30,51862.7,51867.7,51840.05,51844.9,
2024-10-30T13:57:00+05:30,51841.8,51855.7,51841.05,51849.1,
2024-10-30T13:58:00+05:30,51845.65,51864,51842.4,51861.85,
2024-10-30T13:59:00+05:30,51859,51874.75,51853.95,51874.75,
2024-10-30T14:00:00+05:30,51868.65,51873.8,51842.85,51852.45,
2024-10-30T14:01:00+05:30,51851.65,51859.35,51847.15,51856.2,
2024-10-30T14:02:00+05:30,51852.05,51853.4,51830.7,51835.75,
2024-10-30T14:03:00+05:30,51834.75,51849.3,51834.15,51844.15,
2024-10-30T14:04:00+05:30,51845.15,51864.35,51840.7,51857.35,
2024-10-30T14:05:00+05:30,51859.6,51871.7,51852.25,51866.45,
2024-10-30T14:06:00+05:30,51866.85,51886.65,51862.1,51865.25,
2024-10-30T14:07:00+05:30,51863.85,51867.55,51846.1,51851.8,
2024-10-30T14:08:00+05:30,51850.85,51856.3,51844.35,51851.5,
2024-10-30T14:09:00+05:30,51847.05,51849.25,51836.6,51839.95,
2024-10-30T14:10:00+05:30,51839.7,51849.05,51832.55,51843.95,
2024-10-30T14:11:00+05:30,51840.45,51849.55,51836.7,51841.65,
2024-10-30T14:12:00+05:30,51839.75,51849.1,51834.8,51840.65,
2024-10-30T14:13:00+05:30,51840.55,51844.65,51817.35,51827.15,
2024-10-30T14:14:00+05:30,51828.65,51832.3,51805.5,51807.85,
2024-10-30T14:15:00+05:30,51810.35,51823.35,51788.05,51793.6,
2024-10-30T14:16:00+05:30,51800.65,51824,51795.05,51802.65,
2024-10-30T14:17:00+05:30,51816.05,51827.35,51796.8,51815.9,
2024-10-30T14:18:00+05:30,51818.05,51827.3,51805.6,51812.95,
2024-10-30T14:19:00+05:30,51806.75,51818.45,51794.55,51817.1,
2024-10-30T14:20:00+05:30,51808.85,51825.35,51807.55,51817.3,
2024-10-30T14:21:00+05:30,51819.75,51820.7,51797.75,51806.85,
2024-10-30T14:22:00+05:30,51809.75,51824.65,51796.1,51814,
2024-10-30T14:23:00+05:30,51815.45,51825.1,51804.75,51819.7,
2024-10-30T14:24:00+05:30,51819,51819.45,51792.15,51797.1,
2024-10-30T14:25:00+05:30,51793.05,51804.1,51777.35,51781.55,
2024-10-30T14:26:00+05:30,51781.9,51797.25,51769.8,51795,
2024-10-30T14:27:00+05:30,51794.05,51796.25,51777.25,51783.5,
2024-10-30T14:28:00+05:30,51786,51816.75,51780.15,51813.8,
2024-10-30T14:29:00+05:30,51812.5,51817.45,51800.95,51812.3,
2024-10-30T14:30:00+05:30,51820.8,51833.45,51813.2,51832.1,
2024-10-30T14:31:00+05:30,51828.25,51832.35,51812.6,51816.5,
2024-10-30T14:32:00+05:30,51817.65,51822,51802.75,51820,
2024-10-30T14:33:00+05:30,51817.85,51835.3,51805.25,51832.55,
2024-10-30T14:34:00+05:30,51830.05,51839,51825.15,51828.8,
2024-10-30T14:35:00+05:30,51829.65,51833.35,51807.75,51812.9,
2024-10-30T14:36:00+05:30,51813.25,51819.95,51803.1,51817.35,
2024-10-30T14:37:00+05:30,51816.9,51828.4,51816.55,51820.25,
2024-10-30T14:38:00+05:30,51819.8,51826.8,51792.25,51801.25,
2024-10-30T14:39:00+05:30,51801.85,51810.8,51785.05,51799.05,
2024-10-30T14:40:00+05:30,51803.45,51803.45,51780.2,51795.85,
2024-10-30T14:41:00+05:30,51793.5,51804.95,51789.25,51796.05,
2024-10-30T14:42:00+05:30,51794.25,51813.65,51794.25,51808.5,
2024-10-30T14:43:00+05:30,51807.9,51822.85,51804.7,51818.75,
2024-10-30T14:44:00+05:30,51815,51817.85,51793.7,51811,
2024-10-30T14:45:00+05:30,51810.2,51824.95,51807.95,51820.25,
2024-10-30T14:46:00+05:30,51819.8,51824.85,51789.35,51806.1,
2024-10-30T14:47:00+05:30,51805.55,51807.2,51781.95,51783.65,
2024-10-30T14:48:00+05:30,51784,51785.7,51758.15,51773.8,
2024-10-30T14:49:00+05:30,51770.7,51803.85,51766.9,51797.8,
2024-10-30T14:50:00+05:30,51792.05,51811.2,51762.7,51764.15,
2024-10-30T14:51:00+05:30,51763.95,51794.55,51763.95,51787.8,
2024-10-30T14:52:00+05:30,51787.6,51803.9,51779.3,51784.8,
2024-10-30T14:53:00+05:30,51785.05,51802.7,51782.9,51796.15,
2024-10-30T14:54:00+05:30,51796.95,51804.25,51780.65,51782.4,
2024-10-30T14:55:00+05:30,51781.95,51790.2,51774.7,51777.85,
2024-10-30T14:56:00+05:30,51778.85,51801.75,51770.55,51787.9,
2024-10-30T14:57:00+05:30,51786.7,51797.75,51784.8,51796.1,
2024-10-30T14:58:00+05:30,51793.4,51795.7,51765.45,51779.55,
2024-10-30T14:59:00+05:30,51772.35,51782.6,51771.6,51771.6,
2024-10-30T15:00:00+05:30,51772.6,51785.95,51754.1,51778.25,
2024-10-30T15:01:00+05:30,51775.5,51788.95,51766.65,51785.35,
2024-10-30T15:02:00+05:30,51784.55,51794,51754.75,51757.1,
2024-10-30T15:03:00+05:30,51761.35,51793.45,51742.7,51788.2,
2024-10-30T15:04:00+05:30,51791.3,51810.2,51788.9,51801.7,
2024-10-30T15:05:00+05:30,51801.3,51809.45,51778.3,51785.45,
2024-10-30T15:06:00+05:30,51788.85,51827.15,51783.55,51827.15,
2024-10-30T15:07:00+05:30,51826.3,51835.3,51793.8,51817.25,
2024-10-30T15:08:00+05:30,51819.85,51822,51801.05,51804,
2024-10-30T15:09:00+05:30,51804.1,51818.3,51774.15,51780.9,
2024-10-30T15:10:00+05:30,51782.65,51797.95,51776.8,51797.85,
2024-10-30T15:11:00+05:30,51796.3,51828.45,51795.15,51810.35,
2024-10-30T15:12:00+05:30,51815.25,51833.7,51794.8,51810.55,
2024-10-30T15:13:00+05:30,51813.2,51813.2,51802.55,51805.4,
2024-10-30T15:14:00+05:30,51805.25,51807.25,51777.15,51782.65,
2024-10-30T15:15:00+05:30,51778.65,51786.7,51777.6,51780.5,
2024-10-30T15:16:00+05:30,51782.25,51783.9,51757.25,51765.35,
2024-10-30T15:17:00+05:30,51764.1,51817.45,51763.5,51811.8,
2024-10-30T15:18:00+05:30,51809.9,51821.5,51797.95,51816.55,
2024-10-30T15:19:00+05:30,51813.45,51834,51793.4,51834,
2024-10-30T15:20:00+05:30,51826.65,51846.25,51820.4,51844.35,
2024-10-30T15:21:00+05:30,51845.25,51853.5,51838.85,51850.7,
2024-10-30T15:22:00+05:30,51851.3,51869.4,51849.85,51863.3,
2024-10-30T15:23:00+05:30,51863.25,51871.4,51854.35,51858.8,
2024-10-30T15:24:00+05:30,51859.15,51876.05,51858.8,51868.15,
2024-10-30T15:25:00+05:30,51867.75,51891,51867.75,51879.1,
2024-10-30T15:26:00+05:30,51879.8,51887.2,51869.7,51875.05,
2024-10-30T15:27:00+05:30,51875.15,51884.7,51872.4,51879.1,
2024-10-30T15:28:00+05:30,51879.65,51899.4,51868.3,51870.75,
2024-10-30T15:29:00+05:30,51867.65,51871.5,51808.8,51849.2,
2024-10-31T09:15:00+05:30,51649.45,51789.2,51649.45,51692.35,
2024-10-31T09:16:00+05:30,51687.8,51802.8,51676.25,51778.7,
2024-10-31T09:17:00+05:30,51784.25,51859.05,51784.25,51845.65,
2024-10-31T09:18:00+05:30,51838.95,51876.45,51824.9,51835.65,
2024-10-31T09:19:00+05:30,51832.05,51863.4,51823.05,51831,
2024-10-31T09:20:00+05:30,51831.6,51853.5,51806.4,51845.75,
2024-10-31T09:21:00+05:30,51841.65,51841.65,51775.25,51790.1,
2024-10-31T09:22:00+05:30,51785.1,51826.3,51783.5,51826.3,
2024-10-31T09:23:00+05:30,51823.7,51841.05,51812.05,51812.1,
2024-10-31T09:24:00+05:30,51812.15,51812.15,51771.1,51777.2,
2024-10-31T09:25:00+05:30,51771.4,51804.6,51754.75,51792.05,
2024-10-31T09:26:00+05:30,51793.85,51815.4,51787,51801.8,
2024-10-31T09:27:00+05:30,51800.9,51806.25,51765.9,51786.5,
2024-10-31T09:28:00+05:30,51785.4,51811.65,51767.7,51775.7,
2024-10-31T09:29:00+05:30,51771.6,51774.4,51752.75,51760.6,
2024-10-31T09:30:00+05:30,51760.9,51790.5,51755.85,51772.5,
2024-10-31T09:31:00+05:30,51771.65,51772.9,51741.85,51755.35,
2024-10-31T09:32:00+05:30,51753.85,51786.55,51727.1,51769.7,
2024-10-31T09:33:00+05:30,51764.6,51788.65,51754.65,51760.65,
2024-10-31T09:34:00+05:30,51758.95,51766.05,51750.15,51765.75,
2024-10-31T09:35:00+05:30,51762.6,51795.5,51756.45,51784.95,
2024-10-31T09:36:00+05:30,51785.75,51785.75,51746.95,51746.95,
2024-10-31T09:37:00+05:30,51744.4,51755.1,51705.6,51720.45,
2024-10-31T09:38:00+05:30,51719.15,51733.75,51705.65,51719,
2024-10-31T09:39:00+05:30,51725.65,51737.05,51687,51699.8,
2024-10-31T09:40:00+05:30,51703.65,51731.15,51694.95,51729,
2024-10-31T09:41:00+05:30,51729.2,51748.85,51722.5,51748.85,
2024-10-31T09:42:00+05:30,51750.1,51770.95,51742.85,51763.85,
2024-10-31T09:43:00+05:30,51767.65,51780.85,51755.7,51764.25,
2024-10-31T09:44:00+05:30,51765.25,51783.35,51754.6,51780.65,
2024-10-31T09:45:00+05:30,51782.95,51886.75,51775.95,51869.45,
2024-10-31T09:46:00+05:30,51864.35,51874.9,51843.8,51874.9,
2024-10-31T09:47:00+05:30,51875.45,51900.15,51871.2,51879.05,
2024-10-31T09:48:00+05:30,51875.25,51897.85,51866.9,51890.6,
2024-10-31T09:49:00+05:30,51890,51947.45,51889.75,51924.05,
2024-10-31T09:50:00+05:30,51925.5,51948.05,51914.9,51922.75,
2024-10-31T09:51:00+05:30,51922.5,51938.95,51912.85,51916.5,
2024-10-31T09:52:00+05:30,51919.4,51926.65,51883.25,51886.7,
2024-10-31T09:53:00+05:30,51881,51911.85,51881,51898.95,
2024-10-31T09:54:00+05:30,51899.7,51924.8,51897.4,51912.3,
2024-10-31T09:55:00+05:30,51908.75,51918.95,51891.1,51897.35,
2024-10-31T09:56:00+05:30,51895,51912.9,51889.7,51910.85,
2024-10-31T09:57:00+05:30,51910.2,51922.9,51906.3,51917.55,
2024-10-31T09:58:00+05:30,51918.95,51936.55,51913.2,51934.05,
2024-10-31T09:59:00+05:30,51932.85,52002.9,51932.85,51995,
2024-10-31T10:00:00+05:30,51997.4,52005.6,51966.3,51977.7,
2024-10-31T10:01:00+05:30,51973.8,51983.7,51932.85,51937.3,
2024-10-31T10:02:00+05:30,51936.05,51958.9,51925.2,51958,
2024-10-31T10:03:00+05:30,51955.35,51958.35,51931.7,51939.2,
2024-10-31T10:04:00+05:30,51938.05,51940.35,51931,51937.2,
2024-10-31T10:05:00+05:30,51937.5,51942.25,51908.25,51910.4,
2024-10-31T10:06:00+05:30,51911.1,51942.15,51909,51922.3,
2024-10-31T10:07:00+05:30,51925.9,51933.75,51903.6,51908.4,
2024-10-31T10:08:00+05:30,51910.1,51933.4,51902.65,51924.85,
2024-10-31T10:09:00+05:30,51926.9,51930.2,51892.95,51897.3,
2024-10-31T10:10:00+05:30,51897.75,51912.55,51889.6,51905.15,
2024-10-31T10:11:00+05:30,51906,51911.95,51876.65,51886.4,
2024-10-31T10:12:00+05:30,51885.25,51886.45,51863.25,51878.85,
2024-10-31T10:13:00+05:30,51879.35,51897.4,51877.2,51893,
2024-10-31T10:14:00+05:30,51892.7,51893.9,51858.75,51861.45,
2024-10-31T10:15:00+05:30,51859,51859,51825.05,51825.65,
2024-10-31T10:16:00+05:30,51831.1,51870.7,51831.1,51860.8,
2024-10-31T10:17:00+05:30,51866.55,51866.55,51824.9,51835.25,
2024-10-31T10:18:00+05:30,51835.8,51842.95,51812.5,51817.7,
2024-10-31T10:19:00+05:30,51816.7,51825.55,51811.4,51814.7,
2024-10-31T10:20:00+05:30,51815.5,51815.65,51790.65,51814.7,
2024-10-31T10:21:00+05:30,51813.2,51823.55,51805.85,51814.5,
2024-10-31T10:22:00+05:30,51816.5,51817,51802.7,51808,
2024-10-31T10:23:00+05:30,51808.3,51820.8,51806.35,51820,
2024-10-31T10:24:00+05:30,51819.7,51839.15,51815.9,51835.45,
2024-10-31T10:25:00+05:30,51834.85,51864.85,51833.85,51863.65,
2024-10-31T10:26:00+05:30,51865.4,51865.75,51825.55,51825.55,
2024-10-31T10:27:00+05:30,51824.4,51844.4,51816.65,51840.45,
2024-10-31T10:28:00+05:30,51837.8,51841.1,51814.05,51826.35,
2024-10-31T10:29:00+05:30,51825.5,51829.75,51815.25,51827.85,
2024-10-31T10:30:00+05:30,51828.7,51833.4,51804.45,51809.3,
2024-10-31T10:31:00+05:30,51810.55,51823.3,51805.3,51811.1,
2024-10-31T10:32:00+05:30,51812.85,51812.85,51786.15,51794.75,
2024-10-31T10:33:00+05:30,51796.15,51802.35,51787.7,51792.65,
2024-10-31T10:34:00+05:30,51791.6,51802.95,51783.6,51802.95,
2024-10-31T10:35:00+05:30,51803.2,51807.6,51793.55,51803.7,
2024-10-31T10:36:00+05:30,51803.7,51821.55,51798.45,51815.5,
2024-10-31T10:37:00+05:30,51815.25,51821.6,51805.95,51812.8,
2024-10-31T10:38:00+05:30,51810.55,51821.05,51807.5,51819.95,
2024-10-31T10:39:00+05:30,51823.8,51846.05,51814.55,51835.15,
2024-10-31T10:40:00+05:30,51834.65,51848,51829,51840.6,
2024-10-31T10:41:00+05:30,51837.05,51841.95,51814.9,51823.2,
2024-10-31T10:42:00+05:30,51824.2,51828.85,51809.3,51815.8,
2024-10-31T10:43:00+05:30,51815.05,51820,51807.6,51811.65,
2024-10-31T10:44:00+05:30,51810.65,51816.8,51799.3,51799.3,
2024-10-31T10:45:00+05:30,51795.45,51804.65,51786.25,51797.4,
2024-10-31T10:46:00+05:30,51792.15,51805.25,51792.05,51800.8,
2024-10-31T10:47:00+05:30,51801.8,51803.35,51791,51798.1,
2024-10-31T10:48:00+05:30,51796.65,51801.9,51792.35,51798.95,
2024-10-31T10:49:00+05:30,51800.55,51800.55,51753.55,51760.2,
2024-10-31T10:50:00+05:30,51759.9,51772.05,51756.3,51769.1,
2024-10-31T10:51:00+05:30,51768.55,51780.95,51763.25,51767.95,
2024-10-31T10:52:00+05:30,51768.65,51770.35,51757.2,51761.1,
2024-10-31T10:53:00+05:30,51760.75,51785.35,51757.1,51774.75,
2024-10-31T10:54:00+05:30,51782.25,51784.8,51765.6,51767.85,
2024-10-31T10:55:00+05:30,51771.9,51783.9,51765.5,51778.9,
2024-10-31T10:56:00+05:30,51779.3,51785.2,51761.35,51764.7,
2024-10-31T10:57:00+05:30,51762.65,51766.05,51749.3,51762.15,
2024-10-31T10:58:00+05:30,51762.8,51777.85,51756.2,51776.75,
2024-10-31T10:59:00+05:30,51778.55,51783.45,51741.7,51747.5,
2024-10-31T11:00:00+05:30,51752.25,51756.6,51737.6,51743.9,
2024-10-31T11:01:00+05:30,51742.3,51763.35,51736.15,51753.35,
2024-10-31T11:02:00+05:30,51756.55,51775.95,51754.75,51767.8,
2024-10-31T11:03:00+05:30,51769.4,51790.5,51759.8,51787.55,
2024-10-31T11:04:00+05:30,51786.55,51799.55,51778.25,51789.75,
2024-10-31T11:05:00+05:30,51790.85,51799.95,51788.4,51790.7,
2024-10-31T11:06:00+05:30,51792,51794,51772,51775.05,
2024-10-31T11:07:00+05:30,51772.65,51794.8,51770.7,51791.8,
2024-10-31T11:08:00+05:30,51792.05,51792.05,51770.9,51777.65,
2024-10-31T11:09:00+05:30,51775.45,51790.85,51771.9,51773.7,
2024-10-31T11:10:00+05:30,51775.1,51779.35,51769.6,51774.65,
2024-10-31T11:11:00+05:30,51776.25,51788.65,51773.65,51784.4,
2024-10-31T11:12:00+05:30,51780.25,51784.4,51771.55,51774.75,
2024-10-31T11:13:00+05:30,51773.6,51777.4,51755.4,51760.05,
2024-10-31T11:14:00+05:30,51761.05,51765.05,51752.7,51755.5,
2024-10-31T11:15:00+05:30,51755.2,51756.45,51740.5,51742.95,
2024-10-31T11:16:00+05:30,51748.2,51754,51740.25,51754,
2024-10-31T11:17:00+05:30,51751.15,51755.1,51738.05,51741.4,
2024-10-31T11:18:00+05:30,51745.8,51746.9,51736.75,51740.7,
2024-10-31T11:19:00+05:30,51739.45,51755.85,51717.75,51724.05,
2024-10-31T11:20:00+05:30,51724.75,51753.15,51724.05,51748.2,
2024-10-31T11:21:00+05:30,51748.55,51754.1,51718.3,51724.75,
2024-10-31T11:22:00+05:30,51723.85,51725.2,51704.4,51707.75,
2024-10-31T11:23:00+05:30,51708.6,51730.75,51703.05,51719.5,
2024-10-31T11:24:00+05:30,51724.1,51727,51711.9,51720.7,
2024-10-31T11:25:00+05:30,51719.9,51728.4,51713.8,51726.2,
2024-10-31T11:26:00+05:30,51725.25,51731.2,51718.25,51729.05,
2024-10-31T11:27:00+05:30,51728.9,51733.25,51720.15,51728.25,
2024-10-31T11:28:00+05:30,51731.6,51758.85,51729.95,51754.95,
2024-10-31T11:29:00+05:30,51756.3,51759.1,51751,51753.3,
2024-10-31T11:30:00+05:30,51754.3,51758.1,51738.55,51741.7,
2024-10-31T11:31:00+05:30,51740.2,51743.25,51723.4,51727.8,
2024-10-31T11:32:00+05:30,51726.25,51736.6,51725.5,51732.1,
2024-10-31T11:33:00+05:30,51731.9,51740.3,51719.75,51721.35,
2024-10-31T11:34:00+05:30,51720.95,51728,51713.8,51725.95,
2024-10-31T11:35:00+05:30,51727.2,51739.45,51724.9,51737.3,
2024-10-31T11:36:00+05:30,51738.6,51738.65,51728.6,51731.1,
2024-10-31T11:37:00+05:30,51730.8,51730.8,51709.15,51712.35,
2024-10-31T11:38:00+05:30,51710.3,51721.25,51707.15,51720.6,
2024-10-31T11:39:00+05:30,51723.2,51723.2,51708.45,51712.5,
2024-10-31T11:40:00+05:30,51710.75,51715.35,51692.5,51694.85,
2024-10-31T11:41:00+05:30,51693.85,51717.4,51693.8,51710.55,
2024-10-31T11:42:00+05:30,51710.05,51716.75,51698.7,51703.05,
2024-10-31T11:43:00+05:30,51701.45,51709.3,51697.35,51703.05,
2024-10-31T11:44:00+05:30,51702.2,51737.35,51702.2,51729.25,
2024-10-31T11:45:00+05:30,51725.4,51730.35,51707.6,51711.95,
2024-10-31T11:46:00+05:30,51707.85,51712.55,51696.8,51699.25,
2024-10-31T11:47:00+05:30,51698.35,51719.55,51698.35,51713.45,
2024-10-31T11:48:00+05:30,51715.65,51717.1,51704.3,51710.45,
2024-10-31T11:49:00+05:30,51708.25,51710.9,51697.4,51702.45,
2024-10-31T11:50:00+05:30,51702.85,51708.7,51696.05,51701.85,
2024-10-31T11:51:00+05:30,51698.15,51702.65,51681.95,51681.95,
2024-10-31T11:52:00+05:30,51680.75,51694.9,51676.5,51692.4,
2024-10-31T11:53:00+05:30,51686.35,51691.4,51680.85,51687.95,
2024-10-31T11:54:00+05:30,51687.75,51688.55,51675.1,51677.3,
2024-10-31T11:55:00+05:30,51678.6,51685.7,51674.8,51685.1,
2024-10-31T11:56:00+05:30,51683.3,51684.75,51665.6,51668.35,
2024-10-31T11:57:00+05:30,51667.05,51691.75,51655.3,51681.5,
2024-10-31T11:58:00+05:30,51683.25,51686.05,51666.7,51667.1,
2024-10-31T11:59:00+05:30,51665.8,51667.7,51650.3,51652.25,
2024-10-31T12:00:00+05:30,51652.2,51656.25,51630.45,51635.95,
2024-10-31T12:01:00+05:30,51635,51655.35,51633.6,51650.05,
2024-10-31T12:02:00+05:30,51650.15,51650.45,51629.95,51642.5,
2024-10-31T12:03:00+05:30,51641,51660.1,51639.1,51652.15,
2024-10-31T12:04:00+05:30,51654.35,51654.35,51638.65,51638.65,
2024-10-31T12:05:00+05:30,51642,51651.9,51629.8,51650.85,
2024-10-31T12:06:00+05:30,51646.75,51657.55,51645.85,51653.6,
2024-10-31T12:07:00+05:30,51654.9,51669.4,51652.6,51665.8,
2024-10-31T12:08:00+05:30,51668.9,51671.2,51659.55,51671.2,
2024-10-31T12:09:00+05:30,51669.35,51683.1,51668.5,51681.6,
2024-10-31T12:10:00+05:30,51681.45,51688.9,51670.65,51670.95,
2024-10-31T12:11:00+05:30,51670.8,51673.55,51659.45,51672.9,
2024-10-31T12:12:00+05:30,51668.85,51683.2,51667.2,51676.95,
2024-10-31T12:13:00+05:30,51675.9,51675.9,51651.3,51655.6,
2024-10-31T12:14:00+05:30,51650.8,51657.4,51638.05,51640.95,
2024-10-31T12:15:00+05:30,51640.75,51644.7,51617,51621.2,
2024-10-31T12:16:00+05:30,51621.25,51640.75,51614.1,51636.15,
2024-10-31T12:17:00+05:30,51636.25,51640.35,51625.55,51628.85,
2024-10-31T12:18:00+05:30,51628.4,51633,51624.55,51632.25,
2024-10-31T12:19:00+05:30,51632.7,51632.7,51602.55,51607.8,
2024-10-31T12:20:00+05:30,51607.35,51609.95,51584.7,51591.55,
2024-10-31T12:21:00+05:30,51594.3,51599.25,51586.25,51592,
2024-10-31T12:22:00+05:30,51592.5,51606.35,51589.5,51590.1,
2024-10-31T12:23:00+05:30,51594.6,51595.15,51562.95,51566.7,
2024-10-31T12:24:00+05:30,51564.95,51571.35,51524.25,51535.5,
2024-10-31T12:25:00+05:30,51534.9,51539.45,51508.85,51518.65,
2024-10-31T12:26:00+05:30,51515.95,51520.85,51501.05,51510.65,
2024-10-31T12:27:00+05:30,51511.05,51511.05,51482.3,51491.7,
2024-10-31T12:28:00+05:30,51491.65,51498.25,51475.2,51484.1,
2024-10-31T12:29:00+05:30,51483.15,51484.25,51450.7,51461.55,
2024-10-31T12:30:00+05:30,51458.95,51474.3,51442.05,51464.3,
2024-10-31T12:31:00+05:30,51465.65,51482.95,51453.85,51482.3,
2024-10-31T12:32:00+05:30,51482.65,51503.2,51477.95,51492.75,
2024-10-31T12:33:00+05:30,51496.3,51500.3,51473.25,51481.8,
2024-10-31T12:34:00+05:30,51479.85,51482.25,51464.7,51468.95,
2024-10-31T12:35:00+05:30,51468.35,51468.35,51443.2,51456.4,
2024-10-31T12:36:00+05:30,51461.35,51475.55,51457.25,51469.75,
2024-10-31T12:37:00+05:30,51469.75,51469.75,51451.5,51459.95,
2024-10-31T12:38:00+05:30,51463.95,51471.55,51450.35,51462.15,
2024-10-31T12:39:00+05:30,51462.05,51472.2,51454.95,51460.95,
2024-10-31T12:40:00+05:30,51462.6,51465.6,51454.4,51456.75,
2024-10-31T12:41:00+05:30,51456.95,51456.95,51437.4,51444.2,
2024-10-31T12:42:00+05:30,51444.2,51444.2,51423.85,51429,
2024-10-31T12:43:00+05:30,51429.8,51434.1,51403.25,51412.65,
2024-10-31T12:44:00+05:30,51413.15,51414.1,51380.15,51383.3,
2024-10-31T12:45:00+05:30,51383.95,51394.4,51352.8,51364.65,
2024-10-31T12:46:00+05:30,51360.15,51386.6,51354.1,51377.1,
2024-10-31T12:47:00+05:30,51376.2,51377.35,51347.95,51369.95,
2024-10-31T12:48:00+05:30,51376.2,51376.2,51353.7,51373.55,
2024-10-31T12:49:00+05:30,51373.15,51381.35,51357.95,51357.95,
2024-10-31T12:50:00+05:30,51359.35,51377.95,51341.1,51373.15,
2024-10-31T12:51:00+05:30,51370.3,51393.25,51369.7,51383.85,
2024-10-31T12:52:00+05:30,51386,51394.3,51380.25,51384.35,
2024-10-31T12:53:00+05:30,51385.85,51389.8,51371.55,51383.3,
2024-10-31T12:54:00+05:30,51383.8,51392.2,51375.35,51375.95,
2024-10-31T12:55:00+05:30,51377.25,51379.85,51359,51365.05,
2024-10-31T12:56:00+05:30,51365.75,51397.8,51365.5,51386.35,
2024-10-31T12:57:00+05:30,51386.75,51416.35,51384.05,51413.7,
2024-10-31T12:58:00+05:30,51415.3,51436.15,51409.65,51435.35,
2024-10-31T12:59:00+05:30,51433.75,51434.55,51419.95,51432.1,
2024-10-31T13:00:00+05:30,51434.25,51434.25,51408.15,51412.9,
2024-10-31T13:01:00+05:30,51412.9,51417.45,51402.4,51414.1,
2024-10-31T13:02:00+05:30,51415.85,51426.95,51415.1,51425.4,
2024-10-31T13:03:00+05:30,51425.05,51431.85,51420.1,51422.85,
2024-10-31T13:04:00+05:30,51423,51423.5,51405.15,51419.35,
2024-10-31T13:05:00+05:30,51420.9,51434.8,51419.55,51420.75,
2024-10-31T13:06:00+05:30,51421.2,51422.45,51408.45,51421.65,
2024-10-31T13:07:00+05:30,51422.55,51426.85,51417.5,51420.35,
2024-10-31T13:08:00+05:30,51422.05,51426.8,51416.85,51418.4,
2024-10-31T13:09:00+05:30,51422.1,51442.35,51420.9,51437.15,
2024-10-31T13:10:00+05:30,51442,51463.45,51435,51448.8,
2024-10-31T13:11:00+05:30,51450.5,51469.2,51448.55,51463.65,
2024-10-31T13:12:00+05:30,51466.3,51474.35,51452.2,51452.2,
2024-10-31T13:13:00+05:30,51453.15,51456.6,51441.2,51449.8,
2024-10-31T13:14:00+05:30,51450.15,51464.25,51446.6,51450.15,
2024-10-31T13:15:00+05:30,51450.05,51455.65,51428.7,51439.35,
2024-10-31T13:16:00+05:30,51438.85,51443.7,51428.55,51430,
2024-10-31T13:17:00+05:30,51429.7,51445,51425.25,51445,
2024-10-31T13:18:00+05:30,51443.95,51453.4,51435.35,51447.7,
2024-10-31T13:19:00+05:30,51446.65,51446.65,51428.2,51435.6,
2024-10-31T13:20:00+05:30,51437.8,51439.65,51421.25,51424.25,
2024-10-31T13:21:00+05:30,51429.3,51429.3,51411.15,51414.95,
2024-10-31T13:22:00+05:30,51414.55,51422.75,51404.35,51422.75,
2024-10-31T13:23:00+05:30,51422.25,51422.8,51406,51416.15,
2024-10-31T13:24:00+05:30,51420.25,51422.65,51407,51407.45,
2024-10-31T13:25:00+05:30,51407.8,51414.1,51397.05,51404.9,
2024-10-31T13:26:00+05:30,51404,51414.95,51397.4,51414.45,
2024-10-31T13:27:00+05:30,51413.65,51413.65,51399.15,51400.55,
2024-10-31T13:28:00+05:30,51403.35,51414.15,51394.5,51395.15,
2024-10-31T13:29:00+05:30,51398.7,51401.4,51385.25,51394.4,
2024-10-31T13:30:00+05:30,51397.4,51404.3,51394.55,51401.7,
2024-10-31T13:31:00+05:30,51403.6,51403.6,51389.35,51396.75,
2024-10-31T13:32:00+05:30,51396.75,51407.1,51394.3,51399.45,
2024-10-31T13:33:00+05:30,51399.15,51409.15,51395.2,51397,
2024-10-31T13:34:00+05:30,51396.55,51397.45,51375.15,51383.15,
2024-10-31T13:35:00+05:30,51382.85,51410,51382.85,51408.85,
2024-10-31T13:36:00+05:30,51409,51428.25,51407.7,51423.45,
2024-10-31T13:37:00+05:30,51429.45,51444.35,51423.05,51427.5,
2024-10-31T13:38:00+05:30,51426.25,51434.15,51417.3,51428.8,
2024-10-31T13:39:00+05:30,51430.2,51443.45,51420.3,51442.55,
2024-10-31T13:40:00+05:30,51444.8,51445.6,51426.3,51434.1,
2024-10-31T13:41:00+05:30,51434.05,51440.65,51426.15,51436.85,
2024-10-31T13:42:00+05:30,51437.05,51445.55,51431.45,51437.85,
2024-10-31T13:43:00+05:30,51434.9,51460.4,51434.2,51456.25,
2024-10-31T13:44:00+05:30,51461.25,51489.2,51457.3,51487,
2024-10-31T13:45:00+05:30,51485.75,51535.8,51481.6,51530.05,
2024-10-31T13:46:00+05:30,51528.6,51533.1,51504.1,51518.75,
2024-10-31T13:47:00+05:30,51515.55,51517,51498.55,51501.75,
2024-10-31T13:48:00+05:30,51502.25,51512.65,51501.5,51507.75,
2024-10-31T13:49:00+05:30,51505.7,51509.8,51480.2,51480.9,
2024-10-31T13:50:00+05:30,51481.3,51484.15,51457.75,51470.4,
2024-10-31T13:51:00+05:30,51470.55,51471.1,51454.2,51463.45,
2024-10-31T13:52:00+05:30,51463.9,51463.9,51454.05,51459.45,
2024-10-31T13:53:00+05:30,51462.75,51485.45,51458.3,51465.25,
2024-10-31T13:54:00+05:30,51465.75,51466,51448.45,51450.2,
2024-10-31T13:55:00+05:30,51450.3,51451.35,51435.25,51438.2,
2024-10-31T13:56:00+05:30,51438.3,51439.75,51423.15,51423.15,
2024-10-31T13:57:00+05:30,51422.05,51429.7,51414.8,51414.8,
2024-10-31T13:58:00+05:30,51414.5,51423.95,51403.9,51404.8,
2024-10-31T13:59:00+05:30,51406.25,51408.1,51393.1,51396.05,
2024-10-31T14:00:00+05:30,51399.2,51413.15,51388.2,51390.55,
2024-10-31T14:01:00+05:30,51393.3,51414.3,51376.55,51408.55,
2024-10-31T14:02:00+05:30,51410.25,51417.9,51394.5,51412.85,
2024-10-31T14:03:00+05:30,51413.25,51418.4,51401.05,51418,
2024-10-31T14:04:00+05:30,51419.4,51426.95,51400.05,51410.25,
2024-10-31T14:05:00+05:30,51410.75,51416.25,51393.65,51401.25,
2024-10-31T14:06:00+05:30,51402.75,51408.05,51392.05,51399.3,
2024-10-31T14:07:00+05:30,51404.1,51410.35,51392.05,51395.05,
2024-10-31T14:08:00+05:30,51394.3,51399.25,51380.9,51383.8,
2024-10-31T14:09:00+05:30,51384.3,51392.7,51361.5,51361.5,
2024-10-31T14:10:00+05:30,51359.7,51378.85,51346.2,51376,
2024-10-31T14:11:00+05:30,51376.95,51380.25,51365.7,51370.8,
2024-10-31T14:12:00+05:30,51367.7,51373.9,51344.15,51367.8,
2024-10-31T14:13:00+05:30,51367.35,51371.3,51347.15,51351.9,
2024-10-31T14:14:00+05:30,51351.9,51359.9,51339.55,51340.7,
2024-10-31T14:15:00+05:30,51341.75,51343.7,51326.95,51332,
2024-10-31T14:16:00+05:30,51332.6,51360.5,51332.6,51357,
2024-10-31T14:17:00+05:30,51356.7,51369.3,51346.25,51366.2,
2024-10-31T14:18:00+05:30,51368.05,51373.7,51363.7,51371.45,
2024-10-31T14:19:00+05:30,51370.95,51372.5,51354.4,51355.95,
2024-10-31T14:20:00+05:30,51353.75,51360.6,51350.4,51354.15,
2024-10-31T14:21:00+05:30,51358.5,51389.95,51358.5,51385.25,
2024-10-31T14:22:00+05:30,51384.95,51387.9,51371.8,51375.3,
2024-10-31T14:23:00+05:30,51375.95,51381.55,51358.9,51360.1,
2024-10-31T14:24:00+05:30,51360,51371.85,51358.25,51362,
2024-10-31T14:25:00+05:30,51364.35,51384.65,51360.8,51384.3,
2024-10-31T14:26:00+05:30,51383.05,51383.9,51361.5,51365.55,
2024-10-31T14:27:00+05:30,51363.4,51365,51340.2,51344.7,
2024-10-31T14:28:00+05:30,51343.65,51357.3,51340.35,51347.25,
2024-10-31T14:29:00+05:30,51347,51347,51331,51331.3,
2024-10-31T14:30:00+05:30,51331.8,51348,51318.1,51323.3,
2024-10-31T14:31:00+05:30,51322.9,51365.55,51319.9,51356.35,
2024-10-31T14:32:00+05:30,51352,51378.85,51348.25,51354.5,
2024-10-31T14:33:00+05:30,51355.2,51365.45,51336.7,51349,
2024-10-31T14:34:00+05:30,51349.5,51360.15,51335.85,51340.9,
2024-10-31T14:35:00+05:30,51335.7,51347.55,51332.7,51337.8,
2024-10-31T14:36:00+05:30,51338.6,51356.9,51334.9,51348.1,
2024-10-31T14:37:00+05:30,51349.4,51356.45,51338.55,51341.2,
2024-10-31T14:38:00+05:30,51341.55,51356.25,51338.35,51341.65,
2024-10-31T14:39:00+05:30,51342.8,51345.8,51325.05,51335.85,
2024-10-31T14:40:00+05:30,51335,51363.3,51333.4,51360.1,
2024-10-31T14:41:00+05:30,51361,51406.45,51358.65,51403.95,
2024-10-31T14:42:00+05:30,51402.7,51404.05,51370.45,51383.15,
2024-10-31T14:43:00+05:30,51387.85,51409.9,51387.25,51404.3,
2024-10-31T14:44:00+05:30,51406.35,51412.7,51394.8,51407.45,
2024-10-31T14:45:00+05:30,51410.75,51464.45,51410.05,51432.05,
2024-10-31T14:46:00+05:30,51437.55,51441.65,51411.4,51419.75,
2024-10-31T14:47:00+05:30,51422.8,51438.45,51421,51425.7,
2024-10-31T14:48:00+05:30,51424.3,51427.7,51399.35,51402.4,
2024-10-31T14:49:00+05:30,51402.4,51405.25,51393.65,51394.05,
2024-10-31T14:50:00+05:30,51387.4,51400.15,51382.45,51398.25,
2024-10-31T14:51:00+05:30,51396.15,51429.35,51395.65,51409.05,
2024-10-31T14:52:00+05:30,51409.25,51412.4,51380.4,51388.75,
2024-10-31T14:53:00+05:30,51387.6,51397.35,51383.45,51395.4,
2024-10-31T14:54:00+05:30,51395,51408.55,51377.55,51402.1,
2024-10-31T14:55:00+05:30,51400.55,51403.35,51381.65,51387.25,
2024-10-31T14:56:00+05:30,51385.05,51389.8,51379.75,51383.65,
2024-10-31T14:57:00+05:30,51383.45,51396.45,51375.75,51381.35,
2024-10-31T14:58:00+05:30,51382.1,51400.95,51381.35,51393.3,
2024-10-31T14:59:00+05:30,51393.55,51397.2,51375.15,51379.35,
2024-10-31T15:00:00+05:30,51380.85,51430.3,51374.45,51403.9,
2024-10-31T15:01:00+05:30,51403.95,51411.05,51389.95,51395.85,
2024-10-31T15:02:00+05:30,51396.45,51427.7,51391.2,51397.05,
2024-10-31T15:03:00+05:30,51400.05,51425.6,51397.65,51422.8,
2024-10-31T15:04:00+05:30,51424.1,51425.45,51403.6,51408.05,
2024-10-31T15:05:00+05:30,51407,51416.15,51396.85,51416.05,
2024-10-31T15:06:00+05:30,51417.15,51428.4,51414.6,51426.3,
2024-10-31T15:07:00+05:30,51426.9,51461.2,51426.7,51444.65,
2024-10-31T15:08:00+05:30,51444.9,51447.15,51427.7,51430.7,
2024-10-31T15:09:00+05:30,51430.05,51457.8,51427.6,51457.25,
2024-10-31T15:10:00+05:30,51454.5,51473.5,51446.3,51470.25,
2024-10-31T15:11:00+05:30,51469.7,51480.1,51460.6,51480.05,
2024-10-31T15:12:00+05:30,51480.45,51480.45,51451.7,51462.05,
2024-10-31T15:13:00+05:30,51463.1,51463.2,51435.25,51440.85,
2024-10-31T15:14:00+05:30,51442.35,51454.8,51438.85,51452.3,
2024-10-31T15:15:00+05:30,51452.8,51509.35,51450.55,51502.2,
2024-10-31T15:16:00+05:30,51501.5,51528.1,51496.5,51520.25,
2024-10-31T15:17:00+05:30,51519.25,51522.1,51494.35,51511.1,
2024-10-31T15:18:00+05:30,51510.65,51510.75,51490.85,51494.1,
2024-10-31T15:19:00+05:30,51494.4,51511.05,51482.3,51510.85,
2024-10-31T15:20:00+05:30,51510.4,51519.6,51495.9,51519.6,
2024-10-31T15:21:00+05:30,51521.65,51525.15,51504.65,51524.25,
2024-10-31T15:22:00+05:30,51523.8,51529.55,51516.65,51529.35,
2024-10-31T15:23:00+05:30,51534.2,51538.8,51526.2,51533.2,
2024-10-31T15:24:00+05:30,51530.85,51548.9,51529.5,51542.3,
2024-10-31T15:25:00+05:30,51540.8,51559.65,51539,51547.05,
2024-10-31T15:26:00+05:30,51546.95,51570.1,51532.25,51560.7,
2024-10-31T15:27:00+05:30,51560.55,51570.1,51537.9,51563.55,
2024-10-31T15:28:00+05:30,51554.3,51579.1,51548.95,51553.75,
2024-10-31T15:29:00+05:30,51553.45,51576.35,51545.3,51555.6,
