time,open,high,low,close,volume
2018-01-01T09:15:00+05:30,10531.7,10533.7,10518.4,10523.1,
2018-01-01T09:16:00+05:30,10523,10527.5,10522.2,10526,
2018-01-01T09:17:00+05:30,10525.8,10526.1,10522.6,10522.6,
2018-01-01T09:18:00+05:30,10522.6,10523,10519.6,10521.4,
2018-01-01T09:19:00+05:30,10521,10523.8,10520.9,10523.7,
2018-01-01T09:20:00+05:30,10524.2,10530.2,10523.6,10526.5,
2018-01-01T09:21:00+05:30,10526.9,10530.3,10526.8,10530.3,
2018-01-01T09:22:00+05:30,10530,10533.5,10530,10533.3,
2018-01-01T09:23:00+05:30,10533.2,10534.8,10530.1,10530.5,
2018-01-01T09:24:00+05:30,10531,10531.2,10527.6,10528.5,
2018-01-01T09:25:00+05:30,10528.4,10529.1,10526.1,10527.5,
2018-01-01T09:26:00+05:30,10527.4,10529.5,10527.4,10527.9,
2018-01-01T09:27:00+05:30,10528,10528,10525.5,10526.1,
2018-01-01T09:28:00+05:30,10525.9,10525.9,10523,10523.8,
2018-01-01T09:29:00+05:30,10523.5,10524.9,10522.4,10523.2,
2018-01-01T09:30:00+05:30,10523,10523,10520.2,10520.3,
2018-01-01T09:31:00+05:30,10520.1,10520.5,10517.8,10520,
2018-01-01T09:32:00+05:30,10519.8,10521.2,10519,10520.6,
2018-01-01T09:33:00+05:30,10521,10521,10517.5,10518.8,
2018-01-01T09:34:00+05:30,10518.5,10518.8,10516.5,10516.9,
2018-01-01T09:35:00+05:30,10517.1,10521.7,10516.6,10521,
2018-01-01T09:36:00+05:30,10520.8,10520.9,10518.1,10520,
2018-01-01T09:37:00+05:30,10519.5,10520,10518.4,10519.1,
2018-01-01T09:38:00+05:30,10519,10520,10517.4,10518.6,
2018-01-01T09:39:00+05:30,10519.1,10520.1,10518.5,10519.4,
2018-01-01T09:40:00+05:30,10519.3,10522.4,10519.3,10521.6,
2018-01-01T09:41:00+05:30,10521.2,10522.5,10518.7,10520.9,
2018-01-01T09:42:00+05:30,10521.1,10523.5,10520.8,10523.2,
2018-01-01T09:43:00+05:30,10522.6,10523,10521.6,10523,
2018-01-01T09:44:00+05:30,10523,10524,10522.2,10523.9,
2018-01-01T09:45:00+05:30,10524,10525.5,10523.2,10523.6,
2018-01-01T09:46:00+05:30,10523.3,10524.6,10522.5,10523,
2018-01-01T09:47:00+05:30,10523,10524.5,10521.9,10523.9,
2018-01-01T09:48:00+05:30,10523.8,10525.3,10523.8,10524.9,
2018-01-01T09:49:00+05:30,10525,10525.7,10523.9,10525.2,
2018-01-01T09:50:00+05:30,10525,10526.3,10523.9,10526.2,
2018-01-01T09:51:00+05:30,10526.2,10527.5,10525.7,10526,
2018-01-01T09:52:00+05:30,10526.5,10526.5,10525,10525.3,
2018-01-01T09:53:00+05:30,10525.2,10526.2,10524.6,10525.4,
2018-01-01T09:54:00+05:30,10525.6,10527.1,10525.4,10526,
2018-01-01T09:55:00+05:30,10526.5,10527.5,10525.6,10526,
2018-01-01T09:56:00+05:30,10525.9,10528,10525.5,10527.7,
2018-01-01T09:57:00+05:30,10527.6,10531.1,10527.6,10530.8,
2018-01-01T09:58:00+05:30,10530.6,10531.4,10527.7,10527.7,
2018-01-01T09:59:00+05:30,10527.9,10528.4,10525.9,10527,
2018-01-01T10:00:00+05:30,10527,10527.2,10524.6,10525.9,
2018-01-01T10:01:00+05:30,10527,10528.7,10526.5,10527.6,
2018-01-01T10:02:00+05:30,10528,10528.8,10526.4,10527.5,
2018-01-01T10:03:00+05:30,10528,10530,10527.9,10529.4,
2018-01-01T10:04:00+05:30,10529.3,10532.1,10528.5,10531.6,
2018-01-01T10:05:00+05:30,10531.6,10532.7,10529.8,10530.5,
2018-01-01T10:06:00+05:30,10530.5,10531.7,10530.2,10531.5,
2018-01-01T10:07:00+05:30,10531.4,10532.2,10531.1,10531.5,
2018-01-01T10:08:00+05:30,10531.8,10532.4,10531.1,10531.1,
2018-01-01T10:09:00+05:30,10531.1,10532.1,10530.5,10531.5,
2018-01-01T10:10:00+05:30,10531.6,10532,10529.9,10532,
2018-01-01T10:11:00+05:30,10532.2,10532.6,10529.3,10531.4,
2018-01-01T10:12:00+05:30,10531.9,10533,10531.2,10531.5,
2018-01-01T10:13:00+05:30,10532.1,10532.6,10530,10531.5,
2018-01-01T10:14:00+05:30,10531.4,10532.3,10530.8,10532.2,
2018-01-01T10:15:00+05:30,10532,10533.4,10531.5,10532,
2018-01-01T10:16:00+05:30,10531.6,10534.4,10531.6,10534.4,
2018-01-01T10:17:00+05:30,10534.2,10535,10531.9,10532.9,
2018-01-01T10:18:00+05:30,10533.1,10534.8,10533,10534,
2018-01-01T10:19:00+05:30,10533.9,10534.7,10532.9,10533.6,
2018-01-01T10:20:00+05:30,10533.7,10534.5,10532.1,10533,
2018-01-01T10:21:00+05:30,10533,10534,10532.4,10533.5,
2018-01-01T10:22:00+05:30,10533.5,10534.2,10532.3,10532.5,
2018-01-01T10:23:00+05:30,10532.5,10533.3,10532.2,10533.1,
2018-01-01T10:24:00+05:30,10532.8,10533.9,10532.1,10532.6,
2018-01-01T10:25:00+05:30,10532.5,10533.5,10530.2,10530.7,
2018-01-01T10:26:00+05:30,10530.7,10531.5,10530,10530.4,
2018-01-01T10:27:00+05:30,10530.6,10531.1,10529.7,10530.2,
2018-01-01T10:28:00+05:30,10530.4,10532.4,10530,10530.8,
2018-01-01T10:29:00+05:30,10530.7,10531.4,10530,10531,
2018-01-01T10:30:00+05:30,10531.1,10532.1,10530.3,10530.5,
2018-01-01T10:31:00+05:30,10530.5,10532.5,10530.5,10532.2,
2018-01-01T10:32:00+05:30,10532.2,10533.9,10531.8,10533.5,
2018-01-01T10:33:00+05:30,10533.6,10535.4,10533.6,10534.6,
2018-01-01T10:34:00+05:30,10534.4,10536.4,10533.9,10536.4,
2018-01-01T10:35:00+05:30,10536.1,10537.6,10535.9,10537.6,
2018-01-01T10:36:00+05:30,10537.5,10537.8,10535.3,10535.9,
2018-01-01T10:37:00+05:30,10536.1,10536.6,10534.5,10534.5,
2018-01-01T10:38:00+05:30,10534.6,10536,10534.3,10535,
2018-01-01T10:39:00+05:30,10534.8,10535.2,10532.8,10532.8,
2018-01-01T10:40:00+05:30,10532.9,10533,10529.6,10530.2,
2018-01-01T10:41:00+05:30,10530.5,10531.7,10527.8,10528,
2018-01-01T10:42:00+05:30,10528,10530.8,10527.5,10530.5,
2018-01-01T10:43:00+05:30,10530.6,10531.9,10530.6,10530.8,
2018-01-01T10:44:00+05:30,10531.2,10532,10530.5,10531.9,
2018-01-01T10:45:00+05:30,10532.4,10533.3,10531.5,10533.3,
2018-01-01T10:46:00+05:30,10533.1,10535,10532.8,10534.1,
2018-01-01T10:47:00+05:30,10534,10535,10533.5,10534.6,
2018-01-01T10:48:00+05:30,10534.3,10535.8,10534.2,10535.5,
2018-01-01T10:49:00+05:30,10535.5,10536.3,10534.5,10534.5,
2018-01-01T10:50:00+05:30,10534.5,10535.4,10533.5,10534.4,
2018-01-01T10:51:00+05:30,10534.3,10535,10533.5,10533.5,
2018-01-01T10:52:00+05:30,10533.6,10534.5,10532.6,10533.2,
2018-01-01T10:53:00+05:30,10533.4,10534,10532.1,10532.2,
2018-01-01T10:54:00+05:30,10532.8,10533.5,10531.4,10532.3,
2018-01-01T10:55:00+05:30,10532.6,10533.1,10531.5,10532.3,
2018-01-01T10:56:00+05:30,10532.3,10533.2,10531.3,10532.5,
2018-01-01T10:57:00+05:30,10532.5,10533.4,10531.6,10532.8,
2018-01-01T10:58:00+05:30,10532.7,10533.4,10532,10533.1,
2018-01-01T10:59:00+05:30,10533.2,10534,10532.3,10532.3,
2018-01-01T11:00:00+05:30,10532.4,10533.4,10531.5,10532.4,
2018-01-01T11:01:00+05:30,10532.5,10533.3,10531.4,10531.6,
2018-01-01T11:02:00+05:30,10531.9,10532.9,10531.1,10531.5,
2018-01-01T11:03:00+05:30,10531.3,10531.5,10528.2,10528.6,
2018-01-01T11:04:00+05:30,10528.6,10529.5,10527.5,10528.4,
2018-01-01T11:05:00+05:30,10528.5,10529.1,10528,10528.3,
2018-01-01T11:06:00+05:30,10528.2,10529,10527.4,10528.2,
2018-01-01T11:07:00+05:30,10528.5,10529.2,10526.7,10526.7,
2018-01-01T11:08:00+05:30,10527.8,10528.8,10527.2,10528,
2018-01-01T11:09:00+05:30,10527.9,10528.7,10525.6,10526.8,
2018-01-01T11:10:00+05:30,10526.9,10527.3,10525.2,10526.2,
2018-01-01T11:11:00+05:30,10526.1,10527.9,10526.1,10526.8,
2018-01-01T11:12:00+05:30,10526.6,10527.4,10526.1,10527.1,
2018-01-01T11:13:00+05:30,10527.1,10528.2,10526.8,10527,
2018-01-01T11:14:00+05:30,10527.1,10527.9,10526.5,10527.5,
2018-01-01T11:15:00+05:30,10527.5,10529.5,10527.5,10528.8,
2018-01-01T11:16:00+05:30,10529,10529.5,10528,10528.7,
2018-01-01T11:17:00+05:30,10528.7,10530.7,10528.7,10530.2,
2018-01-01T11:18:00+05:30,10530.4,10531,10529.9,10530,
2018-01-01T11:19:00+05:30,10529.8,10531.2,10529.8,10530.5,
2018-01-01T11:20:00+05:30,10530.4,10532,10530.4,10530.9,
2018-01-01T11:21:00+05:30,10530.7,10533.1,10530.7,10531.9,
2018-01-01T11:22:00+05:30,10532.3,10532.9,10530.5,10530.9,
2018-01-01T11:23:00+05:30,10530.6,10531.8,10530.4,10530.8,
2018-01-01T11:24:00+05:30,10530.6,10532,10530.6,10531.5,
2018-01-01T11:25:00+05:30,10531.5,10533,10530.8,10531.2,
2018-01-01T11:26:00+05:30,10531.3,10531.9,10529.6,10530.9,
2018-01-01T11:27:00+05:30,10530.7,10531.5,10529.5,10529.9,
2018-01-01T11:28:00+05:30,10529.9,10530.8,10529.5,10530.3,
2018-01-01T11:29:00+05:30,10530.2,10531.3,10529.5,10530.2,
2018-01-01T11:30:00+05:30,10530.6,10531.5,10530.1,10530.5,
2018-01-01T11:31:00+05:30,10530.7,10531,10529.2,10530.1,
2018-01-01T11:32:00+05:30,10530.2,10531,10529.1,10531,
2018-01-01T11:33:00+05:30,10530.8,10532,10530.8,10531.4,
2018-01-01T11:34:00+05:30,10531.6,10531.9,10529.6,10530.1,
2018-01-01T11:35:00+05:30,10530.2,10533.4,10530.2,10532.2,
2018-01-01T11:36:00+05:30,10532.8,10533.9,10532.5,10532.9,
2018-01-01T11:37:00+05:30,10533,10533.3,10531.5,10532.3,
2018-01-01T11:38:00+05:30,10531.9,10534,10531.9,10533,
2018-01-01T11:39:00+05:30,10533,10533.9,10532.6,10533,
2018-01-01T11:40:00+05:30,10532.9,10534.2,10532.9,10533.5,
2018-01-01T11:41:00+05:30,10533.6,10533.9,10532.1,10532.2,
2018-01-01T11:42:00+05:30,10532.4,10533.1,10532.1,10532.3,
2018-01-01T11:43:00+05:30,10532.1,10533.1,10532.1,10532.5,
2018-01-01T11:44:00+05:30,10532.5,10533.4,10532,10532.6,
2018-01-01T11:45:00+05:30,10532.6,10533.3,10532.4,10532.6,
2018-01-01T11:46:00+05:30,10532.8,10534,10532.5,10533.4,
2018-01-01T11:47:00+05:30,10533,10533,10531.6,10531.8,
2018-01-01T11:48:00+05:30,10531.8,10533,10531.2,10532.1,
2018-01-01T11:49:00+05:30,10532,10532.2,10531,10531.5,
2018-01-01T11:50:00+05:30,10531.5,10532.8,10530.7,10531.8,
2018-01-01T11:51:00+05:30,10531.7,10532.3,10531.2,10531.3,
2018-01-01T11:52:00+05:30,10531.4,10532.4,10531.1,10531.5,
2018-01-01T11:53:00+05:30,10531.6,10531.6,10530,10531.2,
2018-01-01T11:54:00+05:30,10530.9,10531.8,10530.6,10530.9,
2018-01-01T11:55:00+05:30,10530.6,10531,10530.2,10530.9,
2018-01-01T11:56:00+05:30,10530.8,10530.8,10529.4,10529.7,
2018-01-01T11:57:00+05:30,10529.7,10529.9,10528.5,10529.2,
2018-01-01T11:58:00+05:30,10529.1,10529.1,10526.8,10527,
2018-01-01T11:59:00+05:30,10527.1,10527.1,10525.5,10526.1,
2018-01-01T12:00:00+05:30,10525.9,10525.9,10524.1,10525.5,
2018-01-01T12:01:00+05:30,10525.5,10526.8,10525.5,10526.1,
2018-01-01T12:02:00+05:30,10526,10526.8,10525.5,10526.6,
2018-01-01T12:03:00+05:30,10526.6,10526.6,10525.2,10525.2,
2018-01-01T12:04:00+05:30,10525.4,10525.7,10524,10524.1,
2018-01-01T12:05:00+05:30,10524,10524.5,10523.2,10523.9,
2018-01-01T12:06:00+05:30,10523.9,10524,10522.9,10523.1,
2018-01-01T12:07:00+05:30,10523.1,10523.5,10521.9,10521.9,
2018-01-01T12:08:00+05:30,10521.9,10522.5,10521.3,10521.3,
2018-01-01T12:09:00+05:30,10521.3,10523.3,10521.1,10523.3,
2018-01-01T12:10:00+05:30,10523.4,10524,10522.8,10523.4,
2018-01-01T12:11:00+05:30,10523.1,10524.7,10522.7,10523.6,
2018-01-01T12:12:00+05:30,10523.6,10524.9,10523.5,10524.2,
2018-01-01T12:13:00+05:30,10524,10524.8,10523.8,10524.4,
2018-01-01T12:14:00+05:30,10524.1,10524.2,10522.9,10523.5,
2018-01-01T12:15:00+05:30,10523.3,10525.1,10523.1,10524.1,
2018-01-01T12:16:00+05:30,10524.2,10525.1,10524,10524.5,
2018-01-01T12:17:00+05:30,10524.2,10524.6,10523.5,10523.5,
2018-01-01T12:18:00+05:30,10523.5,10524.4,10523.3,10523.6,
2018-01-01T12:19:00+05:30,10523.2,10524,10522.7,10523.4,
2018-01-01T12:20:00+05:30,10523.4,10523.8,10522.9,10523.2,
2018-01-01T12:21:00+05:30,10523.2,10524,10522.8,10523.5,
2018-01-01T12:22:00+05:30,10523.2,10523.8,10521.9,10523.1,
2018-01-01T12:23:00+05:30,10523,10523.5,10521.9,10522.2,
2018-01-01T12:24:00+05:30,10522.2,10523,10521.7,10522.7,
2018-01-01T12:25:00+05:30,10522.7,10523.2,10522.1,10522.1,
2018-01-01T12:26:00+05:30,10522,10522.4,10521.3,10522,
2018-01-01T12:27:00+05:30,10521.6,10522.5,10521,10521,
2018-01-01T12:28:00+05:30,10521.1,10521.6,10520,10520.8,
2018-01-01T12:29:00+05:30,10520.7,10521.1,10519.6,10520.4,
2018-01-01T12:30:00+05:30,10520.2,10522.1,10519.8,10522.1,
2018-01-01T12:31:00+05:30,10521.6,10522.5,10520.8,10521.6,
2018-01-01T12:32:00+05:30,10521.4,10524.2,10521.4,10524.2,
2018-01-01T12:33:00+05:30,10524,10524.3,10522.8,10523.3,
2018-01-01T12:34:00+05:30,10523.4,10525,10523.2,10523.6,
2018-01-01T12:35:00+05:30,10523.5,10524.2,10522.5,10522.6,
2018-01-01T12:36:00+05:30,10522.5,10523,10521.6,10522.5,
2018-01-01T12:37:00+05:30,10522.6,10523.6,10522.4,10523.1,
2018-01-01T12:38:00+05:30,10523.2,10524.4,10522.4,10523.5,
2018-01-01T12:39:00+05:30,10523.4,10523.9,10522.6,10523.2,
2018-01-01T12:40:00+05:30,10523.2,10523.9,10522.5,10523.5,
2018-01-01T12:41:00+05:30,10523,10524.6,10522.8,10524.4,
2018-01-01T12:42:00+05:30,10524.1,10524.4,10522.8,10524.4,
2018-01-01T12:43:00+05:30,10524.1,10524.2,10522.3,10523.9,
2018-01-01T12:44:00+05:30,10523.9,10525.4,10523.5,10525.3,
2018-01-01T12:45:00+05:30,10525,10525.6,10522.3,10522.5,
2018-01-01T12:46:00+05:30,10522.6,10523,10521.4,10521.7,
2018-01-01T12:47:00+05:30,10521.8,10522.4,10521.5,10521.5,
2018-01-01T12:48:00+05:30,10522.1,10522.5,10520.3,10521.5,
2018-01-01T12:49:00+05:30,10521.5,10522.2,10520.4,10520.4,
2018-01-01T12:50:00+05:30,10520,10520.4,10518.7,10518.7,
2018-01-01T12:51:00+05:30,10519,10520.1,10518.6,10519,
2018-01-01T12:52:00+05:30,10518.9,10520.2,10518.6,10518.7,
2018-01-01T12:53:00+05:30,10518.7,10519.3,10518.1,10519.1,
2018-01-01T12:54:00+05:30,10519,10520,10518.4,10518.4,
2018-01-01T12:55:00+05:30,10518.2,10519.6,10517.7,10518.6,
2018-01-01T12:56:00+05:30,10518.4,10520.1,10518.3,10519.9,
2018-01-01T12:57:00+05:30,10519.4,10519.8,10518.3,10519.1,
2018-01-01T12:58:00+05:30,10519.4,10520.5,10519,10520,
2018-01-01T12:59:00+05:30,10520.1,10520.2,10519.1,10519.6,
2018-01-01T13:00:00+05:30,10519.5,10519.7,10518,10519,
2018-01-01T13:01:00+05:30,10518.7,10519.8,10518.5,10518.5,
2018-01-01T13:02:00+05:30,10518.8,10520.3,10518.8,10520.3,
2018-01-01T13:03:00+05:30,10519.9,10520.6,10519.3,10520.1,
2018-01-01T13:04:00+05:30,10519.9,10520,10519,10519.4,
2018-01-01T13:05:00+05:30,10519.5,10520.1,10518.4,10518.4,
2018-01-01T13:06:00+05:30,10518.5,10519.9,10518.4,10519,
2018-01-01T13:07:00+05:30,10518.9,10519.4,10518,10518.4,
2018-01-01T13:08:00+05:30,10518.2,10518.2,10516.9,10517.8,
2018-01-01T13:09:00+05:30,10518,10518.6,10517.4,10518.4,
2018-01-01T13:10:00+05:30,10518.4,10518.5,10517.1,10518.2,
2018-01-01T13:11:00+05:30,10518,10522,10516.9,10520.1,
2018-01-01T13:12:00+05:30,10520,10520.4,10517,10517,
2018-01-01T13:13:00+05:30,10517.1,10518,10516.5,10517.9,
2018-01-01T13:14:00+05:30,10518,10518,10516,10516,
2018-01-01T13:15:00+05:30,10516,10517.1,10515.6,10517.1,
2018-01-01T13:16:00+05:30,10517,10517.2,10515.6,10515.9,
2018-01-01T13:17:00+05:30,10515.6,10516.9,10515.2,10515.9,
2018-01-01T13:18:00+05:30,10515.7,10516.1,10514.1,10514.8,
2018-01-01T13:19:00+05:30,10514.6,10514.7,10512.6,10513,
2018-01-01T13:20:00+05:30,10512.9,10513.1,10510.7,10511,
2018-01-01T13:21:00+05:30,10511,10511.9,10510.2,10510.4,
2018-01-01T13:22:00+05:30,10510.6,10510.8,10508.7,10508.7,
2018-01-01T13:23:00+05:30,10508.9,10509,10507.7,10508.4,
2018-01-01T13:24:00+05:30,10508,10509.4,10506.7,10507.6,
2018-01-01T13:25:00+05:30,10507.4,10507.4,10504.5,10504.9,
2018-01-01T13:26:00+05:30,10504.9,10508,10504.5,10508,
2018-01-01T13:27:00+05:30,10507.5,10511.4,10507.1,10511,
2018-01-01T13:28:00+05:30,10511.2,10513,10510.4,10513,
2018-01-01T13:29:00+05:30,10512.9,10513.2,10511.5,10512.1,
2018-01-01T13:30:00+05:30,10512.2,10512.6,10511.2,10512,
2018-01-01T13:31:00+05:30,10511.9,10512.6,10511,10512.4,
2018-01-01T13:32:00+05:30,10512.1,10513.4,10511.5,10513.2,
2018-01-01T13:33:00+05:30,10513.1,10516.6,10513.1,10515.6,
2018-01-01T13:34:00+05:30,10515.7,10516.4,10514.8,10515,
2018-01-01T13:35:00+05:30,10515,10516.1,10514.8,10514.8,
2018-01-01T13:36:00+05:30,10515,10515.5,10513.5,10513.8,
2018-01-01T13:37:00+05:30,10513.9,10514.9,10513.7,10514.8,
2018-01-01T13:38:00+05:30,10514.7,10515.2,10513.4,10514.2,
2018-01-01T13:39:00+05:30,10514.5,10514.6,10512.7,10513.5,
2018-01-01T13:40:00+05:30,10513.4,10513.7,10512.5,10513.2,
2018-01-01T13:41:00+05:30,10513.5,10513.5,10511.7,10512.5,
2018-01-01T13:42:00+05:30,10512.5,10513,10511.5,10512.7,
2018-01-01T13:43:00+05:30,10512.5,10513.6,10511.5,10512.4,
2018-01-01T13:44:00+05:30,10512.3,10512.8,10511.6,10512.5,
2018-01-01T13:45:00+05:30,10512.2,10513.6,10512.1,10512.6,
2018-01-01T13:46:00+05:30,10512.5,10512.9,10511.6,10512,
2018-01-01T13:47:00+05:30,10511.6,10513.2,10511.2,10512,
2018-01-01T13:48:00+05:30,10512,10513.4,10511.8,10512.5,
2018-01-01T13:49:00+05:30,10512.8,10513.6,10512.2,10512.7,
2018-01-01T13:50:00+05:30,10512.7,10513.6,10512.5,10513.5,
2018-01-01T13:51:00+05:30,10513.1,10513.6,10512.9,10513.5,
2018-01-01T13:52:00+05:30,10513.1,10513.8,10512.6,10513.6,
2018-01-01T13:53:00+05:30,10513.5,10513.8,10511.9,10512,
2018-01-01T13:54:00+05:30,10511.6,10512.8,10511.6,10512.2,
2018-01-01T13:55:00+05:30,10512.2,10512.9,10511.1,10512.2,
2018-01-01T13:56:00+05:30,10512,10512.8,10511.3,10512,
2018-01-01T13:57:00+05:30,10512,10513.2,10511.8,10513,
2018-01-01T13:58:00+05:30,10513,10514.5,10512.6,10514.5,
2018-01-01T13:59:00+05:30,10514.4,10514.5,10513.5,10513.6,
2018-01-01T14:00:00+05:30,10513.6,10515.9,10513.6,10515.4,
2018-01-01T14:01:00+05:30,10515.2,10515.5,10511.6,10512.4,
2018-01-01T14:02:00+05:30,10512.9,10515.8,10512.4,10515.8,
2018-01-01T14:03:00+05:30,10515.8,10517.6,10515.8,10517.5,
2018-01-01T14:04:00+05:30,10517.5,10518.4,10516.6,10517,
2018-01-01T14:05:00+05:30,10516.9,10517.4,10515.3,10515.6,
2018-01-01T14:06:00+05:30,10515.8,10516.8,10515.5,10515.8,
2018-01-01T14:07:00+05:30,10515.4,10516.4,10515.2,10515.5,
2018-01-01T14:08:00+05:30,10515.5,10515.6,10514.5,10515.2,
2018-01-01T14:09:00+05:30,10515.2,10518.6,10515.2,10518.3,
2018-01-01T14:10:00+05:30,10518.5,10520.6,10517.7,10518.8,
2018-01-01T14:11:00+05:30,10518.8,10521.2,10518.8,10519.4,
2018-01-01T14:12:00+05:30,10519.8,10521.3,10519.2,10519.6,
2018-01-01T14:13:00+05:30,10519.6,10522.2,10519.6,10522,
2018-01-01T14:14:00+05:30,10521.6,10524.7,10521.6,10522,
2018-01-01T14:15:00+05:30,10522,10523.6,10521.2,10521.9,
2018-01-01T14:16:00+05:30,10521.7,10524.6,10521.5,10522.5,
2018-01-01T14:17:00+05:30,10522.4,10524.2,10521.3,10521.4,
2018-01-01T14:18:00+05:30,10521.2,10523.9,10521.2,10522.7,
2018-01-01T14:19:00+05:30,10523.1,10525.5,10522.1,10522.5,
2018-01-01T14:20:00+05:30,10522.8,10524.9,10521.8,10521.8,
2018-01-01T14:21:00+05:30,10521.9,10524.3,10521.8,10522,
2018-01-01T14:22:00+05:30,10521.7,10524,10521.5,10522.8,
2018-01-01T14:23:00+05:30,10522.9,10526.8,10522.6,10525.9,
2018-01-01T14:24:00+05:30,10525.8,10530.7,10525.3,10530,
2018-01-01T14:25:00+05:30,10529.4,10531.6,10527.7,10528.1,
2018-01-01T14:26:00+05:30,10528,10529.8,10527.5,10527.8,
2018-01-01T14:27:00+05:30,10527.6,10530.1,10527.4,10528.2,
2018-01-01T14:28:00+05:30,10527.9,10530,10527.5,10527.8,
2018-01-01T14:29:00+05:30,10527.9,10530.8,10527.9,10528.2,
2018-01-01T14:30:00+05:30,10527.8,10530.4,10527.8,10528.9,
2018-01-01T14:31:00+05:30,10529,10530.6,10526.5,10526.5,
2018-01-01T14:32:00+05:30,10525.9,10527.5,10524,10524,
2018-01-01T14:33:00+05:30,10524.1,10528.1,10524.1,10526.8,
2018-01-01T14:34:00+05:30,10526.5,10529,10525.4,10527,
2018-01-01T14:35:00+05:30,10526.9,10528.4,10523.8,10524,
2018-01-01T14:36:00+05:30,10524.1,10527.2,10524.1,10525.4,
2018-01-01T14:37:00+05:30,10525.2,10526.6,10523.5,10524.3,
2018-01-01T14:38:00+05:30,10524.3,10526.9,10523.6,10525.8,
2018-01-01T14:39:00+05:30,10525.5,10527.9,10525.4,10525.4,
2018-01-01T14:40:00+05:30,10525.7,10528,10522.1,10522.9,
2018-01-01T14:41:00+05:30,10522.5,10526.4,10521.5,10525.4,
2018-01-01T14:42:00+05:30,10525,10528,10522.8,10524.7,
2018-01-01T14:43:00+05:30,10524.6,10528.5,10524.6,10526.8,
2018-01-01T14:44:00+05:30,10526.5,10529.6,10524.8,10524.8,
2018-01-01T14:45:00+05:30,10525.4,10528.1,10522.9,10523.1,
2018-01-01T14:46:00+05:30,10522.9,10526.3,10521.5,10521.5,
2018-01-01T14:47:00+05:30,10520.9,10523.5,10519.8,10519.8,
2018-01-01T14:48:00+05:30,10520,10523.4,10519.6,10520,
2018-01-01T14:49:00+05:30,10519.9,10523,10519.9,10519.9,
2018-01-01T14:50:00+05:30,10519.8,10522.6,10515.6,10517.5,
2018-01-01T14:51:00+05:30,10517,10520,10508,10508.4,
2018-01-01T14:52:00+05:30,10508.2,10509.6,10499.7,10500.8,
2018-01-01T14:53:00+05:30,10501,10503.1,10491.6,10491.6,
2018-01-01T14:54:00+05:30,10491.7,10495.2,10488.3,10488.5,
2018-01-01T14:55:00+05:30,10488.2,10490.9,10482.6,10483.5,
2018-01-01T14:56:00+05:30,10482.9,10486.4,10481.6,10483.4,
2018-01-01T14:57:00+05:30,10482.5,10484,10475.9,10476.3,
2018-01-01T14:58:00+05:30,10475.5,10476.5,10470.1,10470.2,
2018-01-01T14:59:00+05:30,10470,10471.6,10464.2,10465,
2018-01-01T15:00:00+05:30,10465,10465,10451,10451,
2018-01-01T15:01:00+05:30,10450.8,10453.6,10447.5,10452.7,
2018-01-01T15:02:00+05:30,10453,10454.4,10445.3,10445.8,
2018-01-01T15:03:00+05:30,10446.7,10446.8,10439.1,10445.4,
2018-01-01T15:04:00+05:30,10446,10450,10438.4,10439.1,
2018-01-01T15:05:00+05:30,10439.6,10444,10437.1,10440.2,
2018-01-01T15:06:00+05:30,10440.1,10441.4,10432.4,10432.4,
2018-01-01T15:07:00+05:30,10432.6,10433.4,10424,10426.1,
2018-01-01T15:08:00+05:30,10426,10429.5,10423.3,10429.5,
2018-01-01T15:09:00+05:30,10428.5,10434.1,10428.5,10434.1,
2018-01-01T15:10:00+05:30,10434.3,10440.8,10434,10439.8,
2018-01-01T15:11:00+05:30,10440,10446.1,10438.8,10445,
2018-01-01T15:12:00+05:30,10446.1,10446.1,10440.1,10441.5,
2018-01-01T15:13:00+05:30,10441,10445.1,10440.4,10444.5,
2018-01-01T15:14:00+05:30,10444,10446.2,10442.2,10442.7,
2018-01-01T15:15:00+05:30,10443.2,10443.2,10431.4,10432.9,
2018-01-01T15:16:00+05:30,10432.6,10434.2,10427,10432.8,
2018-01-01T15:17:00+05:30,10432.3,10437.7,10430.4,10435.6,
2018-01-01T15:18:00+05:30,10435.4,10438.1,10432.8,10438.1,
2018-01-01T15:19:00+05:30,10438.9,10439,10435.1,10436.9,
2018-01-01T15:20:00+05:30,10437.1,10437.1,10432.6,10434.3,
2018-01-01T15:21:00+05:30,10434.9,10436.1,10431.1,10433.4,
2018-01-01T15:22:00+05:30,10432.8,10434,10428,10430,
2018-01-01T15:23:00+05:30,10429.7,10431.9,10428.9,10431.4,
2018-01-01T15:24:00+05:30,10430.5,10433,10430.1,10430.4,
2018-01-01T15:25:00+05:30,10430.5,10433.4,10430.4,10433.4,
2018-01-01T15:26:00+05:30,10432.9,10434.7,10432.1,10433,
2018-01-01T15:27:00+05:30,10432.2,10434.4,10430.5,10432.9,
2018-01-01T15:28:00+05:30,10432.8,10437.5,10431.4,10436.1,
2018-01-01T15:29:00+05:30,10436.2,10438.6,10431.5,10432.5,
2018-01-02T09:15:00+05:30,10477.5,10490.5,10475.8,10490.5,
2018-01-02T09:16:00+05:30,10489.5,10493.4,10488,10493.1,
2018-01-02T09:17:00+05:30,10493.2,10495,10491.6,10492.6,
2018-01-02T09:18:00+05:30,10492.1,10493.1,10484.1,10484.1,
2018-01-02T09:19:00+05:30,10484,10484,10471.4,10477.4,
2018-01-02T09:20:00+05:30,10477.5,10481.6,10476.2,10477.7,
2018-01-02T09:21:00+05:30,10477.3,10479.4,10470.1,10474.7,
2018-01-02T09:22:00+05:30,10475,10477.7,10472.9,10472.9,
2018-01-02T09:23:00+05:30,10472.8,10477.5,10467.5,10467.8,
2018-01-02T09:24:00+05:30,10468,10468,10465.1,10466.5,
2018-01-02T09:25:00+05:30,10466.7,10475,10466.3,10472.2,
2018-01-02T09:26:00+05:30,10472.2,10476.3,10471,10471,
2018-01-02T09:27:00+05:30,10471.3,10472.5,10469.4,10470,
2018-01-02T09:28:00+05:30,10470,10474,10468.7,10472.5,
2018-01-02T09:29:00+05:30,10472.7,10475.8,10472.4,10475.8,
2018-01-02T09:30:00+05:30,10475.8,10476.1,10472,10473.8,
2018-01-02T09:31:00+05:30,10473.4,10474.1,10471.8,10472.3,
2018-01-02T09:32:00+05:30,10471.8,10472,10468.8,10469,
2018-01-02T09:33:00+05:30,10468.7,10469.2,10463,10463.2,
2018-01-02T09:34:00+05:30,10463.4,10463.4,10456.4,10457.4,
2018-01-02T09:35:00+05:30,10457.2,10460.6,10456.5,10460.6,
2018-01-02T09:36:00+05:30,10460.1,10460.1,10454.4,10456,
2018-01-02T09:37:00+05:30,10456.7,10461,10456.7,10460.3,
2018-01-02T09:38:00+05:30,10461,10461.1,10452.4,10452.4,
2018-01-02T09:39:00+05:30,10451.8,10451.8,10430.6,10437.2,
2018-01-02T09:40:00+05:30,10437.4,10437.7,10433.1,10435.3,
2018-01-02T09:41:00+05:30,10434.9,10441.7,10431,10441.7,
2018-01-02T09:42:00+05:30,10441.6,10446.2,10440.2,10445.6,
2018-01-02T09:43:00+05:30,10444.2,10445.8,10442.8,10445.5,
2018-01-02T09:44:00+05:30,10445.7,10447.6,10444.9,10447.4,
2018-01-02T09:45:00+05:30,10447.8,10452.8,10445.6,10452.3,
2018-01-02T09:46:00+05:30,10452.6,10452.6,10442.8,10445,
2018-01-02T09:47:00+05:30,10444.8,10445,10438.1,10439.3,
2018-01-02T09:48:00+05:30,10439.4,10439.7,10430,10431.1,
2018-01-02T09:49:00+05:30,10431.1,10432.1,10428.4,10429.8,
2018-01-02T09:50:00+05:30,10429.5,10435,10429,10435,
2018-01-02T09:51:00+05:30,10434.8,10439.1,10434.6,10438,
2018-01-02T09:52:00+05:30,10437.9,10440.2,10436.8,10439.8,
2018-01-02T09:53:00+05:30,10439.7,10441.5,10438.2,10438.2,
2018-01-02T09:54:00+05:30,10437.6,10438.5,10431.8,10438,
2018-01-02T09:55:00+05:30,10439,10440.5,10437.7,10438.9,
2018-01-02T09:56:00+05:30,10439,10440.3,10438,10439.6,
2018-01-02T09:57:00+05:30,10439.9,10440,10438.1,10438.1,
2018-01-02T09:58:00+05:30,10438,10438,10432.8,10434.7,
2018-01-02T09:59:00+05:30,10435,10438.9,10435,10437.5,
2018-01-02T10:00:00+05:30,10437.6,10437.7,10431.1,10431.4,
2018-01-02T10:01:00+05:30,10431.4,10431.5,10421.3,10422.9,
2018-01-02T10:02:00+05:30,10422.4,10424.3,10419.9,10423.5,
2018-01-02T10:03:00+05:30,10423.2,10425,10422.8,10424.5,
2018-01-02T10:04:00+05:30,10424.1,10424.6,10420.2,10421,
2018-01-02T10:05:00+05:30,10420.3,10420.7,10415.6,10417.1,
2018-01-02T10:06:00+05:30,10417.2,10422,10417.2,10422,
2018-01-02T10:07:00+05:30,10422.1,10423.6,10421.5,10423.1,
2018-01-02T10:08:00+05:30,10423,10424.5,10418.8,10419.2,
2018-01-02T10:09:00+05:30,10419.1,10419.1,10411.9,10412.5,
2018-01-02T10:10:00+05:30,10413,10413,10409.8,10410.7,
2018-01-02T10:11:00+05:30,10410.9,10415.4,10410,10415.4,
2018-01-02T10:12:00+05:30,10415.1,10419,10414,10418.4,
2018-01-02T10:13:00+05:30,10417.9,10424,10417.2,10424,
2018-01-02T10:14:00+05:30,10423.4,10428.2,10423,10428.2,
2018-01-02T10:15:00+05:30,10428.4,10430.8,10428.1,10430.6,
2018-01-02T10:16:00+05:30,10430.2,10430.8,10427.5,10428.8,
2018-01-02T10:17:00+05:30,10428.9,10429.4,10426.8,10428.1,
2018-01-02T10:18:00+05:30,10428,10430.2,10427.6,10430.2,
2018-01-02T10:19:00+05:30,10430.1,10430.5,10426.1,10427.2,
2018-01-02T10:20:00+05:30,10427,10429,10426.1,10426.6,
2018-01-02T10:21:00+05:30,10427.2,10429.5,10426.3,10429.5,
2018-01-02T10:22:00+05:30,10429.1,10435.1,10429.1,10434.9,
2018-01-02T10:23:00+05:30,10435,10437.5,10435,10437.5,
2018-01-02T10:24:00+05:30,10437.5,10440,10437.3,10438.8,
2018-01-02T10:25:00+05:30,10438.9,10439.5,10436,10436.5,
2018-01-02T10:26:00+05:30,10436.6,10436.6,10434.2,10435.5,
2018-01-02T10:27:00+05:30,10435.6,10436.1,10434.5,10435.5,
2018-01-02T10:28:00+05:30,10435.3,10438.5,10434.8,10438.5,
2018-01-02T10:29:00+05:30,10438.4,10441.9,10438,10441.9,
2018-01-02T10:30:00+05:30,10442.1,10443.5,10435.9,10439.1,
2018-01-02T10:31:00+05:30,10439.3,10441,10438,10441,
2018-01-02T10:32:00+05:30,10440.9,10443.5,10440,10443.5,
2018-01-02T10:33:00+05:30,10443.6,10444,10440.5,10442,
2018-01-02T10:34:00+05:30,10442.1,10442.1,10437,10438.8,
2018-01-02T10:35:00+05:30,10438.5,10441.8,10438.1,10441.4,
2018-01-02T10:36:00+05:30,10442,10444,10441.6,10443.3,
2018-01-02T10:37:00+05:30,10443.1,10444,10441.2,10443.5,
2018-01-02T10:38:00+05:30,10443.5,10445.7,10441.9,10442.3,
2018-01-02T10:39:00+05:30,10442.4,10444.6,10442.4,10444.4,
2018-01-02T10:40:00+05:30,10444.5,10454.9,10443.5,10454.9,
2018-01-02T10:41:00+05:30,10454.8,10455.1,10450.1,10450.5,
2018-01-02T10:42:00+05:30,10449.6,10450.1,10445,10446.8,
2018-01-02T10:43:00+05:30,10446.7,10446.8,10442,10443.3,
2018-01-02T10:44:00+05:30,10443.5,10444.2,10439.9,10442.6,
2018-01-02T10:45:00+05:30,10442.1,10443.2,10441.6,10443.2,
2018-01-02T10:46:00+05:30,10443.5,10448.4,10443.2,10448.3,
2018-01-02T10:47:00+05:30,10448.5,10451.7,10448.1,10449.1,
2018-01-02T10:48:00+05:30,10448.2,10449.7,10446.8,10449,
2018-01-02T10:49:00+05:30,10448.5,10450.5,10448.2,10449.6,
2018-01-02T10:50:00+05:30,10449.6,10449.9,10445.8,10447.2,
2018-01-02T10:51:00+05:30,10447.1,10447.4,10443.4,10443.9,
2018-01-02T10:52:00+05:30,10443.5,10444,10441.1,10441.5,
2018-01-02T10:53:00+05:30,10440.8,10441.7,10438.5,10439.4,
2018-01-02T10:54:00+05:30,10438.9,10439.1,10433.8,10434.9,
2018-01-02T10:55:00+05:30,10434.8,10439.5,10434,10439.5,
2018-01-02T10:56:00+05:30,10439.8,10440,10438.4,10439,
2018-01-02T10:57:00+05:30,10438.6,10439.1,10436.2,10437.5,
2018-01-02T10:58:00+05:30,10437.6,10438.8,10436.6,10438.8,
2018-01-02T10:59:00+05:30,10438.5,10445.4,10438.3,10444.1,
2018-01-02T11:00:00+05:30,10444.2,10447.1,10443.9,10444.5,
2018-01-02T11:01:00+05:30,10444.5,10446.8,10443.2,10445,
2018-01-02T11:02:00+05:30,10445.5,10446.6,10445,10445.5,
2018-01-02T11:03:00+05:30,10445.6,10446.5,10444.5,10445.6,
2018-01-02T11:04:00+05:30,10445.4,10446,10443.6,10445.9,
2018-01-02T11:05:00+05:30,10445.9,10445.9,10439.2,10440.5,
2018-01-02T11:06:00+05:30,10440.6,10442.9,10437.7,10442.1,
2018-01-02T11:07:00+05:30,10442.5,10445.4,10441.5,10444.5,
2018-01-02T11:08:00+05:30,10444.5,10444.5,10441.5,10443.5,
2018-01-02T11:09:00+05:30,10443.5,10445.6,10443.2,10444,
2018-01-02T11:10:00+05:30,10443.8,10444.3,10443,10443,
2018-01-02T11:11:00+05:30,10442.9,10449.1,10442.9,10446.9,
2018-01-02T11:12:00+05:30,10447.2,10449.4,10447.2,10449,
2018-01-02T11:13:00+05:30,10448.9,10449.5,10446,10446.3,
2018-01-02T11:14:00+05:30,10446.2,10447,10445.5,10445.9,
2018-01-02T11:15:00+05:30,10445.6,10446.2,10443.8,10444.5,
2018-01-02T11:16:00+05:30,10444.5,10446.5,10443.1,10446.5,
2018-01-02T11:17:00+05:30,10446.3,10447.8,10443.6,10444,
2018-01-02T11:18:00+05:30,10443.9,10443.9,10441.2,10442,
2018-01-02T11:19:00+05:30,10442.1,10442.2,10441,10441.5,
2018-01-02T11:20:00+05:30,10441.2,10441.4,10437.9,10438.5,
2018-01-02T11:21:00+05:30,10438.6,10438.9,10436.5,10437.5,
2018-01-02T11:22:00+05:30,10436.8,10437.7,10436.1,10437.7,
2018-01-02T11:23:00+05:30,10437.8,10437.9,10436.4,10437,
2018-01-02T11:24:00+05:30,10436.5,10438.5,10429,10429.6,
2018-01-02T11:25:00+05:30,10429.6,10430.4,10428.5,10430.4,
2018-01-02T11:26:00+05:30,10430.5,10434.2,10430.5,10432.8,
2018-01-02T11:27:00+05:30,10432.8,10433.4,10432,10433,
2018-01-02T11:28:00+05:30,10432.8,10434.4,10431.7,10434.4,
2018-01-02T11:29:00+05:30,10434.6,10435,10433.7,10435,
2018-01-02T11:30:00+05:30,10434.8,10436.6,10434.4,10436.5,
2018-01-02T11:31:00+05:30,10436.3,10436.3,10433.8,10435.7,
2018-01-02T11:32:00+05:30,10435.4,10436.1,10434,10435.2,
2018-01-02T11:33:00+05:30,10435.2,10436.9,10434.8,10436.9,
2018-01-02T11:34:00+05:30,10437.2,10438.3,10436.8,10438.3,
2018-01-02T11:35:00+05:30,10438.4,10442.1,10437.8,10442.1,
2018-01-02T11:36:00+05:30,10442.2,10442.7,10440.9,10441,
2018-01-02T11:37:00+05:30,10441.5,10442.5,10440,10442.1,
2018-01-02T11:38:00+05:30,10442.1,10442.3,10439.8,10440.2,
2018-01-02T11:39:00+05:30,10439.8,10439.9,10437.4,10437.8,
2018-01-02T11:40:00+05:30,10438,10438.7,10436.8,10438.1,
2018-01-02T11:41:00+05:30,10438.3,10439.9,10437.4,10439.9,
2018-01-02T11:42:00+05:30,10440,10440,10437.1,10438.5,
2018-01-02T11:43:00+05:30,10438.5,10439,10437.5,10438.9,
2018-01-02T11:44:00+05:30,10439,10443.5,10438.5,10442.7,
2018-01-02T11:45:00+05:30,10442.5,10443.4,10441.2,10442.8,
2018-01-02T11:46:00+05:30,10442.5,10442.6,10438.6,10439.2,
2018-01-02T11:47:00+05:30,10439.4,10439.8,10438.5,10439.2,
2018-01-02T11:48:00+05:30,10439.1,10441.3,10438.6,10441.3,
2018-01-02T11:49:00+05:30,10441.1,10441.1,10438.5,10439.1,
2018-01-02T11:50:00+05:30,10438.2,10438.5,10434.8,10435.8,
2018-01-02T11:51:00+05:30,10435.4,10436.2,10434.2,10434.8,
2018-01-02T11:52:00+05:30,10435.1,10435.7,10433.2,10434.4,
2018-01-02T11:53:00+05:30,10433.5,10436.2,10433.3,10435.6,
2018-01-02T11:54:00+05:30,10435.3,10437.4,10434.6,10437.4,
2018-01-02T11:55:00+05:30,10436.9,10437.6,10435.8,10437.6,
2018-01-02T11:56:00+05:30,10436.4,10438.7,10436,10438.7,
2018-01-02T11:57:00+05:30,10438.1,10441.1,10437.4,10441.1,
2018-01-02T11:58:00+05:30,10440.8,10440.8,10438.2,10439.5,
2018-01-02T11:59:00+05:30,10439.8,10440.2,10438.3,10439,
2018-01-02T12:00:00+05:30,10439,10439.9,10437.9,10439.6,
2018-01-02T12:01:00+05:30,10439.4,10439.6,10438.4,10438.8,
2018-01-02T12:02:00+05:30,10438.7,10441.8,10437.5,10440.7,
2018-01-02T12:03:00+05:30,10439.9,10445.4,10439.9,10442.4,
2018-01-02T12:04:00+05:30,10442,10443.9,10441.9,10443,
2018-01-02T12:05:00+05:30,10443.2,10445.2,10442.8,10444.1,
2018-01-02T12:06:00+05:30,10444,10444.6,10440.9,10441.5,
2018-01-02T12:07:00+05:30,10441.2,10441.6,10439.8,10440.9,
2018-01-02T12:08:00+05:30,10440.6,10441.5,10440.4,10441.3,
2018-01-02T12:09:00+05:30,10442,10444.4,10441.8,10444.4,
2018-01-02T12:10:00+05:30,10444.2,10445.5,10443,10443.9,
2018-01-02T12:11:00+05:30,10443.4,10444.8,10443.1,10444.3,
2018-01-02T12:12:00+05:30,10444.2,10444.5,10441.9,10443.1,
2018-01-02T12:13:00+05:30,10443.5,10443.5,10440.4,10441.2,
2018-01-02T12:14:00+05:30,10441.1,10441.4,10438.4,10438.9,
2018-01-02T12:15:00+05:30,10439.1,10440.2,10438.6,10440.2,
2018-01-02T12:16:00+05:30,10440.2,10441.5,10439,10441.5,
2018-01-02T12:17:00+05:30,10441.3,10441.8,10439.5,10440.6,
2018-01-02T12:18:00+05:30,10441,10442.5,10440.4,10441.4,
2018-01-02T12:19:00+05:30,10441.5,10442.8,10441.1,10442.6,
2018-01-02T12:20:00+05:30,10442.6,10443.1,10440.6,10443,
2018-01-02T12:21:00+05:30,10443.5,10445,10442.8,10445,
2018-01-02T12:22:00+05:30,10444.5,10446.4,10444.4,10446.4,
2018-01-02T12:23:00+05:30,10446,10448.1,10445.4,10448.1,
2018-01-02T12:24:00+05:30,10448,10449.6,10448,10449.5,
2018-01-02T12:25:00+05:30,10449.4,10450.8,10449.2,10450.8,
2018-01-02T12:26:00+05:30,10450.4,10454.2,10450,10450.5,
2018-01-02T12:27:00+05:30,10450.3,10452.7,10450.1,10452.7,
2018-01-02T12:28:00+05:30,10452.5,10454.8,10452.1,10454.8,
2018-01-02T12:29:00+05:30,10454.7,10454.7,10453.5,10454.3,
2018-01-02T12:30:00+05:30,10454,10454.4,10452.6,10453.5,
2018-01-02T12:31:00+05:30,10453.2,10453.4,10451.1,10451.9,
2018-01-02T12:32:00+05:30,10451.8,10452.2,10450.5,10451.4,
2018-01-02T12:33:00+05:30,10451.2,10451.2,10447.6,10448.2,
2018-01-02T12:34:00+05:30,10448.4,10449.5,10447.2,10449.5,
2018-01-02T12:35:00+05:30,10449.4,10450.4,10448.5,10449.8,
2018-01-02T12:36:00+05:30,10449.7,10450.9,10448.6,10450.9,
2018-01-02T12:37:00+05:30,10450.8,10451.2,10449.8,10451.2,
2018-01-02T12:38:00+05:30,10450.9,10451.4,10449.5,10450.5,
2018-01-02T12:39:00+05:30,10450.2,10452.2,10449.7,10452,
2018-01-02T12:40:00+05:30,10452.2,10452.9,10450.2,10452,
2018-01-02T12:41:00+05:30,10452,10452.4,10447,10448.1,
2018-01-02T12:42:00+05:30,10447.8,10447.8,10445.4,10446,
2018-01-02T12:43:00+05:30,10446,10447.4,10444.7,10447.1,
2018-01-02T12:44:00+05:30,10447.4,10447.9,10446,10447.6,
2018-01-02T12:45:00+05:30,10447.4,10447.4,10444.6,10445.7,
2018-01-02T12:46:00+05:30,10445.6,10445.6,10438.3,10439,
2018-01-02T12:47:00+05:30,10438.8,10439,10435,10436.7,
2018-01-02T12:48:00+05:30,10436.6,10438.8,10435.2,10438.8,
2018-01-02T12:49:00+05:30,10438.9,10439.8,10437.5,10439.6,
2018-01-02T12:50:00+05:30,10439.5,10440.5,10437.7,10440,
2018-01-02T12:51:00+05:30,10439.7,10441.4,10438.2,10440.1,
2018-01-02T12:52:00+05:30,10439.9,10440.2,10438,10439.1,
2018-01-02T12:53:00+05:30,10439,10439.2,10436.8,10439.2,
2018-01-02T12:54:00+05:30,10439.4,10440,10437.9,10439.5,
2018-01-02T12:55:00+05:30,10439.4,10439.5,10436.4,10436.8,
2018-01-02T12:56:00+05:30,10437.2,10437.5,10434.2,10434.2,
2018-01-02T12:57:00+05:30,10434.1,10437,10432.1,10436.8,
2018-01-02T12:58:00+05:30,10436.6,10436.6,10432.9,10434.8,
2018-01-02T12:59:00+05:30,10434.9,10437,10434.9,10435.9,
2018-01-02T13:00:00+05:30,10435.9,10436,10433.1,10435,
2018-01-02T13:01:00+05:30,10434.6,10434.6,10433.4,10433.8,
2018-01-02T13:02:00+05:30,10434.2,10434.6,10432.5,10432.5,
2018-01-02T13:03:00+05:30,10432.1,10432.1,10429.4,10432,
2018-01-02T13:04:00+05:30,10432.4,10432.9,10430.1,10432.8,
2018-01-02T13:05:00+05:30,10432.7,10433.4,10432,10433.4,
2018-01-02T13:06:00+05:30,10433.5,10433.5,10430.7,10432.1,
2018-01-02T13:07:00+05:30,10431.9,10434.5,10431.9,10433.6,
2018-01-02T13:08:00+05:30,10433.1,10438.2,10431.4,10438.2,
2018-01-02T13:09:00+05:30,10438.5,10438.6,10436.8,10437.8,
2018-01-02T13:10:00+05:30,10437.5,10438,10435.2,10436,
2018-01-02T13:11:00+05:30,10435.9,10436.7,10434.5,10436.6,
2018-01-02T13:12:00+05:30,10436.5,10438.5,10435.1,10438,
2018-01-02T13:13:00+05:30,10438.1,10438.4,10435,10437,
2018-01-02T13:14:00+05:30,10437,10437.1,10435.4,10436.8,
2018-01-02T13:15:00+05:30,10436.8,10437.5,10434.9,10437,
2018-01-02T13:16:00+05:30,10436.6,10436.9,10433.1,10435,
2018-01-02T13:17:00+05:30,10434.9,10434.9,10431.7,10433.7,
2018-01-02T13:18:00+05:30,10434,10435.4,10433.1,10434.6,
2018-01-02T13:19:00+05:30,10434.2,10436.8,10433.8,10436.8,
2018-01-02T13:20:00+05:30,10437.1,10437.1,10434.9,10436.8,
2018-01-02T13:21:00+05:30,10436.8,10436.8,10433.9,10436.1,
2018-01-02T13:22:00+05:30,10436,10436.8,10434.3,10436.5,
2018-01-02T13:23:00+05:30,10436,10437.2,10435,10437.2,
2018-01-02T13:24:00+05:30,10437.4,10437.5,10435.8,10436.6,
2018-01-02T13:25:00+05:30,10436.9,10437.1,10434.5,10436,
2018-01-02T13:26:00+05:30,10435.6,10439.5,10435,10439.3,
2018-01-02T13:27:00+05:30,10439.2,10442.9,10439.2,10442.6,
2018-01-02T13:28:00+05:30,10442.5,10443.4,10437.8,10439.4,
2018-01-02T13:29:00+05:30,10439.1,10441.3,10439.1,10440.5,
2018-01-02T13:30:00+05:30,10440.8,10442.2,10438.9,10440.2,
2018-01-02T13:31:00+05:30,10440.1,10444.2,10439.9,10441.5,
2018-01-02T13:32:00+05:30,10441.9,10443.9,10439.5,10442.8,
2018-01-02T13:33:00+05:30,10442.8,10443,10440.8,10442.1,
2018-01-02T13:34:00+05:30,10442.1,10442.4,10440.5,10442.4,
2018-01-02T13:35:00+05:30,10442.2,10442.7,10438.8,10439.1,
2018-01-02T13:36:00+05:30,10439,10440.7,10438.5,10440.3,
2018-01-02T13:37:00+05:30,10440.6,10440.6,10438,10438.6,
2018-01-02T13:38:00+05:30,10438.8,10439.4,10437.1,10437.8,
2018-01-02T13:39:00+05:30,10438,10438.4,10436.5,10437.2,
2018-01-02T13:40:00+05:30,10437,10437.8,10436.4,10436.8,
2018-01-02T13:41:00+05:30,10437,10439,10436.8,10438,
2018-01-02T13:42:00+05:30,10437.8,10440.1,10437.8,10439.4,
2018-01-02T13:43:00+05:30,10439.5,10440.9,10439.5,10440,
2018-01-02T13:44:00+05:30,10440.4,10443.1,10440.1,10443,
2018-01-02T13:45:00+05:30,10443.2,10446.3,10442.5,10444.7,
2018-01-02T13:46:00+05:30,10444.8,10446.4,10443.6,10445,
2018-01-02T13:47:00+05:30,10444.8,10447,10443.9,10445.5,
2018-01-02T13:48:00+05:30,10445.6,10447.1,10444.6,10445.2,
2018-01-02T13:49:00+05:30,10445.1,10447.2,10444.9,10445.8,
2018-01-02T13:50:00+05:30,10446.3,10447.5,10437,10438.2,
2018-01-02T13:51:00+05:30,10439.2,10443.3,10438.8,10439.6,
2018-01-02T13:52:00+05:30,10439.6,10441.7,10439,10439.4,
2018-01-02T13:53:00+05:30,10439.3,10441.6,10436.8,10437.3,
2018-01-02T13:54:00+05:30,10437.1,10439,10435.8,10436.7,
2018-01-02T13:55:00+05:30,10436.7,10438.4,10436.5,10436.9,
2018-01-02T13:56:00+05:30,10436.8,10438.6,10431,10433.3,
2018-01-02T13:57:00+05:30,10432.7,10434,10430.5,10431.3,
2018-01-02T13:58:00+05:30,10431.4,10432.9,10428,10428.7,
2018-01-02T13:59:00+05:30,10428.5,10430.2,10424.5,10425.4,
2018-01-02T14:00:00+05:30,10425.4,10427.4,10416,10418,
2018-01-02T14:01:00+05:30,10418.1,10422.2,10418.1,10421.8,
2018-01-02T14:02:00+05:30,10421.6,10424.8,10420.2,10424.1,
2018-01-02T14:03:00+05:30,10423.8,10425.9,10423.6,10424.8,
2018-01-02T14:04:00+05:30,10424.8,10427,10419.8,10420.1,
2018-01-02T14:05:00+05:30,10420.6,10428.9,10420.6,10425.9,
2018-01-02T14:06:00+05:30,10425.4,10433.3,10424.9,10433,
2018-01-02T14:07:00+05:30,10433,10435.5,10427.5,10427.9,
2018-01-02T14:08:00+05:30,10428,10430.5,10427.9,10429,
2018-01-02T14:09:00+05:30,10429,10431.1,10424.3,10424.3,
2018-01-02T14:10:00+05:30,10424.9,10428.5,10424.9,10425.8,
2018-01-02T14:11:00+05:30,10425.9,10428.7,10425.9,10427.4,
2018-01-02T14:12:00+05:30,10427.3,10429,10425.9,10426.5,
2018-01-02T14:13:00+05:30,10426.3,10428.2,10422.6,10423.1,
2018-01-02T14:14:00+05:30,10422.6,10425.6,10422.5,10423.5,
2018-01-02T14:15:00+05:30,10423.4,10425.8,10421.5,10421.9,
2018-01-02T14:16:00+05:30,10421.9,10425.2,10419.6,10420.2,
2018-01-02T14:17:00+05:30,10419.8,10421.5,10414,10414.3,
2018-01-02T14:18:00+05:30,10414.1,10416.9,10412.5,10413.2,
2018-01-02T14:19:00+05:30,10413.1,10415.6,10412.6,10413.3,
2018-01-02T14:20:00+05:30,10413.3,10417.6,10413.3,10415.8,
2018-01-02T14:21:00+05:30,10415.5,10418.8,10415.5,10418.8,
2018-01-02T14:22:00+05:30,10419,10426.1,10419,10424.8,
2018-01-02T14:23:00+05:30,10424.4,10426.2,10423.3,10424.2,
2018-01-02T14:24:00+05:30,10423.9,10426.1,10423.9,10425.6,
2018-01-02T14:25:00+05:30,10425.2,10426.9,10415.9,10417,
2018-01-02T14:26:00+05:30,10416.8,10421.4,10416,10417.6,
2018-01-02T14:27:00+05:30,10417.6,10420.5,10417.6,10419.3,
2018-01-02T14:28:00+05:30,10419.4,10421.6,10419.4,10420,
2018-01-02T14:29:00+05:30,10420.2,10421.8,10418.4,10419.1,
2018-01-02T14:30:00+05:30,10419,10420.4,10418,10418.9,
2018-01-02T14:31:00+05:30,10418.5,10420,10414.4,10414.9,
2018-01-02T14:32:00+05:30,10414.4,10416.5,10414.4,10415,
2018-01-02T14:33:00+05:30,10415,10416.4,10413.8,10415,
2018-01-02T14:34:00+05:30,10414.9,10417.1,10414,10414.4,
2018-01-02T14:35:00+05:30,10414.3,10415.8,10405.4,10408.7,
2018-01-02T14:36:00+05:30,10408.3,10409.7,10405.1,10406.7,
2018-01-02T14:37:00+05:30,10406.1,10409.4,10406.1,10406.7,
2018-01-02T14:38:00+05:30,10405.8,10411.9,10405.8,10411.2,
2018-01-02T14:39:00+05:30,10409.8,10415.9,10409.8,10415.7,
2018-01-02T14:40:00+05:30,10415.2,10421.9,10415.2,10421,
2018-01-02T14:41:00+05:30,10420.5,10423,10419.7,10420.6,
2018-01-02T14:42:00+05:30,10419.2,10421.9,10417.5,10418.3,
2018-01-02T14:43:00+05:30,10417.8,10422.4,10417.8,10421.9,
2018-01-02T14:44:00+05:30,10421.6,10425.1,10421.6,10423.6,
2018-01-02T14:45:00+05:30,10422.1,10426.4,10422.1,10423,
2018-01-02T14:46:00+05:30,10422.6,10430.2,10422.6,10430.1,
2018-01-02T14:47:00+05:30,10429.6,10437.9,10429.6,10435.7,
2018-01-02T14:48:00+05:30,10434.8,10438.8,10434.8,10437.1,
2018-01-02T14:49:00+05:30,10436.2,10438.2,10431.9,10432.2,
2018-01-02T14:50:00+05:30,10430.5,10433.8,10428.6,10429,
2018-01-02T14:51:00+05:30,10427.5,10430.2,10427.5,10428,
2018-01-02T14:52:00+05:30,10426.8,10430.5,10426.8,10430.1,
2018-01-02T14:53:00+05:30,10429.4,10434.1,10429.4,10430,
2018-01-02T14:54:00+05:30,10428.1,10432.1,10428.1,10431.7,
2018-01-02T14:55:00+05:30,10431.4,10436.7,10431.4,10433.8,
2018-01-02T14:56:00+05:30,10432.7,10434.9,10429.3,10430.5,
2018-01-02T14:57:00+05:30,10430.1,10434.1,10430.1,10432.1,
2018-01-02T14:58:00+05:30,10431.5,10433.4,10430.7,10431.8,
2018-01-02T14:59:00+05:30,10431.1,10433.3,10431.1,10432.1,
2018-01-02T15:00:00+05:30,10431.5,10436.9,10431.5,10436.6,
2018-01-02T15:01:00+05:30,10436,10440,10436,10437.3,
2018-01-02T15:02:00+05:30,10436.9,10439,10436.9,10438.8,
2018-01-02T15:03:00+05:30,10439,10447,10439,10447,
2018-01-02T15:04:00+05:30,10446.5,10449.9,10446.5,10449.4,
2018-01-02T15:05:00+05:30,10449,10451.8,10449,10450.8,
2018-01-02T15:06:00+05:30,10449.5,10450.5,10443.6,10445,
2018-01-02T15:07:00+05:30,10444.6,10446.6,10443.9,10446.4,
2018-01-02T15:08:00+05:30,10446,10447.9,10444.1,10444.5,
2018-01-02T15:09:00+05:30,10443.5,10447.3,10443.5,10447,
2018-01-02T15:10:00+05:30,10446.4,10448.3,10441.2,10442.1,
2018-01-02T15:11:00+05:30,10441.4,10443.8,10438.4,10438.8,
2018-01-02T15:12:00+05:30,10438.2,10441.4,10437.5,10440.8,
2018-01-02T15:13:00+05:30,10440.4,10446.7,10438.6,10446.7,
2018-01-02T15:14:00+05:30,10445.8,10447.3,10443.5,10446.1,
2018-01-02T15:15:00+05:30,10445.1,10447.2,10437.7,10441.8,
2018-01-02T15:16:00+05:30,10441.1,10443,10438.6,10443,
2018-01-02T15:17:00+05:30,10440.6,10445.4,10440.6,10445,
2018-01-02T15:18:00+05:30,10444.7,10446.1,10442.6,10443.9,
2018-01-02T15:19:00+05:30,10443,10444.5,10441.9,10442.9,
2018-01-02T15:20:00+05:30,10442.6,10443,10439.2,10440.9,
2018-01-02T15:21:00+05:30,10440,10443.1,10438.9,10442.9,
2018-01-02T15:22:00+05:30,10442.7,10443,10438,10440.5,
2018-01-02T15:23:00+05:30,10440.6,10441.5,10438.9,10440.8,
2018-01-02T15:24:00+05:30,10440.4,10441,10438.6,10439.6,
2018-01-02T15:25:00+05:30,10439.2,10441.6,10438.3,10441.4,
2018-01-02T15:26:00+05:30,10441.1,10442,10440,10441.1,
2018-01-02T15:27:00+05:30,10441.1,10443.9,10440,10443.2,
2018-01-02T15:28:00+05:30,10442.5,10443.6,10439.2,10440.9,
2018-01-02T15:29:00+05:30,10440.8,10441,10438.1,10439.5,
2018-01-03T09:15:00+05:30,10482.6,10482.6,10474.5,10475.6,
2018-01-03T09:16:00+05:30,10474.5,10476.4,10469.6,10469.6,
2018-01-03T09:17:00+05:30,10469.4,10469.7,10462.9,10465.1,
2018-01-03T09:18:00+05:30,10464.6,10469.8,10464.6,10468.5,
2018-01-03T09:19:00+05:30,10468.9,10472.5,10467.2,10470.5,
2018-01-03T09:20:00+05:30,10471.1,10473,10470,10470.2,
2018-01-03T09:21:00+05:30,10469.8,10471.6,10467.2,10471.5,
2018-01-03T09:22:00+05:30,10471.2,10473.8,10469.7,10473.2,
2018-01-03T09:23:00+05:30,10473.3,10475.3,10473.1,10474.1,
2018-01-03T09:24:00+05:30,10474.8,10476.1,10471.1,10471.1,
2018-01-03T09:25:00+05:30,10471.3,10475,10470.3,10474.2,
2018-01-03T09:26:00+05:30,10473.6,10474.3,10470.2,10472.4,
2018-01-03T09:27:00+05:30,10471.7,10472,10467.1,10467.2,
2018-01-03T09:28:00+05:30,10467.7,10470.7,10466.3,10470.5,
2018-01-03T09:29:00+05:30,10470.4,10472.5,10469.9,10471.5,
2018-01-03T09:30:00+05:30,10471.1,10471.1,10461,10461,
2018-01-03T09:31:00+05:30,10461.8,10464.2,10461.1,10463.8,
2018-01-03T09:32:00+05:30,10463.8,10465.7,10463.6,10465.5,
2018-01-03T09:33:00+05:30,10465.7,10465.9,10463.3,10463.3,
2018-01-03T09:34:00+05:30,10463.2,10466.2,10462.2,10466.2,
2018-01-03T09:35:00+05:30,10466.4,10467.1,10464.4,10465.5,
2018-01-03T09:36:00+05:30,10465.5,10469.2,10465.5,10469,
2018-01-03T09:37:00+05:30,10469,10470.6,10467.9,10470.6,
2018-01-03T09:38:00+05:30,10470.5,10471.9,10469.6,10470.5,
2018-01-03T09:39:00+05:30,10470,10470.5,10466.6,10466.9,
2018-01-03T09:40:00+05:30,10466.6,10468.1,10466.2,10466.6,
2018-01-03T09:41:00+05:30,10466.7,10467.2,10465.5,10465.8,
2018-01-03T09:42:00+05:30,10465.4,10467.2,10465.4,10467.2,
2018-01-03T09:43:00+05:30,10467.2,10468.4,10467,10468.2,
2018-01-03T09:44:00+05:30,10468,10468.4,10466.6,10467.1,
2018-01-03T09:45:00+05:30,10466.9,10468.6,10466.2,10468.6,
2018-01-03T09:46:00+05:30,10468.6,10471.8,10468.6,10471.6,
2018-01-03T09:47:00+05:30,10471.2,10475.9,10470.7,10475.9,
2018-01-03T09:48:00+05:30,10476.8,10480.2,10476.4,10479.9,
2018-01-03T09:49:00+05:30,10479.6,10483.5,10479.5,10483,
2018-01-03T09:50:00+05:30,10483.4,10486.5,10482.6,10485.4,
2018-01-03T09:51:00+05:30,10485.4,10485.6,10481.9,10482.5,
2018-01-03T09:52:00+05:30,10482.6,10483,10480.3,10480.3,
2018-01-03T09:53:00+05:30,10481.1,10481.2,10478.7,10479.1,
2018-01-03T09:54:00+05:30,10479.6,10479.9,10477.9,10479.6,
2018-01-03T09:55:00+05:30,10479.8,10479.8,10477.9,10479.2,
2018-01-03T09:56:00+05:30,10480,10483.4,10480,10483.2,
2018-01-03T09:57:00+05:30,10483.2,10485.2,10482.1,10484,
2018-01-03T09:58:00+05:30,10484,10485.9,10483,10485,
2018-01-03T09:59:00+05:30,10484.8,10487.2,10484.7,10486.7,
2018-01-03T10:00:00+05:30,10486.5,10503.5,10485.8,10498.1,
2018-01-03T10:01:00+05:30,10499.3,10500.2,10498.3,10500.1,
2018-01-03T10:02:00+05:30,10499.5,10501.2,10499.5,10500,
2018-01-03T10:03:00+05:30,10500.5,10501.9,10500.1,10501.4,
2018-01-03T10:04:00+05:30,10501.2,10501.5,10497.7,10497.7,
2018-01-03T10:05:00+05:30,10498.2,10498.2,10494.5,10494.5,
2018-01-03T10:06:00+05:30,10494.2,10497.2,10494.1,10496.8,
2018-01-03T10:07:00+05:30,10496.7,10497,10494,10494.2,
2018-01-03T10:08:00+05:30,10494.4,10494.4,10489.9,10489.9,
2018-01-03T10:09:00+05:30,10489.6,10493,10489.1,10492.9,
2018-01-03T10:10:00+05:30,10492.9,10493.9,10492.2,10492.4,
2018-01-03T10:11:00+05:30,10492.5,10492.8,10491.2,10491.9,
2018-01-03T10:12:00+05:30,10491.8,10492.3,10490.1,10491.9,
2018-01-03T10:13:00+05:30,10492,10492.8,10491.3,10492.7,
2018-01-03T10:14:00+05:30,10492.8,10495.8,10492.6,10495.6,
2018-01-03T10:15:00+05:30,10495.5,10496.6,10494.7,10496,
2018-01-03T10:16:00+05:30,10496,10496.6,10494.4,10496.5,
2018-01-03T10:17:00+05:30,10496.5,10498.2,10495.5,10496.5,
2018-01-03T10:18:00+05:30,10496,10496,10494.5,10495,
2018-01-03T10:19:00+05:30,10495.1,10495.6,10493.1,10494.8,
2018-01-03T10:20:00+05:30,10494.9,10495.5,10494.2,10495.2,
2018-01-03T10:21:00+05:30,10495.2,10495.8,10494.5,10495,
2018-01-03T10:22:00+05:30,10495.4,10495.4,10493.9,10493.9,
2018-01-03T10:23:00+05:30,10494,10494.2,10491,10491.5,
2018-01-03T10:24:00+05:30,10491.5,10492.2,10489.9,10492,
2018-01-03T10:25:00+05:30,10491.8,10492,10490.3,10491.5,
2018-01-03T10:26:00+05:30,10491.2,10494.6,10490.5,10494.6,
2018-01-03T10:27:00+05:30,10494.8,10496.8,10494.8,10495.5,
2018-01-03T10:28:00+05:30,10495.5,10495.8,10493.1,10493.1,
2018-01-03T10:29:00+05:30,10493.3,10494,10492.2,10493.9,
2018-01-03T10:30:00+05:30,10494.2,10495.6,10494,10495.6,
2018-01-03T10:31:00+05:30,10495.4,10496,10494.8,10495.5,
2018-01-03T10:32:00+05:30,10495.2,10495.2,10493,10493,
2018-01-03T10:33:00+05:30,10493,10494.1,10492.1,10492.6,
2018-01-03T10:34:00+05:30,10492,10494.8,10492,10494.5,
2018-01-03T10:35:00+05:30,10494.4,10494.8,10493.1,10494.1,
2018-01-03T10:36:00+05:30,10494.1,10494.5,10492.8,10492.9,
2018-01-03T10:37:00+05:30,10493,10493.4,10492,10492.2,
2018-01-03T10:38:00+05:30,10492.3,10493.1,10491.6,10492.9,
2018-01-03T10:39:00+05:30,10493.1,10493.5,10492,10493.5,
2018-01-03T10:40:00+05:30,10493.5,10494.6,10493.1,10494.4,
2018-01-03T10:41:00+05:30,10494.4,10494.9,10493.2,10493.9,
2018-01-03T10:42:00+05:30,10493.9,10494,10491.8,10492.4,
2018-01-03T10:43:00+05:30,10492.5,10492.5,10490.9,10491.6,
2018-01-03T10:44:00+05:30,10491.4,10491.6,10490,10490.4,
2018-01-03T10:45:00+05:30,10490.1,10490.9,10485.4,10485.4,
2018-01-03T10:46:00+05:30,10484.9,10485.4,10482.3,10483.3,
2018-01-03T10:47:00+05:30,10483.2,10486.5,10482.8,10485.5,
2018-01-03T10:48:00+05:30,10485.6,10487,10485.1,10486.9,
2018-01-03T10:49:00+05:30,10486.4,10488,10486.2,10487.8,
2018-01-03T10:50:00+05:30,10488,10490.4,10488,10489,
2018-01-03T10:51:00+05:30,10488.9,10489.4,10488.2,10489,
2018-01-03T10:52:00+05:30,10489,10490,10488.4,10488.9,
2018-01-03T10:53:00+05:30,10488.8,10489.8,10488.4,10489.3,
2018-01-03T10:54:00+05:30,10489.1,10489.1,10484.5,10485.3,
2018-01-03T10:55:00+05:30,10485.4,10486.1,10484.5,10484.6,
2018-01-03T10:56:00+05:30,10484.5,10487,10484.5,10486.7,
2018-01-03T10:57:00+05:30,10487,10489.4,10487,10489.4,
2018-01-03T10:58:00+05:30,10489.4,10489.7,10487,10487,
2018-01-03T10:59:00+05:30,10486.9,10488.6,10486.3,10488.5,
2018-01-03T11:00:00+05:30,10488.5,10489.6,10487.5,10487.5,
2018-01-03T11:01:00+05:30,10487.4,10487.8,10486.4,10486.5,
2018-01-03T11:02:00+05:30,10486.1,10487.6,10486,10486.6,
2018-01-03T11:03:00+05:30,10486.3,10487.5,10486,10487,
2018-01-03T11:04:00+05:30,10487.4,10487.9,10485.8,10486,
2018-01-03T11:05:00+05:30,10486.4,10486.4,10483,10483.3,
2018-01-03T11:06:00+05:30,10483.4,10484.1,10482.5,10483.4,
2018-01-03T11:07:00+05:30,10483.6,10483.9,10481,10481.9,
2018-01-03T11:08:00+05:30,10482,10483.8,10481.6,10482.8,
2018-01-03T11:09:00+05:30,10483.4,10484.8,10483.2,10484,
2018-01-03T11:10:00+05:30,10483.9,10483.9,10482,10482,
2018-01-03T11:11:00+05:30,10481.9,10482.1,10480,10480,
2018-01-03T11:12:00+05:30,10479.9,10480.8,10478,10478,
2018-01-03T11:13:00+05:30,10478.1,10478.4,10477,10477,
2018-01-03T11:14:00+05:30,10476.5,10478.2,10476.5,10477.9,
2018-01-03T11:15:00+05:30,10477.8,10478.4,10477,10477.3,
2018-01-03T11:16:00+05:30,10476.9,10477.4,10476.2,10476.2,
2018-01-03T11:17:00+05:30,10478.1,10478.2,10476.4,10477.9,
2018-01-03T11:18:00+05:30,10478,10479.6,10477.3,10479,
2018-01-03T11:19:00+05:30,10479.2,10479.8,10478.2,10478.9,
2018-01-03T11:20:00+05:30,10479,10480.5,10479,10480.1,
2018-01-03T11:21:00+05:30,10480,10481,10479,10479.9,
2018-01-03T11:22:00+05:30,10479.8,10481.1,10479.5,10481,
2018-01-03T11:23:00+05:30,10481,10483.4,10480.6,10483.2,
2018-01-03T11:24:00+05:30,10483,10483.8,10482.3,10483.1,
2018-01-03T11:25:00+05:30,10482.8,10484.9,10482.5,10484.8,
2018-01-03T11:26:00+05:30,10485,10486,10483.5,10483.9,
2018-01-03T11:27:00+05:30,10483.7,10484.8,10482.8,10483.9,
2018-01-03T11:28:00+05:30,10483.8,10484,10483.1,10483.9,
2018-01-03T11:29:00+05:30,10483.6,10485,10483.6,10484.9,
2018-01-03T11:30:00+05:30,10484.8,10484.9,10483.4,10484,
2018-01-03T11:31:00+05:30,10483.9,10485,10483.6,10485,
2018-01-03T11:32:00+05:30,10484.6,10486.7,10484.6,10485.4,
2018-01-03T11:33:00+05:30,10485.5,10485.9,10484.6,10484.9,
2018-01-03T11:34:00+05:30,10485,10485,10482.9,10482.9,
2018-01-03T11:35:00+05:30,10482.9,10482.9,10480,10481.1,
2018-01-03T11:36:00+05:30,10481,10482.6,10481,10482.2,
2018-01-03T11:37:00+05:30,10482.3,10483,10480.5,10482.9,
2018-01-03T11:38:00+05:30,10482.8,10483.5,10482,10482,
2018-01-03T11:39:00+05:30,10482,10482.7,10480.7,10481.1,
2018-01-03T11:40:00+05:30,10481.1,10482.5,10480.6,10481.5,
2018-01-03T11:41:00+05:30,10481.5,10482.4,10480.9,10481.1,
2018-01-03T11:42:00+05:30,10480.8,10481.2,10480.1,10480.5,
2018-01-03T11:43:00+05:30,10480.6,10482.1,10480,10481.5,
2018-01-03T11:44:00+05:30,10482.1,10482.9,10481.4,10482.5,
2018-01-03T11:45:00+05:30,10482.5,10483.5,10482,10482.2,
2018-01-03T11:46:00+05:30,10482.5,10483.8,10481.9,10481.9,
2018-01-03T11:47:00+05:30,10481.9,10484.1,10481.6,10483.2,
2018-01-03T11:48:00+05:30,10483.5,10484.6,10483.1,10483.6,
2018-01-03T11:49:00+05:30,10484.1,10484.7,10483.2,10483.7,
2018-01-03T11:50:00+05:30,10483.1,10484.8,10483.1,10483.3,
2018-01-03T11:51:00+05:30,10483.3,10484.1,10482.2,10482.9,
2018-01-03T11:52:00+05:30,10482.7,10483.3,10481.5,10482.5,
2018-01-03T11:53:00+05:30,10482.8,10483.9,10482.2,10483,
2018-01-03T11:54:00+05:30,10482.9,10484.4,10482.6,10483.5,
2018-01-03T11:55:00+05:30,10483.5,10486,10483,10485.5,
2018-01-03T11:56:00+05:30,10484.9,10485.9,10484.4,10484.9,
2018-01-03T11:57:00+05:30,10485,10485.5,10484.2,10484.5,
2018-01-03T11:58:00+05:30,10484.5,10485.6,10484.3,10485.6,
2018-01-03T11:59:00+05:30,10485.3,10486.8,10485,10485.2,
2018-01-03T12:00:00+05:30,10485.1,10486,10485,10486,
2018-01-03T12:01:00+05:30,10485.5,10486.6,10485,10485.9,
2018-01-03T12:02:00+05:30,10486,10486.5,10483.8,10484.3,
2018-01-03T12:03:00+05:30,10484.3,10484.4,10481.9,10482.4,
2018-01-03T12:04:00+05:30,10482.4,10482.8,10480.2,10480.3,
2018-01-03T12:05:00+05:30,10480.5,10481,10477.2,10477.4,
2018-01-03T12:06:00+05:30,10477.4,10478.7,10475.9,10478.6,
2018-01-03T12:07:00+05:30,10478.5,10479.2,10477.9,10477.9,
2018-01-03T12:08:00+05:30,10478,10478.2,10476.8,10477.3,
2018-01-03T12:09:00+05:30,10477.4,10478.5,10477.2,10477.3,
2018-01-03T12:10:00+05:30,10477.4,10478.4,10477.1,10478.1,
2018-01-03T12:11:00+05:30,10478,10480,10478,10479.2,
2018-01-03T12:12:00+05:30,10479.1,10479.5,10477.5,10478.5,
2018-01-03T12:13:00+05:30,10478.9,10479.5,10478.5,10479,
2018-01-03T12:14:00+05:30,10479.2,10479.4,10477.6,10477.7,
2018-01-03T12:15:00+05:30,10477.6,10477.9,10476,10476.1,
2018-01-03T12:16:00+05:30,10476.1,10477.5,10475.9,10477.5,
2018-01-03T12:17:00+05:30,10477.5,10479.9,10477.1,10479.8,
2018-01-03T12:18:00+05:30,10479.5,10483,10479.5,10482.1,
2018-01-03T12:19:00+05:30,10482,10482.6,10479,10480.4,
2018-01-03T12:20:00+05:30,10480.6,10481.4,10480,10481.4,
2018-01-03T12:21:00+05:30,10481.4,10482.4,10481.3,10481.8,
2018-01-03T12:22:00+05:30,10481.8,10483.3,10480.2,10480.2,
2018-01-03T12:23:00+05:30,10480,10480.5,10479.6,10479.8,
2018-01-03T12:24:00+05:30,10479.9,10481.1,10479.2,10479.8,
2018-01-03T12:25:00+05:30,10479.6,10480.2,10478.5,10478.5,
2018-01-03T12:26:00+05:30,10478.4,10479,10478,10478.6,
2018-01-03T12:27:00+05:30,10479.1,10479.8,10478.2,10479.8,
2018-01-03T12:28:00+05:30,10479.4,10480.4,10478.4,10478.4,
2018-01-03T12:29:00+05:30,10478.4,10479.1,10477.2,10478.5,
2018-01-03T12:30:00+05:30,10478.5,10479.2,10477.6,10477.8,
2018-01-03T12:31:00+05:30,10477.7,10479.2,10477.5,10479,
2018-01-03T12:32:00+05:30,10479.2,10479.2,10476.9,10477,
2018-01-03T12:33:00+05:30,10476.9,10477.7,10476.3,10476.5,
2018-01-03T12:34:00+05:30,10476.4,10477.7,10476.1,10477.3,
2018-01-03T12:35:00+05:30,10477.2,10477.3,10476.4,10476.5,
2018-01-03T12:36:00+05:30,10476.1,10476.8,10475.8,10475.8,
2018-01-03T12:37:00+05:30,10476,10477.3,10475.2,10476.5,
2018-01-03T12:38:00+05:30,10476.4,10476.9,10473.5,10474.4,
2018-01-03T12:39:00+05:30,10474.2,10474.5,10471.2,10471.2,
2018-01-03T12:40:00+05:30,10470.8,10471,10460.2,10460.6,
2018-01-03T12:41:00+05:30,10460.1,10460.1,10454.9,10458,
2018-01-03T12:42:00+05:30,10458.1,10465.2,10458.1,10463.1,
2018-01-03T12:43:00+05:30,10463,10463,10460.7,10461.6,
2018-01-03T12:44:00+05:30,10461.7,10462.8,10460,10461.1,
2018-01-03T12:45:00+05:30,10461.2,10462,10459.1,10459.8,
2018-01-03T12:46:00+05:30,10460.6,10462.5,10459.5,10462.4,
2018-01-03T12:47:00+05:30,10462.1,10465.1,10462.1,10465.1,
2018-01-03T12:48:00+05:30,10465,10465,10462.9,10462.9,
2018-01-03T12:49:00+05:30,10463,10463.4,10461.2,10461.8,
2018-01-03T12:50:00+05:30,10461.7,10461.8,10460.6,10461.5,
2018-01-03T12:51:00+05:30,10461.3,10462.2,10461.3,10462.1,
2018-01-03T12:52:00+05:30,10462.4,10464.1,10461.2,10464.1,
2018-01-03T12:53:00+05:30,10464.3,10465.6,10464.3,10464.8,
2018-01-03T12:54:00+05:30,10464.6,10465.5,10464.4,10464.4,
2018-01-03T12:55:00+05:30,10464.6,10465.2,10463.6,10465.2,
2018-01-03T12:56:00+05:30,10465,10466.5,10465,10466.4,
2018-01-03T12:57:00+05:30,10466.1,10470.4,10466,10470.1,
2018-01-03T12:58:00+05:30,10469.9,10471.1,10467.9,10468.4,
2018-01-03T12:59:00+05:30,10468,10469.5,10467.9,10468.6,
2018-01-03T13:00:00+05:30,10468.5,10469.1,10468,10468,
2018-01-03T13:01:00+05:30,10467.9,10468,10464.6,10464.6,
2018-01-03T13:02:00+05:30,10464.7,10465.5,10464.1,10464.7,
2018-01-03T13:03:00+05:30,10464.6,10464.9,10463.4,10463.4,
2018-01-03T13:04:00+05:30,10463.5,10465.8,10463.1,10465.8,
2018-01-03T13:05:00+05:30,10465.5,10468.9,10465.5,10468.7,
2018-01-03T13:06:00+05:30,10468.8,10468.8,10466.5,10467.5,
2018-01-03T13:07:00+05:30,10467.6,10467.7,10466.7,10467,
2018-01-03T13:08:00+05:30,10466.7,10467.5,10466.5,10467,
2018-01-03T13:09:00+05:30,10467.5,10467.6,10464.6,10465,
2018-01-03T13:10:00+05:30,10464.8,10465.4,10464.2,10464.9,
2018-01-03T13:11:00+05:30,10465.1,10465.9,10464.5,10465,
2018-01-03T13:12:00+05:30,10465,10467.2,10464.9,10466.8,
2018-01-03T13:13:00+05:30,10467.2,10467.5,10465.5,10466.1,
2018-01-03T13:14:00+05:30,10465.9,10468.2,10465.8,10467.5,
2018-01-03T13:15:00+05:30,10467.6,10468.1,10466.9,10467.5,
2018-01-03T13:16:00+05:30,10467.6,10468.6,10467.5,10467.8,
2018-01-03T13:17:00+05:30,10467.8,10468.8,10467.8,10468.3,
2018-01-03T13:18:00+05:30,10468.2,10470.3,10468.1,10469.8,
2018-01-03T13:19:00+05:30,10469.6,10472.6,10469.2,10472.6,
2018-01-03T13:20:00+05:30,10472.7,10473.5,10470.5,10471.8,
2018-01-03T13:21:00+05:30,10471.8,10473.3,10471.8,10473,
2018-01-03T13:22:00+05:30,10472.9,10476.5,10472.9,10475.8,
2018-01-03T13:23:00+05:30,10475.8,10475.8,10473.8,10475,
2018-01-03T13:24:00+05:30,10474.8,10475.2,10472.2,10472.6,
2018-01-03T13:25:00+05:30,10472.4,10474,10471.8,10472.9,
2018-01-03T13:26:00+05:30,10472.3,10472.6,10471.8,10472.3,
2018-01-03T13:27:00+05:30,10472.3,10472.6,10470.5,10471.6,
2018-01-03T13:28:00+05:30,10471.7,10472.5,10471,10472.1,
2018-01-03T13:29:00+05:30,10472,10472.8,10471.5,10472.5,
2018-01-03T13:30:00+05:30,10472.5,10472.7,10467.6,10468.5,
2018-01-03T13:31:00+05:30,10468.3,10469.5,10467.6,10469.2,
2018-01-03T13:32:00+05:30,10469,10471.4,10468.1,10469,
2018-01-03T13:33:00+05:30,10469,10470.2,10468.9,10469.5,
2018-01-03T13:34:00+05:30,10469.5,10471.6,10469.4,10471.2,
2018-01-03T13:35:00+05:30,10471.3,10472.7,10470.8,10472,
2018-01-03T13:36:00+05:30,10471.8,10474,10471.5,10473.3,
2018-01-03T13:37:00+05:30,10473.2,10473.8,10473,10473.4,
2018-01-03T13:38:00+05:30,10473.2,10475.5,10472.5,10473.8,
2018-01-03T13:39:00+05:30,10474,10474,10471.1,10471.1,
2018-01-03T13:40:00+05:30,10471.1,10471.6,10469.6,10470.1,
2018-01-03T13:41:00+05:30,10469.8,10470.5,10468.4,10468.5,
2018-01-03T13:42:00+05:30,10468.5,10471.9,10468.5,10471.1,
2018-01-03T13:43:00+05:30,10471,10471.5,10469.9,10470.2,
2018-01-03T13:44:00+05:30,10470,10470.1,10463.8,10465.2,
2018-01-03T13:45:00+05:30,10465.6,10466.7,10464,10466.7,
2018-01-03T13:46:00+05:30,10467.4,10469,10466.9,10467,
2018-01-03T13:47:00+05:30,10467.1,10468.7,10465.2,10466.3,
2018-01-03T13:48:00+05:30,10466.2,10467.8,10464.2,10467.8,
2018-01-03T13:49:00+05:30,10467.5,10468,10463.6,10464.5,
2018-01-03T13:50:00+05:30,10464,10465.1,10462.4,10464.4,
2018-01-03T13:51:00+05:30,10464.4,10466.1,10464.4,10464.6,
2018-01-03T13:52:00+05:30,10464.7,10467.4,10464.4,10467.2,
2018-01-03T13:53:00+05:30,10467.3,10468.1,10466.7,10468.1,
2018-01-03T13:54:00+05:30,10468.1,10471,10468,10470.4,
2018-01-03T13:55:00+05:30,10470.7,10471.9,10470.6,10471.9,
2018-01-03T13:56:00+05:30,10471.6,10471.6,10468.1,10468.8,
2018-01-03T13:57:00+05:30,10468.9,10471.9,10468.5,10471.2,
2018-01-03T13:58:00+05:30,10471.3,10473.1,10471.1,10472.5,
2018-01-03T13:59:00+05:30,10472.5,10475.8,10472.5,10474.8,
2018-01-03T14:00:00+05:30,10474.5,10476.5,10474,10475,
2018-01-03T14:01:00+05:30,10474.7,10475.6,10473.9,10474,
2018-01-03T14:02:00+05:30,10473.8,10475.5,10471.4,10471.7,
2018-01-03T14:03:00+05:30,10471.8,10472.8,10470.9,10472.4,
2018-01-03T14:04:00+05:30,10472.2,10474.6,10472.2,10474.6,
2018-01-03T14:05:00+05:30,10474.6,10476.6,10474.1,10474.5,
2018-01-03T14:06:00+05:30,10473.9,10476,10473.9,10474.6,
2018-01-03T14:07:00+05:30,10474.6,10475.5,10473,10473.3,
2018-01-03T14:08:00+05:30,10473.1,10474.9,10471.7,10472.4,
2018-01-03T14:09:00+05:30,10472.4,10473.8,10472.2,10472.7,
2018-01-03T14:10:00+05:30,10472.5,10474.2,10470.9,10470.9,
2018-01-03T14:11:00+05:30,10471.2,10472.9,10468.9,10469.6,
2018-01-03T14:12:00+05:30,10469.6,10473.4,10469.6,10472.2,
2018-01-03T14:13:00+05:30,10472.2,10473.8,10469,10469.2,
2018-01-03T14:14:00+05:30,10469.8,10471.4,10468.9,10468.9,
2018-01-03T14:15:00+05:30,10469.1,10471,10468.5,10468.9,
2018-01-03T14:16:00+05:30,10468.9,10472.1,10468.9,10472.1,
2018-01-03T14:17:00+05:30,10472.3,10474,10469.5,10469.9,
2018-01-03T14:18:00+05:30,10469.9,10472.5,10463.4,10463.5,
2018-01-03T14:19:00+05:30,10463.8,10467.1,10463.8,10465.5,
2018-01-03T14:20:00+05:30,10465.8,10467.5,10465,10465,
2018-01-03T14:21:00+05:30,10465.2,10466.5,10462.8,10462.8,
2018-01-03T14:22:00+05:30,10463.2,10464.9,10461.9,10461.9,
2018-01-03T14:23:00+05:30,10462,10464.3,10461.5,10461.5,
2018-01-03T14:24:00+05:30,10461.4,10463.1,10454.6,10455,
2018-01-03T14:25:00+05:30,10455.2,10456.3,10453.2,10453.6,
2018-01-03T14:26:00+05:30,10450.3,10450.3,10444.4,10448.5,
2018-01-03T14:27:00+05:30,10448.6,10451.6,10446,10451.6,
2018-01-03T14:28:00+05:30,10452.5,10454.8,10451.8,10452.9,
2018-01-03T14:29:00+05:30,10453.3,10454.6,10451.1,10451.2,
2018-01-03T14:30:00+05:30,10451.2,10453.1,10442.7,10442.7,
2018-01-03T14:31:00+05:30,10443,10449.8,10442.6,10448.6,
2018-01-03T14:32:00+05:30,10448.6,10449.8,10442.9,10447.9,
2018-01-03T14:33:00+05:30,10448.1,10449.2,10445.2,10445.4,
2018-01-03T14:34:00+05:30,10445.5,10447.2,10442.1,10442.4,
2018-01-03T14:35:00+05:30,10442.7,10444.4,10435.6,10435.7,
2018-01-03T14:36:00+05:30,10435.6,10438.6,10433.8,10435.4,
2018-01-03T14:37:00+05:30,10435.8,10438.7,10435,10437.5,
2018-01-03T14:38:00+05:30,10437.6,10442.4,10437.6,10438.2,
2018-01-03T14:39:00+05:30,10438.6,10445,10436.4,10442.2,
2018-01-03T14:40:00+05:30,10442.8,10445.5,10441.9,10444.1,
2018-01-03T14:41:00+05:30,10444.5,10446.2,10442.6,10442.7,
2018-01-03T14:42:00+05:30,10442.8,10445.1,10440.2,10441.1,
2018-01-03T14:43:00+05:30,10440.9,10444,10440.8,10440.8,
2018-01-03T14:44:00+05:30,10440.2,10441.9,10431,10431.5,
2018-01-03T14:45:00+05:30,10431.6,10434.6,10429.9,10434.1,
2018-01-03T14:46:00+05:30,10433.8,10437.9,10433.8,10437.1,
2018-01-03T14:47:00+05:30,10437.2,10438.9,10432.5,10433.2,
2018-01-03T14:48:00+05:30,10433.5,10436.7,10433.5,10436.2,
2018-01-03T14:49:00+05:30,10435.7,10438,10435.7,10437,
2018-01-03T14:50:00+05:30,10437.1,10440,10437.1,10437.8,
2018-01-03T14:51:00+05:30,10438.1,10439.4,10437.8,10438.7,
2018-01-03T14:52:00+05:30,10438.7,10440.5,10437,10438,
2018-01-03T14:53:00+05:30,10438.3,10440.2,10436.5,10438.3,
2018-01-03T14:54:00+05:30,10438.2,10440.5,10438.2,10439.4,
2018-01-03T14:55:00+05:30,10440.5,10446.6,10440.5,10445.5,
2018-01-03T14:56:00+05:30,10446,10447.5,10444.4,10445.2,
2018-01-03T14:57:00+05:30,10445,10446.1,10444.2,10445.2,
2018-01-03T14:58:00+05:30,10445.1,10446.9,10440.9,10441.2,
2018-01-03T14:59:00+05:30,10441.5,10443,10440.6,10443,
2018-01-03T15:00:00+05:30,10443.7,10444.8,10443.3,10444,
2018-01-03T15:01:00+05:30,10444.6,10450,10444.6,10447.7,
2018-01-03T15:02:00+05:30,10447.9,10448,10444.2,10445.7,
2018-01-03T15:03:00+05:30,10445.6,10446.5,10443,10443,
2018-01-03T15:04:00+05:30,10443.5,10446.6,10443.3,10445.1,
2018-01-03T15:05:00+05:30,10445.1,10448.6,10445.1,10448,
2018-01-03T15:06:00+05:30,10448.2,10449.6,10445.2,10445.8,
2018-01-03T15:07:00+05:30,10446.1,10446.7,10444.5,10445,
2018-01-03T15:08:00+05:30,10445.2,10446.2,10441.2,10441.2,
2018-01-03T15:09:00+05:30,10441.7,10441.8,10439.8,10440.5,
2018-01-03T15:10:00+05:30,10440.2,10440.8,10436.5,10436.5,
2018-01-03T15:11:00+05:30,10437.3,10437.6,10435.3,10435.6,
2018-01-03T15:12:00+05:30,10436.2,10437.9,10436,10437.9,
2018-01-03T15:13:00+05:30,10437.7,10441,10437.6,10440.9,
2018-01-03T15:14:00+05:30,10440.9,10441.8,10439.8,10440.4,
2018-01-03T15:15:00+05:30,10440.6,10443,10439.5,10440.8,
2018-01-03T15:16:00+05:30,10442,10443.2,10440.1,10441.9,
2018-01-03T15:17:00+05:30,10442.9,10443.7,10440.2,10443,
2018-01-03T15:18:00+05:30,10443.2,10445.4,10442.6,10445,
2018-01-03T15:19:00+05:30,10445.1,10446.3,10444.3,10444.5,
2018-01-03T15:20:00+05:30,10444.5,10445.8,10444,10444.1,
2018-01-03T15:21:00+05:30,10444,10445.4,10442.1,10444.7,
2018-01-03T15:22:00+05:30,10444.9,10446.2,10443.5,10445,
2018-01-03T15:23:00+05:30,10445,10446.9,10443.2,10444,
2018-01-03T15:24:00+05:30,10443.5,10445.7,10443,10445.5,
2018-01-03T15:25:00+05:30,10446.1,10446.5,10444.1,10444.1,
2018-01-03T15:26:00+05:30,10444.6,10445,10443.6,10444.3,
2018-01-03T15:27:00+05:30,10444.4,10445,10443,10444.7,
2018-01-03T15:28:00+05:30,10444.8,10445.8,10443.5,10444.2,
2018-01-03T15:29:00+05:30,10443.9,10446.8,10441.6,10446.8,
2018-01-04T09:15:00+05:30,10469.4,10469.8,10464,10464,
2018-01-04T09:16:00+05:30,10463.5,10463.8,10457.4,10460,
2018-01-04T09:17:00+05:30,10459.5,10465.3,10459.4,10464.5,
2018-01-04T09:18:00+05:30,10465,10465,10459.6,10459.6,
2018-01-04T09:19:00+05:30,10459.7,10459.8,10453,10453.1,
2018-01-04T09:20:00+05:30,10453.2,10453.2,10446.9,10449,
2018-01-04T09:21:00+05:30,10448.5,10453.1,10448.3,10449.8,
2018-01-04T09:22:00+05:30,10448.6,10449,10441.5,10443.9,
2018-01-04T09:23:00+05:30,10443.5,10444.9,10442.2,10444.9,
2018-01-04T09:24:00+05:30,10444.8,10445.2,10443,10444,
2018-01-04T09:25:00+05:30,10443.8,10451.6,10443.6,10451.1,
2018-01-04T09:26:00+05:30,10451.5,10452.1,10449.4,10449.8,
2018-01-04T09:27:00+05:30,10450.2,10453.4,10449.4,10453.3,
2018-01-04T09:28:00+05:30,10453.2,10455.1,10453,10454.4,
2018-01-04T09:29:00+05:30,10454.5,10457.6,10453.9,10457.6,
2018-01-04T09:30:00+05:30,10457.5,10457.6,10449.5,10449.5,
2018-01-04T09:31:00+05:30,10449.4,10451.9,10447.4,10451.9,
2018-01-04T09:32:00+05:30,10452.1,10453.9,10452,10452.5,
2018-01-04T09:33:00+05:30,10452.2,10454.1,10451.9,10454.1,
2018-01-04T09:34:00+05:30,10454.4,10457.2,10453.8,10457.1,
2018-01-04T09:35:00+05:30,10457.6,10458.1,10453.4,10453.5,
2018-01-04T09:36:00+05:30,10453.8,10456,10452.5,10455.7,
2018-01-04T09:37:00+05:30,10455.4,10457,10454.7,10456.9,
2018-01-04T09:38:00+05:30,10456.8,10459.4,10456.2,10458,
2018-01-04T09:39:00+05:30,10458.2,10459.5,10456.3,10457,
2018-01-04T09:40:00+05:30,10457.2,10462.2,10457.2,10461.5,
2018-01-04T09:41:00+05:30,10461.5,10463.4,10461.1,10463.4,
2018-01-04T09:42:00+05:30,10463.2,10463.2,10458,10459,
2018-01-04T09:43:00+05:30,10459.1,10462,10458.8,10462,
2018-01-04T09:44:00+05:30,10462,10463.4,10459,10460,
2018-01-04T09:45:00+05:30,10460.4,10462.5,10458.8,10459.1,
2018-01-04T09:46:00+05:30,10458.8,10459.4,10458.3,10458.4,
2018-01-04T09:47:00+05:30,10458.2,10460.2,10457.8,10459.7,
2018-01-04T09:48:00+05:30,10459.9,10460.2,10455.8,10456,
2018-01-04T09:49:00+05:30,10456.1,10460.7,10455.9,10460.4,
2018-01-04T09:50:00+05:30,10460.3,10461,10459.7,10461,
2018-01-04T09:51:00+05:30,10461.1,10462.7,10460.5,10462.5,
2018-01-04T09:52:00+05:30,10462.5,10464.4,10462.2,10463,
2018-01-04T09:53:00+05:30,10462.9,10464.8,10462.1,10462.1,
2018-01-04T09:54:00+05:30,10462,10462.1,10459.2,10459.5,
2018-01-04T09:55:00+05:30,10459.3,10461.6,10458.7,10461.4,
2018-01-04T09:56:00+05:30,10461.2,10461.6,10459,10459.5,
2018-01-04T09:57:00+05:30,10459.5,10461,10459.5,10460.5,
2018-01-04T09:58:00+05:30,10460.5,10461.7,10459.7,10459.7,
2018-01-04T09:59:00+05:30,10459.8,10459.9,10459,10459.4,
2018-01-04T10:00:00+05:30,10459.5,10461.6,10459.5,10461.1,
2018-01-04T10:01:00+05:30,10461.2,10461.7,10460.5,10461.3,
2018-01-04T10:02:00+05:30,10461,10463.6,10460.8,10463,
2018-01-04T10:03:00+05:30,10462.6,10462.6,10460.9,10462.4,
2018-01-04T10:04:00+05:30,10462.4,10464.5,10462.4,10463.4,
2018-01-04T10:05:00+05:30,10463.4,10464.6,10463,10464.6,
2018-01-04T10:06:00+05:30,10464.2,10464.4,10461,10461.2,
2018-01-04T10:07:00+05:30,10461.1,10461.1,10459.8,10460.6,
2018-01-04T10:08:00+05:30,10460.6,10460.9,10458.9,10458.9,
2018-01-04T10:09:00+05:30,10458.9,10458.9,10457.3,10458.1,
2018-01-04T10:10:00+05:30,10458.2,10458.4,10456.9,10457.4,
2018-01-04T10:11:00+05:30,10457.1,10457.5,10455,10455,
2018-01-04T10:12:00+05:30,10454.9,10456,10453.1,10453.7,
2018-01-04T10:13:00+05:30,10453.4,10453.8,10451.1,10451.5,
2018-01-04T10:14:00+05:30,10451.5,10451.5,10450.2,10450.4,
2018-01-04T10:15:00+05:30,10450.6,10451.2,10450,10451.2,
2018-01-04T10:16:00+05:30,10451.4,10453.4,10450.6,10453.1,
2018-01-04T10:17:00+05:30,10453.4,10454.6,10453.1,10454,
2018-01-04T10:18:00+05:30,10454.2,10460.5,10454.2,10460.4,
2018-01-04T10:19:00+05:30,10460.3,10460.3,10455.7,10456,
2018-01-04T10:20:00+05:30,10455.8,10456.8,10455.5,10456.1,
2018-01-04T10:21:00+05:30,10456.4,10456.8,10455.5,10456.5,
2018-01-04T10:22:00+05:30,10456.5,10457.4,10456,10456.8,
2018-01-04T10:23:00+05:30,10456.6,10457.9,10456,10457.9,
2018-01-04T10:24:00+05:30,10458,10458.1,10456.6,10456.8,
2018-01-04T10:25:00+05:30,10456.9,10457,10455.5,10456.3,
2018-01-04T10:26:00+05:30,10456.4,10458.3,10455.9,10457.5,
2018-01-04T10:27:00+05:30,10457.2,10458.1,10456.5,10458,
2018-01-04T10:28:00+05:30,10458.2,10458.2,10455.9,10455.9,
2018-01-04T10:29:00+05:30,10455.9,10456.3,10454.1,10454.1,
2018-01-04T10:30:00+05:30,10454.2,10454.5,10450.6,10451,
2018-01-04T10:31:00+05:30,10450.6,10450.6,10447.8,10448.4,
2018-01-04T10:32:00+05:30,10448,10450.8,10447.6,10450.8,
2018-01-04T10:33:00+05:30,10450.6,10452.5,10450.5,10452,
2018-01-04T10:34:00+05:30,10452.2,10453.5,10452,10453.3,
2018-01-04T10:35:00+05:30,10453.4,10454.2,10451.9,10451.9,
2018-01-04T10:36:00+05:30,10451.8,10452.5,10449.6,10449.6,
2018-01-04T10:37:00+05:30,10450.3,10451.4,10449.5,10449.6,
2018-01-04T10:38:00+05:30,10449.6,10454.1,10449.4,10453.9,
2018-01-04T10:39:00+05:30,10453.6,10453.8,10449.8,10450,
2018-01-04T10:40:00+05:30,10450.5,10452.4,10449.9,10451.2,
2018-01-04T10:41:00+05:30,10451.5,10453,10450.3,10453,
2018-01-04T10:42:00+05:30,10452.8,10453.6,10452.2,10453.1,
2018-01-04T10:43:00+05:30,10453.4,10455,10452.8,10454.1,
2018-01-04T10:44:00+05:30,10453.9,10455.1,10453.9,10454.3,
2018-01-04T10:45:00+05:30,10454.1,10458.5,10453.8,10457.6,
2018-01-04T10:46:00+05:30,10457.8,10458.8,10457.2,10458,
2018-01-04T10:47:00+05:30,10457.7,10459.2,10457,10457.2,
2018-01-04T10:48:00+05:30,10457.4,10458,10456,10457.4,
2018-01-04T10:49:00+05:30,10457.5,10458.7,10457.5,10458.5,
2018-01-04T10:50:00+05:30,10458.5,10458.5,10455.5,10456.2,
2018-01-04T10:51:00+05:30,10455.8,10457.5,10455.8,10457.5,
2018-01-04T10:52:00+05:30,10457.4,10457.6,10455,10455.4,
2018-01-04T10:53:00+05:30,10455.1,10455.7,10454.1,10455.3,
2018-01-04T10:54:00+05:30,10455.1,10456.9,10455,10456.6,
2018-01-04T10:55:00+05:30,10456.5,10458.9,10456.2,10458.6,
2018-01-04T10:56:00+05:30,10458.8,10461.5,10458.8,10459.9,
2018-01-04T10:57:00+05:30,10460,10461.5,10459.5,10461.5,
2018-01-04T10:58:00+05:30,10461.5,10462.2,10460.5,10461.5,
2018-01-04T10:59:00+05:30,10461.5,10461.9,10459.7,10460,
2018-01-04T11:00:00+05:30,10459.8,10460.2,10458,10458.9,
2018-01-04T11:01:00+05:30,10459,10459,10456.3,10456.3,
2018-01-04T11:02:00+05:30,10456.5,10457.8,10455.9,10457.8,
2018-01-04T11:03:00+05:30,10457.9,10462.2,10457.5,10461.1,
2018-01-04T11:04:00+05:30,10461,10461.4,10457.9,10459,
2018-01-04T11:05:00+05:30,10458.6,10460,10456.4,10456.6,
2018-01-04T11:06:00+05:30,10456.6,10457.4,10455.8,10456.6,
2018-01-04T11:07:00+05:30,10456.7,10457.3,10456,10456.5,
2018-01-04T11:08:00+05:30,10456.4,10457.3,10455.6,10456.2,
2018-01-04T11:09:00+05:30,10456,10456.9,10455.5,10455.5,
2018-01-04T11:10:00+05:30,10455.5,10456.2,10455.1,10456.1,
2018-01-04T11:11:00+05:30,10456.1,10456.9,10455.2,10456.2,
2018-01-04T11:12:00+05:30,10456.5,10457.5,10455.8,10456.6,
2018-01-04T11:13:00+05:30,10456.6,10457.4,10455.4,10455.9,
2018-01-04T11:14:00+05:30,10456,10457.7,10455.4,10457.1,
2018-01-04T11:15:00+05:30,10457.4,10459.2,10457.2,10459.2,
2018-01-04T11:16:00+05:30,10459,10460.5,10458.6,10460.3,
2018-01-04T11:17:00+05:30,10460.3,10460.9,10456.7,10457.8,
2018-01-04T11:18:00+05:30,10457.8,10458.1,10456.2,10456.3,
2018-01-04T11:19:00+05:30,10455.4,10458.8,10455.2,10458,
2018-01-04T11:20:00+05:30,10458.5,10459,10457.9,10457.9,
2018-01-04T11:21:00+05:30,10457.9,10460.1,10457.9,10459.1,
2018-01-04T11:22:00+05:30,10459.3,10459.8,10458.6,10459.8,
2018-01-04T11:23:00+05:30,10459.6,10460.4,10459.1,10460.4,
2018-01-04T11:24:00+05:30,10460.5,10462,10460.4,10461.3,
2018-01-04T11:25:00+05:30,10461.2,10464.4,10461.2,10463.2,
2018-01-04T11:26:00+05:30,10462.5,10465.4,10462.5,10464.5,
2018-01-04T11:27:00+05:30,10464.6,10468.5,10464.6,10468.5,
2018-01-04T11:28:00+05:30,10468.8,10469.2,10465,10465.6,
2018-01-04T11:29:00+05:30,10466.1,10466.1,10463.9,10464.7,
2018-01-04T11:30:00+05:30,10464.3,10464.8,10462,10462,
2018-01-04T11:31:00+05:30,10462.1,10464.8,10462.1,10464.6,
2018-01-04T11:32:00+05:30,10464.8,10465.5,10464.1,10465,
2018-01-04T11:33:00+05:30,10465.1,10465.7,10464.5,10465.5,
2018-01-04T11:34:00+05:30,10465.7,10466.5,10465.7,10466.1,
2018-01-04T11:35:00+05:30,10466,10467.1,10465.5,10465.7,
2018-01-04T11:36:00+05:30,10465.9,10466.8,10465,10465.8,
2018-01-04T11:37:00+05:30,10466,10466.5,10465.6,10465.8,
2018-01-04T11:38:00+05:30,10466.1,10468.7,10465.7,10466.9,
2018-01-04T11:39:00+05:30,10467.1,10468.2,10466.9,10467.3,
2018-01-04T11:40:00+05:30,10467.3,10467.8,10465.9,10466.8,
2018-01-04T11:41:00+05:30,10466.5,10467.2,10465.6,10466.3,
2018-01-04T11:42:00+05:30,10466.5,10467.5,10466,10466.6,
2018-01-04T11:43:00+05:30,10466.9,10468.3,10466.5,10466.8,
2018-01-04T11:44:00+05:30,10466.5,10467.1,10466.1,10466.2,
2018-01-04T11:45:00+05:30,10466.5,10468.6,10466.5,10468.6,
2018-01-04T11:46:00+05:30,10468.6,10468.7,10467,10467,
2018-01-04T11:47:00+05:30,10467.2,10468.1,10466.2,10466.6,
2018-01-04T11:48:00+05:30,10466.8,10466.8,10461.5,10462.9,
2018-01-04T11:49:00+05:30,10463,10463.2,10461,10461.6,
2018-01-04T11:50:00+05:30,10461.7,10461.8,10460.2,10461.8,
2018-01-04T11:51:00+05:30,10462,10462.5,10461.5,10462.1,
2018-01-04T11:52:00+05:30,10462.2,10462.9,10461.8,10462.2,
2018-01-04T11:53:00+05:30,10462.3,10462.8,10461.9,10462.6,
2018-01-04T11:54:00+05:30,10462.7,10463.9,10462.7,10463.6,
2018-01-04T11:55:00+05:30,10463,10463.6,10462.6,10462.9,
2018-01-04T11:56:00+05:30,10463,10464.2,10462.2,10463.2,
2018-01-04T11:57:00+05:30,10463.4,10464.1,10463.1,10463.5,
2018-01-04T11:58:00+05:30,10463.4,10463.8,10462.7,10463,
2018-01-04T11:59:00+05:30,10462.9,10463.3,10462.5,10462.8,
2018-01-04T12:00:00+05:30,10462.9,10463.5,10462.5,10463.5,
2018-01-04T12:01:00+05:30,10463.6,10464.3,10463.1,10464.2,
2018-01-04T12:02:00+05:30,10464.4,10465.1,10463.5,10464.8,
2018-01-04T12:03:00+05:30,10465,10466.4,10464.2,10466.4,
2018-01-04T12:04:00+05:30,10466.4,10469.3,10466.2,10469.1,
2018-01-04T12:05:00+05:30,10469.5,10469.6,10467.5,10467.9,
2018-01-04T12:06:00+05:30,10467.8,10468.1,10466.1,10466.6,
2018-01-04T12:07:00+05:30,10466.8,10466.8,10465.4,10465.5,
2018-01-04T12:08:00+05:30,10465.4,10466.4,10464.8,10466.4,
2018-01-04T12:09:00+05:30,10466.1,10467.6,10466.1,10467.5,
2018-01-04T12:10:00+05:30,10467.5,10468.5,10467.3,10467.9,
2018-01-04T12:11:00+05:30,10467.7,10469.3,10467.3,10468.5,
2018-01-04T12:12:00+05:30,10469,10469.9,10468.5,10468.9,
2018-01-04T12:13:00+05:30,10469.1,10469.4,10467,10468.5,
2018-01-04T12:14:00+05:30,10468.3,10475.6,10468.2,10473.7,
2018-01-04T12:15:00+05:30,10473.5,10474.9,10472.7,10473,
2018-01-04T12:16:00+05:30,10472.9,10473.3,10472,10473,
2018-01-04T12:17:00+05:30,10473.2,10475.5,10473,10475.5,
2018-01-04T12:18:00+05:30,10475.2,10475.8,10474,10474,
2018-01-04T12:19:00+05:30,10474.1,10475,10472.8,10474.8,
2018-01-04T12:20:00+05:30,10474.4,10475.5,10473.8,10474,
2018-01-04T12:21:00+05:30,10474.4,10474.6,10473.4,10473.6,
2018-01-04T12:22:00+05:30,10473.6,10474.7,10472.5,10474.6,
2018-01-04T12:23:00+05:30,10474.8,10474.8,10472.9,10473.8,
2018-01-04T12:24:00+05:30,10474.1,10474.2,10473,10473.8,
2018-01-04T12:25:00+05:30,10473.8,10474,10472.6,10472.9,
2018-01-04T12:26:00+05:30,10472.9,10472.9,10469.9,10470,
2018-01-04T12:27:00+05:30,10470,10471.5,10468.9,10471.5,
2018-01-04T12:28:00+05:30,10471.1,10471.5,10469.8,10470.4,
2018-01-04T12:29:00+05:30,10470.3,10470.3,10469.2,10470,
2018-01-04T12:30:00+05:30,10470.2,10471,10470.1,10470.7,
2018-01-04T12:31:00+05:30,10470.6,10471.5,10470.5,10471,
2018-01-04T12:32:00+05:30,10471.5,10472.9,10471.4,10472,
2018-01-04T12:33:00+05:30,10472.1,10473.9,10472,10473.5,
2018-01-04T12:34:00+05:30,10473.6,10473.9,10471.8,10472,
2018-01-04T12:35:00+05:30,10472,10473.9,10471.9,10473.9,
2018-01-04T12:36:00+05:30,10474.2,10475.8,10473.9,10474.7,
2018-01-04T12:37:00+05:30,10474.6,10475.5,10474.1,10474.8,
2018-01-04T12:38:00+05:30,10475.1,10476.7,10474.9,10476,
2018-01-04T12:39:00+05:30,10475.7,10476.7,10475.1,10476.5,
2018-01-04T12:40:00+05:30,10476.5,10478.6,10476,10477.6,
2018-01-04T12:41:00+05:30,10477.7,10478.1,10476.5,10477.5,
2018-01-04T12:42:00+05:30,10477.6,10477.9,10475.8,10475.9,
2018-01-04T12:43:00+05:30,10475.6,10476.4,10474.2,10474.2,
2018-01-04T12:44:00+05:30,10474.2,10475.1,10474,10475.1,
2018-01-04T12:45:00+05:30,10475.1,10475.5,10474,10474,
2018-01-04T12:46:00+05:30,10474,10475,10473.2,10474.8,
2018-01-04T12:47:00+05:30,10474.7,10474.8,10473.5,10473.7,
2018-01-04T12:48:00+05:30,10473.8,10474,10472.8,10473.6,
2018-01-04T12:49:00+05:30,10473.7,10475.6,10473,10475.3,
2018-01-04T12:50:00+05:30,10475,10475.5,10473.8,10474.6,
2018-01-04T12:51:00+05:30,10474.9,10474.9,10473.4,10473.6,
2018-01-04T12:52:00+05:30,10473.5,10475.5,10473.5,10474.1,
2018-01-04T12:53:00+05:30,10474.2,10474.5,10472.7,10472.7,
2018-01-04T12:54:00+05:30,10472.6,10473,10471.8,10472.4,
2018-01-04T12:55:00+05:30,10472.6,10474.4,10472.1,10472.4,
2018-01-04T12:56:00+05:30,10472,10472.8,10471.7,10472.4,
2018-01-04T12:57:00+05:30,10472.2,10472.5,10471.2,10471.9,
2018-01-04T12:58:00+05:30,10471.9,10472.4,10464.5,10465.4,
2018-01-04T12:59:00+05:30,10465.2,10467.3,10464.8,10465.3,
2018-01-04T13:00:00+05:30,10465.2,10469.4,10465.2,10468.6,
2018-01-04T13:01:00+05:30,10468.6,10469.1,10466,10466.5,
2018-01-04T13:02:00+05:30,10466.6,10468.5,10466.6,10468.5,
2018-01-04T13:03:00+05:30,10468.4,10470.3,10467.9,10470.2,
2018-01-04T13:04:00+05:30,10470.5,10473.1,10470.2,10471.1,
2018-01-04T13:05:00+05:30,10470.9,10471.6,10469.9,10471.5,
2018-01-04T13:06:00+05:30,10471.7,10472.5,10470,10470.9,
2018-01-04T13:07:00+05:30,10471,10472.5,10470.6,10472.4,
2018-01-04T13:08:00+05:30,10472.3,10472.6,10471.3,10472.2,
2018-01-04T13:09:00+05:30,10472.1,10474,10472,10473.5,
2018-01-04T13:10:00+05:30,10473.5,10473.7,10472.1,10472.6,
2018-01-04T13:11:00+05:30,10472.4,10472.6,10471.8,10472.2,
2018-01-04T13:12:00+05:30,10472.5,10473.8,10472.4,10473.2,
2018-01-04T13:13:00+05:30,10473.2,10474,10472.9,10473,
2018-01-04T13:14:00+05:30,10473,10474.8,10472.7,10474.4,
2018-01-04T13:15:00+05:30,10474.3,10474.9,10473,10473.2,
2018-01-04T13:16:00+05:30,10472.9,10473.5,10472.3,10473.3,
2018-01-04T13:17:00+05:30,10473.4,10474.9,10473.1,10474.9,
2018-01-04T13:18:00+05:30,10474.9,10475.4,10474,10474.7,
2018-01-04T13:19:00+05:30,10474.8,10475.6,10474.3,10475,
2018-01-04T13:20:00+05:30,10475,10475.7,10474.7,10475.7,
2018-01-04T13:21:00+05:30,10475.5,10475.7,10474.9,10475.5,
2018-01-04T13:22:00+05:30,10475.6,10476.5,10475.4,10475.4,
2018-01-04T13:23:00+05:30,10475.6,10475.6,10474.9,10475,
2018-01-04T13:24:00+05:30,10474.9,10476.1,10474.4,10474.8,
2018-01-04T13:25:00+05:30,10474.9,10476.5,10474.7,10476.1,
2018-01-04T13:26:00+05:30,10476,10477,10475.8,10476.5,
2018-01-04T13:27:00+05:30,10476,10476.3,10475,10475,
2018-01-04T13:28:00+05:30,10475.1,10475.2,10473.9,10473.9,
2018-01-04T13:29:00+05:30,10473.5,10473.5,10472.4,10472.7,
2018-01-04T13:30:00+05:30,10472.9,10474.2,10472.6,10474.2,
2018-01-04T13:31:00+05:30,10474.2,10475.5,10474,10475.1,
2018-01-04T13:32:00+05:30,10475.4,10476.1,10474.4,10474.4,
2018-01-04T13:33:00+05:30,10474.8,10475,10472.9,10473,
2018-01-04T13:34:00+05:30,10473,10473.3,10472.1,10473,
2018-01-04T13:35:00+05:30,10473,10473.1,10471.4,10472.2,
2018-01-04T13:36:00+05:30,10471.8,10474.9,10471.8,10474.4,
2018-01-04T13:37:00+05:30,10474,10478,10474,10475.8,
2018-01-04T13:38:00+05:30,10475.5,10477.4,10475.5,10476.8,
2018-01-04T13:39:00+05:30,10477,10480.5,10477,10478.7,
2018-01-04T13:40:00+05:30,10478.9,10481,10478.6,10480.8,
2018-01-04T13:41:00+05:30,10480.6,10489.9,10480.6,10489.9,
2018-01-04T13:42:00+05:30,10489.9,10490.9,10487.5,10487.5,
2018-01-04T13:43:00+05:30,10487.2,10488.5,10484.8,10485,
2018-01-04T13:44:00+05:30,10485.1,10486.9,10484.4,10484.9,
2018-01-04T13:45:00+05:30,10484.9,10486.5,10484.9,10485.2,
2018-01-04T13:46:00+05:30,10485.3,10486.9,10485.2,10485.2,
2018-01-04T13:47:00+05:30,10485.4,10487,10485,10486.7,
2018-01-04T13:48:00+05:30,10486.6,10487.9,10486.1,10487.5,
2018-01-04T13:49:00+05:30,10487.7,10490.2,10487.7,10488.8,
2018-01-04T13:50:00+05:30,10488.9,10491.5,10488.9,10491.2,
2018-01-04T13:51:00+05:30,10491.2,10496.4,10491.2,10494,
2018-01-04T13:52:00+05:30,10493.9,10495.2,10490,10490,
2018-01-04T13:53:00+05:30,10490.5,10492,10488,10490.1,
2018-01-04T13:54:00+05:30,10490.2,10491.6,10489.4,10491.6,
2018-01-04T13:55:00+05:30,10491.6,10493.9,10491.6,10492.5,
2018-01-04T13:56:00+05:30,10492.4,10493.2,10490.8,10491.4,
2018-01-04T13:57:00+05:30,10491.6,10492.5,10490.2,10490.2,
2018-01-04T13:58:00+05:30,10490.3,10492,10489.1,10489.9,
2018-01-04T13:59:00+05:30,10489.8,10491.8,10489.8,10490.9,
2018-01-04T14:00:00+05:30,10490.8,10492.7,10490.8,10492.6,
2018-01-04T14:01:00+05:30,10492.4,10495.5,10492.4,10495.5,
2018-01-04T14:02:00+05:30,10495.8,10496.9,10495,10495.2,
2018-01-04T14:03:00+05:30,10495.5,10495.9,10494.8,10494.8,
2018-01-04T14:04:00+05:30,10494.5,10495.5,10493,10493.2,
2018-01-04T14:05:00+05:30,10493.2,10494,10492.6,10493,
2018-01-04T14:06:00+05:30,10493,10493.6,10490.2,10490.2,
2018-01-04T14:07:00+05:30,10490.1,10490.8,10475.9,10475.9,
2018-01-04T14:08:00+05:30,10475.9,10481.7,10475.9,10480,
2018-01-04T14:09:00+05:30,10480.2,10481.6,10480,10481.5,
2018-01-04T14:10:00+05:30,10481.5,10485.5,10481.5,10484.4,
2018-01-04T14:11:00+05:30,10484.2,10485.4,10483.7,10484.9,
2018-01-04T14:12:00+05:30,10485.1,10490.5,10485.1,10490.2,
2018-01-04T14:13:00+05:30,10490.3,10491.5,10486,10486.9,
2018-01-04T14:14:00+05:30,10487,10487.5,10484.6,10485,
2018-01-04T14:15:00+05:30,10485.4,10486.1,10484.1,10485,
2018-01-04T14:16:00+05:30,10484.5,10486.3,10483.3,10485.9,
2018-01-04T14:17:00+05:30,10486.1,10488,10485.4,10485.9,
2018-01-04T14:18:00+05:30,10486,10487.9,10485.8,10487.6,
2018-01-04T14:19:00+05:30,10487.8,10488.8,10485.9,10486,
2018-01-04T14:20:00+05:30,10486.4,10488.7,10486.4,10487.6,
2018-01-04T14:21:00+05:30,10487.5,10488.4,10485.9,10485.9,
2018-01-04T14:22:00+05:30,10485.7,10487.2,10482.2,10482.6,
2018-01-04T14:23:00+05:30,10482.6,10484.2,10481.6,10482.4,
2018-01-04T14:24:00+05:30,10482.1,10484.5,10482.1,10483.2,
2018-01-04T14:25:00+05:30,10482.9,10483.8,10482.2,10482.6,
2018-01-04T14:26:00+05:30,10483.1,10484.9,10483,10484.6,
2018-01-04T14:27:00+05:30,10484.6,10485.1,10483,10483.1,
2018-01-04T14:28:00+05:30,10483,10484.7,10481.2,10481.5,
2018-01-04T14:29:00+05:30,10481.5,10483.2,10480.3,10481.7,
2018-01-04T14:30:00+05:30,10481.5,10485.3,10481.5,10485.1,
2018-01-04T14:31:00+05:30,10485.2,10487.8,10485.1,10487,
2018-01-04T14:32:00+05:30,10486.6,10487.9,10484.5,10486.5,
2018-01-04T14:33:00+05:30,10486.2,10488.2,10486.2,10486.8,
2018-01-04T14:34:00+05:30,10486.8,10489.7,10486.8,10488.7,
2018-01-04T14:35:00+05:30,10488.4,10490,10488.4,10488.8,
2018-01-04T14:36:00+05:30,10488.5,10490.1,10487.6,10487.6,
2018-01-04T14:37:00+05:30,10487.4,10491.3,10487.4,10490.2,
2018-01-04T14:38:00+05:30,10490.2,10492.8,10490.2,10491.4,
2018-01-04T14:39:00+05:30,10491.6,10492,10489.3,10490.5,
2018-01-04T14:40:00+05:30,10490.4,10492.1,10487.5,10488.1,
2018-01-04T14:41:00+05:30,10487.7,10490.1,10485.7,10487.1,
2018-01-04T14:42:00+05:30,10487,10488.5,10481,10481.2,
2018-01-04T14:43:00+05:30,10480.9,10484.7,10480.7,10482.5,
2018-01-04T14:44:00+05:30,10482.6,10484.6,10481.4,10483.6,
2018-01-04T14:45:00+05:30,10483.4,10486.9,10483.4,10486.9,
2018-01-04T14:46:00+05:30,10486.4,10487.1,10484.9,10485.4,
2018-01-04T14:47:00+05:30,10485.6,10489.8,10485.4,10489,
2018-01-04T14:48:00+05:30,10489,10490.2,10487.6,10488,
2018-01-04T14:49:00+05:30,10488.1,10492.1,10488,10491.9,
2018-01-04T14:50:00+05:30,10492,10492.5,10490.7,10492,
2018-01-04T14:51:00+05:30,10492.4,10492.6,10490.4,10491.1,
2018-01-04T14:52:00+05:30,10491.1,10491.5,10489.9,10491.3,
2018-01-04T14:53:00+05:30,10491.1,10493.1,10491.1,10492.5,
2018-01-04T14:54:00+05:30,10492.5,10492.5,10491.1,10492.2,
2018-01-04T14:55:00+05:30,10492,10492.5,10491.4,10492.2,
2018-01-04T14:56:00+05:30,10491.9,10493.6,10491.9,10492.6,
2018-01-04T14:57:00+05:30,10492.5,10492.7,10491.8,10491.9,
2018-01-04T14:58:00+05:30,10491.7,10492.5,10491.4,10491.5,
2018-01-04T14:59:00+05:30,10491.6,10491.6,10484.4,10484.4,
2018-01-04T15:00:00+05:30,10483.5,10490.6,10483.5,10490.6,
2018-01-04T15:01:00+05:30,10490.8,10495.2,10490.8,10495.2,
2018-01-04T15:02:00+05:30,10495.1,10503.2,10494.9,10503.2,
2018-01-04T15:03:00+05:30,10503,10505.8,10502.6,10503.1,
2018-01-04T15:04:00+05:30,10503.1,10503.8,10502.1,10503.8,
2018-01-04T15:05:00+05:30,10503.5,10503.8,10501.6,10501.9,
2018-01-04T15:06:00+05:30,10502,10502,10500.8,10501.2,
2018-01-04T15:07:00+05:30,10500.9,10503.7,10500.9,10501.8,
2018-01-04T15:08:00+05:30,10502.5,10503,10496.9,10497.1,
2018-01-04T15:09:00+05:30,10497.4,10500.8,10497,10500.1,
2018-01-04T15:10:00+05:30,10500.5,10503.5,10499.6,10499.6,
2018-01-04T15:11:00+05:30,10499.3,10500.7,10498.2,10499.9,
2018-01-04T15:12:00+05:30,10499.8,10501.6,10498.6,10498.9,
2018-01-04T15:13:00+05:30,10499.4,10503.6,10499,10502.6,
2018-01-04T15:14:00+05:30,10502.6,10504.4,10502.6,10503.5,
2018-01-04T15:15:00+05:30,10504,10507,10502.9,10506.2,
2018-01-04T15:16:00+05:30,10506.8,10511,10506.4,10510.5,
2018-01-04T15:17:00+05:30,10510.6,10512.4,10506.5,10506.6,
2018-01-04T15:18:00+05:30,10507,10508.8,10506,10506.6,
2018-01-04T15:19:00+05:30,10506.9,10508,10504.8,10505.3,
2018-01-04T15:20:00+05:30,10505.4,10506,10504.1,10504.2,
2018-01-04T15:21:00+05:30,10503.7,10506.1,10503.7,10505.4,
2018-01-04T15:22:00+05:30,10505.4,10508.4,10504.8,10507.4,
2018-01-04T15:23:00+05:30,10506.9,10508.9,10506.6,10507.1,
2018-01-04T15:24:00+05:30,10507.6,10508.4,10506.4,10507.7,
2018-01-04T15:25:00+05:30,10508.2,10510,10507.4,10510,
2018-01-04T15:26:00+05:30,10509.7,10510.6,10508.5,10508.5,
2018-01-04T15:27:00+05:30,10508.6,10509.1,10507.4,10508.8,
2018-01-04T15:28:00+05:30,10508.1,10508.5,10505.3,10505.9,
2018-01-04T15:29:00+05:30,10504.9,10508.9,10504.9,10505.4,
2018-01-05T09:15:00+05:30,10534.2,10534.2,10522.6,10529.5,
2018-01-05T09:16:00+05:30,10529.7,10531.1,10528,10528.3,
2018-01-05T09:17:00+05:30,10528,10530,10526.4,10529.5,
2018-01-05T09:18:00+05:30,10529,10529.8,10525.6,10528.3,
2018-01-05T09:19:00+05:30,10528.7,10536.5,10528.5,10536.5,
2018-01-05T09:20:00+05:30,10536.7,10539.1,10534.1,10535,
2018-01-05T09:21:00+05:30,10535.2,10538.5,10535,10537.7,
2018-01-05T09:22:00+05:30,10538,10540,10535.4,10538.2,
2018-01-05T09:23:00+05:30,10537.9,10538.8,10536,10537.3,
2018-01-05T09:24:00+05:30,10537.3,10539.3,10535.6,10537,
2018-01-05T09:25:00+05:30,10536.9,10538.7,10536.4,10536.7,
2018-01-05T09:26:00+05:30,10536,10537.1,10533.5,10537.1,
2018-01-05T09:27:00+05:30,10537,10537,10534.4,10535.1,
2018-01-05T09:28:00+05:30,10535.1,10537.1,10534.8,10537.1,
2018-01-05T09:29:00+05:30,10536.7,10541,10536.7,10540.9,
2018-01-05T09:30:00+05:30,10540.5,10545.7,10539.8,10545.5,
2018-01-05T09:31:00+05:30,10545.3,10549.1,10544,10548,
2018-01-05T09:32:00+05:30,10548.1,10548.5,10545.2,10547.5,
2018-01-05T09:33:00+05:30,10547.9,10550.1,10545.9,10547,
2018-01-05T09:34:00+05:30,10546.9,10547.3,10544.7,10546.8,
2018-01-05T09:35:00+05:30,10546.8,10549.5,10546.2,10548.2,
2018-01-05T09:36:00+05:30,10547.9,10548.9,10545.6,10547.8,
2018-01-05T09:37:00+05:30,10547.9,10552,10546.9,10552,
2018-01-05T09:38:00+05:30,10552,10554.2,10550.6,10550.6,
2018-01-05T09:39:00+05:30,10550.5,10551.1,10547.4,10550.4,
2018-01-05T09:40:00+05:30,10550,10550.9,10546.8,10548.2,
2018-01-05T09:41:00+05:30,10547.7,10548.7,10544.5,10544.6,
2018-01-05T09:42:00+05:30,10544.9,10545.4,10543.1,10543.6,
2018-01-05T09:43:00+05:30,10544.7,10544.7,10540.2,10542,
2018-01-05T09:44:00+05:30,10541.8,10545.4,10541.8,10545.4,
2018-01-05T09:45:00+05:30,10544.8,10548.3,10544.4,10548.3,
2018-01-05T09:46:00+05:30,10548.5,10549.1,10546.8,10546.9,
2018-01-05T09:47:00+05:30,10546.9,10550.9,10546.8,10550.9,
2018-01-05T09:48:00+05:30,10550.6,10552,10550.3,10551.5,
2018-01-05T09:49:00+05:30,10551.6,10552.8,10550.1,10551.3,
2018-01-05T09:50:00+05:30,10551.4,10554.9,10551,10554.4,
2018-01-05T09:51:00+05:30,10554.4,10554.4,10552.6,10553.5,
2018-01-05T09:52:00+05:30,10553.5,10554.6,10552.2,10554.5,
2018-01-05T09:53:00+05:30,10554.5,10555,10551.8,10554,
2018-01-05T09:54:00+05:30,10553.9,10554.2,10551.6,10552.2,
2018-01-05T09:55:00+05:30,10552,10552.5,10551,10551.5,
2018-01-05T09:56:00+05:30,10551.3,10552,10550.5,10551.2,
2018-01-05T09:57:00+05:30,10551.5,10552.1,10551,10551.8,
2018-01-05T09:58:00+05:30,10551.6,10553.6,10551.1,10552.4,
2018-01-05T09:59:00+05:30,10552.6,10553.5,10551.3,10552.4,
2018-01-05T10:00:00+05:30,10552.5,10555,10552.5,10553.1,
2018-01-05T10:01:00+05:30,10553.5,10553.5,10552,10552.2,
2018-01-05T10:02:00+05:30,10552.1,10553.1,10550.8,10553.1,
2018-01-05T10:03:00+05:30,10553.2,10555,10552.5,10555,
2018-01-05T10:04:00+05:30,10554.9,10555,10553.5,10554.7,
2018-01-05T10:05:00+05:30,10554.4,10554.9,10553.5,10554.5,
2018-01-05T10:06:00+05:30,10554.5,10554.8,10553.1,10554.8,
2018-01-05T10:07:00+05:30,10554.8,10555.4,10553.1,10555.4,
2018-01-05T10:08:00+05:30,10555.5,10557.9,10555.2,10557.5,
2018-01-05T10:09:00+05:30,10557.7,10560.8,10557,10560.8,
2018-01-05T10:10:00+05:30,10560.5,10562.7,10559.9,10560,
2018-01-05T10:11:00+05:30,10559.4,10559.4,10556.9,10557.3,
2018-01-05T10:12:00+05:30,10557.9,10557.9,10553.6,10556.4,
2018-01-05T10:13:00+05:30,10556,10556.4,10554.1,10554.3,
2018-01-05T10:14:00+05:30,10554.1,10555,10553.5,10554.2,
2018-01-05T10:15:00+05:30,10554.1,10554.1,10552,10552.6,
2018-01-05T10:16:00+05:30,10552.3,10553.6,10551.8,10553.4,
2018-01-05T10:17:00+05:30,10553.2,10555.6,10553.2,10555.1,
2018-01-05T10:18:00+05:30,10555.3,10555.9,10554.1,10554.6,
2018-01-05T10:19:00+05:30,10555,10555.3,10554,10554.4,
2018-01-05T10:20:00+05:30,10554,10554,10551.6,10552.2,
2018-01-05T10:21:00+05:30,10551.9,10552.2,10550.1,10550.4,
2018-01-05T10:22:00+05:30,10550.1,10550.7,10549.6,10550.7,
2018-01-05T10:23:00+05:30,10550.5,10551.1,10548.8,10549,
2018-01-05T10:24:00+05:30,10547.7,10548.1,10546.3,10547.5,
2018-01-05T10:25:00+05:30,10547.5,10547.6,10545.9,10546.5,
2018-01-05T10:26:00+05:30,10546.6,10546.8,10544.9,10546.5,
2018-01-05T10:27:00+05:30,10546.2,10547.6,10545.7,10547.5,
2018-01-05T10:28:00+05:30,10547.4,10549.5,10546.9,10549.4,
2018-01-05T10:29:00+05:30,10549.4,10550.6,10549,10549.5,
2018-01-05T10:30:00+05:30,10549.2,10550,10548.6,10549.9,
2018-01-05T10:31:00+05:30,10549.6,10550.5,10549,10549.8,
2018-01-05T10:32:00+05:30,10549.8,10551,10549.3,10550.5,
2018-01-05T10:33:00+05:30,10550.2,10552.2,10550.2,10551.6,
2018-01-05T10:34:00+05:30,10551.6,10552.3,10549.4,10552.1,
2018-01-05T10:35:00+05:30,10552,10552.8,10551,10551.8,
2018-01-05T10:36:00+05:30,10551.5,10552.5,10550,10551.1,
2018-01-05T10:37:00+05:30,10551,10551.9,10550.2,10551.9,
2018-01-05T10:38:00+05:30,10551.5,10551.8,10549.5,10550,
2018-01-05T10:39:00+05:30,10549.7,10549.7,10547.5,10548.8,
2018-01-05T10:40:00+05:30,10548.8,10550,10547.8,10548.9,
2018-01-05T10:41:00+05:30,10548.8,10549,10547.5,10548.7,
2018-01-05T10:42:00+05:30,10548.3,10550.4,10547.6,10550.2,
2018-01-05T10:43:00+05:30,10550.3,10551.1,10549.7,10550.5,
2018-01-05T10:44:00+05:30,10550.5,10551.8,10549.3,10550,
2018-01-05T10:45:00+05:30,10550.1,10550.1,10548,10549.5,
2018-01-05T10:46:00+05:30,10549.4,10549.4,10547.2,10547.5,
2018-01-05T10:47:00+05:30,10547.6,10548.2,10547.2,10547.8,
2018-01-05T10:48:00+05:30,10547.6,10548.1,10546.9,10548.1,
2018-01-05T10:49:00+05:30,10548,10548.2,10547,10548.2,
2018-01-05T10:50:00+05:30,10548,10550.8,10547.5,10550.4,
2018-01-05T10:51:00+05:30,10550.4,10550.9,10548,10549,
2018-01-05T10:52:00+05:30,10549.1,10550.1,10547.6,10548.6,
2018-01-05T10:53:00+05:30,10548.1,10548.5,10547,10547.9,
2018-01-05T10:54:00+05:30,10547.9,10549.2,10547.5,10548.5,
2018-01-05T10:55:00+05:30,10548.4,10549.5,10547.4,10548.4,
2018-01-05T10:56:00+05:30,10548,10548,10546.9,10547.9,
2018-01-05T10:57:00+05:30,10547,10549,10546.7,10548.9,
2018-01-05T10:58:00+05:30,10549,10549,10547.2,10547.7,
2018-01-05T10:59:00+05:30,10547.6,10548,10546.5,10547.9,
2018-01-05T11:00:00+05:30,10547.4,10548.5,10547,10548.2,
2018-01-05T11:01:00+05:30,10548.2,10549,10547.2,10549,
2018-01-05T11:02:00+05:30,10548.9,10549.4,10547.8,10549.4,
2018-01-05T11:03:00+05:30,10549.1,10549.5,10547.5,10547.8,
2018-01-05T11:04:00+05:30,10547.7,10548.5,10546.9,10548.4,
2018-01-05T11:05:00+05:30,10548,10549,10547,10549,
2018-01-05T11:06:00+05:30,10549.1,10549.2,10546.5,10547,
2018-01-05T11:07:00+05:30,10546.9,10547.5,10546.1,10547.5,
2018-01-05T11:08:00+05:30,10547.3,10548.4,10547.2,10548.4,
2018-01-05T11:09:00+05:30,10548.1,10549.1,10547.7,10548.4,
2018-01-05T11:10:00+05:30,10548.5,10548.5,10546.6,10547.9,
2018-01-05T11:11:00+05:30,10547.9,10548.9,10547.4,10548.5,
2018-01-05T11:12:00+05:30,10548.6,10548.6,10546.9,10547.5,
2018-01-05T11:13:00+05:30,10547.5,10547.8,10546.4,10547,
2018-01-05T11:14:00+05:30,10546.8,10546.9,10545.5,10546.8,
2018-01-05T11:15:00+05:30,10546.3,10547,10545.6,10546.1,
2018-01-05T11:16:00+05:30,10546.2,10547,10545.7,10546.8,
2018-01-05T11:17:00+05:30,10546.6,10546.9,10545.8,10546.9,
2018-01-05T11:18:00+05:30,10546.9,10547,10544.2,10545.4,
2018-01-05T11:19:00+05:30,10545,10546.6,10544.8,10545.7,
2018-01-05T11:20:00+05:30,10545.6,10546,10544.1,10545.7,
2018-01-05T11:21:00+05:30,10545.5,10545.5,10544.2,10545,
2018-01-05T11:22:00+05:30,10544.8,10545.8,10544.2,10545.6,
2018-01-05T11:23:00+05:30,10545.2,10545.2,10543.3,10543.5,
2018-01-05T11:24:00+05:30,10543.5,10543.7,10542.1,10542.6,
2018-01-05T11:25:00+05:30,10542.6,10543.1,10541.9,10542.5,
2018-01-05T11:26:00+05:30,10542.3,10543.1,10541.2,10543.1,
2018-01-05T11:27:00+05:30,10543,10544.1,10542.4,10544,
2018-01-05T11:28:00+05:30,10544.4,10544.8,10542.4,10542.4,
2018-01-05T11:29:00+05:30,10542.5,10542.9,10541.4,10541.9,
2018-01-05T11:30:00+05:30,10541.6,10541.9,10537.5,10539.7,
2018-01-05T11:31:00+05:30,10539,10540,10538.5,10539.4,
2018-01-05T11:32:00+05:30,10539.2,10539.2,10536.6,10538,
2018-01-05T11:33:00+05:30,10538,10538.4,10536.5,10537,
2018-01-05T11:34:00+05:30,10536.8,10537.4,10535.6,10536.3,
2018-01-05T11:35:00+05:30,10536.2,10536.2,10532.9,10533.4,
2018-01-05T11:36:00+05:30,10533.8,10534.6,10533.2,10534,
2018-01-05T11:37:00+05:30,10534,10534,10531.3,10531.4,
2018-01-05T11:38:00+05:30,10530.8,10531.3,10527.1,10527.8,
2018-01-05T11:39:00+05:30,10527.5,10528.8,10526.6,10528.8,
2018-01-05T11:40:00+05:30,10528.5,10528.9,10527.2,10527.4,
2018-01-05T11:41:00+05:30,10527.3,10532,10527.3,10532,
2018-01-05T11:42:00+05:30,10531.8,10532.8,10531.6,10532.8,
2018-01-05T11:43:00+05:30,10532.8,10533.9,10532.1,10533.1,
2018-01-05T11:44:00+05:30,10533.2,10533.5,10532.5,10533.2,
2018-01-05T11:45:00+05:30,10533.5,10533.5,10531.6,10532.1,
2018-01-05T11:46:00+05:30,10532,10532.2,10530.8,10531.8,
2018-01-05T11:47:00+05:30,10531.6,10532.6,10531.3,10531.5,
2018-01-05T11:48:00+05:30,10531.7,10532.8,10531,10532.8,
2018-01-05T11:49:00+05:30,10532.9,10535,10532.2,10535,
2018-01-05T11:50:00+05:30,10534.9,10536.5,10534.4,10535.9,
2018-01-05T11:51:00+05:30,10535.7,10536.2,10534.5,10535.6,
2018-01-05T11:52:00+05:30,10535.5,10536.6,10535,10536.6,
2018-01-05T11:53:00+05:30,10536.6,10537.7,10536.4,10537.5,
2018-01-05T11:54:00+05:30,10537.8,10537.8,10535.9,10536.3,
2018-01-05T11:55:00+05:30,10535.8,10537.1,10535.3,10537.1,
2018-01-05T11:56:00+05:30,10537,10537.8,10536,10537,
2018-01-05T11:57:00+05:30,10536.8,10537,10536.1,10536.8,
2018-01-05T11:58:00+05:30,10536.6,10537.2,10535.5,10536.2,
2018-01-05T11:59:00+05:30,10536.3,10536.6,10535.4,10536,
2018-01-05T12:00:00+05:30,10535.5,10535.6,10529.8,10530,
2018-01-05T12:01:00+05:30,10529.8,10531.9,10529,10531.5,
2018-01-05T12:02:00+05:30,10531.6,10532.6,10530.8,10532.5,
2018-01-05T12:03:00+05:30,10532.4,10532.4,10529.8,10530.6,
2018-01-05T12:04:00+05:30,10530.8,10531.3,10528,10528.5,
2018-01-05T12:05:00+05:30,10528.2,10528.2,10523.8,10525.7,
2018-01-05T12:06:00+05:30,10525.7,10525.7,10521.4,10521.8,
2018-01-05T12:07:00+05:30,10521.8,10528.5,10520.1,10528.5,
2018-01-05T12:08:00+05:30,10528.5,10530.8,10527.7,10530.8,
2018-01-05T12:09:00+05:30,10530.2,10532,10529.9,10532,
2018-01-05T12:10:00+05:30,10531.9,10533.4,10531.9,10533,
2018-01-05T12:11:00+05:30,10532.9,10535,10532.9,10534.6,
2018-01-05T12:12:00+05:30,10534.6,10535.2,10533,10533.4,
2018-01-05T12:13:00+05:30,10533.3,10534,10533,10533.8,
2018-01-05T12:14:00+05:30,10534,10535,10533.6,10534.9,
2018-01-05T12:15:00+05:30,10534.7,10535.1,10534,10534.7,
2018-01-05T12:16:00+05:30,10534.6,10534.6,10533,10533.7,
2018-01-05T12:17:00+05:30,10533.7,10533.7,10528.3,10529.2,
2018-01-05T12:18:00+05:30,10529,10531.2,10528.3,10531,
2018-01-05T12:19:00+05:30,10531.5,10531.6,10530.6,10531.2,
2018-01-05T12:20:00+05:30,10531.1,10531.1,10530,10530.6,
2018-01-05T12:21:00+05:30,10530.6,10530.9,10529.8,10530.7,
2018-01-05T12:22:00+05:30,10530.6,10531,10530,10530.9,
2018-01-05T12:23:00+05:30,10530.6,10530.6,10529.4,10530,
2018-01-05T12:24:00+05:30,10530,10530,10528.2,10529.7,
2018-01-05T12:25:00+05:30,10529.6,10533.1,10529.1,10533.1,
2018-01-05T12:26:00+05:30,10533,10533.1,10530,10530.4,
2018-01-05T12:27:00+05:30,10530.3,10530.9,10529.5,10530.9,
2018-01-05T12:28:00+05:30,10530.8,10533.2,10530.4,10533.2,
2018-01-05T12:29:00+05:30,10532.6,10532.8,10531.9,10532.4,
2018-01-05T12:30:00+05:30,10532.5,10535,10532.5,10535,
2018-01-05T12:31:00+05:30,10535.2,10536.5,10535.1,10536.5,
2018-01-05T12:32:00+05:30,10535.8,10537.4,10535.1,10537.2,
2018-01-05T12:33:00+05:30,10537.1,10538.2,10536.6,10538.1,
2018-01-05T12:34:00+05:30,10538,10538.9,10537.3,10538.8,
2018-01-05T12:35:00+05:30,10538.9,10539.4,10537.9,10539.4,
2018-01-05T12:36:00+05:30,10539.1,10539.5,10537.6,10538.5,
2018-01-05T12:37:00+05:30,10538.3,10538.8,10537.5,10538.5,
2018-01-05T12:38:00+05:30,10538.4,10539.5,10537.8,10539.1,
2018-01-05T12:39:00+05:30,10538.9,10539.5,10537.6,10539,
2018-01-05T12:40:00+05:30,10539,10539.5,10538.1,10539.3,
2018-01-05T12:41:00+05:30,10539,10540.5,10538.6,10540.1,
2018-01-05T12:42:00+05:30,10539.9,10540.1,10539.1,10539.8,
2018-01-05T12:43:00+05:30,10539.8,10540.6,10538.2,10539,
2018-01-05T12:44:00+05:30,10538.6,10538.8,10537.8,10538.3,
2018-01-05T12:45:00+05:30,10538.1,10538.1,10536.7,10537.5,
2018-01-05T12:46:00+05:30,10537.5,10537.9,10536.4,10537.9,
2018-01-05T12:47:00+05:30,10537.6,10537.8,10536.6,10537,
2018-01-05T12:48:00+05:30,10537,10538.2,10536.5,10538,
2018-01-05T12:49:00+05:30,10537.9,10538.5,10537.4,10538.2,
2018-01-05T12:50:00+05:30,10538.3,10538.5,10537.4,10538.5,
2018-01-05T12:51:00+05:30,10538.1,10538.1,10536.9,10537.2,
2018-01-05T12:52:00+05:30,10537,10537.3,10535.7,10536.9,
2018-01-05T12:53:00+05:30,10536.7,10537.5,10535.5,10537.5,
2018-01-05T12:54:00+05:30,10537.3,10537.4,10534.7,10535.4,
2018-01-05T12:55:00+05:30,10535.3,10535.4,10533.1,10533.4,
2018-01-05T12:56:00+05:30,10533,10533.2,10531.6,10532.2,
2018-01-05T12:57:00+05:30,10532,10533.5,10531.5,10533.4,
2018-01-05T12:58:00+05:30,10533,10533.4,10531.8,10533.2,
2018-01-05T12:59:00+05:30,10532.8,10535,10532.1,10534.7,
2018-01-05T13:00:00+05:30,10534.3,10536.1,10534.1,10536,
2018-01-05T13:01:00+05:30,10535.7,10536.1,10535.4,10536.1,
2018-01-05T13:02:00+05:30,10536,10537,10535.5,10536.5,
2018-01-05T13:03:00+05:30,10536.2,10537,10535.8,10537,
2018-01-05T13:04:00+05:30,10537,10537,10535.6,10536.5,
2018-01-05T13:05:00+05:30,10536.2,10536.3,10534.9,10536.2,
2018-01-05T13:06:00+05:30,10535.9,10536.4,10535.4,10536.3,
2018-01-05T13:07:00+05:30,10536.1,10536.2,10535,10535.9,
2018-01-05T13:08:00+05:30,10535.6,10536,10534.2,10535.5,
2018-01-05T13:09:00+05:30,10535.4,10536,10534.5,10535.7,
2018-01-05T13:10:00+05:30,10535.3,10535.8,10534,10534.8,
2018-01-05T13:11:00+05:30,10534.5,10535,10533.8,10534.6,
2018-01-05T13:12:00+05:30,10534.5,10534.8,10533.3,10534.8,
2018-01-05T13:13:00+05:30,10534.5,10535.8,10533.8,10535.8,
2018-01-05T13:14:00+05:30,10535.7,10536.3,10535.1,10536.3,
2018-01-05T13:15:00+05:30,10536.4,10536.7,10535.4,10536.7,
2018-01-05T13:16:00+05:30,10536.4,10536.5,10535.4,10536.1,
2018-01-05T13:17:00+05:30,10536,10536.9,10535.5,10536.9,
2018-01-05T13:18:00+05:30,10536.8,10537.5,10536.4,10537.5,
2018-01-05T13:19:00+05:30,10537.6,10538.4,10537.1,10538.4,
2018-01-05T13:20:00+05:30,10538.3,10542.1,10538.3,10541.4,
2018-01-05T13:21:00+05:30,10541.8,10542.5,10539,10541.1,
2018-01-05T13:22:00+05:30,10541,10542,10540.4,10541.3,
2018-01-05T13:23:00+05:30,10541.1,10541.1,10537.8,10538.8,
2018-01-05T13:24:00+05:30,10538.8,10540.2,10538.5,10540.2,
2018-01-05T13:25:00+05:30,10540.2,10540.3,10538.8,10539.8,
2018-01-05T13:26:00+05:30,10539.7,10540,10538.6,10539.1,
2018-01-05T13:27:00+05:30,10539.1,10539.2,10538.2,10539.2,
2018-01-05T13:28:00+05:30,10539,10539,10537.7,10538.9,
2018-01-05T13:29:00+05:30,10538.7,10539.4,10537.6,10538.4,
2018-01-05T13:30:00+05:30,10538.2,10539.3,10538.1,10538.8,
2018-01-05T13:31:00+05:30,10538.7,10539.2,10537.9,10538.1,
2018-01-05T13:32:00+05:30,10538,10538.8,10537.5,10537.5,
2018-01-05T13:33:00+05:30,10537.1,10537.5,10532.1,10534.4,
2018-01-05T13:34:00+05:30,10534.3,10536.4,10533.7,10536,
2018-01-05T13:35:00+05:30,10535.9,10536.5,10534.9,10536.4,
2018-01-05T13:36:00+05:30,10536.1,10537.6,10536.1,10537.6,
2018-01-05T13:37:00+05:30,10537.7,10538.6,10537.1,10537.1,
2018-01-05T13:38:00+05:30,10537.2,10541.5,10537.2,10541.5,
2018-01-05T13:39:00+05:30,10541.4,10541.9,10539.3,10540,
2018-01-05T13:40:00+05:30,10539.8,10541,10539.5,10540.9,
2018-01-05T13:41:00+05:30,10541,10544,10540.9,10544,
2018-01-05T13:42:00+05:30,10543.8,10545.1,10542.9,10543.3,
2018-01-05T13:43:00+05:30,10543.4,10543.4,10541.7,10542.5,
2018-01-05T13:44:00+05:30,10542.3,10542.5,10540.6,10542.5,
2018-01-05T13:45:00+05:30,10542.4,10543.4,10541.8,10543.4,
2018-01-05T13:46:00+05:30,10543.2,10543.2,10541.4,10542.1,
2018-01-05T13:47:00+05:30,10542.2,10542.5,10541.6,10542.4,
2018-01-05T13:48:00+05:30,10542.1,10543,10541.5,10543,
2018-01-05T13:49:00+05:30,10542.8,10544,10542.5,10544,
2018-01-05T13:50:00+05:30,10544.1,10545.4,10543.2,10545.1,
2018-01-05T13:51:00+05:30,10545,10548.1,10544.6,10548.1,
2018-01-05T13:52:00+05:30,10548,10548.8,10545.6,10545.9,
2018-01-05T13:53:00+05:30,10546,10547.7,10545,10547,
2018-01-05T13:54:00+05:30,10546.9,10548.9,10546.2,10546.2,
2018-01-05T13:55:00+05:30,10546.4,10548,10545.4,10546.1,
2018-01-05T13:56:00+05:30,10545.9,10548.2,10545.4,10547,
2018-01-05T13:57:00+05:30,10546.9,10548.3,10546,10546.8,
2018-01-05T13:58:00+05:30,10546.5,10548.1,10546.2,10547.9,
2018-01-05T13:59:00+05:30,10547.7,10548.7,10546.2,10547.4,
2018-01-05T14:00:00+05:30,10547.1,10548.1,10546.4,10547.5,
2018-01-05T14:01:00+05:30,10547.6,10548.5,10545.8,10546.9,
2018-01-05T14:02:00+05:30,10546.9,10549,10544.1,10544.5,
2018-01-05T14:03:00+05:30,10544.2,10546.1,10544.2,10545,
2018-01-05T14:04:00+05:30,10544.5,10546.4,10542.5,10543,
2018-01-05T14:05:00+05:30,10542.8,10543.5,10540.9,10540.9,
2018-01-05T14:06:00+05:30,10540.6,10542.3,10538.7,10539.5,
2018-01-05T14:07:00+05:30,10539.4,10545.8,10538.4,10543.8,
2018-01-05T14:08:00+05:30,10543.2,10546.1,10542.4,10546,
2018-01-05T14:09:00+05:30,10545.9,10548.2,10545.7,10546.8,
2018-01-05T14:10:00+05:30,10546.5,10548.2,10546.5,10548,
2018-01-05T14:11:00+05:30,10547.7,10551,10547.5,10548,
2018-01-05T14:12:00+05:30,10547.5,10549.5,10547.3,10549.5,
2018-01-05T14:13:00+05:30,10549.6,10550.8,10548.7,10550,
2018-01-05T14:14:00+05:30,10549.5,10551.3,10549.5,10550.1,
2018-01-05T14:15:00+05:30,10549.6,10552.1,10549.6,10552.1,
2018-01-05T14:16:00+05:30,10551.7,10553.4,10551.7,10553.4,
2018-01-05T14:17:00+05:30,10553.2,10553.9,10551.4,10551.9,
2018-01-05T14:18:00+05:30,10552,10553,10551.8,10552.6,
2018-01-05T14:19:00+05:30,10552.5,10553.9,10549.3,10550.8,
2018-01-05T14:20:00+05:30,10550.9,10552,10547.5,10547.5,
2018-01-05T14:21:00+05:30,10547.7,10548.9,10545,10548.5,
2018-01-05T14:22:00+05:30,10548,10549.3,10545.4,10547.8,
2018-01-05T14:23:00+05:30,10547.5,10548.9,10547.5,10548.9,
2018-01-05T14:24:00+05:30,10548.9,10551.1,10548.9,10550.1,
2018-01-05T14:25:00+05:30,10550,10551,10549.7,10551,
2018-01-05T14:26:00+05:30,10550.5,10552.9,10550.5,10551.9,
2018-01-05T14:27:00+05:30,10551.5,10551.6,10547.9,10548.9,
2018-01-05T14:28:00+05:30,10548.9,10550.2,10547.9,10549.2,
2018-01-05T14:29:00+05:30,10549.6,10550.4,10543.9,10544.4,
2018-01-05T14:30:00+05:30,10544.1,10545.5,10543.9,10545.4,
2018-01-05T14:31:00+05:30,10545,10545.5,10542.2,10543.3,
2018-01-05T14:32:00+05:30,10543.6,10545.3,10542.6,10543.5,
2018-01-05T14:33:00+05:30,10543.5,10545.8,10543.5,10544.4,
2018-01-05T14:34:00+05:30,10544.4,10546.5,10544.4,10545.9,
2018-01-05T14:35:00+05:30,10545.5,10548,10545.5,10546.9,
2018-01-05T14:36:00+05:30,10546.3,10548.8,10546.3,10547.9,
2018-01-05T14:37:00+05:30,10547.5,10549.2,10546.9,10547.5,
2018-01-05T14:38:00+05:30,10547.2,10548.6,10547.2,10547.5,
2018-01-05T14:39:00+05:30,10547.5,10547.9,10544.5,10545.6,
2018-01-05T14:40:00+05:30,10545.1,10546.9,10544.7,10546.9,
2018-01-05T14:41:00+05:30,10546.5,10548.8,10546.4,10547.3,
2018-01-05T14:42:00+05:30,10547.1,10548.5,10546.4,10547.6,
2018-01-05T14:43:00+05:30,10547.6,10548.2,10546.6,10547.1,
2018-01-05T14:44:00+05:30,10547.1,10548.5,10546.4,10547.2,
2018-01-05T14:45:00+05:30,10547.2,10548.6,10546.8,10547,
2018-01-05T14:46:00+05:30,10547.1,10548.8,10545.9,10546.8,
2018-01-05T14:47:00+05:30,10546.5,10547.6,10546.4,10546.8,
2018-01-05T14:48:00+05:30,10546.6,10549,10546.6,10547.9,
2018-01-05T14:49:00+05:30,10547.9,10550,10547.6,10550,
2018-01-05T14:50:00+05:30,10549.9,10551,10548.6,10550,
2018-01-05T14:51:00+05:30,10550,10551.1,10547.4,10548.6,
2018-01-05T14:52:00+05:30,10548.8,10551.1,10548.8,10550.5,
2018-01-05T14:53:00+05:30,10550.2,10551.8,10550.2,10550.9,
2018-01-05T14:54:00+05:30,10550.8,10552.8,10549.1,10549.8,
2018-01-05T14:55:00+05:30,10549.9,10550.9,10549,10550.1,
2018-01-05T14:56:00+05:30,10549.8,10551.4,10549,10550,
2018-01-05T14:57:00+05:30,10549.7,10551.7,10549.7,10550.6,
2018-01-05T14:58:00+05:30,10550.5,10551.8,10548.5,10549.7,
2018-01-05T14:59:00+05:30,10549.7,10550.8,10548.8,10550.5,
2018-01-05T15:00:00+05:30,10550.6,10552.5,10546.7,10548.1,
2018-01-05T15:01:00+05:30,10548.2,10550.9,10547.2,10550.4,
2018-01-05T15:02:00+05:30,10550.3,10550.9,10549.4,10550,
2018-01-05T15:03:00+05:30,10550.2,10552,10550.2,10551.8,
2018-01-05T15:04:00+05:30,10551.6,10554.3,10551.6,10554,
2018-01-05T15:05:00+05:30,10554,10556.2,10553.6,10556,
2018-01-05T15:06:00+05:30,10555.8,10557.2,10555.2,10556.9,
2018-01-05T15:07:00+05:30,10557,10559.8,10556.5,10559,
2018-01-05T15:08:00+05:30,10558.7,10559.3,10557.9,10558.5,
2018-01-05T15:09:00+05:30,10558.3,10560.3,10557.2,10560,
2018-01-05T15:10:00+05:30,10559.9,10560.1,10557.3,10557.4,
2018-01-05T15:11:00+05:30,10557.6,10558.4,10555.8,10556.8,
2018-01-05T15:12:00+05:30,10556.4,10557.4,10556,10556.5,
2018-01-05T15:13:00+05:30,10556.7,10559.1,10556.7,10558.8,
2018-01-05T15:14:00+05:30,10558.7,10559.5,10555.5,10555.5,
2018-01-05T15:15:00+05:30,10555.3,10556.5,10554.6,10556.5,
2018-01-05T15:16:00+05:30,10556.2,10559.5,10555.1,10558.6,
2018-01-05T15:17:00+05:30,10558.5,10562.6,10558.5,10562,
2018-01-05T15:18:00+05:30,10561.9,10562.2,10559.9,10560,
2018-01-05T15:19:00+05:30,10560,10560,10558.5,10559.4,
2018-01-05T15:20:00+05:30,10558.8,10562.2,10558.4,10560.6,
2018-01-05T15:21:00+05:30,10560.9,10561.9,10559,10561.1,
2018-01-05T15:22:00+05:30,10561.8,10562.5,10560,10560.8,
2018-01-05T15:23:00+05:30,10560.8,10563,10560.6,10562.5,
2018-01-05T15:24:00+05:30,10562.4,10563.2,10561.7,10562.8,
2018-01-05T15:25:00+05:30,10563,10565,10562.6,10564.4,
2018-01-05T15:26:00+05:30,10564.5,10565.9,10563.3,10564.6,
2018-01-05T15:27:00+05:30,10564.5,10565.4,10562,10563.5,
2018-01-05T15:28:00+05:30,10562.6,10563.6,10559.5,10561.6,
2018-01-05T15:29:00+05:30,10562,10564.2,10560.7,10561.4,
2018-01-08T09:15:00+05:30,10591.7,10605.5,10591.7,10603.6,
2018-01-08T09:16:00+05:30,10604,10604,10598.6,10599,
2018-01-08T09:17:00+05:30,10600.1,10604.3,10599.4,10604.3,
2018-01-08T09:18:00+05:30,10604,10609.2,10604,10608.4,
2018-01-08T09:19:00+05:30,10608.9,10609.5,10607,10607.8,
2018-01-08T09:20:00+05:30,10607.9,10608.6,10604.5,10605.9,
2018-01-08T09:21:00+05:30,10605.8,10609.6,10605.8,10607,
2018-01-08T09:22:00+05:30,10606.5,10612.5,10606.5,10612.2,
2018-01-08T09:23:00+05:30,10611.8,10612.6,10609.8,10612.4,
2018-01-08T09:24:00+05:30,10612.1,10614,10608.9,10609.4,
2018-01-08T09:25:00+05:30,10609.9,10611,10609.1,10610.6,
2018-01-08T09:26:00+05:30,10611,10613.8,10609.6,10610.2,
2018-01-08T09:27:00+05:30,10610.5,10612.5,10610,10612,
2018-01-08T09:28:00+05:30,10612.4,10612.9,10609,10609.6,
2018-01-08T09:29:00+05:30,10609.5,10610.2,10605.5,10606.3,
2018-01-08T09:30:00+05:30,10606.1,10607,10602.7,10603.6,
2018-01-08T09:31:00+05:30,10603.9,10603.9,10601.1,10602.4,
2018-01-08T09:32:00+05:30,10603.2,10604.8,10602.1,10602.6,
2018-01-08T09:33:00+05:30,10602.5,10604.4,10600.7,10600.7,
2018-01-08T09:34:00+05:30,10601.6,10606.5,10600.5,10605,
2018-01-08T09:35:00+05:30,10605.2,10607.6,10605.2,10606.9,
2018-01-08T09:36:00+05:30,10607,10608.2,10606.2,10608,
2018-01-08T09:37:00+05:30,10607.6,10607.6,10605.4,10607,
2018-01-08T09:38:00+05:30,10606.9,10608.9,10606.6,10608.6,
2018-01-08T09:39:00+05:30,10608.7,10608.7,10606.4,10606.4,
2018-01-08T09:40:00+05:30,10606.5,10608.5,10605.9,10608.4,
2018-01-08T09:41:00+05:30,10608.5,10610.9,10607.6,10610.8,
2018-01-08T09:42:00+05:30,10611,10612.8,10610.5,10612.6,
2018-01-08T09:43:00+05:30,10613.4,10617.1,10613.4,10616,
2018-01-08T09:44:00+05:30,10616.5,10618,10614.8,10616,
2018-01-08T09:45:00+05:30,10616.2,10618.9,10612.4,10614.5,
2018-01-08T09:46:00+05:30,10614,10617.1,10613.1,10615.6,
2018-01-08T09:47:00+05:30,10614,10616.1,10613.6,10614,
2018-01-08T09:48:00+05:30,10614,10614.5,10612.3,10613.1,
2018-01-08T09:49:00+05:30,10613.7,10615.5,10613.5,10613.6,
2018-01-08T09:50:00+05:30,10614.1,10617.4,10613.9,10616.8,
2018-01-08T09:51:00+05:30,10617.1,10617.1,10614.1,10614.8,
2018-01-08T09:52:00+05:30,10614.5,10615.6,10613.4,10614.4,
2018-01-08T09:53:00+05:30,10614.8,10615.4,10611,10612.9,
2018-01-08T09:54:00+05:30,10613.2,10613.9,10610.4,10610.8,
2018-01-08T09:55:00+05:30,10610.6,10610.9,10608.2,10608.2,
2018-01-08T09:56:00+05:30,10608.8,10614,10608.6,10610.6,
2018-01-08T09:57:00+05:30,10611.1,10611.1,10606.5,10607.1,
2018-01-08T09:58:00+05:30,10606.8,10610.4,10605.6,10610,
2018-01-08T09:59:00+05:30,10610.2,10610.5,10608.2,10608.9,
2018-01-08T10:00:00+05:30,10608.3,10610.5,10608.3,10610.4,
2018-01-08T10:01:00+05:30,10610.1,10610.5,10607.1,10607.8,
2018-01-08T10:02:00+05:30,10607.3,10611.1,10607,10609.6,
2018-01-08T10:03:00+05:30,10609.6,10611.8,10608.5,10610.5,
2018-01-08T10:04:00+05:30,10610.5,10613,10610.4,10612.8,
2018-01-08T10:05:00+05:30,10613,10614.1,10611.9,10613.8,
2018-01-08T10:06:00+05:30,10613.9,10614.5,10612.9,10613.5,
2018-01-08T10:07:00+05:30,10612.8,10614.6,10611.8,10614.3,
2018-01-08T10:08:00+05:30,10614.2,10615.2,10612.2,10612.8,
2018-01-08T10:09:00+05:30,10613.4,10615,10613,10613.3,
2018-01-08T10:10:00+05:30,10613.5,10614.1,10611.9,10612.4,
2018-01-08T10:11:00+05:30,10612.3,10614.1,10612.3,10612.9,
2018-01-08T10:12:00+05:30,10612.9,10614.1,10612.4,10613.6,
2018-01-08T10:13:00+05:30,10612.4,10613.4,10611.8,10612.8,
2018-01-08T10:14:00+05:30,10612.8,10613.5,10612.1,10612.2,
2018-01-08T10:15:00+05:30,10612.3,10616,10612.3,10615.3,
2018-01-08T10:16:00+05:30,10615.8,10616.8,10614.6,10615.6,
2018-01-08T10:17:00+05:30,10615.2,10615.9,10612.2,10613,
2018-01-08T10:18:00+05:30,10613.1,10613.9,10612.4,10613.4,
2018-01-08T10:19:00+05:30,10613.6,10615.2,10613.4,10614.7,
2018-01-08T10:20:00+05:30,10614.5,10615.6,10613,10613.2,
2018-01-08T10:21:00+05:30,10613.5,10613.5,10612.1,10613.3,
2018-01-08T10:22:00+05:30,10613.2,10615.6,10612.6,10615.6,
2018-01-08T10:23:00+05:30,10615.1,10616.4,10614.4,10615.5,
2018-01-08T10:24:00+05:30,10615.3,10617.2,10615.1,10615.6,
2018-01-08T10:25:00+05:30,10615.7,10616.5,10613.1,10613.1,
2018-01-08T10:26:00+05:30,10613.4,10614.5,10612.4,10613,
2018-01-08T10:27:00+05:30,10613,10615.5,10613,10614.9,
2018-01-08T10:28:00+05:30,10614.5,10616,10613.6,10615.8,
2018-01-08T10:29:00+05:30,10615.7,10616.2,10614.1,10615.1,
2018-01-08T10:30:00+05:30,10615.1,10617,10615.1,10617,
2018-01-08T10:31:00+05:30,10617,10621.8,10617,10621.5,
2018-01-08T10:32:00+05:30,10621.4,10621.5,10617.9,10619,
2018-01-08T10:33:00+05:30,10618.9,10619.8,10617.9,10619.2,
2018-01-08T10:34:00+05:30,10619.4,10619.5,10617.1,10618.5,
2018-01-08T10:35:00+05:30,10618.5,10618.7,10617.1,10617.5,
2018-01-08T10:36:00+05:30,10617.5,10619.4,10617.5,10619.2,
2018-01-08T10:37:00+05:30,10619.5,10619.5,10618,10618.1,
2018-01-08T10:38:00+05:30,10618,10619.8,10617.7,10619.8,
2018-01-08T10:39:00+05:30,10619.8,10620.2,10618.9,10619.4,
2018-01-08T10:40:00+05:30,10619.1,10619.8,10618.6,10619.7,
2018-01-08T10:41:00+05:30,10619.6,10619.7,10618.5,10618.8,
2018-01-08T10:42:00+05:30,10618.6,10619.8,10618.6,10619.4,
2018-01-08T10:43:00+05:30,10619.4,10619.4,10617.7,10617.9,
2018-01-08T10:44:00+05:30,10617.9,10619.2,10617.1,10617.5,
2018-01-08T10:45:00+05:30,10616.9,10618.6,10616.8,10617.8,
2018-01-08T10:46:00+05:30,10617.6,10617.7,10615.8,10615.8,
2018-01-08T10:47:00+05:30,10615.9,10617.1,10614.2,10614.2,
2018-01-08T10:48:00+05:30,10614.5,10615.7,10614,10615.2,
2018-01-08T10:49:00+05:30,10615.5,10616.4,10613.9,10614.4,
2018-01-08T10:50:00+05:30,10613.9,10614.9,10613.5,10613.6,
2018-01-08T10:51:00+05:30,10613.6,10613.6,10612,10612.1,
2018-01-08T10:52:00+05:30,10612.4,10612.7,10608.8,10609.2,
2018-01-08T10:53:00+05:30,10609.2,10612.5,10608,10611.5,
2018-01-08T10:54:00+05:30,10611.5,10611.6,10610.4,10610.9,
2018-01-08T10:55:00+05:30,10611.2,10611.9,10610.5,10611.5,
2018-01-08T10:56:00+05:30,10611.5,10613.5,10611.4,10612.1,
2018-01-08T10:57:00+05:30,10612.3,10614.7,10612.1,10614.4,
2018-01-08T10:58:00+05:30,10614.3,10616.1,10614.2,10615.2,
2018-01-08T10:59:00+05:30,10615.2,10615.8,10613.1,10613.5,
2018-01-08T11:00:00+05:30,10613.7,10614.7,10613,10614.4,
2018-01-08T11:01:00+05:30,10614.5,10615.9,10614.5,10615.4,
2018-01-08T11:02:00+05:30,10615.6,10617,10615.2,10616.3,
2018-01-08T11:03:00+05:30,10616.4,10618.1,10616,10617.8,
2018-01-08T11:04:00+05:30,10617.4,10619,10617.4,10617.7,
2018-01-08T11:05:00+05:30,10617.9,10618.3,10616.8,10617.5,
2018-01-08T11:06:00+05:30,10617.3,10618.4,10615.8,10617.3,
2018-01-08T11:07:00+05:30,10617.8,10617.8,10614.8,10617,
2018-01-08T11:08:00+05:30,10617,10617.5,10615,10615.7,
2018-01-08T11:09:00+05:30,10615.9,10618.5,10615.5,10615.8,
2018-01-08T11:10:00+05:30,10615.6,10616.2,10615,10615.3,
2018-01-08T11:11:00+05:30,10615.5,10616.5,10615,10615.1,
2018-01-08T11:12:00+05:30,10615,10616.7,10614.2,10616.3,
2018-01-08T11:13:00+05:30,10616,10617,10616,10616,
2018-01-08T11:14:00+05:30,10616.8,10617.1,10615.8,10616.5,
2018-01-08T11:15:00+05:30,10616.4,10617.9,10615.1,10615.6,
2018-01-08T11:16:00+05:30,10616.3,10618,10616.3,10617.8,
2018-01-08T11:17:00+05:30,10617.9,10618.1,10615.6,10617.5,
2018-01-08T11:18:00+05:30,10617.5,10619,10617.3,10618.2,
2018-01-08T11:19:00+05:30,10618.1,10618.2,10617.2,10618,
2018-01-08T11:20:00+05:30,10617.9,10618.9,10617.8,10618.2,
2018-01-08T11:21:00+05:30,10618.8,10619.2,10617.8,10618.9,
2018-01-08T11:22:00+05:30,10618.8,10620,10618.2,10620,
2018-01-08T11:23:00+05:30,10619.9,10621.4,10619.5,10620.7,
2018-01-08T11:24:00+05:30,10620.6,10622.4,10620.1,10620.2,
2018-01-08T11:25:00+05:30,10620.8,10621.5,10620,10620,
2018-01-08T11:26:00+05:30,10620.2,10621.5,10619.6,10620.1,
2018-01-08T11:27:00+05:30,10620.3,10621.4,10619.9,10621.2,
2018-01-08T11:28:00+05:30,10621,10621.2,10619.7,10619.8,
2018-01-08T11:29:00+05:30,10619.9,10621.4,10619.6,10620.5,
2018-01-08T11:30:00+05:30,10620.9,10621.8,10619.2,10619.4,
2018-01-08T11:31:00+05:30,10619.2,10620.2,10619,10619.5,
2018-01-08T11:32:00+05:30,10619.8,10620.2,10617.9,10618.4,
2018-01-08T11:33:00+05:30,10618.5,10620.4,10617.5,10620.4,
2018-01-08T11:34:00+05:30,10620.3,10621.1,10620.3,10620.7,
2018-01-08T11:35:00+05:30,10620.5,10622.4,10619.7,10620.8,
2018-01-08T11:36:00+05:30,10620.4,10622.5,10620.3,10621.8,
2018-01-08T11:37:00+05:30,10622,10623.1,10622,10622,
2018-01-08T11:38:00+05:30,10621.8,10622.6,10619.9,10619.9,
2018-01-08T11:39:00+05:30,10619.9,10620.5,10618.5,10619,
2018-01-08T11:40:00+05:30,10619,10619.1,10616.1,10617.7,
2018-01-08T11:41:00+05:30,10618.2,10618.9,10617.3,10618.4,
2018-01-08T11:42:00+05:30,10617.5,10618.1,10616.2,10617.2,
2018-01-08T11:43:00+05:30,10617.2,10618.8,10617,10618.6,
2018-01-08T11:44:00+05:30,10618.8,10619.5,10618.5,10618.7,
2018-01-08T11:45:00+05:30,10618.5,10619.1,10616.7,10616.7,
2018-01-08T11:46:00+05:30,10616.9,10617.3,10615,10615.4,
2018-01-08T11:47:00+05:30,10615,10615.5,10614.2,10614.7,
2018-01-08T11:48:00+05:30,10614.5,10616,10614.2,10615.4,
2018-01-08T11:49:00+05:30,10615.5,10615.6,10613.7,10615.4,
2018-01-08T11:50:00+05:30,10615.2,10615.5,10614,10614.4,
2018-01-08T11:51:00+05:30,10614.6,10615.2,10613.1,10613.1,
2018-01-08T11:52:00+05:30,10613.1,10614.3,10613.1,10614.2,
2018-01-08T11:53:00+05:30,10614.2,10618,10614.1,10615.8,
2018-01-08T11:54:00+05:30,10616,10616,10614.2,10615.5,
2018-01-08T11:55:00+05:30,10615.4,10615.4,10614.1,10614.4,
2018-01-08T11:56:00+05:30,10614.6,10614.9,10613.5,10614.4,
2018-01-08T11:57:00+05:30,10614.2,10614.8,10613,10613.4,
2018-01-08T11:58:00+05:30,10613.5,10613.7,10611.7,10611.8,
2018-01-08T11:59:00+05:30,10612,10612.5,10611.5,10612,
2018-01-08T12:00:00+05:30,10611.7,10612.9,10611.4,10612.6,
2018-01-08T12:01:00+05:30,10612.6,10614.8,10612.6,10614.5,
2018-01-08T12:02:00+05:30,10614.5,10615.6,10614.4,10615,
2018-01-08T12:03:00+05:30,10615,10616.3,10614.4,10615.6,
2018-01-08T12:04:00+05:30,10615.6,10616.3,10615.3,10615.3,
2018-01-08T12:05:00+05:30,10615.2,10615.4,10612.9,10613.2,
2018-01-08T12:06:00+05:30,10613.3,10614.4,10613.3,10614.2,
2018-01-08T12:07:00+05:30,10614.3,10615.2,10612.5,10613.7,
2018-01-08T12:08:00+05:30,10613.8,10614.4,10613,10613,
2018-01-08T12:09:00+05:30,10613.2,10614.1,10612.2,10612.4,
2018-01-08T12:10:00+05:30,10612.4,10613.9,10612.3,10613.4,
2018-01-08T12:11:00+05:30,10613.4,10614.5,10613,10613.8,
2018-01-08T12:12:00+05:30,10614,10614.5,10613,10614.2,
2018-01-08T12:13:00+05:30,10614.2,10614.4,10612.9,10613.6,
2018-01-08T12:14:00+05:30,10613.4,10613.8,10612.5,10613,
2018-01-08T12:15:00+05:30,10613.1,10614.1,10612,10612,
2018-01-08T12:16:00+05:30,10612,10613,10611.6,10612,
2018-01-08T12:17:00+05:30,10612.4,10613,10611,10612.2,
2018-01-08T12:18:00+05:30,10612.4,10613,10611.6,10612.3,
2018-01-08T12:19:00+05:30,10612,10614.1,10612,10613.5,
2018-01-08T12:20:00+05:30,10613.6,10613.7,10612.1,10612.2,
2018-01-08T12:21:00+05:30,10612.5,10613,10612,10612.5,
2018-01-08T12:22:00+05:30,10612.5,10612.8,10612,10612.4,
2018-01-08T12:23:00+05:30,10612.8,10614.5,10612.1,10614.1,
2018-01-08T12:24:00+05:30,10614.1,10615.4,10614.1,10614.8,
2018-01-08T12:25:00+05:30,10614.9,10615.2,10613.4,10613.4,
2018-01-08T12:26:00+05:30,10613.6,10613.9,10612,10612.3,
2018-01-08T12:27:00+05:30,10612.5,10612.9,10612.1,10612.6,
2018-01-08T12:28:00+05:30,10612.7,10614,10612.6,10613.9,
2018-01-08T12:29:00+05:30,10613.8,10614.1,10612.8,10613.8,
2018-01-08T12:30:00+05:30,10613.6,10615.5,10613.2,10615.5,
2018-01-08T12:31:00+05:30,10615.5,10616.7,10615.4,10615.6,
2018-01-08T12:32:00+05:30,10615.5,10616.1,10615.3,10615.4,
2018-01-08T12:33:00+05:30,10615.2,10615.8,10615.1,10615.4,
2018-01-08T12:34:00+05:30,10615.3,10617.5,10615.3,10616.5,
2018-01-08T12:35:00+05:30,10616.7,10616.8,10615.5,10616.4,
2018-01-08T12:36:00+05:30,10616.6,10616.7,10615.6,10616.4,
2018-01-08T12:37:00+05:30,10616.3,10616.8,10614.7,10614.7,
2018-01-08T12:38:00+05:30,10615,10617.1,10614.2,10616.9,
2018-01-08T12:39:00+05:30,10617.5,10618,10616.7,10617.6,
2018-01-08T12:40:00+05:30,10617.6,10618.4,10617.5,10617.9,
2018-01-08T12:41:00+05:30,10618,10618,10616,10616.5,
2018-01-08T12:42:00+05:30,10616.6,10618.4,10616.4,10618,
2018-01-08T12:43:00+05:30,10618,10619.1,10617.1,10619.1,
2018-01-08T12:44:00+05:30,10619,10619.2,10618,10618.5,
2018-01-08T12:45:00+05:30,10618.2,10619,10617.9,10618,
2018-01-08T12:46:00+05:30,10617.9,10618.5,10617.4,10618.1,
2018-01-08T12:47:00+05:30,10618,10618.2,10617,10617.8,
2018-01-08T12:48:00+05:30,10617.7,10618.1,10617,10617.3,
2018-01-08T12:49:00+05:30,10617.4,10617.6,10615.2,10615.3,
2018-01-08T12:50:00+05:30,10615.2,10616.7,10614.8,10616.2,
2018-01-08T12:51:00+05:30,10616.5,10616.7,10615.5,10615.6,
2018-01-08T12:52:00+05:30,10615.8,10616.4,10615.6,10616.3,
2018-01-08T12:53:00+05:30,10616.2,10618.9,10616.2,10618.4,
2018-01-08T12:54:00+05:30,10618.6,10618.9,10617.4,10617.8,
2018-01-08T12:55:00+05:30,10617.9,10619,10617.4,10618.8,
2018-01-08T12:56:00+05:30,10618.3,10619.2,10617.9,10618.2,
2018-01-08T12:57:00+05:30,10618.2,10618.9,10616.9,10616.9,
2018-01-08T12:58:00+05:30,10617.1,10618.5,10617,10617.5,
2018-01-08T12:59:00+05:30,10617.8,10618,10616.8,10617.5,
2018-01-08T13:00:00+05:30,10617.3,10618.4,10616.8,10617.6,
2018-01-08T13:01:00+05:30,10617.7,10618.8,10617,10617.1,
2018-01-08T13:02:00+05:30,10617.1,10618.5,10617,10617.7,
2018-01-08T13:03:00+05:30,10617.8,10618.2,10616.9,10617.1,
2018-01-08T13:04:00+05:30,10617.2,10617.2,10614.9,10615.3,
2018-01-08T13:05:00+05:30,10615,10615.5,10614,10614.5,
2018-01-08T13:06:00+05:30,10614.6,10614.7,10613.5,10613.5,
2018-01-08T13:07:00+05:30,10613.6,10613.9,10611.6,10612.4,
2018-01-08T13:08:00+05:30,10612.7,10613.5,10611.9,10612.4,
2018-01-08T13:09:00+05:30,10612.6,10614,10612.5,10613.5,
2018-01-08T13:10:00+05:30,10613.5,10613.5,10612,10612.5,
2018-01-08T13:11:00+05:30,10612.8,10612.8,10610.5,10610.5,
2018-01-08T13:12:00+05:30,10611,10611,10609.8,10610.4,
2018-01-08T13:13:00+05:30,10610.3,10611.8,10610.1,10610.4,
2018-01-08T13:14:00+05:30,10610.1,10612.9,10610,10612.6,
2018-01-08T13:15:00+05:30,10612.5,10613.7,10611.2,10613,
2018-01-08T13:16:00+05:30,10613.2,10613.2,10612.1,10613,
2018-01-08T13:17:00+05:30,10612.6,10613.1,10611.3,10612.4,
2018-01-08T13:18:00+05:30,10612,10613.1,10611.6,10612.6,
2018-01-08T13:19:00+05:30,10612.6,10614,10612.1,10612.7,
2018-01-08T13:20:00+05:30,10612.9,10613.1,10611.9,10612.4,
2018-01-08T13:21:00+05:30,10612,10612.5,10611.1,10612,
2018-01-08T13:22:00+05:30,10612.6,10613,10611.1,10611.4,
2018-01-08T13:23:00+05:30,10611.6,10612,10609.2,10609.6,
2018-01-08T13:24:00+05:30,10610,10610,10608.2,10609.1,
2018-01-08T13:25:00+05:30,10609.1,10609.1,10606.6,10607.1,
2018-01-08T13:26:00+05:30,10607.1,10607.1,10605.9,10606.1,
2018-01-08T13:27:00+05:30,10606.3,10607.3,10605.5,10606,
2018-01-08T13:28:00+05:30,10606.5,10607,10605.5,10605.7,
2018-01-08T13:29:00+05:30,10605.7,10606.3,10605.3,10605.5,
2018-01-08T13:30:00+05:30,10606.1,10606.2,10604.4,10605.3,
2018-01-08T13:31:00+05:30,10605.3,10606,10604.4,10604.9,
2018-01-08T13:32:00+05:30,10605,10605.6,10603.3,10604,
2018-01-08T13:33:00+05:30,10604,10604.1,10602.5,10603.2,
2018-01-08T13:34:00+05:30,10603.2,10604.2,10599.6,10599.6,
2018-01-08T13:35:00+05:30,10599.9,10599.9,10598,10599.5,
2018-01-08T13:36:00+05:30,10599.1,10599.5,10597.9,10598.7,
2018-01-08T13:37:00+05:30,10598.7,10602.5,10598.1,10602,
2018-01-08T13:38:00+05:30,10601.8,10604.9,10601.8,10603.8,
2018-01-08T13:39:00+05:30,10603.9,10605.9,10602.2,10604.6,
2018-01-08T13:40:00+05:30,10604,10605.8,10602.4,10602.6,
2018-01-08T13:41:00+05:30,10602.9,10605.1,10602.7,10604.8,
2018-01-08T13:42:00+05:30,10604.8,10608,10604.1,10606.6,
2018-01-08T13:43:00+05:30,10606.5,10609,10605.7,10608,
2018-01-08T13:44:00+05:30,10608,10609.2,10605.9,10607.3,
2018-01-08T13:45:00+05:30,10607.1,10610,10605.5,10608.5,
2018-01-08T13:46:00+05:30,10608.5,10613.8,10606.3,10611.2,
2018-01-08T13:47:00+05:30,10611.4,10613.4,10608.9,10609.1,
2018-01-08T13:48:00+05:30,10609.2,10610.6,10608,10609.5,
2018-01-08T13:49:00+05:30,10609.2,10610.1,10605.9,10607.9,
2018-01-08T13:50:00+05:30,10607.7,10608.3,10605.4,10608,
2018-01-08T13:51:00+05:30,10607.8,10608,10605.4,10607,
2018-01-08T13:52:00+05:30,10607.1,10607.9,10603.8,10603.9,
2018-01-08T13:53:00+05:30,10604.5,10606.4,10603.4,10604.6,
2018-01-08T13:54:00+05:30,10604.8,10605.7,10602,10604.5,
2018-01-08T13:55:00+05:30,10603.7,10606,10603.2,10604.5,
2018-01-08T13:56:00+05:30,10604.6,10604.8,10602.2,10603,
2018-01-08T13:57:00+05:30,10603,10603,10599.5,10602,
2018-01-08T13:58:00+05:30,10601.7,10602.6,10600,10601.5,
2018-01-08T13:59:00+05:30,10600.9,10604.4,10600.9,10604.4,
2018-01-08T14:00:00+05:30,10604.1,10606.4,10602.8,10606.4,
2018-01-08T14:01:00+05:30,10606.4,10607.9,10606.4,10607.9,
2018-01-08T14:02:00+05:30,10607.9,10608.4,10604.2,10605.5,
2018-01-08T14:03:00+05:30,10604.9,10605.6,10603.8,10605.6,
2018-01-08T14:04:00+05:30,10607.7,10607.7,10605.7,10606.5,
2018-01-08T14:05:00+05:30,10606.9,10607.6,10605.6,10606.4,
2018-01-08T14:06:00+05:30,10607.4,10608.1,10606.2,10607,
2018-01-08T14:07:00+05:30,10608.3,10609.2,10607.4,10608,
2018-01-08T14:08:00+05:30,10609.6,10609.9,10607.4,10608,
2018-01-08T14:09:00+05:30,10609.8,10609.8,10607.5,10608.1,
2018-01-08T14:10:00+05:30,10608.4,10609.6,10603.8,10606,
2018-01-08T14:11:00+05:30,10606.6,10608.3,10605.3,10605.5,
2018-01-08T14:12:00+05:30,10605.6,10608.1,10605.6,10606.8,
2018-01-08T14:13:00+05:30,10606.7,10608.5,10604.1,10604.5,
2018-01-08T14:14:00+05:30,10604.8,10607,10604.5,10604.9,
2018-01-08T14:15:00+05:30,10604.9,10607.3,10604.9,10606.7,
2018-01-08T14:16:00+05:30,10606.7,10608.6,10606.3,10606.4,
2018-01-08T14:17:00+05:30,10606.5,10610,10606.5,10608.9,
2018-01-08T14:18:00+05:30,10608.6,10611.1,10608.6,10609.1,
2018-01-08T14:19:00+05:30,10609.3,10611.4,10609.3,10610.6,
2018-01-08T14:20:00+05:30,10610.5,10612,10610.2,10610.5,
2018-01-08T14:21:00+05:30,10610.4,10613.6,10610.1,10612.8,
2018-01-08T14:22:00+05:30,10613.3,10615.4,10613.1,10613.1,
2018-01-08T14:23:00+05:30,10615.8,10615.8,10614.1,10615.7,
2018-01-08T14:24:00+05:30,10614.9,10616.1,10612,10615.1,
2018-01-08T14:25:00+05:30,10615,10615.8,10611,10613.5,
2018-01-08T14:26:00+05:30,10613,10613.9,10608.1,10608.1,
2018-01-08T14:27:00+05:30,10611,10611.2,10608.5,10609.2,
2018-01-08T14:28:00+05:30,10611.8,10611.8,10603.9,10604,
2018-01-08T14:29:00+05:30,10606.6,10606.6,10603,10603.5,
2018-01-08T14:30:00+05:30,10605.9,10606.9,10604.3,10606.2,
2018-01-08T14:31:00+05:30,10608.6,10609.2,10607,10607.5,
2018-01-08T14:32:00+05:30,10608.5,10608.7,10607.2,10607.2,
2018-01-08T14:33:00+05:30,10607.2,10610.4,10607.2,10610.4,
2018-01-08T14:34:00+05:30,10610.4,10611.9,10609.1,10609.1,
2018-01-08T14:35:00+05:30,10609.6,10611.7,10608.8,10609.2,
2018-01-08T14:36:00+05:30,10610,10610.9,10608.9,10609.4,
2018-01-08T14:37:00+05:30,10609,10611.1,10609,10609,
2018-01-08T14:38:00+05:30,10608.9,10610.9,10608.9,10609.5,
2018-01-08T14:39:00+05:30,10610,10611.8,10609.8,10610.7,
2018-01-08T14:40:00+05:30,10611.1,10613.1,10610,10611,
2018-01-08T14:41:00+05:30,10611.2,10613.3,10610.1,10610.9,
2018-01-08T14:42:00+05:30,10610.6,10612.5,10609.8,10611.2,
2018-01-08T14:43:00+05:30,10610.6,10613.7,10610,10613.4,
2018-01-08T14:44:00+05:30,10613.1,10617,10613.1,10616,
2018-01-08T14:45:00+05:30,10616.2,10618.1,10614.6,10614.6,
2018-01-08T14:46:00+05:30,10614.9,10616.1,10614,10615.7,
2018-01-08T14:47:00+05:30,10616.2,10619.5,10616.1,10617.6,
2018-01-08T14:48:00+05:30,10617.6,10617.6,10616,10616.8,
2018-01-08T14:49:00+05:30,10616.9,10618,10615.8,10617.1,
2018-01-08T14:50:00+05:30,10617.2,10617.6,10615,10615.5,
2018-01-08T14:51:00+05:30,10616,10616.1,10614.1,10616,
2018-01-08T14:52:00+05:30,10616.1,10616.7,10615.3,10616.1,
2018-01-08T14:53:00+05:30,10615.5,10616.8,10615.1,10616.2,
2018-01-08T14:54:00+05:30,10616.6,10617.6,10615,10617,
2018-01-08T14:55:00+05:30,10616.9,10617,10614.3,10615.5,
2018-01-08T14:56:00+05:30,10615.2,10617.6,10615,10615.4,
2018-01-08T14:57:00+05:30,10615.8,10617,10615.2,10615.6,
2018-01-08T14:58:00+05:30,10616.2,10618.5,10615.2,10618.2,
2018-01-08T14:59:00+05:30,10618.1,10620.9,10618,10620.6,
2018-01-08T15:00:00+05:30,10621.1,10624.9,10621.1,10623.5,
2018-01-08T15:01:00+05:30,10623.5,10624,10621.2,10622.5,
2018-01-08T15:02:00+05:30,10622.5,10624.6,10622,10624,
2018-01-08T15:03:00+05:30,10624.5,10627.1,10623.9,10626.2,
2018-01-08T15:04:00+05:30,10626.8,10627.9,10626.3,10627.4,
2018-01-08T15:05:00+05:30,10627.2,10627.7,10625.6,10625.9,
2018-01-08T15:06:00+05:30,10626.1,10627.5,10625.1,10627.3,
2018-01-08T15:07:00+05:30,10627.5,10628.3,10627.1,10627.5,
2018-01-08T15:08:00+05:30,10627.6,10629.6,10627.4,10628.6,
2018-01-08T15:09:00+05:30,10628.8,10630.8,10628.8,10629.9,
2018-01-08T15:10:00+05:30,10630,10631.1,10628.5,10628.5,
2018-01-08T15:11:00+05:30,10628.6,10629.2,10627.6,10628.1,
2018-01-08T15:12:00+05:30,10628.2,10629,10627,10627.4,
2018-01-08T15:13:00+05:30,10627.8,10628.5,10625,10625.1,
2018-01-08T15:14:00+05:30,10625.5,10627.5,10625,10625.5,
2018-01-08T15:15:00+05:30,10625.8,10627.1,10622.5,10624.2,
2018-01-08T15:16:00+05:30,10624.5,10626.5,10623.5,10624,
2018-01-08T15:17:00+05:30,10623.8,10626.6,10623.5,10626,
2018-01-08T15:18:00+05:30,10625.8,10627.8,10622.3,10622.8,
2018-01-08T15:19:00+05:30,10623.1,10623.9,10620.1,10620.5,
2018-01-08T15:20:00+05:30,10620.6,10622.7,10619.2,10619.5,
2018-01-08T15:21:00+05:30,10619.5,10620.6,10618.5,10619.4,
2018-01-08T15:22:00+05:30,10619.2,10619.9,10615.9,10616,
2018-01-08T15:23:00+05:30,10616,10617.4,10615.6,10616.9,
2018-01-08T15:24:00+05:30,10617.2,10618.4,10616.9,10616.9,
2018-01-08T15:25:00+05:30,10617.4,10618.2,10615.8,10616.1,
2018-01-08T15:26:00+05:30,10616.3,10617.4,10615.4,10616.7,
2018-01-08T15:27:00+05:30,10616.6,10617.2,10614.5,10615.5,
2018-01-08T15:28:00+05:30,10616,10618,10615.4,10616.5,
2018-01-08T15:29:00+05:30,10616.5,10619.1,10614.8,10617.9,
2018-01-09T09:15:00+05:30,10645.1,10659,10640.1,10643,
2018-01-09T09:16:00+05:30,10642.7,10644.4,10638.7,10638.9,
2018-01-09T09:17:00+05:30,10640,10640.4,10635.5,10637,
2018-01-09T09:18:00+05:30,10637.4,10638.5,10636,10636.2,
2018-01-09T09:19:00+05:30,10636.5,10636.5,10629.5,10629.5,
2018-01-09T09:20:00+05:30,10629,10629,10621.9,10621.9,
2018-01-09T09:21:00+05:30,10621.4,10622,10614.5,10615,
2018-01-09T09:22:00+05:30,10614.6,10618,10611.4,10612,
2018-01-09T09:23:00+05:30,10611.9,10613.8,10608.2,10611.2,
2018-01-09T09:24:00+05:30,10611.2,10617.2,10610.5,10616.9,
2018-01-09T09:25:00+05:30,10617.1,10623,10617.1,10622.5,
2018-01-09T09:26:00+05:30,10622.4,10623.5,10620.1,10623.5,
2018-01-09T09:27:00+05:30,10623.5,10628.5,10623.5,10627.2,
2018-01-09T09:28:00+05:30,10627.1,10627.9,10625.1,10627,
2018-01-09T09:29:00+05:30,10626.4,10627.4,10624.6,10627.1,
2018-01-09T09:30:00+05:30,10627.6,10631.4,10627.5,10630.8,
2018-01-09T09:31:00+05:30,10630.2,10630.2,10626.8,10626.8,
2018-01-09T09:32:00+05:30,10627.4,10627.5,10622.6,10622.6,
2018-01-09T09:33:00+05:30,10622.7,10622.8,10617.2,10617.2,
2018-01-09T09:34:00+05:30,10617.5,10618.3,10615,10618,
2018-01-09T09:35:00+05:30,10618.2,10618.2,10611.2,10613.3,
2018-01-09T09:36:00+05:30,10612.8,10613.5,10611.9,10611.9,
2018-01-09T09:37:00+05:30,10612,10613.6,10611.1,10613.5,
2018-01-09T09:38:00+05:30,10613.4,10616.8,10613.4,10616.8,
2018-01-09T09:39:00+05:30,10616.6,10617.5,10615.5,10616.7,
2018-01-09T09:40:00+05:30,10616.6,10618,10615.8,10617.6,
2018-01-09T09:41:00+05:30,10618.1,10618.8,10616.5,10617.2,
2018-01-09T09:42:00+05:30,10617,10618.9,10616.9,10618.2,
2018-01-09T09:43:00+05:30,10618.1,10619,10615,10615.8,
2018-01-09T09:44:00+05:30,10615.6,10617.6,10615.5,10615.6,
2018-01-09T09:45:00+05:30,10615.6,10619.7,10615.6,10619.7,
2018-01-09T09:46:00+05:30,10619.9,10623.6,10619.7,10623.1,
2018-01-09T09:47:00+05:30,10623.2,10624.5,10621.6,10622.5,
2018-01-09T09:48:00+05:30,10622.8,10625.6,10622.1,10623.8,
2018-01-09T09:49:00+05:30,10624.2,10625.9,10622.6,10622.9,
2018-01-09T09:50:00+05:30,10623,10623.5,10621.8,10622.3,
2018-01-09T09:51:00+05:30,10622.5,10624.1,10622,10622.4,
2018-01-09T09:52:00+05:30,10622.5,10625.5,10622.5,10623.8,
2018-01-09T09:53:00+05:30,10623.9,10625.9,10623.6,10625.5,
2018-01-09T09:54:00+05:30,10624.9,10625.2,10622.6,10623,
2018-01-09T09:55:00+05:30,10622.8,10625.5,10621.7,10624.9,
2018-01-09T09:56:00+05:30,10625.1,10625.3,10623,10624,
2018-01-09T09:57:00+05:30,10623.9,10625.2,10622.4,10624.8,
2018-01-09T09:58:00+05:30,10625.1,10626.5,10623.6,10624.6,
2018-01-09T09:59:00+05:30,10624.2,10625.5,10623.6,10624.4,
2018-01-09T10:00:00+05:30,10623.5,10626.8,10622.7,10626.8,
2018-01-09T10:01:00+05:30,10627.2,10629.4,10626,10626.6,
2018-01-09T10:02:00+05:30,10626.6,10627.5,10625.5,10627,
2018-01-09T10:03:00+05:30,10627.4,10629.8,10627.3,10627.4,
2018-01-09T10:04:00+05:30,10627.3,10627.9,10624.8,10626.6,
2018-01-09T10:05:00+05:30,10626.8,10628.5,10625.5,10626.4,
2018-01-09T10:06:00+05:30,10626.6,10627.2,10623.8,10625.5,
2018-01-09T10:07:00+05:30,10625.2,10627.4,10623.7,10623.7,
2018-01-09T10:08:00+05:30,10624.1,10624.1,10619.7,10619.7,
2018-01-09T10:09:00+05:30,10620.1,10621,10619.6,10620.5,
2018-01-09T10:10:00+05:30,10620.3,10624.6,10620,10622.1,
2018-01-09T10:11:00+05:30,10622.1,10625.2,10622.1,10624.3,
2018-01-09T10:12:00+05:30,10624.4,10625.1,10623.4,10624.1,
2018-01-09T10:13:00+05:30,10624.2,10627.7,10623.8,10627.6,
2018-01-09T10:14:00+05:30,10627.6,10628.2,10626,10627.2,
2018-01-09T10:15:00+05:30,10627.5,10627.9,10626.5,10626.8,
2018-01-09T10:16:00+05:30,10626.5,10628.6,10626,10628,
2018-01-09T10:17:00+05:30,10628.2,10629.5,10627.8,10629.2,
2018-01-09T10:18:00+05:30,10629.3,10630,10628.2,10628.9,
2018-01-09T10:19:00+05:30,10628.5,10629.5,10625.9,10628.4,
2018-01-09T10:20:00+05:30,10627.9,10629.4,10627.5,10628.2,
2018-01-09T10:21:00+05:30,10628.6,10629.6,10627.1,10627.4,
2018-01-09T10:22:00+05:30,10627.7,10629.3,10626.9,10629.1,
2018-01-09T10:23:00+05:30,10629.1,10630.5,10628.6,10629.3,
2018-01-09T10:24:00+05:30,10629.4,10630,10628.5,10628.9,
2018-01-09T10:25:00+05:30,10628.9,10629.5,10627.3,10628.8,
2018-01-09T10:26:00+05:30,10629.1,10629.6,10626,10627,
2018-01-09T10:27:00+05:30,10626.9,10627.7,10626.5,10627.7,
2018-01-09T10:28:00+05:30,10627.6,10629.6,10627.1,10629.5,
2018-01-09T10:29:00+05:30,10629.6,10630,10628.4,10629.3,
2018-01-09T10:30:00+05:30,10629.3,10629.5,10628.1,10628.6,
2018-01-09T10:31:00+05:30,10628.4,10630,10627.4,10627.9,
2018-01-09T10:32:00+05:30,10628,10629.4,10627.2,10628.1,
2018-01-09T10:33:00+05:30,10628,10629.9,10627.9,10628.9,
2018-01-09T10:34:00+05:30,10628.7,10629.8,10628.1,10628.1,
2018-01-09T10:35:00+05:30,10627.8,10631.8,10627.5,10631.5,
2018-01-09T10:36:00+05:30,10631.8,10633.1,10631,10632,
2018-01-09T10:37:00+05:30,10632,10633.1,10631.1,10631.6,
2018-01-09T10:38:00+05:30,10631.8,10631.8,10629.9,10630.5,
2018-01-09T10:39:00+05:30,10629.8,10633.1,10629.8,10632.2,
2018-01-09T10:40:00+05:30,10632.2,10633.8,10632.2,10633.2,
2018-01-09T10:41:00+05:30,10633.1,10636.1,10632.9,10634.8,
2018-01-09T10:42:00+05:30,10634.5,10634.9,10631.9,10632.3,
2018-01-09T10:43:00+05:30,10632.4,10633.5,10631,10632.8,
2018-01-09T10:44:00+05:30,10633.1,10633.8,10632.4,10633.1,
2018-01-09T10:45:00+05:30,10633.3,10634,10630.9,10631.2,
2018-01-09T10:46:00+05:30,10631.4,10633.6,10630.9,10632.9,
2018-01-09T10:47:00+05:30,10632.6,10633.5,10631.2,10632.2,
2018-01-09T10:48:00+05:30,10632.5,10633.6,10629.2,10630.4,
2018-01-09T10:49:00+05:30,10630.4,10632.5,10629,10632,
2018-01-09T10:50:00+05:30,10631.5,10632.5,10630.5,10630.8,
2018-01-09T10:51:00+05:30,10631,10633,10630.6,10632.9,
2018-01-09T10:52:00+05:30,10632.7,10633.4,10631.7,10632,
2018-01-09T10:53:00+05:30,10632,10632,10628.4,10628.7,
2018-01-09T10:54:00+05:30,10629,10630,10628.7,10630,
2018-01-09T10:55:00+05:30,10629.6,10630.8,10627.8,10628.1,
2018-01-09T10:56:00+05:30,10628,10629.5,10627.8,10628.1,
2018-01-09T10:57:00+05:30,10628.3,10629.8,10628.3,10628.5,
2018-01-09T10:58:00+05:30,10628,10630.6,10628,10630.4,
2018-01-09T10:59:00+05:30,10630.1,10631.5,10630.1,10631.5,
2018-01-09T11:00:00+05:30,10631.2,10631.7,10630.1,10631.2,
2018-01-09T11:01:00+05:30,10631.4,10634,10630.8,10634,
2018-01-09T11:02:00+05:30,10633.5,10634.1,10631.6,10632.1,
2018-01-09T11:03:00+05:30,10632.8,10633.9,10630.8,10630.8,
2018-01-09T11:04:00+05:30,10630.9,10631.7,10630,10631.3,
2018-01-09T11:05:00+05:30,10631.1,10632.9,10631.1,10632.9,
2018-01-09T11:06:00+05:30,10632.4,10633.5,10632.1,10632.8,
2018-01-09T11:07:00+05:30,10633.2,10633.9,10632.5,10632.6,
2018-01-09T11:08:00+05:30,10632.9,10633.4,10631.9,10632.2,
2018-01-09T11:09:00+05:30,10632.6,10634.8,10632.4,10633.8,
2018-01-09T11:10:00+05:30,10633.3,10633.7,10632.1,10632.9,
2018-01-09T11:11:00+05:30,10632.6,10634.9,10632.6,10633.6,
2018-01-09T11:12:00+05:30,10633.1,10633.9,10630.8,10633.1,
2018-01-09T11:13:00+05:30,10633.1,10633.6,10629.9,10629.9,
2018-01-09T11:14:00+05:30,10630.1,10630.5,10629.1,10629.4,
2018-01-09T11:15:00+05:30,10629.9,10631.5,10629.3,10631,
2018-01-09T11:16:00+05:30,10631,10633.1,10631,10633.1,
2018-01-09T11:17:00+05:30,10633.5,10633.7,10631.9,10632.5,
2018-01-09T11:18:00+05:30,10632.5,10632.9,10631.2,10632.9,
2018-01-09T11:19:00+05:30,10632.6,10635,10632.5,10634.1,
2018-01-09T11:20:00+05:30,10634.4,10635.1,10632.8,10633.8,
2018-01-09T11:21:00+05:30,10633.9,10634,10632.4,10633.1,
2018-01-09T11:22:00+05:30,10633.2,10633.3,10630.9,10632.2,
2018-01-09T11:23:00+05:30,10632.8,10634,10632.1,10633.2,
2018-01-09T11:24:00+05:30,10633.5,10636.6,10633.5,10636.3,
2018-01-09T11:25:00+05:30,10636.5,10636.6,10635.4,10636.2,
2018-01-09T11:26:00+05:30,10636.2,10636.4,10634.2,10634.5,
2018-01-09T11:27:00+05:30,10634.6,10635.8,10633,10633,
2018-01-09T11:28:00+05:30,10632.6,10634.1,10632.6,10633.6,
2018-01-09T11:29:00+05:30,10634.5,10636.4,10634.1,10635.9,
2018-01-09T11:30:00+05:30,10635.4,10635.5,10634,10635,
2018-01-09T11:31:00+05:30,10634.9,10635.1,10632.4,10632.6,
2018-01-09T11:32:00+05:30,10632.6,10633.2,10630.2,10631,
2018-01-09T11:33:00+05:30,10631,10632.6,10630.4,10632.4,
2018-01-09T11:34:00+05:30,10633,10633.4,10630.9,10631.1,
2018-01-09T11:35:00+05:30,10631.2,10633,10631.1,10632.3,
2018-01-09T11:36:00+05:30,10632.2,10634,10632,10633.7,
2018-01-09T11:37:00+05:30,10634,10635.1,10633.4,10633.8,
2018-01-09T11:38:00+05:30,10633.7,10634.9,10633.4,10634.3,
2018-01-09T11:39:00+05:30,10634.1,10635.7,10634.1,10635.6,
2018-01-09T11:40:00+05:30,10635.8,10636.6,10635,10635.5,
2018-01-09T11:41:00+05:30,10635.5,10636.3,10633.4,10633.9,
2018-01-09T11:42:00+05:30,10634,10635.2,10633,10635,
2018-01-09T11:43:00+05:30,10635.5,10635.5,10634.3,10634.7,
2018-01-09T11:44:00+05:30,10634.5,10634.5,10633,10633.3,
2018-01-09T11:45:00+05:30,10633.2,10633.7,10631.5,10633.3,
2018-01-09T11:46:00+05:30,10633.4,10634,10631.5,10632,
2018-01-09T11:47:00+05:30,10632,10633.2,10631.9,10633,
2018-01-09T11:48:00+05:30,10633,10633.8,10632.4,10633.1,
2018-01-09T11:49:00+05:30,10633.5,10633.6,10631.7,10632.1,
2018-01-09T11:50:00+05:30,10632.4,10633,10632,10632.2,
2018-01-09T11:51:00+05:30,10632.5,10634.5,10632.5,10634.2,
2018-01-09T11:52:00+05:30,10634.4,10634.9,10633.5,10634.8,
2018-01-09T11:53:00+05:30,10634.5,10634.9,10633.4,10633.9,
2018-01-09T11:54:00+05:30,10633.9,10633.9,10631.4,10631.4,
2018-01-09T11:55:00+05:30,10631.2,10632.4,10631.1,10631.6,
2018-01-09T11:56:00+05:30,10632,10632.9,10631.1,10632.9,
2018-01-09T11:57:00+05:30,10632.9,10634,10630.5,10631,
2018-01-09T11:58:00+05:30,10630.9,10631.8,10629.8,10630.9,
2018-01-09T11:59:00+05:30,10631,10631.5,10630.4,10631.4,
2018-01-09T12:00:00+05:30,10631.6,10631.8,10628.6,10628.8,
2018-01-09T12:01:00+05:30,10628.9,10630,10628.2,10628.7,
2018-01-09T12:02:00+05:30,10627.2,10627.5,10626.2,10626.9,
2018-01-09T12:03:00+05:30,10627.1,10629.6,10626.1,10629.1,
2018-01-09T12:04:00+05:30,10629.4,10629.4,10626.9,10627.5,
2018-01-09T12:05:00+05:30,10627.6,10627.6,10626.1,10627.1,
2018-01-09T12:06:00+05:30,10627,10627.2,10626.1,10626.5,
2018-01-09T12:07:00+05:30,10626.4,10626.9,10624.2,10624.3,
2018-01-09T12:08:00+05:30,10623.8,10625.6,10623.5,10623.5,
2018-01-09T12:09:00+05:30,10623.5,10624,10621.5,10622.8,
2018-01-09T12:10:00+05:30,10622.4,10624.5,10621.8,10622,
2018-01-09T12:11:00+05:30,10622,10624.5,10622,10622.5,
2018-01-09T12:12:00+05:30,10623.2,10623.6,10622.1,10622.6,
2018-01-09T12:13:00+05:30,10622.4,10622.4,10619.3,10620.4,
2018-01-09T12:14:00+05:30,10620.4,10621.3,10619.5,10621,
2018-01-09T12:15:00+05:30,10620.9,10621.3,10619.7,10619.9,
2018-01-09T12:16:00+05:30,10619.6,10619.6,10616,10616.2,
2018-01-09T12:17:00+05:30,10616.5,10616.5,10614.9,10615.2,
2018-01-09T12:18:00+05:30,10615.5,10617.6,10614,10617.6,
2018-01-09T12:19:00+05:30,10617.8,10619,10616,10619,
2018-01-09T12:20:00+05:30,10618.5,10622.4,10618.5,10621.2,
2018-01-09T12:21:00+05:30,10621.5,10623.6,10620.5,10620.7,
2018-01-09T12:22:00+05:30,10620.6,10621.4,10616.8,10617.3,
2018-01-09T12:23:00+05:30,10617.4,10617.8,10614.4,10615.5,
2018-01-09T12:24:00+05:30,10615.5,10616.1,10613.5,10613.6,
2018-01-09T12:25:00+05:30,10613.6,10613.8,10612.5,10613.3,
2018-01-09T12:26:00+05:30,10613.5,10617.1,10613.1,10615.5,
2018-01-09T12:27:00+05:30,10615.8,10616.1,10614,10615.4,
2018-01-09T12:28:00+05:30,10615.4,10615.8,10614.3,10614.9,
2018-01-09T12:29:00+05:30,10614.9,10615.5,10613.8,10614.5,
2018-01-09T12:30:00+05:30,10614,10616.2,10613.9,10616.2,
2018-01-09T12:31:00+05:30,10616.5,10618.6,10616.4,10618.6,
2018-01-09T12:32:00+05:30,10618.6,10619.9,10617.6,10618.1,
2018-01-09T12:33:00+05:30,10617.9,10619,10617.5,10618.7,
2018-01-09T12:34:00+05:30,10618.5,10621,10618,10620.5,
2018-01-09T12:35:00+05:30,10620.5,10621.8,10620.2,10621.6,
2018-01-09T12:36:00+05:30,10622,10624.3,10621.6,10624.2,
2018-01-09T12:37:00+05:30,10624.5,10625.5,10623.3,10623.7,
2018-01-09T12:38:00+05:30,10623.9,10625,10622.9,10624,
2018-01-09T12:39:00+05:30,10624,10625.5,10623.1,10624.5,
2018-01-09T12:40:00+05:30,10624.6,10625,10620.4,10620.8,
2018-01-09T12:41:00+05:30,10621.1,10624,10621.1,10621.2,
2018-01-09T12:42:00+05:30,10621.9,10622.2,10618,10620.3,
2018-01-09T12:43:00+05:30,10620.3,10621.1,10619.6,10621.1,
2018-01-09T12:44:00+05:30,10621,10623,10620.7,10622.7,
2018-01-09T12:45:00+05:30,10622.8,10623.5,10622.2,10622.9,
2018-01-09T12:46:00+05:30,10623,10624.4,10620.1,10620.6,
2018-01-09T12:47:00+05:30,10620.6,10624.1,10620.6,10623.6,
2018-01-09T12:48:00+05:30,10623.5,10626.6,10622.4,10626.5,
2018-01-09T12:49:00+05:30,10626.2,10626.5,10619.7,10621.9,
2018-01-09T12:50:00+05:30,10622,10623.2,10619.9,10621.5,
2018-01-09T12:51:00+05:30,10622,10626.5,10622,10626,
2018-01-09T12:52:00+05:30,10625.8,10627.1,10621.5,10627.1,
2018-01-09T12:53:00+05:30,10627,10627.3,10622.6,10623.4,
2018-01-09T12:54:00+05:30,10623.4,10625,10622.9,10622.9,
2018-01-09T12:55:00+05:30,10623.1,10623.5,10621.9,10622.2,
2018-01-09T12:56:00+05:30,10622.4,10624.8,10620.2,10624.8,
2018-01-09T12:57:00+05:30,10624.9,10626.2,10621.6,10625.8,
2018-01-09T12:58:00+05:30,10625.5,10625.5,10623.5,10623.5,
2018-01-09T12:59:00+05:30,10624,10624,10621.5,10622.8,
2018-01-09T13:00:00+05:30,10623,10623.8,10621.4,10621.8,
2018-01-09T13:01:00+05:30,10621.5,10624.5,10621,10624.1,
2018-01-09T13:02:00+05:30,10623.9,10624.1,10620.7,10620.9,
2018-01-09T13:03:00+05:30,10620.9,10621.7,10619.3,10619.8,
2018-01-09T13:04:00+05:30,10619.8,10621.6,10619.8,10621.5,
2018-01-09T13:05:00+05:30,10621.2,10623.9,10621.2,10623.9,
2018-01-09T13:06:00+05:30,10624.1,10624.6,10623.2,10623.5,
2018-01-09T13:07:00+05:30,10623.5,10625.2,10623.4,10624.8,
2018-01-09T13:08:00+05:30,10624.6,10624.8,10623.6,10624.2,
2018-01-09T13:09:00+05:30,10624.3,10624.7,10623.4,10624.1,
2018-01-09T13:10:00+05:30,10624.1,10625.4,10623.8,10624.1,
2018-01-09T13:11:00+05:30,10624.4,10624.5,10622.7,10622.9,
2018-01-09T13:12:00+05:30,10622.6,10623.9,10622,10622,
2018-01-09T13:13:00+05:30,10621.9,10623.5,10621.9,10623.3,
2018-01-09T13:14:00+05:30,10623.2,10623.7,10622.2,10622.2,
2018-01-09T13:15:00+05:30,10622.5,10624.3,10622.2,10624.2,
2018-01-09T13:16:00+05:30,10624,10625.5,10623.1,10624,
2018-01-09T13:17:00+05:30,10624,10624.6,10621.1,10621.1,
2018-01-09T13:18:00+05:30,10621.1,10621.4,10619.8,10620.4,
2018-01-09T13:19:00+05:30,10620.3,10621.5,10619.3,10619.4,
2018-01-09T13:20:00+05:30,10619.5,10620.4,10619.5,10619.8,
2018-01-09T13:21:00+05:30,10619.8,10619.8,10615.5,10615.5,
2018-01-09T13:22:00+05:30,10615.6,10616,10611.6,10611.8,
2018-01-09T13:23:00+05:30,10611,10611.6,10608,10608.6,
2018-01-09T13:24:00+05:30,10608.4,10609,10603.9,10604.2,
2018-01-09T13:25:00+05:30,10604.3,10607,10603.7,10606.5,
2018-01-09T13:26:00+05:30,10606.7,10608.4,10606.7,10607.6,
2018-01-09T13:27:00+05:30,10607.8,10609.1,10607.5,10608.2,
2018-01-09T13:28:00+05:30,10608.5,10612.1,10608.2,10610.6,
2018-01-09T13:29:00+05:30,10611,10613.6,10610.3,10613.6,
2018-01-09T13:30:00+05:30,10613.6,10618.2,10613.6,10617.7,
2018-01-09T13:31:00+05:30,10617.8,10620.2,10617.8,10619.6,
2018-01-09T13:32:00+05:30,10619.8,10620.5,10617.5,10617.6,
2018-01-09T13:33:00+05:30,10617.6,10618.8,10617.5,10617.9,
2018-01-09T13:34:00+05:30,10617.6,10618.9,10616.8,10616.8,
2018-01-09T13:35:00+05:30,10616.9,10619,10616.6,10619,
2018-01-09T13:36:00+05:30,10619.2,10620.9,10619.2,10620.5,
2018-01-09T13:37:00+05:30,10620.5,10620.5,10617,10617,
2018-01-09T13:38:00+05:30,10616.9,10618.5,10616.3,10616.9,
2018-01-09T13:39:00+05:30,10616.5,10622.8,10616.5,10620.4,
2018-01-09T13:40:00+05:30,10620.1,10621.1,10619.8,10621.1,
2018-01-09T13:41:00+05:30,10621,10622.5,10620.9,10620.9,
2018-01-09T13:42:00+05:30,10620.8,10622.4,10620.8,10621.7,
2018-01-09T13:43:00+05:30,10621.8,10623.9,10619.8,10620.1,
2018-01-09T13:44:00+05:30,10620,10621.2,10613.7,10613.7,
2018-01-09T13:45:00+05:30,10613.8,10615,10613.4,10614.1,
2018-01-09T13:46:00+05:30,10613.9,10616.4,10613.9,10614.9,
2018-01-09T13:47:00+05:30,10615.2,10617.8,10614.1,10614.5,
2018-01-09T13:48:00+05:30,10614.7,10616.7,10614.7,10615.3,
2018-01-09T13:49:00+05:30,10615.4,10620.3,10615.4,10618.6,
2018-01-09T13:50:00+05:30,10618.6,10620.8,10615.9,10616,
2018-01-09T13:51:00+05:30,10616,10619.2,10616,10616.5,
2018-01-09T13:52:00+05:30,10616.5,10621.4,10616.5,10618.7,
2018-01-09T13:53:00+05:30,10618.8,10620.5,10618.8,10619,
2018-01-09T13:54:00+05:30,10618.9,10621,10618.9,10619.9,
2018-01-09T13:55:00+05:30,10620,10622.6,10620,10621.3,
2018-01-09T13:56:00+05:30,10621.3,10622.4,10619.6,10619.6,
2018-01-09T13:57:00+05:30,10619.8,10622.3,10619.8,10621.9,
2018-01-09T13:58:00+05:30,10621.6,10623.5,10620.8,10620.9,
2018-01-09T13:59:00+05:30,10621.2,10622.5,10621.2,10621.2,
2018-01-09T14:00:00+05:30,10621.4,10623.2,10621.4,10622.3,
2018-01-09T14:01:00+05:30,10622,10624,10621.4,10621.7,
2018-01-09T14:02:00+05:30,10621.8,10623.5,10621.8,10622,
2018-01-09T14:03:00+05:30,10622.2,10624.5,10622.2,10622.8,
2018-01-09T14:04:00+05:30,10623.2,10625.9,10623.2,10624.6,
2018-01-09T14:05:00+05:30,10624.7,10626.1,10623.5,10623.5,
2018-01-09T14:06:00+05:30,10623.5,10625,10620.1,10620.1,
2018-01-09T14:07:00+05:30,10620.5,10625.5,10620.5,10621.7,
2018-01-09T14:08:00+05:30,10621.6,10626.3,10621.6,10623.9,
2018-01-09T14:09:00+05:30,10624.1,10626.9,10624.1,10626.1,
2018-01-09T14:10:00+05:30,10626.2,10630.5,10626.2,10629.2,
2018-01-09T14:11:00+05:30,10630,10632.2,10630,10631.5,
2018-01-09T14:12:00+05:30,10630.7,10631.5,10624.6,10630,
2018-01-09T14:13:00+05:30,10630.1,10631,10628,10628,
2018-01-09T14:14:00+05:30,10628.1,10629.2,10627.8,10627.8,
2018-01-09T14:15:00+05:30,10627.9,10630.5,10627.9,10628.8,
2018-01-09T14:16:00+05:30,10628.9,10629.9,10624.5,10624.5,
2018-01-09T14:17:00+05:30,10624.7,10627.4,10624.1,10624.1,
2018-01-09T14:18:00+05:30,10624.4,10626.1,10622.5,10623.1,
2018-01-09T14:19:00+05:30,10623,10625.1,10622.5,10622.5,
2018-01-09T14:20:00+05:30,10622.6,10623.2,10621.8,10621.9,
2018-01-09T14:21:00+05:30,10621.8,10623.8,10621.8,10622.3,
2018-01-09T14:22:00+05:30,10622.6,10628,10622.6,10625.4,
2018-01-09T14:23:00+05:30,10625.5,10628.3,10625.5,10627.2,
2018-01-09T14:24:00+05:30,10627.2,10628.4,10624.5,10626,
2018-01-09T14:25:00+05:30,10626,10627.6,10625.6,10626.8,
2018-01-09T14:26:00+05:30,10626.8,10627.2,10625.1,10626.8,
2018-01-09T14:27:00+05:30,10626.8,10628.5,10626.5,10628.5,
2018-01-09T14:28:00+05:30,10628.5,10629.9,10628.3,10629,
2018-01-09T14:29:00+05:30,10629,10630,10628.1,10628.4,
2018-01-09T14:30:00+05:30,10628.7,10629.4,10625.4,10626,
2018-01-09T14:31:00+05:30,10625.9,10628.8,10625.9,10628,
2018-01-09T14:32:00+05:30,10627.9,10628.8,10626.5,10626.9,
2018-01-09T14:33:00+05:30,10626.8,10628,10626.4,10626.5,
2018-01-09T14:34:00+05:30,10626.5,10627.7,10625.8,10627,
2018-01-09T14:35:00+05:30,10626.9,10632.5,10626.9,10632.5,
2018-01-09T14:36:00+05:30,10632.5,10634.5,10631.3,10631.4,
2018-01-09T14:37:00+05:30,10631.6,10633.5,10630.9,10631,
2018-01-09T14:38:00+05:30,10630.8,10631.9,10628.5,10629.5,
2018-01-09T14:39:00+05:30,10629.6,10631,10629.6,10630.1,
2018-01-09T14:40:00+05:30,10630.1,10631.3,10629.1,10629.4,
2018-01-09T14:41:00+05:30,10628.9,10630.4,10627.6,10627.6,
2018-01-09T14:42:00+05:30,10627.1,10628.8,10627.1,10628.1,
2018-01-09T14:43:00+05:30,10628,10629.2,10626.6,10628.1,
2018-01-09T14:44:00+05:30,10627.6,10629.2,10627.6,10629.2,
2018-01-09T14:45:00+05:30,10629,10631.4,10628.6,10628.6,
2018-01-09T14:46:00+05:30,10628.8,10630.2,10626.6,10630.2,
2018-01-09T14:47:00+05:30,10629.5,10631.7,10629,10629.8,
2018-01-09T14:48:00+05:30,10629.6,10632,10629.5,10631.5,
2018-01-09T14:49:00+05:30,10631.6,10633,10631.4,10632.6,
2018-01-09T14:50:00+05:30,10632.8,10633.1,10631.2,10631.2,
2018-01-09T14:51:00+05:30,10631.2,10632,10630.8,10631.4,
2018-01-09T14:52:00+05:30,10631.5,10634.2,10631.1,10634.2,
2018-01-09T14:53:00+05:30,10634.5,10636.4,10634.4,10635.4,
2018-01-09T14:54:00+05:30,10635.5,10636,10633.5,10634.2,
2018-01-09T14:55:00+05:30,10634.2,10634.6,10632.1,10632.9,
2018-01-09T14:56:00+05:30,10632.6,10633.1,10631.7,10633.1,
2018-01-09T14:57:00+05:30,10633.3,10634.5,10633,10633.7,
2018-01-09T14:58:00+05:30,10633.2,10634.8,10633.2,10633.5,
2018-01-09T14:59:00+05:30,10634.2,10635.4,10633.8,10634.9,
2018-01-09T15:00:00+05:30,10634.6,10640.6,10634.6,10640.6,
2018-01-09T15:01:00+05:30,10640.8,10641.2,10639.4,10639.6,
2018-01-09T15:02:00+05:30,10639.8,10645,10639.7,10645,
2018-01-09T15:03:00+05:30,10645.4,10645.4,10644,10644,
2018-01-09T15:04:00+05:30,10644,10645,10643.6,10644.6,
2018-01-09T15:05:00+05:30,10644.8,10646.1,10644.6,10645.9,
2018-01-09T15:06:00+05:30,10646,10646.7,10643.4,10643.7,
2018-01-09T15:07:00+05:30,10643.9,10644.5,10642.1,10642.5,
2018-01-09T15:08:00+05:30,10642.4,10642.9,10640.9,10641.2,
2018-01-09T15:09:00+05:30,10641.2,10641.6,10639.1,10639.1,
2018-01-09T15:10:00+05:30,10639.2,10639.4,10633.2,10633.7,
2018-01-09T15:11:00+05:30,10633.1,10637.5,10632.7,10637.3,
2018-01-09T15:12:00+05:30,10637,10638.1,10635.5,10635.6,
2018-01-09T15:13:00+05:30,10635.6,10637.1,10635.2,10636.8,
2018-01-09T15:14:00+05:30,10637.2,10637.5,10636.4,10636.6,
2018-01-09T15:15:00+05:30,10636.8,10637.2,10634.1,10635.4,
2018-01-09T15:16:00+05:30,10635.3,10635.4,10632.1,10632.4,
2018-01-09T15:17:00+05:30,10632.6,10633.6,10631.5,10632.9,
2018-01-09T15:18:00+05:30,10633.2,10635.9,10633.2,10635.4,
2018-01-09T15:19:00+05:30,10635.2,10637.8,10635.1,10637.2,
2018-01-09T15:20:00+05:30,10637.3,10638.5,10635,10635,
2018-01-09T15:21:00+05:30,10635.4,10635.6,10632.8,10633.1,
2018-01-09T15:22:00+05:30,10634,10634,10628.8,10629.5,
2018-01-09T15:23:00+05:30,10629.5,10631.6,10629.2,10631.6,
2018-01-09T15:24:00+05:30,10631.6,10633.6,10631.4,10633.4,
2018-01-09T15:25:00+05:30,10634,10634.1,10632.3,10632.3,
2018-01-09T15:26:00+05:30,10632.5,10633,10630.6,10631.8,
2018-01-09T15:27:00+05:30,10632.7,10633.1,10630.9,10631.1,
2018-01-09T15:28:00+05:30,10631.5,10631.6,10628.3,10628.9,
2018-01-09T15:29:00+05:30,10628.5,10633,10626.4,10628.3,
2018-01-10T09:15:00+05:30,10652,10655,10648.7,10653,
2018-01-10T09:16:00+05:30,10652.6,10652.6,10636.7,10637.6,
2018-01-10T09:17:00+05:30,10637.4,10640.1,10637.2,10639.3,
2018-01-10T09:18:00+05:30,10639.3,10641.5,10638.5,10640.3,
2018-01-10T09:19:00+05:30,10640.9,10642.7,10637,10637.5,
2018-01-10T09:20:00+05:30,10637.4,10639.6,10631,10631,
2018-01-10T09:21:00+05:30,10631,10632.1,10628.3,10630.9,
2018-01-10T09:22:00+05:30,10631.6,10634.8,10630.8,10633.5,
2018-01-10T09:23:00+05:30,10634,10636.5,10634,10635.1,
2018-01-10T09:24:00+05:30,10634.5,10638.7,10634.1,10638.5,
2018-01-10T09:25:00+05:30,10638.2,10639.8,10637.2,10638.6,
2018-01-10T09:26:00+05:30,10637.9,10641.5,10637.6,10639.4,
2018-01-10T09:27:00+05:30,10639.2,10640.2,10638.8,10639.4,
2018-01-10T09:28:00+05:30,10639.5,10642.3,10638.9,10641.2,
2018-01-10T09:29:00+05:30,10641,10642,10635.6,10637.2,
2018-01-10T09:30:00+05:30,10637.3,10638.1,10635.4,10636,
2018-01-10T09:31:00+05:30,10636,10636.4,10631.9,10631.9,
2018-01-10T09:32:00+05:30,10631.5,10633.4,10631.5,10632,
2018-01-10T09:33:00+05:30,10632,10633,10631.2,10631.7,
2018-01-10T09:34:00+05:30,10632,10633.5,10631,10632.3,
2018-01-10T09:35:00+05:30,10632,10634.1,10631.7,10634,
2018-01-10T09:36:00+05:30,10634.8,10636.3,10631.4,10631.5,
2018-01-10T09:37:00+05:30,10631.8,10631.9,10630.2,10630.9,
2018-01-10T09:38:00+05:30,10630.9,10634.4,10630.6,10633.5,
2018-01-10T09:39:00+05:30,10633.6,10636.2,10632.5,10635,
2018-01-10T09:40:00+05:30,10634.9,10636.5,10634,10634.8,
2018-01-10T09:41:00+05:30,10635,10636.1,10633,10634.1,
2018-01-10T09:42:00+05:30,10633.9,10637,10633.5,10637,
2018-01-10T09:43:00+05:30,10637,10637,10634.2,10635.9,
2018-01-10T09:44:00+05:30,10635.9,10639.1,10635.7,10637.8,
2018-01-10T09:45:00+05:30,10637.9,10641.5,10637.9,10641.3,
2018-01-10T09:46:00+05:30,10641.5,10642.1,10640.3,10641.5,
2018-01-10T09:47:00+05:30,10641.2,10641.9,10639.7,10639.9,
2018-01-10T09:48:00+05:30,10640.4,10641.1,10637.2,10637.4,
2018-01-10T09:49:00+05:30,10637.5,10638.6,10637.2,10638.4,
2018-01-10T09:50:00+05:30,10638.5,10639.9,10636.5,10639,
2018-01-10T09:51:00+05:30,10638.9,10639.9,10638,10639.5,
2018-01-10T09:52:00+05:30,10639.5,10640.3,10637.9,10638.5,
2018-01-10T09:53:00+05:30,10638.5,10641,10638,10640.3,
2018-01-10T09:54:00+05:30,10640.1,10641.5,10639.9,10640.8,
2018-01-10T09:55:00+05:30,10641.5,10641.6,10640,10640.5,
2018-01-10T09:56:00+05:30,10640.5,10641.8,10640,10640.8,
2018-01-10T09:57:00+05:30,10641.1,10642,10638.3,10638.5,
2018-01-10T09:58:00+05:30,10638.5,10641.4,10638.5,10640.3,
2018-01-10T09:59:00+05:30,10640.2,10641.8,10639.5,10641.1,
2018-01-10T10:00:00+05:30,10641.2,10643.7,10640.4,10643.7,
2018-01-10T10:01:00+05:30,10644,10644.4,10642.9,10643.8,
2018-01-10T10:02:00+05:30,10643.6,10643.6,10640.5,10642.5,
2018-01-10T10:03:00+05:30,10642.2,10643.9,10641.6,10642.2,
2018-01-10T10:04:00+05:30,10642.2,10642.5,10638.5,10638.9,
2018-01-10T10:05:00+05:30,10639,10639.3,10637.1,10638.4,
2018-01-10T10:06:00+05:30,10638.2,10638.5,10634.9,10634.9,
2018-01-10T10:07:00+05:30,10634.6,10639.5,10634.6,10639.5,
2018-01-10T10:08:00+05:30,10639,10640,10636.8,10637.8,
2018-01-10T10:09:00+05:30,10638,10638.3,10636.9,10637.4,
2018-01-10T10:10:00+05:30,10637.3,10639.2,10636.5,10639.2,
2018-01-10T10:11:00+05:30,10638.8,10639.5,10637.5,10638.4,
2018-01-10T10:12:00+05:30,10638.2,10638.2,10636.6,10637,
2018-01-10T10:13:00+05:30,10636.7,10638.3,10636.5,10638,
2018-01-10T10:14:00+05:30,10638.2,10639.3,10637.6,10638.8,
2018-01-10T10:15:00+05:30,10638.8,10639,10637.4,10637.9,
2018-01-10T10:16:00+05:30,10637.9,10639,10636.4,10637.1,
2018-01-10T10:17:00+05:30,10637,10637,10635,10635.5,
2018-01-10T10:18:00+05:30,10635.6,10636.6,10635.3,10636.5,
2018-01-10T10:19:00+05:30,10636.5,10636.9,10634.9,10635.5,
2018-01-10T10:20:00+05:30,10635.2,10636.5,10634.4,10636.4,
2018-01-10T10:21:00+05:30,10636.1,10638,10635.7,10637.9,
2018-01-10T10:22:00+05:30,10637.9,10638.3,10637,10637.8,
2018-01-10T10:23:00+05:30,10637.8,10639.1,10637.7,10639,
2018-01-10T10:24:00+05:30,10638.9,10639.2,10638.1,10638.1,
2018-01-10T10:25:00+05:30,10637.9,10638.3,10637.1,10637.9,
2018-01-10T10:26:00+05:30,10637.9,10638.6,10637.8,10638.2,
2018-01-10T10:27:00+05:30,10638.2,10638.8,10637.7,10638.5,
2018-01-10T10:28:00+05:30,10638.4,10640.3,10638.1,10640.3,
2018-01-10T10:29:00+05:30,10640.2,10640.4,10639.4,10640.4,
2018-01-10T10:30:00+05:30,10640.4,10641.4,10639.8,10640.9,
2018-01-10T10:31:00+05:30,10640.6,10640.9,10638.7,10640.1,
2018-01-10T10:32:00+05:30,10640.2,10640.5,10637.4,10637.4,
2018-01-10T10:33:00+05:30,10637.2,10640.8,10637,10639,
2018-01-10T10:34:00+05:30,10639.2,10641,10639.2,10640.2,
2018-01-10T10:35:00+05:30,10640.4,10640.4,10638.5,10638.5,
2018-01-10T10:36:00+05:30,10638.4,10641.5,10638.1,10641.5,
2018-01-10T10:37:00+05:30,10641.5,10641.5,10639.6,10639.9,
2018-01-10T10:38:00+05:30,10640,10640.2,10638.8,10639.5,
2018-01-10T10:39:00+05:30,10639.5,10639.5,10638,10638.4,
2018-01-10T10:40:00+05:30,10638.4,10638.6,10637.5,10637.5,
2018-01-10T10:41:00+05:30,10637.5,10638.1,10636.7,10636.8,
2018-01-10T10:42:00+05:30,10636.6,10637.2,10633,10633.2,
2018-01-10T10:43:00+05:30,10633.5,10633.6,10630.5,10630.6,
2018-01-10T10:44:00+05:30,10630.6,10631.3,10629.1,10630.2,
2018-01-10T10:45:00+05:30,10630.4,10632.5,10630.1,10632.1,
2018-01-10T10:46:00+05:30,10632.1,10632.1,10629.6,10629.8,
2018-01-10T10:47:00+05:30,10629.8,10630,10626.5,10627.4,
2018-01-10T10:48:00+05:30,10628,10628.4,10626,10626,
2018-01-10T10:49:00+05:30,10626.5,10627.4,10625.9,10627.4,
2018-01-10T10:50:00+05:30,10627.5,10629.4,10626.8,10629.4,
2018-01-10T10:51:00+05:30,10629.8,10632.5,10629.7,10632.5,
2018-01-10T10:52:00+05:30,10632.4,10632.9,10631,10631.2,
2018-01-10T10:53:00+05:30,10631.1,10631.6,10629.4,10630.3,
2018-01-10T10:54:00+05:30,10630.5,10630.5,10628.5,10629,
2018-01-10T10:55:00+05:30,10629,10631.1,10628.3,10630.7,
2018-01-10T10:56:00+05:30,10630.9,10632,10630.1,10630.8,
2018-01-10T10:57:00+05:30,10630.8,10631,10628.5,10628.5,
2018-01-10T10:58:00+05:30,10629,10629,10624.1,10624.1,
2018-01-10T10:59:00+05:30,10624.6,10625.4,10623.4,10625,
2018-01-10T11:00:00+05:30,10625.1,10625.2,10621.3,10622,
2018-01-10T11:01:00+05:30,10622.1,10622.1,10617.7,10618.4,
2018-01-10T11:02:00+05:30,10618.2,10619.4,10616.3,10618.2,
2018-01-10T11:03:00+05:30,10618.1,10619.5,10614.5,10614.9,
2018-01-10T11:04:00+05:30,10615.1,10619.5,10614.5,10618,
2018-01-10T11:05:00+05:30,10618.1,10619.6,10617.9,10618.5,
2018-01-10T11:06:00+05:30,10618.5,10619.9,10618.1,10618.9,
2018-01-10T11:07:00+05:30,10619,10621,10618.7,10620.3,
2018-01-10T11:08:00+05:30,10620.6,10622.9,10620.6,10622.8,
2018-01-10T11:09:00+05:30,10623,10625.3,10622.9,10624.8,
2018-01-10T11:10:00+05:30,10624.7,10624.9,10623.4,10624.5,
2018-01-10T11:11:00+05:30,10624.2,10626,10623.9,10624.4,
2018-01-10T11:12:00+05:30,10624.1,10625.6,10623.6,10625.5,
2018-01-10T11:13:00+05:30,10625.2,10626.1,10623.9,10625.1,
2018-01-10T11:14:00+05:30,10625.2,10627.2,10624.8,10627.2,
2018-01-10T11:15:00+05:30,10627.2,10628,10627.1,10627.3,
2018-01-10T11:16:00+05:30,10627.1,10627.6,10624.1,10624.2,
2018-01-10T11:17:00+05:30,10624.5,10625.2,10624,10625,
2018-01-10T11:18:00+05:30,10624.9,10625.7,10623.9,10625.4,
2018-01-10T11:19:00+05:30,10625.5,10625.5,10624,10624,
2018-01-10T11:20:00+05:30,10624,10624.4,10623,10623.7,
2018-01-10T11:21:00+05:30,10623.8,10625.6,10622.4,10622.5,
2018-01-10T11:22:00+05:30,10622.6,10623.3,10622,10623,
2018-01-10T11:23:00+05:30,10622.7,10624,10621.9,10623.9,
2018-01-10T11:24:00+05:30,10623.5,10623.5,10622.3,10623.2,
2018-01-10T11:25:00+05:30,10623.2,10623.3,10621.9,10622.9,
2018-01-10T11:26:00+05:30,10622.9,10623,10621.2,10621.7,
2018-01-10T11:27:00+05:30,10621.7,10622.5,10621.5,10622.1,
2018-01-10T11:28:00+05:30,10622.1,10623.9,10621.8,10623.8,
2018-01-10T11:29:00+05:30,10623.5,10623.6,10621.4,10622.2,
2018-01-10T11:30:00+05:30,10622.2,10622.2,10619.8,10620.1,
2018-01-10T11:31:00+05:30,10620,10620.1,10618.9,10619.5,
2018-01-10T11:32:00+05:30,10619.8,10620.4,10619.2,10619.9,
2018-01-10T11:33:00+05:30,10619.5,10620,10618.4,10618.6,
2018-01-10T11:34:00+05:30,10618.8,10619.2,10616.9,10616.9,
2018-01-10T11:35:00+05:30,10617,10617.3,10613,10613,
2018-01-10T11:36:00+05:30,10612.4,10613.5,10611.2,10612.4,
2018-01-10T11:37:00+05:30,10612.6,10613,10611.6,10612.2,
2018-01-10T11:38:00+05:30,10612.5,10613.8,10610.1,10610.2,
2018-01-10T11:39:00+05:30,10609.7,10609.9,10599.8,10599.8,
2018-01-10T11:40:00+05:30,10599.9,10601.4,10598.5,10601,
2018-01-10T11:41:00+05:30,10601,10604.7,10600.5,10604.7,
2018-01-10T11:42:00+05:30,10604.4,10606.2,10603.8,10604.2,
2018-01-10T11:43:00+05:30,10604.4,10605.6,10603,10605.4,
2018-01-10T11:44:00+05:30,10605.2,10609.3,10605.2,10608.5,
2018-01-10T11:45:00+05:30,10608.6,10610.2,10608.2,10609.9,
2018-01-10T11:46:00+05:30,10610,10610,10608.6,10608.6,
2018-01-10T11:47:00+05:30,10608.5,10608.5,10599.1,10599.2,
2018-01-10T11:48:00+05:30,10599,10599,10592.9,10594.8,
2018-01-10T11:49:00+05:30,10595.1,10598.5,10595,10597.7,
2018-01-10T11:50:00+05:30,10598,10602.4,10597.5,10602.1,
2018-01-10T11:51:00+05:30,10602.7,10604.1,10599.2,10600.5,
2018-01-10T11:52:00+05:30,10600.6,10600.6,10597.4,10598,
2018-01-10T11:53:00+05:30,10598,10599.7,10597.6,10599.6,
2018-01-10T11:54:00+05:30,10599.6,10599.6,10595,10595.5,
2018-01-10T11:55:00+05:30,10595.9,10596.6,10595.1,10595.1,
2018-01-10T11:56:00+05:30,10594.8,10596,10593.5,10593.9,
2018-01-10T11:57:00+05:30,10594,10595.5,10593.2,10595.5,
2018-01-10T11:58:00+05:30,10595.5,10598.1,10595,10597.3,
2018-01-10T11:59:00+05:30,10597.2,10599.7,10597.2,10599.7,
2018-01-10T12:00:00+05:30,10599.4,10601.1,10599.3,10600.5,
2018-01-10T12:01:00+05:30,10600.4,10603.5,10600.1,10603.5,
2018-01-10T12:02:00+05:30,10603.6,10606,10603.2,10604.2,
2018-01-10T12:03:00+05:30,10604.1,10605.9,10603.7,10605,
2018-01-10T12:04:00+05:30,10605.1,10607.1,10602.8,10603,
2018-01-10T12:05:00+05:30,10603.2,10605.6,10602.6,10602.6,
2018-01-10T12:06:00+05:30,10603,10603.5,10602,10602.5,
2018-01-10T12:07:00+05:30,10602.2,10604.2,10602.1,10604.2,
2018-01-10T12:08:00+05:30,10604.2,10605.6,10604.2,10604.8,
2018-01-10T12:09:00+05:30,10604.6,10606.9,10604.5,10606,
2018-01-10T12:10:00+05:30,10606.2,10607.5,10604.5,10604.5,
2018-01-10T12:11:00+05:30,10604.6,10606.8,10604.6,10606.1,
2018-01-10T12:12:00+05:30,10605.8,10607.4,10603.2,10605.5,
2018-01-10T12:13:00+05:30,10605.7,10606.5,10605,10606,
2018-01-10T12:14:00+05:30,10605.9,10608,10605.4,10607.5,
2018-01-10T12:15:00+05:30,10607.1,10609.4,10607.1,10608.7,
2018-01-10T12:16:00+05:30,10608.8,10611.5,10608.6,10610.5,
2018-01-10T12:17:00+05:30,10609.8,10611.1,10607.9,10608.1,
2018-01-10T12:18:00+05:30,10608.4,10609,10607.2,10607.8,
2018-01-10T12:19:00+05:30,10607.8,10607.9,10606.4,10607,
2018-01-10T12:20:00+05:30,10606.9,10606.9,10603.6,10604.5,
2018-01-10T12:21:00+05:30,10604.6,10606.2,10604.6,10605.7,
2018-01-10T12:22:00+05:30,10605.6,10605.6,10604.2,10605.1,
2018-01-10T12:23:00+05:30,10605.1,10608.1,10605.1,10607.3,
2018-01-10T12:24:00+05:30,10607.1,10608.8,10607,10608.4,
2018-01-10T12:25:00+05:30,10608.5,10610.1,10607.6,10609.5,
2018-01-10T12:26:00+05:30,10609.5,10609.6,10608.6,10608.9,
2018-01-10T12:27:00+05:30,10608.9,10610.1,10608.4,10608.5,
2018-01-10T12:28:00+05:30,10608.3,10610.4,10608.2,10609.7,
2018-01-10T12:29:00+05:30,10609.6,10612.3,10609.4,10611.4,
2018-01-10T12:30:00+05:30,10610.8,10615.8,10610.8,10615.8,
2018-01-10T12:31:00+05:30,10615.3,10616.8,10613.5,10616.4,
2018-01-10T12:32:00+05:30,10616,10617.3,10613.8,10614,
2018-01-10T12:33:00+05:30,10614.1,10615.1,10612.5,10613.5,
2018-01-10T12:34:00+05:30,10613.2,10614.2,10611,10611.6,
2018-01-10T12:35:00+05:30,10611.5,10611.8,10606.8,10606.8,
2018-01-10T12:36:00+05:30,10607,10609.2,10607,10607.4,
2018-01-10T12:37:00+05:30,10607.6,10607.8,10604,10604,
2018-01-10T12:38:00+05:30,10604.1,10604.4,10602.4,10603.5,
2018-01-10T12:39:00+05:30,10603.7,10606.4,10603.7,10606.1,
2018-01-10T12:40:00+05:30,10606,10606.5,10605.1,10605.5,
2018-01-10T12:41:00+05:30,10606,10607.4,10605.2,10607.1,
2018-01-10T12:42:00+05:30,10607.2,10609.1,10606.5,10609,
2018-01-10T12:43:00+05:30,10609,10610.5,10608.7,10610.5,
2018-01-10T12:44:00+05:30,10610.7,10611.1,10606.8,10608.5,
2018-01-10T12:45:00+05:30,10608.5,10611,10607.7,10611,
2018-01-10T12:46:00+05:30,10610.7,10611.1,10609.7,10610.6,
2018-01-10T12:47:00+05:30,10610.4,10612.4,10608.5,10608.8,
2018-01-10T12:48:00+05:30,10608.9,10610.2,10607.7,10608.5,
2018-01-10T12:49:00+05:30,10608.5,10608.8,10607.1,10607.5,
2018-01-10T12:50:00+05:30,10607.3,10608.3,10605.5,10606.3,
2018-01-10T12:51:00+05:30,10606.1,10606.1,10605.1,10605.5,
2018-01-10T12:52:00+05:30,10605.4,10606,10604.5,10606,
2018-01-10T12:53:00+05:30,10606.1,10609.1,10604.6,10608,
2018-01-10T12:54:00+05:30,10608,10608.3,10607.1,10607.9,
2018-01-10T12:55:00+05:30,10608,10610.1,10607.7,10608.4,
2018-01-10T12:56:00+05:30,10608.6,10609.3,10608.4,10608.9,
2018-01-10T12:57:00+05:30,10608.7,10609.8,10606.5,10607,
2018-01-10T12:58:00+05:30,10607,10608.9,10606.2,10608.5,
2018-01-10T12:59:00+05:30,10609.4,10610.2,10608.3,10609.5,
2018-01-10T13:00:00+05:30,10609.6,10615.8,10609.2,10615.8,
2018-01-10T13:01:00+05:30,10615.6,10616.9,10614.6,10616.6,
2018-01-10T13:02:00+05:30,10616.6,10618.1,10615.6,10616,
2018-01-10T13:03:00+05:30,10616.1,10616.5,10614.1,10615.5,
2018-01-10T13:04:00+05:30,10615.5,10616,10614.1,10614.1,
2018-01-10T13:05:00+05:30,10613.5,10615.5,10612.8,10613.4,
2018-01-10T13:06:00+05:30,10613,10614.4,10613,10614,
2018-01-10T13:07:00+05:30,10614,10614.2,10612.5,10612.5,
2018-01-10T13:08:00+05:30,10612.7,10613.1,10612,10612.9,
2018-01-10T13:09:00+05:30,10612.8,10612.8,10611.1,10611.4,
2018-01-10T13:10:00+05:30,10611.3,10611.7,10610.4,10610.5,
2018-01-10T13:11:00+05:30,10610.5,10613,10610.4,10612.5,
2018-01-10T13:12:00+05:30,10612.9,10614.2,10612.4,10613.8,
2018-01-10T13:13:00+05:30,10613.8,10614.6,10613.1,10613.4,
2018-01-10T13:14:00+05:30,10613.3,10613.9,10612.5,10613.4,
2018-01-10T13:15:00+05:30,10614,10615.4,10614,10615.4,
2018-01-10T13:16:00+05:30,10615.4,10615.5,10614.8,10615,
2018-01-10T13:17:00+05:30,10614.7,10615.6,10613,10613.4,
2018-01-10T13:18:00+05:30,10613.4,10614.5,10612.5,10613,
2018-01-10T13:19:00+05:30,10613.2,10613.8,10612.7,10613.8,
2018-01-10T13:20:00+05:30,10614.2,10614.2,10612.3,10613.2,
2018-01-10T13:21:00+05:30,10613.2,10614,10612.7,10613.8,
2018-01-10T13:22:00+05:30,10613.6,10615.1,10613.5,10614.5,
2018-01-10T13:23:00+05:30,10614.5,10615.5,10614.1,10614.4,
2018-01-10T13:24:00+05:30,10614.2,10614.2,10606.1,10606.1,
2018-01-10T13:25:00+05:30,10606,10609,10606,10608.3,
2018-01-10T13:26:00+05:30,10608.5,10610.4,10608.4,10610.1,
2018-01-10T13:27:00+05:30,10610.5,10612.2,10609.2,10610.5,
2018-01-10T13:28:00+05:30,10610.6,10612.2,10609.8,10612.2,
2018-01-10T13:29:00+05:30,10612.5,10612.5,10610.9,10611.6,
2018-01-10T13:30:00+05:30,10611.6,10611.9,10610.9,10611.4,
2018-01-10T13:31:00+05:30,10611.6,10612.1,10611.1,10611.6,
2018-01-10T13:32:00+05:30,10611.6,10611.8,10607.5,10607.5,
2018-01-10T13:33:00+05:30,10607.2,10609.1,10607,10608.6,
2018-01-10T13:34:00+05:30,10608.5,10608.6,10606.9,10608.5,
2018-01-10T13:35:00+05:30,10608.5,10612.1,10608.1,10612.1,
2018-01-10T13:36:00+05:30,10612.1,10613.1,10611.9,10612.5,
2018-01-10T13:37:00+05:30,10612.6,10613.6,10609,10611,
2018-01-10T13:38:00+05:30,10610.9,10611.5,10610.4,10611.3,
2018-01-10T13:39:00+05:30,10611.4,10611.5,10608.1,10609.8,
2018-01-10T13:40:00+05:30,10610,10611.2,10609.9,10610.8,
2018-01-10T13:41:00+05:30,10610.8,10611.9,10610.4,10611.2,
2018-01-10T13:42:00+05:30,10611.1,10611.2,10609,10609,
2018-01-10T13:43:00+05:30,10609.1,10610,10607.8,10609.7,
2018-01-10T13:44:00+05:30,10609.6,10611.9,10609.4,10611.5,
2018-01-10T13:45:00+05:30,10611.5,10612.3,10610.9,10611.9,
2018-01-10T13:46:00+05:30,10611.6,10614.6,10611.6,10613.5,
2018-01-10T13:47:00+05:30,10613.8,10616.9,10613.3,10616.1,
2018-01-10T13:48:00+05:30,10616.4,10616.8,10613.6,10614.6,
2018-01-10T13:49:00+05:30,10614.8,10615.5,10612.2,10615.5,
2018-01-10T13:50:00+05:30,10614.9,10616.4,10614.9,10616.4,
2018-01-10T13:51:00+05:30,10616.4,10617,10615,10616.6,
2018-01-10T13:52:00+05:30,10616.8,10617.3,10614.6,10614.8,
2018-01-10T13:53:00+05:30,10614.7,10618,10614.7,10616,
2018-01-10T13:54:00+05:30,10616.3,10617.8,10616,10616.3,
2018-01-10T13:55:00+05:30,10616.2,10620.9,10616.2,10618.4,
2018-01-10T13:56:00+05:30,10618.5,10620.5,10618,10620,
2018-01-10T13:57:00+05:30,10620.3,10623.5,10619.7,10620.7,
2018-01-10T13:58:00+05:30,10621,10622.5,10620.1,10621,
2018-01-10T13:59:00+05:30,10621.1,10621.8,10620.5,10621.8,
2018-01-10T14:00:00+05:30,10621.8,10622.6,10621.5,10622.5,
2018-01-10T14:01:00+05:30,10622.5,10624.3,10622.5,10622.9,
2018-01-10T14:02:00+05:30,10622.9,10623.9,10621.9,10623,
2018-01-10T14:03:00+05:30,10622.7,10624.4,10622.5,10623.6,
2018-01-10T14:04:00+05:30,10623.7,10623.7,10622.9,10623.4,
2018-01-10T14:05:00+05:30,10623.4,10629.2,10623.4,10628.2,
2018-01-10T14:06:00+05:30,10628.2,10631.2,10627.7,10630.2,
2018-01-10T14:07:00+05:30,10630.1,10631.4,10629,10630.5,
2018-01-10T14:08:00+05:30,10630.4,10630.7,10627,10627.2,
2018-01-10T14:09:00+05:30,10627.6,10628.4,10625.8,10626,
2018-01-10T14:10:00+05:30,10625.8,10626.7,10625.4,10625.7,
2018-01-10T14:11:00+05:30,10625.5,10626.3,10624.9,10626.3,
2018-01-10T14:12:00+05:30,10626.1,10627.5,10625.6,10627.4,
2018-01-10T14:13:00+05:30,10627.4,10630.8,10627.3,10630.2,
2018-01-10T14:14:00+05:30,10630.3,10632.5,10627.3,10627.3,
2018-01-10T14:15:00+05:30,10627.3,10631.3,10627,10630.3,
2018-01-10T14:16:00+05:30,10629.8,10631.5,10628.9,10629.1,
2018-01-10T14:17:00+05:30,10628.8,10631.5,10628.6,10628.6,
2018-01-10T14:18:00+05:30,10628.2,10629,10624.6,10624.8,
2018-01-10T14:19:00+05:30,10624.8,10624.8,10622.4,10624.1,
2018-01-10T14:20:00+05:30,10623.9,10627.8,10623.9,10627,
2018-01-10T14:21:00+05:30,10626.7,10627.1,10625.7,10626,
2018-01-10T14:22:00+05:30,10625.8,10628,10625,10628,
2018-01-10T14:23:00+05:30,10627.8,10628.1,10625.1,10626.9,
2018-01-10T14:24:00+05:30,10626.8,10627.1,10623.7,10623.9,
2018-01-10T14:25:00+05:30,10623.3,10627.3,10623.3,10624.2,
2018-01-10T14:26:00+05:30,10624,10624.4,10617,10617,
2018-01-10T14:27:00+05:30,10617,10620.4,10616.2,10620.1,
2018-01-10T14:28:00+05:30,10620.2,10622.2,10619.9,10622.1,
2018-01-10T14:29:00+05:30,10622.1,10622.4,10619.8,10619.9,
2018-01-10T14:30:00+05:30,10619.4,10621.2,10618.8,10621.2,
2018-01-10T14:31:00+05:30,10621.2,10625,10620.6,10624.2,
2018-01-10T14:32:00+05:30,10623.5,10624.2,10622.1,10622.1,
2018-01-10T14:33:00+05:30,10621.6,10624.3,10621,10623.8,
2018-01-10T14:34:00+05:30,10623.8,10624.1,10622.9,10623.9,
2018-01-10T14:35:00+05:30,10623.5,10625.2,10623.1,10624.9,
2018-01-10T14:36:00+05:30,10625,10626.8,10623.5,10624.7,
2018-01-10T14:37:00+05:30,10624.6,10625.9,10623.8,10624.1,
2018-01-10T14:38:00+05:30,10623.9,10624,10621.4,10621.8,
2018-01-10T14:39:00+05:30,10622,10622.1,10620.7,10620.7,
2018-01-10T14:40:00+05:30,10620.5,10622.9,10620.5,10621.2,
2018-01-10T14:41:00+05:30,10621.6,10623.1,10621.4,10621.4,
2018-01-10T14:42:00+05:30,10621.5,10622.5,10619.5,10619.5,
2018-01-10T14:43:00+05:30,10619.4,10620.8,10619.3,10619.8,
2018-01-10T14:44:00+05:30,10620,10622.3,10619.6,10620.6,
2018-01-10T14:45:00+05:30,10621.5,10622,10618.5,10618.8,
2018-01-10T14:46:00+05:30,10618.9,10619.9,10618.3,10618.8,
2018-01-10T14:47:00+05:30,10618.8,10619.4,10611.5,10611.5,
2018-01-10T14:48:00+05:30,10611.2,10614,10610.1,10612.8,
2018-01-10T14:49:00+05:30,10612.9,10617,10612.9,10616.2,
2018-01-10T14:50:00+05:30,10616.2,10618,10614.5,10616.4,
2018-01-10T14:51:00+05:30,10616.1,10618.2,10616.1,10616.4,
2018-01-10T14:52:00+05:30,10616.5,10619.4,10615.2,10616.6,
2018-01-10T14:53:00+05:30,10616.9,10619.4,10616.4,10617.5,
2018-01-10T14:54:00+05:30,10617.1,10624.5,10617.1,10623.5,
2018-01-10T14:55:00+05:30,10623.6,10628.2,10623.6,10627.5,
2018-01-10T14:56:00+05:30,10627.5,10628.2,10625,10625.5,
2018-01-10T14:57:00+05:30,10627.1,10627.9,10625.8,10626,
2018-01-10T14:58:00+05:30,10625.8,10625.8,10624.3,10625.1,
2018-01-10T14:59:00+05:30,10625.1,10627.3,10624.9,10626.2,
2018-01-10T15:00:00+05:30,10626.2,10630.9,10626.2,10630.5,
2018-01-10T15:01:00+05:30,10630.4,10632.8,10627.2,10627.7,
2018-01-10T15:02:00+05:30,10627.5,10630.5,10627.5,10629.9,
2018-01-10T15:03:00+05:30,10630.1,10633.2,10630.1,10630.6,
2018-01-10T15:04:00+05:30,10630.5,10631.3,10628.1,10628.1,
2018-01-10T15:05:00+05:30,10628.1,10630.1,10628.1,10629.4,
2018-01-10T15:06:00+05:30,10629.5,10632.4,10629.5,10631.5,
2018-01-10T15:07:00+05:30,10631.7,10634.4,10631.7,10633.2,
2018-01-10T15:08:00+05:30,10633.2,10635,10631.9,10631.9,
2018-01-10T15:09:00+05:30,10632,10633,10631,10631.9,
2018-01-10T15:10:00+05:30,10632,10633.5,10630.4,10631.4,
2018-01-10T15:11:00+05:30,10631.1,10633,10630.6,10631.5,
2018-01-10T15:12:00+05:30,10631.4,10634,10631.4,10631.8,
2018-01-10T15:13:00+05:30,10631.7,10635.2,10631.7,10633.8,
2018-01-10T15:14:00+05:30,10633.8,10636.8,10633.8,10635.8,
2018-01-10T15:15:00+05:30,10636.2,10637.9,10630.8,10631.3,
2018-01-10T15:16:00+05:30,10631.8,10633.9,10630.4,10633.9,
2018-01-10T15:17:00+05:30,10633.4,10637.8,10633.4,10637.3,
2018-01-10T15:18:00+05:30,10638,10638.9,10634.9,10634.9,
2018-01-10T15:19:00+05:30,10634.7,10637.1,10634.7,10636.1,
2018-01-10T15:20:00+05:30,10635.9,10637.2,10634,10634.2,
2018-01-10T15:21:00+05:30,10634.1,10634.9,10631.2,10632,
2018-01-10T15:22:00+05:30,10632.2,10634.2,10630.3,10630.4,
2018-01-10T15:23:00+05:30,10630.6,10632.9,10630,10632.1,
2018-01-10T15:24:00+05:30,10632.3,10635.4,10632.3,10634.6,
2018-01-10T15:25:00+05:30,10635.2,10636.1,10634.5,10634.8,
2018-01-10T15:26:00+05:30,10634.5,10635.4,10632.2,10632.2,
2018-01-10T15:27:00+05:30,10632,10632.8,10629.1,10629.1,
2018-01-10T15:28:00+05:30,10629.3,10630.4,10625.7,10627,
2018-01-10T15:29:00+05:30,10626.7,10630.4,10623.4,10625.4,
2018-01-11T09:15:00+05:30,10637,10639.3,10628.5,10628.5,
2018-01-11T09:16:00+05:30,10629.2,10629.2,10622.2,10623.6,
2018-01-11T09:17:00+05:30,10623.9,10625.8,10623,10624.5,
2018-01-11T09:18:00+05:30,10624,10628.2,10624,10627.3,
2018-01-11T09:19:00+05:30,10627.2,10629.9,10626.6,10629.8,
2018-01-11T09:20:00+05:30,10629.2,10630.4,10628.3,10630.4,
2018-01-11T09:21:00+05:30,10630.2,10630.7,10623.7,10626.4,
2018-01-11T09:22:00+05:30,10627.4,10629,10626,10626.9,
2018-01-11T09:23:00+05:30,10626.6,10628.2,10624.9,10628,
2018-01-11T09:24:00+05:30,10628,10628.5,10623.7,10623.7,
2018-01-11T09:25:00+05:30,10624,10624,10620,10620,
2018-01-11T09:26:00+05:30,10619.4,10621.2,10617.5,10621.2,
2018-01-11T09:27:00+05:30,10621.2,10623,10620.6,10622.2,
2018-01-11T09:28:00+05:30,10622.6,10622.7,10620.1,10621.2,
2018-01-11T09:29:00+05:30,10621,10622,10619.9,10621.5,
2018-01-11T09:30:00+05:30,10621.2,10623.1,10620.5,10622.8,
2018-01-11T09:31:00+05:30,10622.7,10624.6,10622.5,10623.7,
2018-01-11T09:32:00+05:30,10624.1,10626.2,10623.9,10625.4,
2018-01-11T09:33:00+05:30,10625.3,10626,10624.2,10626,
2018-01-11T09:34:00+05:30,10626.1,10627.6,10624.8,10625.8,
2018-01-11T09:35:00+05:30,10626,10626,10621.8,10621.8,
2018-01-11T09:36:00+05:30,10621.9,10622.3,10616.5,10616.5,
2018-01-11T09:37:00+05:30,10616.3,10617,10613.5,10613.9,
2018-01-11T09:38:00+05:30,10613.8,10614.7,10613.2,10613.8,
2018-01-11T09:39:00+05:30,10613.5,10616,10612.6,10616,
2018-01-11T09:40:00+05:30,10616.4,10620.8,10616,10620.8,
2018-01-11T09:41:00+05:30,10620.8,10620.8,10616.3,10616.3,
2018-01-11T09:42:00+05:30,10616.8,10618.4,10615.6,10617.5,
2018-01-11T09:43:00+05:30,10617.1,10618,10616.4,10616.4,
2018-01-11T09:44:00+05:30,10616.1,10616.9,10615.4,10615.9,
2018-01-11T09:45:00+05:30,10615.8,10617.9,10614.5,10615,
2018-01-11T09:46:00+05:30,10615.1,10616.8,10614.6,10616.8,
2018-01-11T09:47:00+05:30,10617.5,10619.8,10617,10619.1,
2018-01-11T09:48:00+05:30,10619.3,10620.7,10618.7,10619.5,
2018-01-11T09:49:00+05:30,10619.2,10620.5,10617.2,10619,
2018-01-11T09:50:00+05:30,10618.9,10619.8,10617.2,10617.6,
2018-01-11T09:51:00+05:30,10618,10621.1,10617.4,10621,
2018-01-11T09:52:00+05:30,10620.5,10621.6,10620.1,10621.1,
2018-01-11T09:53:00+05:30,10620.9,10622.3,10619.7,10622.1,
2018-01-11T09:54:00+05:30,10622.1,10623.4,10621.1,10621.9,
2018-01-11T09:55:00+05:30,10622.1,10624.2,10622,10623.8,
2018-01-11T09:56:00+05:30,10623.8,10625.6,10623,10625.5,
2018-01-11T09:57:00+05:30,10625.8,10625.9,10622.9,10623.5,
2018-01-11T09:58:00+05:30,10623.5,10623.6,10619.2,10619.8,
2018-01-11T09:59:00+05:30,10620.2,10623.6,10619.1,10623.5,
2018-01-11T10:00:00+05:30,10623.5,10625.4,10622.5,10625,
2018-01-11T10:01:00+05:30,10624.8,10625.8,10623.2,10623.5,
2018-01-11T10:02:00+05:30,10623.8,10624,10622.3,10622.3,
2018-01-11T10:03:00+05:30,10623,10623.2,10620.1,10620.5,
2018-01-11T10:04:00+05:30,10620.5,10622,10620.2,10620.5,
2018-01-11T10:05:00+05:30,10620.7,10622.2,10620.6,10622,
2018-01-11T10:06:00+05:30,10622.1,10626.1,10622.1,10625.2,
2018-01-11T10:07:00+05:30,10625.6,10627,10623.7,10623.7,
2018-01-11T10:08:00+05:30,10623.9,10624.9,10623.2,10624.4,
2018-01-11T10:09:00+05:30,10624.3,10625,10623.2,10623.6,
2018-01-11T10:10:00+05:30,10623.5,10624.2,10623,10623.3,
2018-01-11T10:11:00+05:30,10623.2,10623.5,10622,10622.4,
2018-01-11T10:12:00+05:30,10622.5,10623.5,10622.2,10623.4,
2018-01-11T10:13:00+05:30,10623.5,10625.5,10623.5,10624.8,
2018-01-11T10:14:00+05:30,10624.9,10625.4,10624.1,10624.5,
2018-01-11T10:15:00+05:30,10624.4,10625.1,10624,10624.5,
2018-01-11T10:16:00+05:30,10624.6,10626,10624.4,10624.8,
2018-01-11T10:17:00+05:30,10625,10625.4,10624.1,10625.1,
2018-01-11T10:18:00+05:30,10624.9,10625.1,10623.4,10623.9,
2018-01-11T10:19:00+05:30,10623.5,10623.6,10621,10621.4,
2018-01-11T10:20:00+05:30,10621.4,10622,10620.8,10621.8,
2018-01-11T10:21:00+05:30,10621.9,10621.9,10620.1,10621,
2018-01-11T10:22:00+05:30,10621.2,10622,10620.8,10620.9,
2018-01-11T10:23:00+05:30,10621,10621.6,10620,10620.2,
2018-01-11T10:24:00+05:30,10619.9,10621,10619.7,10620.1,
2018-01-11T10:25:00+05:30,10620.1,10621.2,10620,10620.3,
2018-01-11T10:26:00+05:30,10620.2,10621.1,10619.5,10620,
2018-01-11T10:27:00+05:30,10620,10622.6,10619.5,10622.6,
2018-01-11T10:28:00+05:30,10622.2,10622.5,10620.3,10622,
2018-01-11T10:29:00+05:30,10621.9,10623.6,10621.6,10623,
2018-01-11T10:30:00+05:30,10623,10625.1,10623,10624.6,
2018-01-11T10:31:00+05:30,10624.6,10624.7,10623.2,10624,
2018-01-11T10:32:00+05:30,10624.1,10625.2,10624.1,10625,
2018-01-11T10:33:00+05:30,10624.8,10624.9,10623.2,10623.8,
2018-01-11T10:34:00+05:30,10623.9,10624.5,10623.4,10623.5,
2018-01-11T10:35:00+05:30,10623.7,10624.5,10623.2,10623.6,
2018-01-11T10:36:00+05:30,10623.6,10623.9,10622,10622.5,
2018-01-11T10:37:00+05:30,10622.8,10622.8,10621.4,10622.5,
2018-01-11T10:38:00+05:30,10622.4,10622.9,10619.5,10619.5,
2018-01-11T10:39:00+05:30,10619.4,10620,10618.4,10618.4,
2018-01-11T10:40:00+05:30,10618.7,10619.1,10618.2,10618.5,
2018-01-11T10:41:00+05:30,10618.1,10618.7,10617.6,10618.1,
2018-01-11T10:42:00+05:30,10618,10618.2,10617.1,10617.1,
2018-01-11T10:43:00+05:30,10617.3,10623.2,10617.3,10623,
2018-01-11T10:44:00+05:30,10623,10625.3,10623,10624.8,
2018-01-11T10:45:00+05:30,10625.1,10629.9,10625.1,10629.7,
2018-01-11T10:46:00+05:30,10629.9,10630.5,10628.4,10630.2,
2018-01-11T10:47:00+05:30,10630.4,10633.5,10630.4,10632.1,
2018-01-11T10:48:00+05:30,10631.8,10632.5,10630.2,10630.2,
2018-01-11T10:49:00+05:30,10630.6,10631.1,10629.5,10630,
2018-01-11T10:50:00+05:30,10630.1,10631.9,10630.1,10631.5,
2018-01-11T10:51:00+05:30,10631.8,10632.5,10631.5,10631.6,
2018-01-11T10:52:00+05:30,10631.6,10632.3,10631.1,10632.2,
2018-01-11T10:53:00+05:30,10632.2,10632.2,10630,10630,
2018-01-11T10:54:00+05:30,10630.1,10631.3,10628.9,10629.3,
2018-01-11T10:55:00+05:30,10629.5,10630.8,10629.5,10629.8,
2018-01-11T10:56:00+05:30,10629.5,10629.6,10627.5,10628.5,
2018-01-11T10:57:00+05:30,10628.5,10629,10627.5,10628.2,
2018-01-11T10:58:00+05:30,10628.2,10629.1,10628,10629,
2018-01-11T10:59:00+05:30,10629,10629,10627.9,10628.6,
2018-01-11T11:00:00+05:30,10629,10630,10628.8,10629.4,
2018-01-11T11:01:00+05:30,10629.2,10630.5,10629.2,10630,
2018-01-11T11:02:00+05:30,10629.6,10629.9,10626.9,10627.4,
2018-01-11T11:03:00+05:30,10627.7,10628.4,10627.1,10627.5,
2018-01-11T11:04:00+05:30,10628,10628.8,10627.4,10628,
2018-01-11T11:05:00+05:30,10628.2,10628.7,10627.8,10628.4,
2018-01-11T11:06:00+05:30,10628.3,10629.5,10628.1,10628.6,
2018-01-11T11:07:00+05:30,10628.5,10629.5,10628.1,10628.9,
2018-01-11T11:08:00+05:30,10628.6,10628.9,10626.8,10627.4,
2018-01-11T11:09:00+05:30,10627.4,10627.9,10626.7,10626.8,
2018-01-11T11:10:00+05:30,10626.6,10627.6,10626.3,10627.4,
2018-01-11T11:11:00+05:30,10627.2,10627.4,10625.5,10626.1,
2018-01-11T11:12:00+05:30,10626.2,10626.5,10625.1,10626,
2018-01-11T11:13:00+05:30,10625.8,10626.6,10625.6,10626,
2018-01-11T11:14:00+05:30,10626.2,10626.7,10625.4,10626.2,
2018-01-11T11:15:00+05:30,10626.5,10628.3,10626.2,10626.8,
2018-01-11T11:16:00+05:30,10627,10627.1,10624.9,10625.2,
2018-01-11T11:17:00+05:30,10625.4,10626.9,10624.8,10625.6,
2018-01-11T11:18:00+05:30,10625.9,10628.6,10625.9,10626.4,
2018-01-11T11:19:00+05:30,10626.6,10628.5,10626.1,10628.3,
2018-01-11T11:20:00+05:30,10628.4,10631.5,10628.4,10630.4,
2018-01-11T11:21:00+05:30,10630.3,10631.6,10630.1,10630.6,
2018-01-11T11:22:00+05:30,10630.8,10631.2,10629.1,10630.4,
2018-01-11T11:23:00+05:30,10630.3,10630.6,10628.8,10628.8,
2018-01-11T11:24:00+05:30,10629,10629.6,10628.4,10629,
2018-01-11T11:25:00+05:30,10629,10629.5,10627.8,10628.2,
2018-01-11T11:26:00+05:30,10628.4,10628.9,10627.4,10627.9,
2018-01-11T11:27:00+05:30,10628,10629.1,10627.4,10629.1,
2018-01-11T11:28:00+05:30,10628.6,10630.2,10628.6,10630,
2018-01-11T11:29:00+05:30,10630,10631.5,10629.6,10631.5,
2018-01-11T11:30:00+05:30,10631.4,10633.4,10630.7,10633.4,
2018-01-11T11:31:00+05:30,10633.1,10635.4,10632.9,10634.9,
2018-01-11T11:32:00+05:30,10634.6,10635.4,10633.2,10633.9,
2018-01-11T11:33:00+05:30,10634.1,10635.1,10633.6,10635.1,
2018-01-11T11:34:00+05:30,10635.1,10635.8,10634.1,10635.8,
2018-01-11T11:35:00+05:30,10635.6,10635.6,10633.4,10633.5,
2018-01-11T11:36:00+05:30,10633.2,10633.7,10632.2,10632.4,
2018-01-11T11:37:00+05:30,10632.5,10633.5,10631.2,10633.2,
2018-01-11T11:38:00+05:30,10633.5,10634,10632.4,10632.9,
2018-01-11T11:39:00+05:30,10632.2,10633.1,10632.1,10632.9,
2018-01-11T11:40:00+05:30,10632.9,10634.2,10632.5,10633.6,
2018-01-11T11:41:00+05:30,10633.9,10634.3,10632.9,10633.2,
2018-01-11T11:42:00+05:30,10633.1,10635.9,10633.1,10635.5,
2018-01-11T11:43:00+05:30,10635.4,10635.8,10634.1,10635,
2018-01-11T11:44:00+05:30,10635,10635,10633.6,10633.6,
2018-01-11T11:45:00+05:30,10634,10634.6,10633.5,10634,
2018-01-11T11:46:00+05:30,10634,10634.1,10633,10633.4,
2018-01-11T11:47:00+05:30,10633.4,10633.6,10632.3,10632.4,
2018-01-11T11:48:00+05:30,10632.3,10632.8,10631.6,10632.3,
2018-01-11T11:49:00+05:30,10632.4,10633.1,10632.2,10632.4,
2018-01-11T11:50:00+05:30,10633,10633.8,10632.9,10632.9,
2018-01-11T11:51:00+05:30,10633,10634.1,10633,10633.8,
2018-01-11T11:52:00+05:30,10633.6,10635,10633.2,10633.9,
2018-01-11T11:53:00+05:30,10633.8,10634.6,10632.6,10632.7,
2018-01-11T11:54:00+05:30,10632.5,10633.7,10632.5,10633.2,
2018-01-11T11:55:00+05:30,10633,10633.1,10631.1,10632.9,
2018-01-11T11:56:00+05:30,10632.7,10633.9,10632.6,10633.2,
2018-01-11T11:57:00+05:30,10633.2,10633.6,10632.5,10633.1,
2018-01-11T11:58:00+05:30,10633.2,10633.5,10631.9,10632.5,
2018-01-11T11:59:00+05:30,10632.2,10633.5,10632.2,10633.4,
2018-01-11T12:00:00+05:30,10633.9,10635.4,10633.8,10635,
2018-01-11T12:01:00+05:30,10634.7,10635.7,10634.2,10635,
2018-01-11T12:02:00+05:30,10635,10635.5,10634.5,10634.9,
2018-01-11T12:03:00+05:30,10634.9,10636,10634.6,10635,
2018-01-11T12:04:00+05:30,10635.2,10635.9,10633.8,10633.8,
2018-01-11T12:05:00+05:30,10633.9,10635.8,10633.9,10635.5,
2018-01-11T12:06:00+05:30,10635.4,10635.7,10634.5,10635.4,
2018-01-11T12:07:00+05:30,10635.5,10637,10635.1,10636.6,
2018-01-11T12:08:00+05:30,10636.8,10638.6,10636,10638.1,
2018-01-11T12:09:00+05:30,10638.2,10638.4,10637.2,10637.3,
2018-01-11T12:10:00+05:30,10637.5,10637.5,10636.2,10636.5,
2018-01-11T12:11:00+05:30,10636.7,10636.8,10634,10635.1,
2018-01-11T12:12:00+05:30,10635,10635.6,10634,10634.9,
2018-01-11T12:13:00+05:30,10634.8,10635.6,10634.2,10635,
2018-01-11T12:14:00+05:30,10635.1,10635.2,10633.9,10634.9,
2018-01-11T12:15:00+05:30,10634.8,10636.6,10634.2,10636.2,
2018-01-11T12:16:00+05:30,10636.1,10639.4,10636,10639.2,
2018-01-11T12:17:00+05:30,10639,10640.3,10638.5,10639.1,
2018-01-11T12:18:00+05:30,10638.9,10640.2,10638.8,10639.5,
2018-01-11T12:19:00+05:30,10639.5,10642.4,10639.5,10641.3,
2018-01-11T12:20:00+05:30,10641.5,10643,10640.1,10642.4,
2018-01-11T12:21:00+05:30,10642,10642.8,10639.6,10640.1,
2018-01-11T12:22:00+05:30,10640.1,10640.4,10637.9,10639.2,
2018-01-11T12:23:00+05:30,10639.1,10639.9,10638.5,10639.5,
2018-01-11T12:24:00+05:30,10639.6,10643.4,10639.5,10642.1,
2018-01-11T12:25:00+05:30,10642.8,10645.3,10642.4,10645.1,
2018-01-11T12:26:00+05:30,10644.6,10645.3,10642.9,10644.5,
2018-01-11T12:27:00+05:30,10644.7,10645.2,10643.4,10644,
2018-01-11T12:28:00+05:30,10643.8,10645.2,10643.7,10643.7,
2018-01-11T12:29:00+05:30,10643.4,10644.2,10643,10644.1,
2018-01-11T12:30:00+05:30,10644.2,10646.9,10643.2,10646.6,
2018-01-11T12:31:00+05:30,10647,10654.4,10646.9,10653.9,
2018-01-11T12:32:00+05:30,10653.8,10654.9,10652.2,10652.4,
2018-01-11T12:33:00+05:30,10652.5,10654.8,10651.9,10654.3,
2018-01-11T12:34:00+05:30,10654.2,10659.5,10654.2,10659.2,
2018-01-11T12:35:00+05:30,10659.1,10659.4,10655.5,10655.5,
2018-01-11T12:36:00+05:30,10655.4,10655.8,10653,10653.5,
2018-01-11T12:37:00+05:30,10653.1,10653.6,10652,10652.2,
2018-01-11T12:38:00+05:30,10652,10653.8,10651.6,10653.5,
2018-01-11T12:39:00+05:30,10653.5,10654.2,10653,10653.2,
2018-01-11T12:40:00+05:30,10653,10655.2,10653,10654.9,
2018-01-11T12:41:00+05:30,10655,10656.1,10654.8,10655.9,
2018-01-11T12:42:00+05:30,10655.7,10657.6,10655.6,10656.5,
2018-01-11T12:43:00+05:30,10656.3,10658.1,10655.2,10657.7,
2018-01-11T12:44:00+05:30,10657.5,10658.6,10657.2,10657.4,
2018-01-11T12:45:00+05:30,10657.5,10657.9,10655.1,10655.4,
2018-01-11T12:46:00+05:30,10655.7,10657,10655.2,10656.2,
2018-01-11T12:47:00+05:30,10656.2,10658.9,10656.1,10657.6,
2018-01-11T12:48:00+05:30,10658.5,10658.7,10656.5,10657.5,
2018-01-11T12:49:00+05:30,10657.2,10659.2,10657.2,10658.8,
2018-01-11T12:50:00+05:30,10658.4,10660.6,10658.4,10660.5,
2018-01-11T12:51:00+05:30,10661.6,10664.2,10660.9,10662.5,
2018-01-11T12:52:00+05:30,10662.5,10664.1,10661.6,10663.1,
2018-01-11T12:53:00+05:30,10663,10663.2,10662,10662.6,
2018-01-11T12:54:00+05:30,10662.6,10663,10661.4,10662.6,
2018-01-11T12:55:00+05:30,10662.5,10663,10661.6,10662.5,
2018-01-11T12:56:00+05:30,10662.4,10663,10661.2,10661.5,
2018-01-11T12:57:00+05:30,10661.2,10661.4,10657.3,10657.7,
2018-01-11T12:58:00+05:30,10657.5,10657.9,10653.5,10654.4,
2018-01-11T12:59:00+05:30,10654.4,10655.4,10653,10655.2,
2018-01-11T13:00:00+05:30,10655.5,10655.5,10653.8,10654.2,
2018-01-11T13:01:00+05:30,10654.2,10655.5,10653.9,10655.1,
2018-01-11T13:02:00+05:30,10655,10655.1,10653.4,10653.5,
2018-01-11T13:03:00+05:30,10653.6,10654.1,10653,10653.1,
2018-01-11T13:04:00+05:30,10653,10657.5,10652.9,10656.6,
2018-01-11T13:05:00+05:30,10656.4,10656.8,10652.6,10653.5,
2018-01-11T13:06:00+05:30,10653.4,10654.8,10652.4,10653.8,
2018-01-11T13:07:00+05:30,10653.8,10654,10652.5,10653.5,
2018-01-11T13:08:00+05:30,10653.5,10653.8,10652.5,10652.5,
2018-01-11T13:09:00+05:30,10652.4,10652.7,10651,10652.6,
2018-01-11T13:10:00+05:30,10652.5,10654.2,10652,10654,
2018-01-11T13:11:00+05:30,10653.9,10655.5,10653.5,10654.5,
2018-01-11T13:12:00+05:30,10654.6,10656.5,10654.5,10656.1,
2018-01-11T13:13:00+05:30,10656.1,10657.8,10655.9,10656.6,
2018-01-11T13:14:00+05:30,10656.3,10657.7,10656.3,10656.4,
2018-01-11T13:15:00+05:30,10656.1,10657,10655,10656.5,
2018-01-11T13:16:00+05:30,10656.5,10656.5,10654.2,10654.7,
2018-01-11T13:17:00+05:30,10655,10655.5,10654.2,10654.5,
2018-01-11T13:18:00+05:30,10654.5,10655.6,10654.1,10655.2,
2018-01-11T13:19:00+05:30,10655.1,10656,10654.6,10655.6,
2018-01-11T13:20:00+05:30,10655.6,10657.7,10655.5,10657.6,
2018-01-11T13:21:00+05:30,10657.5,10659.9,10657.5,10658.4,
2018-01-11T13:22:00+05:30,10658.4,10658.6,10652.9,10653.4,
2018-01-11T13:23:00+05:30,10653.5,10655,10653.5,10654,
2018-01-11T13:24:00+05:30,10654,10654.4,10650.5,10651,
2018-01-11T13:25:00+05:30,10650.8,10653.9,10650.4,10653.5,
2018-01-11T13:26:00+05:30,10653.5,10654.6,10653.2,10654.5,
2018-01-11T13:27:00+05:30,10654.3,10655.9,10653.5,10654.2,
2018-01-11T13:28:00+05:30,10654,10656.1,10653.8,10655.9,
2018-01-11T13:29:00+05:30,10655.8,10656.8,10654.6,10656.5,
2018-01-11T13:30:00+05:30,10656.5,10659,10656,10658.9,
2018-01-11T13:31:00+05:30,10658.4,10659.4,10658,10658.5,
2018-01-11T13:32:00+05:30,10658.3,10659.1,10658,10658.5,
2018-01-11T13:33:00+05:30,10658,10658.5,10654.6,10654.6,
2018-01-11T13:34:00+05:30,10654.5,10655.2,10653.4,10655,
2018-01-11T13:35:00+05:30,10655.1,10656.6,10655.1,10656,
2018-01-11T13:36:00+05:30,10656,10657,10655.3,10655.3,
2018-01-11T13:37:00+05:30,10655.1,10655.7,10653.9,10654.4,
2018-01-11T13:38:00+05:30,10655,10655.2,10653.3,10654.2,
2018-01-11T13:39:00+05:30,10654.3,10654.9,10652.2,10652.6,
2018-01-11T13:40:00+05:30,10652.8,10653,10651.2,10651.5,
2018-01-11T13:41:00+05:30,10651.4,10652.6,10650,10652.2,
2018-01-11T13:42:00+05:30,10652.2,10655,10651.9,10654.5,
2018-01-11T13:43:00+05:30,10654.5,10656.2,10654,10654.5,
2018-01-11T13:44:00+05:30,10654.6,10654.8,10650.2,10650.5,
2018-01-11T13:45:00+05:30,10650,10650.1,10647,10648.2,
2018-01-11T13:46:00+05:30,10648.5,10649,10647.8,10648.6,
2018-01-11T13:47:00+05:30,10648.8,10650.2,10648.6,10649.3,
2018-01-11T13:48:00+05:30,10649,10649.4,10647.8,10647.9,
2018-01-11T13:49:00+05:30,10648.1,10650,10647.5,10650,
2018-01-11T13:50:00+05:30,10649.6,10655.1,10649.5,10654.5,
2018-01-11T13:51:00+05:30,10654.5,10654.9,10652.8,10652.9,
2018-01-11T13:52:00+05:30,10653.1,10653.6,10651.7,10653.5,
2018-01-11T13:53:00+05:30,10653.5,10654.6,10653.1,10653.2,
2018-01-11T13:54:00+05:30,10653.3,10657.1,10653.1,10657.1,
2018-01-11T13:55:00+05:30,10657,10657.8,10654.6,10655,
2018-01-11T13:56:00+05:30,10654.8,10655.7,10653.4,10655,
2018-01-11T13:57:00+05:30,10655,10655.5,10652.4,10653.1,
2018-01-11T13:58:00+05:30,10653.2,10654,10652.3,10653.2,
2018-01-11T13:59:00+05:30,10653.2,10653.7,10652.3,10652.6,
2018-01-11T14:00:00+05:30,10652.4,10652.4,10649.9,10650.6,
2018-01-11T14:01:00+05:30,10650.6,10651.2,10649.2,10651,
2018-01-11T14:02:00+05:30,10651.1,10653.1,10650.9,10653,
2018-01-11T14:03:00+05:30,10653.4,10653.8,10652.2,10653.4,
2018-01-11T14:04:00+05:30,10653.4,10656.1,10653.2,10655.9,
2018-01-11T14:05:00+05:30,10655.2,10657,10654.5,10657,
2018-01-11T14:06:00+05:30,10656.9,10657.2,10656.1,10656.5,
2018-01-11T14:07:00+05:30,10656.5,10658.5,10656.3,10657,
2018-01-11T14:08:00+05:30,10657.4,10658.7,10656.7,10657.6,
2018-01-11T14:09:00+05:30,10657.8,10658.5,10655.8,10657,
2018-01-11T14:10:00+05:30,10657.2,10657.3,10655.4,10656,
2018-01-11T14:11:00+05:30,10656,10657.1,10655.8,10657,
2018-01-11T14:12:00+05:30,10657.1,10659.5,10657,10659,
2018-01-11T14:13:00+05:30,10658.4,10660.4,10658.1,10659.5,
2018-01-11T14:14:00+05:30,10659.5,10661.6,10659.5,10660.7,
2018-01-11T14:15:00+05:30,10660.6,10661.1,10659.2,10659.3,
2018-01-11T14:16:00+05:30,10659.3,10659.8,10658.6,10659.2,
2018-01-11T14:17:00+05:30,10659.4,10659.5,10657.8,10659,
2018-01-11T14:18:00+05:30,10659,10659.5,10657.9,10658,
2018-01-11T14:19:00+05:30,10657.8,10658.2,10656.7,10657.5,
2018-01-11T14:20:00+05:30,10657.4,10658.4,10656.8,10658.4,
2018-01-11T14:21:00+05:30,10658.1,10659.2,10657.7,10658.6,
2018-01-11T14:22:00+05:30,10658.6,10658.6,10656.4,10658.1,
2018-01-11T14:23:00+05:30,10658,10658.1,10656.8,10657.5,
2018-01-11T14:24:00+05:30,10657.8,10659.2,10657.8,10659.2,
2018-01-11T14:25:00+05:30,10658.8,10659.5,10658.1,10658.1,
2018-01-11T14:26:00+05:30,10658.6,10661.7,10658.3,10661.6,
2018-01-11T14:27:00+05:30,10661.6,10664,10661,10663.8,
2018-01-11T14:28:00+05:30,10664,10664,10661,10661,
2018-01-11T14:29:00+05:30,10661.5,10662,10660,10661.6,
2018-01-11T14:30:00+05:30,10661.5,10663,10659.2,10659.5,
2018-01-11T14:31:00+05:30,10659.5,10660.5,10658.5,10659.1,
2018-01-11T14:32:00+05:30,10659.1,10659.8,10658,10659,
2018-01-11T14:33:00+05:30,10659,10661.5,10658.7,10660.5,
2018-01-11T14:34:00+05:30,10660.8,10661.1,10656.6,10656.6,
2018-01-11T14:35:00+05:30,10656.7,10658.9,10656.6,10658.5,
2018-01-11T14:36:00+05:30,10658.2,10658.8,10656.8,10657.7,
2018-01-11T14:37:00+05:30,10658,10658.1,10654.4,10654.4,
2018-01-11T14:38:00+05:30,10654.5,10654.5,10650.2,10652.2,
2018-01-11T14:39:00+05:30,10652.6,10653,10648.1,10648.1,
2018-01-11T14:40:00+05:30,10647.2,10647.2,10642,10642.2,
2018-01-11T14:41:00+05:30,10642.5,10642.9,10640.5,10642.8,
2018-01-11T14:42:00+05:30,10642.5,10648.3,10642.4,10648,
2018-01-11T14:43:00+05:30,10648,10648.8,10643,10644.4,
2018-01-11T14:44:00+05:30,10644,10644.7,10643.1,10643.1,
2018-01-11T14:45:00+05:30,10643.2,10643.2,10637.7,10638.8,
2018-01-11T14:46:00+05:30,10638.1,10641.3,10637.9,10641,
2018-01-11T14:47:00+05:30,10641.6,10643,10640.2,10640.2,
2018-01-11T14:48:00+05:30,10639.8,10640.9,10634.4,10634.5,
2018-01-11T14:49:00+05:30,10634.5,10634.8,10632.2,10632.7,
2018-01-11T14:50:00+05:30,10632.1,10635.1,10632.1,10634.9,
2018-01-11T14:51:00+05:30,10635,10637.9,10634.2,10637.8,
2018-01-11T14:52:00+05:30,10637.4,10641.9,10637.4,10638.2,
2018-01-11T14:53:00+05:30,10637.6,10639.6,10637,10637.5,
2018-01-11T14:54:00+05:30,10637.6,10640.1,10634.8,10639,
2018-01-11T14:55:00+05:30,10638.8,10639,10636.8,10637.6,
2018-01-11T14:56:00+05:30,10638.3,10638.5,10634.9,10635.1,
2018-01-11T14:57:00+05:30,10635.3,10638.4,10635.3,10636.8,
2018-01-11T14:58:00+05:30,10636.2,10637.2,10634,10635,
2018-01-11T14:59:00+05:30,10634.8,10635.1,10631,10631.5,
2018-01-11T15:00:00+05:30,10631.8,10641.4,10631.6,10640.8,
2018-01-11T15:01:00+05:30,10641.9,10643.8,10641.4,10642,
2018-01-11T15:02:00+05:30,10642,10644,10642,10642.7,
2018-01-11T15:03:00+05:30,10642.8,10647.4,10642.2,10647,
2018-01-11T15:04:00+05:30,10647,10647.9,10645.4,10647.9,
2018-01-11T15:05:00+05:30,10648.2,10650,10647.5,10649.2,
2018-01-11T15:06:00+05:30,10649.2,10650.5,10647,10647,
2018-01-11T15:07:00+05:30,10647,10650.2,10646.4,10650,
2018-01-11T15:08:00+05:30,10650.5,10652.2,10649.5,10651.5,
2018-01-11T15:09:00+05:30,10651.9,10654.8,10650.8,10653.8,
2018-01-11T15:10:00+05:30,10654,10654,10649.2,10650.8,
2018-01-11T15:11:00+05:30,10650.7,10652.6,10649.4,10652.4,
2018-01-11T15:12:00+05:30,10652.2,10652.2,10647.9,10649,
2018-01-11T15:13:00+05:30,10648.9,10650.8,10648.3,10650.2,
2018-01-11T15:14:00+05:30,10650.4,10652,10649.5,10651.5,
2018-01-11T15:15:00+05:30,10651.5,10651.9,10647.4,10648.5,
2018-01-11T15:16:00+05:30,10649.4,10651.1,10647.6,10650.5,
2018-01-11T15:17:00+05:30,10650.5,10652.5,10650,10652,
2018-01-11T15:18:00+05:30,10652,10652.8,10650.8,10652.1,
2018-01-11T15:19:00+05:30,10652.1,10653,10650.5,10652.9,
2018-01-11T15:20:00+05:30,10652.2,10653.5,10651.4,10653.5,
2018-01-11T15:21:00+05:30,10653.4,10655.8,10652.6,10655.6,
2018-01-11T15:22:00+05:30,10655.6,10657.1,10652.9,10652.9,
2018-01-11T15:23:00+05:30,10652.9,10655.6,10651.8,10655,
2018-01-11T15:24:00+05:30,10654.9,10655.8,10654.1,10654.9,
2018-01-11T15:25:00+05:30,10654.4,10656.2,10654.4,10655.7,
2018-01-11T15:26:00+05:30,10655.5,10656.3,10653.9,10654.2,
2018-01-11T15:27:00+05:30,10654.2,10656.6,10654.1,10654.8,
2018-01-11T15:28:00+05:30,10655.7,10655.7,10651,10651.3,
2018-01-11T15:29:00+05:30,10651.2,10652.1,10647,10650.4,
2018-01-12T09:15:00+05:30,10682.5,10689.9,10681.1,10688.6,
2018-01-12T09:16:00+05:30,10689.5,10689.5,10683,10684,
2018-01-12T09:17:00+05:30,10684,10685.3,10680.3,10682.4,
2018-01-12T09:18:00+05:30,10681.7,10687.5,10681.5,10686.8,
2018-01-12T09:19:00+05:30,10687,10688.4,10683.6,10684,
2018-01-12T09:20:00+05:30,10684,10685.6,10680.9,10681.2,
2018-01-12T09:21:00+05:30,10680.6,10682,10678.6,10679.2,
2018-01-12T09:22:00+05:30,10679.1,10679.7,10676,10677.4,
2018-01-12T09:23:00+05:30,10677.5,10680.4,10677.4,10678.5,
2018-01-12T09:24:00+05:30,10678,10683,10678,10682.5,
2018-01-12T09:25:00+05:30,10682.7,10683.9,10681.2,10682.7,
2018-01-12T09:26:00+05:30,10682.4,10683.5,10681.6,10681.8,
2018-01-12T09:27:00+05:30,10681.6,10682.9,10681.6,10682,
2018-01-12T09:28:00+05:30,10682.1,10686,10682,10685.8,
2018-01-12T09:29:00+05:30,10685.6,10687.2,10684.5,10686.1,
2018-01-12T09:30:00+05:30,10685.7,10687.8,10685.7,10686.8,
2018-01-12T09:31:00+05:30,10686.5,10686.5,10683.7,10683.7,
2018-01-12T09:32:00+05:30,10683.5,10685.9,10683.5,10685.9,
2018-01-12T09:33:00+05:30,10686.3,10686.3,10682.5,10683.3,
2018-01-12T09:34:00+05:30,10682.8,10683.6,10680.6,10681.5,
2018-01-12T09:35:00+05:30,10681.4,10681.4,10679,10679.4,
2018-01-12T09:36:00+05:30,10679.5,10679.7,10678.1,10678.1,
2018-01-12T09:37:00+05:30,10678.4,10679.7,10677.4,10679.7,
2018-01-12T09:38:00+05:30,10679.7,10683,10679.7,10682.4,
2018-01-12T09:39:00+05:30,10682.5,10683.2,10679.7,10679.8,
2018-01-12T09:40:00+05:30,10680,10681.4,10679.5,10680.9,
2018-01-12T09:41:00+05:30,10680.9,10682.5,10680.1,10680.5,
2018-01-12T09:42:00+05:30,10680.2,10680.2,10676.8,10678.9,
2018-01-12T09:43:00+05:30,10678.3,10681.1,10678.2,10681,
2018-01-12T09:44:00+05:30,10680.7,10680.8,10678.6,10680,
2018-01-12T09:45:00+05:30,10680.6,10681.2,10679.9,10680.4,
2018-01-12T09:46:00+05:30,10680,10681.6,10679.3,10680.2,
2018-01-12T09:47:00+05:30,10680.5,10683.2,10680.5,10682.8,
2018-01-12T09:48:00+05:30,10682.2,10685.2,10682.2,10684,
2018-01-12T09:49:00+05:30,10684,10684,10680,10681.1,
2018-01-12T09:50:00+05:30,10680.7,10681.4,10678.6,10681.4,
2018-01-12T09:51:00+05:30,10681.4,10682,10680.5,10681.6,
2018-01-12T09:52:00+05:30,10681.8,10682.3,10680.9,10681.9,
2018-01-12T09:53:00+05:30,10681.9,10681.9,10679.5,10679.8,
2018-01-12T09:54:00+05:30,10680.1,10680.5,10678.8,10679.4,
2018-01-12T09:55:00+05:30,10679.5,10680.4,10679,10679,
2018-01-12T09:56:00+05:30,10679.5,10680.7,10678,10680.6,
2018-01-12T09:57:00+05:30,10680.7,10681.7,10680,10681,
2018-01-12T09:58:00+05:30,10681.5,10683.7,10681.2,10683.5,
2018-01-12T09:59:00+05:30,10683.8,10685.3,10683.1,10685.1,
2018-01-12T10:00:00+05:30,10684.9,10685.5,10682.1,10682.7,
2018-01-12T10:01:00+05:30,10682.9,10684.5,10682.5,10684.5,
2018-01-12T10:02:00+05:30,10684.7,10686.2,10684.5,10685.5,
2018-01-12T10:03:00+05:30,10685.6,10686.5,10684.6,10686,
2018-01-12T10:04:00+05:30,10685.9,10687.1,10685.4,10686.8,
2018-01-12T10:05:00+05:30,10687,10687.4,10686,10686.5,
2018-01-12T10:06:00+05:30,10686.5,10686.6,10683.2,10683.3,
2018-01-12T10:07:00+05:30,10683.5,10683.6,10682.5,10683.4,
2018-01-12T10:08:00+05:30,10683,10683.2,10681.5,10681.5,
2018-01-12T10:09:00+05:30,10681.4,10682.2,10679.9,10679.9,
2018-01-12T10:10:00+05:30,10679.8,10679.8,10678,10678.2,
2018-01-12T10:11:00+05:30,10678.2,10678.5,10677.2,10677.2,
2018-01-12T10:12:00+05:30,10677,10678.8,10676.9,10678.8,
2018-01-12T10:13:00+05:30,10678.2,10679.6,10678,10678.5,
2018-01-12T10:14:00+05:30,10678.5,10680.7,10678.2,10680.7,
2018-01-12T10:15:00+05:30,10679.6,10682.2,10679.6,10682,
2018-01-12T10:16:00+05:30,10682,10685,10681.9,10684.1,
2018-01-12T10:17:00+05:30,10684.2,10685.2,10683.5,10684.1,
2018-01-12T10:18:00+05:30,10684,10684.6,10681,10681.1,
2018-01-12T10:19:00+05:30,10681.2,10683.2,10681,10683.2,
2018-01-12T10:20:00+05:30,10682.9,10683.8,10682.4,10683.8,
2018-01-12T10:21:00+05:30,10683.8,10683.8,10681.9,10681.9,
2018-01-12T10:22:00+05:30,10681.9,10684.1,10681.7,10683.8,
2018-01-12T10:23:00+05:30,10683.5,10684.4,10681.8,10682.5,
2018-01-12T10:24:00+05:30,10682.5,10682.8,10678.8,10679.9,
2018-01-12T10:25:00+05:30,10680.5,10683.2,10680.2,10682.6,
2018-01-12T10:26:00+05:30,10682.5,10682.8,10681.6,10682.5,
2018-01-12T10:27:00+05:30,10682.4,10683,10681.6,10682.8,
2018-01-12T10:28:00+05:30,10681.6,10683.2,10681,10682,
2018-01-12T10:29:00+05:30,10681.9,10681.9,10679.5,10680.5,
2018-01-12T10:30:00+05:30,10680.5,10680.5,10676.5,10677.2,
2018-01-12T10:31:00+05:30,10677.2,10677.2,10674.9,10676,
2018-01-12T10:32:00+05:30,10676.1,10676.7,10675.4,10675.9,
2018-01-12T10:33:00+05:30,10675.9,10675.9,10674.1,10675.7,
2018-01-12T10:34:00+05:30,10675.5,10676.1,10673.1,10674.1,
2018-01-12T10:35:00+05:30,10674,10674.5,10672.5,10673.9,
2018-01-12T10:36:00+05:30,10673.8,10673.9,10671.6,10672.8,
2018-01-12T10:37:00+05:30,10672.8,10673.1,10672,10672.9,
2018-01-12T10:38:00+05:30,10672.9,10674.5,10672.9,10674.5,
2018-01-12T10:39:00+05:30,10674.3,10675.8,10674.1,10675.4,
2018-01-12T10:40:00+05:30,10675.4,10675.7,10673,10673.4,
2018-01-12T10:41:00+05:30,10673.5,10674.2,10672,10674,
2018-01-12T10:42:00+05:30,10673.2,10674,10670.1,10672.1,
2018-01-12T10:43:00+05:30,10672,10672.6,10671.2,10671.5,
2018-01-12T10:44:00+05:30,10671.4,10671.6,10670.5,10671.5,
2018-01-12T10:45:00+05:30,10671.5,10672.3,10670.7,10671.8,
2018-01-12T10:46:00+05:30,10671.9,10674.2,10671.8,10674.2,
2018-01-12T10:47:00+05:30,10674.4,10674.8,10673.5,10673.6,
2018-01-12T10:48:00+05:30,10673.6,10673.7,10672.7,10673.4,
2018-01-12T10:49:00+05:30,10673.6,10674.2,10673.2,10674,
2018-01-12T10:50:00+05:30,10673.9,10675.3,10673.5,10674,
2018-01-12T10:51:00+05:30,10674.1,10675.4,10673.8,10675.2,
2018-01-12T10:52:00+05:30,10675.5,10676.4,10674.9,10675.9,
2018-01-12T10:53:00+05:30,10676,10677.4,10675.5,10677.3,
2018-01-12T10:54:00+05:30,10677.5,10677.5,10675.6,10675.8,
2018-01-12T10:55:00+05:30,10675.8,10676.4,10675.3,10675.6,
2018-01-12T10:56:00+05:30,10675.6,10675.7,10674.4,10674.7,
2018-01-12T10:57:00+05:30,10674.5,10675.5,10674.4,10674.7,
2018-01-12T10:58:00+05:30,10674.9,10676.1,10674.8,10675.2,
2018-01-12T10:59:00+05:30,10675.1,10675.5,10674.6,10675.4,
2018-01-12T11:00:00+05:30,10675.6,10676,10674.5,10676,
2018-01-12T11:01:00+05:30,10676,10676.4,10673.8,10674.1,
2018-01-12T11:02:00+05:30,10674,10674.7,10673.5,10674.7,
2018-01-12T11:03:00+05:30,10674.5,10676,10674.4,10674.4,
2018-01-12T11:04:00+05:30,10672,10673.8,10670.6,10673.5,
2018-01-12T11:05:00+05:30,10673.8,10675.2,10673.6,10674.1,
2018-01-12T11:06:00+05:30,10674.5,10676.3,10674,10676.3,
2018-01-12T11:07:00+05:30,10675.9,10676.5,10675.4,10675.6,
2018-01-12T11:08:00+05:30,10675.6,10676.4,10675,10675.8,
2018-01-12T11:09:00+05:30,10676,10676.2,10675,10676,
2018-01-12T11:10:00+05:30,10676,10676.6,10675.2,10675.8,
2018-01-12T11:11:00+05:30,10675.9,10676.6,10674.8,10676.6,
2018-01-12T11:12:00+05:30,10676.5,10678.9,10676.5,10678.9,
2018-01-12T11:13:00+05:30,10678.9,10679,10677,10677,
2018-01-12T11:14:00+05:30,10677.1,10678.2,10676.2,10677.8,
2018-01-12T11:15:00+05:30,10677.1,10677.7,10675.9,10677.5,
2018-01-12T11:16:00+05:30,10677.2,10677.9,10676.7,10677,
2018-01-12T11:17:00+05:30,10677.2,10677.8,10676.9,10677.5,
2018-01-12T11:18:00+05:30,10677.4,10679.5,10677.4,10679.5,
2018-01-12T11:19:00+05:30,10679.2,10679.4,10678,10678.1,
2018-01-12T11:20:00+05:30,10678.3,10678.4,10676.7,10677.1,
2018-01-12T11:21:00+05:30,10677,10677.6,10675,10675,
2018-01-12T11:22:00+05:30,10674.9,10675.8,10674.9,10675.5,
2018-01-12T11:23:00+05:30,10675.4,10675.8,10674.8,10675.4,
2018-01-12T11:24:00+05:30,10675.6,10676.3,10675.1,10675.5,
2018-01-12T11:25:00+05:30,10675.2,10677.1,10675.1,10676,
2018-01-12T11:26:00+05:30,10676,10676.8,10675.3,10675.9,
2018-01-12T11:27:00+05:30,10675.6,10676.6,10675.1,10676.4,
2018-01-12T11:28:00+05:30,10676.1,10677,10674.7,10676.2,
2018-01-12T11:29:00+05:30,10676.2,10676.5,10674.3,10675.5,
2018-01-12T11:30:00+05:30,10675.5,10675.5,10674.1,10675.3,
2018-01-12T11:31:00+05:30,10675.4,10675.6,10674.4,10675.6,
2018-01-12T11:32:00+05:30,10675.7,10677.6,10675.2,10677,
2018-01-12T11:33:00+05:30,10677.2,10677.8,10676.4,10676.9,
2018-01-12T11:34:00+05:30,10676.9,10678.6,10676.8,10678.6,
2018-01-12T11:35:00+05:30,10678.5,10679,10675.9,10677.6,
2018-01-12T11:36:00+05:30,10677.8,10679,10677.5,10678.5,
2018-01-12T11:37:00+05:30,10678.1,10679.3,10677.4,10678.2,
2018-01-12T11:38:00+05:30,10677.8,10679.1,10677.4,10679.1,
2018-01-12T11:39:00+05:30,10679.4,10679.6,10678,10678.6,
2018-01-12T11:40:00+05:30,10678.5,10679.9,10678.3,10679.5,
2018-01-12T11:41:00+05:30,10679,10679.4,10678.4,10678.5,
2018-01-12T11:42:00+05:30,10678.6,10679.8,10678.4,10678.9,
2018-01-12T11:43:00+05:30,10679.5,10679.8,10678.1,10678.5,
2018-01-12T11:44:00+05:30,10678.5,10679.5,10678.5,10679,
2018-01-12T11:45:00+05:30,10678.8,10679.3,10677.7,10679.2,
2018-01-12T11:46:00+05:30,10678.7,10679.5,10678.4,10679,
2018-01-12T11:47:00+05:30,10679,10679.8,10677.2,10677.5,
2018-01-12T11:48:00+05:30,10677.3,10678.9,10677.1,10678.6,
2018-01-12T11:49:00+05:30,10678.4,10679,10677.8,10678.4,
2018-01-12T11:50:00+05:30,10678.5,10679.6,10678.4,10679,
2018-01-12T11:51:00+05:30,10679.1,10679.4,10678.5,10678.6,
2018-01-12T11:52:00+05:30,10678.8,10681,10678.8,10680.9,
2018-01-12T11:53:00+05:30,10680.9,10681.5,10680,10680.5,
2018-01-12T11:54:00+05:30,10680.5,10682,10680.5,10681,
2018-01-12T11:55:00+05:30,10680.9,10681.6,10680.5,10681.5,
2018-01-12T11:56:00+05:30,10681.6,10681.6,10680.4,10680.6,
2018-01-12T11:57:00+05:30,10680.6,10681,10679.3,10679.3,
2018-01-12T11:58:00+05:30,10678.8,10680,10678.5,10679.5,
2018-01-12T11:59:00+05:30,10679.4,10679.9,10678.5,10678.9,
2018-01-12T12:00:00+05:30,10679,10681,10678.8,10680,
2018-01-12T12:01:00+05:30,10680,10681.4,10680,10681.1,
2018-01-12T12:02:00+05:30,10681,10682,10681,10681.2,
2018-01-12T12:03:00+05:30,10681.1,10681.4,10678.5,10678.8,
2018-01-12T12:04:00+05:30,10678.7,10679.4,10677.9,10679,
2018-01-12T12:05:00+05:30,10679.1,10679.1,10678,10679.1,
2018-01-12T12:06:00+05:30,10678.8,10679.4,10678.5,10679.1,
2018-01-12T12:07:00+05:30,10679.2,10679.2,10678,10678.5,
2018-01-12T12:08:00+05:30,10678.2,10679,10676.4,10676.4,
2018-01-12T12:09:00+05:30,10676.5,10677,10673.3,10673.6,
2018-01-12T12:10:00+05:30,10673.5,10673.5,10669.1,10669.3,
2018-01-12T12:11:00+05:30,10669.1,10669.1,10665.2,10665.6,
2018-01-12T12:12:00+05:30,10665.9,10668.4,10663.8,10667.7,
2018-01-12T12:13:00+05:30,10667.6,10668.2,10663,10663.8,
2018-01-12T12:14:00+05:30,10663.5,10663.8,10662.5,10663.3,
2018-01-12T12:15:00+05:30,10663.7,10663.8,10659.1,10659.6,
2018-01-12T12:16:00+05:30,10659.5,10659.6,10654.4,10656.5,
2018-01-12T12:17:00+05:30,10656.5,10657.5,10652.6,10656.5,
2018-01-12T12:18:00+05:30,10656.2,10658.2,10654.9,10657.4,
2018-01-12T12:19:00+05:30,10657.5,10660.2,10656.6,10659.9,
2018-01-12T12:20:00+05:30,10659.5,10663.4,10659.5,10661.1,
2018-01-12T12:21:00+05:30,10661.2,10661.3,10658.5,10661,
2018-01-12T12:22:00+05:30,10661.5,10661.5,10656.5,10660.2,
2018-01-12T12:23:00+05:30,10660.4,10661,10659.7,10660.6,
2018-01-12T12:24:00+05:30,10660.5,10661.3,10657.5,10657.8,
2018-01-12T12:25:00+05:30,10657.6,10658.2,10656.5,10656.9,
2018-01-12T12:26:00+05:30,10656.5,10657.2,10653.8,10657.2,
2018-01-12T12:27:00+05:30,10657,10660.1,10657,10659.4,
2018-01-12T12:28:00+05:30,10659.5,10660.7,10658.4,10658.5,
2018-01-12T12:29:00+05:30,10658.5,10659.5,10657.5,10658,
2018-01-12T12:30:00+05:30,10657.9,10658.6,10655.8,10656.4,
2018-01-12T12:31:00+05:30,10656.1,10658,10656,10656,
2018-01-12T12:32:00+05:30,10655.9,10656.3,10642.2,10642.9,
2018-01-12T12:33:00+05:30,10641.9,10641.9,10635.4,10637.9,
2018-01-12T12:34:00+05:30,10637.8,10637.8,10624.7,10624.7,
2018-01-12T12:35:00+05:30,10624.1,10624.6,10615.5,10621.5,
2018-01-12T12:36:00+05:30,10621.8,10629.9,10621.5,10622.2,
2018-01-12T12:37:00+05:30,10622.6,10625.5,10622.1,10624.2,
2018-01-12T12:38:00+05:30,10624.2,10625.7,10620.6,10624.1,
2018-01-12T12:39:00+05:30,10623.6,10623.6,10616.9,10617.2,
2018-01-12T12:40:00+05:30,10617.5,10620.6,10615,10620.5,
2018-01-12T12:41:00+05:30,10620.2,10626.5,10620.2,10622.9,
2018-01-12T12:42:00+05:30,10623.2,10623.2,10617.1,10619.6,
2018-01-12T12:43:00+05:30,10619.8,10620,10614.8,10615.1,
2018-01-12T12:44:00+05:30,10614,10614,10602.4,10602.4,
2018-01-12T12:45:00+05:30,10601.5,10605.1,10599,10599,
2018-01-12T12:46:00+05:30,10599.2,10607.3,10597.7,10606.2,
2018-01-12T12:47:00+05:30,10605.9,10608.1,10599,10606.2,
2018-01-12T12:48:00+05:30,10606,10612.1,10604.9,10608.1,
2018-01-12T12:49:00+05:30,10608,10612.2,10606,10612.1,
2018-01-12T12:50:00+05:30,10611.6,10620,10611.6,10620,
2018-01-12T12:51:00+05:30,10620.5,10620.8,10617.1,10618,
2018-01-12T12:52:00+05:30,10617.8,10622.4,10617.1,10622.4,
2018-01-12T12:53:00+05:30,10622.1,10625.9,10620.8,10625.8,
2018-01-12T12:54:00+05:30,10626.4,10626.4,10624.8,10625.8,
2018-01-12T12:55:00+05:30,10625.4,10625.5,10621,10621.4,
2018-01-12T12:56:00+05:30,10620.9,10629.1,10620.9,10629.1,
2018-01-12T12:57:00+05:30,10629.8,10634,10627.6,10634,
2018-01-12T12:58:00+05:30,10634,10636.1,10632.6,10635.8,
2018-01-12T12:59:00+05:30,10635.9,10639.4,10635.4,10639,
2018-01-12T13:00:00+05:30,10638.9,10638.9,10636.5,10638.9,
2018-01-12T13:01:00+05:30,10639,10644,10638.8,10643.9,
2018-01-12T13:02:00+05:30,10643.9,10644.4,10636.5,10637.5,
2018-01-12T13:03:00+05:30,10637.3,10637.4,10634.4,10636.1,
2018-01-12T13:04:00+05:30,10636.2,10636.2,10629.2,10629.2,
2018-01-12T13:05:00+05:30,10629.2,10630.4,10626.8,10630.3,
2018-01-12T13:06:00+05:30,10630.4,10630.9,10627.7,10628.8,
2018-01-12T13:07:00+05:30,10628.5,10628.8,10623.4,10623.4,
2018-01-12T13:08:00+05:30,10623.3,10628.6,10620.6,10628.4,
2018-01-12T13:09:00+05:30,10628,10628.8,10624,10624,
2018-01-12T13:10:00+05:30,10624.4,10627.1,10623.8,10627.1,
2018-01-12T13:11:00+05:30,10627.5,10631.2,10627.5,10629.8,
2018-01-12T13:12:00+05:30,10629.8,10632.1,10629.6,10632.1,
2018-01-12T13:13:00+05:30,10632.2,10634.9,10631.8,10633.2,
2018-01-12T13:14:00+05:30,10633.1,10633.3,10629,10630,
2018-01-12T13:15:00+05:30,10629.9,10629.9,10625,10628.9,
2018-01-12T13:16:00+05:30,10628.8,10632.8,10628,10629.9,
2018-01-12T13:17:00+05:30,10629.9,10634.8,10629.9,10634.1,
2018-01-12T13:18:00+05:30,10633.9,10634.6,10633.4,10634.3,
2018-01-12T13:19:00+05:30,10634.2,10639.5,10634.2,10638.2,
2018-01-12T13:20:00+05:30,10637.8,10638.9,10634.5,10634.9,
2018-01-12T13:21:00+05:30,10634.7,10637.6,10633.5,10636,
2018-01-12T13:22:00+05:30,10636,10639.3,10634.4,10634.4,
2018-01-12T13:23:00+05:30,10634.4,10637.2,10633,10637.2,
2018-01-12T13:24:00+05:30,10637.2,10637.3,10634.5,10636.4,
2018-01-12T13:25:00+05:30,10635.7,10636.2,10634.8,10635.5,
2018-01-12T13:26:00+05:30,10635.3,10635.4,10631.7,10634,
2018-01-12T13:27:00+05:30,10633.9,10635.3,10632.9,10634.6,
2018-01-12T13:28:00+05:30,10634.5,10634.6,10633.5,10633.6,
2018-01-12T13:29:00+05:30,10633.4,10633.6,10630.1,10632.4,
2018-01-12T13:30:00+05:30,10632.6,10634,10632.3,10633.1,
2018-01-12T13:31:00+05:30,10633.3,10637.9,10633.3,10637,
2018-01-12T13:32:00+05:30,10636.9,10638.9,10636.3,10638.8,
2018-01-12T13:33:00+05:30,10638.8,10645.7,10638.8,10645.6,
2018-01-12T13:34:00+05:30,10645.7,10645.7,10642.6,10644.4,
2018-01-12T13:35:00+05:30,10644.7,10649.7,10643.9,10648,
2018-01-12T13:36:00+05:30,10648.4,10658,10648.4,10654.4,
2018-01-12T13:37:00+05:30,10654.5,10656.3,10651.6,10653.3,
2018-01-12T13:38:00+05:30,10653.4,10656.1,10653.1,10655.6,
2018-01-12T13:39:00+05:30,10655.8,10655.9,10648.6,10648.6,
2018-01-12T13:40:00+05:30,10649.1,10650.6,10648.7,10649.8,
2018-01-12T13:41:00+05:30,10649.8,10653,10648,10649.2,
2018-01-12T13:42:00+05:30,10649.7,10649.8,10646,10646.5,
2018-01-12T13:43:00+05:30,10646.6,10646.6,10643.5,10645.6,
2018-01-12T13:44:00+05:30,10645.5,10650,10645.5,10650,
2018-01-12T13:45:00+05:30,10649.8,10652,10648.5,10652,
2018-01-12T13:46:00+05:30,10652.2,10652.5,10648.6,10651.1,
2018-01-12T13:47:00+05:30,10651.1,10655.2,10649.2,10655,
2018-01-12T13:48:00+05:30,10655.4,10657.1,10654.9,10656.9,
2018-01-12T13:49:00+05:30,10657.1,10657.1,10648.5,10650.1,
2018-01-12T13:50:00+05:30,10651,10656.9,10650.5,10654.5,
2018-01-12T13:51:00+05:30,10654.1,10655.7,10651,10654.9,
2018-01-12T13:52:00+05:30,10655.4,10657.5,10655.2,10655.3,
2018-01-12T13:53:00+05:30,10655.2,10656.4,10653.5,10656,
2018-01-12T13:54:00+05:30,10656.2,10656.5,10654.7,10656.1,
2018-01-12T13:55:00+05:30,10656.2,10656.3,10653.5,10653.5,
2018-01-12T13:56:00+05:30,10653.7,10660.3,10653.7,10658.2,
2018-01-12T13:57:00+05:30,10658,10659,10654.6,10657.8,
2018-01-12T13:58:00+05:30,10657.9,10660.6,10657.9,10660.3,
2018-01-12T13:59:00+05:30,10660,10660.2,10657.8,10659,
2018-01-12T14:00:00+05:30,10659.2,10660.8,10658.7,10659.5,
2018-01-12T14:01:00+05:30,10659.9,10660.5,10655.2,10656.7,
2018-01-12T14:02:00+05:30,10656.5,10656.9,10653.1,10653.1,
2018-01-12T14:03:00+05:30,10653.5,10653.7,10651.3,10652.5,
2018-01-12T14:04:00+05:30,10652.6,10657.1,10652.6,10656.8,
2018-01-12T14:05:00+05:30,10656.6,10656.6,10649.2,10650.2,
2018-01-12T14:06:00+05:30,10650.5,10652.3,10648.9,10652.1,
2018-01-12T14:07:00+05:30,10652,10652.7,10649.9,10652,
2018-01-12T14:08:00+05:30,10651.8,10652.2,10649.2,10650.8,
2018-01-12T14:09:00+05:30,10651.3,10651.3,10648.6,10650.1,
2018-01-12T14:10:00+05:30,10650.1,10652.1,10649.5,10652.1,
2018-01-12T14:11:00+05:30,10652,10654.2,10651.6,10654.2,
2018-01-12T14:12:00+05:30,10654.1,10656.5,10651.5,10653,
2018-01-12T14:13:00+05:30,10653.1,10655.2,10652.1,10654.2,
2018-01-12T14:14:00+05:30,10654.5,10657.5,10654.5,10657.5,
2018-01-12T14:15:00+05:30,10657.6,10659.8,10657.6,10659.8,
2018-01-12T14:16:00+05:30,10660.1,10661.2,10659.6,10659.6,
2018-01-12T14:17:00+05:30,10658.8,10659.2,10657.4,10658,
2018-01-12T14:18:00+05:30,10657.8,10660.2,10657.8,10660.2,
2018-01-12T14:19:00+05:30,10660.2,10660.3,10657.5,10658.8,
2018-01-12T14:20:00+05:30,10658.5,10660.9,10658.5,10660.7,
2018-01-12T14:21:00+05:30,10660.5,10665.6,10660.5,10663.1,
2018-01-12T14:22:00+05:30,10663.5,10665,10663.4,10663.8,
2018-01-12T14:23:00+05:30,10663.6,10665,10662.9,10663.5,
2018-01-12T14:24:00+05:30,10663.2,10665,10662.4,10664.9,
2018-01-12T14:25:00+05:30,10665.1,10665.4,10656.4,10657.9,
2018-01-12T14:26:00+05:30,10657.9,10660.5,10657.6,10660.5,
2018-01-12T14:27:00+05:30,10660.5,10662.4,10659.5,10659.9,
2018-01-12T14:28:00+05:30,10660.2,10663,10660.2,10662.1,
2018-01-12T14:29:00+05:30,10662.5,10663,10661.9,10662.5,
2018-01-12T14:30:00+05:30,10662.4,10664,10662.4,10664,
2018-01-12T14:31:00+05:30,10664.2,10664.5,10658.9,10659.6,
2018-01-12T14:32:00+05:30,10659.8,10660,10658.8,10659.2,
2018-01-12T14:33:00+05:30,10659,10662,10659,10661,
2018-01-12T14:34:00+05:30,10661.1,10667.5,10661.1,10667.5,
2018-01-12T14:35:00+05:30,10667.5,10669,10666.9,10669,
2018-01-12T14:36:00+05:30,10668.9,10671.1,10668.9,10670.9,
2018-01-12T14:37:00+05:30,10671,10673.7,10670.9,10672.5,
2018-01-12T14:38:00+05:30,10672.7,10676.6,10672.5,10676,
2018-01-12T14:39:00+05:30,10675.9,10676.9,10669.5,10669.5,
2018-01-12T14:40:00+05:30,10669.5,10672.5,10669.5,10672.1,
2018-01-12T14:41:00+05:30,10672.3,10673.5,10672,10672.3,
2018-01-12T14:42:00+05:30,10672.6,10673.7,10670.6,10671,
2018-01-12T14:43:00+05:30,10671,10674.6,10671,10673.4,
2018-01-12T14:44:00+05:30,10672.9,10677.4,10672.9,10675.5,
2018-01-12T14:45:00+05:30,10675.5,10676,10674.5,10674.5,
2018-01-12T14:46:00+05:30,10674.6,10676,10672,10672.2,
2018-01-12T14:47:00+05:30,10672.6,10675,10672.6,10673.5,
2018-01-12T14:48:00+05:30,10674.3,10675.6,10674,10675.6,
2018-01-12T14:49:00+05:30,10675.4,10675.5,10672,10672.5,
2018-01-12T14:50:00+05:30,10672.6,10672.6,10669.7,10670.4,
2018-01-12T14:51:00+05:30,10670.2,10672,10669,10669,
2018-01-12T14:52:00+05:30,10669.1,10669.1,10665,10666.2,
2018-01-12T14:53:00+05:30,10666.7,10667.2,10665.8,10666.1,
2018-01-12T14:54:00+05:30,10666.4,10668,10665.8,10666.3,
2018-01-12T14:55:00+05:30,10666.5,10671,10666,10670.6,
2018-01-12T14:56:00+05:30,10670.2,10672.3,10669.4,10671.9,
2018-01-12T14:57:00+05:30,10672,10677.6,10671.7,10676.8,
2018-01-12T14:58:00+05:30,10676.8,10677,10674,10674,
2018-01-12T14:59:00+05:30,10674,10674.6,10672.2,10672.6,
2018-01-12T15:00:00+05:30,10672.2,10678.8,10672.2,10677.9,
2018-01-12T15:01:00+05:30,10678,10681.8,10678,10681,
2018-01-12T15:02:00+05:30,10681.4,10682.7,10679.2,10679.5,
2018-01-12T15:03:00+05:30,10679.4,10684.3,10679.4,10683.2,
2018-01-12T15:04:00+05:30,10683.5,10684.4,10678.8,10679,
2018-01-12T15:05:00+05:30,10679.1,10684.2,10679.1,10680.7,
2018-01-12T15:06:00+05:30,10680.7,10682.5,10679.6,10679.6,
2018-01-12T15:07:00+05:30,10679.4,10682.4,10679.4,10680.2,
2018-01-12T15:08:00+05:30,10680,10681.5,10679.6,10679.6,
2018-01-12T15:09:00+05:30,10680.2,10682.8,10680.2,10681.4,
2018-01-12T15:10:00+05:30,10681.1,10685.2,10681.1,10684,
2018-01-12T15:11:00+05:30,10683.8,10687.6,10683.8,10685.5,
2018-01-12T15:12:00+05:30,10685.2,10688.5,10684.9,10684.9,
2018-01-12T15:13:00+05:30,10685,10689.1,10685,10688.8,
2018-01-12T15:14:00+05:30,10688.8,10690,10687,10687,
2018-01-12T15:15:00+05:30,10686.9,10688.8,10684.5,10685,
2018-01-12T15:16:00+05:30,10684,10686.2,10681.8,10683.3,
2018-01-12T15:17:00+05:30,10683,10686.2,10681.2,10681.2,
2018-01-12T15:18:00+05:30,10681.1,10684.4,10680.5,10680.5,
2018-01-12T15:19:00+05:30,10680.8,10682.4,10680.4,10681.5,
2018-01-12T15:20:00+05:30,10682,10682.7,10678.6,10678.6,
2018-01-12T15:21:00+05:30,10678.5,10681.1,10678.5,10680.8,
2018-01-12T15:22:00+05:30,10681.3,10682.2,10677.5,10678,
2018-01-12T15:23:00+05:30,10678.2,10680.1,10675.9,10680.1,
2018-01-12T15:24:00+05:30,10679.9,10680.6,10673.4,10675,
2018-01-12T15:25:00+05:30,10675.2,10676.9,10674,10675.5,
2018-01-12T15:26:00+05:30,10675.1,10678,10675.1,10676,
2018-01-12T15:27:00+05:30,10675.7,10677,10672.1,10673.5,
2018-01-12T15:28:00+05:30,10673.5,10675.1,10669.5,10669.8,
2018-01-12T15:29:00+05:30,10670.1,10672.6,10667.3,10667.3,
2018-01-15T09:15:00+05:30,10718.5,10732.1,10715.5,10727.1,
2018-01-15T09:16:00+05:30,10727.5,10728.5,10723.4,10726.5,
2018-01-15T09:17:00+05:30,10726.8,10730.5,10726.2,10729.5,
2018-01-15T09:18:00+05:30,10729.3,10734.1,10729.3,10731.6,
2018-01-15T09:19:00+05:30,10731.6,10732.8,10725.8,10727.6,
2018-01-15T09:20:00+05:30,10727.3,10729,10725.4,10727,
2018-01-15T09:21:00+05:30,10726.9,10730.3,10725.8,10730.3,
2018-01-15T09:22:00+05:30,10729.8,10729.8,10726.3,10727.5,
2018-01-15T09:23:00+05:30,10727.5,10729.4,10725.3,10725.3,
2018-01-15T09:24:00+05:30,10725.9,10725.9,10719.8,10720.9,
2018-01-15T09:25:00+05:30,10720.6,10728.4,10720.5,10728,
2018-01-15T09:26:00+05:30,10728.5,10731,10727.8,10730.5,
2018-01-15T09:27:00+05:30,10730.6,10732.4,10729.9,10730.1,
2018-01-15T09:28:00+05:30,10729.7,10731.5,10729,10729,
2018-01-15T09:29:00+05:30,10727.4,10727.4,10724.6,10725.7,
2018-01-15T09:30:00+05:30,10725.9,10730.2,10725.6,10730.2,
2018-01-15T09:31:00+05:30,10729.9,10730.2,10727.9,10729.1,
2018-01-15T09:32:00+05:30,10727.5,10732.6,10727.5,10732.6,
2018-01-15T09:33:00+05:30,10732.5,10734.5,10732.1,10732.9,
2018-01-15T09:34:00+05:30,10732.8,10735.1,10732.8,10734.9,
2018-01-15T09:35:00+05:30,10734.6,10735.7,10732.2,10733.3,
2018-01-15T09:36:00+05:30,10734,10734.8,10732.5,10734.3,
2018-01-15T09:37:00+05:30,10734.6,10734.6,10730.3,10731.6,
2018-01-15T09:38:00+05:30,10731.6,10737.8,10731.4,10737.8,
2018-01-15T09:39:00+05:30,10737.8,10740.2,10736.9,10738.9,
2018-01-15T09:40:00+05:30,10739,10739.3,10735.1,10735.3,
2018-01-15T09:41:00+05:30,10735,10736.9,10735,10736.1,
2018-01-15T09:42:00+05:30,10736.1,10738.8,10736.1,10738,
2018-01-15T09:43:00+05:30,10737.9,10739.7,10737.1,10739.7,
2018-01-15T09:44:00+05:30,10739.6,10742.4,10738.7,10741.2,
2018-01-15T09:45:00+05:30,10741.4,10744.6,10741.4,10743,
2018-01-15T09:46:00+05:30,10743.1,10744.6,10742.6,10743.2,
2018-01-15T09:47:00+05:30,10743,10743.4,10740.6,10741.2,
2018-01-15T09:48:00+05:30,10741.2,10742.6,10741.2,10742,
2018-01-15T09:49:00+05:30,10742.4,10742.4,10740.5,10742.1,
2018-01-15T09:50:00+05:30,10741.7,10744.5,10741.7,10743.5,
2018-01-15T09:51:00+05:30,10742.2,10744.5,10741.6,10743.8,
2018-01-15T09:52:00+05:30,10743.5,10744.6,10743,10744,
2018-01-15T09:53:00+05:30,10743.8,10743.8,10741.2,10741.5,
2018-01-15T09:54:00+05:30,10741.7,10742.3,10740,10740.8,
2018-01-15T09:55:00+05:30,10740.5,10742,10740.1,10741.2,
2018-01-15T09:56:00+05:30,10741.5,10742.6,10740.4,10742.6,
2018-01-15T09:57:00+05:30,10742.6,10745,10742.2,10745,
2018-01-15T09:58:00+05:30,10745.7,10746.7,10744.5,10745.8,
2018-01-15T09:59:00+05:30,10746.1,10747.9,10745.7,10747.9,
2018-01-15T10:00:00+05:30,10747.2,10748.6,10747,10748.5,
2018-01-15T10:01:00+05:30,10748.4,10751.2,10748.4,10751.1,
2018-01-15T10:02:00+05:30,10751.3,10754,10751.1,10752.5,
2018-01-15T10:03:00+05:30,10752.9,10754.7,10751.5,10751.9,
2018-01-15T10:04:00+05:30,10751.9,10753,10750.5,10753,
2018-01-15T10:05:00+05:30,10753,10754.2,10751.6,10752.4,
2018-01-15T10:06:00+05:30,10752.5,10752.6,10748.2,10749.9,
2018-01-15T10:07:00+05:30,10750.1,10751,10748.4,10748.8,
2018-01-15T10:08:00+05:30,10748.7,10748.7,10746.2,10747.3,
2018-01-15T10:09:00+05:30,10747.9,10749.2,10747.8,10748.6,
2018-01-15T10:10:00+05:30,10748.5,10749.4,10747.8,10749.4,
2018-01-15T10:11:00+05:30,10749,10749,10746.1,10747.6,
2018-01-15T10:12:00+05:30,10747.6,10749.5,10747.4,10748.9,
2018-01-15T10:13:00+05:30,10748.4,10749.6,10747.9,10749.1,
2018-01-15T10:14:00+05:30,10749.5,10749.5,10745.4,10745.5,
2018-01-15T10:15:00+05:30,10744.9,10748.1,10744.9,10748.1,
2018-01-15T10:16:00+05:30,10747.5,10749.6,10746.8,10748,
2018-01-15T10:17:00+05:30,10748,10749.8,10747.8,10749.8,
2018-01-15T10:18:00+05:30,10750,10752.2,10750,10752,
2018-01-15T10:19:00+05:30,10752,10756.1,10752,10755.5,
2018-01-15T10:20:00+05:30,10756,10759,10755,10758.8,
2018-01-15T10:21:00+05:30,10759,10759,10757.1,10757.8,
2018-01-15T10:22:00+05:30,10758,10760,10757.8,10759.8,
2018-01-15T10:23:00+05:30,10759.3,10759.5,10755.6,10756.4,
2018-01-15T10:24:00+05:30,10756.4,10758.4,10756.4,10756.9,
2018-01-15T10:25:00+05:30,10756.8,10758.8,10756.4,10758.5,
2018-01-15T10:26:00+05:30,10758.9,10759,10757.2,10758,
2018-01-15T10:27:00+05:30,10757.8,10757.9,10756.1,10757,
2018-01-15T10:28:00+05:30,10757,10758.6,10756.1,10758.4,
2018-01-15T10:29:00+05:30,10758.6,10761.5,10758.3,10760.6,
2018-01-15T10:30:00+05:30,10760.6,10761.4,10759.4,10760.3,
2018-01-15T10:31:00+05:30,10760.6,10761.3,10758.4,10758.8,
2018-01-15T10:32:00+05:30,10758.5,10759.6,10757.4,10757.5,
2018-01-15T10:33:00+05:30,10757.5,10761.7,10756.5,10760.4,
2018-01-15T10:34:00+05:30,10760.1,10762.7,10759.9,10762.7,
2018-01-15T10:35:00+05:30,10762.8,10763,10760.9,10761.2,
2018-01-15T10:36:00+05:30,10761.4,10762.2,10760.5,10761.5,
2018-01-15T10:37:00+05:30,10761.3,10764.9,10760.1,10764.9,
2018-01-15T10:38:00+05:30,10764.9,10765.3,10762.9,10762.9,
2018-01-15T10:39:00+05:30,10763.2,10763.6,10762,10762.3,
2018-01-15T10:40:00+05:30,10762.1,10763,10761.2,10761.8,
2018-01-15T10:41:00+05:30,10762,10765.9,10761.5,10764.6,
2018-01-15T10:42:00+05:30,10764.8,10767.4,10764.1,10766.5,
2018-01-15T10:43:00+05:30,10767,10769,10766.1,10767.5,
2018-01-15T10:44:00+05:30,10767.4,10769.8,10767,10768.6,
2018-01-15T10:45:00+05:30,10768.4,10772.9,10768.4,10772,
2018-01-15T10:46:00+05:30,10773.2,10773.2,10767.9,10768.4,
2018-01-15T10:47:00+05:30,10768.5,10770.8,10768.5,10769,
2018-01-15T10:48:00+05:30,10769.1,10771.9,10768.5,10771.4,
2018-01-15T10:49:00+05:30,10771.2,10773.1,10771.1,10772.9,
2018-01-15T10:50:00+05:30,10772.2,10772.9,10769.5,10770.7,
2018-01-15T10:51:00+05:30,10770.8,10774.9,10770.8,10772.9,
2018-01-15T10:52:00+05:30,10773,10775.9,10771.5,10772.6,
2018-01-15T10:53:00+05:30,10772.8,10775.9,10772.8,10775.9,
2018-01-15T10:54:00+05:30,10776.5,10777,10773,10773,
2018-01-15T10:55:00+05:30,10773,10773.9,10771.4,10773.6,
2018-01-15T10:56:00+05:30,10773.5,10773.5,10770.6,10771.4,
2018-01-15T10:57:00+05:30,10771.2,10773,10771.1,10772,
2018-01-15T10:58:00+05:30,10772,10774,10771.7,10773.1,
2018-01-15T10:59:00+05:30,10772.9,10774.2,10772.5,10773.3,
2018-01-15T11:00:00+05:30,10773,10773.2,10770.7,10772.4,
2018-01-15T11:01:00+05:30,10772.1,10774.5,10771.5,10774.1,
2018-01-15T11:02:00+05:30,10774.2,10774.2,10771.5,10772.8,
2018-01-15T11:03:00+05:30,10772.4,10773.3,10771.7,10772.8,
2018-01-15T11:04:00+05:30,10772.6,10773.6,10771.4,10771.4,
2018-01-15T11:05:00+05:30,10771.9,10772,10770.2,10771.8,
2018-01-15T11:06:00+05:30,10771.3,10773.2,10771,10772.2,
2018-01-15T11:07:00+05:30,10772,10773.5,10771.8,10772.7,
2018-01-15T11:08:00+05:30,10772.4,10772.4,10769.3,10769.3,
2018-01-15T11:09:00+05:30,10769.2,10771.2,10768.6,10770.1,
2018-01-15T11:10:00+05:30,10769.5,10773.1,10769.5,10773,
2018-01-15T11:11:00+05:30,10772.9,10774.9,10772.1,10774.7,
2018-01-15T11:12:00+05:30,10774.6,10775.2,10774,10775.1,
2018-01-15T11:13:00+05:30,10774.9,10777.8,10774.7,10777.2,
2018-01-15T11:14:00+05:30,10777,10778.8,10776.4,10777.5,
2018-01-15T11:15:00+05:30,10777.1,10782.6,10776.3,10777,
2018-01-15T11:16:00+05:30,10776.9,10777.6,10773.5,10773.6,
2018-01-15T11:17:00+05:30,10773.1,10777.2,10772.5,10777.2,
2018-01-15T11:18:00+05:30,10776.7,10776.7,10774,10776.6,
2018-01-15T11:19:00+05:30,10777,10777.3,10774.2,10775.1,
2018-01-15T11:20:00+05:30,10775,10778.5,10774.6,10777.8,
2018-01-15T11:21:00+05:30,10777.4,10777.9,10776,10777.6,
2018-01-15T11:22:00+05:30,10777.5,10779.6,10777.2,10778.5,
2018-01-15T11:23:00+05:30,10778.4,10780.2,10777.4,10778,
2018-01-15T11:24:00+05:30,10777.5,10779.3,10777.1,10778,
2018-01-15T11:25:00+05:30,10777.4,10778.1,10773.8,10773.8,
2018-01-15T11:26:00+05:30,10773.7,10775.5,10773.3,10774.2,
2018-01-15T11:27:00+05:30,10774.2,10777.6,10773.9,10776.8,
2018-01-15T11:28:00+05:30,10776.7,10777.4,10775.1,10775.5,
2018-01-15T11:29:00+05:30,10774.8,10775.7,10773.2,10773.9,
2018-01-15T11:30:00+05:30,10773.9,10773.9,10771,10772.1,
2018-01-15T11:31:00+05:30,10772,10775.1,10772,10775,
2018-01-15T11:32:00+05:30,10775,10775.6,10773.2,10774.5,
2018-01-15T11:33:00+05:30,10774.5,10774.8,10766.1,10769.7,
2018-01-15T11:34:00+05:30,10769.3,10769.6,10764.6,10765.8,
2018-01-15T11:35:00+05:30,10766.1,10771,10766,10769.9,
2018-01-15T11:36:00+05:30,10769.5,10770.8,10767.9,10769.4,
2018-01-15T11:37:00+05:30,10769.3,10769.8,10765.1,10766.4,
2018-01-15T11:38:00+05:30,10766.1,10767.9,10762.9,10763,
2018-01-15T11:39:00+05:30,10762.8,10763.6,10760.8,10762,
2018-01-15T11:40:00+05:30,10761.7,10761.7,10756.6,10757.4,
2018-01-15T11:41:00+05:30,10757.2,10758.6,10756.3,10757.5,
2018-01-15T11:42:00+05:30,10758.1,10760.8,10757.2,10760.3,
2018-01-15T11:43:00+05:30,10760.4,10764.1,10760.4,10763,
2018-01-15T11:44:00+05:30,10762.1,10766.2,10761,10766.2,
2018-01-15T11:45:00+05:30,10766,10767.5,10763.9,10763.9,
2018-01-15T11:46:00+05:30,10763.5,10764.1,10762.1,10762.8,
2018-01-15T11:47:00+05:30,10762.6,10762.8,10758.6,10759.8,
2018-01-15T11:48:00+05:30,10759.9,10761.5,10759.6,10761.5,
2018-01-15T11:49:00+05:30,10761.2,10762.7,10761,10761.3,
2018-01-15T11:50:00+05:30,10761.4,10764.5,10761.4,10764.5,
2018-01-15T11:51:00+05:30,10764.3,10766.5,10763.6,10765.9,
2018-01-15T11:52:00+05:30,10765.7,10766.2,10763.5,10764.1,
2018-01-15T11:53:00+05:30,10764,10765,10763.1,10763.6,
2018-01-15T11:54:00+05:30,10763.5,10763.9,10760.8,10761.7,
2018-01-15T11:55:00+05:30,10761.9,10762,10759.6,10761,
2018-01-15T11:56:00+05:30,10761.4,10764,10760.9,10763.1,
2018-01-15T11:57:00+05:30,10763.5,10763.9,10762.6,10763.5,
2018-01-15T11:58:00+05:30,10763.4,10764.1,10761.9,10763.5,
2018-01-15T11:59:00+05:30,10763.3,10764.2,10757.6,10757.9,
2018-01-15T12:00:00+05:30,10758.2,10758.4,10753.4,10753.8,
2018-01-15T12:01:00+05:30,10754.1,10757.8,10753.9,10757.4,
2018-01-15T12:02:00+05:30,10757.4,10761.2,10757.4,10759.3,
2018-01-15T12:03:00+05:30,10759.2,10760.5,10757.3,10759.6,
2018-01-15T12:04:00+05:30,10759.5,10763.4,10759.5,10761.8,
2018-01-15T12:05:00+05:30,10761.3,10763.2,10760.8,10762,
2018-01-15T12:06:00+05:30,10762,10764.4,10761.1,10762.8,
2018-01-15T12:07:00+05:30,10762.5,10762.7,10760.8,10762,
2018-01-15T12:08:00+05:30,10762.2,10762.2,10760.2,10761,
2018-01-15T12:09:00+05:30,10760.9,10762.5,10760,10760.5,
2018-01-15T12:10:00+05:30,10760.8,10762,10760.2,10760.6,
2018-01-15T12:11:00+05:30,10759.1,10759.8,10756.2,10758.6,
2018-01-15T12:12:00+05:30,10758.5,10759.9,10758.5,10759.2,
2018-01-15T12:13:00+05:30,10759.6,10759.8,10758.1,10758.7,
2018-01-15T12:14:00+05:30,10758.3,10758.7,10754.5,10754.5,
2018-01-15T12:15:00+05:30,10754.8,10755,10752.2,10752.4,
2018-01-15T12:16:00+05:30,10752.5,10757.5,10752.5,10756.4,
2018-01-15T12:17:00+05:30,10756.2,10758.8,10755.8,10757.6,
2018-01-15T12:18:00+05:30,10757.5,10758.1,10756.1,10756.3,
2018-01-15T12:19:00+05:30,10756.1,10757.4,10755.9,10756.6,
2018-01-15T12:20:00+05:30,10756.2,10756.8,10753.2,10753.5,
2018-01-15T12:21:00+05:30,10754.2,10757.8,10754.2,10756.9,
2018-01-15T12:22:00+05:30,10757.1,10757.1,10755.8,10756.2,
2018-01-15T12:23:00+05:30,10756.5,10759.4,10756,10758.2,
2018-01-15T12:24:00+05:30,10758.5,10759.9,10757.8,10759.3,
2018-01-15T12:25:00+05:30,10759.4,10759.9,10758.1,10758.6,
2018-01-15T12:26:00+05:30,10758.6,10759.2,10757.8,10758.6,
2018-01-15T12:27:00+05:30,10758.6,10758.6,10756.1,10756.8,
2018-01-15T12:28:00+05:30,10756.7,10757.1,10755.5,10756.6,
2018-01-15T12:29:00+05:30,10757,10758.2,10756.5,10756.8,
2018-01-15T12:30:00+05:30,10757,10757.9,10753.5,10754.2,
2018-01-15T12:31:00+05:30,10754.2,10755.2,10753.6,10754.9,
2018-01-15T12:32:00+05:30,10754.9,10755.8,10753.2,10753.8,
2018-01-15T12:33:00+05:30,10753.5,10753.9,10752.2,10752.4,
2018-01-15T12:34:00+05:30,10752.9,10752.9,10750.2,10751,
2018-01-15T12:35:00+05:30,10751.1,10751.1,10748.3,10748.9,
2018-01-15T12:36:00+05:30,10749.3,10750,10748.7,10749.4,
2018-01-15T12:37:00+05:30,10749.4,10750.4,10748.6,10749,
2018-01-15T12:38:00+05:30,10749.5,10750.9,10749.1,10749.6,
2018-01-15T12:39:00+05:30,10750.1,10750.2,10748.3,10750,
2018-01-15T12:40:00+05:30,10750.1,10750.6,10748,10748.2,
2018-01-15T12:41:00+05:30,10748.5,10750.6,10748.5,10749.9,
2018-01-15T12:42:00+05:30,10750,10750.5,10748.8,10750.1,
2018-01-15T12:43:00+05:30,10750.2,10751,10748.9,10749.4,
2018-01-15T12:44:00+05:30,10749,10752.5,10749,10752.5,
2018-01-15T12:45:00+05:30,10751.7,10752.9,10750,10750.8,
2018-01-15T12:46:00+05:30,10751.5,10753.5,10750.8,10752.5,
2018-01-15T12:47:00+05:30,10752.6,10754.1,10752,10753.3,
2018-01-15T12:48:00+05:30,10753.6,10755.3,10752.9,10753,
2018-01-15T12:49:00+05:30,10753.9,10754.4,10752.4,10752.5,
2018-01-15T12:50:00+05:30,10752.3,10754.5,10751.9,10752.8,
2018-01-15T12:51:00+05:30,10752.5,10754.6,10752.1,10752.8,
2018-01-15T12:52:00+05:30,10752.8,10753.6,10750.2,10750.2,
2018-01-15T12:53:00+05:30,10750.5,10751.8,10750.3,10750.8,
2018-01-15T12:54:00+05:30,10751,10751.7,10750.2,10751.5,
2018-01-15T12:55:00+05:30,10751.6,10752,10750.5,10751.1,
2018-01-15T12:56:00+05:30,10751.5,10753,10750.9,10752.4,
2018-01-15T12:57:00+05:30,10752,10753,10750,10750.5,
2018-01-15T12:58:00+05:30,10750.5,10752.2,10749.2,10751.5,
2018-01-15T12:59:00+05:30,10751.5,10751.8,10750.5,10751.2,
2018-01-15T13:00:00+05:30,10751.1,10751.1,10749.4,10749.7,
2018-01-15T13:01:00+05:30,10749.7,10750.8,10745.9,10745.9,
2018-01-15T13:02:00+05:30,10745.9,10746.6,10743.4,10745.9,
2018-01-15T13:03:00+05:30,10746,10748.6,10745.8,10748.3,
2018-01-15T13:04:00+05:30,10747.9,10748.7,10747,10748.6,
2018-01-15T13:05:00+05:30,10748.5,10749.2,10748.4,10748.7,
2018-01-15T13:06:00+05:30,10748.8,10749.4,10746.3,10748,
2018-01-15T13:07:00+05:30,10747.6,10749.3,10746.5,10746.9,
2018-01-15T13:08:00+05:30,10746.9,10747.1,10744.8,10745.8,
2018-01-15T13:09:00+05:30,10745.8,10746.6,10743,10744,
2018-01-15T13:10:00+05:30,10744.1,10747,10743.4,10746,
2018-01-15T13:11:00+05:30,10745.9,10746.2,10741.1,10741.2,
2018-01-15T13:12:00+05:30,10741.3,10743.2,10739.5,10741.5,
2018-01-15T13:13:00+05:30,10742,10742.5,10740.8,10741.5,
2018-01-15T13:14:00+05:30,10741.9,10745.5,10741.3,10745.2,
2018-01-15T13:15:00+05:30,10745.4,10745.9,10744.8,10745.5,
2018-01-15T13:16:00+05:30,10746.2,10747,10744.9,10746.4,
2018-01-15T13:17:00+05:30,10746.4,10746.5,10742.7,10742.9,
2018-01-15T13:18:00+05:30,10742.8,10743.7,10741.9,10742.4,
2018-01-15T13:19:00+05:30,10742.2,10742.9,10741.4,10742,
2018-01-15T13:20:00+05:30,10742,10744.1,10741.8,10744.1,
2018-01-15T13:21:00+05:30,10744,10744.4,10741.1,10741.8,
2018-01-15T13:22:00+05:30,10741.8,10743.9,10741.5,10743.9,
2018-01-15T13:23:00+05:30,10743.9,10745.9,10743.5,10745.5,
2018-01-15T13:24:00+05:30,10745.7,10752.1,10745.7,10752,
2018-01-15T13:25:00+05:30,10751.7,10753.2,10751.3,10752.1,
2018-01-15T13:26:00+05:30,10752.2,10757.8,10751.5,10754.7,
2018-01-15T13:27:00+05:30,10754.9,10756.6,10753.7,10753.7,
2018-01-15T13:28:00+05:30,10753.4,10753.9,10748.8,10749.3,
2018-01-15T13:29:00+05:30,10749.6,10750,10748.8,10749.9,
2018-01-15T13:30:00+05:30,10749.9,10752.5,10749,10752.3,
2018-01-15T13:31:00+05:30,10752.3,10753.4,10752.2,10752.6,
2018-01-15T13:32:00+05:30,10752.9,10752.9,10751,10751,
2018-01-15T13:33:00+05:30,10751.4,10752.2,10749.2,10749.2,
2018-01-15T13:34:00+05:30,10749.4,10749.4,10746.3,10747.1,
2018-01-15T13:35:00+05:30,10747.1,10747.1,10744,10744.8,
2018-01-15T13:36:00+05:30,10744.8,10745.8,10744.1,10744.9,
2018-01-15T13:37:00+05:30,10744.8,10745.2,10742,10742.3,
2018-01-15T13:38:00+05:30,10742.5,10744.9,10741.6,10744.5,
2018-01-15T13:39:00+05:30,10744.1,10744.9,10742,10744.6,
2018-01-15T13:40:00+05:30,10744.7,10748.2,10744.4,10747.8,
2018-01-15T13:41:00+05:30,10747.8,10749.1,10746.8,10748.7,
2018-01-15T13:42:00+05:30,10748.2,10748.6,10746.3,10747.8,
2018-01-15T13:43:00+05:30,10747.7,10748.5,10747,10748.4,
2018-01-15T13:44:00+05:30,10748.5,10749.4,10746.9,10747.4,
2018-01-15T13:45:00+05:30,10748,10749.6,10747.3,10747.6,
2018-01-15T13:46:00+05:30,10747.9,10748.7,10746.6,10748,
2018-01-15T13:47:00+05:30,10748.4,10748.6,10747.3,10748.1,
2018-01-15T13:48:00+05:30,10748.2,10749.5,10747.9,10749,
2018-01-15T13:49:00+05:30,10748.9,10750.5,10748.6,10750,
2018-01-15T13:50:00+05:30,10750.2,10751.9,10749.9,10751.5,
2018-01-15T13:51:00+05:30,10751.2,10751.6,10750.4,10751.1,
2018-01-15T13:52:00+05:30,10750.6,10751.6,10749.7,10751.3,
2018-01-15T13:53:00+05:30,10751,10753.2,10750.7,10753.2,
2018-01-15T13:54:00+05:30,10753.1,10753.9,10752.1,10752.1,
2018-01-15T13:55:00+05:30,10752.4,10752.7,10751.4,10752.1,
2018-01-15T13:56:00+05:30,10751.6,10752.5,10750,10750.6,
2018-01-15T13:57:00+05:30,10750.9,10751.8,10749.6,10751.2,
2018-01-15T13:58:00+05:30,10751.4,10752,10750.8,10751.1,
2018-01-15T13:59:00+05:30,10751.1,10751.8,10750.1,10751.1,
2018-01-15T14:00:00+05:30,10751.8,10752.6,10751.1,10751.6,
2018-01-15T14:01:00+05:30,10751.5,10751.5,10748.6,10749.6,
2018-01-15T14:02:00+05:30,10749.9,10750.4,10748.4,10748.8,
2018-01-15T14:03:00+05:30,10749,10751.4,10748.5,10750.3,
2018-01-15T14:04:00+05:30,10750.4,10751,10749.6,10750.8,
2018-01-15T14:05:00+05:30,10750.4,10750.8,10749.1,10749.5,
2018-01-15T14:06:00+05:30,10749.9,10750.1,10748.5,10749,
2018-01-15T14:07:00+05:30,10749.5,10750.1,10748,10748.6,
2018-01-15T14:08:00+05:30,10748.3,10749.6,10747.7,10748.8,
2018-01-15T14:09:00+05:30,10749.1,10749.8,10748.2,10748.7,
2018-01-15T14:10:00+05:30,10748.9,10749.5,10748.2,10749.5,
2018-01-15T14:11:00+05:30,10749.6,10749.9,10747.1,10747.8,
2018-01-15T14:12:00+05:30,10747.8,10748,10742.2,10744.9,
2018-01-15T14:13:00+05:30,10745.5,10746.4,10743.5,10744.5,
2018-01-15T14:14:00+05:30,10744.3,10747.4,10743.6,10746.5,
2018-01-15T14:15:00+05:30,10746.4,10751.5,10746.4,10750,
2018-01-15T14:16:00+05:30,10750.2,10750.8,10747.1,10747.6,
2018-01-15T14:17:00+05:30,10748,10748,10746.4,10747.2,
2018-01-15T14:18:00+05:30,10747.5,10748.4,10746.8,10747.5,
2018-01-15T14:19:00+05:30,10747.5,10748.6,10746.8,10748.1,
2018-01-15T14:20:00+05:30,10748.6,10750.8,10748.4,10750.3,
2018-01-15T14:21:00+05:30,10750.6,10750.8,10749.6,10750.4,
2018-01-15T14:22:00+05:30,10750,10750.2,10744.9,10744.9,
2018-01-15T14:23:00+05:30,10744.9,10745.6,10743.2,10744,
2018-01-15T14:24:00+05:30,10744.6,10746,10744.6,10745,
2018-01-15T14:25:00+05:30,10745.5,10747.2,10744.9,10746.8,
2018-01-15T14:26:00+05:30,10747,10749.4,10747,10749,
2018-01-15T14:27:00+05:30,10748.9,10750,10748.4,10749.1,
2018-01-15T14:28:00+05:30,10749.5,10750.2,10748.8,10749.6,
2018-01-15T14:29:00+05:30,10749.7,10751,10748.4,10748.4,
2018-01-15T14:30:00+05:30,10749,10749.3,10748.3,10748.5,
2018-01-15T14:31:00+05:30,10748.8,10749.9,10747.8,10749.6,
2018-01-15T14:32:00+05:30,10749.5,10751.6,10749,10751.4,
2018-01-15T14:33:00+05:30,10751.5,10755.4,10751.4,10753,
2018-01-15T14:34:00+05:30,10753,10756.3,10752.6,10755.8,
2018-01-15T14:35:00+05:30,10756.7,10757.2,10756,10756.4,
2018-01-15T14:36:00+05:30,10756.5,10757.7,10755.9,10756.4,
2018-01-15T14:37:00+05:30,10756.8,10758.5,10756.1,10758.5,
2018-01-15T14:38:00+05:30,10758.4,10760.7,10758.4,10758.6,
2018-01-15T14:39:00+05:30,10759.2,10759.2,10758,10758.5,
2018-01-15T14:40:00+05:30,10758.6,10758.6,10755.9,10757.4,
2018-01-15T14:41:00+05:30,10757.1,10757.8,10757,10757.4,
2018-01-15T14:42:00+05:30,10758.1,10759.1,10757.6,10758.5,
2018-01-15T14:43:00+05:30,10758.5,10759.1,10757.1,10757.9,
2018-01-15T14:44:00+05:30,10758,10758.4,10757.1,10757.6,
2018-01-15T14:45:00+05:30,10758,10759.6,10757.2,10758.2,
2018-01-15T14:46:00+05:30,10758.3,10759.4,10755.7,10756.4,
2018-01-15T14:47:00+05:30,10756.2,10756.5,10754.8,10754.8,
2018-01-15T14:48:00+05:30,10755.4,10755.5,10753.6,10754.1,
2018-01-15T14:49:00+05:30,10754.5,10754.9,10753.2,10753.2,
2018-01-15T14:50:00+05:30,10753.5,10755.6,10752.5,10754.5,
2018-01-15T14:51:00+05:30,10755.4,10755.4,10753.5,10753.5,
2018-01-15T14:52:00+05:30,10754,10754,10751.1,10751.2,
2018-01-15T14:53:00+05:30,10751.4,10752.3,10748.8,10750.5,
2018-01-15T14:54:00+05:30,10750.5,10750.5,10747,10747.4,
2018-01-15T14:55:00+05:30,10747.3,10753.5,10747.3,10753.2,
2018-01-15T14:56:00+05:30,10753.1,10756,10752.7,10755.3,
2018-01-15T14:57:00+05:30,10755.2,10756.5,10754.5,10754.9,
2018-01-15T14:58:00+05:30,10755,10755.1,10750.6,10750.6,
2018-01-15T14:59:00+05:30,10750.8,10753.8,10750.8,10752,
2018-01-15T15:00:00+05:30,10752.1,10753,10750.6,10752.6,
2018-01-15T15:01:00+05:30,10752.5,10753.4,10750.3,10753.3,
2018-01-15T15:02:00+05:30,10752.9,10754,10751.4,10751.4,
2018-01-15T15:03:00+05:30,10750.9,10752.6,10748.9,10749,
2018-01-15T15:04:00+05:30,10749,10752.4,10747.9,10748.5,
2018-01-15T15:05:00+05:30,10748.5,10750.4,10747.1,10747.9,
2018-01-15T15:06:00+05:30,10748.1,10750.4,10747.7,10749.1,
2018-01-15T15:07:00+05:30,10749.9,10751,10749.3,10749.4,
2018-01-15T15:08:00+05:30,10749.8,10750.5,10748.6,10748.6,
2018-01-15T15:09:00+05:30,10748.9,10749.6,10746.9,10747.1,
2018-01-15T15:10:00+05:30,10747.7,10749.5,10747.3,10748.1,
2018-01-15T15:11:00+05:30,10747.6,10750.1,10745.2,10745.3,
2018-01-15T15:12:00+05:30,10745.5,10746.2,10743.4,10743.6,
2018-01-15T15:13:00+05:30,10743.7,10745.3,10743,10744.6,
2018-01-15T15:14:00+05:30,10744.6,10744.6,10740.2,10740.2,
2018-01-15T15:15:00+05:30,10740.4,10742.7,10737.8,10739.7,
2018-01-15T15:16:00+05:30,10739.3,10740.5,10736.4,10736.4,
2018-01-15T15:17:00+05:30,10736.8,10738.7,10736.7,10737.4,
2018-01-15T15:18:00+05:30,10737.5,10738.4,10736.1,10737,
2018-01-15T15:19:00+05:30,10736.5,10738.4,10735.5,10736.9,
2018-01-15T15:20:00+05:30,10736.8,10737.3,10735.1,10735.1,
2018-01-15T15:21:00+05:30,10735.3,10736.2,10732.2,10732.8,
2018-01-15T15:22:00+05:30,10733.4,10737,10733.4,10735,
2018-01-15T15:23:00+05:30,10734.3,10737,10734.3,10735.8,
2018-01-15T15:24:00+05:30,10736.2,10738.1,10735.4,10737.1,
2018-01-15T15:25:00+05:30,10737.5,10737.5,10735.3,10736.8,
2018-01-15T15:26:00+05:30,10736.2,10737.2,10734.9,10735.5,
2018-01-15T15:27:00+05:30,10736.4,10739.5,10736,10738.7,
2018-01-15T15:28:00+05:30,10738.9,10738.9,10735,10736,
2018-01-15T15:29:00+05:30,10736.2,10737.3,10730.8,10732.9,
2018-01-16T09:15:00+05:30,10761.5,10761.5,10750.8,10756.5,
2018-01-16T09:16:00+05:30,10757.1,10758.2,10755.4,10756.8,
2018-01-16T09:17:00+05:30,10756,10758.5,10752.5,10757.6,
2018-01-16T09:18:00+05:30,10756.8,10756.8,10752.2,10753.8,
2018-01-16T09:19:00+05:30,10752.5,10752.5,10747.4,10748.1,
2018-01-16T09:20:00+05:30,10747.7,10749.1,10738.3,10740.1,
2018-01-16T09:21:00+05:30,10740.3,10747.2,10740.3,10746.8,
2018-01-16T09:22:00+05:30,10747.5,10749.5,10742.5,10742.5,
2018-01-16T09:23:00+05:30,10742.4,10742.4,10737.7,10738.2,
2018-01-16T09:24:00+05:30,10738.1,10746.8,10738.1,10743.4,
2018-01-16T09:25:00+05:30,10744.4,10747.1,10743,10745.3,
2018-01-16T09:26:00+05:30,10745.7,10748.4,10745.3,10748.2,
2018-01-16T09:27:00+05:30,10748.3,10749,10746.9,10748,
2018-01-16T09:28:00+05:30,10748.4,10752,10747.9,10751.4,
2018-01-16T09:29:00+05:30,10750.5,10751,10747.4,10749.7,
2018-01-16T09:30:00+05:30,10750.1,10753,10748.5,10748.5,
2018-01-16T09:31:00+05:30,10749.6,10749.6,10743.6,10745.9,
2018-01-16T09:32:00+05:30,10746,10751.2,10746,10748.9,
2018-01-16T09:33:00+05:30,10748.1,10751.7,10747.2,10750.6,
2018-01-16T09:34:00+05:30,10749.6,10751.5,10748.6,10748.6,
2018-01-16T09:35:00+05:30,10748.5,10750.2,10747.9,10749.1,
2018-01-16T09:36:00+05:30,10749,10754.6,10748.5,10754,
2018-01-16T09:37:00+05:30,10754.3,10756.4,10752.8,10756,
2018-01-16T09:38:00+05:30,10756,10757.9,10755.5,10756,
2018-01-16T09:39:00+05:30,10756,10757.2,10754.1,10756.3,
2018-01-16T09:40:00+05:30,10756.6,10758.1,10756.1,10757.6,
2018-01-16T09:41:00+05:30,10757.1,10758.9,10755.9,10758.9,
2018-01-16T09:42:00+05:30,10758.5,10759.4,10756.8,10758.1,
2018-01-16T09:43:00+05:30,10758.2,10760.1,10757.5,10759.4,
2018-01-16T09:44:00+05:30,10759.2,10761.2,10758.7,10759,
2018-01-16T09:45:00+05:30,10758.4,10760.9,10756.7,10756.9,
2018-01-16T09:46:00+05:30,10757.5,10759,10756.4,10759,
2018-01-16T09:47:00+05:30,10759,10759.4,10756,10757.6,
2018-01-16T09:48:00+05:30,10757.5,10757.8,10754.2,10755.2,
2018-01-16T09:49:00+05:30,10755,10759.3,10755,10759.3,
2018-01-16T09:50:00+05:30,10759.8,10760.7,10758.8,10759.9,
2018-01-16T09:51:00+05:30,10759.5,10761.2,10758.9,10760.9,
2018-01-16T09:52:00+05:30,10760.9,10762.4,10757.5,10761.7,
2018-01-16T09:53:00+05:30,10761.5,10761.5,10756.8,10758.2,
2018-01-16T09:54:00+05:30,10757.9,10758.9,10756,10756,
2018-01-16T09:55:00+05:30,10755.5,10758.1,10754.2,10754.2,
2018-01-16T09:56:00+05:30,10754,10755.2,10751.3,10752.1,
2018-01-16T09:57:00+05:30,10752.1,10753.4,10751.5,10752.8,
2018-01-16T09:58:00+05:30,10752.9,10754.4,10751.9,10754,
2018-01-16T09:59:00+05:30,10754.1,10755.4,10753.2,10754.9,
2018-01-16T10:00:00+05:30,10755,10756,10754.1,10755,
2018-01-16T10:01:00+05:30,10755,10755,10752.2,10754.8,
2018-01-16T10:02:00+05:30,10754.9,10755.4,10752.9,10754.7,
2018-01-16T10:03:00+05:30,10754.4,10755.5,10753.5,10755.5,
2018-01-16T10:04:00+05:30,10755.3,10756.2,10754.1,10755.2,
2018-01-16T10:05:00+05:30,10755,10755.2,10752.9,10753.5,
2018-01-16T10:06:00+05:30,10753.5,10756.4,10753,10756.1,
2018-01-16T10:07:00+05:30,10756.1,10756.6,10754.8,10754.9,
2018-01-16T10:08:00+05:30,10754.9,10757.9,10754.9,10757.9,
2018-01-16T10:09:00+05:30,10757.5,10758.5,10756.8,10757.6,
2018-01-16T10:10:00+05:30,10757.1,10758.5,10752.5,10754,
2018-01-16T10:11:00+05:30,10754.2,10756.1,10754.2,10755.8,
2018-01-16T10:12:00+05:30,10755.6,10757.4,10755.2,10757,
2018-01-16T10:13:00+05:30,10757.1,10757.6,10753.4,10754.4,
2018-01-16T10:14:00+05:30,10754.4,10754.9,10751.8,10753,
2018-01-16T10:15:00+05:30,10752.8,10753.8,10752.2,10752.9,
2018-01-16T10:16:00+05:30,10752.6,10753,10750.7,10751.2,
2018-01-16T10:17:00+05:30,10751,10751,10748,10748,
2018-01-16T10:18:00+05:30,10747.8,10748.3,10744,10744.6,
2018-01-16T10:19:00+05:30,10744.8,10745.7,10742.5,10743,
2018-01-16T10:20:00+05:30,10742.8,10743.8,10742.5,10743.5,
2018-01-16T10:21:00+05:30,10743.1,10743.1,10739.2,10741.6,
2018-01-16T10:22:00+05:30,10741.6,10744,10732,10732,
2018-01-16T10:23:00+05:30,10732.4,10733.2,10730.3,10731.9,
2018-01-16T10:24:00+05:30,10731.5,10732.1,10725.2,10725.2,
2018-01-16T10:25:00+05:30,10724.8,10732.1,10724.8,10732.1,
2018-01-16T10:26:00+05:30,10732.4,10734.6,10729.5,10734.6,
2018-01-16T10:27:00+05:30,10734.1,10737.6,10734.1,10737.6,
2018-01-16T10:28:00+05:30,10737.1,10738.8,10735,10735,
2018-01-16T10:29:00+05:30,10734.4,10737.7,10732.4,10736.7,
2018-01-16T10:30:00+05:30,10736,10738.8,10736,10737.6,
2018-01-16T10:31:00+05:30,10737.1,10737.9,10733.2,10737.9,
2018-01-16T10:32:00+05:30,10738,10739,10737.1,10738.2,
2018-01-16T10:33:00+05:30,10738.5,10741,10737.9,10741,
2018-01-16T10:34:00+05:30,10740.5,10740.5,10735.5,10737,
2018-01-16T10:35:00+05:30,10737,10738,10736.5,10737,
2018-01-16T10:36:00+05:30,10737.6,10738.1,10736.4,10737.2,
2018-01-16T10:37:00+05:30,10737.1,10737.2,10735.2,10736.2,
2018-01-16T10:38:00+05:30,10735.7,10736.4,10733,10733.4,
2018-01-16T10:39:00+05:30,10733.5,10733.5,10730.9,10731.4,
2018-01-16T10:40:00+05:30,10731,10732.8,10730.1,10731,
2018-01-16T10:41:00+05:30,10730.6,10731.6,10728.6,10729.1,
2018-01-16T10:42:00+05:30,10729.3,10729.8,10727.7,10727.7,
2018-01-16T10:43:00+05:30,10727,10728.3,10727,10728,
2018-01-16T10:44:00+05:30,10727.4,10730.7,10726.7,10730.7,
2018-01-16T10:45:00+05:30,10730.4,10731,10728.6,10729.3,
2018-01-16T10:46:00+05:30,10729.3,10729.3,10726.9,10728.4,
2018-01-16T10:47:00+05:30,10727.9,10729.5,10726,10728.9,
2018-01-16T10:48:00+05:30,10728.6,10728.6,10725,10725,
2018-01-16T10:49:00+05:30,10724.6,10725.1,10720.9,10720.9,
2018-01-16T10:50:00+05:30,10720.6,10720.6,10714.2,10714.6,
2018-01-16T10:51:00+05:30,10714.5,10714.7,10709,10709.1,
2018-01-16T10:52:00+05:30,10708.6,10713.1,10707.9,10713.1,
2018-01-16T10:53:00+05:30,10713.4,10716.5,10713.4,10715,
2018-01-16T10:54:00+05:30,10714.7,10716,10710,10712.7,
2018-01-16T10:55:00+05:30,10712,10712.2,10708.8,10711.9,
2018-01-16T10:56:00+05:30,10712,10712.2,10706.8,10706.9,
2018-01-16T10:57:00+05:30,10706.5,10707.6,10705.2,10706.9,
2018-01-16T10:58:00+05:30,10706.5,10710.8,10706.5,10710.8,
2018-01-16T10:59:00+05:30,10710.4,10718.7,10710.4,10717.9,
2018-01-16T11:00:00+05:30,10718.5,10722.9,10718.5,10719.6,
2018-01-16T11:01:00+05:30,10719.5,10720.8,10717.7,10719.8,
2018-01-16T11:02:00+05:30,10719.8,10723.6,10718.4,10721,
2018-01-16T11:03:00+05:30,10720.5,10725.8,10719.4,10725.8,
2018-01-16T11:04:00+05:30,10725.9,10727.2,10724.8,10724.9,
2018-01-16T11:05:00+05:30,10724.6,10724.6,10722.8,10724.2,
2018-01-16T11:06:00+05:30,10723.7,10724.3,10720.4,10721,
2018-01-16T11:07:00+05:30,10721.5,10722.8,10720.2,10720.8,
2018-01-16T11:08:00+05:30,10720.5,10720.6,10715.1,10715.1,
2018-01-16T11:09:00+05:30,10715.2,10718,10715,10716.5,
2018-01-16T11:10:00+05:30,10716.8,10721.9,10716.8,10721.9,
2018-01-16T11:11:00+05:30,10721.5,10728.5,10720.4,10727.9,
2018-01-16T11:12:00+05:30,10728.6,10730,10726.6,10729.8,
2018-01-16T11:13:00+05:30,10729.1,10731.1,10728,10731.1,
2018-01-16T11:14:00+05:30,10730.5,10731.1,10725.4,10727.6,
2018-01-16T11:15:00+05:30,10727.6,10730,10727.1,10729.6,
2018-01-16T11:16:00+05:30,10730.1,10730.1,10727.1,10729.3,
2018-01-16T11:17:00+05:30,10729.2,10730,10727.2,10728,
2018-01-16T11:18:00+05:30,10727.9,10728.5,10726.4,10728.5,
2018-01-16T11:19:00+05:30,10728.3,10730.2,10725.8,10726.4,
2018-01-16T11:20:00+05:30,10725.5,10729.1,10724.5,10729,
2018-01-16T11:21:00+05:30,10728.9,10731,10728.9,10730.6,
2018-01-16T11:22:00+05:30,10730.5,10730.9,10725.8,10726.8,
2018-01-16T11:23:00+05:30,10726.5,10726.5,10723,10725,
2018-01-16T11:24:00+05:30,10725,10727.5,10722.8,10727.5,
2018-01-16T11:25:00+05:30,10727.5,10728.4,10726.1,10727.8,
2018-01-16T11:26:00+05:30,10727.8,10729.5,10724.5,10729.5,
2018-01-16T11:27:00+05:30,10729.5,10729.9,10728.5,10729.1,
2018-01-16T11:28:00+05:30,10729,10729.1,10726.4,10728.2,
2018-01-16T11:29:00+05:30,10728.6,10730.7,10728,10728.9,
2018-01-16T11:30:00+05:30,10728.8,10734.6,10728.6,10734.1,
2018-01-16T11:31:00+05:30,10734.3,10734.9,10733.4,10734.5,
2018-01-16T11:32:00+05:30,10734.5,10735.4,10733.7,10735,
2018-01-16T11:33:00+05:30,10734.8,10735.7,10734.1,10734.4,
2018-01-16T11:34:00+05:30,10734.5,10734.6,10732.2,10732.8,
2018-01-16T11:35:00+05:30,10732.6,10732.8,10730.4,10732,
2018-01-16T11:36:00+05:30,10732,10734,10731.9,10733.7,
2018-01-16T11:37:00+05:30,10733.9,10737.7,10733.5,10737.5,
2018-01-16T11:38:00+05:30,10737.6,10737.9,10733.9,10734.3,
2018-01-16T11:39:00+05:30,10734,10737.1,10733.5,10737,
2018-01-16T11:40:00+05:30,10737,10739.1,10736.8,10738.9,
2018-01-16T11:41:00+05:30,10738.6,10740.5,10738.2,10740.5,
2018-01-16T11:42:00+05:30,10740.9,10742.2,10740.7,10741.8,
2018-01-16T11:43:00+05:30,10741.5,10741.8,10739.4,10740.1,
2018-01-16T11:44:00+05:30,10740.5,10740.5,10736.9,10738.1,
2018-01-16T11:45:00+05:30,10738,10739.6,10737.7,10739.1,
2018-01-16T11:46:00+05:30,10739.7,10739.7,10737.2,10738.2,
2018-01-16T11:47:00+05:30,10738.8,10741,10737.9,10740,
2018-01-16T11:48:00+05:30,10740,10743.5,10740,10740.9,
2018-01-16T11:49:00+05:30,10740.5,10742.7,10740.2,10742.6,
2018-01-16T11:50:00+05:30,10742.4,10743.5,10740.6,10742.5,
2018-01-16T11:51:00+05:30,10742.7,10743.7,10741.6,10743.4,
2018-01-16T11:52:00+05:30,10742.9,10746.4,10742.6,10746.4,
2018-01-16T11:53:00+05:30,10746.4,10746.7,10742.5,10743.3,
2018-01-16T11:54:00+05:30,10743.4,10746.2,10743.4,10746.2,
2018-01-16T11:55:00+05:30,10746,10746.5,10743.8,10745.1,
2018-01-16T11:56:00+05:30,10745,10746,10741.6,10742,
2018-01-16T11:57:00+05:30,10741.6,10741.9,10739.4,10741.5,
2018-01-16T11:58:00+05:30,10741.8,10741.8,10737.8,10738.2,
2018-01-16T11:59:00+05:30,10738.1,10741.2,10737.5,10741.2,
2018-01-16T12:00:00+05:30,10741.8,10742.4,10739.5,10740,
2018-01-16T12:01:00+05:30,10739.8,10741.5,10738.8,10738.8,
2018-01-16T12:02:00+05:30,10738.4,10739.8,10737.8,10737.8,
2018-01-16T12:03:00+05:30,10737.8,10739.5,10736.9,10739.5,
2018-01-16T12:04:00+05:30,10739.5,10741.2,10738.9,10741.2,
2018-01-16T12:05:00+05:30,10741.5,10742.5,10740.2,10740.8,
2018-01-16T12:06:00+05:30,10740.9,10740.9,10738.8,10739.5,
2018-01-16T12:07:00+05:30,10739.7,10742.5,10738.5,10742.2,
2018-01-16T12:08:00+05:30,10742.5,10743.8,10741.5,10743.4,
2018-01-16T12:09:00+05:30,10743.4,10745.9,10742.6,10745.5,
2018-01-16T12:10:00+05:30,10745.3,10745.4,10743.5,10744,
2018-01-16T12:11:00+05:30,10743.8,10745.2,10742.9,10744,
2018-01-16T12:12:00+05:30,10744.3,10746.4,10743.1,10746,
2018-01-16T12:13:00+05:30,10746.4,10747,10745.4,10746.5,
2018-01-16T12:14:00+05:30,10746.5,10747.9,10744.4,10745,
2018-01-16T12:15:00+05:30,10745.1,10746,10744,10744.7,
2018-01-16T12:16:00+05:30,10744.7,10746.1,10740.9,10742,
2018-01-16T12:17:00+05:30,10742,10743.9,10741.8,10743.2,
2018-01-16T12:18:00+05:30,10743.2,10745.1,10743,10744.5,
2018-01-16T12:19:00+05:30,10744.6,10746.4,10743,10744,
2018-01-16T12:20:00+05:30,10744.1,10746.8,10743.4,10746.5,
2018-01-16T12:21:00+05:30,10746.5,10746.8,10744.7,10745.3,
2018-01-16T12:22:00+05:30,10745.1,10745.5,10743.7,10744.4,
2018-01-16T12:23:00+05:30,10744.2,10746,10742.4,10742.4,
2018-01-16T12:24:00+05:30,10742.8,10744.6,10742.5,10744.5,
2018-01-16T12:25:00+05:30,10744.1,10744.8,10742,10742,
2018-01-16T12:26:00+05:30,10742.3,10742.6,10741.1,10741.9,
2018-01-16T12:27:00+05:30,10741.6,10743.8,10741.4,10742.5,
2018-01-16T12:28:00+05:30,10742.9,10743.5,10742,10743.1,
2018-01-16T12:29:00+05:30,10742.9,10743.8,10742.3,10743.2,
2018-01-16T12:30:00+05:30,10742.8,10746.9,10742.8,10746.5,
2018-01-16T12:31:00+05:30,10746.3,10747.5,10745.8,10747.5,
2018-01-16T12:32:00+05:30,10747.6,10747.9,10746.6,10747.5,
2018-01-16T12:33:00+05:30,10747.6,10747.9,10746,10747.8,
2018-01-16T12:34:00+05:30,10747.7,10747.8,10746.5,10747.4,
2018-01-16T12:35:00+05:30,10747,10747.4,10744,10745.2,
2018-01-16T12:36:00+05:30,10744.9,10746.9,10744.9,10745.6,
2018-01-16T12:37:00+05:30,10745.8,10746.8,10744,10744.6,
2018-01-16T12:38:00+05:30,10744.9,10745.1,10742.9,10743,
2018-01-16T12:39:00+05:30,10742.9,10744.3,10742.5,10744.3,
2018-01-16T12:40:00+05:30,10744,10746.5,10743.7,10744.7,
2018-01-16T12:41:00+05:30,10744.9,10746.6,10744.9,10746.5,
2018-01-16T12:42:00+05:30,10746.4,10746.4,10744.5,10745.8,
2018-01-16T12:43:00+05:30,10745.1,10745.8,10742.4,10742.4,
2018-01-16T12:44:00+05:30,10742.2,10743,10739.6,10739.8,
2018-01-16T12:45:00+05:30,10738.9,10739.3,10735.5,10735.8,
2018-01-16T12:46:00+05:30,10735.6,10735.6,10732.9,10733.7,
2018-01-16T12:47:00+05:30,10733.2,10737,10731.9,10737,
2018-01-16T12:48:00+05:30,10736.6,10738.4,10733.5,10737.7,
2018-01-16T12:49:00+05:30,10738.3,10740.6,10738.1,10739,
2018-01-16T12:50:00+05:30,10739,10740,10738.3,10739.9,
2018-01-16T12:51:00+05:30,10740.2,10741.2,10738.6,10739.3,
2018-01-16T12:52:00+05:30,10739.3,10739.4,10737.6,10738.4,
2018-01-16T12:53:00+05:30,10738.1,10738.2,10732.6,10732.7,
2018-01-16T12:54:00+05:30,10733,10733.5,10729.2,10729.2,
2018-01-16T12:55:00+05:30,10729.4,10729.4,10727.5,10729.3,
2018-01-16T12:56:00+05:30,10728.9,10730.7,10728.5,10728.8,
2018-01-16T12:57:00+05:30,10728.5,10729.2,10727.2,10729.2,
2018-01-16T12:58:00+05:30,10729,10732.9,10729,10731,
2018-01-16T12:59:00+05:30,10731.3,10731.3,10729.1,10729.8,
2018-01-16T13:00:00+05:30,10729.5,10729.7,10725.5,10725.5,
2018-01-16T13:01:00+05:30,10725.5,10725.5,10719.8,10719.9,
2018-01-16T13:02:00+05:30,10720,10721.5,10719.4,10721.5,
2018-01-16T13:03:00+05:30,10721.2,10721.5,10717.8,10718,
2018-01-16T13:04:00+05:30,10717.9,10717.9,10714,10714,
2018-01-16T13:05:00+05:30,10713.8,10714.8,10710.8,10714.4,
2018-01-16T13:06:00+05:30,10714,10716,10713.8,10715.8,
2018-01-16T13:07:00+05:30,10715.5,10719.5,10715.4,10719.1,
2018-01-16T13:08:00+05:30,10719.2,10722.9,10719,10722,
2018-01-16T13:09:00+05:30,10722,10722,10715.2,10717.4,
2018-01-16T13:10:00+05:30,10717.6,10718.5,10716.7,10716.7,
2018-01-16T13:11:00+05:30,10716.3,10719.4,10715.1,10719.4,
2018-01-16T13:12:00+05:30,10719.8,10719.9,10714,10715,
2018-01-16T13:13:00+05:30,10714.6,10718.1,10713.9,10717.6,
2018-01-16T13:14:00+05:30,10717.5,10717.5,10711.5,10712.9,
2018-01-16T13:15:00+05:30,10712.6,10714,10711,10711,
2018-01-16T13:16:00+05:30,10710,10710.9,10706.8,10707.1,
2018-01-16T13:17:00+05:30,10707,10707.1,10702.8,10702.8,
2018-01-16T13:18:00+05:30,10702.9,10705.9,10702.6,10705.5,
2018-01-16T13:19:00+05:30,10705.5,10710.6,10705.5,10710.1,
2018-01-16T13:20:00+05:30,10710.5,10713.5,10710.1,10711.7,
2018-01-16T13:21:00+05:30,10711.5,10713.4,10709,10711.2,
2018-01-16T13:22:00+05:30,10711,10713.1,10708,10713.1,
2018-01-16T13:23:00+05:30,10713,10714.1,10709.1,10709.8,
2018-01-16T13:24:00+05:30,10709.9,10711.8,10709.2,10711.2,
2018-01-16T13:25:00+05:30,10711.2,10711.8,10710.3,10711,
2018-01-16T13:26:00+05:30,10710.8,10710.9,10708.9,10708.9,
2018-01-16T13:27:00+05:30,10709.5,10709.5,10706.4,10708.2,
2018-01-16T13:28:00+05:30,10708.5,10708.6,10705,10705,
2018-01-16T13:29:00+05:30,10705.5,10705.9,10700.9,10700.9,
2018-01-16T13:30:00+05:30,10700.6,10700.7,10693.9,10693.9,
2018-01-16T13:31:00+05:30,10693.5,10698.5,10692.6,10696.3,
2018-01-16T13:32:00+05:30,10696,10696.7,10692.1,10693.1,
2018-01-16T13:33:00+05:30,10693.1,10693.6,10691,10693.5,
2018-01-16T13:34:00+05:30,10693.4,10700.6,10692.4,10700.1,
2018-01-16T13:35:00+05:30,10700.9,10702.4,10700,10702.3,
2018-01-16T13:36:00+05:30,10702.1,10702.4,10697.4,10698,
2018-01-16T13:37:00+05:30,10698,10704.1,10698,10703.9,
2018-01-16T13:38:00+05:30,10704.2,10709.8,10704,10708.8,
2018-01-16T13:39:00+05:30,10708.8,10711.6,10707.9,10709.5,
2018-01-16T13:40:00+05:30,10709.2,10710,10706.1,10706.8,
2018-01-16T13:41:00+05:30,10707.3,10711,10706.9,10710.8,
2018-01-16T13:42:00+05:30,10710.4,10710.6,10707.4,10707.4,
2018-01-16T13:43:00+05:30,10707.5,10710.4,10706.9,10710.4,
2018-01-16T13:44:00+05:30,10710.5,10716.3,10709.9,10715.9,
2018-01-16T13:45:00+05:30,10715.5,10717.2,10715.2,10716.3,
2018-01-16T13:46:00+05:30,10716.5,10716.8,10713.9,10715.4,
2018-01-16T13:47:00+05:30,10715.6,10716.6,10712.4,10713.5,
2018-01-16T13:48:00+05:30,10714.4,10719.9,10713.7,10719.5,
2018-01-16T13:49:00+05:30,10719.3,10720.2,10718,10718.5,
2018-01-16T13:50:00+05:30,10718.4,10718.6,10715.6,10715.6,
2018-01-16T13:51:00+05:30,10715.9,10717.8,10714.5,10717.2,
2018-01-16T13:52:00+05:30,10717.2,10721.7,10714.1,10720.4,
2018-01-16T13:53:00+05:30,10720.8,10724.1,10720.5,10724.1,
2018-01-16T13:54:00+05:30,10724.3,10727.8,10724,10727.2,
2018-01-16T13:55:00+05:30,10727,10727.8,10722.5,10722.5,
2018-01-16T13:56:00+05:30,10722.3,10722.4,10719.9,10720.1,
2018-01-16T13:57:00+05:30,10719.9,10720.2,10714.9,10715.1,
2018-01-16T13:58:00+05:30,10715.3,10715.5,10712.5,10713.4,
2018-01-16T13:59:00+05:30,10713.5,10714,10707.7,10707.7,
2018-01-16T14:00:00+05:30,10708.4,10712.4,10707,10709.1,
2018-01-16T14:01:00+05:30,10709.6,10711.6,10709.4,10709.8,
2018-01-16T14:02:00+05:30,10709.3,10709.3,10705.5,10708.6,
2018-01-16T14:03:00+05:30,10708.5,10712.1,10707.4,10711.8,
2018-01-16T14:04:00+05:30,10711.6,10712.2,10710.4,10710.7,
2018-01-16T14:05:00+05:30,10711,10711,10708.3,10708.9,
2018-01-16T14:06:00+05:30,10708.6,10708.9,10703.5,10703.6,
2018-01-16T14:07:00+05:30,10704,10704,10696.5,10696.5,
2018-01-16T14:08:00+05:30,10696.6,10702.8,10695.4,10702,
2018-01-16T14:09:00+05:30,10701.8,10702.4,10699.1,10700,
2018-01-16T14:10:00+05:30,10700.1,10700.2,10696.1,10696.1,
2018-01-16T14:11:00+05:30,10696.1,10701.2,10696,10700.2,
2018-01-16T14:12:00+05:30,10700.9,10706.6,10700.7,10706.1,
2018-01-16T14:13:00+05:30,10706,10706.5,10701.9,10704.7,
2018-01-16T14:14:00+05:30,10704.5,10705.7,10703.1,10705,
2018-01-16T14:15:00+05:30,10705.1,10705.9,10703.9,10705.5,
2018-01-16T14:16:00+05:30,10705.6,10711.9,10705.5,10711.1,
2018-01-16T14:17:00+05:30,10711.2,10712.5,10709.1,10711.8,
2018-01-16T14:18:00+05:30,10712,10716.2,10712,10713.2,
2018-01-16T14:19:00+05:30,10712.9,10713.5,10708.3,10708.3,
2018-01-16T14:20:00+05:30,10708.4,10711.6,10706.8,10710.4,
2018-01-16T14:21:00+05:30,10710.6,10712.1,10708.8,10710,
2018-01-16T14:22:00+05:30,10710.3,10712,10710.1,10711.6,
2018-01-16T14:23:00+05:30,10711.9,10711.9,10708.9,10710,
2018-01-16T14:24:00+05:30,10710.2,10714.1,10708.2,10714.1,
2018-01-16T14:25:00+05:30,10714.4,10715.8,10713.4,10715.3,
2018-01-16T14:26:00+05:30,10715.6,10719.2,10715.4,10718.6,
2018-01-16T14:27:00+05:30,10719,10719.6,10715.5,10717.9,
2018-01-16T14:28:00+05:30,10717.9,10720.4,10717.6,10720.2,
2018-01-16T14:29:00+05:30,10720.4,10720.6,10715.8,10715.8,
2018-01-16T14:30:00+05:30,10715.9,10717.4,10714.9,10716.9,
2018-01-16T14:31:00+05:30,10717.1,10718,10715.8,10717.7,
2018-01-16T14:32:00+05:30,10717.8,10717.9,10712,10713.6,
2018-01-16T14:33:00+05:30,10713.4,10716.8,10713.2,10716.5,
2018-01-16T14:34:00+05:30,10716.9,10720.8,10716.9,10720.3,
2018-01-16T14:35:00+05:30,10720.8,10722,10718,10721.1,
2018-01-16T14:36:00+05:30,10720.5,10720.5,10717.5,10720.1,
2018-01-16T14:37:00+05:30,10720.3,10723.5,10719.1,10721.1,
2018-01-16T14:38:00+05:30,10721,10721.2,10713,10713.5,
2018-01-16T14:39:00+05:30,10713.8,10716.7,10713.5,10716.2,
2018-01-16T14:40:00+05:30,10716.1,10716.9,10712.2,10712.4,
2018-01-16T14:41:00+05:30,10711.8,10717.1,10711.3,10717.1,
2018-01-16T14:42:00+05:30,10717.1,10717.1,10713,10713.1,
2018-01-16T14:43:00+05:30,10712.9,10713.2,10710,10711.1,
2018-01-16T14:44:00+05:30,10711,10712,10710.5,10712,
2018-01-16T14:45:00+05:30,10712,10714.9,10711.6,10714.7,
2018-01-16T14:46:00+05:30,10714.4,10715.4,10711,10712.2,
2018-01-16T14:47:00+05:30,10712.5,10713.8,10712,10713.4,
2018-01-16T14:48:00+05:30,10713.6,10714.1,10710.8,10711,
2018-01-16T14:49:00+05:30,10710.8,10711.5,10706.4,10706.4,
2018-01-16T14:50:00+05:30,10706.4,10706.5,10700.4,10701.9,
2018-01-16T14:51:00+05:30,10703,10703,10701.1,10702.9,
2018-01-16T14:52:00+05:30,10703.1,10704.4,10697.4,10697.4,
2018-01-16T14:53:00+05:30,10697.1,10697.6,10693.8,10697.4,
2018-01-16T14:54:00+05:30,10697.3,10697.9,10694.9,10695.2,
2018-01-16T14:55:00+05:30,10695.2,10696.7,10694.9,10696.5,
2018-01-16T14:56:00+05:30,10696.2,10696.2,10690,10690,
2018-01-16T14:57:00+05:30,10689.3,10690.2,10688.4,10689.4,
2018-01-16T14:58:00+05:30,10689.5,10695,10688.8,10695,
2018-01-16T14:59:00+05:30,10694.8,10696.6,10693,10694.1,
2018-01-16T15:00:00+05:30,10694.2,10698,10693.5,10694,
2018-01-16T15:01:00+05:30,10693.9,10694.1,10688.9,10688.9,
2018-01-16T15:02:00+05:30,10689,10690.6,10688.1,10689.9,
2018-01-16T15:03:00+05:30,10690.5,10700.9,10690.5,10700.3,
2018-01-16T15:04:00+05:30,10700.8,10701.6,10697.2,10700,
2018-01-16T15:05:00+05:30,10700,10701.9,10697.9,10697.9,
2018-01-16T15:06:00+05:30,10698.1,10699.9,10697.7,10699.9,
2018-01-16T15:07:00+05:30,10700.1,10704.2,10700.1,10702.5,
2018-01-16T15:08:00+05:30,10702.6,10705.6,10702.6,10704.5,
2018-01-16T15:09:00+05:30,10705,10706.1,10701.9,10701.9,
2018-01-16T15:10:00+05:30,10701.9,10703.8,10699.6,10700.1,
2018-01-16T15:11:00+05:30,10700.4,10700.8,10696.1,10696.1,
2018-01-16T15:12:00+05:30,10696.4,10697.7,10695.9,10695.9,
2018-01-16T15:13:00+05:30,10695.8,10699,10695.1,10697.8,
2018-01-16T15:14:00+05:30,10697.7,10699.2,10697.5,10698,
2018-01-16T15:15:00+05:30,10698.2,10700.4,10692.8,10692.8,
2018-01-16T15:16:00+05:30,10693.8,10695.2,10691.5,10691.7,
2018-01-16T15:17:00+05:30,10692.6,10696.9,10691.1,10696.9,
2018-01-16T15:18:00+05:30,10696.7,10698.7,10696,10697.4,
2018-01-16T15:19:00+05:30,10697.5,10701.1,10697.5,10700.9,
2018-01-16T15:20:00+05:30,10700.5,10703.4,10700.5,10702.6,
2018-01-16T15:21:00+05:30,10703.5,10707,10702.8,10706.3,
2018-01-16T15:22:00+05:30,10706.6,10707.7,10703.3,10704.2,
2018-01-16T15:23:00+05:30,10704.5,10708.9,10703.7,10707.9,
2018-01-16T15:24:00+05:30,10708.5,10710.6,10708.5,10709.2,
2018-01-16T15:25:00+05:30,10709.1,10711.1,10709.1,10710.8,
2018-01-16T15:26:00+05:30,10710.8,10712.5,10710.1,10710.9,
2018-01-16T15:27:00+05:30,10711.2,10711.8,10708.2,10709.2,
2018-01-16T15:28:00+05:30,10709.3,10711.7,10708.7,10710.6,
2018-01-16T15:29:00+05:30,10712,10713.8,10710.5,10711.1,
2018-01-17T09:15:00+05:30,10702.5,10711.8,10700,10711.8,
2018-01-17T09:16:00+05:30,10711.5,10718,10711.3,10715.5,
2018-01-17T09:17:00+05:30,10714.8,10721.4,10714.8,10719.5,
2018-01-17T09:18:00+05:30,10719.2,10719.2,10711.5,10713.2,
2018-01-17T09:19:00+05:30,10712.8,10713,10706.1,10706.7,
2018-01-17T09:20:00+05:30,10706,10713.5,10705.2,10713.5,
2018-01-17T09:21:00+05:30,10714.3,10716.9,10711.6,10716.1,
2018-01-17T09:22:00+05:30,10716.3,10720.2,10715,10716.4,
2018-01-17T09:23:00+05:30,10715.9,10722.2,10715.9,10718.3,
2018-01-17T09:24:00+05:30,10718,10718.8,10710.8,10713.8,
2018-01-17T09:25:00+05:30,10714.2,10719.1,10712.6,10712.6,
2018-01-17T09:26:00+05:30,10712.2,10712.2,10708,10710.2,
2018-01-17T09:27:00+05:30,10710,10711.7,10708.9,10709.6,
2018-01-17T09:28:00+05:30,10709.9,10710,10702.1,10702.1,
2018-01-17T09:29:00+05:30,10701.9,10702.2,10694.9,10698.5,
2018-01-17T09:30:00+05:30,10698.5,10699.5,10691.6,10692,
2018-01-17T09:31:00+05:30,10691.8,10692.2,10690,10692,
2018-01-17T09:32:00+05:30,10692.1,10692.4,10673,10673,
2018-01-17T09:33:00+05:30,10673,10678,10670.9,10677.4,
2018-01-17T09:34:00+05:30,10676.7,10676.7,10673.2,10674.8,
2018-01-17T09:35:00+05:30,10675.2,10675.2,10666.8,10670.9,
2018-01-17T09:36:00+05:30,10671.3,10679,10669.3,10679,
2018-01-17T09:37:00+05:30,10679,10689,10678.2,10688.4,
2018-01-17T09:38:00+05:30,10688.8,10689,10685.5,10688.1,
2018-01-17T09:39:00+05:30,10686.8,10689.2,10685.7,10688.7,
2018-01-17T09:40:00+05:30,10688.4,10696.3,10688.4,10695.8,
2018-01-17T09:41:00+05:30,10695.1,10704.9,10693.6,10704.4,
2018-01-17T09:42:00+05:30,10704.3,10709.2,10701.9,10708.5,
2018-01-17T09:43:00+05:30,10708.5,10708.5,10704.8,10706.2,
2018-01-17T09:44:00+05:30,10707,10714.4,10706.5,10713.6,
2018-01-17T09:45:00+05:30,10715.1,10721.1,10713.6,10719.8,
2018-01-17T09:46:00+05:30,10719.4,10719.4,10706.9,10709.1,
2018-01-17T09:47:00+05:30,10708.5,10711.8,10707.1,10710.8,
2018-01-17T09:48:00+05:30,10711.5,10711.5,10705.3,10706.9,
2018-01-17T09:49:00+05:30,10707.2,10709,10704.7,10707.1,
2018-01-17T09:50:00+05:30,10707,10708.5,10704.2,10708.5,
2018-01-17T09:51:00+05:30,10708.2,10716.2,10708.2,10715.7,
2018-01-17T09:52:00+05:30,10715.1,10715.5,10712.5,10713,
2018-01-17T09:53:00+05:30,10712.7,10716,10710.2,10712,
2018-01-17T09:54:00+05:30,10711,10717,10709.2,10714,
2018-01-17T09:55:00+05:30,10714.4,10716.8,10711.5,10716.8,
2018-01-17T09:56:00+05:30,10717,10719,10712.9,10716,
2018-01-17T09:57:00+05:30,10715.7,10716.9,10711.8,10714.5,
2018-01-17T09:58:00+05:30,10714.9,10720.5,10714.2,10720.5,
2018-01-17T09:59:00+05:30,10721,10725.6,10719.6,10725.6,
2018-01-17T10:00:00+05:30,10725.7,10726,10721.2,10722.3,
2018-01-17T10:01:00+05:30,10722.5,10727,10721,10724.4,
2018-01-17T10:02:00+05:30,10724.9,10728.2,10723.4,10728,
2018-01-17T10:03:00+05:30,10728.2,10731.3,10726.2,10731.3,
2018-01-17T10:04:00+05:30,10731,10734.8,10731,10732.5,
2018-01-17T10:05:00+05:30,10733,10734,10726.9,10730.4,
2018-01-17T10:06:00+05:30,10730,10736.1,10729.9,10733,
2018-01-17T10:07:00+05:30,10733.4,10733.5,10729.2,10732,
2018-01-17T10:08:00+05:30,10732,10734.8,10731.3,10734.8,
2018-01-17T10:09:00+05:30,10734.5,10734.5,10731.5,10731.5,
2018-01-17T10:10:00+05:30,10731.5,10731.7,10725,10725.3,
2018-01-17T10:11:00+05:30,10725.5,10725.5,10720.4,10720.6,
2018-01-17T10:12:00+05:30,10720.8,10726.6,10720.1,10724.2,
2018-01-17T10:13:00+05:30,10724,10724.1,10717.6,10717.9,
2018-01-17T10:14:00+05:30,10717.8,10717.8,10714.3,10717,
2018-01-17T10:15:00+05:30,10716.9,10721.7,10716.5,10721.2,
2018-01-17T10:16:00+05:30,10721.4,10723.2,10717,10718.6,
2018-01-17T10:17:00+05:30,10718.8,10723.2,10717.1,10723.2,
2018-01-17T10:18:00+05:30,10722.9,10724.9,10721,10724.9,
2018-01-17T10:19:00+05:30,10724.4,10727.3,10721.9,10724.5,
2018-01-17T10:20:00+05:30,10724.3,10732.4,10724.3,10730.5,
2018-01-17T10:21:00+05:30,10731.1,10732.4,10726.1,10731.9,
2018-01-17T10:22:00+05:30,10732,10732.9,10728.9,10731.1,
2018-01-17T10:23:00+05:30,10731.3,10732.2,10729,10732.1,
2018-01-17T10:24:00+05:30,10732,10734.8,10731.8,10734.8,
2018-01-17T10:25:00+05:30,10734.2,10734.9,10732.8,10734.4,
2018-01-17T10:26:00+05:30,10734.2,10734.4,10729.2,10732.9,
2018-01-17T10:27:00+05:30,10733.1,10734.1,10731.4,10732.9,
2018-01-17T10:28:00+05:30,10733.5,10734,10731,10731.9,
2018-01-17T10:29:00+05:30,10731.4,10735.6,10730.9,10735.5,
2018-01-17T10:30:00+05:30,10735.6,10735.7,10733.3,10733.6,
2018-01-17T10:31:00+05:30,10733.9,10733.9,10730.1,10732.2,
2018-01-17T10:32:00+05:30,10732,10736.2,10731.5,10736.2,
2018-01-17T10:33:00+05:30,10734.9,10735.1,10733,10734.5,
2018-01-17T10:34:00+05:30,10734.1,10736.4,10733.2,10734.3,
2018-01-17T10:35:00+05:30,10734.4,10738,10734.3,10737.9,
2018-01-17T10:36:00+05:30,10738.1,10739.4,10737.3,10738.9,
2018-01-17T10:37:00+05:30,10738.9,10741.4,10738.9,10740.3,
2018-01-17T10:38:00+05:30,10739.1,10739.5,10736.2,10736.6,
2018-01-17T10:39:00+05:30,10736.2,10739.3,10736.1,10738.4,
2018-01-17T10:40:00+05:30,10738,10739.6,10737.4,10739.6,
2018-01-17T10:41:00+05:30,10739,10739,10736,10736,
2018-01-17T10:42:00+05:30,10736.3,10736.3,10733.8,10734.6,
2018-01-17T10:43:00+05:30,10734.8,10736.2,10733.3,10736,
2018-01-17T10:44:00+05:30,10735.7,10737.2,10732.8,10737.2,
2018-01-17T10:45:00+05:30,10736.7,10736.8,10734.7,10735.4,
2018-01-17T10:46:00+05:30,10735,10736.5,10734,10736.1,
2018-01-17T10:47:00+05:30,10736.3,10736.4,10734.9,10736.4,
2018-01-17T10:48:00+05:30,10736.4,10736.5,10733.7,10734.6,
2018-01-17T10:49:00+05:30,10734.6,10734.6,10730.1,10730.9,
2018-01-17T10:50:00+05:30,10731,10732.5,10730.4,10732.4,
2018-01-17T10:51:00+05:30,10732.6,10733,10731.8,10731.9,
2018-01-17T10:52:00+05:30,10731.7,10733.3,10730.6,10731.2,
2018-01-17T10:53:00+05:30,10730.5,10731,10727.5,10728.6,
2018-01-17T10:54:00+05:30,10728.4,10729,10727.4,10727.9,
2018-01-17T10:55:00+05:30,10727.5,10729.3,10727.1,10729.3,
2018-01-17T10:56:00+05:30,10729.1,10731.8,10728.4,10731.8,
2018-01-17T10:57:00+05:30,10731.8,10732,10729.5,10730.6,
2018-01-17T10:58:00+05:30,10730.5,10732,10730.1,10731,
2018-01-17T10:59:00+05:30,10730,10730.3,10729,10729.6,
2018-01-17T11:00:00+05:30,10729.1,10729.6,10728.6,10729.5,
2018-01-17T11:01:00+05:30,10729,10731.1,10729,10730.5,
2018-01-17T11:02:00+05:30,10730.7,10734.1,10730.6,10733.8,
2018-01-17T11:03:00+05:30,10734,10735.1,10733,10735.1,
2018-01-17T11:04:00+05:30,10735.1,10738.1,10735,10738.1,
2018-01-17T11:05:00+05:30,10737.2,10738.2,10733.8,10733.8,
2018-01-17T11:06:00+05:30,10733.9,10736.2,10733.5,10735.8,
2018-01-17T11:07:00+05:30,10735.7,10736,10729.1,10729.1,
2018-01-17T11:08:00+05:30,10729.1,10730,10727.8,10730,
2018-01-17T11:09:00+05:30,10730,10730.2,10728.2,10729.4,
2018-01-17T11:10:00+05:30,10728.9,10729.5,10728.1,10729.1,
2018-01-17T11:11:00+05:30,10729,10729.2,10725.4,10726.1,
2018-01-17T11:12:00+05:30,10725.8,10730.2,10725.4,10730.2,
2018-01-17T11:13:00+05:30,10730,10733.6,10730,10733.6,
2018-01-17T11:14:00+05:30,10733,10734.4,10732.4,10732.8,
2018-01-17T11:15:00+05:30,10732.5,10732.6,10730,10730.2,
2018-01-17T11:16:00+05:30,10729.6,10732.6,10729.6,10730.8,
2018-01-17T11:17:00+05:30,10730.8,10733.9,10730.3,10732,
2018-01-17T11:18:00+05:30,10732.1,10732.7,10730.6,10732.1,
2018-01-17T11:19:00+05:30,10732,10734.5,10732,10733.6,
2018-01-17T11:20:00+05:30,10733.4,10734,10733,10733.7,
2018-01-17T11:21:00+05:30,10733.9,10734.1,10729,10729.5,
2018-01-17T11:22:00+05:30,10729.5,10732.5,10729.2,10731.4,
2018-01-17T11:23:00+05:30,10731.1,10732.8,10730.2,10730.9,
2018-01-17T11:24:00+05:30,10730.5,10731.9,10728.8,10729.4,
2018-01-17T11:25:00+05:30,10729,10729.8,10728.1,10728.6,
2018-01-17T11:26:00+05:30,10728.6,10730.4,10727.7,10730.2,
2018-01-17T11:27:00+05:30,10730,10730.5,10728.9,10729,
2018-01-17T11:28:00+05:30,10728.8,10732.5,10728,10731.9,
2018-01-17T11:29:00+05:30,10731.7,10733.1,10731.1,10732.5,
2018-01-17T11:30:00+05:30,10732.4,10732.9,10731.6,10732.9,
2018-01-17T11:31:00+05:30,10732.6,10734.5,10732.5,10733.5,
2018-01-17T11:32:00+05:30,10733.5,10735.1,10732.9,10734.9,
2018-01-17T11:33:00+05:30,10734,10734,10728,10728.6,
2018-01-17T11:34:00+05:30,10728.5,10730.6,10728,10730.6,
2018-01-17T11:35:00+05:30,10730.9,10732,10730.8,10731.9,
2018-01-17T11:36:00+05:30,10731.8,10734.8,10731.4,10732.8,
2018-01-17T11:37:00+05:30,10732.8,10733.5,10730.3,10731.5,
2018-01-17T11:38:00+05:30,10731.4,10734.1,10730.8,10732.5,
2018-01-17T11:39:00+05:30,10732.4,10735,10732,10735,
2018-01-17T11:40:00+05:30,10734.8,10736.6,10734.1,10735.8,
2018-01-17T11:41:00+05:30,10736.1,10736.5,10732,10732.8,
2018-01-17T11:42:00+05:30,10732.8,10734.2,10732.8,10733.6,
2018-01-17T11:43:00+05:30,10733.6,10735.6,10733.1,10733.8,
2018-01-17T11:44:00+05:30,10733.7,10735.8,10733.4,10734.9,
2018-01-17T11:45:00+05:30,10734.5,10734.6,10731.9,10732.5,
2018-01-17T11:46:00+05:30,10732.5,10732.6,10729.3,10730.2,
2018-01-17T11:47:00+05:30,10730.3,10732.7,10729.8,10732.2,
2018-01-17T11:48:00+05:30,10732.2,10734.8,10731.2,10734.8,
2018-01-17T11:49:00+05:30,10734.9,10735.8,10732.4,10733,
2018-01-17T11:50:00+05:30,10733.1,10734.4,10731.9,10734.3,
2018-01-17T11:51:00+05:30,10734.2,10735.4,10731.2,10731.2,
2018-01-17T11:52:00+05:30,10731.2,10732.8,10730.5,10731.7,
2018-01-17T11:53:00+05:30,10732,10735.4,10731.2,10735,
2018-01-17T11:54:00+05:30,10735,10735.2,10731.4,10732,
2018-01-17T11:55:00+05:30,10732.2,10734.9,10731.8,10734.9,
2018-01-17T11:56:00+05:30,10734.6,10734.7,10731.4,10732,
2018-01-17T11:57:00+05:30,10732.1,10732.1,10729,10730.2,
2018-01-17T11:58:00+05:30,10730.6,10731.3,10729.1,10729.1,
2018-01-17T11:59:00+05:30,10729.4,10730.2,10728.4,10729.5,
2018-01-17T12:00:00+05:30,10728.9,10730.5,10728.7,10729.2,
2018-01-17T12:01:00+05:30,10729.1,10729.7,10728.2,10729,
2018-01-17T12:02:00+05:30,10728.9,10730.2,10728.1,10730.2,
2018-01-17T12:03:00+05:30,10729.8,10732.5,10729.5,10732.5,
2018-01-17T12:04:00+05:30,10732.4,10733.4,10732.2,10733.2,
2018-01-17T12:05:00+05:30,10733.1,10734.4,10732.8,10733.8,
2018-01-17T12:06:00+05:30,10733.8,10734.5,10732.9,10734,
2018-01-17T12:07:00+05:30,10734.4,10734.4,10732,10733.1,
2018-01-17T12:08:00+05:30,10733.1,10733.3,10730.6,10731.1,
2018-01-17T12:09:00+05:30,10731,10733.1,10731,10733,
2018-01-17T12:10:00+05:30,10733.4,10733.4,10731.7,10732.4,
2018-01-17T12:11:00+05:30,10731.8,10732.8,10731.6,10732,
2018-01-17T12:12:00+05:30,10732.1,10732.1,10730.5,10732.1,
2018-01-17T12:13:00+05:30,10731.5,10733.2,10731.3,10732.2,
2018-01-17T12:14:00+05:30,10732.1,10732.5,10731.3,10732.5,
2018-01-17T12:15:00+05:30,10732.1,10732.6,10731,10732.1,
2018-01-17T12:16:00+05:30,10732.2,10733.6,10731.9,10732.7,
2018-01-17T12:17:00+05:30,10732.5,10734.8,10732.5,10734.7,
2018-01-17T12:18:00+05:30,10734.6,10738,10734.3,10738,
2018-01-17T12:19:00+05:30,10737.8,10739.6,10737.8,10738.4,
2018-01-17T12:20:00+05:30,10738.5,10742.3,10737.5,10742,
2018-01-17T12:21:00+05:30,10742.4,10742.5,10740.6,10741.8,
2018-01-17T12:22:00+05:30,10741.6,10741.7,10739.5,10740.2,
2018-01-17T12:23:00+05:30,10740.2,10742,10740.1,10740.4,
2018-01-17T12:24:00+05:30,10740.1,10740.1,10737.6,10737.9,
2018-01-17T12:25:00+05:30,10737.9,10738.2,10736.4,10738.2,
2018-01-17T12:26:00+05:30,10738.1,10741.8,10737.9,10741.2,
2018-01-17T12:27:00+05:30,10741.5,10745.7,10741.4,10745.6,
2018-01-17T12:28:00+05:30,10745.9,10748.1,10745.8,10746.3,
2018-01-17T12:29:00+05:30,10746.1,10752.2,10746.1,10752,
2018-01-17T12:30:00+05:30,10751.9,10753.1,10750.6,10752.5,
2018-01-17T12:31:00+05:30,10752.8,10753.4,10749.4,10750.5,
2018-01-17T12:32:00+05:30,10750.2,10750.6,10748.6,10749.4,
2018-01-17T12:33:00+05:30,10749.3,10750.8,10748.3,10750.8,
2018-01-17T12:34:00+05:30,10750.4,10750.4,10747.5,10747.6,
2018-01-17T12:35:00+05:30,10748.2,10748.2,10745.6,10747.1,
2018-01-17T12:36:00+05:30,10747.1,10750.6,10747.1,10750.1,
2018-01-17T12:37:00+05:30,10750,10753.4,10749.5,10751.2,
2018-01-17T12:38:00+05:30,10751.7,10752.2,10748.9,10749.5,
2018-01-17T12:39:00+05:30,10749.5,10750.2,10749.1,10749.9,
2018-01-17T12:40:00+05:30,10749.7,10749.7,10747,10747.7,
2018-01-17T12:41:00+05:30,10748.1,10750.6,10747.8,10748.5,
2018-01-17T12:42:00+05:30,10748.5,10749,10747,10747.5,
2018-01-17T12:43:00+05:30,10747.5,10747.5,10742.2,10743.9,
2018-01-17T12:44:00+05:30,10744.5,10748.9,10743.6,10747.4,
2018-01-17T12:45:00+05:30,10748.5,10750.3,10747,10748.5,
2018-01-17T12:46:00+05:30,10748.5,10751.7,10748,10750.2,
2018-01-17T12:47:00+05:30,10750.1,10751.2,10749.4,10750.5,
2018-01-17T12:48:00+05:30,10750.5,10751.9,10747.5,10751.9,
2018-01-17T12:49:00+05:30,10752,10752.3,10749.2,10750.8,
2018-01-17T12:50:00+05:30,10751,10751,10749,10750,
2018-01-17T12:51:00+05:30,10749.9,10750.9,10749,10749.5,
2018-01-17T12:52:00+05:30,10749.2,10749.5,10746,10746.5,
2018-01-17T12:53:00+05:30,10746.1,10746.5,10745.4,10745.6,
2018-01-17T12:54:00+05:30,10746,10748,10745.4,10748,
2018-01-17T12:55:00+05:30,10748.1,10748.5,10746.5,10747.8,
2018-01-17T12:56:00+05:30,10748.1,10748.9,10746,10746.3,
2018-01-17T12:57:00+05:30,10746.5,10746.5,10742.6,10743,
2018-01-17T12:58:00+05:30,10742.8,10743,10740.9,10741.9,
2018-01-17T12:59:00+05:30,10742,10746.1,10741.6,10745.8,
2018-01-17T13:00:00+05:30,10745.8,10746.6,10745.4,10746.6,
2018-01-17T13:01:00+05:30,10745.8,10746.2,10744.9,10745.8,
2018-01-17T13:02:00+05:30,10745.5,10745.9,10742,10742.5,
2018-01-17T13:03:00+05:30,10742.3,10744,10741.8,10742.5,
2018-01-17T13:04:00+05:30,10742.5,10743.1,10741.4,10743.1,
2018-01-17T13:05:00+05:30,10742.5,10743.8,10741.9,10743.8,
2018-01-17T13:06:00+05:30,10743.8,10745.1,10742.8,10745,
2018-01-17T13:07:00+05:30,10745.4,10746.8,10745.1,10745.9,
2018-01-17T13:08:00+05:30,10746,10746.6,10744.1,10744.4,
2018-01-17T13:09:00+05:30,10744.5,10746.9,10743.7,10746.9,
2018-01-17T13:10:00+05:30,10747,10748.9,10746.2,10748.9,
2018-01-17T13:11:00+05:30,10748.5,10749.9,10747.9,10749.5,
2018-01-17T13:12:00+05:30,10749.4,10749.4,10747.2,10748.3,
2018-01-17T13:13:00+05:30,10748.4,10749,10747.5,10748.5,
2018-01-17T13:14:00+05:30,10748.1,10749.3,10747.5,10748,
2018-01-17T13:15:00+05:30,10747.8,10748.3,10747.1,10747.7,
2018-01-17T13:16:00+05:30,10748,10748,10745.8,10746.5,
2018-01-17T13:17:00+05:30,10745.9,10746.6,10743.8,10744.7,
2018-01-17T13:18:00+05:30,10744.5,10747.4,10743.8,10747.4,
2018-01-17T13:19:00+05:30,10747.8,10748.6,10746.9,10747.4,
2018-01-17T13:20:00+05:30,10747.5,10748.6,10746.5,10747.9,
2018-01-17T13:21:00+05:30,10747.8,10748.7,10746.8,10747.1,
2018-01-17T13:22:00+05:30,10747.2,10747.2,10745.1,10746.2,
2018-01-17T13:23:00+05:30,10746.1,10746.2,10744.9,10745.8,
2018-01-17T13:24:00+05:30,10745.8,10750.9,10745.4,10749.9,
2018-01-17T13:25:00+05:30,10749.7,10753.5,10749.6,10751.5,
2018-01-17T13:26:00+05:30,10752.4,10752.4,10749,10749.8,
2018-01-17T13:27:00+05:30,10749.8,10753.8,10748.6,10753.8,
2018-01-17T13:28:00+05:30,10753.9,10758.5,10753.4,10755.8,
2018-01-17T13:29:00+05:30,10755,10758.5,10754.4,10758.5,
2018-01-17T13:30:00+05:30,10758.5,10760,10757.9,10758.8,
2018-01-17T13:31:00+05:30,10758.8,10758.8,10756.6,10757,
2018-01-17T13:32:00+05:30,10757.4,10757.4,10755.9,10756.9,
2018-01-17T13:33:00+05:30,10756.2,10757.6,10756.1,10757.6,
2018-01-17T13:34:00+05:30,10757.4,10757.4,10752.6,10753.5,
2018-01-17T13:35:00+05:30,10753.8,10754,10750.7,10751.4,
2018-01-17T13:36:00+05:30,10751.2,10752.8,10749.4,10752.8,
2018-01-17T13:37:00+05:30,10752.9,10753,10750.4,10752.8,
2018-01-17T13:38:00+05:30,10752.6,10754.7,10751.6,10754.7,
2018-01-17T13:39:00+05:30,10754.6,10755.8,10754,10755.8,
2018-01-17T13:40:00+05:30,10755.5,10756.5,10754.8,10756.5,
2018-01-17T13:41:00+05:30,10756.8,10756.8,10754.4,10755,
2018-01-17T13:42:00+05:30,10755,10755.8,10754.5,10755.8,
2018-01-17T13:43:00+05:30,10755.6,10756.8,10755.2,10755.5,
2018-01-17T13:44:00+05:30,10755,10755,10753.2,10754.8,
2018-01-17T13:45:00+05:30,10755.1,10758.7,10754.6,10758.5,
2018-01-17T13:46:00+05:30,10758.4,10760.6,10757.5,10760.4,
2018-01-17T13:47:00+05:30,10759.9,10760,10756,10756.9,
2018-01-17T13:48:00+05:30,10756.8,10758.8,10756.7,10758.4,
2018-01-17T13:49:00+05:30,10758.5,10759,10755.8,10756.5,
2018-01-17T13:50:00+05:30,10756.5,10756.9,10752,10752.9,
2018-01-17T13:51:00+05:30,10752.8,10755,10752.2,10754.6,
2018-01-17T13:52:00+05:30,10753.9,10756.5,10753.9,10756.5,
2018-01-17T13:53:00+05:30,10756.3,10757.1,10754.1,10754.5,
2018-01-17T13:54:00+05:30,10754.4,10755.4,10752.8,10753.6,
2018-01-17T13:55:00+05:30,10753.5,10754.2,10751,10751.2,
2018-01-17T13:56:00+05:30,10751.2,10752,10749.2,10749.7,
2018-01-17T13:57:00+05:30,10749.2,10749.9,10745.4,10746,
2018-01-17T13:58:00+05:30,10746.2,10747.5,10742.2,10746.8,
2018-01-17T13:59:00+05:30,10746.5,10748,10744.9,10746,
2018-01-17T14:00:00+05:30,10745.9,10746.9,10745.5,10745.9,
2018-01-17T14:01:00+05:30,10746.1,10750.5,10746.1,10750,
2018-01-17T14:02:00+05:30,10750.3,10751.4,10749.6,10749.9,
2018-01-17T14:03:00+05:30,10749.8,10751.1,10746.1,10748.5,
2018-01-17T14:04:00+05:30,10748.6,10750.5,10747.6,10747.9,
2018-01-17T14:05:00+05:30,10747.6,10749.6,10747.6,10748.6,
2018-01-17T14:06:00+05:30,10748.7,10749.4,10747.2,10747.4,
2018-01-17T14:07:00+05:30,10748,10749.7,10748,10749.7,
2018-01-17T14:08:00+05:30,10749.6,10751,10749,10751,
2018-01-17T14:09:00+05:30,10751.1,10755.5,10751.1,10754.2,
2018-01-17T14:10:00+05:30,10754.1,10755.5,10754,10755,
2018-01-17T14:11:00+05:30,10755,10755.5,10752.3,10753.6,
2018-01-17T14:12:00+05:30,10753.6,10754.9,10751.3,10751.9,
2018-01-17T14:13:00+05:30,10752,10753.5,10751.6,10751.9,
2018-01-17T14:14:00+05:30,10751.6,10752.7,10749.1,10749.6,
2018-01-17T14:15:00+05:30,10749.4,10750.1,10746.6,10746.6,
2018-01-17T14:16:00+05:30,10746.2,10747.5,10744,10745.5,
2018-01-17T14:17:00+05:30,10745.1,10746.7,10744.3,10744.6,
2018-01-17T14:18:00+05:30,10744.5,10748.4,10744.5,10747.6,
2018-01-17T14:19:00+05:30,10748,10749.4,10747.1,10747.5,
2018-01-17T14:20:00+05:30,10747.8,10751.6,10747.8,10750.8,
2018-01-17T14:21:00+05:30,10751.4,10753.5,10751.4,10751.9,
2018-01-17T14:22:00+05:30,10751.8,10752.4,10746.1,10747.1,
2018-01-17T14:23:00+05:30,10746.7,10747.7,10744.3,10744.4,
2018-01-17T14:24:00+05:30,10744.2,10746.1,10742.5,10744,
2018-01-17T14:25:00+05:30,10744.5,10750.9,10744.5,10750.9,
2018-01-17T14:26:00+05:30,10750.8,10751.8,10750,10751,
2018-01-17T14:27:00+05:30,10751.1,10754.1,10751.1,10754,
2018-01-17T14:28:00+05:30,10754.1,10755.4,10752.5,10755.3,
2018-01-17T14:29:00+05:30,10755,10755.5,10753.8,10755.2,
2018-01-17T14:30:00+05:30,10755,10759,10755,10759,
2018-01-17T14:31:00+05:30,10759,10760.5,10758.6,10759.8,
2018-01-17T14:32:00+05:30,10760.2,10761.5,10759.7,10760.8,
2018-01-17T14:33:00+05:30,10760.4,10761.2,10757.2,10757.6,
2018-01-17T14:34:00+05:30,10757.9,10758.5,10756.8,10757.2,
2018-01-17T14:35:00+05:30,10757.4,10758.8,10756.9,10758.5,
2018-01-17T14:36:00+05:30,10758.6,10759.8,10754.8,10756.2,
2018-01-17T14:37:00+05:30,10756.8,10761.1,10756.8,10758.9,
2018-01-17T14:38:00+05:30,10758.5,10760.2,10757,10757.4,
2018-01-17T14:39:00+05:30,10757.5,10758.8,10756.4,10757.8,
2018-01-17T14:40:00+05:30,10757.5,10758.7,10756.5,10756.8,
2018-01-17T14:41:00+05:30,10756.9,10757.5,10755.1,10755.5,
2018-01-17T14:42:00+05:30,10755.9,10756.6,10754.3,10754.3,
2018-01-17T14:43:00+05:30,10754.1,10759.8,10754.1,10759.8,
2018-01-17T14:44:00+05:30,10759.5,10761.4,10759.5,10761.4,
2018-01-17T14:45:00+05:30,10761.6,10765.5,10759.1,10765.5,
2018-01-17T14:46:00+05:30,10764.9,10769.1,10764.3,10769.1,
2018-01-17T14:47:00+05:30,10769.4,10772.7,10766.8,10767.9,
2018-01-17T14:48:00+05:30,10767.8,10774,10767.8,10772.9,
2018-01-17T14:49:00+05:30,10772.5,10775.2,10772.5,10773.5,
2018-01-17T14:50:00+05:30,10774,10775.4,10772.8,10773.7,
2018-01-17T14:51:00+05:30,10773.9,10777,10771.9,10772.1,
2018-01-17T14:52:00+05:30,10772.2,10775,10771.5,10771.5,
2018-01-17T14:53:00+05:30,10772,10775.5,10771.8,10774.6,
2018-01-17T14:54:00+05:30,10774.6,10775.6,10772.1,10772.8,
2018-01-17T14:55:00+05:30,10772.9,10777.5,10772.9,10775.5,
2018-01-17T14:56:00+05:30,10775.5,10777.4,10774.7,10775.1,
2018-01-17T14:57:00+05:30,10775,10777.2,10773.5,10773.5,
2018-01-17T14:58:00+05:30,10773.5,10774.1,10769.6,10771.1,
2018-01-17T14:59:00+05:30,10771,10774.4,10771,10772.9,
2018-01-17T15:00:00+05:30,10772.8,10773.4,10768.2,10769.2,
2018-01-17T15:01:00+05:30,10769.4,10771.2,10769,10770.8,
2018-01-17T15:02:00+05:30,10770.9,10772.2,10769.5,10771.5,
2018-01-17T15:03:00+05:30,10771.3,10772.1,10770.1,10771.1,
2018-01-17T15:04:00+05:30,10771.3,10778.7,10771.2,10778.6,
2018-01-17T15:05:00+05:30,10778.5,10780.9,10777.9,10780.6,
2018-01-17T15:06:00+05:30,10780.8,10784,10780.8,10784,
2018-01-17T15:07:00+05:30,10783.9,10785.5,10783.8,10784.5,
2018-01-17T15:08:00+05:30,10785,10786.6,10784.6,10786.6,
2018-01-17T15:09:00+05:30,10786.9,10789.1,10786.9,10787.7,
2018-01-17T15:10:00+05:30,10788.8,10789.2,10787,10789.2,
2018-01-17T15:11:00+05:30,10789,10795.5,10789,10795.1,
2018-01-17T15:12:00+05:30,10795.1,10795.1,10788.9,10791.5,
2018-01-17T15:13:00+05:30,10791.6,10792.5,10786.3,10786.8,
2018-01-17T15:14:00+05:30,10787.1,10788.5,10787.1,10788.4,
2018-01-17T15:15:00+05:30,10788.5,10790.7,10786.5,10790,
2018-01-17T15:16:00+05:30,10789.5,10790.5,10787,10788,
2018-01-17T15:17:00+05:30,10788.6,10793,10788.6,10792.5,
2018-01-17T15:18:00+05:30,10792.9,10794.9,10791.7,10794.5,
2018-01-17T15:19:00+05:30,10794.5,10794.7,10790.9,10791.8,
2018-01-17T15:20:00+05:30,10792.2,10792.9,10790.7,10792,
2018-01-17T15:21:00+05:30,10792,10792.7,10791.6,10792.5,
2018-01-17T15:22:00+05:30,10792.8,10798.3,10792.4,10797.4,
2018-01-17T15:23:00+05:30,10796.6,10798.3,10796,10796.2,
2018-01-17T15:24:00+05:30,10796.7,10798.4,10796.5,10798.4,
2018-01-17T15:25:00+05:30,10797.8,10799,10796.4,10799,
2018-01-17T15:26:00+05:30,10799.1,10799.4,10797.6,10797.8,
2018-01-17T15:27:00+05:30,10797.4,10798.2,10795.8,10797.1,
2018-01-17T15:28:00+05:30,10797.2,10799.5,10796.8,10797,
2018-01-17T15:29:00+05:30,10796.5,10801.1,10793,10794.3,
2018-01-18T09:15:00+05:30,10873.4,10882.2,10868.3,10870,
2018-01-18T09:16:00+05:30,10870.6,10871.1,10853.9,10853.9,
2018-01-18T09:17:00+05:30,10853.9,10856.6,10852.8,10854.9,
2018-01-18T09:18:00+05:30,10854.6,10864.2,10854.3,10863.1,
2018-01-18T09:19:00+05:30,10862.2,10863.6,10856.4,10857.8,
2018-01-18T09:20:00+05:30,10857,10861.9,10857,10858.5,
2018-01-18T09:21:00+05:30,10859.1,10861.2,10851.8,10851.8,
2018-01-18T09:22:00+05:30,10851.6,10854.8,10850.6,10853.8,
2018-01-18T09:23:00+05:30,10853.5,10854.7,10850.9,10853.5,
2018-01-18T09:24:00+05:30,10854.4,10856.7,10854,10856.6,
2018-01-18T09:25:00+05:30,10857.6,10866.6,10857,10866.6,
2018-01-18T09:26:00+05:30,10866,10871.1,10865.5,10869.4,
2018-01-18T09:27:00+05:30,10869.9,10870.5,10867,10869.8,
2018-01-18T09:28:00+05:30,10870.6,10875.1,10869.7,10873.8,
2018-01-18T09:29:00+05:30,10874.1,10878.1,10874.1,10877.5,
2018-01-18T09:30:00+05:30,10877.5,10880.1,10876.5,10876.9,
2018-01-18T09:31:00+05:30,10876.9,10878.7,10875.9,10877.7,
2018-01-18T09:32:00+05:30,10877.4,10883.5,10877,10882.8,
2018-01-18T09:33:00+05:30,10882.2,10886.5,10882.2,10886.2,
2018-01-18T09:34:00+05:30,10885.6,10887.4,10882.7,10883.4,
2018-01-18T09:35:00+05:30,10883.4,10883.6,10880,10880.2,
2018-01-18T09:36:00+05:30,10881.1,10887,10880.6,10886.9,
2018-01-18T09:37:00+05:30,10886.7,10886.9,10879.9,10881.1,
2018-01-18T09:38:00+05:30,10880.8,10882.2,10878.1,10878.8,
2018-01-18T09:39:00+05:30,10878.8,10882.4,10878.2,10879.8,
2018-01-18T09:40:00+05:30,10879.6,10880,10875.1,10875.9,
2018-01-18T09:41:00+05:30,10875.5,10878.8,10875.3,10878.8,
2018-01-18T09:42:00+05:30,10877.1,10881,10876.5,10878.9,
2018-01-18T09:43:00+05:30,10878.9,10879.4,10873.5,10875.3,
2018-01-18T09:44:00+05:30,10876,10877.5,10871.5,10875,
2018-01-18T09:45:00+05:30,10875.1,10878.2,10874.5,10877.5,
2018-01-18T09:46:00+05:30,10878.2,10879.2,10875.5,10876.5,
2018-01-18T09:47:00+05:30,10876.6,10881.8,10876.1,10878.1,
2018-01-18T09:48:00+05:30,10878.3,10881.1,10877.3,10880.9,
2018-01-18T09:49:00+05:30,10880.6,10881.5,10878.4,10880,
2018-01-18T09:50:00+05:30,10880.5,10884.8,10879.7,10884,
2018-01-18T09:51:00+05:30,10884.1,10884.1,10875.7,10877.5,
2018-01-18T09:52:00+05:30,10877.5,10878.5,10872.5,10873.6,
2018-01-18T09:53:00+05:30,10873.4,10875.6,10872.8,10875,
2018-01-18T09:54:00+05:30,10875.6,10876.9,10873.1,10873.8,
2018-01-18T09:55:00+05:30,10873.4,10873.8,10868.5,10869.1,
2018-01-18T09:56:00+05:30,10868.4,10869.6,10863.8,10864.2,
2018-01-18T09:57:00+05:30,10863.9,10864,10858.4,10862.9,
2018-01-18T09:58:00+05:30,10863.2,10865.5,10861.6,10865.5,
2018-01-18T09:59:00+05:30,10865.2,10868.2,10864.9,10867.6,
2018-01-18T10:00:00+05:30,10867.7,10867.8,10859.5,10859.5,
2018-01-18T10:01:00+05:30,10860,10861,10858.8,10858.8,
2018-01-18T10:02:00+05:30,10859.3,10863,10858.3,10863,
2018-01-18T10:03:00+05:30,10863,10863.9,10861,10863.4,
2018-01-18T10:04:00+05:30,10863.9,10866.2,10863.5,10864.5,
2018-01-18T10:05:00+05:30,10865.2,10865.2,10860.5,10865,
2018-01-18T10:06:00+05:30,10865.3,10867.7,10864.4,10865.5,
2018-01-18T10:07:00+05:30,10865.8,10867.4,10864.4,10867.4,
2018-01-18T10:08:00+05:30,10867.1,10870.5,10866.6,10870.4,
2018-01-18T10:09:00+05:30,10869.9,10870.4,10866.2,10866.3,
2018-01-18T10:10:00+05:30,10866.9,10868,10864,10864,
2018-01-18T10:11:00+05:30,10864.7,10866.1,10863.9,10864.6,
2018-01-18T10:12:00+05:30,10864.8,10865.5,10862.9,10863.8,
2018-01-18T10:13:00+05:30,10863.5,10866.5,10862.9,10864.5,
2018-01-18T10:14:00+05:30,10864,10866.8,10863.6,10866.7,
2018-01-18T10:15:00+05:30,10867.1,10867.2,10861.1,10863.8,
2018-01-18T10:16:00+05:30,10863.6,10866.8,10863.4,10866.1,
2018-01-18T10:17:00+05:30,10866.5,10866.5,10862.6,10864.2,
2018-01-18T10:18:00+05:30,10864.5,10866.9,10863.6,10866.5,
2018-01-18T10:19:00+05:30,10867,10867.4,10864.2,10864.2,
2018-01-18T10:20:00+05:30,10864.5,10867.6,10864.5,10867.5,
2018-01-18T10:21:00+05:30,10866.7,10867.4,10865.5,10867.2,
2018-01-18T10:22:00+05:30,10867,10870.5,10867,10869.7,
2018-01-18T10:23:00+05:30,10869.4,10869.4,10866.6,10868.5,
2018-01-18T10:24:00+05:30,10868.5,10869.9,10863.5,10864.4,
2018-01-18T10:25:00+05:30,10863,10870.2,10863,10867.7,
2018-01-18T10:26:00+05:30,10868.2,10869.8,10865.5,10865.7,
2018-01-18T10:27:00+05:30,10866.1,10869,10864.9,10867.9,
2018-01-18T10:28:00+05:30,10868,10869.3,10866,10869,
2018-01-18T10:29:00+05:30,10869.5,10870.1,10867.9,10869.6,
2018-01-18T10:30:00+05:30,10869.1,10874.4,10868.5,10873.2,
2018-01-18T10:31:00+05:30,10873.2,10876.2,10872.7,10875.1,
2018-01-18T10:32:00+05:30,10875.1,10876.5,10870.9,10873,
2018-01-18T10:33:00+05:30,10873,10875.8,10870.9,10872.4,
2018-01-18T10:34:00+05:30,10872.1,10874.4,10871.1,10874.1,
2018-01-18T10:35:00+05:30,10874.2,10876.2,10872.1,10872.8,
2018-01-18T10:36:00+05:30,10872.8,10874,10870.6,10872.5,
2018-01-18T10:37:00+05:30,10872.6,10873.5,10870.3,10872,
2018-01-18T10:38:00+05:30,10871.9,10874.8,10871,10874.4,
2018-01-18T10:39:00+05:30,10874.7,10875.1,10869.1,10869.4,
2018-01-18T10:40:00+05:30,10869.2,10874.5,10869.2,10874.5,
2018-01-18T10:41:00+05:30,10874.5,10876.7,10873.5,10875,
2018-01-18T10:42:00+05:30,10874.9,10878.4,10874.2,10876.6,
2018-01-18T10:43:00+05:30,10876.6,10876.7,10873.5,10875,
2018-01-18T10:44:00+05:30,10875,10877.4,10874.1,10877.1,
2018-01-18T10:45:00+05:30,10877.5,10878.2,10873.2,10873.7,
2018-01-18T10:46:00+05:30,10873.5,10878.1,10872.9,10877.5,
2018-01-18T10:47:00+05:30,10878,10878,10873.5,10873.7,
2018-01-18T10:48:00+05:30,10873.5,10873.5,10870.5,10871,
2018-01-18T10:49:00+05:30,10870.6,10872.4,10870,10871.5,
2018-01-18T10:50:00+05:30,10871.4,10871.9,10870,10870.9,
2018-01-18T10:51:00+05:30,10871,10871.8,10870.4,10871,
2018-01-18T10:52:00+05:30,10870.8,10871.4,10868.2,10869.1,
2018-01-18T10:53:00+05:30,10869.5,10870.2,10867.4,10870.2,
2018-01-18T10:54:00+05:30,10869.5,10869.5,10867.7,10868.6,
2018-01-18T10:55:00+05:30,10868.8,10870.5,10868.4,10870,
2018-01-18T10:56:00+05:30,10870,10870.8,10869.1,10869.5,
2018-01-18T10:57:00+05:30,10870.3,10871,10869.3,10869.3,
2018-01-18T10:58:00+05:30,10869.5,10869.5,10867.6,10868.9,
2018-01-18T10:59:00+05:30,10869.1,10869.9,10867.9,10869.4,
2018-01-18T11:00:00+05:30,10870.1,10870.4,10868,10870.4,
2018-01-18T11:01:00+05:30,10870.5,10871.8,10869.6,10871.4,
2018-01-18T11:02:00+05:30,10871.2,10873.8,10870.5,10873.6,
2018-01-18T11:03:00+05:30,10873.9,10874.8,10872,10873.1,
2018-01-18T11:04:00+05:30,10872.6,10873.4,10870.6,10871.5,
2018-01-18T11:05:00+05:30,10871.8,10871.8,10869.5,10871.4,
2018-01-18T11:06:00+05:30,10871.2,10872.2,10870.1,10871.4,
2018-01-18T11:07:00+05:30,10871.5,10872.5,10871,10872,
2018-01-18T11:08:00+05:30,10871.9,10875.1,10871.5,10873.5,
2018-01-18T11:09:00+05:30,10873.5,10874.5,10870.6,10870.7,
2018-01-18T11:10:00+05:30,10871,10871.9,10869.3,10870.7,
2018-01-18T11:11:00+05:30,10871.1,10876.5,10870.9,10875.1,
2018-01-18T11:12:00+05:30,10875.2,10877.5,10874.6,10876.2,
2018-01-18T11:13:00+05:30,10876.5,10877.9,10874.5,10875.3,
2018-01-18T11:14:00+05:30,10874.6,10877.3,10874.6,10876.9,
2018-01-18T11:15:00+05:30,10876.6,10877.6,10875.2,10876.2,
2018-01-18T11:16:00+05:30,10875.8,10876.4,10872.9,10873,
2018-01-18T11:17:00+05:30,10872.9,10873.9,10871.9,10873.5,
2018-01-18T11:18:00+05:30,10873.6,10874.2,10872.9,10873.7,
2018-01-18T11:19:00+05:30,10873.8,10873.9,10871.2,10871.2,
2018-01-18T11:20:00+05:30,10871.6,10871.6,10867,10867.6,
2018-01-18T11:21:00+05:30,10868.1,10868.6,10866.5,10868.1,
2018-01-18T11:22:00+05:30,10868,10868.6,10864.1,10864.6,
2018-01-18T11:23:00+05:30,10865.1,10865.1,10861.6,10861.6,
2018-01-18T11:24:00+05:30,10861.8,10863.9,10861,10863.8,
2018-01-18T11:25:00+05:30,10864.1,10868.4,10863.2,10867.8,
2018-01-18T11:26:00+05:30,10867.7,10868,10862.5,10865.5,
2018-01-18T11:27:00+05:30,10865.1,10866.5,10862.3,10863.5,
2018-01-18T11:28:00+05:30,10863.8,10865.5,10862.8,10863.5,
2018-01-18T11:29:00+05:30,10863.8,10863.8,10853.8,10853.8,
2018-01-18T11:30:00+05:30,10854.8,10858.8,10852.5,10857.9,
2018-01-18T11:31:00+05:30,10858,10858,10853.6,10853.7,
2018-01-18T11:32:00+05:30,10854.2,10854.2,10845.2,10848.1,
2018-01-18T11:33:00+05:30,10847.8,10852.7,10847.1,10851.4,
2018-01-18T11:34:00+05:30,10851.4,10851.8,10849.4,10850.9,
2018-01-18T11:35:00+05:30,10851.2,10855.8,10850.8,10855.5,
2018-01-18T11:36:00+05:30,10855.2,10860.5,10854.8,10856.1,
2018-01-18T11:37:00+05:30,10856.9,10859.8,10855.2,10859.8,
2018-01-18T11:38:00+05:30,10859.8,10861,10857.5,10859,
2018-01-18T11:39:00+05:30,10859,10859.8,10855.1,10855.5,
2018-01-18T11:40:00+05:30,10856,10861,10854.8,10860.1,
2018-01-18T11:41:00+05:30,10861.3,10864,10860.5,10863,
2018-01-18T11:42:00+05:30,10862.9,10863.1,10858.2,10860.4,
2018-01-18T11:43:00+05:30,10860.1,10862,10859.4,10859.5,
2018-01-18T11:44:00+05:30,10860.1,10861.6,10857.5,10861.4,
2018-01-18T11:45:00+05:30,10861.3,10861.9,10857.1,10857.1,
2018-01-18T11:46:00+05:30,10857.3,10857.3,10853,10854.1,
2018-01-18T11:47:00+05:30,10854.6,10857.5,10853.9,10856.9,
2018-01-18T11:48:00+05:30,10856.2,10860.8,10856.2,10859.5,
2018-01-18T11:49:00+05:30,10860,10861,10858.8,10860.3,
2018-01-18T11:50:00+05:30,10860.4,10860.4,10857.5,10859,
2018-01-18T11:51:00+05:30,10859,10862.6,10858.8,10861.7,
2018-01-18T11:52:00+05:30,10861.4,10862.4,10860,10862,
2018-01-18T11:53:00+05:30,10861.5,10861.5,10858.1,10860.4,
2018-01-18T11:54:00+05:30,10860.4,10860.5,10858.4,10859,
2018-01-18T11:55:00+05:30,10859.1,10859.1,10854.5,10854.6,
2018-01-18T11:56:00+05:30,10854.8,10858.9,10853,10858.3,
2018-01-18T11:57:00+05:30,10858.5,10858.5,10855.5,10856.8,
2018-01-18T11:58:00+05:30,10857.2,10858.6,10856.5,10857.6,
2018-01-18T11:59:00+05:30,10857.9,10858.5,10857,10857.4,
2018-01-18T12:00:00+05:30,10857.5,10858,10856.5,10857,
2018-01-18T12:01:00+05:30,10857,10857.5,10856,10857,
2018-01-18T12:02:00+05:30,10857.1,10861,10855.9,10861,
2018-01-18T12:03:00+05:30,10860.9,10862.2,10860.6,10861.4,
2018-01-18T12:04:00+05:30,10861.5,10862.8,10860.9,10862.6,
2018-01-18T12:05:00+05:30,10862.6,10863.9,10861,10861,
2018-01-18T12:06:00+05:30,10861.2,10863.6,10860.9,10863.6,
2018-01-18T12:07:00+05:30,10863.9,10865.4,10863.1,10864.8,
2018-01-18T12:08:00+05:30,10865.3,10865.9,10863.5,10864.4,
2018-01-18T12:09:00+05:30,10864.5,10866.8,10862.5,10863.1,
2018-01-18T12:10:00+05:30,10863.4,10869,10861.5,10869,
2018-01-18T12:11:00+05:30,10868.2,10871.9,10866.8,10867.5,
2018-01-18T12:12:00+05:30,10867.9,10870.4,10867,10869.5,
2018-01-18T12:13:00+05:30,10870.2,10870.5,10868.1,10870.4,
2018-01-18T12:14:00+05:30,10870.4,10871,10869,10869.4,
2018-01-18T12:15:00+05:30,10869.6,10869.8,10868.3,10868.5,
2018-01-18T12:16:00+05:30,10868.7,10870.5,10867,10867.5,
2018-01-18T12:17:00+05:30,10867.8,10869.4,10866.8,10867.5,
2018-01-18T12:18:00+05:30,10867.6,10870,10866.8,10870,
2018-01-18T12:19:00+05:30,10870.2,10871.7,10868.6,10869.5,
2018-01-18T12:20:00+05:30,10869.8,10870,10866,10869.1,
2018-01-18T12:21:00+05:30,10869.6,10871.5,10867.5,10867.8,
2018-01-18T12:22:00+05:30,10868.1,10870,10865.2,10865.8,
2018-01-18T12:23:00+05:30,10865.6,10867.8,10865,10867.5,
2018-01-18T12:24:00+05:30,10867.5,10870,10867.4,10870,
2018-01-18T12:25:00+05:30,10870.1,10870.1,10867.2,10867.8,
2018-01-18T12:26:00+05:30,10868.1,10870.3,10867,10870.3,
2018-01-18T12:27:00+05:30,10870,10872.1,10869.9,10870.8,
2018-01-18T12:28:00+05:30,10870.8,10872.2,10869.8,10871.3,
2018-01-18T12:29:00+05:30,10871.8,10871.8,10869.3,10870.1,
2018-01-18T12:30:00+05:30,10870.5,10871.1,10869.4,10871,
2018-01-18T12:31:00+05:30,10871.1,10874.8,10870,10873.2,
2018-01-18T12:32:00+05:30,10873.4,10877.7,10873,10874.8,
2018-01-18T12:33:00+05:30,10874.8,10877.1,10873.4,10875.7,
2018-01-18T12:34:00+05:30,10875.8,10878.8,10874.1,10878.2,
2018-01-18T12:35:00+05:30,10878.4,10878.4,10873,10873.1,
2018-01-18T12:36:00+05:30,10873.7,10874.1,10871,10871.5,
2018-01-18T12:37:00+05:30,10871.5,10873,10871,10871.6,
2018-01-18T12:38:00+05:30,10872,10873.2,10871,10872.8,
2018-01-18T12:39:00+05:30,10873.2,10875,10871.8,10872,
2018-01-18T12:40:00+05:30,10872.5,10876.3,10871.5,10874.5,
2018-01-18T12:41:00+05:30,10874.4,10874.4,10871.9,10874.1,
2018-01-18T12:42:00+05:30,10873.6,10875,10872.3,10874.7,
2018-01-18T12:43:00+05:30,10875,10877.8,10874.5,10876.7,
2018-01-18T12:44:00+05:30,10876.5,10878.8,10875.6,10877.7,
2018-01-18T12:45:00+05:30,10878.2,10878.7,10876.4,10878,
2018-01-18T12:46:00+05:30,10878,10879.2,10876,10878.9,
2018-01-18T12:47:00+05:30,10879.3,10879.3,10877.4,10878.5,
2018-01-18T12:48:00+05:30,10879.4,10880.5,10878.2,10880.5,
2018-01-18T12:49:00+05:30,10880.5,10883.4,10880,10882.8,
2018-01-18T12:50:00+05:30,10882.8,10882.8,10880.8,10881.6,
2018-01-18T12:51:00+05:30,10881.5,10882.9,10876.8,10877.5,
2018-01-18T12:52:00+05:30,10877.7,10879.8,10876.9,10878.9,
2018-01-18T12:53:00+05:30,10878.8,10880.1,10877.9,10879.9,
2018-01-18T12:54:00+05:30,10880,10881.6,10879.5,10881.5,
2018-01-18T12:55:00+05:30,10881.8,10882.5,10877.5,10879.1,
2018-01-18T12:56:00+05:30,10879.2,10879.5,10877,10877.9,
2018-01-18T12:57:00+05:30,10878.1,10879,10876.1,10878,
2018-01-18T12:58:00+05:30,10878.1,10880.1,10877,10879,
2018-01-18T12:59:00+05:30,10879.2,10880,10875,10876.4,
2018-01-18T13:00:00+05:30,10876.7,10878.3,10875.4,10876.1,
2018-01-18T13:01:00+05:30,10876.4,10878.2,10875.3,10876.9,
2018-01-18T13:02:00+05:30,10876.6,10877.3,10875.7,10876.5,
2018-01-18T13:03:00+05:30,10876.7,10878,10875.8,10877.5,
2018-01-18T13:04:00+05:30,10878.1,10879.4,10876.4,10878.4,
2018-01-18T13:05:00+05:30,10878.3,10878.3,10874.6,10874.6,
2018-01-18T13:06:00+05:30,10875,10876.4,10874.5,10876,
2018-01-18T13:07:00+05:30,10876.4,10878,10875.5,10875.5,
2018-01-18T13:08:00+05:30,10875.9,10875.9,10872.3,10873.4,
2018-01-18T13:09:00+05:30,10875.8,10875.8,10873.3,10874.5,
2018-01-18T13:10:00+05:30,10874.9,10879,10874,10878.5,
2018-01-18T13:11:00+05:30,10879.5,10879.5,10876.5,10879,
2018-01-18T13:12:00+05:30,10879.1,10879.5,10878.2,10878.6,
2018-01-18T13:13:00+05:30,10878.8,10879.2,10877.3,10877.5,
2018-01-18T13:14:00+05:30,10877.9,10878.4,10876,10876.7,
2018-01-18T13:15:00+05:30,10877.5,10880.6,10876.2,10877.5,
2018-01-18T13:16:00+05:30,10878,10878.7,10874.9,10878.5,
2018-01-18T13:17:00+05:30,10879,10879.4,10872.4,10872.4,
2018-01-18T13:18:00+05:30,10872.7,10877.4,10871.1,10877.2,
2018-01-18T13:19:00+05:30,10877.8,10877.9,10873.5,10875.4,
2018-01-18T13:20:00+05:30,10875.8,10877,10873.2,10874.7,
2018-01-18T13:21:00+05:30,10875.4,10876.2,10873.8,10874.5,
2018-01-18T13:22:00+05:30,10873.9,10875.5,10873.4,10874.1,
2018-01-18T13:23:00+05:30,10874,10874.1,10870.5,10871.6,
2018-01-18T13:24:00+05:30,10872.5,10872.6,10869.6,10871.9,
2018-01-18T13:25:00+05:30,10872.2,10873.5,10871.3,10872.4,
2018-01-18T13:26:00+05:30,10873,10873,10870,10870.4,
2018-01-18T13:27:00+05:30,10870.6,10877.8,10870.3,10876.6,
2018-01-18T13:28:00+05:30,10876.9,10878,10871.9,10872.8,
2018-01-18T13:29:00+05:30,10873.4,10878,10872.9,10878,
2018-01-18T13:30:00+05:30,10877.8,10878.5,10874.3,10875,
2018-01-18T13:31:00+05:30,10875.1,10879.6,10874.6,10879.3,
2018-01-18T13:32:00+05:30,10879.5,10879.9,10876,10879.5,
2018-01-18T13:33:00+05:30,10878.7,10879.2,10876.8,10876.8,
2018-01-18T13:34:00+05:30,10876.9,10877.5,10876,10876.3,
2018-01-18T13:35:00+05:30,10876.8,10876.8,10873,10873.4,
2018-01-18T13:36:00+05:30,10873.5,10876.2,10872.5,10876.1,
2018-01-18T13:37:00+05:30,10876.5,10877,10874.5,10876.1,
2018-01-18T13:38:00+05:30,10876.4,10881.5,10876.3,10881.2,
2018-01-18T13:39:00+05:30,10881.6,10884,10880.6,10884,
2018-01-18T13:40:00+05:30,10884,10885.2,10879.2,10883,
2018-01-18T13:41:00+05:30,10883.2,10883.2,10880.8,10882.8,
2018-01-18T13:42:00+05:30,10882.3,10882.3,10878.6,10879.8,
2018-01-18T13:43:00+05:30,10880,10880,10874.5,10875.9,
2018-01-18T13:44:00+05:30,10876.1,10876.2,10873.1,10875.9,
2018-01-18T13:45:00+05:30,10876.5,10878.4,10875.3,10877.7,
2018-01-18T13:46:00+05:30,10878.5,10879.1,10876.6,10878.2,
2018-01-18T13:47:00+05:30,10878.4,10878.4,10876,10877,
2018-01-18T13:48:00+05:30,10877,10879.6,10874.6,10878,
2018-01-18T13:49:00+05:30,10878.4,10879,10877,10877.8,
2018-01-18T13:50:00+05:30,10877.9,10879.5,10876.7,10877,
2018-01-18T13:51:00+05:30,10877.3,10878,10870.2,10870.9,
2018-01-18T13:52:00+05:30,10871.1,10874.7,10870.7,10874.7,
2018-01-18T13:53:00+05:30,10874.9,10875.4,10871.9,10873.3,
2018-01-18T13:54:00+05:30,10873.4,10874.8,10873,10873.1,
2018-01-18T13:55:00+05:30,10872.9,10873.8,10865.1,10865.1,
2018-01-18T13:56:00+05:30,10865.2,10868,10858.6,10858.6,
2018-01-18T13:57:00+05:30,10858.8,10861.5,10855.8,10861.1,
2018-01-18T13:58:00+05:30,10861.9,10864,10858.9,10860.2,
2018-01-18T13:59:00+05:30,10860.1,10860.7,10856,10856.4,
2018-01-18T14:00:00+05:30,10856.7,10859.1,10855.4,10858.7,
2018-01-18T14:01:00+05:30,10859.2,10860.5,10854.5,10854.5,
2018-01-18T14:02:00+05:30,10854.8,10855.9,10850.4,10854,
2018-01-18T14:03:00+05:30,10853.9,10855.4,10848.3,10850.2,
2018-01-18T14:04:00+05:30,10850.5,10852.1,10849.5,10850.9,
2018-01-18T14:05:00+05:30,10850.8,10857.5,10850.8,10857.5,
2018-01-18T14:06:00+05:30,10857.6,10858.8,10854.5,10855,
2018-01-18T14:07:00+05:30,10855,10857,10852.8,10852.9,
2018-01-18T14:08:00+05:30,10853.2,10855.2,10850,10855.2,
2018-01-18T14:09:00+05:30,10855.5,10856.8,10853.2,10854.4,
2018-01-18T14:10:00+05:30,10854.2,10860,10854.2,10859.4,
2018-01-18T14:11:00+05:30,10859.6,10863.2,10858,10861.9,
2018-01-18T14:12:00+05:30,10860.6,10862.4,10859.8,10862,
2018-01-18T14:13:00+05:30,10862.5,10863.8,10860.1,10861.7,
2018-01-18T14:14:00+05:30,10862.1,10864.2,10860.8,10861.6,
2018-01-18T14:15:00+05:30,10861.2,10862.2,10856.1,10861,
2018-01-18T14:16:00+05:30,10860.9,10862,10853.6,10855,
2018-01-18T14:17:00+05:30,10855.3,10857,10855,10856.5,
2018-01-18T14:18:00+05:30,10856.5,10857.7,10854.3,10854.8,
2018-01-18T14:19:00+05:30,10854.8,10855.8,10853.8,10854.6,
2018-01-18T14:20:00+05:30,10855,10858.8,10854.4,10854.6,
2018-01-18T14:21:00+05:30,10854.8,10855.8,10852.5,10853.4,
2018-01-18T14:22:00+05:30,10853.5,10856,10851.1,10852,
2018-01-18T14:23:00+05:30,10851.4,10851.5,10844.3,10845.5,
2018-01-18T14:24:00+05:30,10845.9,10847.6,10837.1,10837.2,
2018-01-18T14:25:00+05:30,10838,10841.6,10836.9,10837.5,
2018-01-18T14:26:00+05:30,10837.4,10838.9,10832.4,10833.1,
2018-01-18T14:27:00+05:30,10833,10845.1,10832.6,10842.9,
2018-01-18T14:28:00+05:30,10841.9,10841.9,10836.9,10837.9,
2018-01-18T14:29:00+05:30,10838.3,10845.4,10838.3,10844.8,
2018-01-18T14:30:00+05:30,10843.9,10850.5,10843.9,10847.5,
2018-01-18T14:31:00+05:30,10847.5,10854.4,10847.5,10849,
2018-01-18T14:32:00+05:30,10848.8,10850.3,10847.6,10848,
2018-01-18T14:33:00+05:30,10848,10848.5,10838,10838.5,
2018-01-18T14:34:00+05:30,10838.5,10839.9,10833.3,10833.3,
2018-01-18T14:35:00+05:30,10833.5,10835.5,10824.1,10824.1,
2018-01-18T14:36:00+05:30,10823.9,10824.6,10819.5,10820.1,
2018-01-18T14:37:00+05:30,10819.9,10825.4,10817.8,10825.4,
2018-01-18T14:38:00+05:30,10824.7,10828.5,10824.1,10825.1,
2018-01-18T14:39:00+05:30,10826.2,10830.9,10824,10824.8,
2018-01-18T14:40:00+05:30,10824.9,10831.4,10824.9,10831.4,
2018-01-18T14:41:00+05:30,10831.4,10831.4,10825.3,10829,
2018-01-18T14:42:00+05:30,10829.5,10833.2,10825.8,10827.4,
2018-01-18T14:43:00+05:30,10827.5,10833.9,10825.5,10833.8,
2018-01-18T14:44:00+05:30,10833.9,10835.1,10829.5,10829.9,
2018-01-18T14:45:00+05:30,10829.5,10832.1,10829.2,10830.7,
2018-01-18T14:46:00+05:30,10831.4,10833,10822.8,10823.4,
2018-01-18T14:47:00+05:30,10824.2,10825.1,10817,10817,
2018-01-18T14:48:00+05:30,10816.8,10817.8,10811.8,10814,
2018-01-18T14:49:00+05:30,10814.1,10814.3,10805.2,10805.2,
2018-01-18T14:50:00+05:30,10804.4,10806.5,10792.9,10793.5,
2018-01-18T14:51:00+05:30,10793.8,10797.6,10793.8,10795.5,
2018-01-18T14:52:00+05:30,10796.4,10798.4,10790,10790.4,
2018-01-18T14:53:00+05:30,10789.3,10791.4,10783.2,10783.4,
2018-01-18T14:54:00+05:30,10783,10795.2,10783,10794.9,
2018-01-18T14:55:00+05:30,10796.2,10798.9,10794.9,10797.3,
2018-01-18T14:56:00+05:30,10798,10807,10798,10806.5,
2018-01-18T14:57:00+05:30,10806.5,10809.5,10805.2,10805.8,
2018-01-18T14:58:00+05:30,10806.2,10811,10799.5,10801.5,
2018-01-18T14:59:00+05:30,10801,10807.5,10799.5,10805,
2018-01-18T15:00:00+05:30,10805.1,10805.1,10795,10803.8,
2018-01-18T15:01:00+05:30,10803.8,10804.9,10798.8,10802.8,
2018-01-18T15:02:00+05:30,10803.5,10806,10801.4,10803.5,
2018-01-18T15:03:00+05:30,10804,10806.2,10801.8,10806.2,
2018-01-18T15:04:00+05:30,10806.4,10813.4,10806.4,10812.5,
2018-01-18T15:05:00+05:30,10813.2,10814.8,10811.4,10814.7,
2018-01-18T15:06:00+05:30,10815.1,10819.5,10814.8,10819.5,
2018-01-18T15:07:00+05:30,10819.7,10822,10814.9,10815.3,
2018-01-18T15:08:00+05:30,10814.5,10816,10811.4,10811.8,
2018-01-18T15:09:00+05:30,10811.8,10819.4,10811,10815.7,
2018-01-18T15:10:00+05:30,10815.9,10818,10814.9,10817.2,
2018-01-18T15:11:00+05:30,10816.4,10817.2,10810.5,10816.4,
2018-01-18T15:12:00+05:30,10815.8,10818.5,10813.8,10817.6,
2018-01-18T15:13:00+05:30,10817.5,10818.8,10814,10815.5,
2018-01-18T15:14:00+05:30,10815.6,10817,10813,10816.8,
2018-01-18T15:15:00+05:30,10816.6,10819.2,10815,10818.2,
2018-01-18T15:16:00+05:30,10819,10822.9,10818.5,10822.5,
2018-01-18T15:17:00+05:30,10822.8,10827.2,10821.2,10827.2,
2018-01-18T15:18:00+05:30,10827.2,10827.2,10825.1,10825.8,
2018-01-18T15:19:00+05:30,10825.7,10826,10822.2,10822.5,
2018-01-18T15:20:00+05:30,10823.1,10824.3,10820,10821,
2018-01-18T15:21:00+05:30,10821,10821,10817,10818.5,
2018-01-18T15:22:00+05:30,10817.8,10818.2,10809.8,10809.8,
2018-01-18T15:23:00+05:30,10809,10817.3,10809,10816.9,
2018-01-18T15:24:00+05:30,10816.9,10818,10816,10817.1,
2018-01-18T15:25:00+05:30,10816.1,10817.2,10814.8,10816.5,
2018-01-18T15:26:00+05:30,10817,10817.6,10814.5,10815.5,
2018-01-18T15:27:00+05:30,10815,10816.8,10814.4,10816,
2018-01-18T15:28:00+05:30,10816.2,10820.5,10815.2,10817.4,
2018-01-18T15:29:00+05:30,10817.6,10827.3,10817.6,10822.1,
2018-01-19T09:15:00+05:30,10829.2,10841.7,10829.2,10837,
2018-01-19T09:16:00+05:30,10837.9,10838.5,10825,10826.3,
2018-01-19T09:17:00+05:30,10826.1,10828.2,10822.1,10825.8,
2018-01-19T09:18:00+05:30,10826.5,10826.5,10813,10814,
2018-01-19T09:19:00+05:30,10813.2,10814.4,10809.2,10813.1,
2018-01-19T09:20:00+05:30,10813.2,10822.5,10813.2,10822.2,
2018-01-19T09:21:00+05:30,10821.2,10822.4,10818.6,10819.3,
2018-01-19T09:22:00+05:30,10818.6,10818.6,10813.8,10817.8,
2018-01-19T09:23:00+05:30,10818.2,10823.1,10817.9,10820,
2018-01-19T09:24:00+05:30,10819.1,10824.1,10818.8,10824.1,
2018-01-19T09:25:00+05:30,10823.5,10824,10816.7,10817.5,
2018-01-19T09:26:00+05:30,10817.4,10820.5,10816.4,10819.4,
2018-01-19T09:27:00+05:30,10819.4,10824.2,10818.1,10824.2,
2018-01-19T09:28:00+05:30,10824.5,10826.1,10823.7,10824.8,
2018-01-19T09:29:00+05:30,10825,10827.1,10825,10827,
2018-01-19T09:30:00+05:30,10827.2,10827.5,10821,10821.8,
2018-01-19T09:31:00+05:30,10821.6,10824.6,10821.5,10823.9,
2018-01-19T09:32:00+05:30,10824.6,10830.5,10824.6,10827.4,
2018-01-19T09:33:00+05:30,10827.9,10829.6,10825.7,10828,
2018-01-19T09:34:00+05:30,10827.6,10828.6,10826.6,10826.6,
2018-01-19T09:35:00+05:30,10826.6,10830.9,10826.4,10829.9,
2018-01-19T09:36:00+05:30,10829.9,10830.4,10823.7,10823.8,
2018-01-19T09:37:00+05:30,10824.1,10824.1,10819.3,10822,
2018-01-19T09:38:00+05:30,10821.2,10826.5,10820.6,10824.1,
2018-01-19T09:39:00+05:30,10824,10824,10817.7,10818.8,
2018-01-19T09:40:00+05:30,10818.8,10819,10812,10812.4,
2018-01-19T09:41:00+05:30,10812.3,10812.3,10803.5,10804.6,
2018-01-19T09:42:00+05:30,10804,10804.6,10795.3,10795.3,
2018-01-19T09:43:00+05:30,10795.2,10797.7,10794,10795.9,
2018-01-19T09:44:00+05:30,10795.7,10799.6,10795.7,10799.6,
2018-01-19T09:45:00+05:30,10800,10806.4,10800,10801.2,
2018-01-19T09:46:00+05:30,10801.2,10808.2,10801.2,10808.2,
2018-01-19T09:47:00+05:30,10808.3,10810,10806.6,10806.6,
2018-01-19T09:48:00+05:30,10806.6,10810.1,10805.7,10808.1,
2018-01-19T09:49:00+05:30,10808.5,10811.6,10808.5,10810.8,
2018-01-19T09:50:00+05:30,10810.5,10816,10810.4,10815.2,
2018-01-19T09:51:00+05:30,10815.5,10820.2,10813.1,10818.7,
2018-01-19T09:52:00+05:30,10818,10822.4,10817.2,10822.4,
2018-01-19T09:53:00+05:30,10823.5,10826.5,10820.5,10823.9,
2018-01-19T09:54:00+05:30,10824.5,10826.7,10822.5,10826,
2018-01-19T09:55:00+05:30,10825.4,10827.7,10824.3,10826.6,
2018-01-19T09:56:00+05:30,10827,10832,10825,10831.2,
2018-01-19T09:57:00+05:30,10831.3,10836,10830.6,10830.6,
2018-01-19T09:58:00+05:30,10830.9,10832.2,10826.6,10832.2,
2018-01-19T09:59:00+05:30,10831.9,10833.3,10825.8,10825.8,
2018-01-19T10:00:00+05:30,10825.9,10826.1,10821.6,10822.6,
2018-01-19T10:01:00+05:30,10822.3,10830,10822.3,10829.9,
2018-01-19T10:02:00+05:30,10829.9,10830.6,10827,10827.1,
2018-01-19T10:03:00+05:30,10827.1,10836.8,10827.1,10836.8,
2018-01-19T10:04:00+05:30,10836.8,10843.9,10836.8,10843.8,
2018-01-19T10:05:00+05:30,10843.4,10845.6,10840.9,10841.8,
2018-01-19T10:06:00+05:30,10842.1,10845.7,10841,10845.3,
2018-01-19T10:07:00+05:30,10844.6,10845,10836.5,10836.7,
2018-01-19T10:08:00+05:30,10836.2,10840.8,10834,10840.8,
2018-01-19T10:09:00+05:30,10840.7,10841,10836,10836.6,
2018-01-19T10:10:00+05:30,10836.4,10845,10836.4,10841,
2018-01-19T10:11:00+05:30,10841,10843.4,10839,10843.4,
2018-01-19T10:12:00+05:30,10843.4,10848.2,10843.4,10848.2,
2018-01-19T10:13:00+05:30,10847.9,10851.9,10847.5,10849.1,
2018-01-19T10:14:00+05:30,10849.2,10852.2,10849.2,10850.8,
2018-01-19T10:15:00+05:30,10850.6,10851.1,10848,10850.3,
2018-01-19T10:16:00+05:30,10850.5,10851.5,10849.4,10850.5,
2018-01-19T10:17:00+05:30,10851,10853.2,10849.3,10850.7,
2018-01-19T10:18:00+05:30,10851,10856.8,10850.6,10854.1,
2018-01-19T10:19:00+05:30,10854.1,10854.9,10851.5,10853.5,
2018-01-19T10:20:00+05:30,10853,10854.1,10850.6,10851.4,
2018-01-19T10:21:00+05:30,10851.4,10852.5,10849.2,10849.2,
2018-01-19T10:22:00+05:30,10849.8,10853.5,10849.4,10849.5,
2018-01-19T10:23:00+05:30,10849.9,10856,10849.8,10854,
2018-01-19T10:24:00+05:30,10854,10856.9,10854,10856,
2018-01-19T10:25:00+05:30,10855.6,10857.5,10855.5,10855.5,
2018-01-19T10:26:00+05:30,10855.9,10856.1,10847.6,10851.6,
2018-01-19T10:27:00+05:30,10851.1,10853,10848.9,10849.6,
2018-01-19T10:28:00+05:30,10848.9,10852.4,10848.1,10852.4,
2018-01-19T10:29:00+05:30,10853.1,10854.1,10850.5,10852.1,
2018-01-19T10:30:00+05:30,10852.8,10854.6,10851.4,10851.4,
2018-01-19T10:31:00+05:30,10851,10851.5,10848.9,10849.5,
2018-01-19T10:32:00+05:30,10849.7,10849.7,10847.1,10847.4,
2018-01-19T10:33:00+05:30,10847.6,10847.6,10843.6,10843.9,
2018-01-19T10:34:00+05:30,10843.9,10848,10843,10847.6,
2018-01-19T10:35:00+05:30,10847.5,10848.3,10846,10846.4,
2018-01-19T10:36:00+05:30,10846.6,10847.1,10845.9,10846.6,
2018-01-19T10:37:00+05:30,10846.8,10847,10844.8,10844.8,
2018-01-19T10:38:00+05:30,10845,10845.1,10842,10843,
2018-01-19T10:39:00+05:30,10843,10845.6,10842.8,10844.9,
2018-01-19T10:40:00+05:30,10844.9,10846.3,10843.8,10846,
2018-01-19T10:41:00+05:30,10846.7,10853.3,10846.7,10848.4,
2018-01-19T10:42:00+05:30,10848,10849,10847.6,10849,
2018-01-19T10:43:00+05:30,10849.2,10853,10849.2,10852.5,
2018-01-19T10:44:00+05:30,10852,10852,10847.1,10847.9,
2018-01-19T10:45:00+05:30,10847.6,10851.2,10847.5,10850.6,
2018-01-19T10:46:00+05:30,10850.8,10853.8,10850,10853.5,
2018-01-19T10:47:00+05:30,10853.8,10854,10851.7,10854,
2018-01-19T10:48:00+05:30,10853.9,10855.2,10853.7,10855.1,
2018-01-19T10:49:00+05:30,10855.1,10855.1,10848.2,10848.4,
2018-01-19T10:50:00+05:30,10848.6,10850.5,10848.4,10850.5,
2018-01-19T10:51:00+05:30,10850.4,10853.5,10850.1,10853.4,
2018-01-19T10:52:00+05:30,10853.6,10854.5,10850.7,10851.3,
2018-01-19T10:53:00+05:30,10851.4,10852.9,10851.4,10852.3,
2018-01-19T10:54:00+05:30,10852.1,10852.5,10850.2,10850.8,
2018-01-19T10:55:00+05:30,10850.8,10851.6,10847.6,10848,
2018-01-19T10:56:00+05:30,10847.7,10850.5,10847.7,10849,
2018-01-19T10:57:00+05:30,10849.2,10851,10847.7,10850.4,
2018-01-19T10:58:00+05:30,10850.9,10851.8,10849.8,10850.4,
2018-01-19T10:59:00+05:30,10850.4,10851.8,10849.8,10851.3,
2018-01-19T11:00:00+05:30,10851.2,10854.1,10851.2,10852.6,
2018-01-19T11:01:00+05:30,10852.1,10854.1,10850.9,10853,
2018-01-19T11:02:00+05:30,10853.6,10855.6,10851.8,10851.9,
2018-01-19T11:03:00+05:30,10852.8,10854.5,10852.2,10853.1,
2018-01-19T11:04:00+05:30,10852.9,10853,10849.5,10850.1,
2018-01-19T11:05:00+05:30,10850,10851.2,10849.4,10850.3,
2018-01-19T11:06:00+05:30,10850,10850.5,10848.7,10848.8,
2018-01-19T11:07:00+05:30,10848.8,10853.4,10847.8,10853.4,
2018-01-19T11:08:00+05:30,10852.9,10853.9,10851.5,10853.9,
2018-01-19T11:09:00+05:30,10853.9,10855.5,10853,10855,
2018-01-19T11:10:00+05:30,10854.6,10855.6,10853.9,10855.3,
2018-01-19T11:11:00+05:30,10855.2,10856.5,10851.8,10852.3,
2018-01-19T11:12:00+05:30,10852.4,10852.7,10851.1,10852.7,
2018-01-19T11:13:00+05:30,10852.6,10853.4,10851.4,10853,
2018-01-19T11:14:00+05:30,10852.5,10852.9,10850,10851.8,
2018-01-19T11:15:00+05:30,10851.5,10852.2,10850.8,10851,
2018-01-19T11:16:00+05:30,10851.4,10852.4,10851.2,10852.1,
2018-01-19T11:17:00+05:30,10851.7,10852.3,10851.2,10851.6,
2018-01-19T11:18:00+05:30,10851.8,10851.8,10846.4,10846.7,
2018-01-19T11:19:00+05:30,10846.6,10846.6,10843,10843.1,
2018-01-19T11:20:00+05:30,10843.4,10844.6,10842,10844.5,
2018-01-19T11:21:00+05:30,10845,10850.9,10845,10848.8,
2018-01-19T11:22:00+05:30,10849.5,10849.5,10847.5,10848.3,
2018-01-19T11:23:00+05:30,10848,10848.1,10846.5,10847.8,
2018-01-19T11:24:00+05:30,10847.8,10847.8,10842.4,10842.9,
2018-01-19T11:25:00+05:30,10842.9,10845.5,10842.6,10845.3,
2018-01-19T11:26:00+05:30,10846.1,10847.5,10845.1,10845.1,
2018-01-19T11:27:00+05:30,10845.1,10845.6,10841.8,10842,
2018-01-19T11:28:00+05:30,10841.5,10844,10840.2,10843.5,
2018-01-19T11:29:00+05:30,10843.7,10845.4,10843.1,10843.5,
2018-01-19T11:30:00+05:30,10844,10848.4,10843.4,10847.7,
2018-01-19T11:31:00+05:30,10848,10849,10847.2,10849,
2018-01-19T11:32:00+05:30,10848.8,10850,10848.3,10848.8,
2018-01-19T11:33:00+05:30,10848.9,10852.7,10848.9,10849.8,
2018-01-19T11:34:00+05:30,10849.5,10853.4,10848.6,10853.4,
2018-01-19T11:35:00+05:30,10853.3,10853.5,10850.4,10852.5,
2018-01-19T11:36:00+05:30,10852.1,10852.1,10849,10849.5,
2018-01-19T11:37:00+05:30,10849.5,10850.9,10848.8,10849,
2018-01-19T11:38:00+05:30,10848.6,10848.6,10845.5,10845.7,
2018-01-19T11:39:00+05:30,10846,10846,10840.2,10840.9,
2018-01-19T11:40:00+05:30,10841.1,10843,10840.1,10840.4,
2018-01-19T11:41:00+05:30,10840.5,10845.4,10840.1,10845.4,
2018-01-19T11:42:00+05:30,10844.6,10850.1,10844.6,10848.8,
2018-01-19T11:43:00+05:30,10848.8,10850,10848.3,10849.4,
2018-01-19T11:44:00+05:30,10849.8,10851.8,10849.6,10851.1,
2018-01-19T11:45:00+05:30,10851.2,10853.5,10850,10853.5,
2018-01-19T11:46:00+05:30,10853.1,10853.5,10849.4,10850.2,
2018-01-19T11:47:00+05:30,10850,10851,10846.2,10847.1,
2018-01-19T11:48:00+05:30,10846.7,10850.1,10846.6,10848.2,
2018-01-19T11:49:00+05:30,10849.1,10850.5,10849.1,10849.8,
2018-01-19T11:50:00+05:30,10849.5,10850,10847.5,10848,
2018-01-19T11:51:00+05:30,10848.1,10849.8,10847.3,10847.6,
2018-01-19T11:52:00+05:30,10848.1,10848.1,10846.5,10846.7,
2018-01-19T11:53:00+05:30,10846.9,10847.2,10844.1,10844.1,
2018-01-19T11:54:00+05:30,10844.1,10846,10843.8,10845.5,
2018-01-19T11:55:00+05:30,10845.2,10845.6,10844.1,10845.5,
2018-01-19T11:56:00+05:30,10845.1,10849.2,10845.1,10849,
2018-01-19T11:57:00+05:30,10849,10850.1,10849,10849,
2018-01-19T11:58:00+05:30,10848.8,10849.3,10843.1,10843.1,
2018-01-19T11:59:00+05:30,10843.1,10847.3,10842.4,10846.9,
2018-01-19T12:00:00+05:30,10846.4,10846.4,10843.4,10845.8,
2018-01-19T12:01:00+05:30,10845.9,10850.5,10841.5,10842.1,
2018-01-19T12:02:00+05:30,10842.4,10844.6,10842,10843.3,
2018-01-19T12:03:00+05:30,10843.5,10846.7,10842.9,10846.5,
2018-01-19T12:04:00+05:30,10847.2,10847.5,10844.2,10844.9,
2018-01-19T12:05:00+05:30,10843.7,10844.5,10843,10843.6,
2018-01-19T12:06:00+05:30,10843.6,10844.5,10840.9,10842.4,
2018-01-19T12:07:00+05:30,10842.7,10842.7,10840,10840.8,
2018-01-19T12:08:00+05:30,10840.6,10841,10839.1,10840.6,
2018-01-19T12:09:00+05:30,10840.8,10841,10839.8,10839.8,
2018-01-19T12:10:00+05:30,10840.7,10840.7,10833.4,10833.5,
2018-01-19T12:11:00+05:30,10833.7,10838.4,10833.2,10837.5,
2018-01-19T12:12:00+05:30,10837.8,10838.6,10834.8,10836.6,
2018-01-19T12:13:00+05:30,10836.4,10839,10836,10838.7,
2018-01-19T12:14:00+05:30,10838,10839.1,10835.9,10838.7,
2018-01-19T12:15:00+05:30,10838.8,10840.9,10838.6,10839,
2018-01-19T12:16:00+05:30,10839.8,10841.8,10839.1,10840.4,
2018-01-19T12:17:00+05:30,10840.3,10840.3,10836.5,10836.5,
2018-01-19T12:18:00+05:30,10837.3,10837.3,10830.2,10831.7,
2018-01-19T12:19:00+05:30,10831.9,10834.9,10830.8,10834.6,
2018-01-19T12:20:00+05:30,10834.5,10836.6,10834.5,10835.1,
2018-01-19T12:21:00+05:30,10834.9,10834.9,10827.2,10827.8,
2018-01-19T12:22:00+05:30,10828,10832.2,10827.6,10831.3,
2018-01-19T12:23:00+05:30,10831.8,10834,10831.1,10833.1,
2018-01-19T12:24:00+05:30,10833.9,10835.2,10833,10833.2,
2018-01-19T12:25:00+05:30,10832.8,10833,10829.9,10830,
2018-01-19T12:26:00+05:30,10830,10830.3,10828.3,10828.5,
2018-01-19T12:27:00+05:30,10828.5,10829.8,10827.8,10828,
2018-01-19T12:28:00+05:30,10828.1,10828.2,10821.5,10821.5,
2018-01-19T12:29:00+05:30,10821.5,10821.5,10818.1,10820.3,
2018-01-19T12:30:00+05:30,10820.5,10827.6,10820.5,10826,
2018-01-19T12:31:00+05:30,10826.4,10830,10826.4,10828.7,
2018-01-19T12:32:00+05:30,10829.1,10830,10828.6,10829.7,
2018-01-19T12:33:00+05:30,10829.9,10832.6,10829.3,10832.6,
2018-01-19T12:34:00+05:30,10832.5,10833.2,10828.2,10829.1,
2018-01-19T12:35:00+05:30,10829,10831.6,10829,10831.5,
2018-01-19T12:36:00+05:30,10831.5,10833.5,10830.1,10833.2,
2018-01-19T12:37:00+05:30,10832.8,10836.2,10832.8,10835.2,
2018-01-19T12:38:00+05:30,10835.2,10837.1,10835.1,10836.1,
2018-01-19T12:39:00+05:30,10836,10836.4,10834.7,10836.4,
2018-01-19T12:40:00+05:30,10835.9,10840.3,10835.6,10838.1,
2018-01-19T12:41:00+05:30,10838.3,10838.9,10833,10834.1,
2018-01-19T12:42:00+05:30,10834.2,10835.8,10832.9,10835,
2018-01-19T12:43:00+05:30,10835.2,10835.5,10831.3,10833.7,
2018-01-19T12:44:00+05:30,10833.5,10833.5,10827.1,10827.4,
2018-01-19T12:45:00+05:30,10828.1,10831.8,10826.9,10830.5,
2018-01-19T12:46:00+05:30,10829.5,10831.8,10828.6,10828.6,
2018-01-19T12:47:00+05:30,10828.6,10829.1,10826,10826.5,
2018-01-19T12:48:00+05:30,10826.1,10828.3,10825.4,10827,
2018-01-19T12:49:00+05:30,10827.5,10828,10825,10827,
2018-01-19T12:50:00+05:30,10827.1,10828.1,10825.8,10826.5,
2018-01-19T12:51:00+05:30,10826.2,10827,10824.4,10825.3,
2018-01-19T12:52:00+05:30,10825.2,10826.1,10824.2,10825,
2018-01-19T12:53:00+05:30,10825.5,10830.9,10825.1,10830.8,
2018-01-19T12:54:00+05:30,10831.2,10832.4,10824.4,10824.4,
2018-01-19T12:55:00+05:30,10823.3,10824.2,10817.2,10818.8,
2018-01-19T12:56:00+05:30,10818.9,10822.3,10817.7,10822,
2018-01-19T12:57:00+05:30,10821.9,10828.9,10821.6,10827.7,
2018-01-19T12:58:00+05:30,10828.2,10829.9,10826.6,10828,
2018-01-19T12:59:00+05:30,10828,10829.1,10825.8,10827,
2018-01-19T13:00:00+05:30,10827.1,10829.6,10825.8,10828.5,
2018-01-19T13:01:00+05:30,10828.5,10829.6,10827.8,10828.8,
2018-01-19T13:02:00+05:30,10829.2,10829.5,10825.5,10826.3,
2018-01-19T13:03:00+05:30,10826.5,10835.3,10826.5,10829.8,
2018-01-19T13:04:00+05:30,10829.5,10833.4,10829.3,10829.3,
2018-01-19T13:05:00+05:30,10829.4,10832,10828.2,10829.4,
2018-01-19T13:06:00+05:30,10829.6,10832.5,10829.2,10832.2,
2018-01-19T13:07:00+05:30,10832,10833.5,10828.2,10828.3,
2018-01-19T13:08:00+05:30,10828.1,10828.5,10825.4,10828.1,
2018-01-19T13:09:00+05:30,10828.4,10829,10826.8,10829,
2018-01-19T13:10:00+05:30,10829.1,10829.6,10827.2,10828.5,
2018-01-19T13:11:00+05:30,10828.4,10830,10827.9,10828.3,
2018-01-19T13:12:00+05:30,10828.1,10829.1,10827.1,10828.2,
2018-01-19T13:13:00+05:30,10827.6,10827.6,10825.4,10825.6,
2018-01-19T13:14:00+05:30,10825.5,10827.7,10824.8,10827.4,
2018-01-19T13:15:00+05:30,10827.6,10829.2,10827.4,10828.7,
2018-01-19T13:16:00+05:30,10828.6,10832.4,10828.6,10832.1,
2018-01-19T13:17:00+05:30,10832.4,10833.3,10830.5,10830.8,
2018-01-19T13:18:00+05:30,10830.4,10832,10830.1,10831.8,
2018-01-19T13:19:00+05:30,10831.4,10833.8,10831.1,10832.8,
2018-01-19T13:20:00+05:30,10832.5,10834.8,10830.7,10831.2,
2018-01-19T13:21:00+05:30,10832.1,10833.8,10830.8,10831.2,
2018-01-19T13:22:00+05:30,10831,10831.5,10829.3,10831.4,
2018-01-19T13:23:00+05:30,10831.5,10833.1,10830.8,10830.9,
2018-01-19T13:24:00+05:30,10830.7,10835.5,10830.7,10834.7,
2018-01-19T13:25:00+05:30,10835.5,10835.8,10833.6,10833.8,
2018-01-19T13:26:00+05:30,10834.3,10836.1,10834,10835.5,
2018-01-19T13:27:00+05:30,10835.5,10839.9,10835.4,10839.1,
2018-01-19T13:28:00+05:30,10839.2,10840.4,10836.7,10838,
2018-01-19T13:29:00+05:30,10837.8,10839,10837.6,10838,
2018-01-19T13:30:00+05:30,10837.9,10841.1,10837.6,10840.4,
2018-01-19T13:31:00+05:30,10840.1,10840.1,10836.5,10836.6,
2018-01-19T13:32:00+05:30,10835.5,10835.5,10830.6,10831.9,
2018-01-19T13:33:00+05:30,10831.4,10833.5,10830,10832.8,
2018-01-19T13:34:00+05:30,10832,10832.5,10831.6,10832.4,
2018-01-19T13:35:00+05:30,10832.5,10834.4,10830.9,10831.5,
2018-01-19T13:36:00+05:30,10831.9,10832.3,10830.2,10831,
2018-01-19T13:37:00+05:30,10830.6,10831.8,10827.9,10828.3,
2018-01-19T13:38:00+05:30,10827.6,10827.6,10825.3,10826.4,
2018-01-19T13:39:00+05:30,10826,10826.8,10824.4,10825,
2018-01-19T13:40:00+05:30,10824.6,10824.8,10818,10821.5,
2018-01-19T13:41:00+05:30,10821.1,10822.8,10819.4,10822.5,
2018-01-19T13:42:00+05:30,10822.5,10829.9,10822.1,10826.1,
2018-01-19T13:43:00+05:30,10825.6,10825.6,10821.1,10821.6,
2018-01-19T13:44:00+05:30,10821.4,10827,10820.8,10827,
2018-01-19T13:45:00+05:30,10826.7,10828,10823.7,10826.2,
2018-01-19T13:46:00+05:30,10826.1,10826.4,10821.9,10825.2,
2018-01-19T13:47:00+05:30,10825.5,10827,10824.5,10825.5,
2018-01-19T13:48:00+05:30,10824.8,10826,10824.3,10825.5,
2018-01-19T13:49:00+05:30,10825,10830.4,10825,10830.3,
2018-01-19T13:50:00+05:30,10830,10832.6,10827.8,10832.6,
2018-01-19T13:51:00+05:30,10832,10840.2,10831.9,10840.2,
2018-01-19T13:52:00+05:30,10841.1,10843,10838,10842.5,
2018-01-19T13:53:00+05:30,10842.5,10843.1,10838.1,10840.5,
2018-01-19T13:54:00+05:30,10840,10841.8,10834.6,10839,
2018-01-19T13:55:00+05:30,10838.9,10840.6,10833.6,10833.6,
2018-01-19T13:56:00+05:30,10834,10840.2,10833.1,10839.9,
2018-01-19T13:57:00+05:30,10840.5,10841.5,10833.9,10836,
2018-01-19T13:58:00+05:30,10836.2,10837.4,10831.9,10832.2,
2018-01-19T13:59:00+05:30,10831.8,10834,10830.2,10830.5,
2018-01-19T14:00:00+05:30,10830.5,10834.9,10830.5,10833.6,
2018-01-19T14:01:00+05:30,10833.5,10835.9,10832,10832.5,
2018-01-19T14:02:00+05:30,10832.6,10834.4,10830.1,10833.3,
2018-01-19T14:03:00+05:30,10833,10835.5,10832.2,10833.8,
2018-01-19T14:04:00+05:30,10833.8,10835.4,10832.6,10835.4,
2018-01-19T14:05:00+05:30,10836.5,10840.2,10836.5,10837.5,
2018-01-19T14:06:00+05:30,10837.5,10838.8,10836.6,10837.6,
2018-01-19T14:07:00+05:30,10837.8,10839.4,10834,10834.4,
2018-01-19T14:08:00+05:30,10834.3,10836.5,10834.3,10835.6,
2018-01-19T14:09:00+05:30,10835.9,10837.5,10835,10837,
2018-01-19T14:10:00+05:30,10836.7,10839.2,10836.7,10838.4,
2018-01-19T14:11:00+05:30,10838.1,10839.9,10836.6,10837.6,
2018-01-19T14:12:00+05:30,10837.5,10839.9,10832.5,10832.7,
2018-01-19T14:13:00+05:30,10833.2,10836.1,10831.8,10831.8,
2018-01-19T14:14:00+05:30,10832.2,10833.5,10829.5,10829.5,
2018-01-19T14:15:00+05:30,10829.5,10835.1,10829.5,10834.9,
2018-01-19T14:16:00+05:30,10834.8,10836.5,10834.2,10835.5,
2018-01-19T14:17:00+05:30,10835.3,10841,10835.3,10838.5,
2018-01-19T14:18:00+05:30,10838.5,10840.1,10835.8,10837.2,
2018-01-19T14:19:00+05:30,10837.3,10838.5,10835.6,10836.8,
2018-01-19T14:20:00+05:30,10837.5,10838.9,10834.8,10834.9,
2018-01-19T14:21:00+05:30,10835,10837.6,10835,10837.3,
2018-01-19T14:22:00+05:30,10837.4,10840.1,10835.8,10836.5,
2018-01-19T14:23:00+05:30,10836.9,10837.5,10831.9,10832.2,
2018-01-19T14:24:00+05:30,10832.4,10835.5,10832.4,10835,
2018-01-19T14:25:00+05:30,10835.2,10837,10834.1,10834.7,
2018-01-19T14:26:00+05:30,10834.5,10836.4,10831,10831.6,
2018-01-19T14:27:00+05:30,10831.6,10832.6,10825.5,10825.5,
2018-01-19T14:28:00+05:30,10825.3,10834.2,10825.3,10833.5,
2018-01-19T14:29:00+05:30,10833.2,10836.1,10833.2,10835.7,
2018-01-19T14:30:00+05:30,10835.6,10842.5,10835.6,10842.5,
2018-01-19T14:31:00+05:30,10842,10848.5,10842,10848.3,
2018-01-19T14:32:00+05:30,10849.3,10850.2,10846,10848.9,
2018-01-19T14:33:00+05:30,10848.9,10860.4,10848.9,10858.5,
2018-01-19T14:34:00+05:30,10859.2,10861,10855.9,10856.6,
2018-01-19T14:35:00+05:30,10856.8,10857.9,10853,10853,
2018-01-19T14:36:00+05:30,10853.5,10858,10853.5,10856.4,
2018-01-19T14:37:00+05:30,10856.5,10862.4,10856.5,10859.3,
2018-01-19T14:38:00+05:30,10859.5,10861,10857.2,10857.2,
2018-01-19T14:39:00+05:30,10857.1,10859.2,10853.2,10855.1,
2018-01-19T14:40:00+05:30,10854.9,10861.9,10854.9,10861.9,
2018-01-19T14:41:00+05:30,10861.7,10864.7,10861.7,10862.7,
2018-01-19T14:42:00+05:30,10862.8,10866,10862.8,10865,
2018-01-19T14:43:00+05:30,10864.2,10866,10860,10862.1,
2018-01-19T14:44:00+05:30,10862.1,10865.4,10860.2,10860.2,
2018-01-19T14:45:00+05:30,10860.8,10861.5,10858.2,10858.5,
2018-01-19T14:46:00+05:30,10859.3,10864.9,10859,10864.9,
2018-01-19T14:47:00+05:30,10865.2,10869,10865.2,10868.1,
2018-01-19T14:48:00+05:30,10867.9,10869.5,10865.9,10869,
2018-01-19T14:49:00+05:30,10869.4,10871.6,10867.1,10867.5,
2018-01-19T14:50:00+05:30,10867.1,10869.5,10866.4,10868.5,
2018-01-19T14:51:00+05:30,10868.4,10872,10868.4,10869.3,
2018-01-19T14:52:00+05:30,10868.9,10871.1,10868.1,10871.1,
2018-01-19T14:53:00+05:30,10870.9,10875.2,10870.1,10873,
2018-01-19T14:54:00+05:30,10873.1,10875.1,10870.2,10870.2,
2018-01-19T14:55:00+05:30,10870.7,10875.6,10870.4,10875.6,
2018-01-19T14:56:00+05:30,10876.1,10876.9,10873.5,10874.5,
2018-01-19T14:57:00+05:30,10874.6,10875.5,10869.7,10870.9,
2018-01-19T14:58:00+05:30,10870.5,10874.6,10869.1,10870.1,
2018-01-19T14:59:00+05:30,10869.9,10871.9,10868.6,10870,
2018-01-19T15:00:00+05:30,10869.8,10875.6,10869.1,10875.6,
2018-01-19T15:01:00+05:30,10875.8,10877,10874.7,10876.6,
2018-01-19T15:02:00+05:30,10876.6,10879.6,10876.6,10877.7,
2018-01-19T15:03:00+05:30,10877.8,10881.5,10876.2,10881.5,
2018-01-19T15:04:00+05:30,10881.8,10884.3,10881.8,10882.9,
2018-01-19T15:05:00+05:30,10883.1,10887.1,10882.9,10887.1,
2018-01-19T15:06:00+05:30,10886.8,10890.7,10886.8,10889.9,
2018-01-19T15:07:00+05:30,10889.9,10891.4,10889.5,10890.7,
2018-01-19T15:08:00+05:30,10891,10891.6,10888.4,10888.7,
2018-01-19T15:09:00+05:30,10888.2,10890.4,10886.8,10890.4,
2018-01-19T15:10:00+05:30,10890.5,10894.5,10889.8,10891.8,
2018-01-19T15:11:00+05:30,10892.5,10892.9,10889.3,10889.3,
2018-01-19T15:12:00+05:30,10889.1,10891.1,10885.5,10886.5,
2018-01-19T15:13:00+05:30,10886.2,10890.4,10886.2,10889.6,
2018-01-19T15:14:00+05:30,10890.4,10893.6,10890,10890.1,
2018-01-19T15:15:00+05:30,10890,10897.6,10889.2,10897.5,
2018-01-19T15:16:00+05:30,10897.6,10901.5,10896.8,10900.9,
2018-01-19T15:17:00+05:30,10900.5,10900.9,10895.4,10896.6,
2018-01-19T15:18:00+05:30,10897,10897.6,10894.5,10894.8,
2018-01-19T15:19:00+05:30,10894.5,10897.1,10893.5,10897.1,
2018-01-19T15:20:00+05:30,10897,10897.2,10895,10897.2,
2018-01-19T15:21:00+05:30,10896.9,10901.2,10896.5,10900.5,
2018-01-19T15:22:00+05:30,10900,10904.4,10898.2,10904.1,
2018-01-19T15:23:00+05:30,10904.4,10905,10903.1,10904,
2018-01-19T15:24:00+05:30,10903.9,10905.8,10903.1,10904.5,
2018-01-19T15:25:00+05:30,10904.2,10904.6,10903,10903.2,
2018-01-19T15:26:00+05:30,10903.2,10903.9,10901.8,10903.1,
2018-01-19T15:27:00+05:30,10902.9,10904.2,10901.7,10903.4,
2018-01-19T15:28:00+05:30,10903.2,10906.5,10901.5,10903.9,
2018-01-19T15:29:00+05:30,10904,10905,10899.4,10900,
2018-01-22T09:15:00+05:30,10883.2,10925.1,10883.2,10923.5,
2018-01-22T09:16:00+05:30,10923.7,10926,10913.7,10913.8,
2018-01-22T09:17:00+05:30,10913.2,10914.4,10904.1,10904.1,
2018-01-22T09:18:00+05:30,10905.1,10905.1,10899.2,10903.5,
2018-01-22T09:19:00+05:30,10902.9,10906.1,10898.5,10903.7,
2018-01-22T09:20:00+05:30,10902.4,10906.6,10895.7,10903,
2018-01-22T09:21:00+05:30,10902,10907.7,10900.1,10907.2,
2018-01-22T09:22:00+05:30,10907,10910.2,10902.5,10906.8,
2018-01-22T09:23:00+05:30,10905.8,10912,10902.3,10911.5,
2018-01-22T09:24:00+05:30,10911,10913.6,10906.5,10907.1,
2018-01-22T09:25:00+05:30,10907,10908.6,10905.8,10906,
2018-01-22T09:26:00+05:30,10906,10909.2,10902.5,10908.4,
2018-01-22T09:27:00+05:30,10908,10912.8,10908,10912.5,
2018-01-22T09:28:00+05:30,10912.4,10913.5,10910.2,10911,
2018-01-22T09:29:00+05:30,10911,10917.1,10909.7,10916.5,
2018-01-22T09:30:00+05:30,10916.8,10917.1,10910.1,10910.1,
2018-01-22T09:31:00+05:30,10910.5,10917.4,10910.1,10915.3,
2018-01-22T09:32:00+05:30,10916.1,10918.8,10914.9,10914.9,
2018-01-22T09:33:00+05:30,10914.1,10914.4,10911.8,10913.6,
2018-01-22T09:34:00+05:30,10912.9,10913.4,10908.4,10909.9,
2018-01-22T09:35:00+05:30,10909.2,10911,10908.4,10908.8,
2018-01-22T09:36:00+05:30,10908.4,10910.4,10907.2,10907.5,
2018-01-22T09:37:00+05:30,10907.2,10909,10905.4,10908.6,
2018-01-22T09:38:00+05:30,10908.2,10913.2,10908.2,10910.4,
2018-01-22T09:39:00+05:30,10910.5,10910.5,10905.2,10905.5,
2018-01-22T09:40:00+05:30,10905.3,10907.2,10904,10904.4,
2018-01-22T09:41:00+05:30,10904,10904.9,10901,10903.8,
2018-01-22T09:42:00+05:30,10903.9,10906.3,10903.5,10906.1,
2018-01-22T09:43:00+05:30,10906.6,10908,10905.5,10906.5,
2018-01-22T09:44:00+05:30,10906.5,10907.4,10905.9,10907.2,
2018-01-22T09:45:00+05:30,10907.3,10911.2,10906.4,10910.8,
2018-01-22T09:46:00+05:30,10911.2,10912.2,10910.1,10910.5,
2018-01-22T09:47:00+05:30,10910.2,10910.5,10908,10908.1,
2018-01-22T09:48:00+05:30,10907.9,10911.4,10907.7,10910.8,
2018-01-22T09:49:00+05:30,10910.8,10912,10909.9,10911.9,
2018-01-22T09:50:00+05:30,10911.5,10916.4,10909.9,10916,
2018-01-22T09:51:00+05:30,10915.6,10919.5,10914.9,10916.8,
2018-01-22T09:52:00+05:30,10916.5,10918.4,10915.1,10918,
2018-01-22T09:53:00+05:30,10918,10919.5,10916.8,10917,
2018-01-22T09:54:00+05:30,10917.2,10917.7,10914.5,10914.6,
2018-01-22T09:55:00+05:30,10915,10915.1,10912,10913.6,
2018-01-22T09:56:00+05:30,10914,10917,10913.4,10916,
2018-01-22T09:57:00+05:30,10915.9,10918.1,10915.2,10917.6,
2018-01-22T09:58:00+05:30,10917.8,10921,10916.2,10918.1,
2018-01-22T09:59:00+05:30,10917.6,10919.1,10915.9,10916.5,
2018-01-22T10:00:00+05:30,10916.8,10923.9,10916.4,10923.5,
2018-01-22T10:01:00+05:30,10923.5,10924.5,10919.8,10922.7,
2018-01-22T10:02:00+05:30,10922.6,10928.6,10922.6,10928.6,
2018-01-22T10:03:00+05:30,10929.4,10929.6,10924.2,10924.2,
2018-01-22T10:04:00+05:30,10923.8,10923.8,10920.1,10920.7,
2018-01-22T10:05:00+05:30,10920.3,10921.2,10918,10918.9,
2018-01-22T10:06:00+05:30,10918.9,10919.7,10916.9,10919.1,
2018-01-22T10:07:00+05:30,10918.7,10918.9,10916.5,10917.6,
2018-01-22T10:08:00+05:30,10917.6,10920.9,10916.6,10920.4,
2018-01-22T10:09:00+05:30,10921,10921.8,10918.5,10918.5,
2018-01-22T10:10:00+05:30,10918.4,10918.9,10915.2,10915.5,
2018-01-22T10:11:00+05:30,10915.5,10916.1,10909.6,10909.8,
2018-01-22T10:12:00+05:30,10909.7,10910.9,10908.5,10909,
2018-01-22T10:13:00+05:30,10908.9,10909.8,10907,10907.1,
2018-01-22T10:14:00+05:30,10906.8,10908.4,10905.7,10906.1,
2018-01-22T10:15:00+05:30,10906,10906,10897.2,10897.2,
2018-01-22T10:16:00+05:30,10897.9,10903.4,10896.9,10902.7,
2018-01-22T10:17:00+05:30,10901.6,10901.9,10893.6,10893.8,
2018-01-22T10:18:00+05:30,10894.1,10895.7,10890.1,10891.3,
2018-01-22T10:19:00+05:30,10891.6,10899.3,10891.6,10899.3,
2018-01-22T10:20:00+05:30,10899,10904,10897.5,10903.6,
2018-01-22T10:21:00+05:30,10904.6,10907.4,10903.8,10903.8,
2018-01-22T10:22:00+05:30,10903.7,10904,10899.6,10899.9,
2018-01-22T10:23:00+05:30,10900.8,10901.5,10891.4,10891.4,
2018-01-22T10:24:00+05:30,10891.5,10893.4,10886.4,10886.4,
2018-01-22T10:25:00+05:30,10886,10890.5,10885.4,10886.7,
2018-01-22T10:26:00+05:30,10887.8,10893.7,10887.8,10893.5,
2018-01-22T10:27:00+05:30,10893.5,10893.8,10892.5,10893.2,
2018-01-22T10:28:00+05:30,10893.7,10899.2,10893.7,10897.7,
2018-01-22T10:29:00+05:30,10897.9,10898.7,10894.6,10894.6,
2018-01-22T10:30:00+05:30,10894.4,10895.5,10892.1,10894.9,
2018-01-22T10:31:00+05:30,10894.9,10898.2,10894.4,10898.2,
2018-01-22T10:32:00+05:30,10898.2,10898.3,10895,10895.6,
2018-01-22T10:33:00+05:30,10895.5,10897,10895.2,10896,
2018-01-22T10:34:00+05:30,10896.1,10899.3,10895,10898.6,
2018-01-22T10:35:00+05:30,10898.4,10899.4,10897.6,10898.8,
2018-01-22T10:36:00+05:30,10898.8,10898.9,10895.7,10895.7,
2018-01-22T10:37:00+05:30,10895.8,10896,10893.9,10895,
2018-01-22T10:38:00+05:30,10894.8,10897.6,10894.8,10897.6,
2018-01-22T10:39:00+05:30,10897.8,10899.8,10896.2,10896.5,
2018-01-22T10:40:00+05:30,10896.8,10898.9,10895.5,10896.4,
2018-01-22T10:41:00+05:30,10895.6,10896.8,10893.2,10893.6,
2018-01-22T10:42:00+05:30,10893.8,10896.4,10893.8,10895.1,
2018-01-22T10:43:00+05:30,10895,10895.8,10893.2,10894,
2018-01-22T10:44:00+05:30,10893.8,10894.5,10890.5,10891,
2018-01-22T10:45:00+05:30,10890.6,10890.7,10886.1,10887.8,
2018-01-22T10:46:00+05:30,10887.2,10890.4,10886,10889.9,
2018-01-22T10:47:00+05:30,10889.7,10892.6,10889.5,10891.5,
2018-01-22T10:48:00+05:30,10891.2,10892,10889.5,10890,
2018-01-22T10:49:00+05:30,10889.9,10891,10889.2,10889.4,
2018-01-22T10:50:00+05:30,10889.2,10894,10889,10894,
2018-01-22T10:51:00+05:30,10894,10895.1,10893.4,10894.5,
2018-01-22T10:52:00+05:30,10894.4,10897.4,10893.9,10896,
2018-01-22T10:53:00+05:30,10895.9,10896.9,10895.2,10896.6,
2018-01-22T10:54:00+05:30,10896.9,10897.5,10894.8,10896,
2018-01-22T10:55:00+05:30,10896.1,10896.3,10894.9,10895.9,
2018-01-22T10:56:00+05:30,10895.3,10898.9,10894.9,10898.4,
2018-01-22T10:57:00+05:30,10898.8,10902.7,10898.1,10902.5,
2018-01-22T10:58:00+05:30,10902.9,10903.3,10901.6,10902.5,
2018-01-22T10:59:00+05:30,10902.4,10902.5,10899.5,10899.5,
2018-01-22T11:00:00+05:30,10899.4,10899.4,10895.8,10897.8,
2018-01-22T11:01:00+05:30,10897.3,10899.5,10897.2,10899,
2018-01-22T11:02:00+05:30,10899.1,10899.7,10896.1,10899.7,
2018-01-22T11:03:00+05:30,10899.2,10900.6,10898.8,10900,
2018-01-22T11:04:00+05:30,10900,10901.9,10899.5,10901.8,
2018-01-22T11:05:00+05:30,10901.8,10902.4,10900.8,10901.3,
2018-01-22T11:06:00+05:30,10901.2,10902.5,10900.5,10902.5,
2018-01-22T11:07:00+05:30,10902.3,10904.9,10902,10904.8,
2018-01-22T11:08:00+05:30,10904.6,10907.2,10904.5,10905.9,
2018-01-22T11:09:00+05:30,10905.6,10906.3,10900.2,10901.5,
2018-01-22T11:10:00+05:30,10900.6,10901.4,10897.6,10897.6,
2018-01-22T11:11:00+05:30,10897.7,10900.9,10897.6,10900.9,
2018-01-22T11:12:00+05:30,10900.6,10903.8,10900.6,10903.1,
2018-01-22T11:13:00+05:30,10903.4,10904.3,10902.8,10904.2,
2018-01-22T11:14:00+05:30,10903.8,10905.2,10903,10905,
2018-01-22T11:15:00+05:30,10904.7,10906.6,10904.6,10906.4,
2018-01-22T11:16:00+05:30,10906.7,10908.2,10905.8,10905.9,
2018-01-22T11:17:00+05:30,10906.2,10906.4,10902.1,10902.8,
2018-01-22T11:18:00+05:30,10903,10903,10901,10901.9,
2018-01-22T11:19:00+05:30,10902.1,10903.8,10902,10903,
2018-01-22T11:20:00+05:30,10902.5,10909.8,10902.5,10909.1,
2018-01-22T11:21:00+05:30,10908.8,10909,10907.5,10908,
2018-01-22T11:22:00+05:30,10908,10908,10905.5,10906.5,
2018-01-22T11:23:00+05:30,10906.2,10906.9,10901.8,10901.8,
2018-01-22T11:24:00+05:30,10902,10909.8,10901,10909.2,
2018-01-22T11:25:00+05:30,10909.1,10910,10907.2,10908.6,
2018-01-22T11:26:00+05:30,10908.6,10910.8,10907.3,10907.6,
2018-01-22T11:27:00+05:30,10907.5,10911.1,10907.5,10910.6,
2018-01-22T11:28:00+05:30,10910.8,10911.1,10909,10909.4,
2018-01-22T11:29:00+05:30,10909.3,10909.8,10906.9,10907,
2018-01-22T11:30:00+05:30,10907,10907.9,10905.9,10905.9,
2018-01-22T11:31:00+05:30,10905.5,10905.5,10903.2,10905.1,
2018-01-22T11:32:00+05:30,10905.4,10906.3,10904.2,10906,
2018-01-22T11:33:00+05:30,10906.1,10906.4,10904.1,10905.4,
2018-01-22T11:34:00+05:30,10905.3,10907.4,10903.8,10904.4,
2018-01-22T11:35:00+05:30,10904.3,10906.7,10901.1,10901.1,
2018-01-22T11:36:00+05:30,10901.1,10904.2,10900.4,10903,
2018-01-22T11:37:00+05:30,10902.8,10904.1,10901.6,10903.5,
2018-01-22T11:38:00+05:30,10903.5,10905.9,10900.5,10905,
2018-01-22T11:39:00+05:30,10905,10906.8,10904.1,10904.2,
2018-01-22T11:40:00+05:30,10904.5,10905.4,10902,10905.4,
2018-01-22T11:41:00+05:30,10905.4,10906.3,10904.3,10905.6,
2018-01-22T11:42:00+05:30,10905.6,10906.5,10902.5,10902.7,
2018-01-22T11:43:00+05:30,10902.5,10904.7,10902.5,10904.2,
2018-01-22T11:44:00+05:30,10903.9,10904.4,10902.4,10904.1,
2018-01-22T11:45:00+05:30,10904.2,10907.2,10903.8,10905.8,
2018-01-22T11:46:00+05:30,10905,10907.3,10904.3,10905.7,
2018-01-22T11:47:00+05:30,10905.6,10908.6,10905.6,10908.3,
2018-01-22T11:48:00+05:30,10908.4,10908.8,10905,10907.3,
2018-01-22T11:49:00+05:30,10907.4,10907.9,10904.9,10905.4,
2018-01-22T11:50:00+05:30,10905.6,10907.7,10904.6,10905,
2018-01-22T11:51:00+05:30,10904.2,10906.6,10903.6,10905,
2018-01-22T11:52:00+05:30,10905.2,10906.4,10904.4,10905.3,
2018-01-22T11:53:00+05:30,10905.1,10905.3,10901.9,10903.5,
2018-01-22T11:54:00+05:30,10903.6,10903.8,10898,10898.5,
2018-01-22T11:55:00+05:30,10898.3,10898.9,10896.6,10897.6,
2018-01-22T11:56:00+05:30,10898.1,10901.4,10896.1,10901.4,
2018-01-22T11:57:00+05:30,10902,10904.5,10901.6,10902.2,
2018-01-22T11:58:00+05:30,10901.3,10901.9,10897.8,10900.3,
2018-01-22T11:59:00+05:30,10900.6,10903,10900.4,10902.6,
2018-01-22T12:00:00+05:30,10900.2,10906,10900.2,10906,
2018-01-22T12:01:00+05:30,10905.5,10907.5,10905.5,10905.8,
2018-01-22T12:02:00+05:30,10905.7,10908.4,10905.6,10908,
2018-01-22T12:03:00+05:30,10907.5,10908.2,10905.5,10907.4,
2018-01-22T12:04:00+05:30,10907.5,10908.2,10905.5,10906.1,
2018-01-22T12:05:00+05:30,10905.2,10907,10904.9,10906.2,
2018-01-22T12:06:00+05:30,10906.8,10907.4,10905.8,10906.5,
2018-01-22T12:07:00+05:30,10906.2,10908.2,10905.9,10906.8,
2018-01-22T12:08:00+05:30,10906.6,10907,10905,10906.8,
2018-01-22T12:09:00+05:30,10906.7,10908.2,10906.2,10908.2,
2018-01-22T12:10:00+05:30,10908.4,10909.1,10907.4,10908.5,
2018-01-22T12:11:00+05:30,10909.2,10913.4,10908.6,10912.9,
2018-01-22T12:12:00+05:30,10913.3,10915.3,10912.6,10914.4,
2018-01-22T12:13:00+05:30,10914.4,10915,10907.9,10908.8,
2018-01-22T12:14:00+05:30,10909,10912.9,10908.2,10912,
2018-01-22T12:15:00+05:30,10912.8,10914.4,10911.8,10914,
2018-01-22T12:16:00+05:30,10914.6,10917,10914.1,10914.8,
2018-01-22T12:17:00+05:30,10915.3,10915.8,10912.1,10912.8,
2018-01-22T12:18:00+05:30,10912.5,10917.2,10912.5,10916.6,
2018-01-22T12:19:00+05:30,10916.3,10919.2,10916.3,10918.8,
2018-01-22T12:20:00+05:30,10918.6,10919.1,10915.8,10915.8,
2018-01-22T12:21:00+05:30,10915.8,10916.8,10915,10916,
2018-01-22T12:22:00+05:30,10916,10917.1,10915.5,10916,
2018-01-22T12:23:00+05:30,10916,10918.8,10915.2,10918.1,
2018-01-22T12:24:00+05:30,10918,10918.2,10914.9,10915.5,
2018-01-22T12:25:00+05:30,10915.1,10917,10914.6,10915.9,
2018-01-22T12:26:00+05:30,10915.7,10915.9,10913.5,10914.9,
2018-01-22T12:27:00+05:30,10914.4,10914.4,10910.6,10911.3,
2018-01-22T12:28:00+05:30,10911,10912.5,10910.1,10911.9,
2018-01-22T12:29:00+05:30,10911.9,10912.6,10910.5,10912.4,
2018-01-22T12:30:00+05:30,10912.5,10916.1,10912,10914.8,
2018-01-22T12:31:00+05:30,10914.5,10915.3,10913.4,10914.1,
2018-01-22T12:32:00+05:30,10914.1,10916,10913.5,10915.5,
2018-01-22T12:33:00+05:30,10915.4,10917.7,10914.8,10917.4,
2018-01-22T12:34:00+05:30,10917,10919.8,10917,10919.6,
2018-01-22T12:35:00+05:30,10919.5,10920.6,10918.5,10920.6,
2018-01-22T12:36:00+05:30,10920.6,10922.3,10918.9,10919.1,
2018-01-22T12:37:00+05:30,10919,10919.6,10917.1,10917.5,
2018-01-22T12:38:00+05:30,10917.5,10918.6,10916.6,10918.4,
2018-01-22T12:39:00+05:30,10918.1,10919.3,10917.8,10919,
2018-01-22T12:40:00+05:30,10919.1,10919.8,10918.1,10919.2,
2018-01-22T12:41:00+05:30,10919.4,10921.4,10918.9,10920.5,
2018-01-22T12:42:00+05:30,10920.9,10926.2,10919.7,10926.2,
2018-01-22T12:43:00+05:30,10926,10926.5,10921.5,10921.9,
2018-01-22T12:44:00+05:30,10921.9,10921.9,10919.9,10920.5,
2018-01-22T12:45:00+05:30,10920.5,10921.6,10919.7,10920.4,
2018-01-22T12:46:00+05:30,10920.3,10920.3,10918.9,10919,
2018-01-22T12:47:00+05:30,10918.8,10919.2,10917.8,10919,
2018-01-22T12:48:00+05:30,10919.1,10919.1,10915.5,10916.7,
2018-01-22T12:49:00+05:30,10916.9,10920.1,10916.9,10920.1,
2018-01-22T12:50:00+05:30,10920.1,10920.4,10918,10918.3,
2018-01-22T12:51:00+05:30,10917.8,10918.6,10916.9,10916.9,
2018-01-22T12:52:00+05:30,10916.8,10916.8,10914.9,10915.3,
2018-01-22T12:53:00+05:30,10914.9,10916.1,10914.5,10915,
2018-01-22T12:54:00+05:30,10915.2,10918.2,10914.6,10917.1,
2018-01-22T12:55:00+05:30,10917.1,10918.6,10916.6,10918.2,
2018-01-22T12:56:00+05:30,10918.4,10919,10916.8,10918.8,
2018-01-22T12:57:00+05:30,10918.9,10918.9,10916.9,10918.2,
2018-01-22T12:58:00+05:30,10918,10918,10913.7,10914.4,
2018-01-22T12:59:00+05:30,10915,10917.8,10914.6,10916.1,
2018-01-22T13:00:00+05:30,10916.1,10917.6,10915.1,10916,
2018-01-22T13:01:00+05:30,10916.2,10916.2,10913.2,10913.9,
2018-01-22T13:02:00+05:30,10913.8,10915.4,10911.4,10914.7,
2018-01-22T13:03:00+05:30,10915.2,10917,10913.5,10917,
2018-01-22T13:04:00+05:30,10916.5,10917.4,10914.3,10915.9,
2018-01-22T13:05:00+05:30,10915.6,10917,10914.7,10916.6,
2018-01-22T13:06:00+05:30,10916.2,10917.6,10915.5,10916.5,
2018-01-22T13:07:00+05:30,10916.5,10918.5,10916.1,10917.8,
2018-01-22T13:08:00+05:30,10917.9,10919.1,10917.5,10917.8,
2018-01-22T13:09:00+05:30,10917.8,10919.4,10916.9,10918.4,
2018-01-22T13:10:00+05:30,10917.8,10918.8,10917,10918.1,
2018-01-22T13:11:00+05:30,10918.2,10918.9,10917.4,10917.8,
2018-01-22T13:12:00+05:30,10917.6,10918.1,10915.5,10916.6,
2018-01-22T13:13:00+05:30,10916.2,10918.4,10915,10917.8,
2018-01-22T13:14:00+05:30,10917.9,10918.4,10916.6,10917,
2018-01-22T13:15:00+05:30,10916.8,10917.5,10915.9,10916.8,
2018-01-22T13:16:00+05:30,10917,10917.8,10915.4,10915.6,
2018-01-22T13:17:00+05:30,10913.5,10914,10912.3,10912.3,
2018-01-22T13:18:00+05:30,10912.5,10913.2,10911.5,10912,
2018-01-22T13:19:00+05:30,10912,10912.4,10909.8,10910.2,
2018-01-22T13:20:00+05:30,10910.1,10911.5,10910.1,10910.6,
2018-01-22T13:21:00+05:30,10910.5,10912.6,10910.2,10912.6,
2018-01-22T13:22:00+05:30,10913,10914.6,10912.1,10914.2,
2018-01-22T13:23:00+05:30,10914.1,10916.2,10913.6,10915.9,
2018-01-22T13:24:00+05:30,10916.1,10916.1,10912.4,10912.5,
2018-01-22T13:25:00+05:30,10912.6,10914.8,10912.1,10913.4,
2018-01-22T13:26:00+05:30,10913.4,10913.4,10905.3,10906.8,
2018-01-22T13:27:00+05:30,10906.2,10909.8,10906.1,10909.8,
2018-01-22T13:28:00+05:30,10910,10913.8,10909.7,10912.9,
2018-01-22T13:29:00+05:30,10912.8,10912.8,10909.6,10911.9,
2018-01-22T13:30:00+05:30,10911.7,10912.5,10910.4,10911.4,
2018-01-22T13:31:00+05:30,10911,10912.2,10910.6,10911.2,
2018-01-22T13:32:00+05:30,10911.5,10917.1,10911.2,10917.1,
2018-01-22T13:33:00+05:30,10917.3,10918.2,10915.8,10917,
2018-01-22T13:34:00+05:30,10917.2,10919.2,10916.6,10917.5,
2018-01-22T13:35:00+05:30,10917.8,10918.4,10916.6,10917.5,
2018-01-22T13:36:00+05:30,10917.9,10918.1,10916.2,10917.5,
2018-01-22T13:37:00+05:30,10917.9,10920.1,10917.2,10919.7,
2018-01-22T13:38:00+05:30,10920.3,10921.6,10919.9,10920.1,
2018-01-22T13:39:00+05:30,10920.2,10920.5,10919.1,10919.1,
2018-01-22T13:40:00+05:30,10919.5,10919.5,10916,10917,
2018-01-22T13:41:00+05:30,10916.9,10918.2,10916.1,10917.6,
2018-01-22T13:42:00+05:30,10918,10918.9,10917.3,10918.7,
2018-01-22T13:43:00+05:30,10918.3,10920.8,10917.7,10919.7,
2018-01-22T13:44:00+05:30,10920,10922.3,10919.5,10921.2,
2018-01-22T13:45:00+05:30,10921.1,10925.1,10920.9,10923.8,
2018-01-22T13:46:00+05:30,10924.2,10924.7,10922.8,10923.8,
2018-01-22T13:47:00+05:30,10923.9,10927.7,10923,10926,
2018-01-22T13:48:00+05:30,10926,10931.4,10924.6,10931.3,
2018-01-22T13:49:00+05:30,10930,10930.9,10924.1,10927.9,
2018-01-22T13:50:00+05:30,10928,10930,10925,10927.2,
2018-01-22T13:51:00+05:30,10928,10929.4,10926.1,10927.9,
2018-01-22T13:52:00+05:30,10928,10930.4,10928,10928.7,
2018-01-22T13:53:00+05:30,10928.8,10933.6,10927.9,10932,
2018-01-22T13:54:00+05:30,10932.3,10933.6,10929.5,10931.2,
2018-01-22T13:55:00+05:30,10931.1,10936.5,10930,10935.3,
2018-01-22T13:56:00+05:30,10935,10936.6,10933.2,10934.2,
2018-01-22T13:57:00+05:30,10933.9,10935.2,10932,10935.2,
2018-01-22T13:58:00+05:30,10935.3,10937.3,10934.5,10934.5,
2018-01-22T13:59:00+05:30,10934.9,10941.4,10933.5,10940.8,
2018-01-22T14:00:00+05:30,10940.9,10942.3,10939.9,10942.3,
2018-01-22T14:01:00+05:30,10942.8,10944.5,10939.1,10941.1,
2018-01-22T14:02:00+05:30,10941.5,10941.5,10934.2,10934.6,
2018-01-22T14:03:00+05:30,10935,10937.1,10933.1,10937.1,
2018-01-22T14:04:00+05:30,10937.5,10939.8,10937,10937,
2018-01-22T14:05:00+05:30,10937.4,10937.4,10933.4,10934,
2018-01-22T14:06:00+05:30,10934.1,10934.6,10931.3,10931.6,
2018-01-22T14:07:00+05:30,10931.1,10931.5,10928,10930.8,
2018-01-22T14:08:00+05:30,10931,10932.1,10924.5,10924.7,
2018-01-22T14:09:00+05:30,10925.3,10930.3,10924.2,10929.5,
2018-01-22T14:10:00+05:30,10929,10931.9,10928.3,10931.1,
2018-01-22T14:11:00+05:30,10931.3,10932.4,10928.5,10928.5,
2018-01-22T14:12:00+05:30,10928.5,10937.5,10928,10936.9,
2018-01-22T14:13:00+05:30,10936,10937.6,10934,10935,
2018-01-22T14:14:00+05:30,10935.2,10936,10932.4,10932.4,
2018-01-22T14:15:00+05:30,10932.8,10934.1,10931.5,10931.5,
2018-01-22T14:16:00+05:30,10931.3,10937.4,10929.1,10937,
2018-01-22T14:17:00+05:30,10937.4,10937.4,10934.8,10936.9,
2018-01-22T14:18:00+05:30,10937.1,10939.1,10936.9,10938.5,
2018-01-22T14:19:00+05:30,10938.5,10941.3,10937.4,10940,
2018-01-22T14:20:00+05:30,10940.3,10940.5,10937.1,10937.5,
2018-01-22T14:21:00+05:30,10937.4,10938.8,10937.2,10938.5,
2018-01-22T14:22:00+05:30,10939,10940.8,10936.4,10937,
2018-01-22T14:23:00+05:30,10936.5,10937.5,10931.3,10931.8,
2018-01-22T14:24:00+05:30,10931.3,10935.8,10931.3,10932.5,
2018-01-22T14:25:00+05:30,10933,10934.5,10931.4,10933.8,
2018-01-22T14:26:00+05:30,10933.9,10934.5,10931.4,10931.4,
2018-01-22T14:27:00+05:30,10930.6,10931.6,10925.6,10927.9,
2018-01-22T14:28:00+05:30,10928.2,10930.1,10926.9,10930.1,
2018-01-22T14:29:00+05:30,10929.4,10934.6,10929.4,10934.4,
2018-01-22T14:30:00+05:30,10934,10934.3,10932.2,10932.5,
2018-01-22T14:31:00+05:30,10932.2,10934,10931.9,10932.6,
2018-01-22T14:32:00+05:30,10931.9,10933.6,10931.2,10931.4,
2018-01-22T14:33:00+05:30,10931.4,10932.5,10930.2,10930.7,
2018-01-22T14:34:00+05:30,10930.4,10932.1,10930,10930.8,
2018-01-22T14:35:00+05:30,10930.4,10931.4,10923.4,10923.4,
2018-01-22T14:36:00+05:30,10923.6,10924.4,10919.8,10920.5,
2018-01-22T14:37:00+05:30,10920.7,10922.9,10920.4,10921.1,
2018-01-22T14:38:00+05:30,10921,10929.4,10921,10929.1,
2018-01-22T14:39:00+05:30,10929,10930,10925.9,10928.6,
2018-01-22T14:40:00+05:30,10928.1,10931.8,10928.1,10930.8,
2018-01-22T14:41:00+05:30,10930.3,10932,10928.9,10929.5,
2018-01-22T14:42:00+05:30,10929.8,10931.4,10927.5,10928.9,
2018-01-22T14:43:00+05:30,10928.5,10932.6,10928.5,10931.5,
2018-01-22T14:44:00+05:30,10931.6,10938.6,10931.6,10938.2,
2018-01-22T14:45:00+05:30,10938.4,10941.5,10938.4,10941.3,
2018-01-22T14:46:00+05:30,10941.4,10942.6,10938,10939.7,
2018-01-22T14:47:00+05:30,10939.9,10941.2,10939.5,10940.9,
2018-01-22T14:48:00+05:30,10940.2,10941.5,10935.3,10936.2,
2018-01-22T14:49:00+05:30,10936.5,10939.5,10935.1,10939.4,
2018-01-22T14:50:00+05:30,10939.3,10940.8,10937.2,10937.9,
2018-01-22T14:51:00+05:30,10937.9,10938.8,10935.3,10935.9,
2018-01-22T14:52:00+05:30,10935.9,10940.7,10935.9,10940,
2018-01-22T14:53:00+05:30,10940,10940.4,10937.7,10939.5,
2018-01-22T14:54:00+05:30,10939.8,10944.5,10939.8,10942.9,
2018-01-22T14:55:00+05:30,10942.5,10943.8,10941.5,10941.6,
2018-01-22T14:56:00+05:30,10941.5,10943,10941.3,10942.6,
2018-01-22T14:57:00+05:30,10942.7,10950.1,10942.7,10947.5,
2018-01-22T14:58:00+05:30,10947.5,10955,10947.5,10951.9,
2018-01-22T14:59:00+05:30,10952.5,10956,10951.9,10954.6,
2018-01-22T15:00:00+05:30,10955.4,10961.8,10955.4,10959,
2018-01-22T15:01:00+05:30,10958.8,10959.9,10955.2,10956.5,
2018-01-22T15:02:00+05:30,10956.1,10960.5,10956.1,10960.3,
2018-01-22T15:03:00+05:30,10960.7,10962.5,10960.6,10962.3,
2018-01-22T15:04:00+05:30,10964,10966.7,10963.1,10965.1,
2018-01-22T15:05:00+05:30,10965.3,10968.9,10964.7,10968.5,
2018-01-22T15:06:00+05:30,10968.4,10972.5,10968.4,10972.4,
2018-01-22T15:07:00+05:30,10972.5,10974.8,10967,10967,
2018-01-22T15:08:00+05:30,10967,10969,10967,10967.4,
2018-01-22T15:09:00+05:30,10967.6,10970.2,10965.9,10966,
2018-01-22T15:10:00+05:30,10966.3,10966.5,10963.4,10964,
2018-01-22T15:11:00+05:30,10963.2,10966.3,10961,10961,
2018-01-22T15:12:00+05:30,10962.3,10963.1,10957.6,10957.6,
2018-01-22T15:13:00+05:30,10958.3,10960.2,10957.6,10960.2,
2018-01-22T15:14:00+05:30,10959.8,10961.1,10956.6,10956.6,
2018-01-22T15:15:00+05:30,10956.8,10961.7,10956.3,10960.8,
2018-01-22T15:16:00+05:30,10960.6,10965,10959.4,10963.2,
2018-01-22T15:17:00+05:30,10964.2,10968.6,10964.2,10964.7,
2018-01-22T15:18:00+05:30,10964.3,10971.2,10964.3,10968.2,
2018-01-22T15:19:00+05:30,10968.6,10969.8,10966.5,10967.5,
2018-01-22T15:20:00+05:30,10968.1,10972,10967.7,10970.9,
2018-01-22T15:21:00+05:30,10970,10972,10969.2,10971,
2018-01-22T15:22:00+05:30,10970.9,10973.1,10969.4,10970,
2018-01-22T15:23:00+05:30,10970.1,10971.9,10967.6,10969.5,
2018-01-22T15:24:00+05:30,10969.2,10970.5,10966.6,10966.9,
2018-01-22T15:25:00+05:30,10966.5,10966.5,10963.6,10964,
2018-01-22T15:26:00+05:30,10964,10967.6,10963.9,10966.7,
2018-01-22T15:27:00+05:30,10966.6,10968,10965.2,10966.4,
2018-01-22T15:28:00+05:30,10966.8,10967.8,10962.1,10963,
2018-01-22T15:29:00+05:30,10963.6,10964.5,10955.5,10958.8,
2018-01-23T09:15:00+05:30,10997.4,11011,10997.1,11010.6,
2018-01-23T09:16:00+05:30,11010.2,11010.2,11003.6,11004,
2018-01-23T09:17:00+05:30,11004.1,11009.5,11000.9,11009.5,
2018-01-23T09:18:00+05:30,11009.6,11018.1,11009.6,11015.2,
2018-01-23T09:19:00+05:30,11014.9,11017.7,11013,11017.5,
2018-01-23T09:20:00+05:30,11017,11022.4,11017,11018.1,
2018-01-23T09:21:00+05:30,11018,11020.1,11011.6,11020.1,
2018-01-23T09:22:00+05:30,11020.3,11021.6,11016.5,11016.6,
2018-01-23T09:23:00+05:30,11016.1,11021.1,11016.1,11017.5,
2018-01-23T09:24:00+05:30,11017.2,11019.1,11010.8,11013.1,
2018-01-23T09:25:00+05:30,11012.7,11018.1,11012.7,11017.1,
2018-01-23T09:26:00+05:30,11016.7,11020.9,11013.5,11013.5,
2018-01-23T09:27:00+05:30,11013.8,11019.7,11013.5,11019.7,
2018-01-23T09:28:00+05:30,11019.2,11021.8,11019.2,11020.8,
2018-01-23T09:29:00+05:30,11020.1,11022.1,11018,11022,
2018-01-23T09:30:00+05:30,11022.9,11025.8,11021.3,11022.4,
2018-01-23T09:31:00+05:30,11022.7,11024.4,11016.4,11016.6,
2018-01-23T09:32:00+05:30,11016.9,11024.6,11016.2,11024.2,
2018-01-23T09:33:00+05:30,11024.1,11026.1,11023.3,11025.9,
2018-01-23T09:34:00+05:30,11025.9,11029.1,11025.9,11029,
2018-01-23T09:35:00+05:30,11028.8,11030.2,11027.5,11027.6,
2018-01-23T09:36:00+05:30,11026.8,11027.4,11025.2,11025.4,
2018-01-23T09:37:00+05:30,11026,11026.4,11024,11025,
2018-01-23T09:38:00+05:30,11024.6,11025,11021.8,11023.3,
2018-01-23T09:39:00+05:30,11023.5,11026,11023,11025,
2018-01-23T09:40:00+05:30,11024.7,11024.8,11022.9,11023.8,
2018-01-23T09:41:00+05:30,11023.6,11026.4,11022.8,11023.3,
2018-01-23T09:42:00+05:30,11023.2,11024.7,11022.4,11024.6,
2018-01-23T09:43:00+05:30,11024.4,11024.6,11019.8,11021.5,
2018-01-23T09:44:00+05:30,11021.6,11025,11021.2,11022.6,
2018-01-23T09:45:00+05:30,11021.9,11027.9,11020.9,11027.9,
2018-01-23T09:46:00+05:30,11028,11032.5,11027.4,11032.1,
2018-01-23T09:47:00+05:30,11031.9,11038.2,11031.9,11038.1,
2018-01-23T09:48:00+05:30,11038.9,11038.9,11034.3,11036.2,
2018-01-23T09:49:00+05:30,11036.1,11041.2,11036.1,11039.7,
2018-01-23T09:50:00+05:30,11039.6,11041.6,11038.2,11038.2,
2018-01-23T09:51:00+05:30,11038.2,11040.1,11036.8,11038,
2018-01-23T09:52:00+05:30,11037.8,11041.2,11037.1,11040.5,
2018-01-23T09:53:00+05:30,11040.6,11040.9,11037.2,11038.6,
2018-01-23T09:54:00+05:30,11038,11042.5,11038,11041.2,
2018-01-23T09:55:00+05:30,11041.6,11045.3,11041.6,11042,
2018-01-23T09:56:00+05:30,11041.9,11043.6,11041,11042.4,
2018-01-23T09:57:00+05:30,11042,11044.4,11042,11043.2,
2018-01-23T09:58:00+05:30,11043.3,11043.3,11039.5,11041.9,
2018-01-23T09:59:00+05:30,11042,11042.4,11040.1,11042,
2018-01-23T10:00:00+05:30,11041.9,11042.8,11038.6,11042.8,
2018-01-23T10:01:00+05:30,11043.4,11043.9,11035.6,11035.6,
2018-01-23T10:02:00+05:30,11035.8,11037.3,11033.5,11036.1,
2018-01-23T10:03:00+05:30,11035.8,11035.8,11029.5,11029.7,
2018-01-23T10:04:00+05:30,11029.1,11033.8,11028.8,11032.2,
2018-01-23T10:05:00+05:30,11031.9,11032.2,11028,11028,
2018-01-23T10:06:00+05:30,11028,11030.8,11027.5,11030.4,
2018-01-23T10:07:00+05:30,11031.1,11036.6,11031.1,11035.2,
2018-01-23T10:08:00+05:30,11035.1,11038.3,11035.1,11038,
2018-01-23T10:09:00+05:30,11037.8,11041,11037.8,11040.8,
2018-01-23T10:10:00+05:30,11040,11040.2,11037.1,11039,
2018-01-23T10:11:00+05:30,11039,11040.6,11038.4,11040.6,
2018-01-23T10:12:00+05:30,11040.6,11041.5,11038.8,11040.6,
2018-01-23T10:13:00+05:30,11040.2,11041.8,11039.8,11040.7,
2018-01-23T10:14:00+05:30,11040.6,11046.2,11040.6,11045.6,
2018-01-23T10:15:00+05:30,11044.2,11044.2,11041.9,11042.4,
2018-01-23T10:16:00+05:30,11042.6,11042.8,11040.2,11041.8,
2018-01-23T10:17:00+05:30,11042,11045.1,11042,11043.6,
2018-01-23T10:18:00+05:30,11043.1,11043.5,11041,11041,
2018-01-23T10:19:00+05:30,11041.3,11042.5,11040.1,11042.5,
2018-01-23T10:20:00+05:30,11042.6,11043.5,11041.2,11042.4,
2018-01-23T10:21:00+05:30,11042.2,11044,11042.2,11042.8,
2018-01-23T10:22:00+05:30,11042.8,11045,11041.2,11044.5,
2018-01-23T10:23:00+05:30,11044.5,11044.7,11043.5,11044.3,
2018-01-23T10:24:00+05:30,11044.2,11045.2,11040.1,11040.5,
2018-01-23T10:25:00+05:30,11040.5,11041.5,11038.2,11041,
2018-01-23T10:26:00+05:30,11040.6,11046,11039.9,11045.7,
2018-01-23T10:27:00+05:30,11045.7,11046,11042,11042.6,
2018-01-23T10:28:00+05:30,11043,11046.4,11042.9,11044,
2018-01-23T10:29:00+05:30,11044.1,11048.8,11044,11048.8,
2018-01-23T10:30:00+05:30,11049.1,11050,11046.7,11047.4,
2018-01-23T10:31:00+05:30,11047.2,11048,11040.1,11040.1,
2018-01-23T10:32:00+05:30,11040.2,11043.4,11040.2,11043.4,
2018-01-23T10:33:00+05:30,11044,11044.7,11042,11044.4,
2018-01-23T10:34:00+05:30,11044.8,11046.7,11043.4,11044.2,
2018-01-23T10:35:00+05:30,11044.5,11046.2,11043.9,11044,
2018-01-23T10:36:00+05:30,11044.1,11044.8,11043,11043.6,
2018-01-23T10:37:00+05:30,11043.4,11046,11042.7,11044.6,
2018-01-23T10:38:00+05:30,11045,11045.6,11043.2,11043.4,
2018-01-23T10:39:00+05:30,11042.9,11047.1,11042.1,11047.1,
2018-01-23T10:40:00+05:30,11046.9,11047.6,11044.9,11046.4,
2018-01-23T10:41:00+05:30,11046.1,11047.4,11045.9,11046.4,
2018-01-23T10:42:00+05:30,11046.2,11049.9,11046.1,11049.9,
2018-01-23T10:43:00+05:30,11050.4,11051.5,11047.1,11048.8,
2018-01-23T10:44:00+05:30,11049,11051,11048.3,11048.3,
2018-01-23T10:45:00+05:30,11048.5,11049.1,11046.8,11047.6,
2018-01-23T10:46:00+05:30,11047.1,11048,11045.9,11046.1,
2018-01-23T10:47:00+05:30,11046.6,11047.7,11042.9,11043.2,
2018-01-23T10:48:00+05:30,11043.6,11046,11043.4,11044.8,
2018-01-23T10:49:00+05:30,11044.7,11046,11043.9,11045.1,
2018-01-23T10:50:00+05:30,11045.5,11047,11045,11047,
2018-01-23T10:51:00+05:30,11046.9,11047.5,11045.5,11045.5,
2018-01-23T10:52:00+05:30,11046.4,11048.4,11046,11048.2,
2018-01-23T10:53:00+05:30,11047.9,11049.1,11047.2,11047.2,
2018-01-23T10:54:00+05:30,11047,11047.5,11046.2,11046.5,
2018-01-23T10:55:00+05:30,11046.4,11046.8,11044.7,11045.8,
2018-01-23T10:56:00+05:30,11045.9,11045.9,11044.7,11045.1,
2018-01-23T10:57:00+05:30,11045,11045.8,11044.6,11045.3,
2018-01-23T10:58:00+05:30,11045.4,11045.8,11043.5,11045.1,
2018-01-23T10:59:00+05:30,11045,11046.6,11044.5,11045.6,
2018-01-23T11:00:00+05:30,11046.2,11051.6,11045.9,11050,
2018-01-23T11:01:00+05:30,11049.6,11050.1,11047.3,11048.9,
2018-01-23T11:02:00+05:30,11049,11050.8,11048.2,11049.2,
2018-01-23T11:03:00+05:30,11049.4,11049.4,11047,11048.5,
2018-01-23T11:04:00+05:30,11048.6,11050.1,11047.5,11049,
2018-01-23T11:05:00+05:30,11049.5,11052.6,11049.4,11051.9,
2018-01-23T11:06:00+05:30,11052.5,11052.5,11048.6,11048.6,
2018-01-23T11:07:00+05:30,11049,11049.1,11046.9,11046.9,
2018-01-23T11:08:00+05:30,11047.5,11047.5,11045.3,11045.9,
2018-01-23T11:09:00+05:30,11046,11046.6,11042.5,11043,
2018-01-23T11:10:00+05:30,11042.7,11045.2,11042.1,11045,
2018-01-23T11:11:00+05:30,11045.2,11045.4,11043,11043,
2018-01-23T11:12:00+05:30,11042.8,11044.5,11041.9,11042.1,
2018-01-23T11:13:00+05:30,11042.3,11045,11042.1,11044,
2018-01-23T11:14:00+05:30,11044,11045.3,11043,11045.3,
2018-01-23T11:15:00+05:30,11045.8,11046.6,11042.4,11043,
2018-01-23T11:16:00+05:30,11043.1,11044.6,11041.4,11041.4,
2018-01-23T11:17:00+05:30,11041.2,11043.8,11041,11042.4,
2018-01-23T11:18:00+05:30,11041.2,11043.6,11040.4,11042.8,
2018-01-23T11:19:00+05:30,11042.4,11044.2,11041.2,11043.9,
2018-01-23T11:20:00+05:30,11043.9,11044.9,11042.5,11043.5,
2018-01-23T11:21:00+05:30,11043.1,11044,11041.6,11042.3,
2018-01-23T11:22:00+05:30,11042.5,11043,11041,11042.1,
2018-01-23T11:23:00+05:30,11042.3,11043.8,11041.8,11043,
2018-01-23T11:24:00+05:30,11043.1,11045.2,11042.5,11045.2,
2018-01-23T11:25:00+05:30,11045.9,11046.6,11045.1,11046,
2018-01-23T11:26:00+05:30,11045.9,11046.3,11043.9,11045,
2018-01-23T11:27:00+05:30,11045.2,11045.8,11040.1,11040.8,
2018-01-23T11:28:00+05:30,11040.8,11042,11039.3,11040.8,
2018-01-23T11:29:00+05:30,11040.8,11041.1,11039.5,11040.2,
2018-01-23T11:30:00+05:30,11040.2,11043.4,11040.2,11043.1,
2018-01-23T11:31:00+05:30,11043.2,11044.9,11043.2,11044.8,
2018-01-23T11:32:00+05:30,11044.6,11046,11043.6,11043.6,
2018-01-23T11:33:00+05:30,11043.6,11044.4,11041.5,11043.5,
2018-01-23T11:34:00+05:30,11043.6,11044.6,11042.8,11043.3,
2018-01-23T11:35:00+05:30,11043,11045.9,11042.6,11045,
2018-01-23T11:36:00+05:30,11044.5,11046.9,11044.5,11045.8,
2018-01-23T11:37:00+05:30,11045.6,11047.1,11044.5,11044.5,
2018-01-23T11:38:00+05:30,11045.2,11049.9,11044.9,11049.4,
2018-01-23T11:39:00+05:30,11049.1,11049.9,11048,11049.8,
2018-01-23T11:40:00+05:30,11050,11050.6,11048.5,11048.5,
2018-01-23T11:41:00+05:30,11048.1,11048.9,11047.4,11047.6,
2018-01-23T11:42:00+05:30,11047.5,11048.1,11046.2,11046.5,
2018-01-23T11:43:00+05:30,11046.3,11046.7,11044.7,11045.1,
2018-01-23T11:44:00+05:30,11045.1,11047.4,11045.1,11046.3,
2018-01-23T11:45:00+05:30,11046.4,11047.3,11045.6,11046.4,
2018-01-23T11:46:00+05:30,11046.3,11046.6,11045.1,11046.2,
2018-01-23T11:47:00+05:30,11046,11046,11044.9,11045.3,
2018-01-23T11:48:00+05:30,11045.4,11046.6,11045,11046.4,
2018-01-23T11:49:00+05:30,11046.5,11047.6,11045.5,11047.2,
2018-01-23T11:50:00+05:30,11047.4,11048.9,11045.9,11048.6,
2018-01-23T11:51:00+05:30,11049,11051.2,11048.4,11048.5,
2018-01-23T11:52:00+05:30,11048.3,11050,11047.8,11049.4,
2018-01-23T11:53:00+05:30,11049.8,11050.5,11049.1,11049.8,
2018-01-23T11:54:00+05:30,11050,11054.4,11050,11053.5,
2018-01-23T11:55:00+05:30,11053.5,11054.2,11052.6,11053.5,
2018-01-23T11:56:00+05:30,11053.6,11057.7,11053.2,11057.5,
2018-01-23T11:57:00+05:30,11057.5,11060.2,11057.3,11058.5,
2018-01-23T11:58:00+05:30,11059.6,11059.7,11057.1,11058,
2018-01-23T11:59:00+05:30,11057.5,11058.6,11057,11057.8,
2018-01-23T12:00:00+05:30,11057.8,11058.5,11053.6,11054,
2018-01-23T12:01:00+05:30,11053.6,11055.5,11053.2,11055.1,
2018-01-23T12:02:00+05:30,11055,11056.5,11054,11054,
2018-01-23T12:03:00+05:30,11054.3,11056,11054.3,11055.8,
2018-01-23T12:04:00+05:30,11055.5,11056.6,11055.4,11055.9,
2018-01-23T12:05:00+05:30,11056.2,11061,11056.1,11061,
2018-01-23T12:06:00+05:30,11060.1,11063.2,11059.5,11062,
2018-01-23T12:07:00+05:30,11062.5,11063.1,11060.6,11061.8,
2018-01-23T12:08:00+05:30,11060.4,11060.4,11057.4,11059.6,
2018-01-23T12:09:00+05:30,11059.4,11061.8,11059.4,11061.1,
2018-01-23T12:10:00+05:30,11060.9,11063,11059.8,11062.2,
2018-01-23T12:11:00+05:30,11063,11064.6,11062.7,11063.6,
2018-01-23T12:12:00+05:30,11063.3,11064.2,11061.2,11062.1,
2018-01-23T12:13:00+05:30,11061.8,11064.4,11061,11064.3,
2018-01-23T12:14:00+05:30,11064.4,11064.5,11062.1,11063.2,
2018-01-23T12:15:00+05:30,11063,11065,11062.9,11064.4,
2018-01-23T12:16:00+05:30,11064.6,11064.8,11063.5,11064.8,
2018-01-23T12:17:00+05:30,11064.4,11067.8,11063.8,11067.8,
2018-01-23T12:18:00+05:30,11067.2,11070.6,11067.1,11070.2,
2018-01-23T12:19:00+05:30,11070.3,11071.7,11069.1,11071.6,
2018-01-23T12:20:00+05:30,11071.6,11073.1,11070.8,11070.8,
2018-01-23T12:21:00+05:30,11070.8,11070.8,11067.5,11067.5,
2018-01-23T12:22:00+05:30,11067.5,11068.3,11066.5,11067.8,
2018-01-23T12:23:00+05:30,11067.5,11069.9,11067.5,11069.5,
2018-01-23T12:24:00+05:30,11069.4,11074,11069.4,11073.8,
2018-01-23T12:25:00+05:30,11073.8,11075.8,11073.5,11073.6,
2018-01-23T12:26:00+05:30,11073.6,11075.1,11072.6,11074.8,
2018-01-23T12:27:00+05:30,11074.8,11081.5,11074.5,11081.4,
2018-01-23T12:28:00+05:30,11081.6,11082.5,11078.8,11079.7,
2018-01-23T12:29:00+05:30,11080,11080.4,11077.9,11079.5,
2018-01-23T12:30:00+05:30,11079.8,11080.7,11076.4,11077,
2018-01-23T12:31:00+05:30,11077,11077.5,11075.7,11077.4,
2018-01-23T12:32:00+05:30,11076.8,11080.5,11076.4,11079.4,
2018-01-23T12:33:00+05:30,11079.2,11079.6,11075.5,11075.5,
2018-01-23T12:34:00+05:30,11075.4,11077.2,11074.2,11076.1,
2018-01-23T12:35:00+05:30,11076.1,11079.6,11076.1,11079.6,
2018-01-23T12:36:00+05:30,11079.4,11081.1,11078,11081,
2018-01-23T12:37:00+05:30,11080.6,11085.1,11080.1,11080.6,
2018-01-23T12:38:00+05:30,11080.6,11084.5,11080.6,11082.6,
2018-01-23T12:39:00+05:30,11082.6,11086.5,11082.4,11086.2,
2018-01-23T12:40:00+05:30,11086.1,11087.4,11084.5,11086.9,
2018-01-23T12:41:00+05:30,11087.1,11087.1,11084.2,11085.6,
2018-01-23T12:42:00+05:30,11085.8,11087.5,11085,11086.1,
2018-01-23T12:43:00+05:30,11086.3,11087.5,11084.7,11087,
2018-01-23T12:44:00+05:30,11087,11087.1,11085.2,11086.5,
2018-01-23T12:45:00+05:30,11086.8,11087.1,11084.5,11084.5,
2018-01-23T12:46:00+05:30,11084.3,11084.5,11082.5,11082.5,
2018-01-23T12:47:00+05:30,11082.4,11083.1,11079.7,11079.7,
2018-01-23T12:48:00+05:30,11079.6,11079.7,11077.6,11078.4,
2018-01-23T12:49:00+05:30,11078.2,11079.8,11077.1,11079.4,
2018-01-23T12:50:00+05:30,11079.8,11080.1,11074.9,11074.9,
2018-01-23T12:51:00+05:30,11075.2,11075.5,11069.5,11071.9,
2018-01-23T12:52:00+05:30,11071.9,11071.9,11066.8,11069.8,
2018-01-23T12:53:00+05:30,11069.8,11072.6,11069.4,11072.6,
2018-01-23T12:54:00+05:30,11072.5,11074.9,11072.1,11073.3,
2018-01-23T12:55:00+05:30,11073.4,11073.8,11070.8,11071.8,
2018-01-23T12:56:00+05:30,11072,11072,11065.8,11065.8,
2018-01-23T12:57:00+05:30,11066.5,11068.1,11065,11067.4,
2018-01-23T12:58:00+05:30,11067.8,11068.1,11062.4,11062.4,
2018-01-23T12:59:00+05:30,11061.9,11062.8,11057.8,11059.1,
2018-01-23T13:00:00+05:30,11058.9,11062.6,11056.1,11061.5,
2018-01-23T13:01:00+05:30,11062.6,11062.6,11059.4,11062.3,
2018-01-23T13:02:00+05:30,11062.2,11065.2,11061.8,11064.8,
2018-01-23T13:03:00+05:30,11064.8,11066.6,11061.3,11061.4,
2018-01-23T13:04:00+05:30,11061.8,11064.2,11059.4,11064.1,
2018-01-23T13:05:00+05:30,11064.5,11069.5,11064.4,11068.7,
2018-01-23T13:06:00+05:30,11068.6,11072.4,11068.3,11071.8,
2018-01-23T13:07:00+05:30,11072,11073.4,11070.7,11070.8,
2018-01-23T13:08:00+05:30,11071.1,11071.3,11069.5,11070.7,
2018-01-23T13:09:00+05:30,11070.6,11071.9,11066.9,11067.2,
2018-01-23T13:10:00+05:30,11067,11068,11064.1,11065.5,
2018-01-23T13:11:00+05:30,11065.5,11065.5,11064.3,11064.6,
2018-01-23T13:12:00+05:30,11064.1,11065.7,11063.5,11064.8,
2018-01-23T13:13:00+05:30,11064.4,11066.8,11063.1,11066.4,
2018-01-23T13:14:00+05:30,11066.5,11067.4,11065.8,11066.4,
2018-01-23T13:15:00+05:30,11066.6,11070.8,11066.2,11070,
2018-01-23T13:16:00+05:30,11070.1,11072,11069.8,11071.1,
2018-01-23T13:17:00+05:30,11071.5,11071.6,11068.3,11069.9,
2018-01-23T13:18:00+05:30,11070,11071.1,11069.5,11070.5,
2018-01-23T13:19:00+05:30,11070.5,11071.3,11069.9,11070.9,
2018-01-23T13:20:00+05:30,11071,11071,11068.6,11069.5,
2018-01-23T13:21:00+05:30,11069.5,11075.2,11069.5,11075,
2018-01-23T13:22:00+05:30,11074.7,11077.9,11074.7,11076.4,
2018-01-23T13:23:00+05:30,11076.4,11080.4,11076.4,11080.1,
2018-01-23T13:24:00+05:30,11080.1,11081,11079.6,11081,
2018-01-23T13:25:00+05:30,11081,11081.5,11076,11076.4,
2018-01-23T13:26:00+05:30,11076.7,11077.2,11075.9,11077,
2018-01-23T13:27:00+05:30,11076.8,11078.4,11076.2,11078,
2018-01-23T13:28:00+05:30,11077.9,11078.4,11075.6,11075.7,
2018-01-23T13:29:00+05:30,11075.7,11076.1,11071.4,11071.4,
2018-01-23T13:30:00+05:30,11070.9,11070.9,11068.2,11068.5,
2018-01-23T13:31:00+05:30,11068.4,11068.5,11065.5,11068.5,
2018-01-23T13:32:00+05:30,11068.5,11070.5,11067.4,11069.4,
2018-01-23T13:33:00+05:30,11069,11069.5,11066.4,11067,
2018-01-23T13:34:00+05:30,11067,11067.5,11065.2,11067,
2018-01-23T13:35:00+05:30,11067,11069.2,11065.1,11069.2,
2018-01-23T13:36:00+05:30,11069,11070,11067.9,11069.3,
2018-01-23T13:37:00+05:30,11069.1,11069.4,11056.3,11058.1,
2018-01-23T13:38:00+05:30,11059,11065,11059,11062.1,
2018-01-23T13:39:00+05:30,11062.2,11062.2,11057.9,11061,
2018-01-23T13:40:00+05:30,11060.5,11062.1,11058.5,11060.9,
2018-01-23T13:41:00+05:30,11061,11063.1,11058.3,11058.4,
2018-01-23T13:42:00+05:30,11059,11060.6,11054.9,11060,
2018-01-23T13:43:00+05:30,11060.5,11060.5,11056.9,11058.3,
2018-01-23T13:44:00+05:30,11058.2,11059.1,11053,11053.1,
2018-01-23T13:45:00+05:30,11053.1,11055.6,11052.1,11052.6,
2018-01-23T13:46:00+05:30,11052.5,11053.6,11049.3,11049.3,
2018-01-23T13:47:00+05:30,11048.5,11050.7,11046.7,11050.5,
2018-01-23T13:48:00+05:30,11051,11058.5,11050.9,11058.5,
2018-01-23T13:49:00+05:30,11058.8,11059.1,11055.7,11058.4,
2018-01-23T13:50:00+05:30,11058.4,11060.2,11056.1,11059.3,
2018-01-23T13:51:00+05:30,11058.8,11065.1,11058.8,11065,
2018-01-23T13:52:00+05:30,11064.5,11064.5,11059.9,11060.4,
2018-01-23T13:53:00+05:30,11060.1,11060.5,11057.2,11059.7,
2018-01-23T13:54:00+05:30,11059.5,11062.5,11059.3,11061.8,
2018-01-23T13:55:00+05:30,11061.5,11064.5,11060.5,11064.2,
2018-01-23T13:56:00+05:30,11064.2,11064.7,11061.1,11064.5,
2018-01-23T13:57:00+05:30,11064.5,11068.2,11062.4,11068.2,
2018-01-23T13:58:00+05:30,11067.5,11069.7,11066.5,11068.9,
2018-01-23T13:59:00+05:30,11068.8,11077.8,11068.8,11072.2,
2018-01-23T14:00:00+05:30,11072.2,11072.2,11067.9,11071.3,
2018-01-23T14:01:00+05:30,11071.6,11072.1,11068.9,11069.2,
2018-01-23T14:02:00+05:30,11068.5,11068.5,11062.8,11067.4,
2018-01-23T14:03:00+05:30,11067,11067.4,11064.2,11064.2,
2018-01-23T14:04:00+05:30,11064.6,11065,11057.3,11063.8,
2018-01-23T14:05:00+05:30,11063.8,11069,11061.6,11069,
2018-01-23T14:06:00+05:30,11070,11070,11065.1,11065.1,
2018-01-23T14:07:00+05:30,11065.3,11066,11062.2,11066,
2018-01-23T14:08:00+05:30,11065.9,11067.6,11063.2,11065.8,
2018-01-23T14:09:00+05:30,11065.9,11066.8,11063.8,11064.1,
2018-01-23T14:10:00+05:30,11064.5,11064.5,11060.8,11062.9,
2018-01-23T14:11:00+05:30,11062.8,11064.8,11061.9,11064.8,
2018-01-23T14:12:00+05:30,11064.6,11064.8,11062.7,11064.8,
2018-01-23T14:13:00+05:30,11064.3,11064.9,11060.7,11061.8,
2018-01-23T14:14:00+05:30,11061.5,11061.5,11055.5,11056.3,
2018-01-23T14:15:00+05:30,11056.4,11062.8,11055,11062.1,
2018-01-23T14:16:00+05:30,11062.4,11062.4,11056.7,11058,
2018-01-23T14:17:00+05:30,11057.4,11058.5,11053.4,11054.6,
2018-01-23T14:18:00+05:30,11055.2,11058.5,11051.5,11058.5,
2018-01-23T14:19:00+05:30,11058.7,11058.7,11049.6,11050.7,
2018-01-23T14:20:00+05:30,11050.4,11054.3,11048.8,11052.4,
2018-01-23T14:21:00+05:30,11051.8,11056,11050,11054.6,
2018-01-23T14:22:00+05:30,11054.5,11057.2,11053.2,11054.4,
2018-01-23T14:23:00+05:30,11054.2,11055.4,11051.7,11055.4,
2018-01-23T14:24:00+05:30,11055,11055.1,11052.5,11055.1,
2018-01-23T14:25:00+05:30,11055.5,11059.6,11052.6,11059.4,
2018-01-23T14:26:00+05:30,11059.2,11060.4,11056.1,11060.2,
2018-01-23T14:27:00+05:30,11060.1,11060.1,11056.9,11058.8,
2018-01-23T14:28:00+05:30,11058,11058,11055.4,11057.1,
2018-01-23T14:29:00+05:30,11056.9,11058.2,11053,11057.9,
2018-01-23T14:30:00+05:30,11058.1,11062.9,11055,11062.8,
2018-01-23T14:31:00+05:30,11063,11067.3,11060.5,11067.3,
2018-01-23T14:32:00+05:30,11067.5,11069.9,11064,11068,
2018-01-23T14:33:00+05:30,11067.8,11069.1,11065.4,11068.5,
2018-01-23T14:34:00+05:30,11068.2,11068.2,11064.8,11064.8,
2018-01-23T14:35:00+05:30,11065,11066,11060.9,11066,
2018-01-23T14:36:00+05:30,11065.6,11066.9,11063.4,11065,
2018-01-23T14:37:00+05:30,11064.9,11064.9,11061.1,11064.1,
2018-01-23T14:38:00+05:30,11063.7,11066.7,11060,11066.3,
2018-01-23T14:39:00+05:30,11066.2,11066.2,11062.4,11064.9,
2018-01-23T14:40:00+05:30,11064.9,11067,11062.9,11066.1,
2018-01-23T14:41:00+05:30,11066.6,11067.6,11063.4,11067.6,
2018-01-23T14:42:00+05:30,11067,11071.4,11064.7,11071.4,
2018-01-23T14:43:00+05:30,11071,11073.7,11066.8,11073.7,
2018-01-23T14:44:00+05:30,11073.6,11073.8,11070.4,11073.3,
2018-01-23T14:45:00+05:30,11073.4,11078.6,11071.5,11077.8,
2018-01-23T14:46:00+05:30,11077.9,11078.1,11075.6,11076.8,
2018-01-23T14:47:00+05:30,11076.6,11077.6,11074,11074.2,
2018-01-23T14:48:00+05:30,11073.8,11074.1,11070.5,11074,
2018-01-23T14:49:00+05:30,11074,11074,11068.5,11068.5,
2018-01-23T14:50:00+05:30,11068.4,11068.4,11064,11066.8,
2018-01-23T14:51:00+05:30,11066.9,11071.7,11063.4,11071.2,
2018-01-23T14:52:00+05:30,11070.9,11070.9,11064.8,11066.8,
2018-01-23T14:53:00+05:30,11066.8,11066.8,11062.6,11066.5,
2018-01-23T14:54:00+05:30,11066.5,11069.1,11063,11068.8,
2018-01-23T14:55:00+05:30,11068.5,11068.5,11066.2,11067,
2018-01-23T14:56:00+05:30,11066.2,11067.6,11064.4,11065.7,
2018-01-23T14:57:00+05:30,11065.7,11067.5,11064.5,11066.5,
2018-01-23T14:58:00+05:30,11066.6,11066.6,11063,11066,
2018-01-23T14:59:00+05:30,11065.2,11067.5,11062.5,11063.5,
2018-01-23T15:00:00+05:30,11063.4,11068.7,11062.1,11068.7,
2018-01-23T15:01:00+05:30,11068.5,11073.1,11066.5,11073.1,
2018-01-23T15:02:00+05:30,11073.6,11074.4,11072,11072.3,
2018-01-23T15:03:00+05:30,11072.4,11075,11069.4,11074.5,
2018-01-23T15:04:00+05:30,11074.7,11075.5,11072,11075.5,
2018-01-23T15:05:00+05:30,11075.8,11075.8,11071.8,11074.4,
2018-01-23T15:06:00+05:30,11074.4,11078,11072.3,11077.5,
2018-01-23T15:07:00+05:30,11077.8,11080,11076.2,11079.5,
2018-01-23T15:08:00+05:30,11079.4,11082.8,11076.9,11082.7,
2018-01-23T15:09:00+05:30,11082.6,11086.6,11081,11086.5,
2018-01-23T15:10:00+05:30,11086.5,11086.5,11082.7,11084.2,
2018-01-23T15:11:00+05:30,11085,11085,11080.9,11083.9,
2018-01-23T15:12:00+05:30,11084,11086.4,11083.2,11085.6,
2018-01-23T15:13:00+05:30,11085.3,11085.4,11082.7,11083.5,
2018-01-23T15:14:00+05:30,11083.8,11087.6,11081.6,11087.5,
2018-01-23T15:15:00+05:30,11087.9,11088.5,11083.5,11084.7,
2018-01-23T15:16:00+05:30,11085.2,11091,11085.2,11089.2,
2018-01-23T15:17:00+05:30,11089.1,11090.4,11088,11090.2,
2018-01-23T15:18:00+05:30,11090.1,11092.2,11089.2,11092.1,
2018-01-23T15:19:00+05:30,11092.5,11092.5,11089.2,11089.6,
2018-01-23T15:20:00+05:30,11090.1,11090.4,11088.8,11089.2,
2018-01-23T15:21:00+05:30,11090.1,11090.5,11087.6,11089.9,
2018-01-23T15:22:00+05:30,11090.1,11090.9,11089.4,11089.9,
2018-01-23T15:23:00+05:30,11090.4,11090.9,11088.1,11089.1,
2018-01-23T15:24:00+05:30,11089.6,11091.5,11087.5,11087.9,
2018-01-23T15:25:00+05:30,11088.5,11088.5,11085.6,11087.1,
2018-01-23T15:26:00+05:30,11087.5,11087.5,11084.4,11085.9,
2018-01-23T15:27:00+05:30,11086,11088.5,11085.1,11088.1,
2018-01-23T15:28:00+05:30,11087,11088.8,11084,11084.6,
2018-01-23T15:29:00+05:30,11083.9,11086.1,11080.3,11083.5,
2018-01-24T09:15:00+05:30,11069.4,11069.4,11057.6,11068.6,
2018-01-24T09:16:00+05:30,11069.6,11070,11064.2,11068.4,
2018-01-24T09:17:00+05:30,11068,11078.5,11067.9,11077,
2018-01-24T09:18:00+05:30,11077.3,11083.8,11075.5,11083,
2018-01-24T09:19:00+05:30,11083.1,11083.3,11073.7,11073.7,
2018-01-24T09:20:00+05:30,11074.2,11076.9,11072.9,11073.8,
2018-01-24T09:21:00+05:30,11074.2,11079,11072.1,11077,
2018-01-24T09:22:00+05:30,11076.7,11084.9,11076.2,11084.9,
2018-01-24T09:23:00+05:30,11085,11093,11085,11092.8,
2018-01-24T09:24:00+05:30,11093.8,11100.6,11093.5,11100.6,
2018-01-24T09:25:00+05:30,11100.7,11101.5,11094.9,11096.2,
2018-01-24T09:26:00+05:30,11095.1,11096.8,11091.3,11095.8,
2018-01-24T09:27:00+05:30,11096.9,11100.2,11096.1,11096.9,
2018-01-24T09:28:00+05:30,11096,11104.5,11096,11104.5,
2018-01-24T09:29:00+05:30,11104.6,11105.7,11099.4,11101.1,
2018-01-24T09:30:00+05:30,11100.7,11104.1,11099.5,11103.3,
2018-01-24T09:31:00+05:30,11104,11107,11103.5,11105.3,
2018-01-24T09:32:00+05:30,11105.2,11109.6,11105,11109,
2018-01-24T09:33:00+05:30,11108.5,11109.2,11102.4,11105.3,
2018-01-24T09:34:00+05:30,11104.3,11106.5,11102.2,11106,
2018-01-24T09:35:00+05:30,11106.4,11109.5,11103.5,11104,
2018-01-24T09:36:00+05:30,11105.4,11107.5,11103.8,11106.8,
2018-01-24T09:37:00+05:30,11107.8,11107.8,11102.4,11103.8,
2018-01-24T09:38:00+05:30,11103.2,11103.5,11096.9,11096.9,
2018-01-24T09:39:00+05:30,11097.9,11097.9,11092,11093.3,
2018-01-24T09:40:00+05:30,11093.6,11093.9,11084.7,11084.7,
2018-01-24T09:41:00+05:30,11084.5,11087.3,11073.6,11074.9,
2018-01-24T09:42:00+05:30,11075.3,11077.5,11072,11076,
2018-01-24T09:43:00+05:30,11075,11078.8,11068.1,11069.7,
2018-01-24T09:44:00+05:30,11070.4,11072.9,11066.2,11068.2,
2018-01-24T09:45:00+05:30,11068.6,11070.5,11061.8,11061.8,
2018-01-24T09:46:00+05:30,11061.4,11063,11051.8,11051.8,
2018-01-24T09:47:00+05:30,11051.8,11059.8,11050.4,11056.5,
2018-01-24T09:48:00+05:30,11056.9,11069.5,11056.6,11069.1,
2018-01-24T09:49:00+05:30,11069.6,11073.2,11067.9,11073.2,
2018-01-24T09:50:00+05:30,11074.6,11078.8,11074.5,11077.3,
2018-01-24T09:51:00+05:30,11077.4,11077.4,11070.2,11071.9,
2018-01-24T09:52:00+05:30,11072.6,11075.4,11063.7,11063.8,
2018-01-24T09:53:00+05:30,11063.6,11069.3,11062.2,11068.2,
2018-01-24T09:54:00+05:30,11068.5,11069.2,11060.4,11062.7,
2018-01-24T09:55:00+05:30,11062.2,11062.3,11049.2,11049.2,
2018-01-24T09:56:00+05:30,11049.4,11057.1,11046.2,11057.1,
2018-01-24T09:57:00+05:30,11057,11057.6,11053,11055.5,
2018-01-24T09:58:00+05:30,11057.1,11064.8,11056.4,11064.8,
2018-01-24T09:59:00+05:30,11065.1,11070.5,11061.5,11070.2,
2018-01-24T10:00:00+05:30,11069.8,11072,11063.3,11064.5,
2018-01-24T10:01:00+05:30,11064.4,11074,11064.4,11073.5,
2018-01-24T10:02:00+05:30,11073.8,11078,11071.5,11078,
2018-01-24T10:03:00+05:30,11078.5,11079.4,11072,11077.5,
2018-01-24T10:04:00+05:30,11077.7,11077.7,11069.6,11070.4,
2018-01-24T10:05:00+05:30,11070.8,11079.6,11069.9,11079.5,
2018-01-24T10:06:00+05:30,11079.4,11083.9,11079.3,11082.4,
2018-01-24T10:07:00+05:30,11082.9,11083.4,11074.5,11081.8,
2018-01-24T10:08:00+05:30,11082.4,11084,11082.4,11083.2,
2018-01-24T10:09:00+05:30,11083.6,11090.5,11083.6,11087.1,
2018-01-24T10:10:00+05:30,11087.6,11096.1,11087.6,11095.6,
2018-01-24T10:11:00+05:30,11095.6,11096.5,11085.8,11091,
2018-01-24T10:12:00+05:30,11091.8,11092.3,11086.9,11086.9,
2018-01-24T10:13:00+05:30,11087.1,11087.1,11083.5,11086,
2018-01-24T10:14:00+05:30,11085.6,11091.1,11083.1,11091.1,
2018-01-24T10:15:00+05:30,11091.4,11093,11085.8,11085.9,
2018-01-24T10:16:00+05:30,11086,11093.2,11085.2,11088.5,
2018-01-24T10:17:00+05:30,11088.4,11088.5,11083,11085.6,
2018-01-24T10:18:00+05:30,11085.7,11087.7,11083.4,11086,
2018-01-24T10:19:00+05:30,11086.1,11087.1,11079.9,11080,
2018-01-24T10:20:00+05:30,11080.1,11080.4,11073.9,11075,
2018-01-24T10:21:00+05:30,11075,11075.6,11069.9,11072,
2018-01-24T10:22:00+05:30,11071,11075.9,11070.2,11075.9,
2018-01-24T10:23:00+05:30,11076.9,11084.8,11076.9,11081.9,
2018-01-24T10:24:00+05:30,11081.6,11083.9,11076.9,11079.8,
2018-01-24T10:25:00+05:30,11079.4,11082.9,11077,11082,
2018-01-24T10:26:00+05:30,11082.8,11084.1,11080.9,11083.8,
2018-01-24T10:27:00+05:30,11083.6,11084.4,11080,11081.5,
2018-01-24T10:28:00+05:30,11081.7,11085.2,11081,11083.6,
2018-01-24T10:29:00+05:30,11083.8,11083.8,11076.4,11080,
2018-01-24T10:30:00+05:30,11080.1,11080.6,11075.9,11076.1,
2018-01-24T10:31:00+05:30,11076.4,11077.4,11074.2,11076,
2018-01-24T10:32:00+05:30,11076.5,11081.2,11075.7,11081.2,
2018-01-24T10:33:00+05:30,11081.5,11084.8,11081.4,11083,
2018-01-24T10:34:00+05:30,11083,11085.8,11082.1,11084.9,
2018-01-24T10:35:00+05:30,11085,11089.6,11084,11086.7,
2018-01-24T10:36:00+05:30,11088,11089.8,11086.5,11089,
2018-01-24T10:37:00+05:30,11089.4,11090,11087,11087.6,
2018-01-24T10:38:00+05:30,11087.5,11092.2,11087.1,11090.9,
2018-01-24T10:39:00+05:30,11091,11091.1,11080.5,11080.6,
2018-01-24T10:40:00+05:30,11081.1,11082.3,11078.4,11080.8,
2018-01-24T10:41:00+05:30,11080.8,11084.3,11080.5,11081.7,
2018-01-24T10:42:00+05:30,11081.7,11086.5,11080.6,11082.1,
2018-01-24T10:43:00+05:30,11083.7,11085.5,11082.6,11083.9,
2018-01-24T10:44:00+05:30,11083.5,11086.8,11083,11086,
2018-01-24T10:45:00+05:30,11086.2,11087.8,11085.6,11086.7,
2018-01-24T10:46:00+05:30,11086.4,11086.8,11082.2,11083.7,
2018-01-24T10:47:00+05:30,11084,11087.5,11083,11086.4,
2018-01-24T10:48:00+05:30,11087,11088.5,11083.4,11087.9,
2018-01-24T10:49:00+05:30,11088.1,11090.5,11087.5,11088.4,
2018-01-24T10:50:00+05:30,11088.8,11090.1,11085.1,11085.6,
2018-01-24T10:51:00+05:30,11086,11090.3,11084.6,11088.1,
2018-01-24T10:52:00+05:30,11088.4,11095.1,11088,11094.2,
2018-01-24T10:53:00+05:30,11094.2,11096.7,11090.5,11096.2,
2018-01-24T10:54:00+05:30,11096.7,11099.5,11094.2,11099.5,
2018-01-24T10:55:00+05:30,11099.6,11103.8,11099.6,11103.8,
2018-01-24T10:56:00+05:30,11104.6,11106.4,11096.5,11097.6,
2018-01-24T10:57:00+05:30,11097,11098.2,11095.4,11096.3,
2018-01-24T10:58:00+05:30,11096.8,11097.1,11095.1,11095.9,
2018-01-24T10:59:00+05:30,11096.4,11099.9,11095.6,11099.6,
2018-01-24T11:00:00+05:30,11099.9,11101.4,11098.8,11099.1,
2018-01-24T11:01:00+05:30,11099,11099.5,11095.6,11097.9,
2018-01-24T11:02:00+05:30,11098.4,11100.1,11097,11100.1,
2018-01-24T11:03:00+05:30,11099.5,11103.1,11099.2,11100.9,
2018-01-24T11:04:00+05:30,11101.1,11101.1,11098,11099.2,
2018-01-24T11:05:00+05:30,11099.5,11100,11095.1,11095.1,
2018-01-24T11:06:00+05:30,11095,11099,11093.4,11096.2,
2018-01-24T11:07:00+05:30,11096.5,11097.6,11093.6,11097,
2018-01-24T11:08:00+05:30,11097.4,11100.4,11095.5,11097.4,
2018-01-24T11:09:00+05:30,11097.6,11101.6,11097.6,11099.1,
2018-01-24T11:10:00+05:30,11099.2,11099.2,11095,11097,
2018-01-24T11:11:00+05:30,11096.9,11099,11096.8,11097.5,
2018-01-24T11:12:00+05:30,11097.6,11098,11095.5,11095.6,
2018-01-24T11:13:00+05:30,11095.2,11096.8,11093.2,11095.5,
2018-01-24T11:14:00+05:30,11095.5,11095.5,11089.2,11089.8,
2018-01-24T11:15:00+05:30,11090.1,11090.1,11086.7,11087.1,
2018-01-24T11:16:00+05:30,11087.1,11088.2,11084.5,11084.9,
2018-01-24T11:17:00+05:30,11085.1,11085.5,11081.8,11082.5,
2018-01-24T11:18:00+05:30,11082.5,11083.2,11080,11083.2,
2018-01-24T11:19:00+05:30,11083.6,11088.2,11083.3,11087.2,
2018-01-24T11:20:00+05:30,11087.3,11087.6,11085.4,11085.7,
2018-01-24T11:21:00+05:30,11085.6,11086.7,11084.6,11085.5,
2018-01-24T11:22:00+05:30,11085.5,11087.5,11082.7,11082.7,
2018-01-24T11:23:00+05:30,11082.9,11084.1,11081.5,11084.1,
2018-01-24T11:24:00+05:30,11085,11086.2,11081.6,11082.4,
2018-01-24T11:25:00+05:30,11082.4,11085.5,11082.1,11085.5,
2018-01-24T11:26:00+05:30,11087,11088.7,11085.8,11087.5,
2018-01-24T11:27:00+05:30,11087.4,11092.6,11086.8,11092,
2018-01-24T11:28:00+05:30,11091.9,11095.1,11091.9,11093.6,
2018-01-24T11:29:00+05:30,11093.6,11094.2,11091.2,11092.2,
2018-01-24T11:30:00+05:30,11092.3,11092.3,11088.6,11089.6,
2018-01-24T11:31:00+05:30,11089.7,11092,11088.9,11090.8,
2018-01-24T11:32:00+05:30,11090.7,11090.8,11088.5,11090.6,
2018-01-24T11:33:00+05:30,11091,11093,11090.5,11090.5,
2018-01-24T11:34:00+05:30,11091,11091.4,11090.2,11090.6,
2018-01-24T11:35:00+05:30,11090.9,11090.9,11088.6,11089.8,
2018-01-24T11:36:00+05:30,11090.1,11093.4,11090.1,11092.8,
2018-01-24T11:37:00+05:30,11092.8,11093.5,11091,11091.5,
2018-01-24T11:38:00+05:30,11091.5,11093.5,11091.2,11093.3,
2018-01-24T11:39:00+05:30,11093.5,11093.5,11089.9,11091.9,
2018-01-24T11:40:00+05:30,11092,11092.1,11087.4,11087.4,
2018-01-24T11:41:00+05:30,11087.2,11088.2,11084.9,11088.2,
2018-01-24T11:42:00+05:30,11088.2,11091.7,11087,11091.7,
2018-01-24T11:43:00+05:30,11091.6,11092.4,11088,11088.1,
2018-01-24T11:44:00+05:30,11088.2,11089.2,11084.4,11087.2,
2018-01-24T11:45:00+05:30,11087.5,11088.6,11086.1,11087.8,
2018-01-24T11:46:00+05:30,11087.5,11087.7,11083,11086.6,
2018-01-24T11:47:00+05:30,11086.9,11086.9,11084.1,11084.5,
2018-01-24T11:48:00+05:30,11084.6,11085.6,11082.3,11082.3,
2018-01-24T11:49:00+05:30,11082.2,11083.4,11081.2,11081.8,
2018-01-24T11:50:00+05:30,11081.9,11084,11081.9,11083.6,
2018-01-24T11:51:00+05:30,11083.4,11085.8,11082.8,11084,
2018-01-24T11:52:00+05:30,11083.8,11085.2,11083.1,11083.7,
2018-01-24T11:53:00+05:30,11083.8,11085.5,11083.2,11083.2,
2018-01-24T11:54:00+05:30,11083.4,11085,11083.4,11084.6,
2018-01-24T11:55:00+05:30,11084.9,11086,11084.5,11084.7,
2018-01-24T11:56:00+05:30,11084.6,11086.9,11084.6,11086.9,
2018-01-24T11:57:00+05:30,11087.1,11088.8,11086.2,11087.6,
2018-01-24T11:58:00+05:30,11087.4,11089.1,11087.4,11088.6,
2018-01-24T11:59:00+05:30,11088.8,11089.6,11086.9,11087.2,
2018-01-24T12:00:00+05:30,11087.5,11087.9,11086,11086,
2018-01-24T12:01:00+05:30,11086.1,11087.1,11085.6,11087.1,
2018-01-24T12:02:00+05:30,11086.6,11088.1,11085.4,11087.1,
2018-01-24T12:03:00+05:30,11087.3,11089.5,11086.2,11087.6,
2018-01-24T12:04:00+05:30,11087.8,11088.4,11086,11088,
2018-01-24T12:05:00+05:30,11087.5,11088.3,11084.6,11086.5,
2018-01-24T12:06:00+05:30,11086.6,11089,11086.4,11087.6,
2018-01-24T12:07:00+05:30,11087.8,11088.5,11086.8,11087,
2018-01-24T12:08:00+05:30,11087,11087.7,11085.2,11085.5,
2018-01-24T12:09:00+05:30,11085,11085.8,11083.1,11083.1,
2018-01-24T12:10:00+05:30,11083,11083.9,11080.8,11083.9,
2018-01-24T12:11:00+05:30,11084,11084.5,11078,11078,
2018-01-24T12:12:00+05:30,11078.1,11082.5,11078,11080.9,
2018-01-24T12:13:00+05:30,11081,11081,11074.8,11075.5,
2018-01-24T12:14:00+05:30,11075.5,11078.9,11075.4,11075.7,
2018-01-24T12:15:00+05:30,11075.8,11079.5,11075.8,11078.4,
2018-01-24T12:16:00+05:30,11078.1,11081,11078.1,11080.5,
2018-01-24T12:17:00+05:30,11080.3,11082,11079.5,11080.5,
2018-01-24T12:18:00+05:30,11080.9,11081.5,11079.1,11080.5,
2018-01-24T12:19:00+05:30,11080.5,11081.2,11079.7,11080.2,
2018-01-24T12:20:00+05:30,11080.4,11080.7,11076.1,11076.5,
2018-01-24T12:21:00+05:30,11076.7,11081,11076.2,11078.6,
2018-01-24T12:22:00+05:30,11079.1,11079.7,11075.5,11075.9,
2018-01-24T12:23:00+05:30,11075.9,11079.4,11075.5,11076,
2018-01-24T12:24:00+05:30,11076.3,11078,11076,11076,
2018-01-24T12:25:00+05:30,11076.5,11078.1,11075,11076.8,
2018-01-24T12:26:00+05:30,11076.8,11078.6,11075.5,11077.1,
2018-01-24T12:27:00+05:30,11077,11078.4,11076.6,11076.7,
2018-01-24T12:28:00+05:30,11076.9,11078.6,11076.8,11076.8,
2018-01-24T12:29:00+05:30,11077,11078.5,11076.8,11077.4,
2018-01-24T12:30:00+05:30,11077.6,11078.6,11076,11076.1,
2018-01-24T12:31:00+05:30,11076.1,11076.1,11073.6,11074.3,
2018-01-24T12:32:00+05:30,11074.2,11075.5,11073.3,11074.8,
2018-01-24T12:33:00+05:30,11075.1,11076.5,11073.5,11075,
2018-01-24T12:34:00+05:30,11075,11076.1,11074.1,11075.1,
2018-01-24T12:35:00+05:30,11075.2,11077.1,11074.1,11075,
2018-01-24T12:36:00+05:30,11075,11075.9,11074,11074.5,
2018-01-24T12:37:00+05:30,11074.2,11077.8,11073,11076,
2018-01-24T12:38:00+05:30,11075.8,11077.6,11074.5,11076.9,
2018-01-24T12:39:00+05:30,11076.6,11077.1,11070.2,11070.2,
2018-01-24T12:40:00+05:30,11071.1,11071.7,11069.5,11069.5,
2018-01-24T12:41:00+05:30,11069.8,11070,11066,11066,
2018-01-24T12:42:00+05:30,11065.2,11067.5,11063.8,11066.1,
2018-01-24T12:43:00+05:30,11066.9,11069.6,11066.6,11068.7,
2018-01-24T12:44:00+05:30,11068.6,11068.9,11064.7,11065.5,
2018-01-24T12:45:00+05:30,11065.5,11065.8,11062.1,11063.5,
2018-01-24T12:46:00+05:30,11063.5,11065.4,11061.9,11064.9,
2018-01-24T12:47:00+05:30,11064.9,11067.4,11062.7,11064,
2018-01-24T12:48:00+05:30,11064,11064.7,11061.5,11061.5,
2018-01-24T12:49:00+05:30,11061.3,11062.1,11057.7,11060.9,
2018-01-24T12:50:00+05:30,11061,11061.7,11058.6,11058.9,
2018-01-24T12:51:00+05:30,11058.7,11064.8,11058.4,11062.6,
2018-01-24T12:52:00+05:30,11062.6,11066.9,11061.9,11066.8,
2018-01-24T12:53:00+05:30,11067.1,11069.3,11066.7,11067.6,
2018-01-24T12:54:00+05:30,11067.9,11068.1,11065.9,11065.9,
2018-01-24T12:55:00+05:30,11065.8,11067.2,11065.1,11067.2,
2018-01-24T12:56:00+05:30,11067.4,11067.6,11066.4,11067.4,
2018-01-24T12:57:00+05:30,11067.4,11069.7,11067.4,11068.1,
2018-01-24T12:58:00+05:30,11068.1,11069.5,11066.9,11068.2,
2018-01-24T12:59:00+05:30,11068,11068.9,11067.9,11068,
2018-01-24T13:00:00+05:30,11068.1,11070.5,11068.1,11069.8,
2018-01-24T13:01:00+05:30,11070,11074,11069.6,11073.8,
2018-01-24T13:02:00+05:30,11073.9,11079.8,11073.4,11079.1,
2018-01-24T13:03:00+05:30,11079.2,11080.5,11078,11078.1,
2018-01-24T13:04:00+05:30,11078.8,11079.3,11076.9,11079.2,
2018-01-24T13:05:00+05:30,11079.7,11083.6,11079.7,11082,
2018-01-24T13:06:00+05:30,11082.4,11082.8,11079.1,11079.1,
2018-01-24T13:07:00+05:30,11078.7,11079.4,11078.1,11078.2,
2018-01-24T13:08:00+05:30,11078.1,11079.4,11077,11077.8,
2018-01-24T13:09:00+05:30,11078.1,11081,11078,11080.6,
2018-01-24T13:10:00+05:30,11080.5,11082.7,11080.2,11082.7,
2018-01-24T13:11:00+05:30,11082.8,11087.1,11080.6,11086.8,
2018-01-24T13:12:00+05:30,11086.5,11088.1,11085.2,11087.9,
2018-01-24T13:13:00+05:30,11088,11090.5,11088,11090.5,
2018-01-24T13:14:00+05:30,11090.2,11091,11088.8,11090.8,
2018-01-24T13:15:00+05:30,11090.7,11096.1,11090.7,11095.4,
2018-01-24T13:16:00+05:30,11095.3,11101.3,11095.2,11099.5,
2018-01-24T13:17:00+05:30,11099.8,11099.8,11095.4,11096.4,
2018-01-24T13:18:00+05:30,11096.1,11099.4,11096.1,11099.4,
2018-01-24T13:19:00+05:30,11098.6,11105.7,11098.5,11105.2,
2018-01-24T13:20:00+05:30,11105.4,11106,11102.1,11102.2,
2018-01-24T13:21:00+05:30,11102.5,11104.3,11100.4,11100.4,
2018-01-24T13:22:00+05:30,11100.5,11100.8,11095.4,11096.5,
2018-01-24T13:23:00+05:30,11096.8,11097.4,11091.3,11091.8,
2018-01-24T13:24:00+05:30,11092.1,11093.2,11091.3,11091.3,
2018-01-24T13:25:00+05:30,11091.4,11091.4,11087.9,11089.8,
2018-01-24T13:26:00+05:30,11089.5,11093.5,11088.8,11091.3,
2018-01-24T13:27:00+05:30,11091.4,11091.6,11087.6,11087.6,
2018-01-24T13:28:00+05:30,11087.5,11090.1,11087,11087,
2018-01-24T13:29:00+05:30,11086.8,11087.5,11083,11083.6,
2018-01-24T13:30:00+05:30,11083.8,11084.5,11080.5,11082.2,
2018-01-24T13:31:00+05:30,11082.7,11084.5,11080.7,11082.2,
2018-01-24T13:32:00+05:30,11082.4,11084.2,11082,11084.2,
2018-01-24T13:33:00+05:30,11084.3,11089.4,11084.3,11088.5,
2018-01-24T13:34:00+05:30,11088.5,11089.8,11088.5,11089.4,
2018-01-24T13:35:00+05:30,11089.4,11089.5,11084.7,11085,
2018-01-24T13:36:00+05:30,11084.6,11087.8,11084.6,11087.8,
2018-01-24T13:37:00+05:30,11087.5,11090.2,11087,11089.9,
2018-01-24T13:38:00+05:30,11089.9,11090.2,11088.4,11089.4,
2018-01-24T13:39:00+05:30,11089.5,11089.9,11086.4,11087.1,
2018-01-24T13:40:00+05:30,11087.2,11087.2,11084.2,11086,
2018-01-24T13:41:00+05:30,11086.2,11089.1,11086.1,11087.8,
2018-01-24T13:42:00+05:30,11087.4,11088.5,11086.1,11086.1,
2018-01-24T13:43:00+05:30,11086.5,11090.5,11084.4,11090,
2018-01-24T13:44:00+05:30,11090.2,11092.9,11090.1,11091,
2018-01-24T13:45:00+05:30,11091.3,11097.9,11091.3,11094.8,
2018-01-24T13:46:00+05:30,11094.8,11095.4,11092.6,11092.6,
2018-01-24T13:47:00+05:30,11093,11093.3,11087.9,11088.6,
2018-01-24T13:48:00+05:30,11088.9,11090.5,11087,11090.5,
2018-01-24T13:49:00+05:30,11090.1,11090.8,11088.5,11089.9,
2018-01-24T13:50:00+05:30,11089.9,11093.1,11088.4,11093,
2018-01-24T13:51:00+05:30,11092.8,11094.3,11091.8,11093.9,
2018-01-24T13:52:00+05:30,11094.1,11097.6,11093.5,11097,
2018-01-24T13:53:00+05:30,11096.6,11096.7,11094.4,11096.1,
2018-01-24T13:54:00+05:30,11096,11097,11094.4,11095.5,
2018-01-24T13:55:00+05:30,11095.6,11095.7,11092.4,11094.1,
2018-01-24T13:56:00+05:30,11094.1,11095.9,11093.5,11093.5,
2018-01-24T13:57:00+05:30,11093.2,11093.8,11088.6,11089,
2018-01-24T13:58:00+05:30,11089,11089.1,11086.4,11086.4,
2018-01-24T13:59:00+05:30,11085.4,11085.9,11080.1,11081,
2018-01-24T14:00:00+05:30,11080.5,11083.2,11077.6,11080.6,
2018-01-24T14:01:00+05:30,11080.9,11081.9,11074.9,11074.9,
2018-01-24T14:02:00+05:30,11075.1,11077.7,11070.2,11077.7,
2018-01-24T14:03:00+05:30,11077.4,11080,11074.4,11080,
2018-01-24T14:04:00+05:30,11079.8,11085.2,11078.3,11084.9,
2018-01-24T14:05:00+05:30,11085,11085,11082.6,11084.2,
2018-01-24T14:06:00+05:30,11084.5,11084.6,11081.1,11082,
2018-01-24T14:07:00+05:30,11081.9,11082.2,11079,11080.5,
2018-01-24T14:08:00+05:30,11080.7,11083,11080.5,11081.9,
2018-01-24T14:09:00+05:30,11082,11082.4,11078.9,11080.3,
2018-01-24T14:10:00+05:30,11079.9,11082.4,11079,11082.1,
2018-01-24T14:11:00+05:30,11082,11084.8,11082,11084,
2018-01-24T14:12:00+05:30,11083.9,11084.6,11080.3,11081,
2018-01-24T14:13:00+05:30,11081.1,11082.5,11080.9,11082,
2018-01-24T14:14:00+05:30,11082.1,11088.2,11082,11084.6,
2018-01-24T14:15:00+05:30,11084.7,11094.8,11084.7,11093.6,
2018-01-24T14:16:00+05:30,11093.9,11094,11087.4,11087.8,
2018-01-24T14:17:00+05:30,11087.5,11088.5,11083.9,11083.9,
2018-01-24T14:18:00+05:30,11083.8,11084.2,11080.4,11081.1,
2018-01-24T14:19:00+05:30,11081.5,11086,11080.8,11084.2,
2018-01-24T14:20:00+05:30,11083.8,11084.2,11081.2,11082.4,
2018-01-24T14:21:00+05:30,11082.4,11082.4,11078.9,11079.7,
2018-01-24T14:22:00+05:30,11079.8,11080.9,11077.7,11078.6,
2018-01-24T14:23:00+05:30,11079.2,11084.2,11077.4,11081.4,
2018-01-24T14:24:00+05:30,11082,11082.5,11079.5,11080.6,
2018-01-24T14:25:00+05:30,11080.1,11080.2,11076.2,11076.5,
2018-01-24T14:26:00+05:30,11077,11077,11072.5,11074.8,
2018-01-24T14:27:00+05:30,11074.6,11080.4,11072.7,11079.5,
2018-01-24T14:28:00+05:30,11079.8,11082.5,11077.1,11082.4,
2018-01-24T14:29:00+05:30,11083,11083,11077.4,11077.4,
2018-01-24T14:30:00+05:30,11077.5,11079.6,11075.4,11078.4,
2018-01-24T14:31:00+05:30,11078.2,11078.2,11074.8,11076.4,
2018-01-24T14:32:00+05:30,11076.4,11077.8,11072.7,11075.5,
2018-01-24T14:33:00+05:30,11075.9,11077.2,11072,11074,
2018-01-24T14:34:00+05:30,11074.4,11076.2,11070.4,11074.8,
2018-01-24T14:35:00+05:30,11075.1,11082,11071.3,11080.2,
2018-01-24T14:36:00+05:30,11077.9,11084.4,11076.6,11083.5,
2018-01-24T14:37:00+05:30,11083.7,11083.7,11079.1,11080,
2018-01-24T14:38:00+05:30,11079,11084.1,11077,11084.1,
2018-01-24T14:39:00+05:30,11083.9,11084.1,11081.8,11083.2,
2018-01-24T14:40:00+05:30,11083,11083,11079.7,11081.5,
2018-01-24T14:41:00+05:30,11081.3,11082.8,11078.6,11082,
2018-01-24T14:42:00+05:30,11082.1,11090.1,11079.8,11089.3,
2018-01-24T14:43:00+05:30,11089.4,11089.4,11086.5,11089.2,
2018-01-24T14:44:00+05:30,11089.2,11089.2,11083,11083,
2018-01-24T14:45:00+05:30,11083.2,11087.8,11080.2,11086.9,
2018-01-24T14:46:00+05:30,11086.8,11088.1,11083.9,11088,
2018-01-24T14:47:00+05:30,11088.2,11088.2,11085.5,11085.9,
2018-01-24T14:48:00+05:30,11086.2,11086.2,11083.5,11084.1,
2018-01-24T14:49:00+05:30,11083.8,11086.8,11081.4,11085.5,
2018-01-24T14:50:00+05:30,11085.4,11086.9,11082,11086.2,
2018-01-24T14:51:00+05:30,11085.7,11085.9,11082.4,11083.4,
2018-01-24T14:52:00+05:30,11083.6,11084.5,11080.5,11084.5,
2018-01-24T14:53:00+05:30,11084.4,11084.4,11081.4,11083.9,
2018-01-24T14:54:00+05:30,11083.8,11085.9,11080.1,11085,
2018-01-24T14:55:00+05:30,11085.2,11085.5,11082.8,11085.5,
2018-01-24T14:56:00+05:30,11085.7,11086.5,11082.1,11086.5,
2018-01-24T14:57:00+05:30,11086.6,11086.6,11082.9,11085.2,
2018-01-24T14:58:00+05:30,11086.2,11086.2,11080.9,11080.9,
2018-01-24T14:59:00+05:30,11080.9,11082,11077.9,11081.9,
2018-01-24T15:00:00+05:30,11081.5,11088.3,11080.8,11088.2,
2018-01-24T15:01:00+05:30,11088.5,11088.5,11081,11081,
2018-01-24T15:02:00+05:30,11081.3,11081.6,11078.8,11080.7,
2018-01-24T15:03:00+05:30,11080.8,11084.2,11079.5,11083.7,
2018-01-24T15:04:00+05:30,11083.6,11085.2,11083.2,11084.3,
2018-01-24T15:05:00+05:30,11084.5,11085,11082.5,11082.5,
2018-01-24T15:06:00+05:30,11082.8,11082.8,11079.9,11082,
2018-01-24T15:07:00+05:30,11081.9,11083.2,11080,11080.9,
2018-01-24T15:08:00+05:30,11081.2,11086,11079.5,11085.2,
2018-01-24T15:09:00+05:30,11085.6,11089.6,11083.7,11088.4,
2018-01-24T15:10:00+05:30,11088.6,11092.8,11087.8,11092.3,
2018-01-24T15:11:00+05:30,11092.2,11094.1,11090.6,11094,
2018-01-24T15:12:00+05:30,11093.8,11094,11088.5,11090,
2018-01-24T15:13:00+05:30,11090,11090.2,11087.5,11090,
2018-01-24T15:14:00+05:30,11090.5,11092.5,11089,11091.7,
2018-01-24T15:15:00+05:30,11091.5,11092.4,11085.2,11086.1,
2018-01-24T15:16:00+05:30,11086,11089,11084.2,11086.5,
2018-01-24T15:17:00+05:30,11086.1,11088.6,11085.3,11085.3,
2018-01-24T15:18:00+05:30,11085.5,11088,11084.4,11084.4,
2018-01-24T15:19:00+05:30,11084.3,11085.6,11083.2,11085.5,
2018-01-24T15:20:00+05:30,11085.2,11089.2,11084.8,11086,
2018-01-24T15:21:00+05:30,11085.7,11087.1,11085.4,11086.2,
2018-01-24T15:22:00+05:30,11086.6,11087.8,11084.5,11085.1,
2018-01-24T15:23:00+05:30,11085.6,11086,11083.7,11083.9,
2018-01-24T15:24:00+05:30,11084.1,11085.5,11083.1,11084.7,
2018-01-24T15:25:00+05:30,11084.9,11086.4,11084.2,11085.9,
2018-01-24T15:26:00+05:30,11086.6,11086.9,11083.4,11084,
2018-01-24T15:27:00+05:30,11084.5,11085.4,11083.6,11084,
2018-01-24T15:28:00+05:30,11083.7,11085.3,11082,11083.7,
2018-01-24T15:29:00+05:30,11084,11086.2,11082.3,11084.6,
2018-01-25T09:15:00+05:30,11095.6,11095.6,11069.8,11069.9,
2018-01-25T09:16:00+05:30,11069.6,11079.9,11069,11079.8,
2018-01-25T09:17:00+05:30,11079.7,11079.7,11073.3,11077,
2018-01-25T09:18:00+05:30,11077,11085.8,11076.8,11085.8,
2018-01-25T09:19:00+05:30,11085.2,11087.2,11081.4,11082.3,
2018-01-25T09:20:00+05:30,11082.9,11085.5,11072.8,11082,
2018-01-25T09:21:00+05:30,11082.4,11087,11081.3,11085.6,
2018-01-25T09:22:00+05:30,11085.5,11085.5,11078.2,11081.5,
2018-01-25T09:23:00+05:30,11081.4,11082.6,11074.8,11074.8,
2018-01-25T09:24:00+05:30,11075.1,11076.4,11070.7,11070.8,
2018-01-25T09:25:00+05:30,11070.8,11079.7,11070,11074.4,
2018-01-25T09:26:00+05:30,11073.9,11079.8,11073.6,11075.4,
2018-01-25T09:27:00+05:30,11075,11078.2,11074.3,11075.8,
2018-01-25T09:28:00+05:30,11076.2,11076.2,11071,11073.8,
2018-01-25T09:29:00+05:30,11073.9,11080.1,11073.8,11076,
2018-01-25T09:30:00+05:30,11075.8,11077.3,11072.1,11074.9,
2018-01-25T09:31:00+05:30,11075.2,11080.6,11073.8,11080.6,
2018-01-25T09:32:00+05:30,11080.5,11081.9,11075.5,11075.6,
2018-01-25T09:33:00+05:30,11075.4,11076,11071.7,11071.7,
2018-01-25T09:34:00+05:30,11071.1,11072.9,11068.4,11068.8,
2018-01-25T09:35:00+05:30,11069,11070.4,11063.5,11065,
2018-01-25T09:36:00+05:30,11064.4,11071.2,11063.5,11071,
2018-01-25T09:37:00+05:30,11070.6,11070.6,11066.1,11067.6,
2018-01-25T09:38:00+05:30,11067.8,11067.8,11060,11061.1,
2018-01-25T09:39:00+05:30,11061.2,11067,11060.9,11066.8,
2018-01-25T09:40:00+05:30,11066.9,11067.6,11064.8,11066.5,
2018-01-25T09:41:00+05:30,11067,11072.2,11067,11072.2,
2018-01-25T09:42:00+05:30,11071.9,11072.4,11067.6,11070.5,
2018-01-25T09:43:00+05:30,11070,11074.2,11070,11073.2,
2018-01-25T09:44:00+05:30,11072.7,11075.2,11071.9,11074.9,
2018-01-25T09:45:00+05:30,11075,11075.8,11072.5,11073.3,
2018-01-25T09:46:00+05:30,11074,11076,11074,11075.9,
2018-01-25T09:47:00+05:30,11075.4,11079.5,11075.4,11078.4,
2018-01-25T09:48:00+05:30,11078,11078.4,11075.3,11075.3,
2018-01-25T09:49:00+05:30,11075,11078,11074.8,11078,
2018-01-25T09:50:00+05:30,11078.4,11080.9,11078,11080.8,
2018-01-25T09:51:00+05:30,11080.8,11082.8,11080.8,11081.8,
2018-01-25T09:52:00+05:30,11082.5,11086.1,11082,11082,
2018-01-25T09:53:00+05:30,11082.1,11082.2,11079.1,11079.4,
2018-01-25T09:54:00+05:30,11079,11082.5,11077,11081.8,
2018-01-25T09:55:00+05:30,11082.2,11083.5,11080.5,11083.2,
2018-01-25T09:56:00+05:30,11083.8,11088.5,11083.5,11088.5,
2018-01-25T09:57:00+05:30,11088.5,11091.5,11081.9,11081.9,
2018-01-25T09:58:00+05:30,11082.2,11085.4,11082.2,11084.1,
2018-01-25T09:59:00+05:30,11083.6,11084.1,11081.5,11082.8,
2018-01-25T10:00:00+05:30,11083,11088.4,11082.6,11088.2,
2018-01-25T10:01:00+05:30,11087.4,11088.6,11084.2,11085.4,
2018-01-25T10:02:00+05:30,11085.1,11086.8,11079.5,11080,
2018-01-25T10:03:00+05:30,11079.6,11081.1,11076,11076.7,
2018-01-25T10:04:00+05:30,11076.9,11077.9,11075.8,11077,
2018-01-25T10:05:00+05:30,11077,11082.2,11076.8,11080.1,
2018-01-25T10:06:00+05:30,11079.6,11083,11079.1,11080.9,
2018-01-25T10:07:00+05:30,11081,11082.2,11080.2,11081,
2018-01-25T10:08:00+05:30,11081,11081.5,11078.8,11079,
2018-01-25T10:09:00+05:30,11079,11080.2,11074.1,11074.4,
2018-01-25T10:10:00+05:30,11074.2,11079.5,11074.2,11079.1,
2018-01-25T10:11:00+05:30,11079,11080.1,11078.3,11079.8,
2018-01-25T10:12:00+05:30,11080.2,11081.6,11079.7,11081.6,
2018-01-25T10:13:00+05:30,11081.8,11082.1,11080,11080.8,
2018-01-25T10:14:00+05:30,11080.5,11082,11080.5,11081.5,
2018-01-25T10:15:00+05:30,11081.9,11083,11081.5,11082.8,
2018-01-25T10:16:00+05:30,11083,11085.7,11082.7,11083.8,
2018-01-25T10:17:00+05:30,11083.5,11084.5,11077.8,11079.9,
2018-01-25T10:18:00+05:30,11079.6,11083.8,11079.6,11080.9,
2018-01-25T10:19:00+05:30,11080.5,11080.9,11079.5,11080,
2018-01-25T10:20:00+05:30,11079.7,11081.1,11079.1,11080.2,
2018-01-25T10:21:00+05:30,11080.1,11081.8,11079.9,11080.7,
2018-01-25T10:22:00+05:30,11080.6,11080.9,11078.4,11078.5,
2018-01-25T10:23:00+05:30,11078.5,11082,11078.5,11080.8,
2018-01-25T10:24:00+05:30,11081,11082.5,11080,11081.5,
2018-01-25T10:25:00+05:30,11081.2,11082.4,11080.4,11081.8,
2018-01-25T10:26:00+05:30,11081.8,11081.8,11078,11078.3,
2018-01-25T10:27:00+05:30,11078,11078.4,11075.2,11075.6,
2018-01-25T10:28:00+05:30,11075.6,11077.4,11075,11076.8,
2018-01-25T10:29:00+05:30,11076.6,11076.7,11074.3,11076.6,
2018-01-25T10:30:00+05:30,11076.5,11076.8,11071.8,11072.9,
2018-01-25T10:31:00+05:30,11072.8,11073.5,11070.8,11073.1,
2018-01-25T10:32:00+05:30,11073.9,11077.9,11072.5,11077.9,
2018-01-25T10:33:00+05:30,11077.7,11078.3,11076.4,11077.6,
2018-01-25T10:34:00+05:30,11077.6,11079,11077,11078.2,
2018-01-25T10:35:00+05:30,11078,11078.1,11076.1,11076.1,
2018-01-25T10:36:00+05:30,11075.9,11076.4,11074.4,11075,
2018-01-25T10:37:00+05:30,11074.9,11075.2,11073.7,11074.2,
2018-01-25T10:38:00+05:30,11074.1,11075.2,11073.2,11073.5,
2018-01-25T10:39:00+05:30,11073.5,11073.9,11071,11073,
2018-01-25T10:40:00+05:30,11072.4,11072.5,11070.7,11070.7,
2018-01-25T10:41:00+05:30,11070.8,11073.6,11070.3,11073.6,
2018-01-25T10:42:00+05:30,11073.8,11077.2,11073.8,11075.8,
2018-01-25T10:43:00+05:30,11075.5,11076.8,11073.5,11073.8,
2018-01-25T10:44:00+05:30,11073.6,11075.7,11073.4,11074.9,
2018-01-25T10:45:00+05:30,11074.8,11076.7,11074.5,11076.5,
2018-01-25T10:46:00+05:30,11076,11076.2,11074.8,11075.4,
2018-01-25T10:47:00+05:30,11075.2,11075.5,11071.4,11073,
2018-01-25T10:48:00+05:30,11073.2,11073.8,11070.9,11071.6,
2018-01-25T10:49:00+05:30,11071.5,11071.5,11068.4,11068.9,
2018-01-25T10:50:00+05:30,11068.8,11072.6,11068.5,11071.6,
2018-01-25T10:51:00+05:30,11071.5,11072.4,11070.8,11072.4,
2018-01-25T10:52:00+05:30,11072.2,11073,11071.2,11072.6,
2018-01-25T10:53:00+05:30,11072.7,11074.4,11072.7,11073.4,
2018-01-25T10:54:00+05:30,11073.3,11073.3,11071.9,11072,
2018-01-25T10:55:00+05:30,11072.5,11072.8,11071.1,11071.3,
2018-01-25T10:56:00+05:30,11071.5,11071.9,11069.9,11070.4,
2018-01-25T10:57:00+05:30,11070.2,11072.2,11070,11071.5,
2018-01-25T10:58:00+05:30,11071.2,11073.5,11071.1,11073.1,
2018-01-25T10:59:00+05:30,11073.1,11073.1,11067,11067.8,
2018-01-25T11:00:00+05:30,11068.2,11068.5,11066.5,11067.6,
2018-01-25T11:01:00+05:30,11067.8,11068,11066.6,11067.3,
2018-01-25T11:02:00+05:30,11067.1,11067.5,11062.5,11062.5,
2018-01-25T11:03:00+05:30,11063,11063.4,11060.4,11062.9,
2018-01-25T11:04:00+05:30,11062.9,11066,11062.9,11064.6,
2018-01-25T11:05:00+05:30,11064.4,11066.8,11063.8,11066.4,
2018-01-25T11:06:00+05:30,11066.3,11067.1,11066,11066.5,
2018-01-25T11:07:00+05:30,11066.5,11067.4,11066.1,11066.2,
2018-01-25T11:08:00+05:30,11066.1,11067,11064.4,11064.5,
2018-01-25T11:09:00+05:30,11064.2,11064.7,11058.2,11058.3,
2018-01-25T11:10:00+05:30,11058.4,11062.9,11057.9,11061.5,
2018-01-25T11:11:00+05:30,11061.3,11065.5,11060.6,11065.5,
2018-01-25T11:12:00+05:30,11065.2,11067.7,11064.5,11064.6,
2018-01-25T11:13:00+05:30,11064,11064.4,11060.5,11060.9,
2018-01-25T11:14:00+05:30,11060.9,11061.1,11058.6,11059.2,
2018-01-25T11:15:00+05:30,11059.4,11059.8,11055.4,11055.4,
2018-01-25T11:16:00+05:30,11055.6,11058.2,11053.5,11053.5,
2018-01-25T11:17:00+05:30,11053.2,11053.7,11048.5,11049.1,
2018-01-25T11:18:00+05:30,11049.1,11052,11047.8,11052,
2018-01-25T11:19:00+05:30,11051.9,11056.5,11051.5,11055.8,
2018-01-25T11:20:00+05:30,11056,11058,11054.7,11054.9,
2018-01-25T11:21:00+05:30,11054.4,11057.5,11054.4,11057.1,
2018-01-25T11:22:00+05:30,11056.8,11061,11056.8,11058.1,
2018-01-25T11:23:00+05:30,11058,11061.1,11058,11061.1,
2018-01-25T11:24:00+05:30,11061,11062,11060.5,11060.5,
2018-01-25T11:25:00+05:30,11060.6,11065.2,11060.6,11064.1,
2018-01-25T11:26:00+05:30,11064.3,11064.8,11060.2,11060.4,
2018-01-25T11:27:00+05:30,11060.3,11063.8,11060.3,11063.8,
2018-01-25T11:28:00+05:30,11063.4,11063.4,11060.2,11060.3,
2018-01-25T11:29:00+05:30,11060.4,11064.3,11060.3,11064.1,
2018-01-25T11:30:00+05:30,11063.8,11064.8,11062.4,11063.3,
2018-01-25T11:31:00+05:30,11063.1,11064.6,11062.5,11063.8,
2018-01-25T11:32:00+05:30,11063.5,11063.9,11061.4,11063,
2018-01-25T11:33:00+05:30,11062.8,11064.5,11061.9,11061.9,
2018-01-25T11:34:00+05:30,11062.1,11063,11060.2,11060.4,
2018-01-25T11:35:00+05:30,11060.5,11062,11060,11060.5,
2018-01-25T11:36:00+05:30,11060.6,11063.1,11060.4,11061.1,
2018-01-25T11:37:00+05:30,11061.2,11062,11060.4,11060.9,
2018-01-25T11:38:00+05:30,11060.4,11060.4,11056.5,11058.4,
2018-01-25T11:39:00+05:30,11058.2,11059,11056,11056,
2018-01-25T11:40:00+05:30,11056.7,11059.4,11055.8,11059,
2018-01-25T11:41:00+05:30,11059,11061.4,11059,11060.8,
2018-01-25T11:42:00+05:30,11060.6,11061,11058.1,11058.6,
2018-01-25T11:43:00+05:30,11058.5,11060.2,11058.2,11058.5,
2018-01-25T11:44:00+05:30,11058.5,11060.6,11058.1,11060.4,
2018-01-25T11:45:00+05:30,11060.5,11061.9,11059.9,11061.9,
2018-01-25T11:46:00+05:30,11061.9,11064.9,11060.5,11063.9,
2018-01-25T11:47:00+05:30,11063.5,11064.5,11063.5,11063.9,
2018-01-25T11:48:00+05:30,11064,11064,11062,11062.3,
2018-01-25T11:49:00+05:30,11062.6,11063.7,11061.5,11061.9,
2018-01-25T11:50:00+05:30,11061.9,11064.5,11061.9,11064.5,
2018-01-25T11:51:00+05:30,11063.9,11066,11063.6,11066,
2018-01-25T11:52:00+05:30,11065.6,11066.3,11064.7,11065.6,
2018-01-25T11:53:00+05:30,11065.4,11066.8,11065.1,11066,
2018-01-25T11:54:00+05:30,11066.3,11068.9,11066.2,11066.8,
2018-01-25T11:55:00+05:30,11066.4,11068.2,11066.4,11067,
2018-01-25T11:56:00+05:30,11066.8,11067.8,11065.8,11066.1,
2018-01-25T11:57:00+05:30,11065.9,11066.5,11064.3,11065.6,
2018-01-25T11:58:00+05:30,11065.5,11066.8,11064.7,11065.4,
2018-01-25T11:59:00+05:30,11065.8,11066,11062.8,11065.5,
2018-01-25T12:00:00+05:30,11065.5,11066.4,11063.9,11064.5,
2018-01-25T12:01:00+05:30,11064.2,11065.5,11063.9,11064.1,
2018-01-25T12:02:00+05:30,11063.9,11065,11063.6,11063.8,
2018-01-25T12:03:00+05:30,11063.9,11066,11063.9,11066,
2018-01-25T12:04:00+05:30,11065.9,11066.6,11063.8,11064.3,
2018-01-25T12:05:00+05:30,11064.3,11065.4,11063,11064.8,
2018-01-25T12:06:00+05:30,11064.5,11064.5,11062.1,11062.6,
2018-01-25T12:07:00+05:30,11062.9,11063.9,11062.5,11063.4,
2018-01-25T12:08:00+05:30,11063.5,11064.5,11062.6,11063.1,
2018-01-25T12:09:00+05:30,11063.3,11063.8,11062.9,11063.2,
2018-01-25T12:10:00+05:30,11063.5,11063.5,11061,11061.4,
2018-01-25T12:11:00+05:30,11061.2,11061.5,11059.8,11060.5,
2018-01-25T12:12:00+05:30,11060.4,11061.4,11058.9,11060,
2018-01-25T12:13:00+05:30,11059.9,11060.3,11058.2,11059.3,
2018-01-25T12:14:00+05:30,11059.3,11059.8,11058.4,11059,
2018-01-25T12:15:00+05:30,11058.7,11061.2,11058.6,11060.7,
2018-01-25T12:16:00+05:30,11060.5,11060.5,11057.5,11058.2,
2018-01-25T12:17:00+05:30,11058.7,11060,11057.4,11057.6,
2018-01-25T12:18:00+05:30,11058,11058.6,11054.2,11054.2,
2018-01-25T12:19:00+05:30,11053.6,11055.1,11053.1,11053.1,
2018-01-25T12:20:00+05:30,11053.1,11053.5,11050.2,11050.9,
2018-01-25T12:21:00+05:30,11050.9,11052.6,11050.1,11050.1,
2018-01-25T12:22:00+05:30,11050.2,11050.3,11047.3,11049.4,
2018-01-25T12:23:00+05:30,11049.2,11051.5,11049.2,11051.5,
2018-01-25T12:24:00+05:30,11051.3,11052.3,11050.4,11051.3,
2018-01-25T12:25:00+05:30,11051.4,11054,11051,11053.3,
2018-01-25T12:26:00+05:30,11053.2,11055,11052.4,11054.8,
2018-01-25T12:27:00+05:30,11055.2,11057.9,11053.6,11054,
2018-01-25T12:28:00+05:30,11054.1,11055.9,11052.1,11052.5,
2018-01-25T12:29:00+05:30,11052.5,11052.9,11050.7,11051.9,
2018-01-25T12:30:00+05:30,11051.8,11056.2,11051.2,11054.6,
2018-01-25T12:31:00+05:30,11054.4,11054.4,11051.4,11051.4,
2018-01-25T12:32:00+05:30,11051.2,11053.1,11051,11051.6,
2018-01-25T12:33:00+05:30,11051.5,11052.8,11050.4,11050.9,
2018-01-25T12:34:00+05:30,11051,11054.2,11050.2,11053.4,
2018-01-25T12:35:00+05:30,11053.4,11055,11051.1,11052.6,
2018-01-25T12:36:00+05:30,11053.2,11055.5,11053,11055.3,
2018-01-25T12:37:00+05:30,11055.6,11057,11054.8,11055.5,
2018-01-25T12:38:00+05:30,11055.7,11055.9,11052.9,11055,
2018-01-25T12:39:00+05:30,11054.9,11054.9,11050.1,11050.1,
2018-01-25T12:40:00+05:30,11050.1,11051.9,11047.9,11048.4,
2018-01-25T12:41:00+05:30,11048.1,11051.9,11047.8,11048.7,
2018-01-25T12:42:00+05:30,11048.9,11049.2,11045.4,11045.5,
2018-01-25T12:43:00+05:30,11045.6,11046.9,11044.2,11045.8,
2018-01-25T12:44:00+05:30,11045.6,11050,11044.9,11050,
2018-01-25T12:45:00+05:30,11050.3,11053.7,11050.3,11050.9,
2018-01-25T12:46:00+05:30,11050.4,11054.4,11050.4,11053.5,
2018-01-25T12:47:00+05:30,11053.5,11056.5,11053.5,11054.1,
2018-01-25T12:48:00+05:30,11054.1,11057,11053.9,11055.8,
2018-01-25T12:49:00+05:30,11055.6,11057.9,11054.9,11057.4,
2018-01-25T12:50:00+05:30,11058,11059.6,11056.1,11056.7,
2018-01-25T12:51:00+05:30,11056.9,11057.7,11052.6,11052.6,
2018-01-25T12:52:00+05:30,11052.9,11055,11051.6,11054.2,
2018-01-25T12:53:00+05:30,11054.4,11054.6,11052.4,11052.7,
2018-01-25T12:54:00+05:30,11052.5,11054.8,11051.8,11052.4,
2018-01-25T12:55:00+05:30,11052.5,11053.6,11051.1,11051.3,
2018-01-25T12:56:00+05:30,11051,11052.1,11049.5,11050.3,
2018-01-25T12:57:00+05:30,11050.1,11050.6,11048.4,11050.4,
2018-01-25T12:58:00+05:30,11050.4,11051.9,11050,11051,
2018-01-25T12:59:00+05:30,11050.4,11051.4,11048.9,11050.3,
2018-01-25T13:00:00+05:30,11050,11053.2,11049.6,11052,
2018-01-25T13:01:00+05:30,11051.7,11053.3,11051.7,11052.9,
2018-01-25T13:02:00+05:30,11052.9,11053.1,11051,11051.9,
2018-01-25T13:03:00+05:30,11051.7,11055.2,11051.6,11054.3,
2018-01-25T13:04:00+05:30,11054.2,11055.4,11050,11051,
2018-01-25T13:05:00+05:30,11050.6,11051.5,11049,11049.9,
2018-01-25T13:06:00+05:30,11049.8,11052.4,11048.8,11051.5,
2018-01-25T13:07:00+05:30,11051.4,11051.4,11048.4,11050.1,
2018-01-25T13:08:00+05:30,11049.4,11050.7,11048.5,11048.5,
2018-01-25T13:09:00+05:30,11048.4,11048.9,11044.9,11046.5,
2018-01-25T13:10:00+05:30,11046.4,11047.2,11040.6,11041.3,
2018-01-25T13:11:00+05:30,11041.1,11042.2,11035.6,11036.3,
2018-01-25T13:12:00+05:30,11036,11038,11034.1,11034.6,
2018-01-25T13:13:00+05:30,11034.5,11036.5,11033.2,11034.4,
2018-01-25T13:14:00+05:30,11034.5,11035.9,11033.2,11033.4,
2018-01-25T13:15:00+05:30,11032.9,11032.9,11030.7,11032.8,
2018-01-25T13:16:00+05:30,11032.8,11041.8,11032.8,11034.1,
2018-01-25T13:17:00+05:30,11034,11037.2,11034,11036.2,
2018-01-25T13:18:00+05:30,11035.9,11036.1,11032.5,11033.6,
2018-01-25T13:19:00+05:30,11033.6,11034.7,11029.1,11029.8,
2018-01-25T13:20:00+05:30,11030,11035.5,11028.9,11035.4,
2018-01-25T13:21:00+05:30,11035.5,11037.5,11033.5,11035.9,
2018-01-25T13:22:00+05:30,11035.3,11035.3,11033.2,11033.5,
2018-01-25T13:23:00+05:30,11034.3,11040.2,11032.4,11040,
2018-01-25T13:24:00+05:30,11040.4,11040.9,11035,11036.2,
2018-01-25T13:25:00+05:30,11036.2,11040.2,11036.2,11040,
2018-01-25T13:26:00+05:30,11040.1,11040.4,11032.6,11032.6,
2018-01-25T13:27:00+05:30,11032.5,11032.9,11030.4,11031,
2018-01-25T13:28:00+05:30,11031,11032.2,11028.8,11030.1,
2018-01-25T13:29:00+05:30,11030.5,11030.8,11026.9,11027.9,
2018-01-25T13:30:00+05:30,11027.7,11030.5,11025.1,11026,
2018-01-25T13:31:00+05:30,11026,11031.5,11026,11031.5,
2018-01-25T13:32:00+05:30,11031.4,11033.3,11026,11026.4,
2018-01-25T13:33:00+05:30,11027.2,11028,11022.4,11022.5,
2018-01-25T13:34:00+05:30,11022.1,11022.1,11015.9,11015.9,
2018-01-25T13:35:00+05:30,11016.4,11019.2,11015.8,11016.8,
2018-01-25T13:36:00+05:30,11016.8,11020.9,11015.9,11020.2,
2018-01-25T13:37:00+05:30,11020.1,11020.1,11017.2,11018.2,
2018-01-25T13:38:00+05:30,11017.9,11017.9,11011.5,11013.4,
2018-01-25T13:39:00+05:30,11013.4,11018.2,11009.3,11018.2,
2018-01-25T13:40:00+05:30,11021.8,11022,11014.2,11014.6,
2018-01-25T13:41:00+05:30,11014.5,11017.8,11013.1,11017.6,
2018-01-25T13:42:00+05:30,11017.5,11019,11015.4,11017.9,
2018-01-25T13:43:00+05:30,11017.6,11022.8,11017.6,11021.1,
2018-01-25T13:44:00+05:30,11021,11022.9,11020.8,11022.2,
2018-01-25T13:45:00+05:30,11022,11027.5,11021,11027.5,
2018-01-25T13:46:00+05:30,11027.1,11036.2,11026,11035.9,
2018-01-25T13:47:00+05:30,11035.6,11035.6,11029,11030.9,
2018-01-25T13:48:00+05:30,11031.2,11033.6,11027.8,11028.1,
2018-01-25T13:49:00+05:30,11027.9,11031.4,11025.7,11030.9,
2018-01-25T13:50:00+05:30,11031.2,11036,11028.4,11035.8,
2018-01-25T13:51:00+05:30,11037.4,11039.2,11036,11039.1,
2018-01-25T13:52:00+05:30,11039.7,11042,11038,11039.5,
2018-01-25T13:53:00+05:30,11039.3,11043,11036.5,11042.4,
2018-01-25T13:54:00+05:30,11042.2,11053.4,11039.6,11052.8,
2018-01-25T13:55:00+05:30,11052.5,11055.5,11047.6,11051,
2018-01-25T13:56:00+05:30,11049.9,11056.4,11049,11050.5,
2018-01-25T13:57:00+05:30,11050.6,11060.7,11049,11060,
2018-01-25T13:58:00+05:30,11059.4,11061.7,11055.9,11056.2,
2018-01-25T13:59:00+05:30,11056.8,11056.8,11048.3,11052.8,
2018-01-25T14:00:00+05:30,11053.9,11054.5,11049.9,11053.1,
2018-01-25T14:01:00+05:30,11052.8,11053.9,11048.6,11048.9,
2018-01-25T14:02:00+05:30,11048.8,11049.2,11042.1,11044.4,
2018-01-25T14:03:00+05:30,11046,11053.1,11045.5,11047,
2018-01-25T14:04:00+05:30,11047.8,11050.9,11045.6,11049.9,
2018-01-25T14:05:00+05:30,11049.8,11055.5,11049,11052.5,
2018-01-25T14:06:00+05:30,11052,11057.6,11048.4,11056.5,
2018-01-25T14:07:00+05:30,11057,11057.5,11053,11053.9,
2018-01-25T14:08:00+05:30,11053.3,11057.2,11052.5,11053.5,
2018-01-25T14:09:00+05:30,11053.9,11057.4,11050.1,11054.1,
2018-01-25T14:10:00+05:30,11055,11056.9,11052.5,11054.8,
2018-01-25T14:11:00+05:30,11056.1,11057.8,11053.5,11057,
2018-01-25T14:12:00+05:30,11056.9,11057.9,11054.8,11057,
2018-01-25T14:13:00+05:30,11056.9,11067.8,11056.9,11067.8,
2018-01-25T14:14:00+05:30,11067.6,11069.2,11064,11064,
2018-01-25T14:15:00+05:30,11063.4,11065.5,11057,11057,
2018-01-25T14:16:00+05:30,11057.5,11062.4,11055.3,11055.8,
2018-01-25T14:17:00+05:30,11056,11058.4,11054.2,11056.2,
2018-01-25T14:18:00+05:30,11055.6,11057.9,11053.1,11053.9,
2018-01-25T14:19:00+05:30,11054.3,11056,11051.5,11051.5,
2018-01-25T14:20:00+05:30,11051.8,11055,11049,11049,
2018-01-25T14:21:00+05:30,11048.6,11049.6,11041.8,11041.8,
2018-01-25T14:22:00+05:30,11042,11047.4,11040.4,11045,
2018-01-25T14:23:00+05:30,11043.7,11046.2,11039,11043.4,
2018-01-25T14:24:00+05:30,11043.5,11047,11039.6,11045.7,
2018-01-25T14:25:00+05:30,11045.8,11048.5,11042.8,11047.6,
2018-01-25T14:26:00+05:30,11047.3,11048.9,11044.8,11045.6,
2018-01-25T14:27:00+05:30,11045.5,11049.3,11045.5,11047,
2018-01-25T14:28:00+05:30,11046.8,11049.2,11044,11044.7,
2018-01-25T14:29:00+05:30,11044.4,11048,11042.1,11045.9,
2018-01-25T14:30:00+05:30,11045.9,11045.9,11041.9,11045,
2018-01-25T14:31:00+05:30,11044.5,11047.1,11043.5,11046.5,
2018-01-25T14:32:00+05:30,11045.1,11049.4,11044,11049.2,
2018-01-25T14:33:00+05:30,11049.6,11051.9,11048,11051.5,
2018-01-25T14:34:00+05:30,11051.9,11053.2,11044,11044.4,
2018-01-25T14:35:00+05:30,11044.2,11045.5,11042.1,11044.2,
2018-01-25T14:36:00+05:30,11044.5,11050.4,11041.5,11047.9,
2018-01-25T14:37:00+05:30,11047.8,11048.5,11046,11047.6,
2018-01-25T14:38:00+05:30,11047.2,11049.2,11046,11047.6,
2018-01-25T14:39:00+05:30,11047.3,11049.2,11044,11044,
2018-01-25T14:40:00+05:30,11043.5,11044.8,11036,11036.4,
2018-01-25T14:41:00+05:30,11036.3,11039.5,11034,11036.4,
2018-01-25T14:42:00+05:30,11036.6,11037.6,11034,11034.5,
2018-01-25T14:43:00+05:30,11034.9,11036.2,11032,11033,
2018-01-25T14:44:00+05:30,11033,11035.1,11031.1,11031.5,
2018-01-25T14:45:00+05:30,11031.6,11038.2,11030,11038.2,
2018-01-25T14:46:00+05:30,11038,11041,11034.2,11040,
2018-01-25T14:47:00+05:30,11040,11044.8,11036.6,11043.5,
2018-01-25T14:48:00+05:30,11043.6,11048,11042.1,11044.3,
2018-01-25T14:49:00+05:30,11044.1,11046.4,11040.7,11041.8,
2018-01-25T14:50:00+05:30,11041.9,11043.7,11040,11040,
2018-01-25T14:51:00+05:30,11038.8,11041.1,11035.5,11036,
2018-01-25T14:52:00+05:30,11036,11037.6,11034.1,11037.1,
2018-01-25T14:53:00+05:30,11036.5,11038,11033.7,11034.6,
2018-01-25T14:54:00+05:30,11034.4,11036.5,11032.6,11035.3,
2018-01-25T14:55:00+05:30,11035.4,11037.5,11033,11034.7,
2018-01-25T14:56:00+05:30,11034.8,11037.2,11034.2,11037,
2018-01-25T14:57:00+05:30,11036.9,11037.8,11033.2,11035,
2018-01-25T14:58:00+05:30,11034.8,11040,11033.9,11039,
2018-01-25T14:59:00+05:30,11039.2,11045.3,11035.8,11040.6,
2018-01-25T15:00:00+05:30,11039.8,11040.5,11029.3,11040.5,
2018-01-25T15:01:00+05:30,11040.9,11049.9,11040,11048.9,
2018-01-25T15:02:00+05:30,11048.4,11053.6,11046.9,11052.8,
2018-01-25T15:03:00+05:30,11053.5,11061.3,11052,11059.7,
2018-01-25T15:04:00+05:30,11060.1,11063,11055.5,11057.1,
2018-01-25T15:05:00+05:30,11058.2,11063.4,11055.6,11063.4,
2018-01-25T15:06:00+05:30,11063.6,11068.8,11061.7,11065.3,
2018-01-25T15:07:00+05:30,11065.5,11070,11063.1,11069.5,
2018-01-25T15:08:00+05:30,11069.8,11073,11068,11073,
2018-01-25T15:09:00+05:30,11073.8,11081.4,11073.4,11080.5,
2018-01-25T15:10:00+05:30,11081,11085.4,11078.5,11080,
2018-01-25T15:11:00+05:30,11079.8,11079.8,11074.6,11076.6,
2018-01-25T15:12:00+05:30,11075.6,11077,11068.3,11068.3,
2018-01-25T15:13:00+05:30,11068.8,11073,11067.4,11073,
2018-01-25T15:14:00+05:30,11071.6,11075.4,11069.3,11075.1,
2018-01-25T15:15:00+05:30,11074.8,11074.8,11068.8,11071,
2018-01-25T15:16:00+05:30,11071.1,11074.7,11067.5,11074.4,
2018-01-25T15:17:00+05:30,11074.4,11076.5,11072,11075.3,
2018-01-25T15:18:00+05:30,11076.7,11076.7,11071.2,11072.9,
2018-01-25T15:19:00+05:30,11073.2,11074.5,11070.6,11071.5,
2018-01-25T15:20:00+05:30,11072.1,11072.5,11068.2,11071.4,
2018-01-25T15:21:00+05:30,11071.4,11075.5,11069.9,11074.9,
2018-01-25T15:22:00+05:30,11074.8,11075,11070.9,11073.5,
2018-01-25T15:23:00+05:30,11074.5,11078.8,11072.1,11077.1,
2018-01-25T15:24:00+05:30,11077,11077.7,11072.9,11074.8,
2018-01-25T15:25:00+05:30,11075.5,11078.8,11073.5,11077.8,
2018-01-25T15:26:00+05:30,11077.7,11078.9,11075.9,11077.4,
2018-01-25T15:27:00+05:30,11078.4,11078.4,11073.5,11073.9,
2018-01-25T15:28:00+05:30,11073.7,11074.9,11068.7,11068.7,
2018-01-25T15:29:00+05:30,11070.3,11074,11061,11064.5,
2018-01-29T09:15:00+05:30,11079.4,11102.3,11078.8,11102.3,
2018-01-29T09:16:00+05:30,11102.8,11106.5,11101.1,11106.1,
2018-01-29T09:17:00+05:30,11105.5,11110.8,11104.5,11109.2,
2018-01-29T09:18:00+05:30,11110.2,11120,11109.6,11118.6,
2018-01-29T09:19:00+05:30,11118.8,11123.3,11118.8,11120.7,
2018-01-29T09:20:00+05:30,11121,11121.5,11110.6,11111.2,
2018-01-29T09:21:00+05:30,11110.3,11111.6,11105.1,11106,
2018-01-29T09:22:00+05:30,11106.1,11115.7,11105.9,11113.5,
2018-01-29T09:23:00+05:30,11114,11114.8,11108.6,11109.1,
2018-01-29T09:24:00+05:30,11108.6,11111.1,11107.9,11110.9,
2018-01-29T09:25:00+05:30,11110.1,11116.3,11110.1,11116,
2018-01-29T09:26:00+05:30,11114.7,11124,11114.7,11124,
2018-01-29T09:27:00+05:30,11124,11131.4,11124,11130.9,
2018-01-29T09:28:00+05:30,11130.7,11131.1,11126.5,11128.2,
2018-01-29T09:29:00+05:30,11129.2,11135.3,11129.2,11135.1,
2018-01-29T09:30:00+05:30,11134.9,11135.6,11130.2,11131.4,
2018-01-29T09:31:00+05:30,11131.3,11134.8,11131.3,11134.2,
2018-01-29T09:32:00+05:30,11134.3,11135.8,11132.6,11134.6,
2018-01-29T09:33:00+05:30,11135,11135.2,11131,11133,
2018-01-29T09:34:00+05:30,11132.5,11135.9,11130.1,11135.9,
2018-01-29T09:35:00+05:30,11135.4,11143.1,11135.4,11142.7,
2018-01-29T09:36:00+05:30,11141.9,11146.4,11141.8,11143,
2018-01-29T09:37:00+05:30,11143.5,11144.2,11139,11139.5,
2018-01-29T09:38:00+05:30,11139.5,11139.6,11133.5,11134.4,
2018-01-29T09:39:00+05:30,11134,11135,11132.5,11134,
2018-01-29T09:40:00+05:30,11134.6,11141.5,11134.6,11141.5,
2018-01-29T09:41:00+05:30,11141,11141.1,11135.9,11136.4,
2018-01-29T09:42:00+05:30,11136.4,11145.6,11136.4,11142.5,
2018-01-29T09:43:00+05:30,11142.2,11143.5,11139.8,11142.7,
2018-01-29T09:44:00+05:30,11142.1,11142.6,11139.5,11140,
2018-01-29T09:45:00+05:30,11139.6,11147.6,11139.6,11144,
2018-01-29T09:46:00+05:30,11143.8,11144.5,11141.9,11142.5,
2018-01-29T09:47:00+05:30,11142.4,11143.4,11139.8,11140.5,
2018-01-29T09:48:00+05:30,11140.7,11142.5,11140.5,11141.5,
2018-01-29T09:49:00+05:30,11141.5,11143.2,11135.8,11135.8,
2018-01-29T09:50:00+05:30,11135.8,11136.4,11131,11132.5,
2018-01-29T09:51:00+05:30,11131.9,11134.6,11131.9,11134.6,
2018-01-29T09:52:00+05:30,11134.5,11138.9,11134.5,11138,
2018-01-29T09:53:00+05:30,11138.1,11138.5,11134.1,11134.8,
2018-01-29T09:54:00+05:30,11135,11137.8,11134.6,11134.8,
2018-01-29T09:55:00+05:30,11134.6,11136.6,11134.3,11136.4,
2018-01-29T09:56:00+05:30,11136.8,11145.9,11136.1,11145.5,
2018-01-29T09:57:00+05:30,11146.2,11147,11140.8,11142.1,
2018-01-29T09:58:00+05:30,11142.5,11145,11142.4,11144.9,
2018-01-29T09:59:00+05:30,11144.3,11148.5,11143.9,11148,
2018-01-29T10:00:00+05:30,11147.6,11148.9,11143.6,11144.5,
2018-01-29T10:01:00+05:30,11145,11146.5,11142.8,11143.5,
2018-01-29T10:02:00+05:30,11142.9,11146.2,11142.9,11146.2,
2018-01-29T10:03:00+05:30,11145.9,11147.7,11143.4,11144.2,
2018-01-29T10:04:00+05:30,11144.2,11147.1,11143.5,11145.9,
2018-01-29T10:05:00+05:30,11146,11147,11143.5,11146.1,
2018-01-29T10:06:00+05:30,11146.6,11148.9,11144.9,11145.4,
2018-01-29T10:07:00+05:30,11145.1,11145.5,11139.4,11139.4,
2018-01-29T10:08:00+05:30,11139.3,11143,11138.8,11142.9,
2018-01-29T10:09:00+05:30,11142.7,11143.7,11138,11138,
2018-01-29T10:10:00+05:30,11137.6,11140,11137.6,11139.7,
2018-01-29T10:11:00+05:30,11139.5,11144.5,11139,11140,
2018-01-29T10:12:00+05:30,11139.5,11141.9,11138.8,11141,
2018-01-29T10:13:00+05:30,11140.8,11144.1,11140.8,11142.4,
2018-01-29T10:14:00+05:30,11142.9,11143.9,11140.1,11141.5,
2018-01-29T10:15:00+05:30,11141.2,11142,11136.8,11138.1,
2018-01-29T10:16:00+05:30,11137,11139.8,11137,11137.1,
2018-01-29T10:17:00+05:30,11137.8,11141.9,11136.6,11141.5,
2018-01-29T10:18:00+05:30,11141.7,11143,11140.9,11143,
2018-01-29T10:19:00+05:30,11143.6,11147.6,11139.5,11142.5,
2018-01-29T10:20:00+05:30,11142.4,11144.1,11140,11140.4,
2018-01-29T10:21:00+05:30,11140.5,11143.1,11140.4,11140.9,
2018-01-29T10:22:00+05:30,11140.8,11143.8,11140.8,11143.4,
2018-01-29T10:23:00+05:30,11143.5,11144.4,11140.9,11142.1,
2018-01-29T10:24:00+05:30,11142,11146.5,11142,11145,
2018-01-29T10:25:00+05:30,11145,11145,11142,11142.8,
2018-01-29T10:26:00+05:30,11142.7,11143.9,11141.5,11143.5,
2018-01-29T10:27:00+05:30,11143.7,11146.3,11143.7,11145.6,
2018-01-29T10:28:00+05:30,11145.8,11148.6,11145.8,11148,
2018-01-29T10:29:00+05:30,11148.3,11155.1,11148,11155.1,
2018-01-29T10:30:00+05:30,11155.2,11155.5,11151.7,11151.7,
2018-01-29T10:31:00+05:30,11152.1,11153.6,11151.9,11152.5,
2018-01-29T10:32:00+05:30,11151.8,11153.6,11151.5,11153.5,
2018-01-29T10:33:00+05:30,11153.5,11155.4,11152.5,11154.1,
2018-01-29T10:34:00+05:30,11154.4,11154.6,11153,11153.8,
2018-01-29T10:35:00+05:30,11153,11153.5,11150.8,11151.3,
2018-01-29T10:36:00+05:30,11151,11153.9,11150.5,11153,
2018-01-29T10:37:00+05:30,11152.8,11156.5,11152.6,11152.9,
2018-01-29T10:38:00+05:30,11153,11153.8,11151.6,11152.1,
2018-01-29T10:39:00+05:30,11152.5,11153,11151.4,11151.5,
2018-01-29T10:40:00+05:30,11151.5,11153.1,11148.9,11153.1,
2018-01-29T10:41:00+05:30,11152.8,11152.8,11150.9,11151.1,
2018-01-29T10:42:00+05:30,11151,11152,11149.4,11150,
2018-01-29T10:43:00+05:30,11150.1,11152.4,11149.9,11151.1,
2018-01-29T10:44:00+05:30,11150.8,11150.8,11145.9,11146.1,
2018-01-29T10:45:00+05:30,11146.7,11149,11146.6,11148.3,
2018-01-29T10:46:00+05:30,11148.4,11150,11148,11148.6,
2018-01-29T10:47:00+05:30,11148.4,11148.8,11146,11147,
2018-01-29T10:48:00+05:30,11147.4,11149.5,11146.5,11148.2,
2018-01-29T10:49:00+05:30,11148.1,11152.4,11147.9,11152.1,
2018-01-29T10:50:00+05:30,11152,11152.1,11149.8,11149.8,
2018-01-29T10:51:00+05:30,11150,11153.1,11149.5,11153,
2018-01-29T10:52:00+05:30,11152.8,11153.2,11151.6,11152.1,
2018-01-29T10:53:00+05:30,11152.4,11153,11151.2,11153,
2018-01-29T10:54:00+05:30,11152.9,11154.6,11152.5,11153.6,
2018-01-29T10:55:00+05:30,11152.8,11153.5,11152.4,11153.5,
2018-01-29T10:56:00+05:30,11153.4,11155,11153.4,11154.1,
2018-01-29T10:57:00+05:30,11154,11156.5,11154,11155.2,
2018-01-29T10:58:00+05:30,11155.7,11156,11153,11153,
2018-01-29T10:59:00+05:30,11153,11156.2,11152.8,11156.2,
2018-01-29T11:00:00+05:30,11155.4,11159,11155.4,11157.9,
2018-01-29T11:01:00+05:30,11157.8,11158.4,11156.8,11157.5,
2018-01-29T11:02:00+05:30,11158,11158.4,11154.2,11154.5,
2018-01-29T11:03:00+05:30,11154.9,11155.4,11152.2,11153.9,
2018-01-29T11:04:00+05:30,11153.4,11153.9,11152.3,11152.7,
2018-01-29T11:05:00+05:30,11152.8,11154.4,11152.8,11153.7,
2018-01-29T11:06:00+05:30,11154.1,11157.6,11153,11156.6,
2018-01-29T11:07:00+05:30,11156.1,11157.5,11155.8,11156.2,
2018-01-29T11:08:00+05:30,11156,11156.9,11154.4,11154.5,
2018-01-29T11:09:00+05:30,11154.1,11155.2,11153.8,11155.2,
2018-01-29T11:10:00+05:30,11155.1,11156.5,11154.9,11156,
2018-01-29T11:11:00+05:30,11156.5,11158.2,11155.9,11156.6,
2018-01-29T11:12:00+05:30,11157,11157.6,11154.5,11156.2,
2018-01-29T11:13:00+05:30,11156.2,11160.9,11156.2,11158.5,
2018-01-29T11:14:00+05:30,11157.6,11160.8,11157.6,11159.8,
2018-01-29T11:15:00+05:30,11159.3,11159.9,11155.1,11155.1,
2018-01-29T11:16:00+05:30,11155.1,11156.5,11154.1,11154.9,
2018-01-29T11:17:00+05:30,11155.2,11157.4,11153.9,11156.4,
2018-01-29T11:18:00+05:30,11156.4,11157.4,11155.4,11155.8,
2018-01-29T11:19:00+05:30,11155.9,11158.8,11155.1,11158.8,
2018-01-29T11:20:00+05:30,11158.6,11159.1,11157.4,11158.4,
2018-01-29T11:21:00+05:30,11158.2,11159,11157.4,11157.9,
2018-01-29T11:22:00+05:30,11157,11158.5,11155.8,11155.8,
2018-01-29T11:23:00+05:30,11156.8,11157.2,11155.2,11155.2,
2018-01-29T11:24:00+05:30,11155.2,11155.5,11154.1,11155,
2018-01-29T11:25:00+05:30,11154.8,11156.5,11154.7,11155.5,
2018-01-29T11:26:00+05:30,11155.3,11156.2,11153.5,11153.5,
2018-01-29T11:27:00+05:30,11153.4,11154.2,11152,11153.1,
2018-01-29T11:28:00+05:30,11151.8,11152.2,11149,11150.2,
2018-01-29T11:29:00+05:30,11150,11153.2,11150,11152.5,
2018-01-29T11:30:00+05:30,11153,11153.2,11152.1,11152.2,
2018-01-29T11:31:00+05:30,11152.2,11153.3,11150.4,11150.8,
2018-01-29T11:32:00+05:30,11151.5,11153.9,11151,11153.9,
2018-01-29T11:33:00+05:30,11153.8,11155.7,11153.5,11155,
2018-01-29T11:34:00+05:30,11154.4,11155,11152.2,11153.6,
2018-01-29T11:35:00+05:30,11153.5,11155.5,11153,11153.9,
2018-01-29T11:36:00+05:30,11154.2,11157.5,11154.2,11156.1,
2018-01-29T11:37:00+05:30,11156.4,11156.5,11153,11154,
2018-01-29T11:38:00+05:30,11154.4,11155.5,11153.6,11155.1,
2018-01-29T11:39:00+05:30,11155.3,11157.1,11154.4,11156.5,
2018-01-29T11:40:00+05:30,11156.2,11156.6,11154.5,11155,
2018-01-29T11:41:00+05:30,11154.5,11155.4,11153.8,11154.5,
2018-01-29T11:42:00+05:30,11154.5,11156,11154,11154.9,
2018-01-29T11:43:00+05:30,11155,11156.1,11154.2,11154.3,
2018-01-29T11:44:00+05:30,11153.4,11156.9,11152.8,11156.9,
2018-01-29T11:45:00+05:30,11156.6,11157,11155.5,11156.9,
2018-01-29T11:46:00+05:30,11157,11157.7,11156.3,11157,
2018-01-29T11:47:00+05:30,11157.1,11158.2,11156.7,11157,
2018-01-29T11:48:00+05:30,11156.5,11159,11156.5,11158.9,
2018-01-29T11:49:00+05:30,11158.8,11159.5,11157.1,11157.5,
2018-01-29T11:50:00+05:30,11156.9,11157.8,11155.9,11157.1,
2018-01-29T11:51:00+05:30,11157.1,11158.5,11156.9,11157.5,
2018-01-29T11:52:00+05:30,11158,11159.5,11156.7,11157,
2018-01-29T11:53:00+05:30,11157,11158.3,11156.7,11156.7,
2018-01-29T11:54:00+05:30,11157,11158,11155.4,11155.9,
2018-01-29T11:55:00+05:30,11155.6,11156.5,11154.9,11155.8,
2018-01-29T11:56:00+05:30,11155.5,11157.2,11155.5,11155.5,
2018-01-29T11:57:00+05:30,11155.4,11156.5,11154.9,11155.9,
2018-01-29T11:58:00+05:30,11156,11156.2,11153.9,11154.6,
2018-01-29T11:59:00+05:30,11154.5,11155.9,11154.4,11155.4,
2018-01-29T12:00:00+05:30,11155.3,11157.4,11155.2,11157,
2018-01-29T12:01:00+05:30,11156.9,11158.7,11156.9,11158.2,
2018-01-29T12:02:00+05:30,11158.5,11163.6,11158.5,11160.4,
2018-01-29T12:03:00+05:30,11161.1,11161.1,11158.8,11158.8,
2018-01-29T12:04:00+05:30,11158.4,11159.1,11156.1,11159.1,
2018-01-29T12:05:00+05:30,11158.5,11159.2,11158,11158.4,
2018-01-29T12:06:00+05:30,11158.7,11160.6,11158,11159.5,
2018-01-29T12:07:00+05:30,11159.9,11160.2,11159,11159.9,
2018-01-29T12:08:00+05:30,11159.9,11161.1,11159.8,11161,
2018-01-29T12:09:00+05:30,11161,11161.3,11159.7,11159.7,
2018-01-29T12:10:00+05:30,11159.6,11161.5,11159.6,11161.5,
2018-01-29T12:11:00+05:30,11161.9,11162.3,11161,11161.8,
2018-01-29T12:12:00+05:30,11161.6,11162,11160.1,11160.2,
2018-01-29T12:13:00+05:30,11160,11161.1,11159.5,11160.6,
2018-01-29T12:14:00+05:30,11160.7,11160.9,11158.5,11158.8,
2018-01-29T12:15:00+05:30,11158.5,11159.4,11157.8,11158.5,
2018-01-29T12:16:00+05:30,11158.2,11159.6,11157.7,11157.9,
2018-01-29T12:17:00+05:30,11157.9,11158.5,11155.5,11155.5,
2018-01-29T12:18:00+05:30,11156.5,11159.6,11156.5,11159.4,
2018-01-29T12:19:00+05:30,11159.4,11160,11157.8,11157.8,
2018-01-29T12:20:00+05:30,11158.5,11158.9,11156.9,11156.9,
2018-01-29T12:21:00+05:30,11157,11157.5,11155.8,11157.4,
2018-01-29T12:22:00+05:30,11157.3,11157.4,11155.5,11156.9,
2018-01-29T12:23:00+05:30,11156.6,11157.2,11152.5,11153.5,
2018-01-29T12:24:00+05:30,11153.8,11154.1,11151,11153.5,
2018-01-29T12:25:00+05:30,11152.8,11154.4,11152.6,11154.2,
2018-01-29T12:26:00+05:30,11154.4,11155.4,11151.6,11152.5,
2018-01-29T12:27:00+05:30,11152.1,11154.1,11152,11153.9,
2018-01-29T12:28:00+05:30,11153.9,11154.1,11153,11153.4,
2018-01-29T12:29:00+05:30,11153.6,11155.7,11153.4,11155.2,
2018-01-29T12:30:00+05:30,11155.2,11157,11154,11155.6,
2018-01-29T12:31:00+05:30,11155.6,11157.4,11153.6,11154.2,
2018-01-29T12:32:00+05:30,11154.1,11154.3,11151.4,11151.4,
2018-01-29T12:33:00+05:30,11151.2,11151.2,11146.8,11147.9,
2018-01-29T12:34:00+05:30,11147.5,11148,11143.6,11143.6,
2018-01-29T12:35:00+05:30,11143.8,11146.6,11142.4,11146.5,
2018-01-29T12:36:00+05:30,11145.8,11146.7,11144.4,11146.7,
2018-01-29T12:37:00+05:30,11146.8,11147.1,11143.4,11143.4,
2018-01-29T12:38:00+05:30,11143.8,11146,11143.4,11145.3,
2018-01-29T12:39:00+05:30,11146.1,11146.2,11144.4,11145,
2018-01-29T12:40:00+05:30,11145,11145,11143.4,11144.8,
2018-01-29T12:41:00+05:30,11144.5,11146.1,11143.4,11144.5,
2018-01-29T12:42:00+05:30,11144.5,11147.9,11144.3,11147.5,
2018-01-29T12:43:00+05:30,11147.5,11147.8,11146.5,11147.5,
2018-01-29T12:44:00+05:30,11148,11149.9,11147.4,11149.9,
2018-01-29T12:45:00+05:30,11149.2,11152.4,11148.8,11151.5,
2018-01-29T12:46:00+05:30,11152,11153.8,11151.8,11152.3,
2018-01-29T12:47:00+05:30,11152.5,11154,11152.1,11153.4,
2018-01-29T12:48:00+05:30,11153.3,11154.2,11152.2,11152.8,
2018-01-29T12:49:00+05:30,11152.6,11154.8,11151.6,11154.5,
2018-01-29T12:50:00+05:30,11154.9,11155.6,11151.5,11151.5,
2018-01-29T12:51:00+05:30,11151.4,11152.8,11147.4,11147.7,
2018-01-29T12:52:00+05:30,11147,11147.9,11144.5,11147.4,
2018-01-29T12:53:00+05:30,11147.2,11149.3,11147,11149.3,
2018-01-29T12:54:00+05:30,11149,11150.8,11148.5,11150.3,
2018-01-29T12:55:00+05:30,11150.4,11154,11150.1,11153.7,
2018-01-29T12:56:00+05:30,11153.8,11154.1,11152.5,11152.5,
2018-01-29T12:57:00+05:30,11152.4,11154.5,11151.8,11154.2,
2018-01-29T12:58:00+05:30,11154.3,11155.1,11152.4,11152.4,
2018-01-29T12:59:00+05:30,11152.5,11153.2,11150,11150,
2018-01-29T13:00:00+05:30,11149.7,11150.6,11149,11149.3,
2018-01-29T13:01:00+05:30,11149.1,11149.9,11147.7,11148,
2018-01-29T13:02:00+05:30,11148.2,11148.2,11146,11146.7,
2018-01-29T13:03:00+05:30,11146.9,11148.9,11146.5,11148.8,
2018-01-29T13:04:00+05:30,11148.8,11152.1,11148.8,11151.7,
2018-01-29T13:05:00+05:30,11152.2,11152.6,11151,11151.9,
2018-01-29T13:06:00+05:30,11151.8,11153.1,11151.5,11152.2,
2018-01-29T13:07:00+05:30,11152.5,11153.1,11152,11152.5,
2018-01-29T13:08:00+05:30,11152.7,11153.9,11152,11153.5,
2018-01-29T13:09:00+05:30,11153.2,11154.9,11152.2,11153,
2018-01-29T13:10:00+05:30,11152.6,11153.1,11151.6,11151.9,
2018-01-29T13:11:00+05:30,11152.2,11153.2,11151.5,11152,
2018-01-29T13:12:00+05:30,11151.9,11152.6,11150.6,11152,
2018-01-29T13:13:00+05:30,11152,11152.8,11151.5,11151.8,
2018-01-29T13:14:00+05:30,11151.6,11152.7,11151.4,11152,
2018-01-29T13:15:00+05:30,11152,11153.2,11151.8,11152.2,
2018-01-29T13:16:00+05:30,11152.5,11154.7,11151.9,11154,
2018-01-29T13:17:00+05:30,11154.1,11155,11152.4,11153.7,
2018-01-29T13:18:00+05:30,11153.8,11154.5,11152.5,11152.6,
2018-01-29T13:19:00+05:30,11152.5,11153.4,11152.3,11153.1,
2018-01-29T13:20:00+05:30,11153.6,11153.6,11151.8,11152.4,
2018-01-29T13:21:00+05:30,11153,11153.4,11149.9,11151.6,
2018-01-29T13:22:00+05:30,11151.8,11153,11150.8,11152.7,
2018-01-29T13:23:00+05:30,11152.6,11152.8,11150.9,11151,
2018-01-29T13:24:00+05:30,11151,11151,11148.9,11150,
2018-01-29T13:25:00+05:30,11150.1,11153,11147.8,11152.9,
2018-01-29T13:26:00+05:30,11153,11153.8,11150.5,11152.4,
2018-01-29T13:27:00+05:30,11152.4,11153.7,11151.4,11153.6,
2018-01-29T13:28:00+05:30,11153.5,11156.9,11152.8,11156.9,
2018-01-29T13:29:00+05:30,11157.5,11158.4,11156.1,11158.2,
2018-01-29T13:30:00+05:30,11157.7,11171.3,11156.8,11163.6,
2018-01-29T13:31:00+05:30,11163.5,11167.4,11162.5,11167,
2018-01-29T13:32:00+05:30,11167,11168.4,11162,11162,
2018-01-29T13:33:00+05:30,11162.1,11162.1,11158.5,11159.9,
2018-01-29T13:34:00+05:30,11159.9,11163.5,11158,11163.4,
2018-01-29T13:35:00+05:30,11163.5,11163.5,11160.7,11161.3,
2018-01-29T13:36:00+05:30,11161.4,11161.5,11158.9,11159.6,
2018-01-29T13:37:00+05:30,11159.4,11159.9,11157.2,11158.9,
2018-01-29T13:38:00+05:30,11159,11159,11155.8,11157.1,
2018-01-29T13:39:00+05:30,11157,11168,11154.9,11166.4,
2018-01-29T13:40:00+05:30,11166.5,11166.5,11159.5,11160.7,
2018-01-29T13:41:00+05:30,11160.9,11161.5,11158.9,11161.2,
2018-01-29T13:42:00+05:30,11160.7,11160.8,11155.8,11155.8,
2018-01-29T13:43:00+05:30,11156,11158.1,11154.5,11158,
2018-01-29T13:44:00+05:30,11157.9,11162.1,11154.9,11162.1,
2018-01-29T13:45:00+05:30,11162.2,11162.2,11158.8,11160.4,
2018-01-29T13:46:00+05:30,11160.1,11160.5,11158.7,11160,
2018-01-29T13:47:00+05:30,11160.1,11161,11158.2,11161,
2018-01-29T13:48:00+05:30,11161,11161.9,11159.6,11161.2,
2018-01-29T13:49:00+05:30,11161.1,11162.1,11159.8,11161.6,
2018-01-29T13:50:00+05:30,11161.5,11161.7,11159.4,11161.1,
2018-01-29T13:51:00+05:30,11161.1,11161.1,11157.2,11158,
2018-01-29T13:52:00+05:30,11157.9,11157.9,11155.4,11156.9,
2018-01-29T13:53:00+05:30,11156.7,11156.7,11153.6,11154.2,
2018-01-29T13:54:00+05:30,11154.1,11154.9,11152.2,11154.2,
2018-01-29T13:55:00+05:30,11154.4,11154.8,11152.4,11154.5,
2018-01-29T13:56:00+05:30,11154.7,11158,11152.2,11158,
2018-01-29T13:57:00+05:30,11158.1,11158.1,11148.6,11150.1,
2018-01-29T13:58:00+05:30,11149.1,11154.4,11147.9,11154.4,
2018-01-29T13:59:00+05:30,11155.2,11158,11153,11156,
2018-01-29T14:00:00+05:30,11157.1,11157.1,11153.1,11153.1,
2018-01-29T14:01:00+05:30,11153.5,11157.2,11150.7,11155.4,
2018-01-29T14:02:00+05:30,11156.1,11158.2,11152.9,11154,
2018-01-29T14:03:00+05:30,11154,11154.4,11150.8,11152.6,
2018-01-29T14:04:00+05:30,11152.9,11152.9,11150.5,11151.5,
2018-01-29T14:05:00+05:30,11151.4,11152.1,11149.2,11151.1,
2018-01-29T14:06:00+05:30,11150.7,11153,11148.6,11151,
2018-01-29T14:07:00+05:30,11151.4,11151.6,11149.1,11150.9,
2018-01-29T14:08:00+05:30,11151,11153.1,11148.9,11150.9,
2018-01-29T14:09:00+05:30,11151,11151,11145,11145.6,
2018-01-29T14:10:00+05:30,11145.2,11146.1,11143.1,11144.9,
2018-01-29T14:11:00+05:30,11144.5,11147.9,11143.2,11146.4,
2018-01-29T14:12:00+05:30,11146.4,11147.5,11143.8,11144.1,
2018-01-29T14:13:00+05:30,11144.7,11149.7,11143,11147.2,
2018-01-29T14:14:00+05:30,11147.5,11148.5,11145,11147.9,
2018-01-29T14:15:00+05:30,11147.8,11147.8,11143.6,11145.2,
2018-01-29T14:16:00+05:30,11145,11145,11139.5,11140,
2018-01-29T14:17:00+05:30,11140,11141.5,11137.4,11141,
2018-01-29T14:18:00+05:30,11141.1,11142,11139.2,11141.2,
2018-01-29T14:19:00+05:30,11141.4,11141.4,11138.6,11139.4,
2018-01-29T14:20:00+05:30,11139.4,11139.8,11131.9,11132.3,
2018-01-29T14:21:00+05:30,11132,11134.5,11130.2,11134.4,
2018-01-29T14:22:00+05:30,11134.2,11134.5,11130.2,11131.6,
2018-01-29T14:23:00+05:30,11131.6,11131.6,11128.1,11131,
2018-01-29T14:24:00+05:30,11130.9,11130.9,11127.6,11128.2,
2018-01-29T14:25:00+05:30,11128.2,11128.2,11122.3,11125.4,
2018-01-29T14:26:00+05:30,11125.9,11129.5,11124,11127.5,
2018-01-29T14:27:00+05:30,11127.9,11128.5,11125,11127.6,
2018-01-29T14:28:00+05:30,11127.2,11127.2,11118.6,11120.2,
2018-01-29T14:29:00+05:30,11120.9,11120.9,11117.1,11120.2,
2018-01-29T14:30:00+05:30,11121,11121,11111,11113.8,
2018-01-29T14:31:00+05:30,11113.3,11114.5,11111.6,11112,
2018-01-29T14:32:00+05:30,11112.6,11122.3,11109.2,11122.3,
2018-01-29T14:33:00+05:30,11122.9,11128.5,11119.8,11128,
2018-01-29T14:34:00+05:30,11127.9,11127.9,11116.9,11117.5,
2018-01-29T14:35:00+05:30,11117,11127.9,11115.7,11127.4,
2018-01-29T14:36:00+05:30,11127.9,11127.9,11119.2,11124.9,
2018-01-29T14:37:00+05:30,11124.4,11124.4,11118.1,11119,
2018-01-29T14:38:00+05:30,11119.3,11127.4,11117.6,11127.4,
2018-01-29T14:39:00+05:30,11128.2,11138.8,11126.4,11138.8,
2018-01-29T14:40:00+05:30,11140.1,11140.1,11135.1,11136.3,
2018-01-29T14:41:00+05:30,11136.5,11140.2,11134.1,11135.8,
2018-01-29T14:42:00+05:30,11135.5,11137.6,11128.5,11137.6,
2018-01-29T14:43:00+05:30,11137.4,11137.4,11134.6,11135.3,
2018-01-29T14:44:00+05:30,11136,11136,11130.3,11134.2,
2018-01-29T14:45:00+05:30,11133.5,11137.6,11131.5,11135.4,
2018-01-29T14:46:00+05:30,11135.8,11136.1,11132.1,11134.3,
2018-01-29T14:47:00+05:30,11133.5,11136.6,11131.5,11133.1,
2018-01-29T14:48:00+05:30,11133.5,11135.5,11131.6,11133.6,
2018-01-29T14:49:00+05:30,11133.8,11134.7,11131.3,11134.7,
2018-01-29T14:50:00+05:30,11134.6,11139.8,11133.3,11139.5,
2018-01-29T14:51:00+05:30,11139.4,11139.4,11132.1,11133.7,
2018-01-29T14:52:00+05:30,11133.6,11134.7,11131.9,11132.9,
2018-01-29T14:53:00+05:30,11132.9,11135.8,11129.8,11134.6,
2018-01-29T14:54:00+05:30,11135.1,11140.6,11132.3,11140.4,
2018-01-29T14:55:00+05:30,11140.8,11140.8,11135.8,11139.8,
2018-01-29T14:56:00+05:30,11140.2,11140.2,11137.6,11139.3,
2018-01-29T14:57:00+05:30,11138.9,11139.6,11133.2,11133.2,
2018-01-29T14:58:00+05:30,11133.4,11133.4,11126.2,11130,
2018-01-29T14:59:00+05:30,11130,11131.7,11127.5,11130,
2018-01-29T15:00:00+05:30,11130.2,11136.4,11128.4,11134.5,
2018-01-29T15:01:00+05:30,11134.1,11139.9,11133.2,11137.2,
2018-01-29T15:02:00+05:30,11137.1,11140.3,11136.1,11138,
2018-01-29T15:03:00+05:30,11138.5,11138.5,11135.6,11137,
2018-01-29T15:04:00+05:30,11136.9,11139.6,11136.4,11136.8,
2018-01-29T15:05:00+05:30,11136.8,11136.8,11131.6,11132.4,
2018-01-29T15:06:00+05:30,11132.6,11137.4,11131.6,11136,
2018-01-29T15:07:00+05:30,11136.4,11137.6,11134.5,11134.7,
2018-01-29T15:08:00+05:30,11134.9,11135.9,11133,11135,
2018-01-29T15:09:00+05:30,11135.1,11137.8,11134.8,11136.8,
2018-01-29T15:10:00+05:30,11136.7,11136.7,11134.9,11135.4,
2018-01-29T15:11:00+05:30,11135.2,11136.4,11133.7,11136.1,
2018-01-29T15:12:00+05:30,11136,11137.8,11135.1,11136.8,
2018-01-29T15:13:00+05:30,11136.9,11136.9,11134.6,11135.9,
2018-01-29T15:14:00+05:30,11135.2,11135.8,11132.6,11133.1,
2018-01-29T15:15:00+05:30,11133,11134.4,11128.2,11129.4,
2018-01-29T15:16:00+05:30,11128.5,11131,11122.8,11123,
2018-01-29T15:17:00+05:30,11122,11124.1,11119,11119.5,
2018-01-29T15:18:00+05:30,11119.5,11124.6,11118.6,11124.6,
2018-01-29T15:19:00+05:30,11124.6,11127.8,11124.6,11125.4,
2018-01-29T15:20:00+05:30,11126,11127.1,11124.5,11124.8,
2018-01-29T15:21:00+05:30,11124,11125.3,11123,11125,
2018-01-29T15:22:00+05:30,11124.7,11126,11119.1,11119.1,
2018-01-29T15:23:00+05:30,11119.5,11122.5,11119.2,11120.2,
2018-01-29T15:24:00+05:30,11120.4,11123.6,11118.8,11123.6,
2018-01-29T15:25:00+05:30,11124.1,11128.7,11122.2,11128.7,
2018-01-29T15:26:00+05:30,11128.8,11132.9,11127.4,11130.5,
2018-01-29T15:27:00+05:30,11130.9,11131.9,11126.9,11126.9,
2018-01-29T15:28:00+05:30,11126.9,11126.9,11119.2,11125.7,
2018-01-29T15:29:00+05:30,11126.3,11128.8,11124.5,11124.7,
2018-01-30T09:15:00+05:30,11120.9,11120.9,11091,11091,
2018-01-30T09:16:00+05:30,11090.9,11093.4,11085.9,11088.9,
2018-01-30T09:17:00+05:30,11089.8,11089.8,11084.8,11085.9,
2018-01-30T09:18:00+05:30,11086.1,11098.3,11086.1,11097.8,
2018-01-30T09:19:00+05:30,11097.9,11098.8,11089.5,11091.5,
2018-01-30T09:20:00+05:30,11091.3,11092.1,11081.2,11092.1,
2018-01-30T09:21:00+05:30,11092.1,11092.2,11084,11088.5,
2018-01-30T09:22:00+05:30,11088.5,11093,11088.3,11093,
2018-01-30T09:23:00+05:30,11092.4,11093.8,11090,11090.2,
2018-01-30T09:24:00+05:30,11089.4,11091.9,11089.2,11091,
2018-01-30T09:25:00+05:30,11090.5,11098.5,11090.5,11096.9,
2018-01-30T09:26:00+05:30,11096.6,11100.2,11096.5,11097.8,
2018-01-30T09:27:00+05:30,11098,11098,11092.3,11092.7,
2018-01-30T09:28:00+05:30,11092.8,11096.5,11092.8,11096,
2018-01-30T09:29:00+05:30,11096.1,11097,11090.8,11091,
2018-01-30T09:30:00+05:30,11091,11096.3,11091,11091.6,
2018-01-30T09:31:00+05:30,11091.2,11091.5,11089.1,11090.6,
2018-01-30T09:32:00+05:30,11090.8,11092.2,11089.4,11090.3,
2018-01-30T09:33:00+05:30,11090.5,11093,11090,11092.2,
2018-01-30T09:34:00+05:30,11092,11092.6,11089.1,11092.6,
2018-01-30T09:35:00+05:30,11092.8,11099.6,11092.2,11096.7,
2018-01-30T09:36:00+05:30,11097,11097.1,11093,11094,
2018-01-30T09:37:00+05:30,11093.9,11094.3,11086.6,11086.6,
2018-01-30T09:38:00+05:30,11087,11087,11080.9,11082.3,
2018-01-30T09:39:00+05:30,11082.4,11082.6,11079.5,11080,
2018-01-30T09:40:00+05:30,11080.1,11080.5,11074.9,11075,
2018-01-30T09:41:00+05:30,11074.7,11077.7,11074.6,11075.8,
2018-01-30T09:42:00+05:30,11075.5,11077.2,11070,11075.2,
2018-01-30T09:43:00+05:30,11075.2,11075.2,11069.5,11069.5,
2018-01-30T09:44:00+05:30,11069.5,11069.5,11060.9,11065.8,
2018-01-30T09:45:00+05:30,11065.5,11066.8,11063.6,11066.3,
2018-01-30T09:46:00+05:30,11066.4,11068.3,11060.8,11061.9,
2018-01-30T09:47:00+05:30,11062.1,11062.6,11055.6,11062.5,
2018-01-30T09:48:00+05:30,11062.5,11068.2,11062.5,11065.8,
2018-01-30T09:49:00+05:30,11065.5,11072.6,11065.5,11072.6,
2018-01-30T09:50:00+05:30,11072,11073.1,11071,11072.4,
2018-01-30T09:51:00+05:30,11071.8,11072.9,11067,11067.5,
2018-01-30T09:52:00+05:30,11067.1,11069,11062.6,11068.7,
2018-01-30T09:53:00+05:30,11068.5,11068.5,11062.7,11066,
2018-01-30T09:54:00+05:30,11065.9,11067.2,11062.8,11063.3,
2018-01-30T09:55:00+05:30,11063.4,11069.8,11063.4,11069.8,
2018-01-30T09:56:00+05:30,11069,11069.5,11063.9,11064.5,
2018-01-30T09:57:00+05:30,11064,11064.9,11063,11063,
2018-01-30T09:58:00+05:30,11063.6,11063.8,11060.3,11060.7,
2018-01-30T09:59:00+05:30,11060.9,11063,11059.6,11061.7,
2018-01-30T10:00:00+05:30,11061.9,11063,11059.8,11060.3,
2018-01-30T10:01:00+05:30,11060.8,11061.7,11055.9,11056,
2018-01-30T10:02:00+05:30,11055.8,11055.8,11051.4,11051.4,
2018-01-30T10:03:00+05:30,11051.2,11051.6,11042.5,11044.9,
2018-01-30T10:04:00+05:30,11045.3,11049.8,11044,11049.2,
2018-01-30T10:05:00+05:30,11049.6,11049.6,11045.1,11045.1,
2018-01-30T10:06:00+05:30,11046,11046,11043.5,11044.1,
2018-01-30T10:07:00+05:30,11044.5,11048.4,11044,11047.8,
2018-01-30T10:08:00+05:30,11045.5,11054.5,11045.5,11054.5,
2018-01-30T10:09:00+05:30,11054.7,11055.1,11047.1,11047.2,
2018-01-30T10:10:00+05:30,11047.2,11052.6,11046.2,11052.6,
2018-01-30T10:11:00+05:30,11053.1,11057.1,11052.9,11055.5,
2018-01-30T10:12:00+05:30,11055.1,11056,11052.1,11053.4,
2018-01-30T10:13:00+05:30,11053.2,11054.9,11051.3,11052.1,
2018-01-30T10:14:00+05:30,11052.5,11057.5,11052.4,11056.9,
2018-01-30T10:15:00+05:30,11057.8,11058.8,11051.3,11053.4,
2018-01-30T10:16:00+05:30,11053.4,11054.8,11051.5,11053.5,
2018-01-30T10:17:00+05:30,11053.8,11054.5,11047.8,11047.8,
2018-01-30T10:18:00+05:30,11047.4,11054.8,11047.4,11053.9,
2018-01-30T10:19:00+05:30,11053.5,11054.6,11052.5,11052.5,
2018-01-30T10:20:00+05:30,11052.8,11057.8,11052.7,11055.9,
2018-01-30T10:21:00+05:30,11055.2,11057,11054.2,11054.8,
2018-01-30T10:22:00+05:30,11055.7,11057.5,11055,11056.9,
2018-01-30T10:23:00+05:30,11057.5,11059,11057.2,11058,
2018-01-30T10:24:00+05:30,11058.5,11058.9,11056,11056,
2018-01-30T10:25:00+05:30,11056.8,11064.2,11055.5,11058.2,
2018-01-30T10:26:00+05:30,11058.2,11059.3,11056.5,11057.4,
2018-01-30T10:27:00+05:30,11057.6,11058.5,11056.3,11058.2,
2018-01-30T10:28:00+05:30,11058.4,11059.5,11056.8,11058.1,
2018-01-30T10:29:00+05:30,11058.5,11060.3,11057.9,11059.6,
2018-01-30T10:30:00+05:30,11060,11064.2,11059.9,11060.8,
2018-01-30T10:31:00+05:30,11060.7,11061,11058.1,11059.1,
2018-01-30T10:32:00+05:30,11058.9,11060,11057,11057.5,
2018-01-30T10:33:00+05:30,11057.8,11057.8,11051.4,11053.5,
2018-01-30T10:34:00+05:30,11053.7,11054.8,11049.5,11050.5,
2018-01-30T10:35:00+05:30,11050.5,11051.4,11047.5,11051.4,
2018-01-30T10:36:00+05:30,11051,11052.3,11047.3,11048.2,
2018-01-30T10:37:00+05:30,11049,11050.6,11047.9,11049.5,
2018-01-30T10:38:00+05:30,11050.4,11050.4,11047.9,11048.5,
2018-01-30T10:39:00+05:30,11048.1,11051.1,11046.6,11051,
2018-01-30T10:40:00+05:30,11051.1,11057.8,11051.1,11054.5,
2018-01-30T10:41:00+05:30,11054.1,11057.2,11054,11055.8,
2018-01-30T10:42:00+05:30,11056,11057.6,11055.1,11057.1,
2018-01-30T10:43:00+05:30,11056.7,11057.5,11053.5,11053.6,
2018-01-30T10:44:00+05:30,11055.4,11057.4,11054.4,11056,
2018-01-30T10:45:00+05:30,11055.8,11056.5,11053.2,11054,
2018-01-30T10:46:00+05:30,11053.9,11056.9,11052.5,11056.4,
2018-01-30T10:47:00+05:30,11056,11056.6,11054.3,11055.9,
2018-01-30T10:48:00+05:30,11056,11058.5,11055.1,11058.2,
2018-01-30T10:49:00+05:30,11058.6,11059.1,11056,11056,
2018-01-30T10:50:00+05:30,11056.1,11057.6,11054.2,11057.5,
2018-01-30T10:51:00+05:30,11057.4,11060.1,11056.9,11058.5,
2018-01-30T10:52:00+05:30,11059.1,11059.6,11056.6,11057.2,
2018-01-30T10:53:00+05:30,11057.1,11058,11055.7,11056.4,
2018-01-30T10:54:00+05:30,11056.8,11056.9,11055.1,11055.6,
2018-01-30T10:55:00+05:30,11055.7,11055.8,11051.4,11051.8,
2018-01-30T10:56:00+05:30,11052,11054.1,11051.9,11052.6,
2018-01-30T10:57:00+05:30,11053.1,11055,11052.5,11053.4,
2018-01-30T10:58:00+05:30,11053.6,11055.6,11053.6,11055,
2018-01-30T10:59:00+05:30,11055.8,11056.5,11052.6,11053.6,
2018-01-30T11:00:00+05:30,11053,11054,11050.9,11051.5,
2018-01-30T11:01:00+05:30,11051.5,11051.5,11048.1,11050.8,
2018-01-30T11:02:00+05:30,11050.5,11052.8,11050.5,11050.8,
2018-01-30T11:03:00+05:30,11050.7,11052.8,11049.6,11050.4,
2018-01-30T11:04:00+05:30,11050.5,11054.1,11050,11053.5,
2018-01-30T11:05:00+05:30,11053.8,11058.4,11053.8,11057.5,
2018-01-30T11:06:00+05:30,11057.3,11059.1,11055.1,11056.3,
2018-01-30T11:07:00+05:30,11056.1,11058.1,11054.9,11056.5,
2018-01-30T11:08:00+05:30,11056.4,11057.9,11056.1,11056.8,
2018-01-30T11:09:00+05:30,11057,11057.9,11055.5,11057.8,
2018-01-30T11:10:00+05:30,11057.6,11058.7,11056.2,11058.1,
2018-01-30T11:11:00+05:30,11058.6,11061.1,11058.5,11060.9,
2018-01-30T11:12:00+05:30,11061,11061.8,11058,11059,
2018-01-30T11:13:00+05:30,11059.2,11060.9,11057.6,11059.4,
2018-01-30T11:14:00+05:30,11059.2,11060.9,11058.6,11059.2,
2018-01-30T11:15:00+05:30,11058.9,11060,11058.3,11059.6,
2018-01-30T11:16:00+05:30,11059,11060.5,11058.9,11060,
2018-01-30T11:17:00+05:30,11060.1,11060.5,11059,11059,
2018-01-30T11:18:00+05:30,11059.2,11059.3,11055.4,11056.3,
2018-01-30T11:19:00+05:30,11056.5,11059.9,11056.5,11058,
2018-01-30T11:20:00+05:30,11057.9,11062.7,11057.9,11059.9,
2018-01-30T11:21:00+05:30,11060.5,11061,11059.4,11060.8,
2018-01-30T11:22:00+05:30,11060.8,11063,11060.2,11061.9,
2018-01-30T11:23:00+05:30,11061.6,11063.8,11061,11063.8,
2018-01-30T11:24:00+05:30,11065.6,11066.2,11060.9,11061.5,
2018-01-30T11:25:00+05:30,11061.4,11063.5,11060.6,11063.2,
2018-01-30T11:26:00+05:30,11063.3,11065.6,11062.7,11063.5,
2018-01-30T11:27:00+05:30,11063.5,11067.6,11063.4,11067.3,
2018-01-30T11:28:00+05:30,11067.1,11068.6,11066.6,11066.9,
2018-01-30T11:29:00+05:30,11066.6,11067.5,11063.5,11063.7,
2018-01-30T11:30:00+05:30,11063.5,11065.9,11062.8,11064.6,
2018-01-30T11:31:00+05:30,11065.2,11067.2,11065.2,11066,
2018-01-30T11:32:00+05:30,11065.8,11067.9,11065.8,11066.6,
2018-01-30T11:33:00+05:30,11067,11067.2,11064.5,11065.3,
2018-01-30T11:34:00+05:30,11065.6,11066.5,11062.4,11063.2,
2018-01-30T11:35:00+05:30,11063.4,11064.4,11063,11063.7,
2018-01-30T11:36:00+05:30,11063.8,11063.9,11060.3,11060.3,
2018-01-30T11:37:00+05:30,11060.4,11061.3,11059.4,11061,
2018-01-30T11:38:00+05:30,11060.8,11060.8,11058.5,11060,
2018-01-30T11:39:00+05:30,11059.7,11061.1,11057.9,11058.2,
2018-01-30T11:40:00+05:30,11058.5,11058.8,11057.2,11057.9,
2018-01-30T11:41:00+05:30,11058.3,11058.8,11057,11057.2,
2018-01-30T11:42:00+05:30,11057.5,11058.5,11056.5,11056.5,
2018-01-30T11:43:00+05:30,11056.9,11057.5,11056,11056.5,
2018-01-30T11:44:00+05:30,11056.2,11057.1,11055,11055.9,
2018-01-30T11:45:00+05:30,11055.8,11055.8,11052.5,11053.1,
2018-01-30T11:46:00+05:30,11053.1,11054.3,11052.5,11053.4,
2018-01-30T11:47:00+05:30,11053.4,11054.5,11052.5,11052.9,
2018-01-30T11:48:00+05:30,11052.6,11054.2,11052.4,11054.2,
2018-01-30T11:49:00+05:30,11054.1,11058.6,11053.5,11058.6,
2018-01-30T11:50:00+05:30,11058.8,11061.4,11058.8,11059.1,
2018-01-30T11:51:00+05:30,11059.5,11059.8,11054.6,11055,
2018-01-30T11:52:00+05:30,11055.5,11057,11054.9,11056.7,
2018-01-30T11:53:00+05:30,11056.5,11058.8,11055.9,11057.5,
2018-01-30T11:54:00+05:30,11057.9,11058.5,11056.6,11056.9,
2018-01-30T11:55:00+05:30,11057.1,11059.4,11056.6,11059.2,
2018-01-30T11:56:00+05:30,11059.6,11060.3,11057.3,11058.1,
2018-01-30T11:57:00+05:30,11058.8,11060.4,11056.8,11058.3,
2018-01-30T11:58:00+05:30,11058,11058.8,11057.2,11058,
2018-01-30T11:59:00+05:30,11057.9,11058.2,11056,11056.5,
2018-01-30T12:00:00+05:30,11056.2,11057.4,11054.9,11057.1,
2018-01-30T12:01:00+05:30,11057.3,11057.5,11055.4,11055.6,
2018-01-30T12:02:00+05:30,11055.8,11056.1,11053.8,11054.1,
2018-01-30T12:03:00+05:30,11054,11054.6,11051.9,11052.9,
2018-01-30T12:04:00+05:30,11052.5,11053.3,11051.4,11051.6,
2018-01-30T12:05:00+05:30,11051.6,11053.2,11050.9,11053.1,
2018-01-30T12:06:00+05:30,11053.6,11055.9,11053.5,11055.1,
2018-01-30T12:07:00+05:30,11054.8,11056,11053.9,11054,
2018-01-30T12:08:00+05:30,11054,11055,11048.9,11052.9,
2018-01-30T12:09:00+05:30,11052.8,11053.5,11049,11050.1,
2018-01-30T12:10:00+05:30,11050,11051.5,11047.6,11051.1,
2018-01-30T12:11:00+05:30,11051.2,11051.7,11049.5,11050.2,
2018-01-30T12:12:00+05:30,11050.4,11050.8,11047.3,11048.3,
2018-01-30T12:13:00+05:30,11048.2,11049,11044.1,11044.9,
2018-01-30T12:14:00+05:30,11044.7,11044.7,11040.6,11040.9,
2018-01-30T12:15:00+05:30,11040.5,11045.1,11040,11044.9,
2018-01-30T12:16:00+05:30,11045,11045.8,11041.3,11042.4,
2018-01-30T12:17:00+05:30,11042.2,11043.9,11042.1,11043.2,
2018-01-30T12:18:00+05:30,11043.1,11046.8,11042.2,11046.2,
2018-01-30T12:19:00+05:30,11046.5,11046.6,11042.4,11042.5,
2018-01-30T12:20:00+05:30,11043,11044.1,11042.4,11043.2,
2018-01-30T12:21:00+05:30,11043,11043.8,11042.5,11043.4,
2018-01-30T12:22:00+05:30,11043.5,11044.4,11042.2,11044,
2018-01-30T12:23:00+05:30,11044.4,11045.1,11043.2,11044.8,
2018-01-30T12:24:00+05:30,11044.6,11046.5,11043,11043,
2018-01-30T12:25:00+05:30,11043.2,11044.1,11040.8,11041.9,
2018-01-30T12:26:00+05:30,11041.8,11042,11038.4,11039.4,
2018-01-30T12:27:00+05:30,11039.2,11040.4,11036.1,11037.6,
2018-01-30T12:28:00+05:30,11038,11043.1,11037,11043.1,
2018-01-30T12:29:00+05:30,11043.2,11045.5,11042.5,11045.2,
2018-01-30T12:30:00+05:30,11045.3,11046.4,11044,11044.1,
2018-01-30T12:31:00+05:30,11043.9,11046.5,11043.7,11045.6,
2018-01-30T12:32:00+05:30,11046.2,11051.1,11046.2,11049.7,
2018-01-30T12:33:00+05:30,11050,11050.1,11048.3,11049.5,
2018-01-30T12:34:00+05:30,11049.8,11051,11048.6,11050.9,
2018-01-30T12:35:00+05:30,11050.8,11054.8,11050.1,11054.5,
2018-01-30T12:36:00+05:30,11054.6,11056.9,11054.2,11054.4,
2018-01-30T12:37:00+05:30,11054.3,11056.1,11054.3,11054.5,
2018-01-30T12:38:00+05:30,11054.8,11055.9,11052,11052.6,
2018-01-30T12:39:00+05:30,11052.8,11054.7,11051.9,11054.7,
2018-01-30T12:40:00+05:30,11054.5,11055.5,11054.2,11055.1,
2018-01-30T12:41:00+05:30,11055.1,11056,11051.8,11052.3,
2018-01-30T12:42:00+05:30,11052.1,11052.2,11050,11051.4,
2018-01-30T12:43:00+05:30,11051.1,11051.8,11050.3,11050.5,
2018-01-30T12:44:00+05:30,11050.5,11051.7,11049.6,11050.5,
2018-01-30T12:45:00+05:30,11050.5,11054.7,11050.1,11054.7,
2018-01-30T12:46:00+05:30,11055.1,11055.2,11053,11053.3,
2018-01-30T12:47:00+05:30,11052.8,11054.1,11052.1,11053.1,
2018-01-30T12:48:00+05:30,11052.9,11054.9,11052.2,11054,
2018-01-30T12:49:00+05:30,11054,11055.1,11051.8,11052,
2018-01-30T12:50:00+05:30,11052.5,11054,11049.6,11052.4,
2018-01-30T12:51:00+05:30,11052.6,11053.2,11051.6,11052.6,
2018-01-30T12:52:00+05:30,11052.6,11053.3,11051.6,11052.8,
2018-01-30T12:53:00+05:30,11052.7,11053.6,11050,11050.2,
2018-01-30T12:54:00+05:30,11050.2,11051.6,11049.9,11051.4,
2018-01-30T12:55:00+05:30,11051.6,11055.5,11050.5,11052.8,
2018-01-30T12:56:00+05:30,11051.8,11053.2,11050.3,11051.5,
2018-01-30T12:57:00+05:30,11051.6,11051.9,11049.5,11050.5,
2018-01-30T12:58:00+05:30,11050.4,11051,11049,11050.5,
2018-01-30T12:59:00+05:30,11050.5,11051.4,11049.6,11049.8,
2018-01-30T13:00:00+05:30,11050,11050.7,11047.5,11048.4,
2018-01-30T13:01:00+05:30,11048.5,11051.3,11047.9,11051,
2018-01-30T13:02:00+05:30,11051.1,11051.3,11049.2,11049.9,
2018-01-30T13:03:00+05:30,11049.9,11050.3,11047.9,11048.7,
2018-01-30T13:04:00+05:30,11048.8,11051.2,11048.1,11050,
2018-01-30T13:05:00+05:30,11050.8,11054,11049.6,11053.8,
2018-01-30T13:06:00+05:30,11054.1,11056.6,11053.4,11056.6,
2018-01-30T13:07:00+05:30,11056.6,11057,11054.9,11056.5,
2018-01-30T13:08:00+05:30,11057,11057,11054.2,11055.9,
2018-01-30T13:09:00+05:30,11055.2,11055.9,11053.2,11054.5,
2018-01-30T13:10:00+05:30,11055.4,11056.1,11053.6,11055.5,
2018-01-30T13:11:00+05:30,11054.9,11057.4,11054.3,11055,
2018-01-30T13:12:00+05:30,11055.1,11057.6,11053.9,11056.5,
2018-01-30T13:13:00+05:30,11056.7,11059.3,11056,11056,
2018-01-30T13:14:00+05:30,11056.5,11057.2,11055.8,11056.4,
2018-01-30T13:15:00+05:30,11056.5,11057.9,11055.6,11057.9,
2018-01-30T13:16:00+05:30,11057.9,11059,11057.1,11057.4,
2018-01-30T13:17:00+05:30,11057.2,11057.3,11054.8,11056,
2018-01-30T13:18:00+05:30,11056.3,11057.4,11055.4,11056,
2018-01-30T13:19:00+05:30,11056.1,11056.1,11054.2,11054.8,
2018-01-30T13:20:00+05:30,11055,11055.6,11053.8,11054.1,
2018-01-30T13:21:00+05:30,11054.2,11055.3,11053.4,11054.9,
2018-01-30T13:22:00+05:30,11055.4,11056.1,11054.5,11054.5,
2018-01-30T13:23:00+05:30,11054.8,11055.1,11053.4,11054,
2018-01-30T13:24:00+05:30,11053.9,11053.9,11049.1,11049.5,
2018-01-30T13:25:00+05:30,11049.5,11050,11048.2,11048.3,
2018-01-30T13:26:00+05:30,11048.4,11052,11047.3,11051.3,
2018-01-30T13:27:00+05:30,11050.5,11050.8,11049.4,11050.1,
2018-01-30T13:28:00+05:30,11050.1,11051.2,11049.2,11049.6,
2018-01-30T13:29:00+05:30,11049.8,11050.4,11048,11049.1,
2018-01-30T13:30:00+05:30,11049,11049.2,11044.8,11044.9,
2018-01-30T13:31:00+05:30,11044.6,11049.3,11044.2,11047.2,
2018-01-30T13:32:00+05:30,11047.1,11048.9,11046.8,11047.4,
2018-01-30T13:33:00+05:30,11047.1,11051.6,11046.8,11049.1,
2018-01-30T13:34:00+05:30,11049,11050,11047.6,11048.6,
2018-01-30T13:35:00+05:30,11048.9,11060.2,11048.6,11060.2,
2018-01-30T13:36:00+05:30,11060.2,11060.5,11054.4,11056.9,
2018-01-30T13:37:00+05:30,11057,11058.3,11052.1,11054.3,
2018-01-30T13:38:00+05:30,11054.2,11057,11053.8,11056.1,
2018-01-30T13:39:00+05:30,11056,11058.1,11054.9,11055,
2018-01-30T13:40:00+05:30,11055,11058.9,11054.6,11057.2,
2018-01-30T13:41:00+05:30,11057.4,11060.2,11057.1,11059.4,
2018-01-30T13:42:00+05:30,11058.8,11058.8,11056.5,11056.5,
2018-01-30T13:43:00+05:30,11056.2,11062.9,11055.8,11061.8,
2018-01-30T13:44:00+05:30,11061.8,11070.2,11061.4,11069.6,
2018-01-30T13:45:00+05:30,11069,11070.1,11065.2,11066,
2018-01-30T13:46:00+05:30,11065.7,11065.8,11062.7,11065.6,
2018-01-30T13:47:00+05:30,11065.5,11065.9,11064.3,11064.6,
2018-01-30T13:48:00+05:30,11064.5,11066.2,11063.3,11063.6,
2018-01-30T13:49:00+05:30,11063.8,11063.8,11057.8,11058,
2018-01-30T13:50:00+05:30,11058.1,11058.1,11054.9,11055.1,
2018-01-30T13:51:00+05:30,11055.2,11056.4,11052.4,11052.8,
2018-01-30T13:52:00+05:30,11052.8,11052.8,11050.2,11050.4,
2018-01-30T13:53:00+05:30,11050.1,11059.5,11050.1,11058.5,
2018-01-30T13:54:00+05:30,11058.6,11058.6,11055.7,11057.6,
2018-01-30T13:55:00+05:30,11058,11058.3,11056,11057.4,
2018-01-30T13:56:00+05:30,11057.4,11058,11055.5,11057.7,
2018-01-30T13:57:00+05:30,11057.7,11062.5,11056,11058.6,
2018-01-30T13:58:00+05:30,11058.9,11061,11057.5,11061,
2018-01-30T13:59:00+05:30,11061.1,11064.9,11058.7,11064,
2018-01-30T14:00:00+05:30,11064.4,11064.4,11061.8,11062.8,
2018-01-30T14:01:00+05:30,11063,11063,11058,11059.8,
2018-01-30T14:02:00+05:30,11059.2,11063.2,11055.9,11063.2,
2018-01-30T14:03:00+05:30,11063.4,11063.4,11059.1,11059.1,
2018-01-30T14:04:00+05:30,11059.3,11061,11056.8,11061,
2018-01-30T14:05:00+05:30,11061,11061,11057.1,11059.6,
2018-01-30T14:06:00+05:30,11059.2,11060.5,11056.5,11059.6,
2018-01-30T14:07:00+05:30,11059.6,11059.6,11056.6,11056.6,
2018-01-30T14:08:00+05:30,11056.6,11056.6,11053,11053.7,
2018-01-30T14:09:00+05:30,11053.7,11057.5,11051.4,11057.5,
2018-01-30T14:10:00+05:30,11057.1,11057.6,11054.7,11057.1,
2018-01-30T14:11:00+05:30,11057.1,11057.2,11054.5,11054.9,
2018-01-30T14:12:00+05:30,11055,11055,11052.2,11054,
2018-01-30T14:13:00+05:30,11054.1,11054.1,11050.1,11051.6,
2018-01-30T14:14:00+05:30,11052,11052,11048.2,11048.2,
2018-01-30T14:15:00+05:30,11048.4,11049.5,11046,11049.1,
2018-01-30T14:16:00+05:30,11048.8,11049.2,11043.8,11043.8,
2018-01-30T14:17:00+05:30,11043.8,11047.5,11041.1,11046.8,
2018-01-30T14:18:00+05:30,11046.5,11048.8,11043.7,11048.4,
2018-01-30T14:19:00+05:30,11048.9,11049.5,11046.2,11047,
2018-01-30T14:20:00+05:30,11047,11051.7,11044.4,11051.4,
2018-01-30T14:21:00+05:30,11051.6,11052.2,11048.7,11051.9,
2018-01-30T14:22:00+05:30,11052.2,11052.6,11050.6,11051.2,
2018-01-30T14:23:00+05:30,11051,11052.6,11048.5,11052.1,
2018-01-30T14:24:00+05:30,11052.4,11054.7,11050.3,11053.9,
2018-01-30T14:25:00+05:30,11054,11059.7,11052.5,11056.3,
2018-01-30T14:26:00+05:30,11056.5,11057.9,11053.4,11056.8,
2018-01-30T14:27:00+05:30,11057,11058.8,11055.5,11058.5,
2018-01-30T14:28:00+05:30,11057.8,11059.2,11054.9,11055.2,
2018-01-30T14:29:00+05:30,11054.9,11054.9,11050,11052,
2018-01-30T14:30:00+05:30,11051.6,11053.7,11049.2,11053.1,
2018-01-30T14:31:00+05:30,11053.1,11053.8,11050.9,11053.1,
2018-01-30T14:32:00+05:30,11053.3,11054.4,11050.9,11052.2,
2018-01-30T14:33:00+05:30,11052.4,11055,11049,11053,
2018-01-30T14:34:00+05:30,11052.9,11053.1,11050,11052.6,
2018-01-30T14:35:00+05:30,11052.6,11054.2,11050.4,11053.8,
2018-01-30T14:36:00+05:30,11053.9,11054.4,11051.7,11054.1,
2018-01-30T14:37:00+05:30,11054.2,11054.5,11051.8,11054.3,
2018-01-30T14:38:00+05:30,11054.2,11054.2,11051.8,11053.2,
2018-01-30T14:39:00+05:30,11053.1,11053.1,11050,11050.5,
2018-01-30T14:40:00+05:30,11050.2,11051.8,11044,11044,
2018-01-30T14:41:00+05:30,11045,11045,11041.2,11042,
2018-01-30T14:42:00+05:30,11041.9,11043.9,11039.5,11042.1,
2018-01-30T14:43:00+05:30,11042,11048.5,11041,11048.2,
2018-01-30T14:44:00+05:30,11048.7,11049,11045.2,11046,
2018-01-30T14:45:00+05:30,11046.1,11046.1,11043.1,11045,
2018-01-30T14:46:00+05:30,11044.8,11048.4,11042.5,11048.1,
2018-01-30T14:47:00+05:30,11048.4,11049.6,11046.5,11048.8,
2018-01-30T14:48:00+05:30,11048.4,11049.3,11046.1,11049.1,
2018-01-30T14:49:00+05:30,11049.1,11053.1,11046.8,11053.1,
2018-01-30T14:50:00+05:30,11053.5,11056,11050.3,11054.9,
2018-01-30T14:51:00+05:30,11054.7,11056.6,11052.7,11054.7,
2018-01-30T14:52:00+05:30,11054.1,11056.8,11051.2,11056.5,
2018-01-30T14:53:00+05:30,11056.5,11056.5,11051.4,11052,
2018-01-30T14:54:00+05:30,11052,11053.1,11048.5,11053.1,
2018-01-30T14:55:00+05:30,11052.6,11054,11050.9,11053.8,
2018-01-30T14:56:00+05:30,11053.7,11053.7,11050.1,11052.4,
2018-01-30T14:57:00+05:30,11052.6,11054,11049,11054,
2018-01-30T14:58:00+05:30,11054.1,11054.1,11049,11049.2,
2018-01-30T14:59:00+05:30,11049,11051.4,11047.5,11051.3,
2018-01-30T15:00:00+05:30,11050.9,11050.9,11048,11048,
2018-01-30T15:01:00+05:30,11048.1,11049,11046.9,11047.1,
2018-01-30T15:02:00+05:30,11046.8,11047.4,11045.1,11045.6,
2018-01-30T15:03:00+05:30,11045.1,11046.1,11040.8,11041.6,
2018-01-30T15:04:00+05:30,11041,11041.3,11035.5,11035.6,
2018-01-30T15:05:00+05:30,11035.2,11044.5,11034.4,11044.5,
2018-01-30T15:06:00+05:30,11044.9,11045.8,11042.2,11042.2,
2018-01-30T15:07:00+05:30,11042.5,11045.7,11042.2,11044.3,
2018-01-30T15:08:00+05:30,11044.4,11045.4,11042.6,11044.5,
2018-01-30T15:09:00+05:30,11044.5,11046,11043.2,11045.2,
2018-01-30T15:10:00+05:30,11046.1,11046.9,11043.1,11043.1,
2018-01-30T15:11:00+05:30,11043.2,11043.2,11040.8,11041.3,
2018-01-30T15:12:00+05:30,11041.5,11044.3,11041.3,11044.1,
2018-01-30T15:13:00+05:30,11044.7,11046.3,11043.1,11044,
2018-01-30T15:14:00+05:30,11044.9,11049.6,11043,11049.5,
2018-01-30T15:15:00+05:30,11049.9,11053.8,11048.5,11053,
2018-01-30T15:16:00+05:30,11053.1,11053.8,11046,11050.7,
2018-01-30T15:17:00+05:30,11051,11053.2,11050.4,11052.8,
2018-01-30T15:18:00+05:30,11052.2,11054.3,11052.2,11053.8,
2018-01-30T15:19:00+05:30,11054.3,11055.8,11053.4,11055.5,
2018-01-30T15:20:00+05:30,11055.6,11056.9,11054.5,11054.5,
2018-01-30T15:21:00+05:30,11054.9,11055.1,11054,11055,
2018-01-30T15:22:00+05:30,11054.8,11055,11050.8,11051.6,
2018-01-30T15:23:00+05:30,11051.5,11053.2,11049.9,11053,
2018-01-30T15:24:00+05:30,11053.5,11055,11052.6,11052.9,
2018-01-30T15:25:00+05:30,11053.2,11056,11053,11055.5,
2018-01-30T15:26:00+05:30,11055.8,11056.8,11054.9,11055,
2018-01-30T15:27:00+05:30,11055.1,11056.8,11049.5,11051.8,
2018-01-30T15:28:00+05:30,11050.8,11055,11048.8,11053.5,
2018-01-30T15:29:00+05:30,11054.3,11055.4,11049,11049.5,
2018-01-31T09:15:00+05:30,11018.8,11038.4,11013.4,11037.5,
2018-01-31T09:16:00+05:30,11037.4,11043.6,11037.3,11043.6,
2018-01-31T09:17:00+05:30,11043.4,11045.9,11040.4,11040.4,
2018-01-31T09:18:00+05:30,11040.9,11040.9,11029,11029.4,
2018-01-31T09:19:00+05:30,11029,11029,11019.6,11020.1,
2018-01-31T09:20:00+05:30,11019.8,11026,11017.1,11026,
2018-01-31T09:21:00+05:30,11025.9,11034,11025.9,11032,
2018-01-31T09:22:00+05:30,11031.4,11036.5,11031.4,11036.4,
2018-01-31T09:23:00+05:30,11037.5,11038.8,11030.6,11037.4,
2018-01-31T09:24:00+05:30,11037.5,11039.8,11037.5,11037.7,
2018-01-31T09:25:00+05:30,11037.2,11046.7,11035,11044.6,
2018-01-31T09:26:00+05:30,11044.5,11045.5,11041,11041.4,
2018-01-31T09:27:00+05:30,11041.8,11047.2,11039.1,11047.1,
2018-01-31T09:28:00+05:30,11046.7,11052.3,11046.5,11052.3,
2018-01-31T09:29:00+05:30,11053,11053.7,11044.9,11047.5,
2018-01-31T09:30:00+05:30,11047,11054.7,11045.2,11054.7,
2018-01-31T09:31:00+05:30,11055,11058.1,11051,11053.2,
2018-01-31T09:32:00+05:30,11052.2,11053.8,11048,11048.1,
2018-01-31T09:33:00+05:30,11047.9,11048.3,11039.7,11040.1,
2018-01-31T09:34:00+05:30,11040.2,11046.6,11040.2,11044.4,
2018-01-31T09:35:00+05:30,11044.5,11044.6,11040.6,11041,
2018-01-31T09:36:00+05:30,11041.8,11043,11039.5,11040.3,
2018-01-31T09:37:00+05:30,11040.3,11040.3,11037,11038.3,
2018-01-31T09:38:00+05:30,11038.7,11039.5,11037,11038.5,
2018-01-31T09:39:00+05:30,11038.4,11039.9,11035,11035,
2018-01-31T09:40:00+05:30,11034.8,11034.9,11031.3,11034.2,
2018-01-31T09:41:00+05:30,11034.8,11037.4,11034.8,11036.5,
2018-01-31T09:42:00+05:30,11036.9,11044,11036.7,11042.4,
2018-01-31T09:43:00+05:30,11042.9,11043.4,11041.3,11043.2,
2018-01-31T09:44:00+05:30,11042.9,11043.5,11041.8,11043.1,
2018-01-31T09:45:00+05:30,11043.1,11043.4,11041.1,11042.6,
2018-01-31T09:46:00+05:30,11042.3,11044.1,11041,11043.9,
2018-01-31T09:47:00+05:30,11043.6,11044.6,11042.2,11042.4,
2018-01-31T09:48:00+05:30,11042,11042,11035.1,11035.2,
2018-01-31T09:49:00+05:30,11035.7,11042.6,11034.4,11041.1,
2018-01-31T09:50:00+05:30,11041,11041,11038.8,11039.2,
2018-01-31T09:51:00+05:30,11039,11039,11034.7,11035.5,
2018-01-31T09:52:00+05:30,11036.8,11039.8,11036.2,11038.9,
2018-01-31T09:53:00+05:30,11038,11038.1,11035.9,11037,
2018-01-31T09:54:00+05:30,11037,11037,11034.6,11034.6,
2018-01-31T09:55:00+05:30,11034.6,11036,11032.8,11034.8,
2018-01-31T09:56:00+05:30,11034.5,11035,11032.5,11033.5,
2018-01-31T09:57:00+05:30,11033.6,11036.3,11033,11035.6,
2018-01-31T09:58:00+05:30,11035.7,11039.6,11034.9,11039.4,
2018-01-31T09:59:00+05:30,11039.4,11041.8,11039,11039,
2018-01-31T10:00:00+05:30,11038.6,11040.2,11037.5,11039.8,
2018-01-31T10:01:00+05:30,11040.1,11040.4,11035.3,11035.3,
2018-01-31T10:02:00+05:30,11035.9,11036.1,11032.6,11032.9,
2018-01-31T10:03:00+05:30,11032.8,11032.8,11029,11030.4,
2018-01-31T10:04:00+05:30,11031,11034.6,11030.2,11030.2,
2018-01-31T10:05:00+05:30,11030.9,11034,11029.4,11032.6,
2018-01-31T10:06:00+05:30,11033,11033.6,11031.3,11032,
2018-01-31T10:07:00+05:30,11032,11034.1,11032,11032.5,
2018-01-31T10:08:00+05:30,11033,11033,11030.8,11031,
2018-01-31T10:09:00+05:30,11031,11034.2,11030.9,11034.2,
2018-01-31T10:10:00+05:30,11034.5,11040.6,11034,11040,
2018-01-31T10:11:00+05:30,11039.8,11040.9,11038.5,11039.3,
2018-01-31T10:12:00+05:30,11039.5,11039.6,11036.7,11037,
2018-01-31T10:13:00+05:30,11037,11037,11034.9,11036.4,
2018-01-31T10:14:00+05:30,11036.2,11039,11035.8,11038.2,
2018-01-31T10:15:00+05:30,11038.8,11038.8,11035.9,11036.5,
2018-01-31T10:16:00+05:30,11036.3,11037.2,11035,11035,
2018-01-31T10:17:00+05:30,11035.5,11039.2,11035,11038.9,
2018-01-31T10:18:00+05:30,11039,11041.7,11038.9,11041.5,
2018-01-31T10:19:00+05:30,11042,11043.7,11042,11042.4,
2018-01-31T10:20:00+05:30,11042.7,11044.6,11042.6,11043.8,
2018-01-31T10:21:00+05:30,11043.9,11044.5,11042.5,11043.4,
2018-01-31T10:22:00+05:30,11043.4,11043.5,11041.3,11043.5,
2018-01-31T10:23:00+05:30,11043.1,11044,11041.4,11041.8,
2018-01-31T10:24:00+05:30,11041.6,11042.5,11041.1,11041.5,
2018-01-31T10:25:00+05:30,11041.6,11042.4,11040.6,11041.4,
2018-01-31T10:26:00+05:30,11041.3,11041.4,11039,11039.5,
2018-01-31T10:27:00+05:30,11039.3,11039.9,11038.5,11038.9,
2018-01-31T10:28:00+05:30,11038.8,11040.2,11038.6,11039,
2018-01-31T10:29:00+05:30,11039.3,11042.5,11038.5,11041,
2018-01-31T10:30:00+05:30,11041.1,11042,11040.8,11040.8,
2018-01-31T10:31:00+05:30,11041.4,11041.4,11037.4,11038.1,
2018-01-31T10:32:00+05:30,11037.9,11040,11035.4,11040,
2018-01-31T10:33:00+05:30,11040.2,11042.6,11040,11040.9,
2018-01-31T10:34:00+05:30,11041.1,11046.3,11040.8,11045.8,
2018-01-31T10:35:00+05:30,11045.5,11047.1,11045.4,11046.8,
2018-01-31T10:36:00+05:30,11046.5,11047,11040.5,11040.5,
2018-01-31T10:37:00+05:30,11041,11041.2,11039.1,11040.2,
2018-01-31T10:38:00+05:30,11040.7,11041.5,11039.5,11039.8,
2018-01-31T10:39:00+05:30,11040,11040,11037.5,11037.9,
2018-01-31T10:40:00+05:30,11037.9,11038.5,11036.4,11037.7,
2018-01-31T10:41:00+05:30,11037.5,11042.2,11037.5,11041.8,
2018-01-31T10:42:00+05:30,11041.7,11042.1,11038.8,11039.6,
2018-01-31T10:43:00+05:30,11040,11040.5,11033.9,11033.9,
2018-01-31T10:44:00+05:30,11034.3,11035.6,11031.3,11031.3,
2018-01-31T10:45:00+05:30,11031.4,11032.4,11030.9,11031.5,
2018-01-31T10:46:00+05:30,11031.5,11031.6,11028,11028.2,
2018-01-31T10:47:00+05:30,11028,11028.5,11025.5,11026.6,
2018-01-31T10:48:00+05:30,11028,11028.6,11025.1,11028.1,
2018-01-31T10:49:00+05:30,11028.8,11028.8,11022.1,11024.6,
2018-01-31T10:50:00+05:30,11024.6,11025.4,11020.3,11025.4,
2018-01-31T10:51:00+05:30,11024.9,11024.9,11022.6,11024.2,
2018-01-31T10:52:00+05:30,11024.2,11024.9,11021.5,11023.6,
2018-01-31T10:53:00+05:30,11023.7,11024.7,11022.5,11024.7,
2018-01-31T10:54:00+05:30,11023.7,11024.5,11020.4,11020.5,
2018-01-31T10:55:00+05:30,11021.4,11021.5,11017.5,11019.2,
2018-01-31T10:56:00+05:30,11018.8,11019,11016.6,11018,
2018-01-31T10:57:00+05:30,11017.5,11027.4,11017.5,11027.4,
2018-01-31T10:58:00+05:30,11026.9,11027.4,11022.1,11022.1,
2018-01-31T10:59:00+05:30,11022,11023.2,11020.9,11021,
2018-01-31T11:00:00+05:30,11020.6,11021.7,11017,11017,
2018-01-31T11:01:00+05:30,11017,11017.5,11012.5,11016.5,
2018-01-31T11:02:00+05:30,11016.8,11019.8,11016,11019.4,
2018-01-31T11:03:00+05:30,11018.9,11018.9,11013.8,11014.5,
2018-01-31T11:04:00+05:30,11015,11016,11012.9,11015.8,
2018-01-31T11:05:00+05:30,11016.1,11020.6,11015.5,11020.5,
2018-01-31T11:06:00+05:30,11020.5,11020.8,11018.7,11018.9,
2018-01-31T11:07:00+05:30,11019.4,11019.4,11015.4,11017.1,
2018-01-31T11:08:00+05:30,11017.9,11018,11015.8,11016.9,
2018-01-31T11:09:00+05:30,11016.9,11018.1,11014,11014.5,
2018-01-31T11:10:00+05:30,11014.9,11014.9,11012.5,11014.4,
2018-01-31T11:11:00+05:30,11014.9,11022.2,11014.2,11020.8,
2018-01-31T11:12:00+05:30,11020,11020.9,11017.7,11017.7,
2018-01-31T11:13:00+05:30,11017.8,11017.8,11016,11016.5,
2018-01-31T11:14:00+05:30,11016.2,11017.4,11015.3,11017.2,
2018-01-31T11:15:00+05:30,11017.2,11018.4,11016.5,11017.5,
2018-01-31T11:16:00+05:30,11017.5,11019,11016.1,11018.6,
2018-01-31T11:17:00+05:30,11018.5,11021.4,11018.5,11020.6,
2018-01-31T11:18:00+05:30,11020.8,11023.4,11020.3,11022.4,
2018-01-31T11:19:00+05:30,11022.7,11023.9,11021.4,11023.3,
2018-01-31T11:20:00+05:30,11023.5,11024,11022.9,11023,
2018-01-31T11:21:00+05:30,11023.2,11024,11021,11021,
2018-01-31T11:22:00+05:30,11020.8,11022.4,11020.7,11021.6,
2018-01-31T11:23:00+05:30,11021.5,11022,11018.2,11018.2,
2018-01-31T11:24:00+05:30,11018.4,11020.6,11018.2,11020.6,
2018-01-31T11:25:00+05:30,11020,11021.8,11019.5,11021.2,
2018-01-31T11:26:00+05:30,11021.5,11022,11020,11020.3,
2018-01-31T11:27:00+05:30,11020.2,11020.7,11016.5,11016.8,
2018-01-31T11:28:00+05:30,11017,11019,11016.2,11019,
2018-01-31T11:29:00+05:30,11019.1,11019.5,11018.3,11018.7,
2018-01-31T11:30:00+05:30,11018.9,11019.1,11017.2,11018.2,
2018-01-31T11:31:00+05:30,11018.4,11019.2,11018,11018.9,
2018-01-31T11:32:00+05:30,11018.5,11020.2,11017.9,11020.1,
2018-01-31T11:33:00+05:30,11020,11021.1,11017.8,11019.2,
2018-01-31T11:34:00+05:30,11018.9,11018.9,11015.5,11016,
2018-01-31T11:35:00+05:30,11015.9,11020.4,11015.9,11019.9,
2018-01-31T11:36:00+05:30,11020.2,11020.5,11018.8,11019.1,
2018-01-31T11:37:00+05:30,11019.2,11019.8,11018,11018.3,
2018-01-31T11:38:00+05:30,11018,11018.8,11017.5,11018.2,
2018-01-31T11:39:00+05:30,11018.1,11019,11016.5,11017,
2018-01-31T11:40:00+05:30,11016.8,11016.9,11013,11013.9,
2018-01-31T11:41:00+05:30,11014.1,11015.2,11013.6,11014.5,
2018-01-31T11:42:00+05:30,11014.2,11021,11014.2,11021,
2018-01-31T11:43:00+05:30,11021.5,11025.1,11021.2,11022.5,
2018-01-31T11:44:00+05:30,11023.2,11023.2,11020.1,11021.6,
2018-01-31T11:45:00+05:30,11021.5,11022.4,11020.9,11022.2,
2018-01-31T11:46:00+05:30,11022.1,11022.8,11020.7,11021.4,
2018-01-31T11:47:00+05:30,11021.2,11022.2,11020.5,11021.5,
2018-01-31T11:48:00+05:30,11021.4,11024.3,11021.4,11023.9,
2018-01-31T11:49:00+05:30,11024.7,11027.8,11024.5,11026.4,
2018-01-31T11:50:00+05:30,11026.1,11026.7,11025.1,11025.8,
2018-01-31T11:51:00+05:30,11025.6,11027.5,11025.4,11026.4,
2018-01-31T11:52:00+05:30,11026.8,11026.8,11024.2,11024.6,
2018-01-31T11:53:00+05:30,11024.9,11025.1,11022.6,11022.8,
2018-01-31T11:54:00+05:30,11022.9,11023.3,11021.2,11021.9,
2018-01-31T11:55:00+05:30,11022.1,11022.6,11018.5,11019,
2018-01-31T11:56:00+05:30,11019,11019.5,11017.6,11018,
2018-01-31T11:57:00+05:30,11017.2,11018.2,11015.1,11016.8,
2018-01-31T11:58:00+05:30,11016.6,11017.4,11015.6,11016.5,
2018-01-31T11:59:00+05:30,11016.9,11017.2,11015.8,11016.4,
2018-01-31T12:00:00+05:30,11016.5,11017.9,11016.1,11017.7,
2018-01-31T12:01:00+05:30,11017.8,11017.9,11015.7,11015.7,
2018-01-31T12:02:00+05:30,11015.3,11015.3,11012.6,11012.8,
2018-01-31T12:03:00+05:30,11013.1,11014.3,11012.7,11013.6,
2018-01-31T12:04:00+05:30,11013.8,11014.8,11012,11014.8,
2018-01-31T12:05:00+05:30,11014.6,11017.2,11014.1,11015.1,
2018-01-31T12:06:00+05:30,11014.8,11016.7,11014.8,11015.4,
2018-01-31T12:07:00+05:30,11015.8,11016.8,11014.6,11014.9,
2018-01-31T12:08:00+05:30,11015,11015.2,11011,11011.8,
2018-01-31T12:09:00+05:30,11011.5,11015.8,11010.8,11015.2,
2018-01-31T12:10:00+05:30,11015,11020.1,11014.1,11019.6,
2018-01-31T12:11:00+05:30,11019.6,11023.6,11018.9,11023.1,
2018-01-31T12:12:00+05:30,11023,11023.1,11019.7,11020.9,
2018-01-31T12:13:00+05:30,11020.7,11021.1,11019,11020,
2018-01-31T12:14:00+05:30,11020.1,11021,11018,11018.2,
2018-01-31T12:15:00+05:30,11018.2,11018.4,11016.4,11018.1,
2018-01-31T12:16:00+05:30,11018.1,11018.7,11016,11016,
2018-01-31T12:17:00+05:30,11016.1,11017,11014.2,11016.1,
2018-01-31T12:18:00+05:30,11016.1,11016.7,11013.8,11014.5,
2018-01-31T12:19:00+05:30,11014.4,11018.1,11013.5,11017.3,
2018-01-31T12:20:00+05:30,11017.8,11017.8,11012.8,11013.2,
2018-01-31T12:21:00+05:30,11013.7,11017,11013,11014,
2018-01-31T12:22:00+05:30,11013.8,11014.8,11012.5,11012.5,
2018-01-31T12:23:00+05:30,11012.7,11012.7,11009.2,11009.2,
2018-01-31T12:24:00+05:30,11009.2,11010,11008.2,11009,
2018-01-31T12:25:00+05:30,11009,11009.8,11007.5,11009.8,
2018-01-31T12:26:00+05:30,11009.5,11016.6,11009.1,11016.5,
2018-01-31T12:27:00+05:30,11016.3,11018,11014.2,11014.2,
2018-01-31T12:28:00+05:30,11014.1,11015.6,11012,11015.4,
2018-01-31T12:29:00+05:30,11015.3,11016.7,11014.4,11016.1,
2018-01-31T12:30:00+05:30,11016,11017.1,11014,11014.7,
2018-01-31T12:31:00+05:30,11014.9,11014.9,11012.9,11013.2,
2018-01-31T12:32:00+05:30,11013.7,11015.6,11013.7,11015,
2018-01-31T12:33:00+05:30,11014.5,11017.6,11013.6,11017.2,
2018-01-31T12:34:00+05:30,11017.2,11022.2,11017.2,11022.1,
2018-01-31T12:35:00+05:30,11022.4,11026.1,11022.4,11025.3,
2018-01-31T12:36:00+05:30,11025.8,11028,11025.1,11026,
2018-01-31T12:37:00+05:30,11025.7,11026.7,11023.9,11025.1,
2018-01-31T12:38:00+05:30,11024.9,11024.9,11020.5,11021.2,
2018-01-31T12:39:00+05:30,11021.3,11024.3,11021.3,11024.2,
2018-01-31T12:40:00+05:30,11024.5,11026.4,11024.4,11025.4,
2018-01-31T12:41:00+05:30,11025.4,11025.5,11022.8,11023.1,
2018-01-31T12:42:00+05:30,11023.1,11025,11022.9,11023.3,
2018-01-31T12:43:00+05:30,11023.7,11023.7,11021.5,11021.5,
2018-01-31T12:44:00+05:30,11021.5,11022.5,11020.1,11021.6,
2018-01-31T12:45:00+05:30,11021.8,11021.8,11018.9,11018.9,
2018-01-31T12:46:00+05:30,11018.9,11019.4,11013.1,11013.8,
2018-01-31T12:47:00+05:30,11014.1,11019,11014.1,11019,
2018-01-31T12:48:00+05:30,11017.9,11018.9,11013.2,11014.6,
2018-01-31T12:49:00+05:30,11014.6,11016,11013.9,11015.7,
2018-01-31T12:50:00+05:30,11015.5,11018.5,11014.9,11016.2,
2018-01-31T12:51:00+05:30,11016.4,11016.6,11014,11014.9,
2018-01-31T12:52:00+05:30,11014.4,11014.6,11011.9,11012.9,
2018-01-31T12:53:00+05:30,11013.5,11013.5,11011.6,11012.6,
2018-01-31T12:54:00+05:30,11012.3,11012.5,11008.2,11008.7,
2018-01-31T12:55:00+05:30,11008.9,11010.1,11005.8,11005.8,
2018-01-31T12:56:00+05:30,11006.1,11009.9,11004.8,11009.9,
2018-01-31T12:57:00+05:30,11009.8,11010.5,11007.9,11008.5,
2018-01-31T12:58:00+05:30,11009,11010.2,11005.9,11005.9,
2018-01-31T12:59:00+05:30,11005.9,11007,10993.9,10993.9,
2018-01-31T13:00:00+05:30,10994,10998.1,10990,10996.1,
2018-01-31T13:01:00+05:30,10996.1,10997,10992.6,10992.6,
2018-01-31T13:02:00+05:30,10992.8,10998,10991.2,10996.9,
2018-01-31T13:03:00+05:30,10996.6,10998.4,10995.5,10996.6,
2018-01-31T13:04:00+05:30,10997,10997.2,10993.9,10994.8,
2018-01-31T13:05:00+05:30,10995.1,11000,10993.6,10999.1,
2018-01-31T13:06:00+05:30,10999.6,11001.6,10998,10998.2,
2018-01-31T13:07:00+05:30,10998.4,11000.4,10997.1,10999.6,
2018-01-31T13:08:00+05:30,10999.5,11000.1,10997.1,10999.9,
2018-01-31T13:09:00+05:30,10999.6,11002.6,10999.5,11002.5,
2018-01-31T13:10:00+05:30,11002.6,11004.9,11000.9,11003.4,
2018-01-31T13:11:00+05:30,11003.5,11005.7,11003.5,11005,
2018-01-31T13:12:00+05:30,11004.9,11005.5,11003.5,11005.3,
2018-01-31T13:13:00+05:30,11005.5,11006.4,11003.8,11005.5,
2018-01-31T13:14:00+05:30,11005.9,11013.5,11005.7,11012.1,
2018-01-31T13:15:00+05:30,11012.3,11013.4,11010,11010.5,
2018-01-31T13:16:00+05:30,11010.1,11011,11009.1,11010.2,
2018-01-31T13:17:00+05:30,11010.2,11012.5,11007.9,11008,
2018-01-31T13:18:00+05:30,11008,11010.5,11001.6,11005.4,
2018-01-31T13:19:00+05:30,11005.1,11007.4,11002.8,11003.5,
2018-01-31T13:20:00+05:30,11003.6,11005,11003.4,11004.8,
2018-01-31T13:21:00+05:30,11004.6,11006,11001.2,11005.8,
2018-01-31T13:22:00+05:30,11005.8,11005.8,11000.7,11002.1,
2018-01-31T13:23:00+05:30,11002.4,11004.7,11001.2,11003,
2018-01-31T13:24:00+05:30,11003.5,11008.6,11002.7,11008,
2018-01-31T13:25:00+05:30,11008.1,11008.1,11003.8,11005,
2018-01-31T13:26:00+05:30,11004.9,11004.9,11002.9,11002.9,
2018-01-31T13:27:00+05:30,11003,11003.6,11000.5,11003.4,
2018-01-31T13:28:00+05:30,11003.7,11004.6,11001.7,11002.4,
2018-01-31T13:29:00+05:30,11002.9,11004.9,11001.5,11004.5,
2018-01-31T13:30:00+05:30,11004.5,11005.1,11002.1,11002.1,
2018-01-31T13:31:00+05:30,11002.3,11002.9,11000.5,11001.2,
2018-01-31T13:32:00+05:30,11002,11002,10998,10998.4,
2018-01-31T13:33:00+05:30,10998.4,11000.6,10997.9,10998.9,
2018-01-31T13:34:00+05:30,10999.2,10999.2,10996.4,10998.5,
2018-01-31T13:35:00+05:30,10999.4,10999.4,10997,10998.4,
2018-01-31T13:36:00+05:30,10998.9,11003.4,10997.1,11003.4,
2018-01-31T13:37:00+05:30,11003.9,11005.8,11003.4,11005.4,
2018-01-31T13:38:00+05:30,11006,11007.9,11004.8,11006.5,
2018-01-31T13:39:00+05:30,11006.4,11007,11004.8,11005.5,
2018-01-31T13:40:00+05:30,11006,11007.4,11002.6,11002.6,
2018-01-31T13:41:00+05:30,11003.1,11005.8,11001.5,11004.5,
2018-01-31T13:42:00+05:30,11005.2,11006.8,11004.1,11004.9,
2018-01-31T13:43:00+05:30,11005.2,11005.2,11001.6,11001.9,
2018-01-31T13:44:00+05:30,11002.5,11002.5,10999.3,10999.3,
2018-01-31T13:45:00+05:30,10999.8,11002.6,10998.5,11000.3,
2018-01-31T13:46:00+05:30,11000.6,11004.9,10999.5,11003,
2018-01-31T13:47:00+05:30,11003.3,11006.5,11001.9,11004.5,
2018-01-31T13:48:00+05:30,11004.5,11005.1,11001,11001,
2018-01-31T13:49:00+05:30,11000.8,11003.2,10999.8,10999.9,
2018-01-31T13:50:00+05:30,11000.5,11001.9,10998.5,10998.6,
2018-01-31T13:51:00+05:30,10998.5,10999.1,10996.6,10998.9,
2018-01-31T13:52:00+05:30,10998.9,11000,10997.5,10998.3,
2018-01-31T13:53:00+05:30,10998.4,10998.4,10994.7,10995.5,
2018-01-31T13:54:00+05:30,10995.1,10995.1,10987.8,10987.8,
2018-01-31T13:55:00+05:30,10988.5,10988.6,10985.5,10988.4,
2018-01-31T13:56:00+05:30,10988.7,10994.2,10987.2,10993.1,
2018-01-31T13:57:00+05:30,10993,10993.5,10991.1,10992.6,
2018-01-31T13:58:00+05:30,10993.6,10996.4,10991.8,10994.5,
2018-01-31T13:59:00+05:30,10994.6,10995.9,10992.9,10993.8,
2018-01-31T14:00:00+05:30,10993.8,10994.4,10992.5,10993.2,
2018-01-31T14:01:00+05:30,10993.3,10993.3,10986.1,10989.1,
2018-01-31T14:02:00+05:30,10988.8,10988.9,10983.9,10985.5,
2018-01-31T14:03:00+05:30,10985.8,10986.2,10979.4,10982,
2018-01-31T14:04:00+05:30,10982.6,10986,10981.6,10985.3,
2018-01-31T14:05:00+05:30,10985.7,10988.7,10983.5,10988.1,
2018-01-31T14:06:00+05:30,10988,10988,10984.1,10986.4,
2018-01-31T14:07:00+05:30,10986.7,10987.7,10983.8,10987.7,
2018-01-31T14:08:00+05:30,10987.8,10992.4,10986.1,10991.6,
2018-01-31T14:09:00+05:30,10992.9,10992.9,10988.4,10988.4,
2018-01-31T14:10:00+05:30,10988.8,10992.8,10987.5,10991.8,
2018-01-31T14:11:00+05:30,10991.7,10997.4,10991.2,10993.5,
2018-01-31T14:12:00+05:30,10993.4,10998.4,10992,10995.8,
2018-01-31T14:13:00+05:30,10995.7,10998.4,10994.6,10997.5,
2018-01-31T14:14:00+05:30,10997.2,11000.8,10995.2,11000.8,
2018-01-31T14:15:00+05:30,11001,11001,10995.1,10997.8,
2018-01-31T14:16:00+05:30,10997.4,10998.9,10996.1,10998.5,
2018-01-31T14:17:00+05:30,10998.7,10998.7,10996.1,10997.6,
2018-01-31T14:18:00+05:30,10997.2,11000.5,10996.1,11000,
2018-01-31T14:19:00+05:30,11000.2,11000.2,10997.8,10998.8,
2018-01-31T14:20:00+05:30,10999,11000.1,10997.4,10999.8,
2018-01-31T14:21:00+05:30,10999.8,11003.2,10998.2,11002.5,
2018-01-31T14:22:00+05:30,11003.2,11006.9,11001,11001.4,
2018-01-31T14:23:00+05:30,11001.5,11002.7,10999.9,11001.9,
2018-01-31T14:24:00+05:30,11002.4,11002.4,10995.3,11001,
2018-01-31T14:25:00+05:30,11000,11000,10996.5,10998.7,
2018-01-31T14:26:00+05:30,10999.4,11001.2,10999,11000,
2018-01-31T14:27:00+05:30,11000.3,11000.3,10995.1,10996.6,
2018-01-31T14:28:00+05:30,10996.9,10997.8,10992.8,10992.9,
2018-01-31T14:29:00+05:30,10992.9,10992.9,10988.5,10988.5,
2018-01-31T14:30:00+05:30,10988.5,10991.3,10987.9,10990.6,
2018-01-31T14:31:00+05:30,10990.6,10995,10988.8,10989.9,
2018-01-31T14:32:00+05:30,10990.1,10995.7,10989.2,10992.2,
2018-01-31T14:33:00+05:30,10992.1,10992.1,10988.4,10988.8,
2018-01-31T14:34:00+05:30,10988.6,10992.5,10987.4,10991.4,
2018-01-31T14:35:00+05:30,10991.1,10991.1,10987.8,10989.5,
2018-01-31T14:36:00+05:30,10989.8,10989.9,10987.5,10989.1,
2018-01-31T14:37:00+05:30,10989.6,10990.2,10987.4,10989.8,
2018-01-31T14:38:00+05:30,10989.7,10995.3,10987.5,10992.5,
2018-01-31T14:39:00+05:30,10992.6,11001.9,10991.6,11001.9,
2018-01-31T14:40:00+05:30,11003.8,11008.1,11002.9,11007.5,
2018-01-31T14:41:00+05:30,11007.5,11019.2,11006.4,11018.5,
2018-01-31T14:42:00+05:30,11019.2,11030.9,11019.2,11028,
2018-01-31T14:43:00+05:30,11028.5,11029.8,11021.5,11021.5,
2018-01-31T14:44:00+05:30,11021.5,11028.8,11016.9,11028.2,
2018-01-31T14:45:00+05:30,11027.8,11035.4,11025.6,11031.2,
2018-01-31T14:46:00+05:30,11030.8,11030.8,11021.8,11028.9,
2018-01-31T14:47:00+05:30,11028.8,11028.8,11023,11025.2,
2018-01-31T14:48:00+05:30,11025.5,11025.5,11016.5,11019.7,
2018-01-31T14:49:00+05:30,11019.4,11030.4,11018.6,11029.8,
2018-01-31T14:50:00+05:30,11029.7,11033,11024.2,11033,
2018-01-31T14:51:00+05:30,11033.5,11034,11027.9,11033,
2018-01-31T14:52:00+05:30,11033.4,11036.2,11029.1,11029.1,
2018-01-31T14:53:00+05:30,11029.4,11033.2,11027.5,11029.1,
2018-01-31T14:54:00+05:30,11029,11029,11024.6,11028.7,
2018-01-31T14:55:00+05:30,11029,11029,11025.3,11028,
2018-01-31T14:56:00+05:30,11028.3,11029.7,11025.1,11029.1,
2018-01-31T14:57:00+05:30,11029,11030.2,11025.8,11029.4,
2018-01-31T14:58:00+05:30,11029.5,11030.9,11026.4,11030,
2018-01-31T14:59:00+05:30,11030.2,11030.2,11026.6,11027.6,
2018-01-31T15:00:00+05:30,11027.8,11027.8,11021.3,11021.8,
2018-01-31T15:01:00+05:30,11022.1,11027.4,11021.4,11022.8,
2018-01-31T15:02:00+05:30,11023.1,11038.9,11023.1,11038.9,
2018-01-31T15:03:00+05:30,11036.9,11040.2,11035,11037.4,
2018-01-31T15:04:00+05:30,11037.7,11038.5,11034.2,11034.2,
2018-01-31T15:05:00+05:30,11034.1,11034.3,11029,11030.1,
2018-01-31T15:06:00+05:30,11030.5,11033,11029,11029.6,
2018-01-31T15:07:00+05:30,11029,11030,11025.5,11025.5,
2018-01-31T15:08:00+05:30,11024.8,11027.6,11024.5,11027.6,
2018-01-31T15:09:00+05:30,11027.5,11030.5,11026.2,11029.5,
2018-01-31T15:10:00+05:30,11030,11030,11025.5,11026.2,
2018-01-31T15:11:00+05:30,11026.1,11029.8,11025.8,11026.5,
2018-01-31T15:12:00+05:30,11026.5,11027,11022,11023.5,
2018-01-31T15:13:00+05:30,11024.1,11027.8,11023.8,11025.9,
2018-01-31T15:14:00+05:30,11025.9,11027.1,11025.1,11026.5,
2018-01-31T15:15:00+05:30,11026.8,11029,11025.3,11028.2,
2018-01-31T15:16:00+05:30,11028.3,11028.5,11025.4,11027.5,
2018-01-31T15:17:00+05:30,11027.4,11029.2,11027.4,11028.6,
2018-01-31T15:18:00+05:30,11028.2,11029,11026.5,11027.5,
2018-01-31T15:19:00+05:30,11027.6,11028.2,11023.4,11024.8,
2018-01-31T15:20:00+05:30,11024.9,11026.1,11023.4,11025.5,
2018-01-31T15:21:00+05:30,11025.8,11026.1,11023.4,11024.1,
2018-01-31T15:22:00+05:30,11024.2,11024.6,11021.1,11021.6,
2018-01-31T15:23:00+05:30,11021.1,11023,11021.1,11022.1,
2018-01-31T15:24:00+05:30,11022.5,11022.6,11020.8,11021.9,
2018-01-31T15:25:00+05:30,11022.5,11025.4,11022.5,11025.4,
2018-01-31T15:26:00+05:30,11025.1,11028.5,11023.9,11028,
2018-01-31T15:27:00+05:30,11027.9,11029.4,11026.5,11028,
2018-01-31T15:28:00+05:30,11027.8,11031,11026.8,11030.7,
2018-01-31T15:29:00+05:30,11030.1,11031.8,11026.6,11030.7,
