time,open,high,low,close,volume
2023-12-01T09:15:00+05:30,20194.1,20218.8,20183.7,20212.5,
2023-12-01T09:16:00+05:30,20208.8,20212.5,20199.7,20208.5,
2023-12-01T09:17:00+05:30,20209,20214,20203,20214,
2023-12-01T09:18:00+05:30,20216.4,20225.8,20215.2,20223.1,
2023-12-01T09:19:00+05:30,20221.3,20226.8,20219.1,20220.1,
2023-12-01T09:20:00+05:30,20219.8,20227.4,20218.6,20224,
2023-12-01T09:21:00+05:30,20222.4,20228.1,20218,20220.5,
2023-12-01T09:22:00+05:30,20222,20222,20212.8,20218.2,
2023-12-01T09:23:00+05:30,20218.2,20221.8,20216,20216.8,
2023-12-01T09:24:00+05:30,20218.2,20221.7,20216.2,20220,
2023-12-01T09:25:00+05:30,20219.7,20224,20216.5,20223.2,
2023-12-01T09:26:00+05:30,20223.7,20232.1,20223.2,20227.7,
2023-12-01T09:27:00+05:30,20228.3,20230.2,20222.8,20224.1,
2023-12-01T09:28:00+05:30,20224.3,20226.8,20219.2,20225.8,
2023-12-01T09:29:00+05:30,20227.2,20229.2,20224.4,20226.2,
2023-12-01T09:30:00+05:30,20228.2,20232.8,20225.5,20228,
2023-12-01T09:31:00+05:30,20228.7,20233,20227.6,20230.8,
2023-12-01T09:32:00+05:30,20231,20234,20229,20231.3,
2023-12-01T09:33:00+05:30,20231.8,20238.5,20230.3,20236,
2023-12-01T09:34:00+05:30,20235,20236.2,20225.7,20226.6,
2023-12-01T09:35:00+05:30,20227.3,20227.3,20218.3,20223.2,
2023-12-01T09:36:00+05:30,20222.2,20224.9,20221.2,20222.2,
2023-12-01T09:37:00+05:30,20222.8,20223.2,20214.7,20214.7,
2023-12-01T09:38:00+05:30,20215.5,20222.8,20212.2,20222,
2023-12-01T09:39:00+05:30,20222,20223.7,20216.8,20221,
2023-12-01T09:40:00+05:30,20220.8,20224.3,20218,20224,
2023-12-01T09:41:00+05:30,20223.4,20226.5,20220,20220.9,
2023-12-01T09:42:00+05:30,20221.2,20223.5,20219.5,20223.5,
2023-12-01T09:43:00+05:30,20223.1,20223.7,20219.7,20222.7,
2023-12-01T09:44:00+05:30,20222,20222,20217.6,20219.7,
2023-12-01T09:45:00+05:30,20220,20225,20216.2,20222.3,
2023-12-01T09:46:00+05:30,20222.3,20223.3,20217.5,20218.6,
2023-12-01T09:47:00+05:30,20218.6,20221.8,20214.7,20216.5,
2023-12-01T09:48:00+05:30,20215.8,20226.4,20215.8,20224.2,
2023-12-01T09:49:00+05:30,20224.7,20232.3,20223.7,20232.3,
2023-12-01T09:50:00+05:30,20230.7,20240.8,20227.3,20238.7,
2023-12-01T09:51:00+05:30,20242.2,20245.2,20234.9,20240.6,
2023-12-01T09:52:00+05:30,20241.2,20247.8,20240.5,20247,
2023-12-01T09:53:00+05:30,20246.1,20255.2,20245.1,20252.5,
2023-12-01T09:54:00+05:30,20255.2,20258.5,20251.1,20254.7,
2023-12-01T09:55:00+05:30,20253.3,20253.3,20243,20246.8,
2023-12-01T09:56:00+05:30,20247,20256.3,20246.2,20256,
2023-12-01T09:57:00+05:30,20255.8,20259.5,20254.5,20257.4,
2023-12-01T09:58:00+05:30,20257.7,20258.7,20255.5,20258.2,
2023-12-01T09:59:00+05:30,20257.5,20258.7,20253.5,20254.5,
2023-12-01T10:00:00+05:30,20254.3,20258.5,20254.3,20254.7,
2023-12-01T10:01:00+05:30,20254.2,20257.5,20252.2,20254.4,
2023-12-01T10:02:00+05:30,20254.6,20257.5,20247.2,20257.5,
2023-12-01T10:03:00+05:30,20257.5,20257.5,20252.3,20252.8,
2023-12-01T10:04:00+05:30,20251.8,20252.8,20248.7,20249.2,
2023-12-01T10:05:00+05:30,20251,20253.7,20244.9,20246.5,
2023-12-01T10:06:00+05:30,20247.1,20250.3,20245.5,20249.5,
2023-12-01T10:07:00+05:30,20249.2,20249.8,20244.3,20246.9,
2023-12-01T10:08:00+05:30,20246,20246.8,20238.8,20238.8,
2023-12-01T10:09:00+05:30,20239.9,20246.6,20235.3,20246.2,
2023-12-01T10:10:00+05:30,20245.7,20248.4,20242,20244.6,
2023-12-01T10:11:00+05:30,20243.2,20261.3,20239.5,20259.2,
2023-12-01T10:12:00+05:30,20260.7,20263.8,20257.5,20259.8,
2023-12-01T10:13:00+05:30,20260.7,20261.8,20257.7,20258.8,
2023-12-01T10:14:00+05:30,20258.5,20259,20254.6,20258.7,
2023-12-01T10:15:00+05:30,20257.5,20258.2,20252.2,20254.6,
2023-12-01T10:16:00+05:30,20254.3,20255.7,20251.8,20253.7,
2023-12-01T10:17:00+05:30,20252.9,20260.5,20252.5,20260,
2023-12-01T10:18:00+05:30,20259.7,20263.1,20259.3,20260.5,
2023-12-01T10:19:00+05:30,20260.8,20261.9,20256.5,20261.2,
2023-12-01T10:20:00+05:30,20261.3,20261.5,20256.8,20258.7,
2023-12-01T10:21:00+05:30,20258.5,20260.7,20256,20257.7,
2023-12-01T10:22:00+05:30,20257.3,20259.8,20255.7,20258.7,
2023-12-01T10:23:00+05:30,20258.8,20259,20253.5,20258,
2023-12-01T10:24:00+05:30,20259.1,20260.8,20255.8,20260.8,
2023-12-01T10:25:00+05:30,20262.2,20264,20256.3,20261.5,
2023-12-01T10:26:00+05:30,20261.1,20264.5,20260.1,20263,
2023-12-01T10:27:00+05:30,20263.1,20268.6,20260.2,20262.5,
2023-12-01T10:28:00+05:30,20263.8,20267.7,20260.5,20260.5,
2023-12-01T10:29:00+05:30,20261.1,20264.3,20258.8,20260.8,
2023-12-01T10:30:00+05:30,20260,20264,20252.8,20255.7,
2023-12-01T10:31:00+05:30,20256.2,20259,20253.6,20257.8,
2023-12-01T10:32:00+05:30,20258.2,20260.3,20257.2,20258,
2023-12-01T10:33:00+05:30,20257.3,20267.3,20257.3,20267,
2023-12-01T10:34:00+05:30,20267.2,20269.2,20261.8,20263.7,
2023-12-01T10:35:00+05:30,20263.7,20265.1,20262.5,20263,
2023-12-01T10:36:00+05:30,20263.1,20263.1,20259,20261.5,
2023-12-01T10:37:00+05:30,20262,20262.2,20258.3,20258.3,
2023-12-01T10:38:00+05:30,20258.7,20261.8,20258.2,20261.5,
2023-12-01T10:39:00+05:30,20259.3,20266.8,20259.3,20266.8,
2023-12-01T10:40:00+05:30,20265.6,20266.5,20262,20265,
2023-12-01T10:41:00+05:30,20264.5,20265.8,20261.2,20261.8,
2023-12-01T10:42:00+05:30,20261.2,20261.8,20256.8,20261,
2023-12-01T10:43:00+05:30,20262.3,20263.6,20259.3,20263,
2023-12-01T10:44:00+05:30,20263.2,20263.3,20257.8,20261.2,
2023-12-01T10:45:00+05:30,20261.9,20261.9,20256.5,20256.7,
2023-12-01T10:46:00+05:30,20258.3,20261.2,20258.3,20260.5,
2023-12-01T10:47:00+05:30,20258.7,20264.6,20256.3,20264.6,
2023-12-01T10:48:00+05:30,20263.4,20263.8,20260,20263.2,
2023-12-01T10:49:00+05:30,20262.8,20263.6,20259.9,20262.7,
2023-12-01T10:50:00+05:30,20262,20266,20261.4,20262.2,
2023-12-01T10:51:00+05:30,20261.9,20263.3,20255.2,20255.2,
2023-12-01T10:52:00+05:30,20258.5,20259.4,20255.3,20259.1,
2023-12-01T10:53:00+05:30,20258.8,20259.7,20256.3,20256.5,
2023-12-01T10:54:00+05:30,20256.3,20258.6,20256.3,20257.4,
2023-12-01T10:55:00+05:30,20256.8,20260,20252.5,20256.2,
2023-12-01T10:56:00+05:30,20255.7,20256.5,20253.7,20254.5,
2023-12-01T10:57:00+05:30,20254,20257.2,20253.5,20256.6,
2023-12-01T10:58:00+05:30,20256.1,20261.8,20255.8,20261.2,
2023-12-01T10:59:00+05:30,20260.7,20264.6,20260.5,20263.2,
2023-12-01T11:00:00+05:30,20262.8,20270.2,20262.8,20270,
2023-12-01T11:01:00+05:30,20270.5,20272.8,20265.5,20266,
2023-12-01T11:02:00+05:30,20266.1,20267.8,20263.3,20267.8,
2023-12-01T11:03:00+05:30,20267.8,20267.8,20264.5,20265.5,
2023-12-01T11:04:00+05:30,20266,20268.4,20264.8,20267.7,
2023-12-01T11:05:00+05:30,20267.5,20271.3,20267,20270.3,
2023-12-01T11:06:00+05:30,20269.4,20271.5,20265.2,20266,
2023-12-01T11:07:00+05:30,20266.2,20268.2,20264.2,20267.3,
2023-12-01T11:08:00+05:30,20267.2,20267.2,20260.8,20262.3,
2023-12-01T11:09:00+05:30,20262.7,20264.8,20259.2,20259.8,
2023-12-01T11:10:00+05:30,20260.3,20263.8,20258.8,20263.8,
2023-12-01T11:11:00+05:30,20262.7,20263.5,20259.5,20261.5,
2023-12-01T11:12:00+05:30,20262.3,20265.8,20261.9,20263.7,
2023-12-01T11:13:00+05:30,20265.2,20267,20263,20263.8,
2023-12-01T11:14:00+05:30,20264,20267.3,20262,20263.1,
2023-12-01T11:15:00+05:30,20263.2,20265.7,20261.5,20261.5,
2023-12-01T11:16:00+05:30,20261.8,20265,20260,20263.2,
2023-12-01T11:17:00+05:30,20262,20264.3,20261,20262.8,
2023-12-01T11:18:00+05:30,20262.7,20266.6,20262.5,20264.2,
2023-12-01T11:19:00+05:30,20263.9,20264.5,20261.3,20262.9,
2023-12-01T11:20:00+05:30,20262.8,20264,20261,20262.3,
2023-12-01T11:21:00+05:30,20262.5,20262.6,20259.2,20261.2,
2023-12-01T11:22:00+05:30,20260.5,20260.5,20257,20257.7,
2023-12-01T11:23:00+05:30,20257,20257.7,20255.8,20256.2,
2023-12-01T11:24:00+05:30,20256.1,20257.2,20254.8,20257,
2023-12-01T11:25:00+05:30,20256.9,20261,20256.6,20261,
2023-12-01T11:26:00+05:30,20260.5,20276.8,20260.5,20272.5,
2023-12-01T11:27:00+05:30,20272.8,20275.8,20269.7,20274.8,
2023-12-01T11:28:00+05:30,20274.8,20279.6,20274.8,20277.7,
2023-12-01T11:29:00+05:30,20277.6,20280.5,20276.7,20279.9,
2023-12-01T11:30:00+05:30,20278.8,20280.8,20274.2,20277,
2023-12-01T11:31:00+05:30,20277.2,20279.3,20275.1,20278.5,
2023-12-01T11:32:00+05:30,20277.6,20281,20274,20274.3,
2023-12-01T11:33:00+05:30,20274.2,20277,20273.6,20276.5,
2023-12-01T11:34:00+05:30,20276,20278,20273.2,20277,
2023-12-01T11:35:00+05:30,20276.4,20277.3,20272.2,20274.5,
2023-12-01T11:36:00+05:30,20274.5,20274.7,20271.3,20274.2,
2023-12-01T11:37:00+05:30,20273.8,20275,20270.5,20273.2,
2023-12-01T11:38:00+05:30,20272.5,20273.8,20270.5,20272.3,
2023-12-01T11:39:00+05:30,20273.2,20277.5,20272.5,20277.3,
2023-12-01T11:40:00+05:30,20276.8,20279.8,20276,20277.8,
2023-12-01T11:41:00+05:30,20278.3,20279.2,20275.4,20275.6,
2023-12-01T11:42:00+05:30,20275,20276.8,20273.6,20274.4,
2023-12-01T11:43:00+05:30,20275.5,20276.8,20274.3,20276.1,
2023-12-01T11:44:00+05:30,20276.3,20278.9,20274.3,20275.4,
2023-12-01T11:45:00+05:30,20276.9,20278.6,20273.2,20275.5,
2023-12-01T11:46:00+05:30,20276,20277.2,20272.7,20275.5,
2023-12-01T11:47:00+05:30,20276.7,20278.3,20275,20277,
2023-12-01T11:48:00+05:30,20276.2,20279.1,20274.8,20277.5,
2023-12-01T11:49:00+05:30,20277.1,20279.4,20275.5,20277,
2023-12-01T11:50:00+05:30,20276.7,20278.8,20275.5,20277.7,
2023-12-01T11:51:00+05:30,20277,20278.8,20275.8,20277.7,
2023-12-01T11:52:00+05:30,20277.1,20279.1,20275.7,20277,
2023-12-01T11:53:00+05:30,20277.1,20278.5,20275,20275.9,
2023-12-01T11:54:00+05:30,20275.3,20281.5,20274.7,20279.2,
2023-12-01T11:55:00+05:30,20278.8,20281.2,20275.5,20276.3,
2023-12-01T11:56:00+05:30,20276.5,20279.2,20276.5,20278.5,
2023-12-01T11:57:00+05:30,20278,20279.5,20275.9,20277.7,
2023-12-01T11:58:00+05:30,20277.9,20281,20276.3,20278.9,
2023-12-01T11:59:00+05:30,20278.4,20283.2,20277.7,20281.5,
2023-12-01T12:00:00+05:30,20281.2,20283.9,20279.5,20282.6,
2023-12-01T12:01:00+05:30,20283.6,20284.1,20278.2,20280.3,
2023-12-01T12:02:00+05:30,20279.8,20281.2,20276,20279.3,
2023-12-01T12:03:00+05:30,20278.8,20282.3,20278,20281.3,
2023-12-01T12:04:00+05:30,20282,20282.8,20276.7,20280.8,
2023-12-01T12:05:00+05:30,20281,20284.5,20279.8,20281.2,
2023-12-01T12:06:00+05:30,20280.1,20285.2,20279.1,20281.5,
2023-12-01T12:07:00+05:30,20281,20282.2,20275.5,20277.5,
2023-12-01T12:08:00+05:30,20276.7,20283.8,20276.7,20281.8,
2023-12-01T12:09:00+05:30,20281.1,20283.7,20278.2,20278.8,
2023-12-01T12:10:00+05:30,20278.4,20281.8,20278.2,20280.2,
2023-12-01T12:11:00+05:30,20280.1,20283.2,20280.1,20281.2,
2023-12-01T12:12:00+05:30,20280.7,20283,20279.5,20281.7,
2023-12-01T12:13:00+05:30,20282,20283,20276.5,20278.8,
2023-12-01T12:14:00+05:30,20278.1,20279.5,20265,20268.3,
2023-12-01T12:15:00+05:30,20267,20275.2,20267,20274.3,
2023-12-01T12:16:00+05:30,20274.6,20277.5,20271.2,20272.5,
2023-12-01T12:17:00+05:30,20272.9,20275.3,20270.7,20274.5,
2023-12-01T12:18:00+05:30,20274.5,20275.6,20272,20272.5,
2023-12-01T12:19:00+05:30,20273.5,20275.2,20271.3,20273,
2023-12-01T12:20:00+05:30,20273,20275.2,20269,20271.4,
2023-12-01T12:21:00+05:30,20269.7,20274.5,20269.7,20273.8,
2023-12-01T12:22:00+05:30,20273.8,20277.2,20272.5,20277.2,
2023-12-01T12:23:00+05:30,20275.8,20278,20269.1,20272.1,
2023-12-01T12:24:00+05:30,20271.3,20273.1,20268.7,20269.7,
2023-12-01T12:25:00+05:30,20270.3,20274.9,20270.3,20274,
2023-12-01T12:26:00+05:30,20273,20275.5,20272.2,20274,
2023-12-01T12:27:00+05:30,20276.1,20277.1,20273,20274.5,
2023-12-01T12:28:00+05:30,20274.7,20275.4,20271.8,20273.5,
2023-12-01T12:29:00+05:30,20273.5,20276.3,20273.2,20275.3,
2023-12-01T12:30:00+05:30,20274.8,20275.8,20268.4,20270,
2023-12-01T12:31:00+05:30,20270,20271.1,20266.6,20269.3,
2023-12-01T12:32:00+05:30,20269.1,20272.7,20267.5,20271,
2023-12-01T12:33:00+05:30,20270.5,20275.2,20270.5,20272.7,
2023-12-01T12:34:00+05:30,20272.7,20274.6,20270.6,20273.2,
2023-12-01T12:35:00+05:30,20273.2,20275.8,20272,20274.2,
2023-12-01T12:36:00+05:30,20274,20274.9,20270.8,20273.7,
2023-12-01T12:37:00+05:30,20274.1,20275.5,20271.6,20274,
2023-12-01T12:38:00+05:30,20274,20276.1,20273,20274.8,
2023-12-01T12:39:00+05:30,20274.7,20279.8,20274.1,20277.2,
2023-12-01T12:40:00+05:30,20277.8,20281,20276.4,20279.7,
2023-12-01T12:41:00+05:30,20279.8,20280.5,20277.5,20278.8,
2023-12-01T12:42:00+05:30,20278.8,20281.6,20275.2,20276.6,
2023-12-01T12:43:00+05:30,20276.8,20278.3,20273.5,20276.2,
2023-12-01T12:44:00+05:30,20276.2,20278.1,20274.8,20277.3,
2023-12-01T12:45:00+05:30,20276.5,20277.5,20273.7,20277.5,
2023-12-01T12:46:00+05:30,20277.7,20278.7,20275.2,20278.5,
2023-12-01T12:47:00+05:30,20277.3,20279.5,20275,20275.8,
2023-12-01T12:48:00+05:30,20275.9,20277,20273.8,20276.5,
2023-12-01T12:49:00+05:30,20276,20277.6,20274.3,20276.8,
2023-12-01T12:50:00+05:30,20276.2,20277.2,20274,20277.1,
2023-12-01T12:51:00+05:30,20276.5,20277.8,20273.2,20274.9,
2023-12-01T12:52:00+05:30,20274.7,20277,20274,20276,
2023-12-01T12:53:00+05:30,20275.8,20278,20274.3,20277.5,
2023-12-01T12:54:00+05:30,20277,20278,20275,20276.6,
2023-12-01T12:55:00+05:30,20276.7,20280.5,20276,20279.9,
2023-12-01T12:56:00+05:30,20279.5,20281.5,20277.7,20280.2,
2023-12-01T12:57:00+05:30,20280.6,20281.5,20278.5,20278.5,
2023-12-01T12:58:00+05:30,20279.8,20279.8,20274.3,20277.5,
2023-12-01T12:59:00+05:30,20277.5,20278.2,20274.5,20277.4,
2023-12-01T13:00:00+05:30,20278,20279.4,20274.7,20279.3,
2023-12-01T13:01:00+05:30,20278.8,20278.8,20275.4,20277.5,
2023-12-01T13:02:00+05:30,20275.1,20278.8,20272,20274.7,
2023-12-01T13:03:00+05:30,20275,20275,20268.4,20273.8,
2023-12-01T13:04:00+05:30,20275,20286.3,20274.7,20281.4,
2023-12-01T13:05:00+05:30,20279,20280.8,20271.3,20272.6,
2023-12-01T13:06:00+05:30,20273.9,20276.8,20273.1,20274.6,
2023-12-01T13:07:00+05:30,20275.2,20278.5,20273.5,20275.7,
2023-12-01T13:08:00+05:30,20276.3,20278.5,20273.2,20274.7,
2023-12-01T13:09:00+05:30,20274.5,20276.7,20272.8,20274.6,
2023-12-01T13:10:00+05:30,20274.7,20276,20272.5,20273.8,
2023-12-01T13:11:00+05:30,20273.6,20275.6,20272.2,20272.8,
2023-12-01T13:12:00+05:30,20274.2,20275.3,20271.5,20273.2,
2023-12-01T13:13:00+05:30,20274,20277.5,20272.8,20274.3,
2023-12-01T13:14:00+05:30,20275.3,20278,20274.2,20277.3,
2023-12-01T13:15:00+05:30,20277.8,20278.3,20274.8,20275.2,
2023-12-01T13:16:00+05:30,20276.7,20277.3,20274.3,20274.6,
2023-12-01T13:17:00+05:30,20275.8,20276.9,20272.8,20273,
2023-12-01T13:18:00+05:30,20273.8,20275.5,20272.2,20272.6,
2023-12-01T13:19:00+05:30,20273.5,20274,20268.7,20269,
2023-12-01T13:20:00+05:30,20270.2,20271.8,20268,20269.7,
2023-12-01T13:21:00+05:30,20269.7,20272.5,20269.3,20270.5,
2023-12-01T13:22:00+05:30,20270.3,20272.3,20268.7,20270.3,
2023-12-01T13:23:00+05:30,20271,20273.1,20270,20272.3,
2023-12-01T13:24:00+05:30,20272.5,20275.5,20272.2,20274.9,
2023-12-01T13:25:00+05:30,20275.2,20276.5,20273.8,20275.5,
2023-12-01T13:26:00+05:30,20275.6,20277.7,20271.9,20273.5,
2023-12-01T13:27:00+05:30,20276,20276.3,20271.5,20272.9,
2023-12-01T13:28:00+05:30,20273.3,20275.8,20273.2,20275.2,
2023-12-01T13:29:00+05:30,20274.3,20275.8,20270.8,20272.3,
2023-12-01T13:30:00+05:30,20273.2,20274.5,20272.7,20273.8,
2023-12-01T13:31:00+05:30,20274.1,20279.3,20273,20277.1,
2023-12-01T13:32:00+05:30,20276.7,20277,20271.5,20273.1,
2023-12-01T13:33:00+05:30,20273.8,20276.8,20273,20275.7,
2023-12-01T13:34:00+05:30,20275.8,20275.9,20267.8,20268.3,
2023-12-01T13:35:00+05:30,20267.9,20270.5,20264.5,20269.1,
2023-12-01T13:36:00+05:30,20269.7,20272.9,20268.8,20270.7,
2023-12-01T13:37:00+05:30,20270.3,20277.2,20270.2,20276.4,
2023-12-01T13:38:00+05:30,20277.3,20278.2,20272.7,20274.3,
2023-12-01T13:39:00+05:30,20274,20276.7,20273.5,20274.2,
2023-12-01T13:40:00+05:30,20274.8,20276.6,20273.2,20276.2,
2023-12-01T13:41:00+05:30,20276.8,20279.3,20276,20278.2,
2023-12-01T13:42:00+05:30,20278.1,20281.5,20275.7,20276.2,
2023-12-01T13:43:00+05:30,20276.7,20276.9,20271.8,20273.2,
2023-12-01T13:44:00+05:30,20273.2,20276.3,20271.6,20275.1,
2023-12-01T13:45:00+05:30,20275.8,20276.9,20273.8,20275.9,
2023-12-01T13:46:00+05:30,20276.4,20277.5,20274.2,20274.5,
2023-12-01T13:47:00+05:30,20275.7,20277.8,20273.8,20274.8,
2023-12-01T13:48:00+05:30,20275.3,20277.7,20274.5,20274.8,
2023-12-01T13:49:00+05:30,20276.3,20280.4,20276.1,20279.9,
2023-12-01T13:50:00+05:30,20279.7,20282.3,20279.2,20280.7,
2023-12-01T13:51:00+05:30,20281.5,20283,20277,20278.8,
2023-12-01T13:52:00+05:30,20278.5,20280.5,20276.7,20277.7,
2023-12-01T13:53:00+05:30,20277.7,20278.3,20274.2,20276.7,
2023-12-01T13:54:00+05:30,20276.4,20277.8,20275.2,20275.7,
2023-12-01T13:55:00+05:30,20275.6,20281.2,20275.2,20278.6,
2023-12-01T13:56:00+05:30,20279,20279,20273.1,20275,
2023-12-01T13:57:00+05:30,20276.1,20277,20273.8,20274.3,
2023-12-01T13:58:00+05:30,20275,20277.2,20274,20274.2,
2023-12-01T13:59:00+05:30,20274.8,20279.3,20274.2,20277.2,
2023-12-01T14:00:00+05:30,20277.4,20281,20276.3,20280.5,
2023-12-01T14:01:00+05:30,20281.2,20284.2,20280.7,20281.5,
2023-12-01T14:02:00+05:30,20281.5,20281.8,20278.4,20281.5,
2023-12-01T14:03:00+05:30,20281.6,20284.2,20280.5,20282.8,
2023-12-01T14:04:00+05:30,20282.2,20288.2,20281,20286,
2023-12-01T14:05:00+05:30,20287,20291.5,20286.3,20289,
2023-12-01T14:06:00+05:30,20289.7,20289.7,20282.8,20282.8,
2023-12-01T14:07:00+05:30,20281.8,20282.7,20267.7,20272.8,
2023-12-01T14:08:00+05:30,20274.5,20282.5,20274.5,20279.3,
2023-12-01T14:09:00+05:30,20280.7,20284.4,20279,20281.5,
2023-12-01T14:10:00+05:30,20282.7,20283,20278.7,20280,
2023-12-01T14:11:00+05:30,20281.1,20281.6,20277.4,20277.7,
2023-12-01T14:12:00+05:30,20278.5,20279.2,20276.4,20277,
2023-12-01T14:13:00+05:30,20277.4,20278.1,20275.8,20275.8,
2023-12-01T14:14:00+05:30,20277,20278.8,20271.6,20271.7,
2023-12-01T14:15:00+05:30,20273.8,20275.3,20272.3,20274,
2023-12-01T14:16:00+05:30,20273.8,20276.2,20272.8,20275.2,
2023-12-01T14:17:00+05:30,20275.1,20277.1,20274.5,20276.2,
2023-12-01T14:18:00+05:30,20276.1,20277,20274,20274.2,
2023-12-01T14:19:00+05:30,20274.5,20276.2,20271,20275.8,
2023-12-01T14:20:00+05:30,20275.3,20276.9,20274.3,20274.8,
2023-12-01T14:21:00+05:30,20275.3,20277.8,20275.1,20275.2,
2023-12-01T14:22:00+05:30,20276.2,20276.5,20272.6,20273.7,
2023-12-01T14:23:00+05:30,20274.6,20277.8,20273,20277.2,
2023-12-01T14:24:00+05:30,20277.2,20280,20276.1,20276.9,
2023-12-01T14:25:00+05:30,20278,20279.5,20276.7,20277.3,
2023-12-01T14:26:00+05:30,20277,20278,20274.2,20274.3,
2023-12-01T14:27:00+05:30,20274.3,20275.3,20272.3,20272.6,
2023-12-01T14:28:00+05:30,20273,20273.2,20267.5,20267.5,
2023-12-01T14:29:00+05:30,20268,20269.7,20267,20267.2,
2023-12-01T14:30:00+05:30,20267.6,20269.7,20265.2,20265.3,
2023-12-01T14:31:00+05:30,20265.8,20267.5,20263.2,20264.7,
2023-12-01T14:32:00+05:30,20264.1,20264.8,20256.2,20260.4,
2023-12-01T14:33:00+05:30,20261.3,20269.7,20260.3,20268.2,
2023-12-01T14:34:00+05:30,20269.2,20269.5,20266,20268.2,
2023-12-01T14:35:00+05:30,20268.9,20268.9,20263.6,20263.8,
2023-12-01T14:36:00+05:30,20265.4,20265.4,20258.7,20260.5,
2023-12-01T14:37:00+05:30,20262.2,20262.2,20258,20258.8,
2023-12-01T14:38:00+05:30,20258.2,20259.2,20252.8,20256,
2023-12-01T14:39:00+05:30,20256.8,20258,20254.5,20255.8,
2023-12-01T14:40:00+05:30,20256.4,20259,20251.9,20257.4,
2023-12-01T14:41:00+05:30,20258.5,20261.5,20255.8,20256.3,
2023-12-01T14:42:00+05:30,20257.5,20259.4,20248.2,20248.2,
2023-12-01T14:43:00+05:30,20246.6,20253.5,20245.5,20245.5,
2023-12-01T14:44:00+05:30,20246.1,20252,20244.4,20250.2,
2023-12-01T14:45:00+05:30,20249.7,20253.1,20247,20247,
2023-12-01T14:46:00+05:30,20247.5,20250,20246.2,20246.2,
2023-12-01T14:47:00+05:30,20246.7,20251.2,20245.7,20250.7,
2023-12-01T14:48:00+05:30,20250,20263.8,20249.6,20263.8,
2023-12-01T14:49:00+05:30,20265.4,20265.4,20260.7,20261.5,
2023-12-01T14:50:00+05:30,20262.3,20264.5,20259,20263,
2023-12-01T14:51:00+05:30,20263.1,20269.5,20261.3,20264.2,
2023-12-01T14:52:00+05:30,20264.8,20269.3,20263.8,20267,
2023-12-01T14:53:00+05:30,20265.3,20265.3,20255.9,20258,
2023-12-01T14:54:00+05:30,20259.2,20264,20257.9,20264,
2023-12-01T14:55:00+05:30,20263.9,20267.2,20263,20265.8,
2023-12-01T14:56:00+05:30,20264.8,20267.2,20262.5,20263.3,
2023-12-01T14:57:00+05:30,20264.6,20266,20256.3,20257.1,
2023-12-01T14:58:00+05:30,20257.8,20262,20256,20259,
2023-12-01T14:59:00+05:30,20259.5,20267,20259,20266.5,
2023-12-01T15:00:00+05:30,20263.5,20275.1,20263.5,20272.2,
2023-12-01T15:01:00+05:30,20271.5,20273,20264,20269.5,
2023-12-01T15:02:00+05:30,20269.5,20273.3,20267.5,20272.4,
2023-12-01T15:03:00+05:30,20272.4,20282,20272.1,20272.1,
2023-12-01T15:04:00+05:30,20273.2,20273.2,20269.8,20270.9,
2023-12-01T15:05:00+05:30,20272,20273.2,20269.5,20269.8,
2023-12-01T15:06:00+05:30,20270.5,20270.5,20265.5,20267.2,
2023-12-01T15:07:00+05:30,20267.6,20273.8,20265.5,20268.5,
2023-12-01T15:08:00+05:30,20268.7,20268.7,20262.3,20265.5,
2023-12-01T15:09:00+05:30,20265.6,20265.7,20262.2,20263.8,
2023-12-01T15:10:00+05:30,20263.5,20267.2,20262.9,20266.8,
2023-12-01T15:11:00+05:30,20267.8,20270.5,20265.5,20269.5,
2023-12-01T15:12:00+05:30,20271,20271,20261.5,20263.2,
2023-12-01T15:13:00+05:30,20263.7,20266.5,20263,20265,
2023-12-01T15:14:00+05:30,20265.8,20270,20264,20267.3,
2023-12-01T15:15:00+05:30,20268.4,20268.4,20264,20268.1,
2023-12-01T15:16:00+05:30,20268.6,20269.5,20266.3,20268.1,
2023-12-01T15:17:00+05:30,20268.5,20271,20266.8,20269.6,
2023-12-01T15:18:00+05:30,20270.9,20272.3,20267.3,20270.5,
2023-12-01T15:19:00+05:30,20270.2,20270.7,20267.2,20268,
2023-12-01T15:20:00+05:30,20268.3,20271.8,20262.6,20264,
2023-12-01T15:21:00+05:30,20265.8,20270.2,20264.5,20269.8,
2023-12-01T15:22:00+05:30,20270.1,20270.2,20262.5,20266,
2023-12-01T15:23:00+05:30,20266.4,20267,20264.3,20266.8,
2023-12-01T15:24:00+05:30,20267.4,20267.4,20260.2,20262.7,
2023-12-01T15:25:00+05:30,20263.3,20269,20262.2,20268.7,
2023-12-01T15:26:00+05:30,20267.2,20270.3,20266.3,20268.1,
2023-12-01T15:27:00+05:30,20267.2,20267.9,20262.2,20264.2,
2023-12-01T15:28:00+05:30,20263.5,20266.2,20252,20252.3,
2023-12-01T15:29:00+05:30,20254.3,20256.4,20249,20255.8,
2023-12-04T09:15:00+05:30,20602,20602.5,20537.2,20543,
2023-12-04T09:16:00+05:30,20545,20557.6,20539.7,20555.1,
2023-12-04T09:17:00+05:30,20555,20559,20547.5,20547.5,
2023-12-04T09:18:00+05:30,20549.6,20551,20531.1,20534.2,
2023-12-04T09:19:00+05:30,20532.2,20541.5,20528.9,20530.5,
2023-12-04T09:20:00+05:30,20528.6,20534.6,20518.1,20518.7,
2023-12-04T09:21:00+05:30,20517.5,20519.5,20507.8,20510.1,
2023-12-04T09:22:00+05:30,20512.9,20520.9,20509.8,20518,
2023-12-04T09:23:00+05:30,20517.2,20539.1,20517.2,20538.8,
2023-12-04T09:24:00+05:30,20541.9,20546.8,20540.3,20542,
2023-12-04T09:25:00+05:30,20542.8,20546.4,20539.1,20541.5,
2023-12-04T09:26:00+05:30,20544.2,20552.8,20543.2,20552.5,
2023-12-04T09:27:00+05:30,20552.8,20561.1,20546.2,20561,
2023-12-04T09:28:00+05:30,20562.8,20569,20560.9,20567.5,
2023-12-04T09:29:00+05:30,20569.8,20570,20561.8,20564.3,
2023-12-04T09:30:00+05:30,20565,20574.5,20561,20571.1,
2023-12-04T09:31:00+05:30,20569.7,20575.7,20569.2,20575.4,
2023-12-04T09:32:00+05:30,20575.2,20590.2,20573.9,20587.8,
2023-12-04T09:33:00+05:30,20584.6,20586.5,20574.8,20580.2,
2023-12-04T09:34:00+05:30,20579.3,20586.5,20579,20585,
2023-12-04T09:35:00+05:30,20585.5,20585.5,20574.5,20575.6,
2023-12-04T09:36:00+05:30,20575.2,20577.1,20570.5,20575,
2023-12-04T09:37:00+05:30,20575.6,20577.2,20570.3,20573,
2023-12-04T09:38:00+05:30,20573.1,20577.3,20572.5,20573.7,
2023-12-04T09:39:00+05:30,20571.8,20578,20570.8,20577.3,
2023-12-04T09:40:00+05:30,20577.2,20577.3,20570.2,20572.6,
2023-12-04T09:41:00+05:30,20571.9,20572.6,20565.6,20568.8,
2023-12-04T09:42:00+05:30,20567.2,20578.2,20566.4,20578.2,
2023-12-04T09:43:00+05:30,20577.5,20579,20573.5,20579,
2023-12-04T09:44:00+05:30,20579.2,20579.8,20568.7,20569.9,
2023-12-04T09:45:00+05:30,20569,20569.5,20562.1,20564.6,
2023-12-04T09:46:00+05:30,20565.5,20570.5,20563.1,20568,
2023-12-04T09:47:00+05:30,20568,20571.5,20565.5,20571,
2023-12-04T09:48:00+05:30,20571.5,20571.8,20567.2,20571,
2023-12-04T09:49:00+05:30,20570.8,20571.8,20565.5,20567.8,
2023-12-04T09:50:00+05:30,20568,20574.3,20566.2,20566.2,
2023-12-04T09:51:00+05:30,20566.5,20566.9,20559,20566.4,
2023-12-04T09:52:00+05:30,20566,20566,20558.2,20559.5,
2023-12-04T09:53:00+05:30,20560.3,20561,20553.9,20557.7,
2023-12-04T09:54:00+05:30,20556.5,20557.7,20550.2,20553.7,
2023-12-04T09:55:00+05:30,20554,20554,20549.5,20553.7,
2023-12-04T09:56:00+05:30,20553.7,20555.4,20552.5,20555.3,
2023-12-04T09:57:00+05:30,20554.7,20555.2,20549.7,20551.9,
2023-12-04T09:58:00+05:30,20552.3,20558.7,20550.3,20558.7,
2023-12-04T09:59:00+05:30,20558.6,20560.5,20556.5,20558.3,
2023-12-04T10:00:00+05:30,20557.9,20561,20556,20559.1,
2023-12-04T10:01:00+05:30,20559.5,20564.1,20556,20563.5,
2023-12-04T10:02:00+05:30,20563.8,20564.7,20553.2,20554.5,
2023-12-04T10:03:00+05:30,20554,20554,20548,20549.8,
2023-12-04T10:04:00+05:30,20549.7,20552.4,20548,20549.3,
2023-12-04T10:05:00+05:30,20548.6,20553,20540.5,20540.6,
2023-12-04T10:06:00+05:30,20540.7,20547.1,20535.3,20546.8,
2023-12-04T10:07:00+05:30,20547.8,20551.2,20546,20550.1,
2023-12-04T10:08:00+05:30,20551.5,20555.3,20550.9,20553.4,
2023-12-04T10:09:00+05:30,20553.5,20556,20553,20553.5,
2023-12-04T10:10:00+05:30,20553.5,20554.8,20545.7,20547.7,
2023-12-04T10:11:00+05:30,20548.2,20550.4,20547.7,20549.4,
2023-12-04T10:12:00+05:30,20549,20553.1,20547.2,20550.3,
2023-12-04T10:13:00+05:30,20550.8,20552.2,20549.3,20550.3,
2023-12-04T10:14:00+05:30,20549.8,20549.8,20543.9,20545.7,
2023-12-04T10:15:00+05:30,20544,20546.2,20537.9,20538.8,
2023-12-04T10:16:00+05:30,20538.9,20541.2,20536.3,20537,
2023-12-04T10:17:00+05:30,20537.2,20540.2,20535.2,20537.9,
2023-12-04T10:18:00+05:30,20537.5,20540.2,20536.4,20538.6,
2023-12-04T10:19:00+05:30,20539.2,20539.2,20536,20537.2,
2023-12-04T10:20:00+05:30,20537.2,20539.8,20537.1,20537.1,
2023-12-04T10:21:00+05:30,20537.8,20537.8,20533.9,20535.5,
2023-12-04T10:22:00+05:30,20536,20540,20531.8,20540,
2023-12-04T10:23:00+05:30,20539.8,20542.4,20538.8,20540.6,
2023-12-04T10:24:00+05:30,20541,20542.7,20538.2,20541.7,
2023-12-04T10:25:00+05:30,20542,20546.8,20539.6,20544.3,
2023-12-04T10:26:00+05:30,20544,20547.3,20542.9,20545.2,
2023-12-04T10:27:00+05:30,20545.4,20553.7,20543.8,20551.5,
2023-12-04T10:28:00+05:30,20551.2,20551.4,20547.3,20547.8,
2023-12-04T10:29:00+05:30,20547.5,20552.7,20547.5,20547.6,
2023-12-04T10:30:00+05:30,20548.5,20548.5,20541.7,20541.8,
2023-12-04T10:31:00+05:30,20542.8,20543.8,20538.6,20542.1,
2023-12-04T10:32:00+05:30,20542.8,20544.2,20541,20541.5,
2023-12-04T10:33:00+05:30,20542.3,20543,20540.3,20541.9,
2023-12-04T10:34:00+05:30,20542.2,20542.3,20538.6,20539.5,
2023-12-04T10:35:00+05:30,20539,20539.3,20535.3,20538.3,
2023-12-04T10:36:00+05:30,20538.7,20539.9,20534,20534,
2023-12-04T10:37:00+05:30,20535.3,20536.3,20534.1,20535.5,
2023-12-04T10:38:00+05:30,20535.5,20537.6,20534.8,20536.8,
2023-12-04T10:39:00+05:30,20537,20537.4,20527.5,20528.9,
2023-12-04T10:40:00+05:30,20526.2,20528.5,20523.3,20527.7,
2023-12-04T10:41:00+05:30,20527.3,20532.1,20526.8,20532.1,
2023-12-04T10:42:00+05:30,20533.5,20541.2,20531.5,20540.7,
2023-12-04T10:43:00+05:30,20541.2,20547.8,20541.2,20546.6,
2023-12-04T10:44:00+05:30,20546.7,20547,20544.8,20545.6,
2023-12-04T10:45:00+05:30,20545.8,20546.8,20543.8,20546.5,
2023-12-04T10:46:00+05:30,20546.4,20548.1,20545,20548.1,
2023-12-04T10:47:00+05:30,20548.7,20551.5,20547.4,20550.5,
2023-12-04T10:48:00+05:30,20551.8,20551.8,20548.5,20549.2,
2023-12-04T10:49:00+05:30,20549,20549.5,20544,20544,
2023-12-04T10:50:00+05:30,20544.3,20549.3,20543.6,20549.3,
2023-12-04T10:51:00+05:30,20549.2,20549.8,20547.3,20547.5,
2023-12-04T10:52:00+05:30,20548.3,20550.8,20547.7,20549.8,
2023-12-04T10:53:00+05:30,20550.4,20553.2,20550.3,20553.2,
2023-12-04T10:54:00+05:30,20552.3,20557,20552.3,20555.7,
2023-12-04T10:55:00+05:30,20555.4,20559.9,20555.3,20557.5,
2023-12-04T10:56:00+05:30,20557.9,20557.9,20554.1,20554.1,
2023-12-04T10:57:00+05:30,20554.8,20556.8,20554.4,20556.5,
2023-12-04T10:58:00+05:30,20555.3,20555.3,20552.4,20554.6,
2023-12-04T10:59:00+05:30,20554.6,20555.2,20553.2,20555,
2023-12-04T11:00:00+05:30,20554.3,20558.2,20554.2,20557,
2023-12-04T11:01:00+05:30,20556.5,20557.5,20547,20548.9,
2023-12-04T11:02:00+05:30,20549.2,20554,20548.8,20550.6,
2023-12-04T11:03:00+05:30,20550.2,20555,20550,20555,
2023-12-04T11:04:00+05:30,20555,20557.7,20552.7,20556.8,
2023-12-04T11:05:00+05:30,20557.1,20557.5,20554.3,20556,
2023-12-04T11:06:00+05:30,20556.3,20559.9,20556.3,20557,
2023-12-04T11:07:00+05:30,20557.8,20560.2,20556.4,20558.8,
2023-12-04T11:08:00+05:30,20559.5,20559.6,20556.8,20556.8,
2023-12-04T11:09:00+05:30,20556.9,20561.2,20556.5,20559,
2023-12-04T11:10:00+05:30,20558.7,20561,20557.6,20560.2,
2023-12-04T11:11:00+05:30,20560.9,20570,20560.9,20567.6,
2023-12-04T11:12:00+05:30,20568.8,20570.7,20566,20566.2,
2023-12-04T11:13:00+05:30,20565.9,20569.9,20565.5,20569,
2023-12-04T11:14:00+05:30,20569,20574.2,20568.6,20573.2,
2023-12-04T11:15:00+05:30,20574.2,20578.2,20573.4,20577.7,
2023-12-04T11:16:00+05:30,20579,20581.2,20577.2,20578.4,
2023-12-04T11:17:00+05:30,20580,20583,20578,20581.9,
2023-12-04T11:18:00+05:30,20582.4,20583.4,20579.9,20582.5,
2023-12-04T11:19:00+05:30,20582.2,20582.5,20578,20579.5,
2023-12-04T11:20:00+05:30,20578.8,20579.2,20570,20570,
2023-12-04T11:21:00+05:30,20570.2,20572.8,20569.1,20570.1,
2023-12-04T11:22:00+05:30,20570.1,20570.3,20563.9,20565,
2023-12-04T11:23:00+05:30,20565.2,20570.1,20564.8,20568.7,
2023-12-04T11:24:00+05:30,20569.7,20570.5,20566.5,20569.8,
2023-12-04T11:25:00+05:30,20569.2,20571.7,20567.8,20571.2,
2023-12-04T11:26:00+05:30,20571.3,20572.5,20567.5,20568.2,
2023-12-04T11:27:00+05:30,20567.2,20568.8,20563.5,20564,
2023-12-04T11:28:00+05:30,20563.5,20564.6,20559.2,20560.8,
2023-12-04T11:29:00+05:30,20560.3,20566.5,20560.3,20563.7,
2023-12-04T11:30:00+05:30,20563.7,20564.7,20559.7,20561.2,
2023-12-04T11:31:00+05:30,20561.4,20563.7,20560.5,20560.5,
2023-12-04T11:32:00+05:30,20560.7,20563.2,20560.5,20561.7,
2023-12-04T11:33:00+05:30,20562.5,20562.7,20559.1,20560,
2023-12-04T11:34:00+05:30,20561.1,20562.7,20560.2,20560.3,
2023-12-04T11:35:00+05:30,20561,20562.2,20559,20559.8,
2023-12-04T11:36:00+05:30,20559.7,20563.5,20558.2,20562.9,
2023-12-04T11:37:00+05:30,20562.9,20563.8,20560.7,20561.8,
2023-12-04T11:38:00+05:30,20562.1,20564.2,20562.1,20562.5,
2023-12-04T11:39:00+05:30,20563,20563.4,20561.3,20562.2,
2023-12-04T11:40:00+05:30,20562.4,20566,20562.2,20564.9,
2023-12-04T11:41:00+05:30,20565,20569.4,20565,20568.8,
2023-12-04T11:42:00+05:30,20570,20571.2,20569.7,20571.2,
2023-12-04T11:43:00+05:30,20571.5,20573,20570.2,20571.5,
2023-12-04T11:44:00+05:30,20571.5,20574.8,20571.2,20574.2,
2023-12-04T11:45:00+05:30,20574.9,20575.5,20572.7,20572.8,
2023-12-04T11:46:00+05:30,20573.5,20577.6,20572.6,20577.2,
2023-12-04T11:47:00+05:30,20577.2,20580.3,20577.2,20577.8,
2023-12-04T11:48:00+05:30,20577.8,20578.5,20575.5,20577.8,
2023-12-04T11:49:00+05:30,20578,20580,20577.6,20578.9,
2023-12-04T11:50:00+05:30,20579,20579.9,20577.5,20579.1,
2023-12-04T11:51:00+05:30,20579.8,20579.8,20575.2,20576.3,
2023-12-04T11:52:00+05:30,20575.7,20576,20573.7,20574,
2023-12-04T11:53:00+05:30,20573.8,20574,20572,20572.8,
2023-12-04T11:54:00+05:30,20572.5,20575.2,20571.8,20574.5,
2023-12-04T11:55:00+05:30,20574.8,20575.6,20573.5,20575,
2023-12-04T11:56:00+05:30,20575.3,20575.5,20572.3,20574.5,
2023-12-04T11:57:00+05:30,20575,20578,20575,20576.3,
2023-12-04T11:58:00+05:30,20576.3,20576.3,20572.7,20572.7,
2023-12-04T11:59:00+05:30,20573.8,20573.8,20571.3,20573.5,
2023-12-04T12:00:00+05:30,20574.4,20575.2,20571.2,20571.2,
2023-12-04T12:01:00+05:30,20571.2,20571.5,20569.2,20570.2,
2023-12-04T12:02:00+05:30,20570.7,20571.3,20569.2,20570.3,
2023-12-04T12:03:00+05:30,20570.1,20571.8,20569.2,20571.5,
2023-12-04T12:04:00+05:30,20571.2,20573,20570.6,20573,
2023-12-04T12:05:00+05:30,20573.5,20575.7,20572,20572,
2023-12-04T12:06:00+05:30,20571.5,20574.5,20570.8,20573.3,
2023-12-04T12:07:00+05:30,20573,20573.9,20570.3,20570.3,
2023-12-04T12:08:00+05:30,20570.2,20570.8,20569,20570.2,
2023-12-04T12:09:00+05:30,20570.2,20575,20570.1,20574.3,
2023-12-04T12:10:00+05:30,20574.7,20575.7,20574.2,20575,
2023-12-04T12:11:00+05:30,20575.2,20578.4,20575.2,20577.3,
2023-12-04T12:12:00+05:30,20578,20585.8,20577.8,20583.5,
2023-12-04T12:13:00+05:30,20583.5,20587.9,20578,20580.8,
2023-12-04T12:14:00+05:30,20580.4,20583.8,20578.5,20582.7,
2023-12-04T12:15:00+05:30,20584,20585.7,20581.6,20583,
2023-12-04T12:16:00+05:30,20583.1,20586.7,20582.1,20584.3,
2023-12-04T12:17:00+05:30,20583.4,20585.2,20582,20582,
2023-12-04T12:18:00+05:30,20582,20582.9,20579.2,20580.8,
2023-12-04T12:19:00+05:30,20580.1,20583.8,20579.2,20579.4,
2023-12-04T12:20:00+05:30,20580.4,20580.7,20574.9,20576.7,
2023-12-04T12:21:00+05:30,20576.1,20583.2,20573.5,20583.2,
2023-12-04T12:22:00+05:30,20582.4,20582.8,20578.8,20579.6,
2023-12-04T12:23:00+05:30,20579.5,20581.3,20573.6,20573.6,
2023-12-04T12:24:00+05:30,20573.5,20575,20571.7,20574.8,
2023-12-04T12:25:00+05:30,20574.8,20576.2,20573,20575.5,
2023-12-04T12:26:00+05:30,20574.7,20577.5,20573.4,20576.5,
2023-12-04T12:27:00+05:30,20577,20580,20576.2,20577.5,
2023-12-04T12:28:00+05:30,20578.5,20578.5,20573.7,20575.2,
2023-12-04T12:29:00+05:30,20576.2,20579,20574.5,20578,
2023-12-04T12:30:00+05:30,20578,20578.2,20574.6,20576.8,
2023-12-04T12:31:00+05:30,20577.5,20579.2,20576.9,20577.8,
2023-12-04T12:32:00+05:30,20576.8,20579.1,20575.7,20578.8,
2023-12-04T12:33:00+05:30,20578.5,20581.8,20578.2,20578.2,
2023-12-04T12:34:00+05:30,20578.4,20580.1,20577,20577.3,
2023-12-04T12:35:00+05:30,20577,20580.4,20576,20578.8,
2023-12-04T12:36:00+05:30,20578.8,20580.3,20577.5,20579.7,
2023-12-04T12:37:00+05:30,20579.5,20579.8,20574.3,20577.3,
2023-12-04T12:38:00+05:30,20577,20580.2,20576,20580.2,
2023-12-04T12:39:00+05:30,20581.5,20581.5,20575.9,20577.2,
2023-12-04T12:40:00+05:30,20577.5,20578.2,20574.8,20576.3,
2023-12-04T12:41:00+05:30,20576,20577.5,20575.1,20576.4,
2023-12-04T12:42:00+05:30,20575.8,20577,20575.1,20576,
2023-12-04T12:43:00+05:30,20576.5,20579.2,20576.5,20578.8,
2023-12-04T12:44:00+05:30,20578.8,20581.7,20577.3,20581.5,
2023-12-04T12:45:00+05:30,20581.5,20582.2,20576.1,20577.8,
2023-12-04T12:46:00+05:30,20578.7,20579,20574.3,20576.2,
2023-12-04T12:47:00+05:30,20576.8,20576.8,20571.5,20573.2,
2023-12-04T12:48:00+05:30,20573.5,20576.6,20572.7,20576.3,
2023-12-04T12:49:00+05:30,20576.7,20579.8,20575.3,20579,
2023-12-04T12:50:00+05:30,20579.5,20580.7,20577.8,20579.8,
2023-12-04T12:51:00+05:30,20581,20582.4,20579.5,20581.6,
2023-12-04T12:52:00+05:30,20581.9,20585.3,20581.2,20585.3,
2023-12-04T12:53:00+05:30,20585.2,20585.2,20580.7,20582.5,
2023-12-04T12:54:00+05:30,20583,20583.7,20580.1,20581.7,
2023-12-04T12:55:00+05:30,20582.2,20582.3,20579.2,20579.5,
2023-12-04T12:56:00+05:30,20580,20580.3,20577.1,20578.9,
2023-12-04T12:57:00+05:30,20579.2,20581.9,20577.5,20581.5,
2023-12-04T12:58:00+05:30,20581.2,20583.8,20580.4,20583.7,
2023-12-04T12:59:00+05:30,20584,20587.2,20584,20586.3,
2023-12-04T13:00:00+05:30,20586.5,20591.3,20585,20585.9,
2023-12-04T13:01:00+05:30,20586,20590.3,20585.2,20588.2,
2023-12-04T13:02:00+05:30,20588.8,20589.2,20584,20584,
2023-12-04T13:03:00+05:30,20585.1,20586.2,20581.2,20585.4,
2023-12-04T13:04:00+05:30,20586.1,20587,20582.7,20585.4,
2023-12-04T13:05:00+05:30,20586.9,20588.3,20584,20586.8,
2023-12-04T13:06:00+05:30,20587.1,20587.5,20584,20584,
2023-12-04T13:07:00+05:30,20585.9,20586.4,20584,20584.8,
2023-12-04T13:08:00+05:30,20585.1,20585.1,20570.7,20571.8,
2023-12-04T13:09:00+05:30,20572.7,20582.5,20571.8,20582.2,
2023-12-04T13:10:00+05:30,20582.6,20586.3,20581,20585.5,
2023-12-04T13:11:00+05:30,20585.5,20587.8,20585,20586.5,
2023-12-04T13:12:00+05:30,20586.5,20589.2,20586.5,20588.3,
2023-12-04T13:13:00+05:30,20588.6,20590.2,20586.4,20589.5,
2023-12-04T13:14:00+05:30,20590.6,20590.7,20587.3,20587.3,
2023-12-04T13:15:00+05:30,20587.8,20592.7,20586.6,20592,
2023-12-04T13:16:00+05:30,20593.2,20595.7,20591.2,20594.6,
2023-12-04T13:17:00+05:30,20596.2,20600.2,20595.1,20599.8,
2023-12-04T13:18:00+05:30,20599.9,20601.5,20599.6,20600.3,
2023-12-04T13:19:00+05:30,20600.6,20601.2,20597.5,20600.8,
2023-12-04T13:20:00+05:30,20601.5,20612.4,20600.5,20611.5,
2023-12-04T13:21:00+05:30,20611.5,20612.7,20609.2,20610.8,
2023-12-04T13:22:00+05:30,20610.5,20611.4,20607.8,20608.8,
2023-12-04T13:23:00+05:30,20607.8,20609.3,20606.2,20608.5,
2023-12-04T13:24:00+05:30,20608.8,20609,20605.2,20605.7,
2023-12-04T13:25:00+05:30,20606,20606.2,20602.6,20605.3,
2023-12-04T13:26:00+05:30,20605.5,20613.5,20605.3,20612.3,
2023-12-04T13:27:00+05:30,20613,20613.8,20608.3,20608.8,
2023-12-04T13:28:00+05:30,20609,20612,20607.9,20611.8,
2023-12-04T13:29:00+05:30,20611.4,20612.2,20605.4,20608.7,
2023-12-04T13:30:00+05:30,20607.9,20612.3,20607.4,20608.9,
2023-12-04T13:31:00+05:30,20608.3,20609.8,20606.5,20607.8,
2023-12-04T13:32:00+05:30,20608,20612.5,20605.3,20611.8,
2023-12-04T13:33:00+05:30,20613.6,20619.7,20613,20617.8,
2023-12-04T13:34:00+05:30,20617.8,20618.8,20613.5,20616.1,
2023-12-04T13:35:00+05:30,20616.8,20618.6,20612.2,20613.5,
2023-12-04T13:36:00+05:30,20613.7,20617.5,20612.7,20615.2,
2023-12-04T13:37:00+05:30,20615.4,20616,20612.8,20612.8,
2023-12-04T13:38:00+05:30,20612.2,20615.7,20611.5,20613.8,
2023-12-04T13:39:00+05:30,20614,20617,20614,20614.2,
2023-12-04T13:40:00+05:30,20614.3,20615.2,20611.8,20612.3,
2023-12-04T13:41:00+05:30,20612.5,20617.7,20611.8,20617.2,
2023-12-04T13:42:00+05:30,20617.2,20623,20615.9,20621.9,
2023-12-04T13:43:00+05:30,20621.8,20624.1,20619.5,20620.3,
2023-12-04T13:44:00+05:30,20620.5,20620.8,20614.4,20615.5,
2023-12-04T13:45:00+05:30,20615.8,20617.8,20612.8,20613,
2023-12-04T13:46:00+05:30,20613,20613,20603.2,20604.2,
2023-12-04T13:47:00+05:30,20603.3,20606.2,20598.8,20598.8,
2023-12-04T13:48:00+05:30,20596.3,20600.7,20593.7,20598.9,
2023-12-04T13:49:00+05:30,20598,20600.4,20595.3,20599.5,
2023-12-04T13:50:00+05:30,20600.3,20604.2,20598.8,20604.2,
2023-12-04T13:51:00+05:30,20602.8,20611.5,20602.8,20610,
2023-12-04T13:52:00+05:30,20609.4,20611.8,20604.2,20604.5,
2023-12-04T13:53:00+05:30,20604.7,20606.8,20603.5,20604.2,
2023-12-04T13:54:00+05:30,20604.6,20605.7,20603.4,20604.8,
2023-12-04T13:55:00+05:30,20605.2,20609,20605.2,20606.4,
2023-12-04T13:56:00+05:30,20606.4,20609.8,20606.4,20607.6,
2023-12-04T13:57:00+05:30,20607.8,20609.8,20606.7,20609.5,
2023-12-04T13:58:00+05:30,20609.5,20613.2,20608.7,20611.9,
2023-12-04T13:59:00+05:30,20612,20613,20610.2,20611.6,
2023-12-04T14:00:00+05:30,20612.2,20618.6,20612.2,20616.6,
2023-12-04T14:01:00+05:30,20616.8,20621.7,20616.8,20621,
2023-12-04T14:02:00+05:30,20621.2,20626,20620.8,20623.3,
2023-12-04T14:03:00+05:30,20622.9,20629.8,20622.9,20627.9,
2023-12-04T14:04:00+05:30,20628,20632.2,20626.3,20626.9,
2023-12-04T14:05:00+05:30,20627.2,20631.2,20627.2,20630.8,
2023-12-04T14:06:00+05:30,20629.8,20634.2,20627.6,20628,
2023-12-04T14:07:00+05:30,20628,20631.5,20627.5,20630,
2023-12-04T14:08:00+05:30,20630.7,20635.2,20630.2,20633.5,
2023-12-04T14:09:00+05:30,20631.9,20636.9,20631.8,20636.5,
2023-12-04T14:10:00+05:30,20636.7,20640.4,20634.4,20638.8,
2023-12-04T14:11:00+05:30,20640.3,20641.9,20636.8,20637.8,
2023-12-04T14:12:00+05:30,20637.6,20640,20636.8,20637.5,
2023-12-04T14:13:00+05:30,20638.4,20639.2,20636.3,20636.8,
2023-12-04T14:14:00+05:30,20638,20641.6,20636.9,20641.6,
2023-12-04T14:15:00+05:30,20641.2,20643.5,20639.3,20641.6,
2023-12-04T14:16:00+05:30,20641.7,20647.5,20640.8,20644.8,
2023-12-04T14:17:00+05:30,20646,20649.1,20645.7,20647.7,
2023-12-04T14:18:00+05:30,20648.2,20649.5,20642.3,20642.4,
2023-12-04T14:19:00+05:30,20642.7,20647.8,20642.7,20647,
2023-12-04T14:20:00+05:30,20646.5,20647.7,20644.2,20644.3,
2023-12-04T14:21:00+05:30,20643.5,20644.5,20637.3,20640.4,
2023-12-04T14:22:00+05:30,20639.1,20641,20637,20637,
2023-12-04T14:23:00+05:30,20636.7,20636.7,20631.2,20633.1,
2023-12-04T14:24:00+05:30,20633.5,20634.8,20630.5,20634.2,
2023-12-04T14:25:00+05:30,20634.2,20635.5,20632,20633.6,
2023-12-04T14:26:00+05:30,20632.8,20639,20632.7,20638.7,
2023-12-04T14:27:00+05:30,20638.2,20642.8,20637.3,20641.8,
2023-12-04T14:28:00+05:30,20641.6,20642.7,20639.5,20640,
2023-12-04T14:29:00+05:30,20641.5,20648.4,20640.8,20647.8,
2023-12-04T14:30:00+05:30,20648,20654.3,20647.2,20653,
2023-12-04T14:31:00+05:30,20653.3,20655.5,20649.6,20651.3,
2023-12-04T14:32:00+05:30,20651.2,20654.2,20649.4,20652,
2023-12-04T14:33:00+05:30,20652.4,20653.8,20651,20651,
2023-12-04T14:34:00+05:30,20651.8,20655.1,20651.5,20654.5,
2023-12-04T14:35:00+05:30,20654.9,20656.4,20651.5,20654.8,
2023-12-04T14:36:00+05:30,20654.1,20655.3,20652.5,20653.4,
2023-12-04T14:37:00+05:30,20653.3,20657.8,20653.3,20656.7,
2023-12-04T14:38:00+05:30,20655.8,20657.1,20651.2,20651.7,
2023-12-04T14:39:00+05:30,20652,20653.2,20649.8,20652.4,
2023-12-04T14:40:00+05:30,20652.5,20656.8,20652,20654,
2023-12-04T14:41:00+05:30,20654.9,20656.8,20652.8,20655.8,
2023-12-04T14:42:00+05:30,20656.7,20659.5,20655.5,20656.8,
2023-12-04T14:43:00+05:30,20657.4,20664,20656.8,20663.2,
2023-12-04T14:44:00+05:30,20663.6,20670.4,20662.1,20669.2,
2023-12-04T14:45:00+05:30,20670,20671.4,20665.5,20665.5,
2023-12-04T14:46:00+05:30,20666.4,20668.5,20659.2,20659.2,
2023-12-04T14:47:00+05:30,20659.3,20660.2,20656.3,20658.7,
2023-12-04T14:48:00+05:30,20658.5,20659.7,20656.9,20657.3,
2023-12-04T14:49:00+05:30,20657.2,20661,20657.2,20659.8,
2023-12-04T14:50:00+05:30,20660.5,20660.8,20657,20657.5,
2023-12-04T14:51:00+05:30,20657.2,20662,20657.2,20660.2,
2023-12-04T14:52:00+05:30,20660.3,20661.1,20657.5,20659,
2023-12-04T14:53:00+05:30,20659.6,20662.7,20658.5,20659.6,
2023-12-04T14:54:00+05:30,20659.5,20665.2,20659.5,20662.7,
2023-12-04T14:55:00+05:30,20663.2,20668.6,20660.7,20668.4,
2023-12-04T14:56:00+05:30,20669,20673,20666.3,20671.9,
2023-12-04T14:57:00+05:30,20672.3,20674.7,20670.9,20674.7,
2023-12-04T14:58:00+05:30,20676,20679.2,20673.5,20677.8,
2023-12-04T14:59:00+05:30,20678.3,20682.8,20674.8,20681.5,
2023-12-04T15:00:00+05:30,20681.5,20694.3,20679.2,20694.3,
2023-12-04T15:01:00+05:30,20694,20697.8,20693.8,20695.9,
2023-12-04T15:02:00+05:30,20697.5,20702.7,20691.5,20692.2,
2023-12-04T15:03:00+05:30,20692.7,20694,20679.2,20679.2,
2023-12-04T15:04:00+05:30,20677.9,20682.7,20658.7,20682.4,
2023-12-04T15:05:00+05:30,20683,20687.7,20682,20686,
2023-12-04T15:06:00+05:30,20688.2,20690.6,20685,20687,
2023-12-04T15:07:00+05:30,20686.3,20688.2,20685.5,20685.7,
2023-12-04T15:08:00+05:30,20686.5,20686.7,20676.2,20677.2,
2023-12-04T15:09:00+05:30,20676.5,20682.1,20675.3,20682.1,
2023-12-04T15:10:00+05:30,20682.6,20682.6,20677.7,20677.7,
2023-12-04T15:11:00+05:30,20677.5,20681,20676.7,20677.7,
2023-12-04T15:12:00+05:30,20678.5,20685.3,20677.8,20685.3,
2023-12-04T15:13:00+05:30,20685.3,20688.3,20681.7,20681.7,
2023-12-04T15:14:00+05:30,20682.8,20683,20678.3,20678.3,
2023-12-04T15:15:00+05:30,20678.3,20689.2,20675.8,20688.2,
2023-12-04T15:16:00+05:30,20688.2,20688.9,20685.4,20687,
2023-12-04T15:17:00+05:30,20687.2,20688.2,20685.6,20686.2,
2023-12-04T15:18:00+05:30,20686.2,20689.9,20685.2,20688.3,
2023-12-04T15:19:00+05:30,20689.3,20689.8,20683.7,20684.8,
2023-12-04T15:20:00+05:30,20683.5,20690.8,20682.1,20686.3,
2023-12-04T15:21:00+05:30,20686.3,20693.9,20686.1,20691.5,
2023-12-04T15:22:00+05:30,20691,20694.3,20690.6,20692.2,
2023-12-04T15:23:00+05:30,20692.2,20692.5,20686.2,20686.2,
2023-12-04T15:24:00+05:30,20687.1,20691.4,20685.5,20689.8,
2023-12-04T15:25:00+05:30,20689.6,20690.4,20685.7,20685.8,
2023-12-04T15:26:00+05:30,20685.8,20692,20685.8,20689.5,
2023-12-04T15:27:00+05:30,20689.3,20693.2,20689.3,20692.5,
2023-12-04T15:28:00+05:30,20692.2,20694.3,20685.5,20688.7,
2023-12-04T15:29:00+05:30,20685.5,20689.3,20680.9,20686.8,
2023-12-05T09:15:00+05:30,20808.9,20813.1,20720,20740.4,
2023-12-05T09:16:00+05:30,20740.1,20749.1,20740.1,20747.7,
2023-12-05T09:17:00+05:30,20747.1,20754.3,20737.6,20738,
2023-12-05T09:18:00+05:30,20736,20737.5,20724.3,20726,
2023-12-05T09:19:00+05:30,20726.7,20730.8,20724,20724.2,
2023-12-05T09:20:00+05:30,20724.4,20729,20715.7,20718.2,
2023-12-05T09:21:00+05:30,20718,20720,20711.2,20716.1,
2023-12-05T09:22:00+05:30,20714.5,20729.8,20714.5,20725.8,
2023-12-05T09:23:00+05:30,20723.7,20737.2,20723.7,20737.2,
2023-12-05T09:24:00+05:30,20735,20737.2,20730.7,20730.7,
2023-12-05T09:25:00+05:30,20728,20734.1,20723.1,20732.2,
2023-12-05T09:26:00+05:30,20733.6,20749.3,20733.5,20742.1,
2023-12-05T09:27:00+05:30,20742,20748.5,20741.2,20746.4,
2023-12-05T09:28:00+05:30,20747.8,20755.6,20745,20755.6,
2023-12-05T09:29:00+05:30,20753.8,20755.7,20749.6,20749.8,
2023-12-05T09:30:00+05:30,20750.8,20757.3,20750.2,20752.5,
2023-12-05T09:31:00+05:30,20752.9,20754.7,20748.6,20749,
2023-12-05T09:32:00+05:30,20749.2,20758.2,20748.3,20756.5,
2023-12-05T09:33:00+05:30,20757.5,20762.5,20757.2,20760,
2023-12-05T09:34:00+05:30,20760.5,20760.8,20753.8,20753.9,
2023-12-05T09:35:00+05:30,20755,20757.4,20752.8,20755.8,
2023-12-05T09:36:00+05:30,20757,20758.6,20754.7,20755.9,
2023-12-05T09:37:00+05:30,20756.2,20763,20754.9,20763,
2023-12-05T09:38:00+05:30,20764.3,20765.9,20758.1,20765.2,
2023-12-05T09:39:00+05:30,20765.3,20766.9,20763,20764.8,
2023-12-05T09:40:00+05:30,20763.8,20768.3,20760.8,20765.8,
2023-12-05T09:41:00+05:30,20766.6,20766.7,20762.3,20765.1,
2023-12-05T09:42:00+05:30,20766.4,20767.8,20763.4,20764.9,
2023-12-05T09:43:00+05:30,20764.8,20772,20761.1,20770,
2023-12-05T09:44:00+05:30,20770.2,20777,20768.1,20777,
2023-12-05T09:45:00+05:30,20776.4,20786,20776.4,20786,
2023-12-05T09:46:00+05:30,20787.5,20788.5,20784.2,20786.2,
2023-12-05T09:47:00+05:30,20786.3,20793.9,20782.6,20791,
2023-12-05T09:48:00+05:30,20789.8,20795.5,20789.8,20794.8,
2023-12-05T09:49:00+05:30,20795.5,20796.2,20789.5,20790,
2023-12-05T09:50:00+05:30,20790.3,20796.2,20788,20795.4,
2023-12-05T09:51:00+05:30,20795,20796.2,20792.5,20796,
2023-12-05T09:52:00+05:30,20797.2,20797.8,20793.9,20796.7,
2023-12-05T09:53:00+05:30,20797.5,20797.8,20787.8,20790,
2023-12-05T09:54:00+05:30,20791,20791,20782.8,20783.2,
2023-12-05T09:55:00+05:30,20782.8,20782.8,20767.3,20776,
2023-12-05T09:56:00+05:30,20776.2,20780.5,20774.2,20775.5,
2023-12-05T09:57:00+05:30,20774.7,20774.7,20769,20771.8,
2023-12-05T09:58:00+05:30,20771.1,20775.3,20771,20774.2,
2023-12-05T09:59:00+05:30,20775.1,20777.3,20773.8,20775.5,
2023-12-05T10:00:00+05:30,20775.7,20778,20771.4,20774.8,
2023-12-05T10:01:00+05:30,20774.5,20783.2,20774.5,20782.2,
2023-12-05T10:02:00+05:30,20781.8,20788.7,20780.9,20788.7,
2023-12-05T10:03:00+05:30,20788.7,20789.2,20781.3,20783.5,
2023-12-05T10:04:00+05:30,20783.5,20793.2,20782.2,20791.8,
2023-12-05T10:05:00+05:30,20789.9,20798,20789.9,20795.5,
2023-12-05T10:06:00+05:30,20796.5,20799.1,20794.3,20798.8,
2023-12-05T10:07:00+05:30,20799,20799,20790.4,20792.9,
2023-12-05T10:08:00+05:30,20792.5,20798.6,20791.5,20797.8,
2023-12-05T10:09:00+05:30,20798.2,20804.5,20797.5,20803,
2023-12-05T10:10:00+05:30,20802.5,20805.9,20800.2,20800.5,
2023-12-05T10:11:00+05:30,20801.3,20806.3,20793.3,20806.3,
2023-12-05T10:12:00+05:30,20805.3,20806.9,20801,20801,
2023-12-05T10:13:00+05:30,20801.2,20806.9,20799.4,20806.9,
2023-12-05T10:14:00+05:30,20806.6,20810.1,20804.8,20807,
2023-12-05T10:15:00+05:30,20807.7,20812.2,20805.6,20810.2,
2023-12-05T10:16:00+05:30,20809.4,20816.2,20807.3,20813.2,
2023-12-05T10:17:00+05:30,20813.2,20816.8,20812.8,20813.3,
2023-12-05T10:18:00+05:30,20813.8,20819.6,20813.2,20818.3,
2023-12-05T10:19:00+05:30,20819.5,20827,20817.9,20823.8,
2023-12-05T10:20:00+05:30,20825.2,20830.5,20821.9,20827,
2023-12-05T10:21:00+05:30,20828.5,20834,20809.2,20821.3,
2023-12-05T10:22:00+05:30,20822.2,20824.2,20818.1,20818.1,
2023-12-05T10:23:00+05:30,20820.2,20820.8,20814.3,20818.6,
2023-12-05T10:24:00+05:30,20819,20820.4,20816.3,20819,
2023-12-05T10:25:00+05:30,20818.7,20824.9,20818.7,20824.2,
2023-12-05T10:26:00+05:30,20824.6,20828,20823.4,20825.7,
2023-12-05T10:27:00+05:30,20825.5,20829.1,20824.2,20828.8,
2023-12-05T10:28:00+05:30,20829,20830.9,20827.2,20827.5,
2023-12-05T10:29:00+05:30,20827.4,20828.8,20824.9,20827,
2023-12-05T10:30:00+05:30,20826.9,20829,20820.1,20822.3,
2023-12-05T10:31:00+05:30,20823.6,20827.4,20814,20816.2,
2023-12-05T10:32:00+05:30,20817.5,20824.2,20815.3,20821.4,
2023-12-05T10:33:00+05:30,20821.6,20822.8,20817.8,20820.8,
2023-12-05T10:34:00+05:30,20820.3,20820.8,20815,20816.1,
2023-12-05T10:35:00+05:30,20817,20819.9,20814.2,20815.3,
2023-12-05T10:36:00+05:30,20814.3,20817.4,20807.2,20808.3,
2023-12-05T10:37:00+05:30,20808.8,20812.3,20805.8,20812.2,
2023-12-05T10:38:00+05:30,20811.7,20825.7,20811.7,20819.8,
2023-12-05T10:39:00+05:30,20818.8,20834,20818.7,20833.7,
2023-12-05T10:40:00+05:30,20836.2,20843.3,20831.2,20840.2,
2023-12-05T10:41:00+05:30,20840,20848,20839.6,20842.8,
2023-12-05T10:42:00+05:30,20844.6,20849.4,20837.5,20837.5,
2023-12-05T10:43:00+05:30,20837.2,20839.5,20829,20834,
2023-12-05T10:44:00+05:30,20834,20840.4,20834,20839.8,
2023-12-05T10:45:00+05:30,20840.2,20840.2,20832.3,20838.8,
2023-12-05T10:46:00+05:30,20837.5,20839.2,20835.7,20837.2,
2023-12-05T10:47:00+05:30,20837.2,20843.8,20836.9,20843.8,
2023-12-05T10:48:00+05:30,20842.7,20842.7,20832.8,20836.2,
2023-12-05T10:49:00+05:30,20836.7,20840.5,20834.8,20837.3,
2023-12-05T10:50:00+05:30,20837,20837.9,20832.1,20836.5,
2023-12-05T10:51:00+05:30,20836.5,20844.2,20836.5,20842.1,
2023-12-05T10:52:00+05:30,20843.2,20843.3,20837.8,20838.9,
2023-12-05T10:53:00+05:30,20838.5,20842.2,20836.5,20842.2,
2023-12-05T10:54:00+05:30,20842.5,20843.5,20836.4,20839.8,
2023-12-05T10:55:00+05:30,20840.5,20841.8,20838.1,20841.2,
2023-12-05T10:56:00+05:30,20840.3,20842,20834.8,20835.9,
2023-12-05T10:57:00+05:30,20836.6,20837.3,20833.3,20836,
2023-12-05T10:58:00+05:30,20835.5,20848.1,20835.5,20844.8,
2023-12-05T10:59:00+05:30,20844.1,20845.5,20840.9,20842.8,
2023-12-05T11:00:00+05:30,20843.3,20846.6,20841.1,20845.4,
2023-12-05T11:01:00+05:30,20844.8,20848.5,20844.1,20846.5,
2023-12-05T11:02:00+05:30,20846.3,20847.8,20841.8,20846.7,
2023-12-05T11:03:00+05:30,20846.8,20849.6,20842.4,20844,
2023-12-05T11:04:00+05:30,20843.5,20843.5,20837.8,20838.5,
2023-12-05T11:05:00+05:30,20838.4,20841.3,20837.5,20839.8,
2023-12-05T11:06:00+05:30,20840.3,20843.2,20839.8,20841.4,
2023-12-05T11:07:00+05:30,20841.9,20844.3,20841,20843.2,
2023-12-05T11:08:00+05:30,20844.1,20844.3,20841.5,20842.8,
2023-12-05T11:09:00+05:30,20842.3,20843,20817.5,20818.8,
2023-12-05T11:10:00+05:30,20817.8,20820.2,20803.4,20820.2,
2023-12-05T11:11:00+05:30,20819.9,20829.2,20814.8,20819.3,
2023-12-05T11:12:00+05:30,20819.5,20822.3,20816.2,20821.2,
2023-12-05T11:13:00+05:30,20820.5,20828.8,20817.8,20827.3,
2023-12-05T11:14:00+05:30,20828.2,20829.6,20819.8,20822.3,
2023-12-05T11:15:00+05:30,20821.7,20824.5,20821,20821.6,
2023-12-05T11:16:00+05:30,20821.9,20821.9,20812.8,20812.9,
2023-12-05T11:17:00+05:30,20810.8,20815,20804.8,20809.2,
2023-12-05T11:18:00+05:30,20808.2,20813,20798.1,20798.1,
2023-12-05T11:19:00+05:30,20797.8,20799.1,20788.2,20788.3,
2023-12-05T11:20:00+05:30,20787.8,20794.2,20780.1,20793.3,
2023-12-05T11:21:00+05:30,20792.9,20801.1,20792.4,20797.2,
2023-12-05T11:22:00+05:30,20798,20804.3,20798,20802.2,
2023-12-05T11:23:00+05:30,20801.4,20801.4,20794,20796.5,
2023-12-05T11:24:00+05:30,20796.7,20802.3,20793.2,20796.1,
2023-12-05T11:25:00+05:30,20796.3,20801.1,20795.8,20797.8,
2023-12-05T11:26:00+05:30,20796.8,20796.8,20787.6,20791.9,
2023-12-05T11:27:00+05:30,20791.8,20796.7,20791.2,20796.7,
2023-12-05T11:28:00+05:30,20796.4,20798.5,20793.6,20794.3,
2023-12-05T11:29:00+05:30,20794.7,20801.7,20794.5,20798.5,
2023-12-05T11:30:00+05:30,20798.6,20800.3,20790.7,20793.1,
2023-12-05T11:31:00+05:30,20792.5,20793.7,20780.8,20780.8,
2023-12-05T11:32:00+05:30,20781.2,20785.2,20772.2,20772.2,
2023-12-05T11:33:00+05:30,20773.2,20774.7,20763.8,20763.8,
2023-12-05T11:34:00+05:30,20763.5,20765.8,20757.9,20759.2,
2023-12-05T11:35:00+05:30,20759.5,20760,20753,20756.7,
2023-12-05T11:36:00+05:30,20757.5,20763.2,20753.3,20753.3,
2023-12-05T11:37:00+05:30,20753.2,20753.7,20746,20751.5,
2023-12-05T11:38:00+05:30,20751.8,20758.4,20748.5,20752.5,
2023-12-05T11:39:00+05:30,20752.4,20756.3,20749.5,20755.6,
2023-12-05T11:40:00+05:30,20755.3,20760.2,20754.2,20758,
2023-12-05T11:41:00+05:30,20759.5,20770,20757.5,20768.2,
2023-12-05T11:42:00+05:30,20767,20768.2,20747.1,20747.1,
2023-12-05T11:43:00+05:30,20749.8,20750.9,20742.8,20743.5,
2023-12-05T11:44:00+05:30,20743.2,20752.4,20740.5,20740.5,
2023-12-05T11:45:00+05:30,20740.4,20746.5,20738.2,20742.9,
2023-12-05T11:46:00+05:30,20742.3,20751.9,20742.3,20748.2,
2023-12-05T11:47:00+05:30,20748.7,20753.6,20744.3,20745.8,
2023-12-05T11:48:00+05:30,20745,20749.2,20742.5,20746.8,
2023-12-05T11:49:00+05:30,20747.2,20749.9,20746.8,20748.8,
2023-12-05T11:50:00+05:30,20748.5,20749.8,20743,20743.3,
2023-12-05T11:51:00+05:30,20743.3,20743.5,20732.2,20732.2,
2023-12-05T11:52:00+05:30,20732.7,20738.3,20731,20733.7,
2023-12-05T11:53:00+05:30,20732.8,20737.8,20732.8,20737,
2023-12-05T11:54:00+05:30,20737,20737.7,20733.3,20734.5,
2023-12-05T11:55:00+05:30,20733.9,20748.9,20731.3,20747.7,
2023-12-05T11:56:00+05:30,20746.1,20757.6,20744.5,20755.7,
2023-12-05T11:57:00+05:30,20757,20762.3,20755.7,20762,
2023-12-05T11:58:00+05:30,20761.7,20766.2,20756.5,20763,
2023-12-05T11:59:00+05:30,20762,20762.9,20755.3,20762.9,
2023-12-05T12:00:00+05:30,20761.5,20762.5,20756.5,20757.2,
2023-12-05T12:01:00+05:30,20757,20769,20753.6,20769,
2023-12-05T12:02:00+05:30,20768.7,20774.8,20768.7,20774.8,
2023-12-05T12:03:00+05:30,20774.8,20777.8,20771.5,20777,
2023-12-05T12:04:00+05:30,20776.5,20777.8,20772.2,20774.8,
2023-12-05T12:05:00+05:30,20775,20775.5,20765.5,20765.5,
2023-12-05T12:06:00+05:30,20766.3,20772.2,20762.7,20768.4,
2023-12-05T12:07:00+05:30,20768,20772,20767.8,20772,
2023-12-05T12:08:00+05:30,20772.2,20773.4,20768.2,20769,
2023-12-05T12:09:00+05:30,20768.2,20768.2,20760,20760,
2023-12-05T12:10:00+05:30,20759.5,20768.8,20758.8,20766.3,
2023-12-05T12:11:00+05:30,20767,20772.2,20766,20771.2,
2023-12-05T12:12:00+05:30,20772.3,20779,20771.7,20777.8,
2023-12-05T12:13:00+05:30,20778,20778.8,20775,20777.8,
2023-12-05T12:14:00+05:30,20778.2,20779.8,20776.3,20776.7,
2023-12-05T12:15:00+05:30,20776.5,20779.3,20772.5,20774.3,
2023-12-05T12:16:00+05:30,20773.8,20774.8,20768.5,20774.8,
2023-12-05T12:17:00+05:30,20774.6,20781.1,20774.6,20780.6,
2023-12-05T12:18:00+05:30,20781,20782.2,20776.2,20777.6,
2023-12-05T12:19:00+05:30,20777.5,20777.5,20772.3,20772.7,
2023-12-05T12:20:00+05:30,20773.2,20777.5,20772.7,20773.3,
2023-12-05T12:21:00+05:30,20775,20780.8,20769.8,20779.2,
2023-12-05T12:22:00+05:30,20779.8,20780.5,20775.3,20779.4,
2023-12-05T12:23:00+05:30,20778.7,20783,20777.2,20781.8,
2023-12-05T12:24:00+05:30,20781.1,20781.8,20775.8,20776,
2023-12-05T12:25:00+05:30,20776,20778.8,20774.8,20778,
2023-12-05T12:26:00+05:30,20777.9,20781.9,20777.2,20781.9,
2023-12-05T12:27:00+05:30,20780.2,20781.1,20778.3,20780.2,
2023-12-05T12:28:00+05:30,20779.4,20786.3,20779.2,20785.8,
2023-12-05T12:29:00+05:30,20785.2,20785.2,20778.1,20779.8,
2023-12-05T12:30:00+05:30,20779.4,20782.8,20777,20781.5,
2023-12-05T12:31:00+05:30,20780.8,20783.5,20779.2,20780,
2023-12-05T12:32:00+05:30,20781,20785,20779.2,20782.8,
2023-12-05T12:33:00+05:30,20782.8,20784.3,20780.6,20783.5,
2023-12-05T12:34:00+05:30,20784.2,20785.2,20781.6,20783.2,
2023-12-05T12:35:00+05:30,20782.7,20783.8,20778.5,20781.1,
2023-12-05T12:36:00+05:30,20782.3,20782.5,20777.3,20778.1,
2023-12-05T12:37:00+05:30,20778.2,20782,20777,20780,
2023-12-05T12:38:00+05:30,20779.7,20781.8,20777.8,20780.8,
2023-12-05T12:39:00+05:30,20781.3,20789.2,20779.8,20788.1,
2023-12-05T12:40:00+05:30,20787.7,20793,20787.5,20789,
2023-12-05T12:41:00+05:30,20789.2,20790.5,20783.8,20783.9,
2023-12-05T12:42:00+05:30,20782.7,20783.5,20777.7,20777.7,
2023-12-05T12:43:00+05:30,20780.2,20783.5,20777,20783.5,
2023-12-05T12:44:00+05:30,20783.6,20783.6,20775.7,20779.1,
2023-12-05T12:45:00+05:30,20779.3,20780.8,20776.7,20777.5,
2023-12-05T12:46:00+05:30,20777,20783.8,20774.8,20783.5,
2023-12-05T12:47:00+05:30,20783.5,20788.2,20781,20787.5,
2023-12-05T12:48:00+05:30,20787.8,20793,20784.8,20792,
2023-12-05T12:49:00+05:30,20792,20800.8,20791,20800.8,
2023-12-05T12:50:00+05:30,20803,20806.2,20796.3,20798.2,
2023-12-05T12:51:00+05:30,20798.7,20806.2,20797.7,20802,
2023-12-05T12:52:00+05:30,20802,20805.1,20800.2,20803.4,
2023-12-05T12:53:00+05:30,20803,20806.2,20800.2,20803.1,
2023-12-05T12:54:00+05:30,20802.3,20804.3,20798,20798.2,
2023-12-05T12:55:00+05:30,20799.5,20804.7,20799,20804.7,
2023-12-05T12:56:00+05:30,20805.6,20809.9,20804.5,20808.6,
2023-12-05T12:57:00+05:30,20808.6,20808.8,20804.6,20806.5,
2023-12-05T12:58:00+05:30,20805.8,20807.4,20804.5,20806.3,
2023-12-05T12:59:00+05:30,20807,20808.9,20805.7,20807.3,
2023-12-05T13:00:00+05:30,20807.2,20810.8,20804.9,20808.7,
2023-12-05T13:01:00+05:30,20809.3,20809.3,20803.8,20806.5,
2023-12-05T13:02:00+05:30,20806,20808,20804.3,20804.5,
2023-12-05T13:03:00+05:30,20804.5,20805.5,20798.6,20798.6,
2023-12-05T13:04:00+05:30,20799,20803.3,20797.6,20801.8,
2023-12-05T13:05:00+05:30,20803.1,20803.1,20795.5,20803,
2023-12-05T13:06:00+05:30,20803.6,20805.4,20802.2,20803.2,
2023-12-05T13:07:00+05:30,20803.2,20804.8,20800,20800.8,
2023-12-05T13:08:00+05:30,20801.2,20804.2,20799.2,20799.9,
2023-12-05T13:09:00+05:30,20800.2,20801.2,20797.8,20798.6,
2023-12-05T13:10:00+05:30,20799.3,20799.8,20795.8,20797.8,
2023-12-05T13:11:00+05:30,20797.8,20802.3,20796.7,20800.4,
2023-12-05T13:12:00+05:30,20801,20804.3,20798.8,20800.5,
2023-12-05T13:13:00+05:30,20801.2,20803,20799.2,20801.8,
2023-12-05T13:14:00+05:30,20802,20803.8,20800,20802,
2023-12-05T13:15:00+05:30,20801.9,20805,20801.2,20803.8,
2023-12-05T13:16:00+05:30,20804.2,20807.3,20803.5,20804.8,
2023-12-05T13:17:00+05:30,20804.7,20805.8,20800.5,20800.7,
2023-12-05T13:18:00+05:30,20800.4,20802.2,20797.8,20799.4,
2023-12-05T13:19:00+05:30,20799,20802,20798.1,20799.2,
2023-12-05T13:20:00+05:30,20799,20801.7,20794.6,20794.6,
2023-12-05T13:21:00+05:30,20794.7,20795.2,20790,20790,
2023-12-05T13:22:00+05:30,20789.9,20795.8,20788.7,20793.8,
2023-12-05T13:23:00+05:30,20794.2,20797,20793.5,20795.5,
2023-12-05T13:24:00+05:30,20796.5,20800.7,20796.5,20799,
2023-12-05T13:25:00+05:30,20798.8,20802.9,20798.8,20801.4,
2023-12-05T13:26:00+05:30,20801.8,20802,20798.2,20799.2,
2023-12-05T13:27:00+05:30,20800.3,20803.9,20798.1,20801.4,
2023-12-05T13:28:00+05:30,20802.5,20803,20799.2,20802.4,
2023-12-05T13:29:00+05:30,20802.6,20806.3,20801.9,20803.2,
2023-12-05T13:30:00+05:30,20803.7,20806.6,20803.3,20806.5,
2023-12-05T13:31:00+05:30,20807,20814,20805.6,20813.8,
2023-12-05T13:32:00+05:30,20813.2,20816.3,20812,20812.8,
2023-12-05T13:33:00+05:30,20812.3,20816.2,20811,20814.4,
2023-12-05T13:34:00+05:30,20814.3,20819.1,20813.2,20817.2,
2023-12-05T13:35:00+05:30,20818,20820.3,20815.2,20816.7,
2023-12-05T13:36:00+05:30,20817.7,20821.8,20815,20821,
2023-12-05T13:37:00+05:30,20821.2,20822.4,20814.7,20814.9,
2023-12-05T13:38:00+05:30,20815.2,20821.1,20814,20817.3,
2023-12-05T13:39:00+05:30,20818.5,20824,20816.7,20821.5,
2023-12-05T13:40:00+05:30,20823.2,20827.4,20822.2,20825.5,
2023-12-05T13:41:00+05:30,20825.7,20826.5,20820.5,20821.2,
2023-12-05T13:42:00+05:30,20821.3,20821.5,20816,20817.4,
2023-12-05T13:43:00+05:30,20817.3,20821.9,20817.2,20820.3,
2023-12-05T13:44:00+05:30,20820,20820.3,20817,20819,
2023-12-05T13:45:00+05:30,20819.4,20820.2,20815.2,20816.4,
2023-12-05T13:46:00+05:30,20816,20818,20813.3,20815.3,
2023-12-05T13:47:00+05:30,20815.5,20816.5,20811,20815.2,
2023-12-05T13:48:00+05:30,20813.8,20821.7,20812.8,20819.5,
2023-12-05T13:49:00+05:30,20820.3,20822.1,20817.7,20819.7,
2023-12-05T13:50:00+05:30,20819.5,20823.2,20819.2,20820.6,
2023-12-05T13:51:00+05:30,20820.2,20821.7,20812.4,20812.6,
2023-12-05T13:52:00+05:30,20812.8,20819.1,20811.8,20819.1,
2023-12-05T13:53:00+05:30,20817.9,20819,20814.9,20816.8,
2023-12-05T13:54:00+05:30,20816.4,20821,20816.4,20817,
2023-12-05T13:55:00+05:30,20816.8,20818.5,20813.5,20814,
2023-12-05T13:56:00+05:30,20814.5,20818,20814.5,20815.5,
2023-12-05T13:57:00+05:30,20816.5,20816.8,20805.5,20809.8,
2023-12-05T13:58:00+05:30,20809.9,20812.2,20804,20804,
2023-12-05T13:59:00+05:30,20804.6,20807.4,20802.5,20805.7,
2023-12-05T14:00:00+05:30,20805,20810.4,20800.9,20806.4,
2023-12-05T14:01:00+05:30,20806.7,20809.3,20804,20804,
2023-12-05T14:02:00+05:30,20803.5,20803.5,20796.7,20797.3,
2023-12-05T14:03:00+05:30,20796.8,20796.8,20791.2,20792.7,
2023-12-05T14:04:00+05:30,20792.3,20792.8,20789.2,20789.7,
2023-12-05T14:05:00+05:30,20789.8,20799.4,20789.8,20795.8,
2023-12-05T14:06:00+05:30,20795.3,20800.5,20795.3,20797.2,
2023-12-05T14:07:00+05:30,20797.2,20805.7,20797.2,20805.7,
2023-12-05T14:08:00+05:30,20805.7,20812,20804.7,20810.8,
2023-12-05T14:09:00+05:30,20810.3,20813.2,20808.5,20812.7,
2023-12-05T14:10:00+05:30,20812,20814.2,20810.2,20810.5,
2023-12-05T14:11:00+05:30,20809.5,20815.9,20809.5,20814.7,
2023-12-05T14:12:00+05:30,20813.7,20815.6,20810.5,20814.1,
2023-12-05T14:13:00+05:30,20814.5,20816.5,20811.2,20811.3,
2023-12-05T14:14:00+05:30,20811.4,20815.7,20811.4,20812.9,
2023-12-05T14:15:00+05:30,20812.5,20813.2,20807,20810.8,
2023-12-05T14:16:00+05:30,20810.2,20811.7,20806.8,20806.8,
2023-12-05T14:17:00+05:30,20807.3,20808.3,20805,20805,
2023-12-05T14:18:00+05:30,20805.7,20807,20801.5,20801.5,
2023-12-05T14:19:00+05:30,20801.8,20805.2,20801.5,20802.8,
2023-12-05T14:20:00+05:30,20802.1,20809.2,20801.2,20809.2,
2023-12-05T14:21:00+05:30,20808.5,20812.4,20808.5,20810.5,
2023-12-05T14:22:00+05:30,20810.3,20815.1,20807.1,20807.1,
2023-12-05T14:23:00+05:30,20807.3,20807.6,20799.2,20799.2,
2023-12-05T14:24:00+05:30,20799.1,20805.5,20794.1,20805.5,
2023-12-05T14:25:00+05:30,20806,20807.8,20804.6,20806.2,
2023-12-05T14:26:00+05:30,20806.5,20807.5,20802,20804.2,
2023-12-05T14:27:00+05:30,20804.3,20810.2,20803.6,20807.8,
2023-12-05T14:28:00+05:30,20808.3,20809.8,20805.8,20807.7,
2023-12-05T14:29:00+05:30,20807.4,20812,20806.9,20809.3,
2023-12-05T14:30:00+05:30,20809,20815.2,20809,20809.9,
2023-12-05T14:31:00+05:30,20810.2,20813.5,20808.6,20812.7,
2023-12-05T14:32:00+05:30,20812.8,20815.5,20812.6,20815.2,
2023-12-05T14:33:00+05:30,20815,20818,20814.5,20816.3,
2023-12-05T14:34:00+05:30,20816.2,20818,20812.8,20817,
2023-12-05T14:35:00+05:30,20817.7,20824.3,20817,20824.3,
2023-12-05T14:36:00+05:30,20824.4,20824.4,20817.1,20817.1,
2023-12-05T14:37:00+05:30,20818.4,20823.6,20818,20823.2,
2023-12-05T14:38:00+05:30,20823.8,20827,20823.2,20825.5,
2023-12-05T14:39:00+05:30,20826.2,20828.3,20824.3,20826,
2023-12-05T14:40:00+05:30,20825.3,20831.3,20825.3,20828.8,
2023-12-05T14:41:00+05:30,20828,20830.5,20824.7,20829.5,
2023-12-05T14:42:00+05:30,20829.3,20830.8,20827.1,20830.5,
2023-12-05T14:43:00+05:30,20830.8,20832,20829.5,20830.3,
2023-12-05T14:44:00+05:30,20830.5,20830.5,20818.3,20818.3,
2023-12-05T14:45:00+05:30,20818.9,20828.2,20818.9,20826.1,
2023-12-05T14:46:00+05:30,20826,20828,20824.8,20826.3,
2023-12-05T14:47:00+05:30,20826.5,20828,20821.3,20822.2,
2023-12-05T14:48:00+05:30,20821.8,20823,20819.6,20821.8,
2023-12-05T14:49:00+05:30,20822.2,20826.3,20822.2,20825.8,
2023-12-05T14:50:00+05:30,20825.9,20827,20822,20823.7,
2023-12-05T14:51:00+05:30,20822.9,20830.5,20822.1,20829.9,
2023-12-05T14:52:00+05:30,20829.1,20830.2,20825.8,20825.9,
2023-12-05T14:53:00+05:30,20826.3,20829.3,20825.7,20826.1,
2023-12-05T14:54:00+05:30,20825.7,20830.3,20825.7,20828,
2023-12-05T14:55:00+05:30,20827.3,20831.5,20827.2,20828.6,
2023-12-05T14:56:00+05:30,20829.2,20835,20828.6,20833.8,
2023-12-05T14:57:00+05:30,20833.2,20837.5,20832.8,20836,
2023-12-05T14:58:00+05:30,20836.4,20839,20832.8,20833,
2023-12-05T14:59:00+05:30,20833.1,20837.9,20832.8,20836.8,
2023-12-05T15:00:00+05:30,20836.1,20845.8,20834.2,20844.9,
2023-12-05T15:01:00+05:30,20844.8,20846.5,20842.3,20842.4,
2023-12-05T15:02:00+05:30,20841.4,20845.7,20841.3,20843.3,
2023-12-05T15:03:00+05:30,20843.3,20847.3,20843.3,20847.3,
2023-12-05T15:04:00+05:30,20847.3,20848.7,20844.2,20847,
2023-12-05T15:05:00+05:30,20847.4,20854.8,20847.4,20853.7,
2023-12-05T15:06:00+05:30,20853.5,20858.2,20850.2,20856.2,
2023-12-05T15:07:00+05:30,20855.5,20856.3,20852.2,20854.5,
2023-12-05T15:08:00+05:30,20855.2,20860.2,20854.6,20855.8,
2023-12-05T15:09:00+05:30,20856.5,20856.8,20853.2,20854.7,
2023-12-05T15:10:00+05:30,20856.8,20857.5,20855.5,20857.2,
2023-12-05T15:11:00+05:30,20857.7,20861,20856.2,20856.2,
2023-12-05T15:12:00+05:30,20856.8,20857.2,20853.1,20857.2,
2023-12-05T15:13:00+05:30,20857.7,20859.3,20855.2,20857.7,
2023-12-05T15:14:00+05:30,20857.5,20857.8,20855.4,20857.8,
2023-12-05T15:15:00+05:30,20858,20862.1,20857.3,20862.1,
2023-12-05T15:16:00+05:30,20862,20864,20858.3,20860.6,
2023-12-05T15:17:00+05:30,20860.3,20860.8,20855.8,20856.8,
2023-12-05T15:18:00+05:30,20856.8,20862.2,20856.6,20862.2,
2023-12-05T15:19:00+05:30,20862.9,20864,20857.7,20859.5,
2023-12-05T15:20:00+05:30,20859.7,20861.8,20856.1,20858,
2023-12-05T15:21:00+05:30,20857.2,20857.8,20853.7,20855,
2023-12-05T15:22:00+05:30,20855.4,20855.4,20851.5,20853.5,
2023-12-05T15:23:00+05:30,20853.3,20858.7,20852.8,20857.3,
2023-12-05T15:24:00+05:30,20856.5,20858.2,20852.7,20858.2,
2023-12-05T15:25:00+05:30,20858.7,20860.5,20856.6,20859,
2023-12-05T15:26:00+05:30,20858.9,20861.2,20857.7,20859.8,
2023-12-05T15:27:00+05:30,20860.1,20861.2,20855.9,20860,
2023-12-05T15:28:00+05:30,20859.2,20862,20856.7,20858.1,
2023-12-05T15:29:00+05:30,20857.7,20862.8,20852.7,20856.7,
2023-12-06T09:15:00+05:30,20950.8,20950.8,20915.2,20944.8,
2023-12-06T09:16:00+05:30,20945.4,20956.5,20940.1,20941.7,
2023-12-06T09:17:00+05:30,20941.2,20943.3,20924.6,20926.8,
2023-12-06T09:18:00+05:30,20928.5,20936.8,20925.2,20934.5,
2023-12-06T09:19:00+05:30,20933.7,20937.1,20929,20933.8,
2023-12-06T09:20:00+05:30,20933.5,20934,20928.3,20931.3,
2023-12-06T09:21:00+05:30,20930.7,20939.5,20929.3,20935.8,
2023-12-06T09:22:00+05:30,20935.3,20940.8,20931.5,20933,
2023-12-06T09:23:00+05:30,20931.7,20940,20930.2,20939.8,
2023-12-06T09:24:00+05:30,20940.1,20940.9,20930,20935.8,
2023-12-06T09:25:00+05:30,20935,20937.3,20926.2,20927.3,
2023-12-06T09:26:00+05:30,20928.2,20928.2,20909.8,20912.8,
2023-12-06T09:27:00+05:30,20912.5,20922,20911.2,20917.3,
2023-12-06T09:28:00+05:30,20917.1,20929.3,20917.1,20928.5,
2023-12-06T09:29:00+05:30,20928.5,20933.8,20925.4,20933.8,
2023-12-06T09:30:00+05:30,20931.2,20931.2,20915.8,20926,
2023-12-06T09:31:00+05:30,20926,20926,20903.3,20907.2,
2023-12-06T09:32:00+05:30,20908.1,20914.5,20892.5,20906,
2023-12-06T09:33:00+05:30,20907.7,20918.8,20905.7,20908,
2023-12-06T09:34:00+05:30,20908,20910.9,20900.5,20908.3,
2023-12-06T09:35:00+05:30,20908.4,20910,20901.8,20903.4,
2023-12-06T09:36:00+05:30,20900,20902.7,20887.5,20901.8,
2023-12-06T09:37:00+05:30,20901.7,20903.7,20892.8,20892.8,
2023-12-06T09:38:00+05:30,20891.7,20897,20889.1,20897,
2023-12-06T09:39:00+05:30,20897,20934.3,20896.8,20934.3,
2023-12-06T09:40:00+05:30,20933.9,20938.8,20920.8,20930.8,
2023-12-06T09:41:00+05:30,20930.5,20932.8,20925.4,20932.1,
2023-12-06T09:42:00+05:30,20933.3,20936.6,20928.2,20928.5,
2023-12-06T09:43:00+05:30,20931,20933.9,20923.5,20924.9,
2023-12-06T09:44:00+05:30,20925.8,20933.2,20925.8,20930,
2023-12-06T09:45:00+05:30,20930.7,20933.5,20928.8,20933.2,
2023-12-06T09:46:00+05:30,20935,20936.2,20931.2,20933.7,
2023-12-06T09:47:00+05:30,20933.7,20936.3,20931.2,20935.7,
2023-12-06T09:48:00+05:30,20936,20941,20931.3,20939.5,
2023-12-06T09:49:00+05:30,20939.6,20948.9,20937,20947.7,
2023-12-06T09:50:00+05:30,20947.6,20958.7,20947.2,20949.8,
2023-12-06T09:51:00+05:30,20949.7,20949.7,20935,20938.7,
2023-12-06T09:52:00+05:30,20937.3,20943.5,20933,20933,
2023-12-06T09:53:00+05:30,20932.7,20937.5,20930.3,20936.7,
2023-12-06T09:54:00+05:30,20935.5,20935.5,20925.7,20931.8,
2023-12-06T09:55:00+05:30,20931.1,20937,20929,20937,
2023-12-06T09:56:00+05:30,20937.5,20940.9,20932.3,20932.3,
2023-12-06T09:57:00+05:30,20933.2,20939.7,20931.3,20939.7,
2023-12-06T09:58:00+05:30,20939.3,20939.3,20933.4,20938.6,
2023-12-06T09:59:00+05:30,20940.7,20941.1,20928.5,20928.7,
2023-12-06T10:00:00+05:30,20929.1,20938.2,20929.1,20937,
2023-12-06T10:01:00+05:30,20936.5,20938.2,20931.8,20937.8,
2023-12-06T10:02:00+05:30,20937.8,20939.2,20926.9,20926.9,
2023-12-06T10:03:00+05:30,20926.8,20926.8,20910.6,20915,
2023-12-06T10:04:00+05:30,20914.1,20920.3,20913.2,20920,
2023-12-06T10:05:00+05:30,20920.2,20927.2,20915.6,20919,
2023-12-06T10:06:00+05:30,20919.2,20923.1,20914,20923.1,
2023-12-06T10:07:00+05:30,20923.7,20924.8,20914.1,20918,
2023-12-06T10:08:00+05:30,20917.2,20917.2,20910.8,20913,
2023-12-06T10:09:00+05:30,20912.8,20912.8,20898.8,20902,
2023-12-06T10:10:00+05:30,20901.5,20908.5,20895.9,20908.5,
2023-12-06T10:11:00+05:30,20908.5,20910.4,20904.5,20909.8,
2023-12-06T10:12:00+05:30,20910.5,20915.1,20907.5,20913.2,
2023-12-06T10:13:00+05:30,20914.5,20914.5,20903.2,20905,
2023-12-06T10:14:00+05:30,20905,20905,20894.7,20898.8,
2023-12-06T10:15:00+05:30,20899.5,20907.2,20899.4,20906.9,
2023-12-06T10:16:00+05:30,20906.8,20909.6,20905.3,20909.6,
2023-12-06T10:17:00+05:30,20907,20908.7,20901.5,20904,
2023-12-06T10:18:00+05:30,20904.5,20910.8,20902.5,20910.2,
2023-12-06T10:19:00+05:30,20910.5,20918.2,20909,20918.2,
2023-12-06T10:20:00+05:30,20918.8,20924,20915.9,20920.9,
2023-12-06T10:21:00+05:30,20922.7,20924,20918.2,20919.8,
2023-12-06T10:22:00+05:30,20919.5,20921.1,20915.1,20916.7,
2023-12-06T10:23:00+05:30,20916.5,20916.5,20905.5,20905.8,
2023-12-06T10:24:00+05:30,20907,20907.2,20898.3,20900.5,
2023-12-06T10:25:00+05:30,20899.1,20907.9,20899.1,20901.5,
2023-12-06T10:26:00+05:30,20901.7,20903,20893.7,20899.5,
2023-12-06T10:27:00+05:30,20899.2,20899.8,20895.3,20898.4,
2023-12-06T10:28:00+05:30,20898.3,20898.3,20894.7,20896.5,
2023-12-06T10:29:00+05:30,20896.8,20899.8,20891,20899,
2023-12-06T10:30:00+05:30,20901,20901.3,20893.2,20895.2,
2023-12-06T10:31:00+05:30,20894.7,20906.2,20894.7,20904.4,
2023-12-06T10:32:00+05:30,20904.6,20908.8,20903.4,20907.9,
2023-12-06T10:33:00+05:30,20908.7,20910.5,20906.2,20908.5,
2023-12-06T10:34:00+05:30,20908.2,20908.8,20904.2,20908.8,
2023-12-06T10:35:00+05:30,20908.3,20909.1,20902.7,20902.9,
2023-12-06T10:36:00+05:30,20903.1,20904.9,20900.3,20900.3,
2023-12-06T10:37:00+05:30,20901.4,20905,20901.4,20903.2,
2023-12-06T10:38:00+05:30,20902.8,20904.9,20901.9,20903,
2023-12-06T10:39:00+05:30,20904.4,20904.8,20900,20901.5,
2023-12-06T10:40:00+05:30,20901.4,20903.1,20896.8,20899.1,
2023-12-06T10:41:00+05:30,20899,20901.6,20898.5,20901.6,
2023-12-06T10:42:00+05:30,20901.3,20902.3,20898,20900.4,
2023-12-06T10:43:00+05:30,20900.8,20909,20899.7,20909,
2023-12-06T10:44:00+05:30,20908.2,20908.2,20902,20904,
2023-12-06T10:45:00+05:30,20904.2,20913.5,20904.2,20912.7,
2023-12-06T10:46:00+05:30,20913.6,20915.9,20911,20915.9,
2023-12-06T10:47:00+05:30,20916.3,20921.2,20914.4,20920.1,
2023-12-06T10:48:00+05:30,20921.5,20923.2,20919,20920.9,
2023-12-06T10:49:00+05:30,20921,20933.1,20920.7,20932,
2023-12-06T10:50:00+05:30,20932.8,20934.9,20931.7,20934.7,
2023-12-06T10:51:00+05:30,20935.4,20936,20927.2,20928.2,
2023-12-06T10:52:00+05:30,20929.5,20933.5,20927.9,20933,
2023-12-06T10:53:00+05:30,20933,20934,20925.4,20928.5,
2023-12-06T10:54:00+05:30,20929.2,20930.9,20926.8,20928.7,
2023-12-06T10:55:00+05:30,20929,20929.8,20924.5,20926,
2023-12-06T10:56:00+05:30,20926.5,20929.8,20922.8,20929.3,
2023-12-06T10:57:00+05:30,20929.2,20930,20925.8,20927.9,
2023-12-06T10:58:00+05:30,20928.3,20930,20926.4,20928.2,
2023-12-06T10:59:00+05:30,20930.1,20941.2,20929.8,20939.4,
2023-12-06T11:00:00+05:30,20941.5,20942.7,20935.8,20935.9,
2023-12-06T11:01:00+05:30,20937.5,20937.5,20933.2,20935.3,
2023-12-06T11:02:00+05:30,20935.6,20940,20935.5,20938.8,
2023-12-06T11:03:00+05:30,20938,20939.5,20936,20936.6,
2023-12-06T11:04:00+05:30,20937.4,20940.7,20934.8,20936.2,
2023-12-06T11:05:00+05:30,20934.8,20935.7,20930.5,20933.2,
2023-12-06T11:06:00+05:30,20933,20938.5,20932,20935.8,
2023-12-06T11:07:00+05:30,20937.2,20937.2,20930.8,20931.2,
2023-12-06T11:08:00+05:30,20933.3,20933.3,20929,20931.3,
2023-12-06T11:09:00+05:30,20932.3,20933,20921.5,20921.5,
2023-12-06T11:10:00+05:30,20922.2,20927.3,20920.3,20927,
2023-12-06T11:11:00+05:30,20927.4,20930.7,20927.3,20927.7,
2023-12-06T11:12:00+05:30,20927.6,20928.3,20923.8,20927,
2023-12-06T11:13:00+05:30,20927.2,20930.4,20926,20927.7,
2023-12-06T11:14:00+05:30,20928,20929.8,20926.2,20927,
2023-12-06T11:15:00+05:30,20927.5,20929.3,20925.6,20926.2,
2023-12-06T11:16:00+05:30,20927.5,20933.2,20926,20932.3,
2023-12-06T11:17:00+05:30,20933,20933,20928,20928,
2023-12-06T11:18:00+05:30,20927.7,20928.2,20920.2,20921.5,
2023-12-06T11:19:00+05:30,20921.1,20923.7,20915.2,20915.5,
2023-12-06T11:20:00+05:30,20915.9,20923.7,20915.9,20921.4,
2023-12-06T11:21:00+05:30,20921.5,20928.2,20921.5,20927,
2023-12-06T11:22:00+05:30,20927.6,20929.6,20925.4,20928.4,
2023-12-06T11:23:00+05:30,20929.2,20929.7,20922.5,20926.4,
2023-12-06T11:24:00+05:30,20927,20928.3,20925.8,20928,
2023-12-06T11:25:00+05:30,20927.7,20929.5,20925.9,20927.8,
2023-12-06T11:26:00+05:30,20927.7,20931,20925.2,20928.9,
2023-12-06T11:27:00+05:30,20930.2,20930.2,20924.8,20928.2,
2023-12-06T11:28:00+05:30,20927.2,20930,20923.8,20924.4,
2023-12-06T11:29:00+05:30,20924.2,20929.8,20923.9,20927.1,
2023-12-06T11:30:00+05:30,20927.7,20936.7,20925.9,20935.7,
2023-12-06T11:31:00+05:30,20936.4,20937,20932.2,20934.2,
2023-12-06T11:32:00+05:30,20935.8,20938.7,20934,20937,
2023-12-06T11:33:00+05:30,20936.8,20938.7,20935.7,20937,
2023-12-06T11:34:00+05:30,20937.8,20937.8,20932.4,20935.1,
2023-12-06T11:35:00+05:30,20935,20937.8,20934.3,20936.3,
2023-12-06T11:36:00+05:30,20937.3,20938.1,20935.1,20935.7,
2023-12-06T11:37:00+05:30,20936,20937.2,20934.2,20935.6,
2023-12-06T11:38:00+05:30,20936.4,20939.7,20935.3,20936.7,
2023-12-06T11:39:00+05:30,20937.3,20938.4,20934.7,20937.5,
2023-12-06T11:40:00+05:30,20937.8,20939.7,20935.5,20935.8,
2023-12-06T11:41:00+05:30,20936,20936.8,20932.5,20936.2,
2023-12-06T11:42:00+05:30,20937,20937.7,20933.9,20936.7,
2023-12-06T11:43:00+05:30,20938,20938.2,20934.5,20937.3,
2023-12-06T11:44:00+05:30,20938.2,20939.7,20936.8,20939,
2023-12-06T11:45:00+05:30,20940,20940.8,20935.2,20936.3,
2023-12-06T11:46:00+05:30,20936.6,20938.3,20934,20937,
2023-12-06T11:47:00+05:30,20936.8,20938.5,20935.7,20937.2,
2023-12-06T11:48:00+05:30,20936.5,20939.5,20935.5,20936.7,
2023-12-06T11:49:00+05:30,20936.3,20939.3,20933,20938.8,
2023-12-06T11:50:00+05:30,20939.7,20940.3,20935.3,20935.3,
2023-12-06T11:51:00+05:30,20935,20937.3,20933,20933,
2023-12-06T11:52:00+05:30,20933.5,20933.5,20929.7,20929.7,
2023-12-06T11:53:00+05:30,20928.5,20930.2,20927,20928,
2023-12-06T11:54:00+05:30,20927.5,20927.5,20920.5,20920.8,
2023-12-06T11:55:00+05:30,20922.2,20922.2,20917.3,20920.8,
2023-12-06T11:56:00+05:30,20920.8,20926,20918.5,20918.5,
2023-12-06T11:57:00+05:30,20918.9,20921.7,20917.8,20921.5,
2023-12-06T11:58:00+05:30,20920.7,20926.5,20920.7,20926.5,
2023-12-06T11:59:00+05:30,20926.7,20930,20925.7,20930,
2023-12-06T12:00:00+05:30,20929.6,20933.3,20929.6,20930.2,
2023-12-06T12:01:00+05:30,20930.6,20930.6,20925.2,20927.3,
2023-12-06T12:02:00+05:30,20926.8,20928.2,20924.2,20927.7,
2023-12-06T12:03:00+05:30,20926.8,20927.8,20923.6,20927.1,
2023-12-06T12:04:00+05:30,20927.3,20930,20926.5,20929,
2023-12-06T12:05:00+05:30,20928.6,20932.2,20928,20931,
2023-12-06T12:06:00+05:30,20931.2,20933.8,20930.8,20933.8,
2023-12-06T12:07:00+05:30,20933.7,20933.7,20930.8,20932.7,
2023-12-06T12:08:00+05:30,20932.2,20935.4,20931.2,20934.4,
2023-12-06T12:09:00+05:30,20934,20934.8,20930,20930.5,
2023-12-06T12:10:00+05:30,20930.5,20933,20929.2,20931.4,
2023-12-06T12:11:00+05:30,20931.9,20932.3,20928.4,20929.1,
2023-12-06T12:12:00+05:30,20928.5,20932.4,20928.5,20932.3,
2023-12-06T12:13:00+05:30,20932.2,20935.3,20931.2,20934.5,
2023-12-06T12:14:00+05:30,20934.8,20936.1,20930,20930.5,
2023-12-06T12:15:00+05:30,20931.4,20933.3,20930,20933,
2023-12-06T12:16:00+05:30,20932.8,20933.5,20930,20932.1,
2023-12-06T12:17:00+05:30,20932.3,20933.5,20930.8,20931.3,
2023-12-06T12:18:00+05:30,20932.5,20932.5,20928.5,20928.8,
2023-12-06T12:19:00+05:30,20929.8,20929.8,20926.7,20927.2,
2023-12-06T12:20:00+05:30,20927.2,20928.9,20924.2,20925.2,
2023-12-06T12:21:00+05:30,20925.2,20925.3,20922.7,20923.8,
2023-12-06T12:22:00+05:30,20924.3,20925.5,20920.4,20922.5,
2023-12-06T12:23:00+05:30,20923.5,20926.1,20920.8,20926.1,
2023-12-06T12:24:00+05:30,20926.8,20930.2,20924.9,20926.3,
2023-12-06T12:25:00+05:30,20924.7,20929.3,20924.7,20926.4,
2023-12-06T12:26:00+05:30,20925.5,20926.3,20920,20920,
2023-12-06T12:27:00+05:30,20920,20920.1,20916.6,20917.2,
2023-12-06T12:28:00+05:30,20917.6,20917.6,20913.1,20913.5,
2023-12-06T12:29:00+05:30,20913.7,20916.8,20913.2,20915.3,
2023-12-06T12:30:00+05:30,20914.8,20920.4,20913.6,20919.6,
2023-12-06T12:31:00+05:30,20919.7,20922.5,20917,20917.8,
2023-12-06T12:32:00+05:30,20917,20917,20906.3,20907.2,
2023-12-06T12:33:00+05:30,20906.2,20908,20901.8,20904,
2023-12-06T12:34:00+05:30,20905.3,20905.6,20896.2,20896.2,
2023-12-06T12:35:00+05:30,20895.6,20899.6,20891.5,20896.7,
2023-12-06T12:36:00+05:30,20896.1,20906.3,20895,20904.5,
2023-12-06T12:37:00+05:30,20904.5,20910.8,20901.6,20910.4,
2023-12-06T12:38:00+05:30,20910.6,20914.8,20909.3,20909.3,
2023-12-06T12:39:00+05:30,20909.5,20910.5,20904,20908.5,
2023-12-06T12:40:00+05:30,20908.2,20911.2,20906.2,20907.5,
2023-12-06T12:41:00+05:30,20908.7,20908.7,20903.7,20904.8,
2023-12-06T12:42:00+05:30,20904.6,20905,20900.9,20901.7,
2023-12-06T12:43:00+05:30,20902.2,20905,20899.8,20903,
2023-12-06T12:44:00+05:30,20903.9,20903.9,20896.2,20896.2,
2023-12-06T12:45:00+05:30,20897.5,20897.7,20890,20890.8,
2023-12-06T12:46:00+05:30,20891.8,20898,20890.2,20896.3,
2023-12-06T12:47:00+05:30,20897.2,20902.7,20897.2,20898.9,
2023-12-06T12:48:00+05:30,20899,20902.3,20896.1,20897.5,
2023-12-06T12:49:00+05:30,20896.9,20899,20893.8,20896.2,
2023-12-06T12:50:00+05:30,20896.5,20897.3,20891.3,20893.8,
2023-12-06T12:51:00+05:30,20894.2,20901.2,20894.1,20897.9,
2023-12-06T12:52:00+05:30,20898.1,20898.1,20891.5,20894.8,
2023-12-06T12:53:00+05:30,20894.7,20898.8,20894.1,20895.1,
2023-12-06T12:54:00+05:30,20896.3,20896.8,20890.4,20892.5,
2023-12-06T12:55:00+05:30,20891.6,20894.6,20885.5,20893.3,
2023-12-06T12:56:00+05:30,20893.9,20898.7,20892.9,20895.8,
2023-12-06T12:57:00+05:30,20895.4,20907.2,20895.4,20906.3,
2023-12-06T12:58:00+05:30,20906.3,20906.8,20901.9,20903.8,
2023-12-06T12:59:00+05:30,20903.7,20905.4,20901.6,20904.3,
2023-12-06T13:00:00+05:30,20904.9,20905.5,20899.9,20903.3,
2023-12-06T13:01:00+05:30,20903.2,20904.4,20898.9,20898.9,
2023-12-06T13:02:00+05:30,20899.2,20899.2,20894.2,20895,
2023-12-06T13:03:00+05:30,20895,20898,20893,20894.4,
2023-12-06T13:04:00+05:30,20894.5,20896.8,20892.2,20895.5,
2023-12-06T13:05:00+05:30,20895.2,20895.7,20888.7,20890,
2023-12-06T13:06:00+05:30,20889,20892.5,20886.9,20886.9,
2023-12-06T13:07:00+05:30,20887.3,20887.3,20872.2,20876.1,
2023-12-06T13:08:00+05:30,20875,20877.8,20872,20877,
2023-12-06T13:09:00+05:30,20876.8,20885.2,20874.2,20882.2,
2023-12-06T13:10:00+05:30,20882.7,20883,20876.5,20878.6,
2023-12-06T13:11:00+05:30,20877.3,20888,20875.5,20885.2,
2023-12-06T13:12:00+05:30,20884.4,20884.4,20876.2,20878.3,
2023-12-06T13:13:00+05:30,20877.2,20878.3,20875.7,20876.4,
2023-12-06T13:14:00+05:30,20877.1,20877.1,20869.9,20873.4,
2023-12-06T13:15:00+05:30,20873.8,20880.7,20869.8,20880.7,
2023-12-06T13:16:00+05:30,20879.8,20885.7,20876,20879.4,
2023-12-06T13:17:00+05:30,20879,20886.7,20877.9,20884.7,
2023-12-06T13:18:00+05:30,20883.9,20887.4,20881.7,20884.7,
2023-12-06T13:19:00+05:30,20884.3,20884.3,20877,20880.5,
2023-12-06T13:20:00+05:30,20880.8,20881.8,20876.3,20878.2,
2023-12-06T13:21:00+05:30,20877.7,20878.4,20873.5,20876.9,
2023-12-06T13:22:00+05:30,20876.2,20876.2,20868,20872.2,
2023-12-06T13:23:00+05:30,20871.8,20872.2,20868.8,20871.8,
2023-12-06T13:24:00+05:30,20871,20873.1,20859.2,20859.2,
2023-12-06T13:25:00+05:30,20859.1,20866.8,20854.5,20859.4,
2023-12-06T13:26:00+05:30,20859,20866.8,20852.2,20866.2,
2023-12-06T13:27:00+05:30,20866,20876.1,20863.3,20870.7,
2023-12-06T13:28:00+05:30,20870.8,20871.8,20867.4,20868.8,
2023-12-06T13:29:00+05:30,20868.9,20871.5,20866.3,20871,
2023-12-06T13:30:00+05:30,20870.8,20882.2,20869.5,20882.2,
2023-12-06T13:31:00+05:30,20881.5,20888.8,20879.3,20885.7,
2023-12-06T13:32:00+05:30,20886.8,20894.1,20885.3,20894,
2023-12-06T13:33:00+05:30,20893.7,20895.2,20887.8,20891,
2023-12-06T13:34:00+05:30,20891,20898.8,20889.1,20897,
2023-12-06T13:35:00+05:30,20899,20902.2,20896.5,20898.4,
2023-12-06T13:36:00+05:30,20899.2,20903.7,20895,20900.9,
2023-12-06T13:37:00+05:30,20901.7,20908.3,20899.2,20905.8,
2023-12-06T13:38:00+05:30,20907,20907,20898.4,20898.8,
2023-12-06T13:39:00+05:30,20900.8,20901.2,20895.6,20896.8,
2023-12-06T13:40:00+05:30,20898,20901.7,20896.5,20901.7,
2023-12-06T13:41:00+05:30,20901.8,20903.3,20899.8,20901.2,
2023-12-06T13:42:00+05:30,20902.2,20902.2,20896.3,20899.8,
2023-12-06T13:43:00+05:30,20899.7,20902.4,20898,20900.8,
2023-12-06T13:44:00+05:30,20901.3,20901.8,20898.8,20900.7,
2023-12-06T13:45:00+05:30,20901.3,20902.2,20897.7,20899.2,
2023-12-06T13:46:00+05:30,20899.2,20907.5,20897.7,20906.2,
2023-12-06T13:47:00+05:30,20907,20909.5,20905.8,20908.8,
2023-12-06T13:48:00+05:30,20908.5,20910.8,20902.2,20905.2,
2023-12-06T13:49:00+05:30,20906,20909.8,20905,20908.5,
2023-12-06T13:50:00+05:30,20908.8,20910,20904.1,20904.1,
2023-12-06T13:51:00+05:30,20904.8,20910.9,20902.7,20910.7,
2023-12-06T13:52:00+05:30,20909.8,20912.8,20909.5,20909.5,
2023-12-06T13:53:00+05:30,20909.8,20913,20908.5,20912.8,
2023-12-06T13:54:00+05:30,20912.8,20915,20910.2,20911.5,
2023-12-06T13:55:00+05:30,20912.9,20912.9,20905,20905.5,
2023-12-06T13:56:00+05:30,20906.6,20911.8,20905.8,20910.7,
2023-12-06T13:57:00+05:30,20911.6,20914.7,20910.8,20914,
2023-12-06T13:58:00+05:30,20914.2,20917.7,20914.2,20915.2,
2023-12-06T13:59:00+05:30,20916.3,20920,20914.7,20917.8,
2023-12-06T14:00:00+05:30,20918.5,20920.1,20914.3,20916.2,
2023-12-06T14:01:00+05:30,20917,20921.3,20916.5,20918.9,
2023-12-06T14:02:00+05:30,20918.8,20921.2,20916.9,20920.5,
2023-12-06T14:03:00+05:30,20921.3,20923.2,20920,20921.8,
2023-12-06T14:04:00+05:30,20922.5,20928.6,20921.2,20926.8,
2023-12-06T14:05:00+05:30,20926.8,20931.8,20926.2,20931.7,
2023-12-06T14:06:00+05:30,20932.1,20933.5,20928.5,20929.8,
2023-12-06T14:07:00+05:30,20931,20931,20920.5,20920.7,
2023-12-06T14:08:00+05:30,20921.7,20925,20920.2,20921.5,
2023-12-06T14:09:00+05:30,20923.2,20924.6,20921.3,20921.3,
2023-12-06T14:10:00+05:30,20922.8,20926.3,20920.9,20923.8,
2023-12-06T14:11:00+05:30,20924.5,20928.6,20922.8,20926.8,
2023-12-06T14:12:00+05:30,20926,20932,20925.7,20930.8,
2023-12-06T14:13:00+05:30,20930,20933,20929.3,20930.8,
2023-12-06T14:14:00+05:30,20930.5,20931.5,20925.7,20927,
2023-12-06T14:15:00+05:30,20927.2,20936,20927.2,20932.4,
2023-12-06T14:16:00+05:30,20932.5,20938.8,20931.1,20936.8,
2023-12-06T14:17:00+05:30,20938.2,20940.2,20935.2,20935.2,
2023-12-06T14:18:00+05:30,20935.8,20939.7,20932.8,20936.3,
2023-12-06T14:19:00+05:30,20937.5,20941,20935.6,20939.8,
2023-12-06T14:20:00+05:30,20940,20942.2,20938.8,20939.8,
2023-12-06T14:21:00+05:30,20940.3,20946.7,20939.2,20944,
2023-12-06T14:22:00+05:30,20943.7,20943.8,20939.8,20940.2,
2023-12-06T14:23:00+05:30,20940.6,20943.2,20938.9,20940.5,
2023-12-06T14:24:00+05:30,20942.2,20943.1,20935.3,20935.3,
2023-12-06T14:25:00+05:30,20934.5,20936,20932,20932,
2023-12-06T14:26:00+05:30,20933.1,20933.1,20924.5,20924.5,
2023-12-06T14:27:00+05:30,20924.8,20929,20922.6,20927.7,
2023-12-06T14:28:00+05:30,20928.5,20937.2,20928.2,20934.8,
2023-12-06T14:29:00+05:30,20935.2,20938.3,20932.9,20937.4,
2023-12-06T14:30:00+05:30,20938.2,20945.8,20938.2,20942.7,
2023-12-06T14:31:00+05:30,20943.1,20944.6,20939.5,20941.2,
2023-12-06T14:32:00+05:30,20942.2,20943.7,20938.2,20938.8,
2023-12-06T14:33:00+05:30,20940.2,20942.5,20934.3,20937.6,
2023-12-06T14:34:00+05:30,20939.6,20945.3,20937.2,20944.2,
2023-12-06T14:35:00+05:30,20943.8,20947.5,20941.9,20946.8,
2023-12-06T14:36:00+05:30,20946.8,20949.8,20944.7,20945.2,
2023-12-06T14:37:00+05:30,20944.6,20948.5,20943.8,20945.1,
2023-12-06T14:38:00+05:30,20945.7,20948.3,20944,20945.5,
2023-12-06T14:39:00+05:30,20945.8,20946.5,20940.8,20945,
2023-12-06T14:40:00+05:30,20945.7,20948.2,20944.5,20946.2,
2023-12-06T14:41:00+05:30,20945.5,20946.8,20943,20946.2,
2023-12-06T14:42:00+05:30,20947.3,20949.1,20944.8,20947.2,
2023-12-06T14:43:00+05:30,20947.8,20952.3,20947.2,20951,
2023-12-06T14:44:00+05:30,20950.9,20955.2,20949.8,20952,
2023-12-06T14:45:00+05:30,20952.7,20954.6,20948.7,20949.4,
2023-12-06T14:46:00+05:30,20948.6,20949.1,20945.2,20947.9,
2023-12-06T14:47:00+05:30,20947.8,20950.4,20946.2,20948.7,
2023-12-06T14:48:00+05:30,20948.7,20950.8,20946.5,20946.5,
2023-12-06T14:49:00+05:30,20946.8,20949.2,20944.7,20948,
2023-12-06T14:50:00+05:30,20948,20950,20942.2,20944.5,
2023-12-06T14:51:00+05:30,20945.7,20953.2,20945.3,20949.7,
2023-12-06T14:52:00+05:30,20950.8,20956.5,20949.5,20955.5,
2023-12-06T14:53:00+05:30,20955,20956.3,20951.2,20952.8,
2023-12-06T14:54:00+05:30,20952.8,20953.5,20949.2,20951,
2023-12-06T14:55:00+05:30,20952.3,20954.3,20949,20950.2,
2023-12-06T14:56:00+05:30,20950.8,20953.1,20946,20953.1,
2023-12-06T14:57:00+05:30,20953.1,20956.9,20949.9,20955.8,
2023-12-06T14:58:00+05:30,20955.8,20962,20954.8,20957,
2023-12-06T14:59:00+05:30,20956.8,20959.1,20952.7,20953.8,
2023-12-06T15:00:00+05:30,20953.1,20956.5,20946.7,20954.6,
2023-12-06T15:01:00+05:30,20953.4,20958.2,20945.7,20945.7,
2023-12-06T15:02:00+05:30,20945.7,20945.7,20932.5,20941.7,
2023-12-06T15:03:00+05:30,20942.6,20942.6,20932.2,20939,
2023-12-06T15:04:00+05:30,20938.5,20940,20937,20939.5,
2023-12-06T15:05:00+05:30,20939.2,20940.7,20936.7,20937.8,
2023-12-06T15:06:00+05:30,20938.3,20942.6,20937.5,20942.6,
2023-12-06T15:07:00+05:30,20942.8,20948,20940.6,20942.4,
2023-12-06T15:08:00+05:30,20941.7,20943.2,20936.9,20939.2,
2023-12-06T15:09:00+05:30,20940,20947.7,20939.1,20943.8,
2023-12-06T15:10:00+05:30,20944.5,20946.5,20941.5,20943.3,
2023-12-06T15:11:00+05:30,20944.3,20946.2,20941.5,20944.7,
2023-12-06T15:12:00+05:30,20945.4,20945.5,20936.4,20936.4,
2023-12-06T15:13:00+05:30,20937.2,20944.3,20936.4,20941.3,
2023-12-06T15:14:00+05:30,20942.8,20943.8,20938.5,20939.3,
2023-12-06T15:15:00+05:30,20939.9,20940.3,20932.8,20933.3,
2023-12-06T15:16:00+05:30,20934.1,20934.3,20929.2,20930.7,
2023-12-06T15:17:00+05:30,20930.8,20932,20923.8,20927.3,
2023-12-06T15:18:00+05:30,20927.8,20930.5,20925.7,20928.3,
2023-12-06T15:19:00+05:30,20928.7,20931.8,20927.3,20929,
2023-12-06T15:20:00+05:30,20930.4,20931.7,20923.6,20924.2,
2023-12-06T15:21:00+05:30,20925.3,20928.2,20924.3,20927.8,
2023-12-06T15:22:00+05:30,20927.6,20931.8,20926.9,20931.1,
2023-12-06T15:23:00+05:30,20931.6,20935.8,20930.5,20935.4,
2023-12-06T15:24:00+05:30,20936.3,20939.1,20934.2,20937.9,
2023-12-06T15:25:00+05:30,20937,20940.4,20937,20939.5,
2023-12-06T15:26:00+05:30,20941.9,20945.3,20938.2,20945.3,
2023-12-06T15:27:00+05:30,20944.8,20946.5,20940.7,20943.6,
2023-12-06T15:28:00+05:30,20944.2,20944.2,20932.5,20934.8,
2023-12-06T15:29:00+05:30,20937,20937.2,20931.5,20935.9,
2023-12-07T09:15:00+05:30,20932.4,20941.2,20865.8,20873.8,
2023-12-07T09:16:00+05:30,20874.2,20890.8,20872.7,20877.4,
2023-12-07T09:17:00+05:30,20875.8,20887.6,20875.8,20879,
2023-12-07T09:18:00+05:30,20879.5,20881.1,20867.9,20869.8,
2023-12-07T09:19:00+05:30,20868.8,20873.8,20863.8,20865.7,
2023-12-07T09:20:00+05:30,20866.2,20884.2,20866.2,20883.7,
2023-12-07T09:21:00+05:30,20883.8,20887.9,20879,20879,
2023-12-07T09:22:00+05:30,20879.2,20879.2,20868.7,20872.1,
2023-12-07T09:23:00+05:30,20871.6,20877.4,20866.8,20872.2,
2023-12-07T09:24:00+05:30,20871.3,20874.3,20865.8,20865.8,
2023-12-07T09:25:00+05:30,20864.8,20868.8,20859.2,20861.8,
2023-12-07T09:26:00+05:30,20862,20869.5,20861.1,20862.2,
2023-12-07T09:27:00+05:30,20862.1,20862.8,20858.5,20860,
2023-12-07T09:28:00+05:30,20859.9,20861.8,20853,20855.6,
2023-12-07T09:29:00+05:30,20854.9,20860.1,20851.3,20851.7,
2023-12-07T09:30:00+05:30,20851.5,20861,20850.8,20861,
2023-12-07T09:31:00+05:30,20860.7,20874,20858,20860.2,
2023-12-07T09:32:00+05:30,20860.3,20867.7,20858.8,20860.7,
2023-12-07T09:33:00+05:30,20862.5,20867.7,20862,20866.5,
2023-12-07T09:34:00+05:30,20866.4,20875.2,20864.3,20875.2,
2023-12-07T09:35:00+05:30,20874.7,20876.2,20869.7,20870.4,
2023-12-07T09:36:00+05:30,20871.3,20872.3,20866,20872.3,
2023-12-07T09:37:00+05:30,20871.6,20885.3,20871.6,20877.3,
2023-12-07T09:38:00+05:30,20877.9,20895.5,20877.1,20895.5,
2023-12-07T09:39:00+05:30,20896.8,20901.4,20894.3,20898,
2023-12-07T09:40:00+05:30,20898,20899.6,20891.3,20892.5,
2023-12-07T09:41:00+05:30,20891.4,20896.8,20886.8,20896.8,
2023-12-07T09:42:00+05:30,20895.9,20896.8,20893.1,20893.1,
2023-12-07T09:43:00+05:30,20894.2,20895.2,20891.3,20891.3,
2023-12-07T09:44:00+05:30,20891.2,20891.3,20878,20879,
2023-12-07T09:45:00+05:30,20879.6,20887.1,20879.4,20880.9,
2023-12-07T09:46:00+05:30,20880.8,20883,20879.2,20880,
2023-12-07T09:47:00+05:30,20880,20883.8,20880,20882,
2023-12-07T09:48:00+05:30,20881.7,20882.5,20868,20870.8,
2023-12-07T09:49:00+05:30,20870.2,20873,20865.3,20869,
2023-12-07T09:50:00+05:30,20869.1,20872.2,20866.2,20871.3,
2023-12-07T09:51:00+05:30,20871.5,20872,20867.6,20871.8,
2023-12-07T09:52:00+05:30,20871,20875,20869.5,20871.8,
2023-12-07T09:53:00+05:30,20871.8,20881,20871.6,20879.2,
2023-12-07T09:54:00+05:30,20879.3,20883.8,20879,20883.3,
2023-12-07T09:55:00+05:30,20883.8,20885.6,20881.2,20884.3,
2023-12-07T09:56:00+05:30,20884.2,20884.8,20880.9,20882.8,
2023-12-07T09:57:00+05:30,20881.6,20882.6,20875.8,20878.5,
2023-12-07T09:58:00+05:30,20879.2,20880.2,20875,20879.8,
2023-12-07T09:59:00+05:30,20880,20880.5,20874.5,20875.5,
2023-12-07T10:00:00+05:30,20876.3,20876.9,20872.5,20876.2,
2023-12-07T10:01:00+05:30,20876.5,20877.3,20869.3,20870,
2023-12-07T10:02:00+05:30,20869.8,20871,20865.1,20870.8,
2023-12-07T10:03:00+05:30,20870.3,20874.8,20869.3,20871.5,
2023-12-07T10:04:00+05:30,20871.8,20871.8,20865.2,20866.7,
2023-12-07T10:05:00+05:30,20866.8,20871.2,20866.8,20870.5,
2023-12-07T10:06:00+05:30,20870,20873.2,20866,20872.9,
2023-12-07T10:07:00+05:30,20873,20874,20867.5,20868.3,
2023-12-07T10:08:00+05:30,20869,20871.3,20866.9,20869.3,
2023-12-07T10:09:00+05:30,20869,20875,20866.2,20873.8,
2023-12-07T10:10:00+05:30,20873.7,20876.2,20872.4,20874,
2023-12-07T10:11:00+05:30,20874.8,20874.8,20864.2,20872.6,
2023-12-07T10:12:00+05:30,20872.2,20877.8,20869.1,20869.1,
2023-12-07T10:13:00+05:30,20870.4,20870.5,20864.5,20870.3,
2023-12-07T10:14:00+05:30,20870.2,20872.4,20869,20870.2,
2023-12-07T10:15:00+05:30,20870,20873.8,20868.9,20871.1,
2023-12-07T10:16:00+05:30,20871.2,20874,20867.3,20873,
2023-12-07T10:17:00+05:30,20870.2,20872.2,20867.8,20869.2,
2023-12-07T10:18:00+05:30,20869.2,20874.4,20869.2,20870.6,
2023-12-07T10:19:00+05:30,20871,20872.3,20867.7,20870,
2023-12-07T10:20:00+05:30,20870.4,20876,20865.8,20865.8,
2023-12-07T10:21:00+05:30,20864.3,20873.2,20859.8,20871.7,
2023-12-07T10:22:00+05:30,20872,20872.8,20868.8,20872.5,
2023-12-07T10:23:00+05:30,20872.2,20881.1,20871.3,20880.1,
2023-12-07T10:24:00+05:30,20880.2,20883.8,20879.8,20883.2,
2023-12-07T10:25:00+05:30,20882.3,20883,20879.4,20881.2,
2023-12-07T10:26:00+05:30,20881.5,20886,20881.3,20886,
2023-12-07T10:27:00+05:30,20885.2,20885.5,20879.7,20880.9,
2023-12-07T10:28:00+05:30,20881.1,20882.4,20878.5,20881.6,
2023-12-07T10:29:00+05:30,20881.6,20882,20875,20875.8,
2023-12-07T10:30:00+05:30,20877.2,20879.8,20873.5,20876.9,
2023-12-07T10:31:00+05:30,20877.3,20878.8,20875.3,20877.3,
2023-12-07T10:32:00+05:30,20876.7,20881.2,20876.5,20878.7,
2023-12-07T10:33:00+05:30,20878.8,20883.2,20878,20882.8,
2023-12-07T10:34:00+05:30,20882.2,20887.5,20882.2,20883.5,
2023-12-07T10:35:00+05:30,20884.8,20886.5,20884.2,20885,
2023-12-07T10:36:00+05:30,20884.8,20888,20884.2,20884.5,
2023-12-07T10:37:00+05:30,20885,20886.4,20882.1,20885.6,
2023-12-07T10:38:00+05:30,20884.5,20886.2,20883.1,20884.4,
2023-12-07T10:39:00+05:30,20884.8,20886.3,20883.5,20885.6,
2023-12-07T10:40:00+05:30,20885.3,20906.3,20883.6,20906.3,
2023-12-07T10:41:00+05:30,20903.9,20906.2,20900,20903,
2023-12-07T10:42:00+05:30,20903.3,20908.5,20901.2,20902.6,
2023-12-07T10:43:00+05:30,20904.8,20906.6,20901.2,20902.8,
2023-12-07T10:44:00+05:30,20903,20906.2,20899.4,20901,
2023-12-07T10:45:00+05:30,20901.2,20901.3,20895.1,20898.8,
2023-12-07T10:46:00+05:30,20898.7,20899.3,20896.5,20899,
2023-12-07T10:47:00+05:30,20898.6,20900,20897.3,20899.5,
2023-12-07T10:48:00+05:30,20899.7,20900.2,20896.6,20899.3,
2023-12-07T10:49:00+05:30,20899,20902.5,20896.4,20901.1,
2023-12-07T10:50:00+05:30,20902.4,20902.4,20897.7,20899.2,
2023-12-07T10:51:00+05:30,20899.3,20899.4,20892.8,20896.5,
2023-12-07T10:52:00+05:30,20896.2,20908.5,20896,20908.5,
2023-12-07T10:53:00+05:30,20908,20918,20907.5,20913.2,
2023-12-07T10:54:00+05:30,20912.8,20915.9,20911.3,20914.4,
2023-12-07T10:55:00+05:30,20915.7,20922.4,20915,20919,
2023-12-07T10:56:00+05:30,20919.2,20919.2,20915.3,20917.5,
2023-12-07T10:57:00+05:30,20917.2,20919.3,20909.8,20910.1,
2023-12-07T10:58:00+05:30,20908.9,20909.4,20905.8,20907.1,
2023-12-07T10:59:00+05:30,20907.6,20910.5,20906.8,20909,
2023-12-07T11:00:00+05:30,20908.5,20911.3,20906.3,20909.7,
2023-12-07T11:01:00+05:30,20909.3,20912,20908.8,20912,
2023-12-07T11:02:00+05:30,20911.8,20913.2,20910.8,20911.9,
2023-12-07T11:03:00+05:30,20912.2,20915.8,20910.8,20915.2,
2023-12-07T11:04:00+05:30,20914.7,20929.8,20914.4,20929.6,
2023-12-07T11:05:00+05:30,20928.8,20934.2,20927.4,20927.7,
2023-12-07T11:06:00+05:30,20928.9,20928.9,20925.2,20926.5,
2023-12-07T11:07:00+05:30,20927.7,20931.9,20927.2,20930.9,
2023-12-07T11:08:00+05:30,20932.2,20932.2,20927.3,20928.7,
2023-12-07T11:09:00+05:30,20930.1,20935.8,20929.1,20930.8,
2023-12-07T11:10:00+05:30,20931.8,20931.8,20923,20924.2,
2023-12-07T11:11:00+05:30,20924.7,20926.6,20922.6,20925,
2023-12-07T11:12:00+05:30,20925.3,20925.4,20920.8,20924,
2023-12-07T11:13:00+05:30,20924,20924,20920.7,20923,
2023-12-07T11:14:00+05:30,20923,20927,20922.8,20927,
2023-12-07T11:15:00+05:30,20927.7,20932.4,20925.7,20927.2,
2023-12-07T11:16:00+05:30,20927.5,20927.5,20921,20922.6,
2023-12-07T11:17:00+05:30,20923,20923.7,20916.3,20918,
2023-12-07T11:18:00+05:30,20918,20919.5,20916.3,20916.3,
2023-12-07T11:19:00+05:30,20916.6,20918.8,20915.8,20917.2,
2023-12-07T11:20:00+05:30,20917.8,20918.2,20913.3,20915.1,
2023-12-07T11:21:00+05:30,20915.7,20921,20914.4,20918.5,
2023-12-07T11:22:00+05:30,20919,20919.3,20912.1,20917.3,
2023-12-07T11:23:00+05:30,20918.2,20919.2,20915.2,20918.7,
2023-12-07T11:24:00+05:30,20919.3,20920.4,20916.5,20916.8,
2023-12-07T11:25:00+05:30,20917.1,20921.8,20915.5,20915.5,
2023-12-07T11:26:00+05:30,20915.7,20917.3,20910,20916.2,
2023-12-07T11:27:00+05:30,20916.9,20917,20912.5,20912.9,
2023-12-07T11:28:00+05:30,20913.7,20913.7,20910.2,20912,
2023-12-07T11:29:00+05:30,20912.5,20912.5,20905.8,20905.8,
2023-12-07T11:30:00+05:30,20905.5,20910.8,20905,20908.2,
2023-12-07T11:31:00+05:30,20908.8,20909.7,20906.5,20907.9,
2023-12-07T11:32:00+05:30,20908.2,20908.2,20901,20901.8,
2023-12-07T11:33:00+05:30,20902.4,20905,20901,20904.7,
2023-12-07T11:34:00+05:30,20905.3,20909,20904.3,20908.5,
2023-12-07T11:35:00+05:30,20908.3,20910.8,20907.8,20910.5,
2023-12-07T11:36:00+05:30,20910.2,20912.8,20909.8,20910,
2023-12-07T11:37:00+05:30,20910.2,20910.2,20903.3,20903.5,
2023-12-07T11:38:00+05:30,20903.5,20903.7,20899.7,20901,
2023-12-07T11:39:00+05:30,20902,20902,20899.2,20900.7,
2023-12-07T11:40:00+05:30,20900.5,20903.1,20900.3,20902.2,
2023-12-07T11:41:00+05:30,20902.2,20902.2,20899.2,20901,
2023-12-07T11:42:00+05:30,20901.2,20901.3,20899.6,20901,
2023-12-07T11:43:00+05:30,20900.9,20903.2,20900.8,20903.2,
2023-12-07T11:44:00+05:30,20903.7,20904.3,20902.3,20904.3,
2023-12-07T11:45:00+05:30,20904.1,20907.5,20904.1,20905.5,
2023-12-07T11:46:00+05:30,20906.2,20906.2,20902.5,20905.2,
2023-12-07T11:47:00+05:30,20905.2,20906.5,20903.2,20903.6,
2023-12-07T11:48:00+05:30,20904.1,20904.1,20901.5,20902.8,
2023-12-07T11:49:00+05:30,20902.5,20904.4,20901.8,20902.8,
2023-12-07T11:50:00+05:30,20902.5,20907.5,20901,20907.5,
2023-12-07T11:51:00+05:30,20906.6,20916.8,20906.6,20916.8,
2023-12-07T11:52:00+05:30,20916.8,20919.8,20913.3,20914.5,
2023-12-07T11:53:00+05:30,20914.6,20915.7,20911.9,20915.7,
2023-12-07T11:54:00+05:30,20914.5,20916.9,20913.8,20914.9,
2023-12-07T11:55:00+05:30,20915.2,20918.7,20914.5,20917.7,
2023-12-07T11:56:00+05:30,20917.8,20920.2,20915.7,20920.2,
2023-12-07T11:57:00+05:30,20919.8,20921.3,20918,20921.2,
2023-12-07T11:58:00+05:30,20922.1,20923,20920.2,20920.9,
2023-12-07T11:59:00+05:30,20921.2,20921.2,20919.1,20919.8,
2023-12-07T12:00:00+05:30,20919.8,20921.5,20917,20918.4,
2023-12-07T12:01:00+05:30,20919.3,20919.3,20914.9,20916.6,
2023-12-07T12:02:00+05:30,20916.8,20916.8,20914,20914.5,
2023-12-07T12:03:00+05:30,20914.3,20918.5,20913.6,20917,
2023-12-07T12:04:00+05:30,20916.9,20920.6,20915.8,20918.5,
2023-12-07T12:05:00+05:30,20918,20919.3,20916.5,20917,
2023-12-07T12:06:00+05:30,20917.2,20917.8,20915.1,20916.8,
2023-12-07T12:07:00+05:30,20917,20917.8,20915.8,20916.3,
2023-12-07T12:08:00+05:30,20916.2,20922,20915,20922,
2023-12-07T12:09:00+05:30,20922,20925.2,20921.4,20925.2,
2023-12-07T12:10:00+05:30,20924.2,20924.2,20920.2,20921.8,
2023-12-07T12:11:00+05:30,20921.6,20923,20919.2,20923,
2023-12-07T12:12:00+05:30,20922.7,20924.6,20921.4,20922.4,
2023-12-07T12:13:00+05:30,20922.5,20922.6,20919,20919,
2023-12-07T12:14:00+05:30,20919,20919.3,20916.5,20917.3,
2023-12-07T12:15:00+05:30,20917.2,20921.5,20915.9,20921.2,
2023-12-07T12:16:00+05:30,20921,20921.3,20916.8,20917.8,
2023-12-07T12:17:00+05:30,20917.5,20918.8,20915.5,20916.9,
2023-12-07T12:18:00+05:30,20917,20918.3,20911.9,20913.3,
2023-12-07T12:19:00+05:30,20913.2,20913.5,20908.5,20912,
2023-12-07T12:20:00+05:30,20912,20914.2,20911.4,20912.5,
2023-12-07T12:21:00+05:30,20913,20915.3,20911.5,20915,
2023-12-07T12:22:00+05:30,20915,20916.8,20913.7,20914.5,
2023-12-07T12:23:00+05:30,20914.6,20914.6,20910.7,20911.5,
2023-12-07T12:24:00+05:30,20911.6,20912.3,20909.1,20912.3,
2023-12-07T12:25:00+05:30,20912.5,20914.5,20911.8,20914.3,
2023-12-07T12:26:00+05:30,20914.5,20915.8,20913.3,20914.8,
2023-12-07T12:27:00+05:30,20914.7,20915.5,20912.8,20914,
2023-12-07T12:28:00+05:30,20914.3,20915.8,20913.3,20915.7,
2023-12-07T12:29:00+05:30,20915.8,20916.1,20912.8,20913.8,
2023-12-07T12:30:00+05:30,20913.7,20914.8,20911.8,20914.3,
2023-12-07T12:31:00+05:30,20914.8,20919,20914.5,20915.8,
2023-12-07T12:32:00+05:30,20915.5,20915.5,20904.8,20909.5,
2023-12-07T12:33:00+05:30,20908.8,20908.8,20903.7,20905.8,
2023-12-07T12:34:00+05:30,20906,20907.1,20901.3,20903.7,
2023-12-07T12:35:00+05:30,20904.1,20910.5,20903.2,20909.3,
2023-12-07T12:36:00+05:30,20910,20910.4,20906.4,20908.2,
2023-12-07T12:37:00+05:30,20909.5,20909.8,20906,20908.2,
2023-12-07T12:38:00+05:30,20909.9,20913.7,20908.8,20911.7,
2023-12-07T12:39:00+05:30,20912.5,20914.5,20910,20913.8,
2023-12-07T12:40:00+05:30,20915,20918.6,20912.3,20918.4,
2023-12-07T12:41:00+05:30,20920,20920,20915,20916,
2023-12-07T12:42:00+05:30,20917.4,20918.2,20914.5,20916.2,
2023-12-07T12:43:00+05:30,20917.8,20918.9,20914.5,20915.5,
2023-12-07T12:44:00+05:30,20916.7,20919.8,20916.4,20918.5,
2023-12-07T12:45:00+05:30,20920.2,20922.3,20918.2,20919,
2023-12-07T12:46:00+05:30,20918.6,20919.6,20915.7,20917.2,
2023-12-07T12:47:00+05:30,20916.8,20918.2,20916.5,20917.2,
2023-12-07T12:48:00+05:30,20916.3,20919.8,20915.8,20919.5,
2023-12-07T12:49:00+05:30,20918.8,20919.3,20916.5,20917.5,
2023-12-07T12:50:00+05:30,20917.5,20919,20912.2,20913.7,
2023-12-07T12:51:00+05:30,20913.5,20915.3,20909,20910.9,
2023-12-07T12:52:00+05:30,20910.7,20912.2,20908.2,20910.8,
2023-12-07T12:53:00+05:30,20911,20917,20910.3,20911.5,
2023-12-07T12:54:00+05:30,20911.5,20915,20911.1,20913.1,
2023-12-07T12:55:00+05:30,20913.7,20914.7,20910,20910,
2023-12-07T12:56:00+05:30,20910,20916.8,20910,20915,
2023-12-07T12:57:00+05:30,20914.3,20916.4,20913.8,20916.2,
2023-12-07T12:58:00+05:30,20915.4,20919.8,20914.5,20919.7,
2023-12-07T12:59:00+05:30,20919.7,20919.7,20914.3,20916,
2023-12-07T13:00:00+05:30,20915.2,20917.2,20914.5,20916.7,
2023-12-07T13:01:00+05:30,20915.4,20915.8,20912.2,20913.2,
2023-12-07T13:02:00+05:30,20912.5,20913.7,20910.2,20912,
2023-12-07T13:03:00+05:30,20911.7,20912.3,20909.3,20910,
2023-12-07T13:04:00+05:30,20909.9,20911,20908.7,20909.8,
2023-12-07T13:05:00+05:30,20909.6,20910.8,20907.5,20907.8,
2023-12-07T13:06:00+05:30,20907.8,20911.2,20907.3,20909.4,
2023-12-07T13:07:00+05:30,20909.7,20909.7,20907.2,20909.2,
2023-12-07T13:08:00+05:30,20909.3,20910.2,20907.5,20908.2,
2023-12-07T13:09:00+05:30,20907.8,20907.9,20905.7,20906.1,
2023-12-07T13:10:00+05:30,20906.5,20912.1,20904.5,20911.8,
2023-12-07T13:11:00+05:30,20911.8,20914.1,20911.7,20912.7,
2023-12-07T13:12:00+05:30,20912.5,20915.4,20911.8,20914.2,
2023-12-07T13:13:00+05:30,20914.1,20918.8,20913.7,20918.8,
2023-12-07T13:14:00+05:30,20919.3,20924.2,20916.8,20917.2,
2023-12-07T13:15:00+05:30,20917,20920.5,20916.9,20918,
2023-12-07T13:16:00+05:30,20917.8,20919.8,20915.2,20917.1,
2023-12-07T13:17:00+05:30,20916.9,20917.5,20913.1,20913.8,
2023-12-07T13:18:00+05:30,20914,20916.4,20913,20913.8,
2023-12-07T13:19:00+05:30,20914.2,20916.1,20911.8,20915.1,
2023-12-07T13:20:00+05:30,20916,20917.2,20914.2,20915.5,
2023-12-07T13:21:00+05:30,20915.9,20922.8,20912.8,20922.8,
2023-12-07T13:22:00+05:30,20922.8,20922.8,20914.3,20917,
2023-12-07T13:23:00+05:30,20917,20917,20914,20914.1,
2023-12-07T13:24:00+05:30,20914.5,20914.5,20911.6,20913,
2023-12-07T13:25:00+05:30,20913.2,20916,20911.7,20914.2,
2023-12-07T13:26:00+05:30,20914.5,20917.7,20912.5,20915.6,
2023-12-07T13:27:00+05:30,20915.8,20918.3,20915,20916.4,
2023-12-07T13:28:00+05:30,20915.8,20916.5,20914,20915.2,
2023-12-07T13:29:00+05:30,20915,20918.8,20914.2,20916.5,
2023-12-07T13:30:00+05:30,20916,20919.4,20915.8,20918.5,
2023-12-07T13:31:00+05:30,20918.8,20921.7,20915.8,20919.6,
2023-12-07T13:32:00+05:30,20920.3,20920.3,20916.8,20917.2,
2023-12-07T13:33:00+05:30,20917.2,20918.3,20915.5,20918.3,
2023-12-07T13:34:00+05:30,20918.5,20923.3,20918.2,20920.2,
2023-12-07T13:35:00+05:30,20920.7,20921.2,20918,20918.1,
2023-12-07T13:36:00+05:30,20918.7,20927,20918.5,20925.2,
2023-12-07T13:37:00+05:30,20925.5,20925.5,20918.9,20921.3,
2023-12-07T13:38:00+05:30,20921.8,20922.4,20918.3,20918.3,
2023-12-07T13:39:00+05:30,20918,20918.5,20913.2,20914.3,
2023-12-07T13:40:00+05:30,20914.6,20916.6,20912.8,20913.8,
2023-12-07T13:41:00+05:30,20914.1,20915.8,20913,20914.5,
2023-12-07T13:42:00+05:30,20914.5,20914.8,20907.4,20910.3,
2023-12-07T13:43:00+05:30,20911.2,20915.5,20911.2,20915.2,
2023-12-07T13:44:00+05:30,20914.8,20917,20913.4,20915.2,
2023-12-07T13:45:00+05:30,20914.9,20917.3,20914.6,20915.6,
2023-12-07T13:46:00+05:30,20916,20916.4,20914.6,20915.5,
2023-12-07T13:47:00+05:30,20915.2,20916.4,20912.8,20915.4,
2023-12-07T13:48:00+05:30,20915.1,20917.4,20913.8,20916,
2023-12-07T13:49:00+05:30,20916.1,20917.5,20914.8,20916.2,
2023-12-07T13:50:00+05:30,20916.4,20916.7,20914.3,20916,
2023-12-07T13:51:00+05:30,20915.5,20920.3,20912.5,20913.8,
2023-12-07T13:52:00+05:30,20913.8,20914.8,20911.2,20912.9,
2023-12-07T13:53:00+05:30,20913.4,20914.7,20910.5,20911.8,
2023-12-07T13:54:00+05:30,20911.3,20914.2,20909.3,20912.2,
2023-12-07T13:55:00+05:30,20912.6,20912.9,20909.8,20911.8,
2023-12-07T13:56:00+05:30,20911.5,20914.1,20911.5,20913.5,
2023-12-07T13:57:00+05:30,20913.8,20914.8,20912.2,20914.2,
2023-12-07T13:58:00+05:30,20914.2,20914.9,20910.5,20912.5,
2023-12-07T13:59:00+05:30,20912.2,20918,20912.2,20914,
2023-12-07T14:00:00+05:30,20913.8,20916.4,20913.2,20914.9,
2023-12-07T14:01:00+05:30,20915,20916.5,20913.4,20913.4,
2023-12-07T14:02:00+05:30,20913.2,20917.8,20913.2,20914.2,
2023-12-07T14:03:00+05:30,20913.5,20916,20912,20912.5,
2023-12-07T14:04:00+05:30,20913.5,20915.9,20912.2,20914.8,
2023-12-07T14:05:00+05:30,20914.2,20918.2,20912.6,20916.7,
2023-12-07T14:06:00+05:30,20917,20921.3,20917,20919.5,
2023-12-07T14:07:00+05:30,20919.6,20920.3,20916.2,20918.3,
2023-12-07T14:08:00+05:30,20918.8,20919.6,20913.6,20914.2,
2023-12-07T14:09:00+05:30,20914,20916.8,20913.3,20913.8,
2023-12-07T14:10:00+05:30,20913.4,20915,20911.3,20911.8,
2023-12-07T14:11:00+05:30,20912.2,20913.8,20911,20912.8,
2023-12-07T14:12:00+05:30,20911.9,20913.2,20904.8,20905,
2023-12-07T14:13:00+05:30,20904.1,20910.2,20902.8,20908.2,
2023-12-07T14:14:00+05:30,20906.5,20909.1,20906.2,20908.2,
2023-12-07T14:15:00+05:30,20908,20912.5,20907.2,20911.2,
2023-12-07T14:16:00+05:30,20911.5,20912.1,20903.3,20903.3,
2023-12-07T14:17:00+05:30,20904,20908.3,20903.8,20907,
2023-12-07T14:18:00+05:30,20906.9,20909.4,20906.9,20909.2,
2023-12-07T14:19:00+05:30,20908.5,20909.5,20906.8,20908.5,
2023-12-07T14:20:00+05:30,20908.2,20910.5,20908,20909.8,
2023-12-07T14:21:00+05:30,20909.1,20910.9,20908,20909.1,
2023-12-07T14:22:00+05:30,20910.7,20910.9,20907.2,20907.5,
2023-12-07T14:23:00+05:30,20907.2,20909.7,20906.8,20907.7,
2023-12-07T14:24:00+05:30,20908.1,20910.3,20906.7,20909.5,
2023-12-07T14:25:00+05:30,20909.3,20910.8,20907.5,20909.5,
2023-12-07T14:26:00+05:30,20909.3,20918.7,20909.3,20913,
2023-12-07T14:27:00+05:30,20913.5,20916.9,20912.1,20915.8,
2023-12-07T14:28:00+05:30,20916,20917.3,20914.7,20917.3,
2023-12-07T14:29:00+05:30,20916.7,20917,20913,20915,
2023-12-07T14:30:00+05:30,20915.1,20920.2,20914.8,20919.5,
2023-12-07T14:31:00+05:30,20920.9,20923.7,20920.7,20923.5,
2023-12-07T14:32:00+05:30,20923.5,20923.5,20918.5,20918.7,
2023-12-07T14:33:00+05:30,20919.5,20920,20912.3,20912.4,
2023-12-07T14:34:00+05:30,20912,20912.7,20909.5,20911.2,
2023-12-07T14:35:00+05:30,20911,20915.8,20909.4,20914.2,
2023-12-07T14:36:00+05:30,20914.1,20915.2,20912,20913.2,
2023-12-07T14:37:00+05:30,20913.8,20917.2,20912.8,20913.8,
2023-12-07T14:38:00+05:30,20914.5,20916.3,20912.6,20914.4,
2023-12-07T14:39:00+05:30,20914.2,20915.9,20908,20908.5,
2023-12-07T14:40:00+05:30,20908.6,20912.2,20907.7,20909.7,
2023-12-07T14:41:00+05:30,20909.6,20911.9,20907.2,20908.8,
2023-12-07T14:42:00+05:30,20909.5,20912.2,20908.1,20908.8,
2023-12-07T14:43:00+05:30,20909,20910.1,20905.9,20906.9,
2023-12-07T14:44:00+05:30,20908.2,20908.2,20901.5,20901.5,
2023-12-07T14:45:00+05:30,20901.7,20906,20900.2,20902.8,
2023-12-07T14:46:00+05:30,20900.9,20903.5,20899.5,20901.5,
2023-12-07T14:47:00+05:30,20900.7,20901.8,20894.8,20897.5,
2023-12-07T14:48:00+05:30,20897.2,20898,20892,20893.7,
2023-12-07T14:49:00+05:30,20892.9,20897.2,20892.3,20893.8,
2023-12-07T14:50:00+05:30,20894,20895.2,20889,20890.6,
2023-12-07T14:51:00+05:30,20890,20894.1,20890,20892,
2023-12-07T14:52:00+05:30,20891.8,20898.6,20890.8,20896.7,
2023-12-07T14:53:00+05:30,20897,20897.5,20891.3,20893.4,
2023-12-07T14:54:00+05:30,20893.5,20894,20891.2,20893,
2023-12-07T14:55:00+05:30,20892.7,20897.1,20890.5,20896.5,
2023-12-07T14:56:00+05:30,20895.6,20896.8,20890.2,20891,
2023-12-07T14:57:00+05:30,20891.2,20894.2,20889.5,20892,
2023-12-07T14:58:00+05:30,20892.2,20893.2,20888.8,20891.1,
2023-12-07T14:59:00+05:30,20891.5,20891.7,20887.9,20890.2,
2023-12-07T15:00:00+05:30,20891.7,20893.5,20885.6,20886.3,
2023-12-07T15:01:00+05:30,20885.3,20897.2,20884,20896.3,
2023-12-07T15:02:00+05:30,20896.2,20897.3,20881.1,20882.1,
2023-12-07T15:03:00+05:30,20882.3,20885.2,20879.1,20885,
2023-12-07T15:04:00+05:30,20885,20905.2,20885,20903.1,
2023-12-07T15:05:00+05:30,20902.1,20905.2,20886.2,20888.2,
2023-12-07T15:06:00+05:30,20889.2,20891.6,20885.8,20889.7,
2023-12-07T15:07:00+05:30,20889.5,20896.8,20887.8,20889.2,
2023-12-07T15:08:00+05:30,20889.3,20894.5,20889.3,20891.5,
2023-12-07T15:09:00+05:30,20891.2,20902,20890.3,20902,
2023-12-07T15:10:00+05:30,20902,20911,20902,20909.9,
2023-12-07T15:11:00+05:30,20910.2,20915.6,20909.5,20914,
2023-12-07T15:12:00+05:30,20913.6,20914.5,20911,20911.8,
2023-12-07T15:13:00+05:30,20911.8,20912.2,20898.8,20899.8,
2023-12-07T15:14:00+05:30,20899.6,20904.5,20899.2,20902.8,
2023-12-07T15:15:00+05:30,20902.7,20903.2,20899.8,20899.8,
2023-12-07T15:16:00+05:30,20900.2,20902.3,20900,20902.3,
2023-12-07T15:17:00+05:30,20902.3,20919.5,20902.3,20919,
2023-12-07T15:18:00+05:30,20919,20919.6,20906.3,20906.7,
2023-12-07T15:19:00+05:30,20907,20911.2,20904.5,20910.5,
2023-12-07T15:20:00+05:30,20910.4,20917.8,20910.4,20913.1,
2023-12-07T15:21:00+05:30,20912.2,20914.5,20910.7,20913.2,
2023-12-07T15:22:00+05:30,20912.8,20915.8,20912.8,20913.1,
2023-12-07T15:23:00+05:30,20912.9,20913.5,20911.6,20912.9,
2023-12-07T15:24:00+05:30,20913.1,20914.7,20911.7,20912.1,
2023-12-07T15:25:00+05:30,20912,20916.1,20912,20914.7,
2023-12-07T15:26:00+05:30,20914.6,20915.1,20909.2,20910.5,
2023-12-07T15:27:00+05:30,20910.5,20916,20908.8,20915.7,
2023-12-07T15:28:00+05:30,20915.2,20915.3,20908.3,20911.8,
2023-12-07T15:29:00+05:30,20910.9,20916.5,20909,20916.1,
2023-12-08T09:15:00+05:30,20934.1,20953,20932.5,20947.9,
2023-12-08T09:16:00+05:30,20946.8,20955.7,20943,20951.5,
2023-12-08T09:17:00+05:30,20952.1,20952.1,20941.9,20942.8,
2023-12-08T09:18:00+05:30,20941.5,20944.8,20940,20942.3,
2023-12-08T09:19:00+05:30,20941.7,20951.3,20941.7,20946.8,
2023-12-08T09:20:00+05:30,20946.4,20949.6,20944,20947.7,
2023-12-08T09:21:00+05:30,20949,20951.2,20944.2,20950.5,
2023-12-08T09:22:00+05:30,20951.2,20953.3,20945.2,20950.5,
2023-12-08T09:23:00+05:30,20950.2,20958.6,20950,20957.7,
2023-12-08T09:24:00+05:30,20958.8,20966.9,20956.3,20966.2,
2023-12-08T09:25:00+05:30,20965,20968.5,20962.3,20968.2,
2023-12-08T09:26:00+05:30,20968.2,20970,20963.6,20966.7,
2023-12-08T09:27:00+05:30,20966.3,20968.5,20963.5,20965.5,
2023-12-08T09:28:00+05:30,20966.8,20972.8,20965.5,20969.5,
2023-12-08T09:29:00+05:30,20968.8,20968.8,20958.4,20958.8,
2023-12-08T09:30:00+05:30,20958.5,20958.5,20952,20953.4,
2023-12-08T09:31:00+05:30,20953.6,20958.2,20953.6,20955.8,
2023-12-08T09:32:00+05:30,20956.4,20958.8,20954.1,20957.2,
2023-12-08T09:33:00+05:30,20957,20961.1,20953,20958.5,
2023-12-08T09:34:00+05:30,20958.2,20958.5,20948.2,20948.2,
2023-12-08T09:35:00+05:30,20950.2,20958.2,20950.2,20958.2,
2023-12-08T09:36:00+05:30,20958.5,20961.3,20957,20957.3,
2023-12-08T09:37:00+05:30,20955.7,20960.3,20955.7,20958.8,
2023-12-08T09:38:00+05:30,20957.6,20960.2,20956.5,20957.1,
2023-12-08T09:39:00+05:30,20958.2,20960.8,20956.2,20959.8,
2023-12-08T09:40:00+05:30,20960.2,20960.8,20956.4,20957.7,
2023-12-08T09:41:00+05:30,20957.8,20961.3,20955.2,20960.2,
2023-12-08T09:42:00+05:30,20960.6,20976.6,20958.7,20976.6,
2023-12-08T09:43:00+05:30,20976.2,20977,20970,20973.4,
2023-12-08T09:44:00+05:30,20972.8,20976.2,20969.1,20975.8,
2023-12-08T09:45:00+05:30,20973.4,20974,20964.2,20970.6,
2023-12-08T09:46:00+05:30,20970,20971.8,20969,20969.8,
2023-12-08T09:47:00+05:30,20970.3,20975.5,20968.5,20973.8,
2023-12-08T09:48:00+05:30,20974.8,20977.7,20972.2,20973,
2023-12-08T09:49:00+05:30,20973,20985.9,20971.7,20981.7,
2023-12-08T09:50:00+05:30,20981.2,20985,20979.8,20983.8,
2023-12-08T09:51:00+05:30,20984.4,20984.8,20979.5,20982.5,
2023-12-08T09:52:00+05:30,20982.5,20987.9,20979.9,20986.5,
2023-12-08T09:53:00+05:30,20985.2,20991.9,20982.7,20991.9,
2023-12-08T09:54:00+05:30,20992,20996.8,20987.5,20987.5,
2023-12-08T09:55:00+05:30,20988.5,20991.1,20983.8,20987.3,
2023-12-08T09:56:00+05:30,20986,20987.3,20981.2,20982.7,
2023-12-08T09:57:00+05:30,20983,20988.3,20981.2,20988,
2023-12-08T09:58:00+05:30,20988.8,20989,20984.5,20988.4,
2023-12-08T09:59:00+05:30,20989,20995.5,20988.2,20991.7,
2023-12-08T10:00:00+05:30,20993.2,20993.7,20988.6,20991.3,
2023-12-08T10:01:00+05:30,20990.7,20992.4,20986.5,20987.8,
2023-12-08T10:02:00+05:30,20988,21004.6,20986.3,21003.5,
2023-12-08T10:03:00+05:30,21005,21005,20990,20990,
2023-12-08T10:04:00+05:30,20990.5,20993.9,20989.3,20993.9,
2023-12-08T10:05:00+05:30,20994.2,21004.5,20992.6,21003.6,
2023-12-08T10:06:00+05:30,21003.2,21003.2,20992.8,20993.5,
2023-12-08T10:07:00+05:30,20994,20996,20989.6,20990.1,
2023-12-08T10:08:00+05:30,20990.9,20990.9,20978.5,20981.8,
2023-12-08T10:09:00+05:30,20981.7,20981.7,20974.8,20974.8,
2023-12-08T10:10:00+05:30,20976.2,20978.2,20970.2,20973.5,
2023-12-08T10:11:00+05:30,20973.1,20988.2,20973.1,20988.2,
2023-12-08T10:12:00+05:30,20988.8,20996.8,20988.8,20995.6,
2023-12-08T10:13:00+05:30,20996.7,20996.7,20988.7,20988.8,
2023-12-08T10:14:00+05:30,20988.2,20993,20988.2,20992,
2023-12-08T10:15:00+05:30,20992.2,20992.8,20987.2,20989,
2023-12-08T10:16:00+05:30,20987.7,20988.8,20985.2,20986,
2023-12-08T10:17:00+05:30,20986.1,20989.3,20985.9,20986.7,
2023-12-08T10:18:00+05:30,20986.9,20988.6,20986.3,20986.9,
2023-12-08T10:19:00+05:30,20987.1,20989.1,20985.9,20988.3,
2023-12-08T10:20:00+05:30,20989.2,20989.8,20981.4,20985,
2023-12-08T10:21:00+05:30,20984.8,20987.2,20981.2,20983.7,
2023-12-08T10:22:00+05:30,20982.8,20984,20977.9,20977.9,
2023-12-08T10:23:00+05:30,20977.7,20981.3,20976.5,20977.6,
2023-12-08T10:24:00+05:30,20976.5,20985,20976.5,20984.2,
2023-12-08T10:25:00+05:30,20982.1,20984.8,20981.8,20981.8,
2023-12-08T10:26:00+05:30,20981.2,20985,20978.3,20978.3,
2023-12-08T10:27:00+05:30,20977.3,20979.7,20973.8,20973.9,
2023-12-08T10:28:00+05:30,20974.8,20980.4,20974.8,20980,
2023-12-08T10:29:00+05:30,20980.2,20997,20979.6,20997,
2023-12-08T10:30:00+05:30,21000,21001.3,20997.5,20998.7,
2023-12-08T10:31:00+05:30,20998.9,21006.1,20998,21000.9,
2023-12-08T10:32:00+05:30,20998.8,21000.4,20996.8,20998.8,
2023-12-08T10:33:00+05:30,20998.3,20999.5,20992.3,20992.3,
2023-12-08T10:34:00+05:30,20991.2,20992.2,20988,20992.1,
2023-12-08T10:35:00+05:30,20992.1,20993,20989.2,20989.8,
2023-12-08T10:36:00+05:30,20989.9,20990.8,20986,20987.8,
2023-12-08T10:37:00+05:30,20988,20992,20986.8,20989.2,
2023-12-08T10:38:00+05:30,20988.2,20988.8,20986.5,20987.7,
2023-12-08T10:39:00+05:30,20987.5,20989.8,20986.4,20987.5,
2023-12-08T10:40:00+05:30,20987.3,20989.3,20985.9,20987.8,
2023-12-08T10:41:00+05:30,20987.5,20987.7,20983,20983.6,
2023-12-08T10:42:00+05:30,20983.3,20986,20982.2,20986,
2023-12-08T10:43:00+05:30,20985.8,20993,20985.8,20990.8,
2023-12-08T10:44:00+05:30,20990.7,20993.2,20989.5,20993.2,
2023-12-08T10:45:00+05:30,20993,20995,20991.5,20992.2,
2023-12-08T10:46:00+05:30,20991.7,20993.8,20988.2,20989.4,
2023-12-08T10:47:00+05:30,20989.1,20993,20989.1,20990.3,
2023-12-08T10:48:00+05:30,20990.6,20994.5,20989.5,20994.5,
2023-12-08T10:49:00+05:30,20994.7,20995.5,20991.2,20991.2,
2023-12-08T10:50:00+05:30,20990.3,20991.2,20986,20987.8,
2023-12-08T10:51:00+05:30,20988.3,20990.2,20986.8,20988.2,
2023-12-08T10:52:00+05:30,20986.9,20986.9,20980.5,20982.2,
2023-12-08T10:53:00+05:30,20982.6,20986.3,20977.5,20985.5,
2023-12-08T10:54:00+05:30,20985,20985,20977.7,20977.7,
2023-12-08T10:55:00+05:30,20976.3,20981.9,20975.8,20980.6,
2023-12-08T10:56:00+05:30,20980.6,20980.8,20976.3,20978.9,
2023-12-08T10:57:00+05:30,20978.6,20979.8,20974,20977.2,
2023-12-08T10:58:00+05:30,20976.5,20979.2,20975.9,20979.2,
2023-12-08T10:59:00+05:30,20978,20980.6,20977.2,20977.5,
2023-12-08T11:00:00+05:30,20977,20978.6,20966.8,20968.3,
2023-12-08T11:01:00+05:30,20968.4,20970.3,20961.9,20965.5,
2023-12-08T11:02:00+05:30,20965,20965,20956.1,20957,
2023-12-08T11:03:00+05:30,20956.8,20958.1,20949.2,20952,
2023-12-08T11:04:00+05:30,20952.7,20955.5,20949.3,20950.2,
2023-12-08T11:05:00+05:30,20950.3,20954.8,20945.8,20947.4,
2023-12-08T11:06:00+05:30,20948,20949.2,20934.3,20934.3,
2023-12-08T11:07:00+05:30,20933.7,20939.2,20929.6,20932.5,
2023-12-08T11:08:00+05:30,20931.7,20947.6,20931.7,20945,
2023-12-08T11:09:00+05:30,20945.1,20950.2,20939.8,20939.8,
2023-12-08T11:10:00+05:30,20941,20944.2,20934.5,20943.6,
2023-12-08T11:11:00+05:30,20942.8,20947.5,20940.5,20945.8,
2023-12-08T11:12:00+05:30,20946.2,20950.2,20946.2,20950.2,
2023-12-08T11:13:00+05:30,20950.6,20958.8,20949.2,20956.5,
2023-12-08T11:14:00+05:30,20957.2,20962,20955.5,20955.8,
2023-12-08T11:15:00+05:30,20955.7,20958.2,20953.3,20956.2,
2023-12-08T11:16:00+05:30,20956.3,20964.4,20955.5,20964.2,
2023-12-08T11:17:00+05:30,20964.8,20964.8,20961.2,20964.1,
2023-12-08T11:18:00+05:30,20962.9,20967.2,20960,20967,
2023-12-08T11:19:00+05:30,20966.7,20968.9,20966,20967.2,
2023-12-08T11:20:00+05:30,20967,20971.5,20965.4,20965.7,
2023-12-08T11:21:00+05:30,20964.7,20968.9,20962.9,20967.5,
2023-12-08T11:22:00+05:30,20967.8,20971.5,20967.2,20970.3,
2023-12-08T11:23:00+05:30,20970,20970.2,20963.5,20964.6,
2023-12-08T11:24:00+05:30,20964.5,20964.5,20960.8,20963.1,
2023-12-08T11:25:00+05:30,20963.2,20967.7,20963.2,20965.8,
2023-12-08T11:26:00+05:30,20964.8,20965,20961.9,20965,
2023-12-08T11:27:00+05:30,20964.5,20967.7,20963.4,20965.9,
2023-12-08T11:28:00+05:30,20965.5,20966,20962.3,20963.5,
2023-12-08T11:29:00+05:30,20964.2,20968,20962.8,20968,
2023-12-08T11:30:00+05:30,20968.5,20969.2,20963.2,20965,
2023-12-08T11:31:00+05:30,20964.8,20969.6,20963.7,20968.6,
2023-12-08T11:32:00+05:30,20969.5,20969.5,20964.8,20965.5,
2023-12-08T11:33:00+05:30,20965.9,20968.7,20965.5,20968.2,
2023-12-08T11:34:00+05:30,20967.8,20969.1,20964.6,20966.5,
2023-12-08T11:35:00+05:30,20966.4,20967.5,20964.5,20967.1,
2023-12-08T11:36:00+05:30,20967.7,20973,20966.8,20972.3,
2023-12-08T11:37:00+05:30,20972.1,20982.2,20972.1,20981.5,
2023-12-08T11:38:00+05:30,20980.4,20981.1,20976.5,20978.1,
2023-12-08T11:39:00+05:30,20979.5,20981.3,20977.3,20979.8,
2023-12-08T11:40:00+05:30,20979.3,20979.3,20974.4,20977.5,
2023-12-08T11:41:00+05:30,20978.2,20978.8,20973.6,20977,
2023-12-08T11:42:00+05:30,20976.2,20980,20975.2,20975.8,
2023-12-08T11:43:00+05:30,20976.5,20978.5,20975.5,20977.3,
2023-12-08T11:44:00+05:30,20976.8,20978.8,20974.5,20975.5,
2023-12-08T11:45:00+05:30,20975,20977.7,20971.8,20974,
2023-12-08T11:46:00+05:30,20973,20976,20971.2,20972.9,
2023-12-08T11:47:00+05:30,20972.2,20976.1,20971.7,20972.5,
2023-12-08T11:48:00+05:30,20973.2,20974.8,20968.2,20974.2,
2023-12-08T11:49:00+05:30,20972.7,20973.7,20970.2,20972.2,
2023-12-08T11:50:00+05:30,20972.5,20977,20971,20972.8,
2023-12-08T11:51:00+05:30,20972.2,20977.5,20970.7,20973.3,
2023-12-08T11:52:00+05:30,20972.5,20977.8,20972.5,20974,
2023-12-08T11:53:00+05:30,20974.1,20977,20973.5,20974.6,
2023-12-08T11:54:00+05:30,20975.7,20975.7,20970.2,20973,
2023-12-08T11:55:00+05:30,20973.8,20976.5,20969.6,20972.8,
2023-12-08T11:56:00+05:30,20972.5,20975.6,20971,20974.5,
2023-12-08T11:57:00+05:30,20974,20976.9,20971.9,20974,
2023-12-08T11:58:00+05:30,20972.9,20976.2,20970.2,20976.2,
2023-12-08T11:59:00+05:30,20975.8,20976.7,20971.6,20974.5,
2023-12-08T12:00:00+05:30,20974.9,20978.5,20974.9,20977.6,
2023-12-08T12:01:00+05:30,20976.6,20977.7,20970.2,20970.8,
2023-12-08T12:02:00+05:30,20971.3,20972.4,20967.5,20967.5,
2023-12-08T12:03:00+05:30,20966.9,20971.5,20965.8,20965.8,
2023-12-08T12:04:00+05:30,20964.7,20967,20962.1,20964,
2023-12-08T12:05:00+05:30,20964.7,20968.3,20962.7,20964.3,
2023-12-08T12:06:00+05:30,20963.9,20966.8,20962.9,20963.7,
2023-12-08T12:07:00+05:30,20963.2,20963.8,20959.5,20960.6,
2023-12-08T12:08:00+05:30,20960.7,20964.5,20959.8,20962.2,
2023-12-08T12:09:00+05:30,20961.2,20963.6,20957.9,20958.3,
2023-12-08T12:10:00+05:30,20957,20965.8,20957,20964.8,
2023-12-08T12:11:00+05:30,20965.2,20967.5,20964.5,20966.5,
2023-12-08T12:12:00+05:30,20967.6,20968.2,20964.9,20966.1,
2023-12-08T12:13:00+05:30,20965.2,20968.2,20965,20967.3,
2023-12-08T12:14:00+05:30,20968.8,20968.8,20965.3,20967.5,
2023-12-08T12:15:00+05:30,20967.6,20969.5,20967.2,20969.1,
2023-12-08T12:16:00+05:30,20968,20970.9,20968,20969.5,
2023-12-08T12:17:00+05:30,20969.4,20970.2,20966.3,20966.8,
2023-12-08T12:18:00+05:30,20969,20969,20962.4,20963.3,
2023-12-08T12:19:00+05:30,20962.7,20963,20960.2,20962.5,
2023-12-08T12:20:00+05:30,20962.4,20964.5,20959,20959.2,
2023-12-08T12:21:00+05:30,20958.8,20960.8,20956.9,20960.8,
2023-12-08T12:22:00+05:30,20961.4,20962.2,20953.5,20953.5,
2023-12-08T12:23:00+05:30,20954,20954.7,20950.6,20952.5,
2023-12-08T12:24:00+05:30,20953,20956.3,20952.3,20952.5,
2023-12-08T12:25:00+05:30,20951.7,20954.7,20950.2,20952.2,
2023-12-08T12:26:00+05:30,20954,20954,20947.9,20949.2,
2023-12-08T12:27:00+05:30,20948.9,20950.9,20947.8,20948.8,
2023-12-08T12:28:00+05:30,20948.2,20951,20947,20950.8,
2023-12-08T12:29:00+05:30,20950.8,20956.6,20950.2,20956.6,
2023-12-08T12:30:00+05:30,20957.3,20957.7,20952.8,20957.7,
2023-12-08T12:31:00+05:30,20957.7,20959,20953.2,20953.7,
2023-12-08T12:32:00+05:30,20953.5,20956.1,20953,20953.6,
2023-12-08T12:33:00+05:30,20954.3,20954.3,20946.1,20946.4,
2023-12-08T12:34:00+05:30,20946.5,20948.5,20944.4,20948.5,
2023-12-08T12:35:00+05:30,20949,20949.8,20945.7,20946.8,
2023-12-08T12:36:00+05:30,20946.4,20949.3,20946.1,20947.5,
2023-12-08T12:37:00+05:30,20947.7,20947.7,20941.2,20941.8,
2023-12-08T12:38:00+05:30,20941.5,20942.1,20937.5,20940,
2023-12-08T12:39:00+05:30,20939.5,20942.2,20938.2,20938.2,
2023-12-08T12:40:00+05:30,20937.8,20941,20933.2,20937,
2023-12-08T12:41:00+05:30,20936,20939.7,20936,20939.1,
2023-12-08T12:42:00+05:30,20939.5,20940.2,20937.2,20937.8,
2023-12-08T12:43:00+05:30,20938,20940.4,20937,20939.7,
2023-12-08T12:44:00+05:30,20940,20940,20927.2,20927.7,
2023-12-08T12:45:00+05:30,20928.9,20935.8,20927.8,20935.2,
2023-12-08T12:46:00+05:30,20934.7,20935.8,20930.8,20931.5,
2023-12-08T12:47:00+05:30,20931.1,20931.1,20921.5,20925,
2023-12-08T12:48:00+05:30,20925.8,20927.2,20921,20922.2,
2023-12-08T12:49:00+05:30,20921.9,20923.3,20918,20919,
2023-12-08T12:50:00+05:30,20921.1,20925,20919.4,20924.3,
2023-12-08T12:51:00+05:30,20925,20928.5,20919.5,20919.5,
2023-12-08T12:52:00+05:30,20919.2,20925.4,20918.7,20924.3,
2023-12-08T12:53:00+05:30,20925,20926.9,20920.5,20921.7,
2023-12-08T12:54:00+05:30,20922.4,20922.4,20912.3,20914.7,
2023-12-08T12:55:00+05:30,20916.2,20921.4,20915.4,20918.7,
2023-12-08T12:56:00+05:30,20919,20926.1,20919,20924.6,
2023-12-08T12:57:00+05:30,20925.1,20925.2,20918.8,20923,
2023-12-08T12:58:00+05:30,20922.5,20927.3,20921.4,20927,
2023-12-08T12:59:00+05:30,20927,20930.6,20926.5,20929.2,
2023-12-08T13:00:00+05:30,20929.7,20929.7,20920,20920.5,
2023-12-08T13:01:00+05:30,20920.5,20928.5,20915.5,20928.5,
2023-12-08T13:02:00+05:30,20927,20927,20903.3,20907.7,
2023-12-08T13:03:00+05:30,20906.2,20910.9,20900.9,20906,
2023-12-08T13:04:00+05:30,20904.8,20907.8,20903.1,20905,
2023-12-08T13:05:00+05:30,20904.8,20908.9,20900.2,20904,
2023-12-08T13:06:00+05:30,20903.6,20907.6,20898.7,20907,
2023-12-08T13:07:00+05:30,20906,20911.7,20905.9,20909.7,
2023-12-08T13:08:00+05:30,20910,20911.8,20906.8,20911.5,
2023-12-08T13:09:00+05:30,20910.8,20911.8,20905.8,20907.8,
2023-12-08T13:10:00+05:30,20907.2,20910.4,20906.2,20907,
2023-12-08T13:11:00+05:30,20906.7,20908,20904.4,20906.8,
2023-12-08T13:12:00+05:30,20907.1,20907.5,20902.5,20904,
2023-12-08T13:13:00+05:30,20904.5,20917.3,20904.1,20916.3,
2023-12-08T13:14:00+05:30,20915.5,20924,20914.8,20920.5,
2023-12-08T13:15:00+05:30,20922.5,20923.8,20920.8,20923.7,
2023-12-08T13:16:00+05:30,20924.4,20928.2,20917.3,20918.3,
2023-12-08T13:17:00+05:30,20919.5,20922.5,20915.1,20922.5,
2023-12-08T13:18:00+05:30,20923,20923.5,20919,20923.5,
2023-12-08T13:19:00+05:30,20924.5,20928.9,20919.6,20920.6,
2023-12-08T13:20:00+05:30,20920.5,20923,20915.1,20919,
2023-12-08T13:21:00+05:30,20918.8,20918.8,20912.2,20914.7,
2023-12-08T13:22:00+05:30,20914.1,20914.1,20907,20909.3,
2023-12-08T13:23:00+05:30,20911.2,20915,20909.7,20911.7,
2023-12-08T13:24:00+05:30,20913,20914.2,20910.6,20913.7,
2023-12-08T13:25:00+05:30,20912.8,20914.2,20908.8,20908.8,
2023-12-08T13:26:00+05:30,20910.1,20912.2,20908.2,20908.3,
2023-12-08T13:27:00+05:30,20908.3,20908.3,20901.8,20903.5,
2023-12-08T13:28:00+05:30,20904.7,20906.2,20897,20899.6,
2023-12-08T13:29:00+05:30,20900,20900,20887.6,20893,
2023-12-08T13:30:00+05:30,20893.1,20893.1,20887,20887.5,
2023-12-08T13:31:00+05:30,20888,20895,20884.9,20894.3,
2023-12-08T13:32:00+05:30,20894.2,20899.1,20892.8,20897,
2023-12-08T13:33:00+05:30,20898,20905.5,20896.1,20904.8,
2023-12-08T13:34:00+05:30,20906.1,20911.5,20905,20911.5,
2023-12-08T13:35:00+05:30,20912.8,20912.8,20906.2,20909,
2023-12-08T13:36:00+05:30,20908.3,20911.2,20905.7,20908.7,
2023-12-08T13:37:00+05:30,20908.2,20911,20901.1,20903,
2023-12-08T13:38:00+05:30,20903.1,20903.1,20890.5,20890.5,
2023-12-08T13:39:00+05:30,20888.5,20888.5,20881.4,20885,
2023-12-08T13:40:00+05:30,20884.8,20887.5,20882.4,20882.5,
2023-12-08T13:41:00+05:30,20884.5,20885.5,20879.7,20882.5,
2023-12-08T13:42:00+05:30,20883.8,20883.8,20875.7,20875.7,
2023-12-08T13:43:00+05:30,20875.6,20876.7,20869,20871,
2023-12-08T13:44:00+05:30,20871.2,20876,20866.3,20868.3,
2023-12-08T13:45:00+05:30,20869,20875.5,20864.9,20873.5,
2023-12-08T13:46:00+05:30,20873.2,20879.3,20871.8,20877.5,
2023-12-08T13:47:00+05:30,20878.5,20881,20872,20872.7,
2023-12-08T13:48:00+05:30,20872.2,20874.2,20862.7,20866.5,
2023-12-08T13:49:00+05:30,20867,20876.8,20865.1,20875.1,
2023-12-08T13:50:00+05:30,20875.5,20880.4,20869.5,20872,
2023-12-08T13:51:00+05:30,20873.3,20885.9,20872.5,20884.8,
2023-12-08T13:52:00+05:30,20885.7,20891.5,20882.7,20890.4,
2023-12-08T13:53:00+05:30,20891.9,20891.9,20884.8,20887.3,
2023-12-08T13:54:00+05:30,20889.2,20890.3,20883.1,20883.1,
2023-12-08T13:55:00+05:30,20884.1,20890.8,20879.8,20890.2,
2023-12-08T13:56:00+05:30,20891.3,20891.3,20885.3,20890.2,
2023-12-08T13:57:00+05:30,20890.5,20891.7,20885.2,20886.8,
2023-12-08T13:58:00+05:30,20886.9,20891.3,20885.2,20889,
2023-12-08T13:59:00+05:30,20890,20894.2,20887.7,20889.7,
2023-12-08T14:00:00+05:30,20891.6,20896.4,20888.5,20893.5,
2023-12-08T14:01:00+05:30,20894.2,20900.1,20890.4,20893.1,
2023-12-08T14:02:00+05:30,20894.5,20894.5,20883.5,20887.7,
2023-12-08T14:03:00+05:30,20888.1,20891.8,20886.2,20889.8,
2023-12-08T14:04:00+05:30,20890.5,20901.3,20888.4,20900.5,
2023-12-08T14:05:00+05:30,20901.8,20904.7,20897.5,20902.7,
2023-12-08T14:06:00+05:30,20905.8,20908.8,20901,20908.8,
2023-12-08T14:07:00+05:30,20908.7,20911.3,20905.4,20908.8,
2023-12-08T14:08:00+05:30,20910.7,20915.7,20907.8,20913.2,
2023-12-08T14:09:00+05:30,20914.2,20914.5,20907.8,20910.5,
2023-12-08T14:10:00+05:30,20909.8,20911,20902.4,20903.3,
2023-12-08T14:11:00+05:30,20902.8,20903.6,20895.3,20896.5,
2023-12-08T14:12:00+05:30,20895.5,20911,20895.5,20906.8,
2023-12-08T14:13:00+05:30,20907.2,20913.4,20905.3,20912.8,
2023-12-08T14:14:00+05:30,20912.2,20917.1,20907.7,20916.2,
2023-12-08T14:15:00+05:30,20917.2,20917.2,20910.2,20913.2,
2023-12-08T14:16:00+05:30,20912.9,20916.9,20911.1,20912.8,
2023-12-08T14:17:00+05:30,20913.5,20913.8,20908.8,20910.4,
2023-12-08T14:18:00+05:30,20910.9,20914.8,20906.7,20914.8,
2023-12-08T14:19:00+05:30,20915.5,20918.2,20911.6,20912,
2023-12-08T14:20:00+05:30,20913.5,20914.5,20906.6,20909,
2023-12-08T14:21:00+05:30,20909.3,20909.5,20899,20908.1,
2023-12-08T14:22:00+05:30,20908.5,20913.8,20907.8,20911.7,
2023-12-08T14:23:00+05:30,20912.2,20916.1,20909.7,20913.7,
2023-12-08T14:24:00+05:30,20914.8,20914.8,20907.5,20911.5,
2023-12-08T14:25:00+05:30,20910.8,20911.8,20905.1,20908.1,
2023-12-08T14:26:00+05:30,20909.2,20909.2,20899.3,20903.8,
2023-12-08T14:27:00+05:30,20903.9,20906.5,20899.5,20900.8,
2023-12-08T14:28:00+05:30,20902.1,20907.7,20899,20901,
2023-12-08T14:29:00+05:30,20901.6,20909.5,20899.3,20904.9,
2023-12-08T14:30:00+05:30,20905.3,20908.3,20901.9,20906.7,
2023-12-08T14:31:00+05:30,20907.9,20912.3,20905.1,20911.2,
2023-12-08T14:32:00+05:30,20910.8,20912.6,20906.3,20908.7,
2023-12-08T14:33:00+05:30,20909.7,20913.4,20907.3,20911.2,
2023-12-08T14:34:00+05:30,20912,20914.8,20909,20911,
2023-12-08T14:35:00+05:30,20911.3,20921.7,20908.8,20920,
2023-12-08T14:36:00+05:30,20921.3,20921.3,20915,20920.3,
2023-12-08T14:37:00+05:30,20920.4,20926.2,20919.2,20924.5,
2023-12-08T14:38:00+05:30,20924.2,20927.3,20923.2,20925,
2023-12-08T14:39:00+05:30,20925.7,20928.2,20924.3,20927.6,
2023-12-08T14:40:00+05:30,20928.5,20929.7,20924.7,20926.7,
2023-12-08T14:41:00+05:30,20927.2,20930.9,20924.5,20929,
2023-12-08T14:42:00+05:30,20928.2,20934.5,20927.5,20931.2,
2023-12-08T14:43:00+05:30,20932.5,20938.3,20929.8,20936.2,
2023-12-08T14:44:00+05:30,20936.5,20938.3,20932.6,20935,
2023-12-08T14:45:00+05:30,20936.5,20941.5,20931.6,20940.3,
2023-12-08T14:46:00+05:30,20938.7,20942.2,20936.7,20939.5,
2023-12-08T14:47:00+05:30,20938.1,20941.9,20935.6,20936.7,
2023-12-08T14:48:00+05:30,20936.8,20942.2,20934.8,20941,
2023-12-08T14:49:00+05:30,20940.8,20941.3,20933.3,20934,
2023-12-08T14:50:00+05:30,20934.3,20939.9,20932.5,20936.3,
2023-12-08T14:51:00+05:30,20934.7,20937.5,20932.8,20934.5,
2023-12-08T14:52:00+05:30,20935.4,20936.5,20932.1,20934,
2023-12-08T14:53:00+05:30,20933.2,20935,20929.3,20932.2,
2023-12-08T14:54:00+05:30,20933.7,20938.8,20932.3,20935,
2023-12-08T14:55:00+05:30,20937,20938.1,20932.7,20934,
2023-12-08T14:56:00+05:30,20934,20936,20930,20930.5,
2023-12-08T14:57:00+05:30,20930.8,20933.9,20927.8,20932.8,
2023-12-08T14:58:00+05:30,20931.5,20939.2,20931.5,20936.3,
2023-12-08T14:59:00+05:30,20937,20941.3,20935,20937.6,
2023-12-08T15:00:00+05:30,20938.1,20946.8,20933.5,20944,
2023-12-08T15:01:00+05:30,20943.9,20946.7,20942,20943.4,
2023-12-08T15:02:00+05:30,20944.3,20959.5,20943.3,20959.5,
2023-12-08T15:03:00+05:30,20960.8,20965.6,20959,20964,
2023-12-08T15:04:00+05:30,20964,20967.8,20959,20959.5,
2023-12-08T15:05:00+05:30,20960.2,20972.5,20957.5,20971,
2023-12-08T15:06:00+05:30,20970.5,20970.5,20964,20966.8,
2023-12-08T15:07:00+05:30,20966.7,20969.5,20963.2,20964,
2023-12-08T15:08:00+05:30,20963.9,20965.5,20960.9,20962.2,
2023-12-08T15:09:00+05:30,20961.4,20973,20961,20972.4,
2023-12-08T15:10:00+05:30,20972.5,20976.8,20972.2,20974.7,
2023-12-08T15:11:00+05:30,20974.8,20977.6,20966.4,20968.2,
2023-12-08T15:12:00+05:30,20968,20971.5,20965.8,20967.1,
2023-12-08T15:13:00+05:30,20967.3,20970.7,20965.6,20965.6,
2023-12-08T15:14:00+05:30,20966.8,20979,20964.2,20978.5,
2023-12-08T15:15:00+05:30,20977.9,20978.2,20967.9,20970.7,
2023-12-08T15:16:00+05:30,20972.3,20973,20967.2,20968.2,
2023-12-08T15:17:00+05:30,20967.8,20973.5,20967.5,20972.2,
2023-12-08T15:18:00+05:30,20972,20977.2,20970.5,20975.6,
2023-12-08T15:19:00+05:30,20974.9,20975.9,20972.5,20974.8,
2023-12-08T15:20:00+05:30,20975.5,20975.8,20966.8,20968.3,
2023-12-08T15:21:00+05:30,20968.5,20975,20968.5,20974.8,
2023-12-08T15:22:00+05:30,20974,20978.5,20973.5,20978.5,
2023-12-08T15:23:00+05:30,20978.2,20979.5,20975.8,20979.1,
2023-12-08T15:24:00+05:30,20979.5,20979.5,20974.5,20977.9,
2023-12-08T15:25:00+05:30,20978.2,20979.3,20975.3,20976.8,
2023-12-08T15:26:00+05:30,20975.9,20980.3,20973.2,20977.5,
2023-12-08T15:27:00+05:30,20978,20983,20975,20981.5,
2023-12-08T15:28:00+05:30,20981,20981.6,20977,20977,
2023-12-08T15:29:00+05:30,20975.3,20977.6,20970.7,20972.1,
2023-12-11T09:15:00+05:30,20965.3,20988.2,20923.7,20977.6,
2023-12-11T09:16:00+05:30,20977.8,20980.5,20969.9,20976.8,
2023-12-11T09:17:00+05:30,20976.8,20989.6,20975.2,20989.2,
2023-12-11T09:18:00+05:30,20991,20999.4,20985.7,20998.2,
2023-12-11T09:19:00+05:30,20997.2,21005,20991.7,21004.7,
2023-12-11T09:20:00+05:30,21005,21006.7,20986.5,20986.7,
2023-12-11T09:21:00+05:30,20983.9,20989.4,20982,20987,
2023-12-11T09:22:00+05:30,20987.2,20997.8,20983.4,20997.8,
2023-12-11T09:23:00+05:30,20997.8,21010.5,20995.5,21010.5,
2023-12-11T09:24:00+05:30,21010.1,21019.8,21008,21014.7,
2023-12-11T09:25:00+05:30,21015,21015,21007.5,21009.2,
2023-12-11T09:26:00+05:30,21011.4,21011.4,20985.2,20985.7,
2023-12-11T09:27:00+05:30,20984.3,20989.1,20973.2,20976.2,
2023-12-11T09:28:00+05:30,20975.7,20983.9,20968.6,20979.5,
2023-12-11T09:29:00+05:30,20980.2,20987.7,20973.2,20976,
2023-12-11T09:30:00+05:30,20975.2,20984.4,20966.1,20968.5,
2023-12-11T09:31:00+05:30,20966.5,20980.8,20966.5,20978.3,
2023-12-11T09:32:00+05:30,20977.8,20986.5,20977.8,20983.2,
2023-12-11T09:33:00+05:30,20982.3,20994.2,20982.2,20991,
2023-12-11T09:34:00+05:30,20991.2,20999.7,20989.5,20994.7,
2023-12-11T09:35:00+05:30,20995.2,21001.3,20993.3,21000,
2023-12-11T09:36:00+05:30,20998.7,21003,20996.2,20996.3,
2023-12-11T09:37:00+05:30,20996.5,21004.7,20994.2,21003.9,
2023-12-11T09:38:00+05:30,21005,21006.1,20998.2,21000.3,
2023-12-11T09:39:00+05:30,21001,21011.3,21001,21008,
2023-12-11T09:40:00+05:30,21006.3,21007.2,20995.8,20995.8,
2023-12-11T09:41:00+05:30,20995.4,20997.9,20989,20990.3,
2023-12-11T09:42:00+05:30,20991.2,20992.7,20990,20991.8,
2023-12-11T09:43:00+05:30,20991.5,20991.5,20978.5,20982.9,
2023-12-11T09:44:00+05:30,20983,20985.5,20977.7,20979,
2023-12-11T09:45:00+05:30,20979,20984.2,20978.4,20979.2,
2023-12-11T09:46:00+05:30,20978.8,20981.2,20973.7,20978.5,
2023-12-11T09:47:00+05:30,20978.3,20983.5,20977.8,20983.2,
2023-12-11T09:48:00+05:30,20983,20986.3,20982.2,20985.2,
2023-12-11T09:49:00+05:30,20984.7,20994.7,20984.7,20993.6,
2023-12-11T09:50:00+05:30,20994,20998,20994,20995.7,
2023-12-11T09:51:00+05:30,20995.9,21000.5,20995.9,20998.1,
2023-12-11T09:52:00+05:30,20997.2,21000.5,20996.9,20996.9,
2023-12-11T09:53:00+05:30,20997.5,20998.8,20991,20991.1,
2023-12-11T09:54:00+05:30,20991.3,20999.1,20991.3,20997.3,
2023-12-11T09:55:00+05:30,20997.2,21001.3,20996.2,21000.8,
2023-12-11T09:56:00+05:30,20999.8,21002.8,20998.2,21002.1,
2023-12-11T09:57:00+05:30,21002.2,21007.7,20995,20995,
2023-12-11T09:58:00+05:30,20996.3,21001.8,20994,20999.2,
2023-12-11T09:59:00+05:30,20999.8,21005.9,20999,21005,
2023-12-11T10:00:00+05:30,21003.9,21007.5,21000.7,21000.7,
2023-12-11T10:01:00+05:30,21000.3,21003.2,20997.8,21000.2,
2023-12-11T10:02:00+05:30,21000.5,21002.2,20998.1,20999.1,
2023-12-11T10:03:00+05:30,20999.5,21001,20996.5,20999.8,
2023-12-11T10:04:00+05:30,20999,21000.8,20993.8,20993.8,
2023-12-11T10:05:00+05:30,20994.8,20995.3,20990.8,20993.8,
2023-12-11T10:06:00+05:30,20994.2,20998,20989.2,20989.8,
2023-12-11T10:07:00+05:30,20990.8,20991.7,20988.2,20990.5,
2023-12-11T10:08:00+05:30,20990.8,21001.3,20990,21001.3,
2023-12-11T10:09:00+05:30,21001.5,21004.5,20999.5,21001.8,
2023-12-11T10:10:00+05:30,21002.7,21004.4,21000.4,21003.8,
2023-12-11T10:11:00+05:30,21003.2,21004.3,21000.2,21002.8,
2023-12-11T10:12:00+05:30,21001.5,21006.1,21000.5,21003.1,
2023-12-11T10:13:00+05:30,21004,21005.4,21002,21002.2,
2023-12-11T10:14:00+05:30,21002.2,21011.6,21002.2,21011.2,
2023-12-11T10:15:00+05:30,21011,21011,21006,21009.8,
2023-12-11T10:16:00+05:30,21009.9,21009.9,21003.2,21003.6,
2023-12-11T10:17:00+05:30,21004.4,21004.8,20999,21000.3,
2023-12-11T10:18:00+05:30,21001.1,21005.6,21000.6,21002.1,
2023-12-11T10:19:00+05:30,21001.8,21001.8,20998.4,20999.3,
2023-12-11T10:20:00+05:30,20999,21005.2,20998.6,21003.5,
2023-12-11T10:21:00+05:30,21003.2,21007.8,21002.9,21007.8,
2023-12-11T10:22:00+05:30,21009.5,21013.9,21008.2,21011.6,
2023-12-11T10:23:00+05:30,21011.8,21016.5,21011.4,21016.3,
2023-12-11T10:24:00+05:30,21016.2,21026.1,21014.7,21025.3,
2023-12-11T10:25:00+05:30,21024.9,21025.4,21016.9,21018.8,
2023-12-11T10:26:00+05:30,21018.1,21020.2,21015.2,21018,
2023-12-11T10:27:00+05:30,21018.4,21020,21016.8,21018.6,
2023-12-11T10:28:00+05:30,21018.4,21020,21016.5,21017.2,
2023-12-11T10:29:00+05:30,21017,21021.7,21016.9,21020.6,
2023-12-11T10:30:00+05:30,21022.7,21023.8,21012.9,21013.5,
2023-12-11T10:31:00+05:30,21013.8,21018.3,21013.8,21017.8,
2023-12-11T10:32:00+05:30,21018,21021.7,21016,21021,
2023-12-11T10:33:00+05:30,21023.1,21024.2,21017.7,21020.5,
2023-12-11T10:34:00+05:30,21020.5,21020.8,21015.4,21017.7,
2023-12-11T10:35:00+05:30,21016.8,21017.7,21014.2,21016.6,
2023-12-11T10:36:00+05:30,21016.1,21016.1,21010.8,21012.1,
2023-12-11T10:37:00+05:30,21012.5,21015.2,21011,21013,
2023-12-11T10:38:00+05:30,21013.5,21013.8,21003.7,21004.1,
2023-12-11T10:39:00+05:30,21004.8,21004.8,20987.5,20987.5,
2023-12-11T10:40:00+05:30,20986.2,20986.2,20966.2,20968,
2023-12-11T10:41:00+05:30,20968.3,20973,20959,20962.1,
2023-12-11T10:42:00+05:30,20958.8,20966.2,20957.3,20960.7,
2023-12-11T10:43:00+05:30,20960.1,20963.8,20957.7,20961.5,
2023-12-11T10:44:00+05:30,20961,20968.3,20960.2,20967.1,
2023-12-11T10:45:00+05:30,20966.3,20973.8,20966,20973.4,
2023-12-11T10:46:00+05:30,20973.5,20975.4,20969.5,20971.3,
2023-12-11T10:47:00+05:30,20972.7,20975.4,20971.4,20973.8,
2023-12-11T10:48:00+05:30,20974.2,20977,20972.3,20976.5,
2023-12-11T10:49:00+05:30,20976.5,20976.5,20970.5,20975.2,
2023-12-11T10:50:00+05:30,20974.7,20977.4,20973.7,20977.2,
2023-12-11T10:51:00+05:30,20977.2,20977.2,20954,20954.6,
2023-12-11T10:52:00+05:30,20953.2,20956.8,20950.6,20953.2,
2023-12-11T10:53:00+05:30,20954.1,20956.8,20952.4,20953.8,
2023-12-11T10:54:00+05:30,20953.8,20969,20953.5,20969,
2023-12-11T10:55:00+05:30,20969.5,20973.3,20965.9,20970,
2023-12-11T10:56:00+05:30,20971.2,20981.9,20970.9,20981.3,
2023-12-11T10:57:00+05:30,20981,20986.6,20978.4,20981.8,
2023-12-11T10:58:00+05:30,20983.4,20983.8,20977.8,20978.7,
2023-12-11T10:59:00+05:30,20980,20982,20977.5,20978.7,
2023-12-11T11:00:00+05:30,20980.5,20987.2,20980.5,20985.8,
2023-12-11T11:01:00+05:30,20985.8,20987.3,20977.8,20980,
2023-12-11T11:02:00+05:30,20978.9,20980.2,20972.7,20977.8,
2023-12-11T11:03:00+05:30,20978.7,20984.8,20977.4,20983.6,
2023-12-11T11:04:00+05:30,20983.8,20988,20982.3,20987.5,
2023-12-11T11:05:00+05:30,20987.3,20995.2,20986.6,20992.8,
2023-12-11T11:06:00+05:30,20992.2,20999.1,20990.2,20998.4,
2023-12-11T11:07:00+05:30,20999,21002.5,20994.9,20998.4,
2023-12-11T11:08:00+05:30,20999.2,21000.7,20995.9,20998,
2023-12-11T11:09:00+05:30,20998.5,21001.6,20998.5,21001.5,
2023-12-11T11:10:00+05:30,21000.4,21005.8,20998.8,20999.5,
2023-12-11T11:11:00+05:30,21000.8,21007.2,20999.2,21007.2,
2023-12-11T11:12:00+05:30,21006.5,21008.3,21005,21006.5,
2023-12-11T11:13:00+05:30,21005.8,21006.5,21004.3,21006.5,
2023-12-11T11:14:00+05:30,21007,21009.8,21005.9,21009.2,
2023-12-11T11:15:00+05:30,21008.7,21008.7,21003.7,21004.5,
2023-12-11T11:16:00+05:30,21004.2,21013,21004.2,21012.8,
2023-12-11T11:17:00+05:30,21013.3,21013.4,21008.2,21008.3,
2023-12-11T11:18:00+05:30,21008.2,21012,21007.5,21009.3,
2023-12-11T11:19:00+05:30,21009.9,21011.2,21003,21004.7,
2023-12-11T11:20:00+05:30,21005.9,21006.3,20997.7,20997.7,
2023-12-11T11:21:00+05:30,20998.2,21001.2,20994.7,20998.8,
2023-12-11T11:22:00+05:30,20998,21002.1,20997.6,21002,
2023-12-11T11:23:00+05:30,21002.3,21004.5,21001.6,21003.2,
2023-12-11T11:24:00+05:30,21003.7,21005.8,21001.8,21002.7,
2023-12-11T11:25:00+05:30,21002,21002,20996.4,20996.9,
2023-12-11T11:26:00+05:30,20996.1,20997.6,20992.4,20997,
2023-12-11T11:27:00+05:30,20998.2,20998.8,20993.9,20995.3,
2023-12-11T11:28:00+05:30,20995.8,20997.5,20992.4,20994.1,
2023-12-11T11:29:00+05:30,20994.2,20995.5,20992.7,20993.7,
2023-12-11T11:30:00+05:30,20993.5,20993.9,20982.5,20988.4,
2023-12-11T11:31:00+05:30,20987.5,20994.5,20986.2,20993.9,
2023-12-11T11:32:00+05:30,20993.5,20995.2,20992.1,20993.8,
2023-12-11T11:33:00+05:30,20994.3,20995.5,20992.9,20994.1,
2023-12-11T11:34:00+05:30,20994,20997,20994,20995.2,
2023-12-11T11:35:00+05:30,20994.8,20998.7,20994.5,20998,
2023-12-11T11:36:00+05:30,20997.3,20998.2,20992.7,20993.2,
2023-12-11T11:37:00+05:30,20994.2,20994.2,20985.2,20985.5,
2023-12-11T11:38:00+05:30,20985.5,20987.6,20984.2,20986.2,
2023-12-11T11:39:00+05:30,20986.2,20989.5,20983.7,20983.7,
2023-12-11T11:40:00+05:30,20984.3,20988.9,20983.6,20987.8,
2023-12-11T11:41:00+05:30,20987.5,20990.6,20987.5,20990.2,
2023-12-11T11:42:00+05:30,20989.5,20994.8,20989.5,20994.3,
2023-12-11T11:43:00+05:30,20994.5,20996.9,20994.2,20994.5,
2023-12-11T11:44:00+05:30,20994.7,20999.2,20993.6,20998.5,
2023-12-11T11:45:00+05:30,20998.8,21000.3,20998.2,20999.8,
2023-12-11T11:46:00+05:30,21000,21001,20996.9,20998.2,
2023-12-11T11:47:00+05:30,20997.5,20998.7,20993.2,20995,
2023-12-11T11:48:00+05:30,20995.6,20997.4,20989.4,20989.5,
2023-12-11T11:49:00+05:30,20989.9,20992.4,20988.8,20990.8,
2023-12-11T11:50:00+05:30,20990.8,20994.4,20990,20993.5,
2023-12-11T11:51:00+05:30,20993.5,20993.5,20985,20986,
2023-12-11T11:52:00+05:30,20986.4,20986.4,20983.5,20986.3,
2023-12-11T11:53:00+05:30,20986.8,20987,20976.2,20976.9,
2023-12-11T11:54:00+05:30,20977.8,20977.8,20970,20972.8,
2023-12-11T11:55:00+05:30,20973.1,20978.8,20972.8,20975.8,
2023-12-11T11:56:00+05:30,20976.3,20984.5,20976.2,20981,
2023-12-11T11:57:00+05:30,20982,20986.5,20981.6,20986,
2023-12-11T11:58:00+05:30,20985.7,20989.6,20982.5,20989.2,
2023-12-11T11:59:00+05:30,20989,20989.5,20984.5,20987,
2023-12-11T12:00:00+05:30,20986.7,20990.3,20985.7,20987.9,
2023-12-11T12:01:00+05:30,20987,20991.5,20985.7,20991.5,
2023-12-11T12:02:00+05:30,20992.3,20994.4,20991.7,20993.2,
2023-12-11T12:03:00+05:30,20993.1,20993.1,20987.2,20987.6,
2023-12-11T12:04:00+05:30,20987.6,20988.2,20984.3,20986.6,
2023-12-11T12:05:00+05:30,20986.3,20991,20983.7,20990.5,
2023-12-11T12:06:00+05:30,20989.8,20993.2,20989.7,20992.5,
2023-12-11T12:07:00+05:30,20990.3,20991.9,20987.6,20991.3,
2023-12-11T12:08:00+05:30,20991.7,20991.7,20986.9,20988.2,
2023-12-11T12:09:00+05:30,20987.2,20988.5,20984,20987.4,
2023-12-11T12:10:00+05:30,20986.5,20988.1,20984.3,20987.3,
2023-12-11T12:11:00+05:30,20986,20988.2,20985.2,20987.3,
2023-12-11T12:12:00+05:30,20986.4,20988.8,20984.7,20988,
2023-12-11T12:13:00+05:30,20988,20988,20982.7,20985.9,
2023-12-11T12:14:00+05:30,20985.6,20986.9,20981.5,20985.3,
2023-12-11T12:15:00+05:30,20984.2,20985.2,20981.2,20981.9,
2023-12-11T12:16:00+05:30,20981.3,20983.5,20979.7,20982.2,
2023-12-11T12:17:00+05:30,20981.2,20981.3,20977.5,20980.4,
2023-12-11T12:18:00+05:30,20980,20980.7,20973.2,20974.8,
2023-12-11T12:19:00+05:30,20974.1,20978,20971.1,20978,
2023-12-11T12:20:00+05:30,20978.7,20979.2,20976,20976.5,
2023-12-11T12:21:00+05:30,20975.2,20979,20974.3,20978,
2023-12-11T12:22:00+05:30,20976.5,20976.5,20970.3,20972.7,
2023-12-11T12:23:00+05:30,20972.1,20974,20970.5,20972.5,
2023-12-11T12:24:00+05:30,20972,20973.3,20968,20970,
2023-12-11T12:25:00+05:30,20969.5,20973,20966.7,20972.8,
2023-12-11T12:26:00+05:30,20971.7,20976,20971.2,20975.5,
2023-12-11T12:27:00+05:30,20975.5,20976.5,20967,20972,
2023-12-11T12:28:00+05:30,20971.2,20972.9,20969,20970.2,
2023-12-11T12:29:00+05:30,20970.3,20971.5,20967.3,20967.5,
2023-12-11T12:30:00+05:30,20968,20971,20966,20967.8,
2023-12-11T12:31:00+05:30,20968.1,20970.9,20966.5,20969.4,
2023-12-11T12:32:00+05:30,20969,20970.7,20967.8,20969.8,
2023-12-11T12:33:00+05:30,20968.3,20968.9,20963.2,20965.5,
2023-12-11T12:34:00+05:30,20965,20968.2,20962.8,20968,
2023-12-11T12:35:00+05:30,20967.7,20970,20966.3,20969.2,
2023-12-11T12:36:00+05:30,20968.2,20968.8,20953.7,20964.5,
2023-12-11T12:37:00+05:30,20964,20972.8,20964,20969.5,
2023-12-11T12:38:00+05:30,20968,20969.1,20962.5,20968,
2023-12-11T12:39:00+05:30,20968.5,20975.1,20967.4,20975.1,
2023-12-11T12:40:00+05:30,20973.5,20976.2,20972.5,20975.6,
2023-12-11T12:41:00+05:30,20975.7,20975.9,20972,20974.6,
2023-12-11T12:42:00+05:30,20974.2,20974.2,20970.2,20973,
2023-12-11T12:43:00+05:30,20973,20974.7,20970.1,20971.5,
2023-12-11T12:44:00+05:30,20970.4,20975,20970.4,20972.8,
2023-12-11T12:45:00+05:30,20972.2,20976.5,20971.5,20973.8,
2023-12-11T12:46:00+05:30,20973.7,20977.5,20973.7,20976.6,
2023-12-11T12:47:00+05:30,20975.8,20983,20975.8,20982.8,
2023-12-11T12:48:00+05:30,20982.7,20983.4,20979.2,20983.4,
2023-12-11T12:49:00+05:30,20982,20983,20977.2,20977.2,
2023-12-11T12:50:00+05:30,20976.2,20979,20973.3,20979,
2023-12-11T12:51:00+05:30,20978.5,20979.6,20972.5,20973.5,
2023-12-11T12:52:00+05:30,20972.3,20973.7,20968.8,20972.2,
2023-12-11T12:53:00+05:30,20971.2,20974.5,20970,20973.8,
2023-12-11T12:54:00+05:30,20973.7,20975.5,20970.2,20972.2,
2023-12-11T12:55:00+05:30,20970.9,20974.5,20970,20972.8,
2023-12-11T12:56:00+05:30,20972.8,20975.2,20970.2,20972.3,
2023-12-11T12:57:00+05:30,20972,20974.2,20969.9,20974,
2023-12-11T12:58:00+05:30,20973,20977.3,20972,20976.7,
2023-12-11T12:59:00+05:30,20975.7,20981.8,20975.7,20979.7,
2023-12-11T13:00:00+05:30,20979.8,20981.3,20977.2,20979,
2023-12-11T13:01:00+05:30,20978.8,20979.8,20974.7,20976.8,
2023-12-11T13:02:00+05:30,20976,20977,20973.2,20975.8,
2023-12-11T13:03:00+05:30,20974.8,20974.8,20970.7,20972.5,
2023-12-11T13:04:00+05:30,20971.6,20972.8,20966.3,20968.5,
2023-12-11T13:05:00+05:30,20967.4,20970.8,20966.3,20970.3,
2023-12-11T13:06:00+05:30,20969.7,20972.6,20968,20971,
2023-12-11T13:07:00+05:30,20971.1,20971.9,20967.4,20968.5,
2023-12-11T13:08:00+05:30,20968.4,20972.7,20967.9,20971,
2023-12-11T13:09:00+05:30,20970.9,20973.5,20969.5,20971.8,
2023-12-11T13:10:00+05:30,20971.8,20979.8,20969.9,20977.8,
2023-12-11T13:11:00+05:30,20978.2,20978.8,20974.3,20976.3,
2023-12-11T13:12:00+05:30,20975.1,20976.2,20969.2,20971.7,
2023-12-11T13:13:00+05:30,20970.7,20975,20969.3,20975,
2023-12-11T13:14:00+05:30,20974.5,20982.2,20973.3,20982.2,
2023-12-11T13:15:00+05:30,20982.3,20987,20980.6,20986,
2023-12-11T13:16:00+05:30,20985.1,20985.1,20979,20981.5,
2023-12-11T13:17:00+05:30,20981.8,20984.2,20979.9,20982.8,
2023-12-11T13:18:00+05:30,20982,20985.7,20980.6,20985.2,
2023-12-11T13:19:00+05:30,20985.2,20985.4,20981,20984.2,
2023-12-11T13:20:00+05:30,20983.7,20985.5,20981.2,20983.9,
2023-12-11T13:21:00+05:30,20983,20983.9,20977.4,20978.2,
2023-12-11T13:22:00+05:30,20978,20981,20977.3,20980.4,
2023-12-11T13:23:00+05:30,20980.1,20984.2,20978.9,20983.5,
2023-12-11T13:24:00+05:30,20982.8,20988.1,20981.8,20985.8,
2023-12-11T13:25:00+05:30,20985.2,20989.6,20983.6,20987.7,
2023-12-11T13:26:00+05:30,20986.8,20987.4,20982.4,20986.2,
2023-12-11T13:27:00+05:30,20985.8,20988.5,20984.8,20986.9,
2023-12-11T13:28:00+05:30,20986.7,20987.5,20980.9,20984,
2023-12-11T13:29:00+05:30,20982.7,20985.3,20980.7,20983.2,
2023-12-11T13:30:00+05:30,20982.3,20985.8,20980.8,20983.7,
2023-12-11T13:31:00+05:30,20982.5,20983.7,20977.3,20980.4,
2023-12-11T13:32:00+05:30,20980.2,20982.5,20977.7,20982.5,
2023-12-11T13:33:00+05:30,20982.2,20986.1,20980.4,20985.8,
2023-12-11T13:34:00+05:30,20985.5,20987.7,20983.6,20987,
2023-12-11T13:35:00+05:30,20987,20993.7,20986,20992,
2023-12-11T13:36:00+05:30,20991.6,20992.4,20986.5,20989.2,
2023-12-11T13:37:00+05:30,20987.9,20991.8,20987.3,20991.8,
2023-12-11T13:38:00+05:30,20991.5,20992.4,20986.6,20990.6,
2023-12-11T13:39:00+05:30,20990,20990.2,20985.4,20987.2,
2023-12-11T13:40:00+05:30,20986.1,20987.5,20980.8,20985.5,
2023-12-11T13:41:00+05:30,20985.1,20995.7,20984.8,20995.7,
2023-12-11T13:42:00+05:30,20995.2,20995.2,20991.1,20993.4,
2023-12-11T13:43:00+05:30,20993,20994,20989.9,20992,
2023-12-11T13:44:00+05:30,20992.7,20993.2,20989.2,20991.5,
2023-12-11T13:45:00+05:30,20991.5,20991.9,20987.3,20989.3,
2023-12-11T13:46:00+05:30,20989.9,20991,20984.7,20987.7,
2023-12-11T13:47:00+05:30,20986.8,20988,20983.8,20986,
2023-12-11T13:48:00+05:30,20986.5,20990.5,20984.8,20986.5,
2023-12-11T13:49:00+05:30,20985.2,20986.9,20981,20981.9,
2023-12-11T13:50:00+05:30,20981,20983.7,20979.7,20982.2,
2023-12-11T13:51:00+05:30,20982.2,20983.8,20977.7,20979.8,
2023-12-11T13:52:00+05:30,20980.3,20980.5,20973.5,20977,
2023-12-11T13:53:00+05:30,20976.2,20977.8,20971.5,20974,
2023-12-11T13:54:00+05:30,20974.1,20980.3,20973,20980,
2023-12-11T13:55:00+05:30,20979.3,20981.2,20974.1,20975.2,
2023-12-11T13:56:00+05:30,20976.2,20978.8,20972.7,20977.7,
2023-12-11T13:57:00+05:30,20977.8,20982,20976.2,20981.2,
2023-12-11T13:58:00+05:30,20981.6,20983.3,20977.7,20978.8,
2023-12-11T13:59:00+05:30,20979.3,20982,20978,20980,
2023-12-11T14:00:00+05:30,20979.2,20983.9,20978.2,20982.9,
2023-12-11T14:01:00+05:30,20983.3,20987.8,20981.8,20985.8,
2023-12-11T14:02:00+05:30,20985.2,20987.7,20982,20987.4,
2023-12-11T14:03:00+05:30,20987.2,20992.8,20986.7,20990.5,
2023-12-11T14:04:00+05:30,20990,20990.5,20987,20990.4,
2023-12-11T14:05:00+05:30,20990.5,20993.8,20989.4,20992.2,
2023-12-11T14:06:00+05:30,20991.6,20994,20988.2,20989.8,
2023-12-11T14:07:00+05:30,20989.5,20990.7,20986,20990,
2023-12-11T14:08:00+05:30,20989.5,20991.5,20987.8,20991.3,
2023-12-11T14:09:00+05:30,20991.2,20993.7,20988.8,20992.3,
2023-12-11T14:10:00+05:30,20991.8,20994.2,20990.6,20992.3,
2023-12-11T14:11:00+05:30,20991.8,20993.6,20988,20989.7,
2023-12-11T14:12:00+05:30,20989,20993.3,20989,20993.3,
2023-12-11T14:13:00+05:30,20992.5,20994.8,20990.2,20991.3,
2023-12-11T14:14:00+05:30,20991.4,20992.4,20989.5,20992.4,
2023-12-11T14:15:00+05:30,20992.4,20993.7,20989.4,20991,
2023-12-11T14:16:00+05:30,20991.2,20993.8,20990.2,20992,
2023-12-11T14:17:00+05:30,20991.3,20993.3,20988.7,20991.2,
2023-12-11T14:18:00+05:30,20990.7,20991.5,20985.9,20987.8,
2023-12-11T14:19:00+05:30,20988.5,20990.5,20986.3,20989.6,
2023-12-11T14:20:00+05:30,20989.3,20992.2,20984.9,20987.2,
2023-12-11T14:21:00+05:30,20987.5,20989.6,20985,20989.6,
2023-12-11T14:22:00+05:30,20990.6,20995.5,20988.7,20995.5,
2023-12-11T14:23:00+05:30,20993.8,20995.2,20991.8,20993.2,
2023-12-11T14:24:00+05:30,20993.8,20995.7,20992.5,20994.2,
2023-12-11T14:25:00+05:30,20994.6,20995.3,20987.8,20989.4,
2023-12-11T14:26:00+05:30,20989,20991.1,20985.7,20987.2,
2023-12-11T14:27:00+05:30,20988,20989,20985,20987,
2023-12-11T14:28:00+05:30,20987.3,20987.3,20983.5,20985.5,
2023-12-11T14:29:00+05:30,20984.7,20986.5,20982.3,20984.3,
2023-12-11T14:30:00+05:30,20984.8,20993,20984,20991.8,
2023-12-11T14:31:00+05:30,20992,20996.3,20990.7,20995.2,
2023-12-11T14:32:00+05:30,20995,20996.2,20991.4,20994.2,
2023-12-11T14:33:00+05:30,20995.2,20997.5,20993.8,20997,
2023-12-11T14:34:00+05:30,20996.8,21002.6,20996.1,21001.8,
2023-12-11T14:35:00+05:30,21001.5,21004.6,20996.3,20998.2,
2023-12-11T14:36:00+05:30,20998,20998.8,20995.7,20998.8,
2023-12-11T14:37:00+05:30,20997.5,21000.5,20995.8,20998.5,
2023-12-11T14:38:00+05:30,20999.3,21002,20997.5,21001,
2023-12-11T14:39:00+05:30,21001.5,21002,20997.8,21001,
2023-12-11T14:40:00+05:30,21001,21005.3,20998,20998,
2023-12-11T14:41:00+05:30,20997.3,21000.2,20994.8,20998.8,
2023-12-11T14:42:00+05:30,21000,21000,20994.1,20997.2,
2023-12-11T14:43:00+05:30,20996.6,20998.2,20992.9,20996.5,
2023-12-11T14:44:00+05:30,20996.2,20998.2,20991,20994.5,
2023-12-11T14:45:00+05:30,20994.3,20999.3,20993,20998.5,
2023-12-11T14:46:00+05:30,20996.7,21003.6,20996.1,21002.8,
2023-12-11T14:47:00+05:30,21002.6,21002.7,20998.9,21000.4,
2023-12-11T14:48:00+05:30,20999.6,21004.5,20997.8,21003,
2023-12-11T14:49:00+05:30,21003.3,21003.3,20999.5,21001.2,
2023-12-11T14:50:00+05:30,21001.2,21002.7,20995.4,20998.5,
2023-12-11T14:51:00+05:30,20997.7,21001.2,20995.1,21000.3,
2023-12-11T14:52:00+05:30,21000.5,21002.3,20997.2,20999.8,
2023-12-11T14:53:00+05:30,21000.1,21001.5,20995.3,20996.5,
2023-12-11T14:54:00+05:30,20995.7,20997.2,20985.6,20985.6,
2023-12-11T14:55:00+05:30,20986.8,20994.9,20986.4,20993.8,
2023-12-11T14:56:00+05:30,20994.1,20998.6,20993.3,20993.7,
2023-12-11T14:57:00+05:30,20992.7,20994.4,20987.1,20992.7,
2023-12-11T14:58:00+05:30,20993.4,20996.4,20990.1,20994.2,
2023-12-11T14:59:00+05:30,20995,20996.3,20991.8,20995.8,
2023-12-11T15:00:00+05:30,20996,21001.8,20994.5,20995.2,
2023-12-11T15:01:00+05:30,20995.2,20999.3,20990.3,20998.6,
2023-12-11T15:02:00+05:30,20999.7,21004,20998.2,21002.4,
2023-12-11T15:03:00+05:30,21001,21008.7,21000.5,21007.6,
2023-12-11T15:04:00+05:30,21008,21009.6,21006,21008.5,
2023-12-11T15:05:00+05:30,21007.7,21009,21001.3,21001.3,
2023-12-11T15:06:00+05:30,21001.2,21005.2,21001.2,21003.1,
2023-12-11T15:07:00+05:30,21003,21003.2,20998.4,21002.2,
2023-12-11T15:08:00+05:30,21001.3,21003.4,20998.2,21003,
2023-12-11T15:09:00+05:30,21003.2,21004.2,21000.3,21001.3,
2023-12-11T15:10:00+05:30,21001.7,21004,21000.3,21003.7,
2023-12-11T15:11:00+05:30,21004.5,21004.5,21002.2,21003.7,
2023-12-11T15:12:00+05:30,21004,21005.7,21000,21005.7,
2023-12-11T15:13:00+05:30,21006,21006.8,21004.8,21005.6,
2023-12-11T15:14:00+05:30,21005.8,21006,20999.5,21000.5,
2023-12-11T15:15:00+05:30,21001,21002.5,20992.5,20992.5,
2023-12-11T15:16:00+05:30,20992.7,20993.6,20986.9,20986.9,
2023-12-11T15:17:00+05:30,20987.2,20988.1,20985.5,20986.5,
2023-12-11T15:18:00+05:30,20986.4,20987,20981.8,20984.5,
2023-12-11T15:19:00+05:30,20985.3,20989.7,20984.2,20989.2,
2023-12-11T15:20:00+05:30,20989.3,20992.9,20988.5,20990.1,
2023-12-11T15:21:00+05:30,20990.5,20993,20987.2,20992,
2023-12-11T15:22:00+05:30,20992.7,20995,20991,20993.6,
2023-12-11T15:23:00+05:30,20994.7,20996,20993.5,20995,
2023-12-11T15:24:00+05:30,20995.5,20996.3,20990.8,20991.2,
2023-12-11T15:25:00+05:30,20991.5,20996.1,20991,20994.5,
2023-12-11T15:26:00+05:30,20993.1,20997.5,20992.3,20996.2,
2023-12-11T15:27:00+05:30,20997,20997.3,20994.9,20996.2,
2023-12-11T15:28:00+05:30,20994.9,20996.5,20993,20993.3,
2023-12-11T15:29:00+05:30,20994.8,20998.7,20989.8,20992.8,
2023-12-12T09:15:00+05:30,21018.5,21029.7,21001.8,21024.5,
2023-12-12T09:16:00+05:30,21023.3,21031.5,21018.3,21018.3,
2023-12-12T09:17:00+05:30,21017.3,21019.6,21012.8,21019,
2023-12-12T09:18:00+05:30,21018.8,21023.6,21013.3,21023.5,
2023-12-12T09:19:00+05:30,21023.3,21029.6,21023.3,21026.6,
2023-12-12T09:20:00+05:30,21026.7,21026.7,21012.4,21015.8,
2023-12-12T09:21:00+05:30,21016.2,21024,21014.9,21024,
2023-12-12T09:22:00+05:30,21022.8,21026.8,21022.3,21025.1,
2023-12-12T09:23:00+05:30,21024.4,21030.2,21023,21029.2,
2023-12-12T09:24:00+05:30,21030.4,21033.8,21027.8,21033.7,
2023-12-12T09:25:00+05:30,21034.1,21034.1,21023.5,21025.8,
2023-12-12T09:26:00+05:30,21025,21031,21024.2,21027.1,
2023-12-12T09:27:00+05:30,21028.1,21035.8,21026.4,21034.2,
2023-12-12T09:28:00+05:30,21033.8,21035.3,21028.5,21033.2,
2023-12-12T09:29:00+05:30,21032.7,21035.9,21030.4,21034.9,
2023-12-12T09:30:00+05:30,21034.5,21037.9,21023.6,21023.6,
2023-12-12T09:31:00+05:30,21024,21027.2,21021.9,21023.3,
2023-12-12T09:32:00+05:30,21022.1,21022.7,21019.5,21022.2,
2023-12-12T09:33:00+05:30,21020.5,21036,21020.4,21036,
2023-12-12T09:34:00+05:30,21034.6,21034.9,21026.3,21031,
2023-12-12T09:35:00+05:30,21031,21034.9,21029.2,21033.8,
2023-12-12T09:36:00+05:30,21033.7,21034.7,21029.2,21031.7,
2023-12-12T09:37:00+05:30,21031,21035,21030,21032.2,
2023-12-12T09:38:00+05:30,21031,21032.8,21028.3,21028.8,
2023-12-12T09:39:00+05:30,21028.7,21028.7,21025.3,21026.6,
2023-12-12T09:40:00+05:30,21025.8,21027.8,21024.9,21027.5,
2023-12-12T09:41:00+05:30,21028.1,21033.1,21026.8,21032,
2023-12-12T09:42:00+05:30,21031.8,21031.8,21021.2,21021.8,
2023-12-12T09:43:00+05:30,21020.5,21023.3,21017.8,21021.8,
2023-12-12T09:44:00+05:30,21021.3,21023,21018.8,21021.5,
2023-12-12T09:45:00+05:30,21022.2,21024.6,21019.7,21020.5,
2023-12-12T09:46:00+05:30,21018.8,21022,21018.8,21022,
2023-12-12T09:47:00+05:30,21021.4,21025.9,21021.3,21025.4,
2023-12-12T09:48:00+05:30,21025.7,21029.1,21024.7,21027.9,
2023-12-12T09:49:00+05:30,21028.5,21028.5,21023.8,21028,
2023-12-12T09:50:00+05:30,21027.1,21029.8,21026.8,21028.2,
2023-12-12T09:51:00+05:30,21028,21029.9,21022.6,21023.3,
2023-12-12T09:52:00+05:30,21023.6,21025.5,21023,21025,
2023-12-12T09:53:00+05:30,21024.8,21026.7,21023.8,21024.5,
2023-12-12T09:54:00+05:30,21024.6,21026,21023.4,21026,
2023-12-12T09:55:00+05:30,21026.5,21027.9,21024.8,21026.3,
2023-12-12T09:56:00+05:30,21026.2,21032.8,21026,21031.2,
2023-12-12T09:57:00+05:30,21031.5,21036.2,21030.9,21034.1,
2023-12-12T09:58:00+05:30,21034.3,21037.3,21029.8,21030.8,
2023-12-12T09:59:00+05:30,21030.7,21032.2,21027.5,21028.8,
2023-12-12T10:00:00+05:30,21028,21029.5,21025.9,21029,
2023-12-12T10:01:00+05:30,21029.4,21031,21027.5,21028.8,
2023-12-12T10:02:00+05:30,21028.3,21029.1,21023,21024,
2023-12-12T10:03:00+05:30,21023.9,21029,21023.5,21028.7,
2023-12-12T10:04:00+05:30,21027.8,21031.2,21026.5,21029.8,
2023-12-12T10:05:00+05:30,21029.8,21030,21023.6,21027.6,
2023-12-12T10:06:00+05:30,21028,21032.8,21027.1,21032.8,
2023-12-12T10:07:00+05:30,21031.7,21031.8,21028.3,21029.5,
2023-12-12T10:08:00+05:30,21029.5,21030.5,21027.4,21029.7,
2023-12-12T10:09:00+05:30,21028,21029.8,21024.7,21025.4,
2023-12-12T10:10:00+05:30,21025.5,21025.5,21020.5,21023.8,
2023-12-12T10:11:00+05:30,21023.3,21023.3,21015.5,21015.5,
2023-12-12T10:12:00+05:30,21015.5,21015.5,21011,21011.6,
2023-12-12T10:13:00+05:30,21012.2,21012.5,20998.2,20999.7,
2023-12-12T10:14:00+05:30,20999.2,21006.7,20997.5,21003.8,
2023-12-12T10:15:00+05:30,21003.7,21004,20996.8,21000.2,
2023-12-12T10:16:00+05:30,20999.6,21000.3,20992.3,20993.8,
2023-12-12T10:17:00+05:30,20993.2,20993.7,20988.4,20989.2,
2023-12-12T10:18:00+05:30,20988.3,20991.6,20982.3,20982.3,
2023-12-12T10:19:00+05:30,20982.8,20982.8,20976.5,20977.1,
2023-12-12T10:20:00+05:30,20977.8,20987.7,20975,20986.4,
2023-12-12T10:21:00+05:30,20986,20991.7,20981.8,20991.7,
2023-12-12T10:22:00+05:30,20991,20996.6,20987.5,20995.3,
2023-12-12T10:23:00+05:30,20996,20997,20987.4,20989.2,
2023-12-12T10:24:00+05:30,20988.6,20988.6,20981,20981.8,
2023-12-12T10:25:00+05:30,20981.2,20985.7,20980.5,20983.9,
2023-12-12T10:26:00+05:30,20983.5,20988.8,20983.5,20987.2,
2023-12-12T10:27:00+05:30,20987.3,20990.9,20986.8,20988,
2023-12-12T10:28:00+05:30,20988.9,20989.7,20982.9,20988.8,
2023-12-12T10:29:00+05:30,20987.8,20993.7,20986.6,20993.4,
2023-12-12T10:30:00+05:30,20991.3,20997.2,20988.8,20996.2,
2023-12-12T10:31:00+05:30,20995.7,21000.3,20995.7,21000.3,
2023-12-12T10:32:00+05:30,21000,21006.3,21000,21006.3,
2023-12-12T10:33:00+05:30,21005,21010,21003.3,21009,
2023-12-12T10:34:00+05:30,21010.2,21010.2,21003.8,21005.1,
2023-12-12T10:35:00+05:30,21004.2,21007.5,21003.5,21005.2,
2023-12-12T10:36:00+05:30,21005.2,21011,21005,21007,
2023-12-12T10:37:00+05:30,21006.5,21013.3,21006.5,21012.8,
2023-12-12T10:38:00+05:30,21011.7,21011.8,21005.5,21007.1,
2023-12-12T10:39:00+05:30,21007,21009.1,21006.5,21007.8,
2023-12-12T10:40:00+05:30,21007.3,21009.5,21004.8,21009.1,
2023-12-12T10:41:00+05:30,21008.7,21010.5,21006.8,21008.5,
2023-12-12T10:42:00+05:30,21009.2,21010,21005.4,21006.2,
2023-12-12T10:43:00+05:30,21007,21007,21001.8,21002.5,
2023-12-12T10:44:00+05:30,21002.4,21004.5,21000.4,21001.8,
2023-12-12T10:45:00+05:30,21002,21002.7,20998.8,21000.7,
2023-12-12T10:46:00+05:30,21000.4,21004,21000.2,21003,
2023-12-12T10:47:00+05:30,21003.2,21004.2,21001.5,21004.2,
2023-12-12T10:48:00+05:30,21004.5,21007.7,21003.3,21007.2,
2023-12-12T10:49:00+05:30,21007.3,21007.8,21005.7,21007.3,
2023-12-12T10:50:00+05:30,21007.8,21008.5,21006.8,21007.7,
2023-12-12T10:51:00+05:30,21007.3,21007.3,21003.5,21004.6,
2023-12-12T10:52:00+05:30,21004.8,21014,21004.8,21014,
2023-12-12T10:53:00+05:30,21013.9,21014.2,21011.3,21011.8,
2023-12-12T10:54:00+05:30,21011,21011.6,21008.2,21009.3,
2023-12-12T10:55:00+05:30,21010.2,21010.8,21006.8,21008.2,
2023-12-12T10:56:00+05:30,21008.1,21010,21006.7,21009,
2023-12-12T10:57:00+05:30,21009.4,21009.7,21006.4,21009.7,
2023-12-12T10:58:00+05:30,21008.7,21009,21004.3,21004.8,
2023-12-12T10:59:00+05:30,21004.7,21005.3,21002.5,21003.5,
2023-12-12T11:00:00+05:30,21003.7,21005.2,21003.2,21004.3,
2023-12-12T11:01:00+05:30,21005.3,21007.8,21004.5,21006.7,
2023-12-12T11:02:00+05:30,21006.2,21008.5,21004.9,21008.5,
2023-12-12T11:03:00+05:30,21008.8,21011,21008,21009.8,
2023-12-12T11:04:00+05:30,21009.8,21012.2,21009.4,21011.8,
2023-12-12T11:05:00+05:30,21011.4,21014.5,21010.5,21011.2,
2023-12-12T11:06:00+05:30,21011,21011.8,21006.5,21010.1,
2023-12-12T11:07:00+05:30,21010.3,21012,21009.5,21011,
2023-12-12T11:08:00+05:30,21011.2,21015.1,21011,21014,
2023-12-12T11:09:00+05:30,21014,21017,21013.2,21016.4,
2023-12-12T11:10:00+05:30,21016.7,21019.8,21016,21019,
2023-12-12T11:11:00+05:30,21018.8,21019.5,21016.3,21016.7,
2023-12-12T11:12:00+05:30,21018.2,21020.3,21017.8,21019.2,
2023-12-12T11:13:00+05:30,21018.9,21019.2,21014.3,21015,
2023-12-12T11:14:00+05:30,21014.7,21015.9,21014.2,21015.8,
2023-12-12T11:15:00+05:30,21015.8,21016.2,21014.1,21015.1,
2023-12-12T11:16:00+05:30,21015,21015.2,21010.5,21013.9,
2023-12-12T11:17:00+05:30,21013,21014.9,21013,21014.2,
2023-12-12T11:18:00+05:30,21014.3,21014.3,21009.2,21009.7,
2023-12-12T11:19:00+05:30,21009.9,21010.8,21008.2,21008.6,
2023-12-12T11:20:00+05:30,21009,21009,21003.5,21006,
2023-12-12T11:21:00+05:30,21005.1,21010.5,21005.1,21008,
2023-12-12T11:22:00+05:30,21008.5,21009.3,21007.5,21008.2,
2023-12-12T11:23:00+05:30,21007.8,21008.2,21002.7,21003.4,
2023-12-12T11:24:00+05:30,21002.8,21004.5,21000.3,21000.3,
2023-12-12T11:25:00+05:30,21000.3,21001.7,20999.2,20999.2,
2023-12-12T11:26:00+05:30,20999.3,21001.5,20998.1,21001.5,
2023-12-12T11:27:00+05:30,21001.1,21005.4,21001.1,21004.4,
2023-12-12T11:28:00+05:30,21004.6,21004.6,20996.8,20996.8,
2023-12-12T11:29:00+05:30,20997.6,20999.5,20996.5,20999.3,
2023-12-12T11:30:00+05:30,20999.8,21000.7,20997.7,20999.2,
2023-12-12T11:31:00+05:30,20999.1,21003,20998.6,21003,
2023-12-12T11:32:00+05:30,21003.2,21005.8,21002.3,21005.6,
2023-12-12T11:33:00+05:30,21005.5,21006,20999.3,21001,
2023-12-12T11:34:00+05:30,21000.5,21003.6,21000.5,21003.5,
2023-12-12T11:35:00+05:30,21003.8,21006.7,21001.8,21001.8,
2023-12-12T11:36:00+05:30,21001.3,21001.3,20994.4,20999,
2023-12-12T11:37:00+05:30,20998.3,20999,20994.5,20996.7,
2023-12-12T11:38:00+05:30,20996.8,20998.3,20993.5,20996.8,
2023-12-12T11:39:00+05:30,20997.3,21001.5,20996.7,21000.2,
2023-12-12T11:40:00+05:30,21000.2,21002,20998.3,21002,
2023-12-12T11:41:00+05:30,21002.6,21006.1,21002,21004.2,
2023-12-12T11:42:00+05:30,21004.7,21007.2,21004,21004.8,
2023-12-12T11:43:00+05:30,21004.9,21007.5,21003.4,21003.6,
2023-12-12T11:44:00+05:30,21003.3,21003.9,20998.1,21000.2,
2023-12-12T11:45:00+05:30,20999.8,21003.2,20999.7,21001.7,
2023-12-12T11:46:00+05:30,21001.3,21003.9,21000.2,21003.5,
2023-12-12T11:47:00+05:30,21003.5,21006.3,21001.5,21005,
2023-12-12T11:48:00+05:30,21005.2,21007.2,21004.4,21006,
2023-12-12T11:49:00+05:30,21006.3,21008.8,21005.3,21008.8,
2023-12-12T11:50:00+05:30,21008.8,21009.1,21005.4,21007.1,
2023-12-12T11:51:00+05:30,21007,21010.2,21007,21008.8,
2023-12-12T11:52:00+05:30,21009.3,21011.1,21006.7,21009.2,
2023-12-12T11:53:00+05:30,21009,21009.7,21005.6,21005.6,
2023-12-12T11:54:00+05:30,21005.8,21006,21003.2,21004.8,
2023-12-12T11:55:00+05:30,21004.8,21008.8,21004.8,21007.5,
2023-12-12T11:56:00+05:30,21008.1,21008.1,21002.7,21003.3,
2023-12-12T11:57:00+05:30,21002.5,21006.1,21002.3,21005,
2023-12-12T11:58:00+05:30,21004.3,21008.5,21003.9,21007.7,
2023-12-12T11:59:00+05:30,21007.8,21008.7,21006.3,21006.7,
2023-12-12T12:00:00+05:30,21006.7,21008.9,21006.4,21008.5,
2023-12-12T12:01:00+05:30,21009,21012.3,21008.8,21010.9,
2023-12-12T12:02:00+05:30,21010.7,21011.3,21008.2,21008.2,
2023-12-12T12:03:00+05:30,21008.2,21010,21006.8,21010,
2023-12-12T12:04:00+05:30,21009.7,21012.7,21009,21011.8,
2023-12-12T12:05:00+05:30,21011.6,21012.8,21008.7,21009.8,
2023-12-12T12:06:00+05:30,21009.8,21010.5,21008.3,21008.3,
2023-12-12T12:07:00+05:30,21008.7,21009.1,21004.7,21005.1,
2023-12-12T12:08:00+05:30,21006,21009.2,21004.6,21007.7,
2023-12-12T12:09:00+05:30,21007.8,21011,21007.2,21009.2,
2023-12-12T12:10:00+05:30,21009.5,21009.5,21007.3,21008.2,
2023-12-12T12:11:00+05:30,21009.4,21011.5,21008,21011,
2023-12-12T12:12:00+05:30,21011,21012.6,21010.2,21012.3,
2023-12-12T12:13:00+05:30,21011.8,21012.9,21009.2,21011.4,
2023-12-12T12:14:00+05:30,21011,21014.5,21010.8,21013.1,
2023-12-12T12:15:00+05:30,21013.1,21015,21012.5,21014.3,
2023-12-12T12:16:00+05:30,21014.3,21016.8,21014,21014.4,
2023-12-12T12:17:00+05:30,21014.2,21014.8,21011.3,21012.1,
2023-12-12T12:18:00+05:30,21012.5,21014.5,21012.2,21013.3,
2023-12-12T12:19:00+05:30,21013.6,21014.4,21010.3,21010.9,
2023-12-12T12:20:00+05:30,21011,21012,21008.2,21012,
2023-12-12T12:21:00+05:30,21011.7,21012.5,21006.2,21006.2,
2023-12-12T12:22:00+05:30,21006.5,21008.5,21005.5,21007.5,
2023-12-12T12:23:00+05:30,21007.1,21008.8,21006.3,21006.5,
2023-12-12T12:24:00+05:30,21007,21007.8,21004.3,21007.7,
2023-12-12T12:25:00+05:30,21007.9,21008.9,21005.8,21007.4,
2023-12-12T12:26:00+05:30,21008.1,21011.3,21007.2,21011.3,
2023-12-12T12:27:00+05:30,21011,21012,21009.5,21009.5,
2023-12-12T12:28:00+05:30,21009.8,21010.4,21007.9,21008.3,
2023-12-12T12:29:00+05:30,21008.8,21010.5,21007.4,21010.3,
2023-12-12T12:30:00+05:30,21010,21010.5,21005.8,21006.2,
2023-12-12T12:31:00+05:30,21006.3,21008.4,21006.3,21007,
2023-12-12T12:32:00+05:30,21007,21008.8,21006.4,21007.9,
2023-12-12T12:33:00+05:30,21007.1,21007.2,21004.8,21006,
2023-12-12T12:34:00+05:30,21005.8,21006.8,21005,21006.1,
2023-12-12T12:35:00+05:30,21006,21008.2,21005,21005.7,
2023-12-12T12:36:00+05:30,21004.6,21004.8,21002.6,21003.3,
2023-12-12T12:37:00+05:30,21002.1,21003.5,21000.7,21000.8,
2023-12-12T12:38:00+05:30,21000.8,21001.7,21000,21001.5,
2023-12-12T12:39:00+05:30,21001.2,21004.5,21001,21002.9,
2023-12-12T12:40:00+05:30,21002.8,21003.8,21002,21002.3,
2023-12-12T12:41:00+05:30,21002,21002.2,20993.5,20995,
2023-12-12T12:42:00+05:30,20995,20995.5,20990.6,20992.2,
2023-12-12T12:43:00+05:30,20992,20995.3,20989.7,20993.4,
2023-12-12T12:44:00+05:30,20991.3,20992.6,20986.2,20986.8,
2023-12-12T12:45:00+05:30,20986.9,20987.7,20979.3,20983.2,
2023-12-12T12:46:00+05:30,20983.5,20987.2,20981.8,20982.8,
2023-12-12T12:47:00+05:30,20983.4,20983.4,20980,20980,
2023-12-12T12:48:00+05:30,20980.5,20980.5,20976.2,20976.3,
2023-12-12T12:49:00+05:30,20976.1,20977,20971,20973.4,
2023-12-12T12:50:00+05:30,20972.5,20974.6,20968.9,20969.7,
2023-12-12T12:51:00+05:30,20969.6,20970.2,20965.2,20966.7,
2023-12-12T12:52:00+05:30,20966.7,20968.2,20962.7,20968.2,
2023-12-12T12:53:00+05:30,20968,20970.8,20968,20969.7,
2023-12-12T12:54:00+05:30,20970.4,20970.5,20965.5,20966.4,
2023-12-12T12:55:00+05:30,20966.3,20971.2,20965.2,20970.6,
2023-12-12T12:56:00+05:30,20969.9,20974.5,20968.6,20974.4,
2023-12-12T12:57:00+05:30,20974.5,20974.8,20971,20972.1,
2023-12-12T12:58:00+05:30,20972.1,20973.4,20961.6,20962.2,
2023-12-12T12:59:00+05:30,20962.8,20962.8,20953.9,20960.1,
2023-12-12T13:00:00+05:30,20960.7,20960.7,20954.4,20960,
2023-12-12T13:01:00+05:30,20960.5,20963.3,20958.2,20958.5,
2023-12-12T13:02:00+05:30,20958.6,20963.9,20957.2,20963.8,
2023-12-12T13:03:00+05:30,20963.9,20964.7,20959.7,20964,
2023-12-12T13:04:00+05:30,20964.5,20968.8,20962.5,20966.4,
2023-12-12T13:05:00+05:30,20967,20969.3,20964.2,20969.1,
2023-12-12T13:06:00+05:30,20968.9,20969.2,20965,20967.4,
2023-12-12T13:07:00+05:30,20967.2,20968.7,20960,20960.3,
2023-12-12T13:08:00+05:30,20960.2,20964.8,20960,20964.8,
2023-12-12T13:09:00+05:30,20963.7,20965.2,20961.4,20962,
2023-12-12T13:10:00+05:30,20963.2,20970,20961.6,20969.9,
2023-12-12T13:11:00+05:30,20969.2,20970.6,20965.2,20967.3,
2023-12-12T13:12:00+05:30,20967.2,20967.8,20964.7,20966.7,
2023-12-12T13:13:00+05:30,20966.2,20967.7,20963.2,20966.2,
2023-12-12T13:14:00+05:30,20965.6,20967.5,20963.7,20964.7,
2023-12-12T13:15:00+05:30,20965,20966.2,20960.1,20963.9,
2023-12-12T13:16:00+05:30,20963.1,20964,20959.7,20962.2,
2023-12-12T13:17:00+05:30,20961.3,20962.1,20958.2,20959,
2023-12-12T13:18:00+05:30,20958,20959,20952.9,20957,
2023-12-12T13:19:00+05:30,20955.5,20962.2,20952.5,20962.2,
2023-12-12T13:20:00+05:30,20962.3,20969.7,20960.6,20965.3,
2023-12-12T13:21:00+05:30,20964.5,20966.5,20961.8,20964.2,
2023-12-12T13:22:00+05:30,20964.3,20968.5,20963.2,20968.5,
2023-12-12T13:23:00+05:30,20966.9,20967.3,20963.4,20967,
2023-12-12T13:24:00+05:30,20966.7,20968,20963.8,20968,
2023-12-12T13:25:00+05:30,20967.4,20968.2,20963.8,20966.2,
2023-12-12T13:26:00+05:30,20965.6,20966,20962.2,20965.2,
2023-12-12T13:27:00+05:30,20964,20966,20962.9,20966,
2023-12-12T13:28:00+05:30,20966,20968.5,20962.6,20968.5,
2023-12-12T13:29:00+05:30,20967,20969.6,20965.3,20969.2,
2023-12-12T13:30:00+05:30,20970.5,20973.5,20967.8,20972.5,
2023-12-12T13:31:00+05:30,20972.3,20972.3,20969.1,20971.8,
2023-12-12T13:32:00+05:30,20970.9,20971.3,20965.2,20969.2,
2023-12-12T13:33:00+05:30,20968.8,20971.1,20966.7,20971.1,
2023-12-12T13:34:00+05:30,20970.3,20970.8,20967.5,20969.8,
2023-12-12T13:35:00+05:30,20969.5,20970.9,20968.2,20970.2,
2023-12-12T13:36:00+05:30,20968.3,20969,20964.8,20967.6,
2023-12-12T13:37:00+05:30,20967,20968.6,20964.7,20965.8,
2023-12-12T13:38:00+05:30,20965.5,20966.8,20963,20964.4,
2023-12-12T13:39:00+05:30,20963.5,20971.5,20962.5,20971.5,
2023-12-12T13:40:00+05:30,20970.5,20971.5,20967.5,20969.7,
2023-12-12T13:41:00+05:30,20968.2,20971.8,20967,20970,
2023-12-12T13:42:00+05:30,20969.5,20970.2,20965.8,20968,
2023-12-12T13:43:00+05:30,20967,20968.1,20964.5,20968.1,
2023-12-12T13:44:00+05:30,20967.6,20970,20966,20970,
2023-12-12T13:45:00+05:30,20968.8,20969.6,20965.5,20969.2,
2023-12-12T13:46:00+05:30,20969.2,20969.2,20965.5,20968.2,
2023-12-12T13:47:00+05:30,20967.3,20968.7,20964.5,20966.8,
2023-12-12T13:48:00+05:30,20966,20966.5,20963.1,20966.1,
2023-12-12T13:49:00+05:30,20964.6,20965.2,20961,20964.6,
2023-12-12T13:50:00+05:30,20964.4,20964.4,20960.8,20962.7,
2023-12-12T13:51:00+05:30,20962,20962.8,20959,20962.8,
2023-12-12T13:52:00+05:30,20962,20972.3,20960.5,20972,
2023-12-12T13:53:00+05:30,20971,20971,20960.5,20963.7,
2023-12-12T13:54:00+05:30,20962,20964.2,20958.4,20959.8,
2023-12-12T13:55:00+05:30,20959.2,20963.9,20958.5,20961,
2023-12-12T13:56:00+05:30,20961.1,20961.1,20956.7,20958.7,
2023-12-12T13:57:00+05:30,20958.5,20959.1,20955.8,20959,
2023-12-12T13:58:00+05:30,20958.5,20959.3,20954.7,20956.5,
2023-12-12T13:59:00+05:30,20955.9,20956.3,20949.7,20952.8,
2023-12-12T14:00:00+05:30,20951.1,20953.2,20947.5,20951.6,
2023-12-12T14:01:00+05:30,20951.1,20953.3,20949,20953.3,
2023-12-12T14:02:00+05:30,20951.2,20952.5,20947.3,20950.5,
2023-12-12T14:03:00+05:30,20950.2,20952,20948.8,20952,
2023-12-12T14:04:00+05:30,20950.2,20957.7,20948.8,20954.8,
2023-12-12T14:05:00+05:30,20954.6,20955,20950.7,20952.7,
2023-12-12T14:06:00+05:30,20950.8,20953.2,20949.3,20952.1,
2023-12-12T14:07:00+05:30,20952.4,20954.4,20948.6,20950.8,
2023-12-12T14:08:00+05:30,20950.2,20951.7,20947.9,20951.7,
2023-12-12T14:09:00+05:30,20951.2,20952.7,20949.2,20952.7,
2023-12-12T14:10:00+05:30,20951.8,20954.3,20949.9,20953.8,
2023-12-12T14:11:00+05:30,20953.3,20958.8,20951.8,20956.9,
2023-12-12T14:12:00+05:30,20955.6,20958.7,20953.3,20955.2,
2023-12-12T14:13:00+05:30,20954.8,20956.1,20950.2,20950.8,
2023-12-12T14:14:00+05:30,20950.3,20951,20937.8,20941,
2023-12-12T14:15:00+05:30,20939.9,20942.5,20934.8,20936.2,
2023-12-12T14:16:00+05:30,20935.4,20940.1,20933.7,20939,
2023-12-12T14:17:00+05:30,20938.7,20942.2,20937.1,20942.2,
2023-12-12T14:18:00+05:30,20942.2,20947,20940.4,20944.8,
2023-12-12T14:19:00+05:30,20944.6,20946.7,20939.5,20943.9,
2023-12-12T14:20:00+05:30,20943.3,20944.8,20941.4,20943.5,
2023-12-12T14:21:00+05:30,20943,20946.5,20939.7,20941.8,
2023-12-12T14:22:00+05:30,20942.7,20943.7,20937.3,20940.5,
2023-12-12T14:23:00+05:30,20940.3,20940.3,20932.5,20936,
2023-12-12T14:24:00+05:30,20935.3,20938,20932,20932.8,
2023-12-12T14:25:00+05:30,20932.7,20938.3,20929,20938.3,
2023-12-12T14:26:00+05:30,20936.8,20941.2,20936,20938.7,
2023-12-12T14:27:00+05:30,20938.8,20940.2,20934.9,20937.3,
2023-12-12T14:28:00+05:30,20937.2,20939.4,20935.2,20936.3,
2023-12-12T14:29:00+05:30,20936.3,20936.7,20928.2,20930.6,
2023-12-12T14:30:00+05:30,20930.2,20934,20927.5,20932.7,
2023-12-12T14:31:00+05:30,20933.9,20937.1,20932.2,20936.8,
2023-12-12T14:32:00+05:30,20936.3,20939.3,20934.6,20938,
2023-12-12T14:33:00+05:30,20936.8,20939.4,20934.2,20939.4,
2023-12-12T14:34:00+05:30,20939.2,20939.2,20931.5,20933.2,
2023-12-12T14:35:00+05:30,20932.9,20933.3,20930,20931.8,
2023-12-12T14:36:00+05:30,20931,20931.2,20919.8,20922.8,
2023-12-12T14:37:00+05:30,20922.1,20922.6,20916,20919,
2023-12-12T14:38:00+05:30,20918.8,20919,20911.2,20913.5,
2023-12-12T14:39:00+05:30,20912.2,20913.7,20909.1,20912.8,
2023-12-12T14:40:00+05:30,20915.2,20916.2,20910.7,20916.2,
2023-12-12T14:41:00+05:30,20914.7,20916.5,20905.2,20909.2,
2023-12-12T14:42:00+05:30,20908,20908,20895.4,20897,
2023-12-12T14:43:00+05:30,20894.5,20897.7,20891.7,20896,
2023-12-12T14:44:00+05:30,20895.8,20896,20884.7,20891.1,
2023-12-12T14:45:00+05:30,20890.1,20897.5,20884.3,20897.5,
2023-12-12T14:46:00+05:30,20895.8,20897.4,20892.5,20894,
2023-12-12T14:47:00+05:30,20893.7,20895,20890.8,20893.4,
2023-12-12T14:48:00+05:30,20893.5,20893.5,20885.8,20887.8,
2023-12-12T14:49:00+05:30,20886.2,20888.2,20880.5,20884,
2023-12-12T14:50:00+05:30,20882.9,20886.5,20878.9,20880.5,
2023-12-12T14:51:00+05:30,20880.3,20882.9,20876.1,20879,
2023-12-12T14:52:00+05:30,20879,20881.2,20869.2,20869.3,
2023-12-12T14:53:00+05:30,20869.3,20886.1,20867.2,20885.8,
2023-12-12T14:54:00+05:30,20885.5,20887.3,20878.2,20880.5,
2023-12-12T14:55:00+05:30,20880.1,20882,20878.7,20881.2,
2023-12-12T14:56:00+05:30,20880.4,20882,20871.3,20872.5,
2023-12-12T14:57:00+05:30,20871.8,20879,20871,20878.2,
2023-12-12T14:58:00+05:30,20878,20882.7,20878,20881.3,
2023-12-12T14:59:00+05:30,20881.1,20887,20877.8,20886,
2023-12-12T15:00:00+05:30,20884.8,20901.1,20884.8,20901.1,
2023-12-12T15:01:00+05:30,20900.5,20904.7,20896.5,20904.5,
2023-12-12T15:02:00+05:30,20904.6,20904.6,20899.2,20903.9,
2023-12-12T15:03:00+05:30,20904.1,20904.7,20896.7,20900.8,
2023-12-12T15:04:00+05:30,20900.3,20906.2,20900.3,20905,
2023-12-12T15:05:00+05:30,20905.8,20913.7,20903.7,20912.8,
2023-12-12T15:06:00+05:30,20911.5,20918,20911.5,20918,
2023-12-12T15:07:00+05:30,20918.2,20918.3,20914.5,20916.4,
2023-12-12T15:08:00+05:30,20916.5,20918.9,20913.1,20914.8,
2023-12-12T15:09:00+05:30,20914.7,20915.7,20909.4,20912.2,
2023-12-12T15:10:00+05:30,20914.2,20915.1,20909.8,20910.4,
2023-12-12T15:11:00+05:30,20910.8,20913.5,20902.7,20903.7,
2023-12-12T15:12:00+05:30,20901.8,20906.3,20899.9,20900.7,
2023-12-12T15:13:00+05:30,20901.7,20905,20899.3,20904.4,
2023-12-12T15:14:00+05:30,20903.8,20908.4,20902.5,20903.2,
2023-12-12T15:15:00+05:30,20903.2,20905.4,20900,20903.5,
2023-12-12T15:16:00+05:30,20902.9,20906,20901.2,20905,
2023-12-12T15:17:00+05:30,20904.3,20909,20904.3,20907.7,
2023-12-12T15:18:00+05:30,20907.2,20909.8,20906,20907.7,
2023-12-12T15:19:00+05:30,20906.8,20911.2,20906.8,20910.5,
2023-12-12T15:20:00+05:30,20910.8,20913.3,20905.2,20905.6,
2023-12-12T15:21:00+05:30,20907,20910.5,20905.7,20910.5,
2023-12-12T15:22:00+05:30,20910.9,20911.6,20907,20909.3,
2023-12-12T15:23:00+05:30,20909.6,20912.8,20907,20911.2,
2023-12-12T15:24:00+05:30,20911.3,20911.7,20906.6,20908.4,
2023-12-12T15:25:00+05:30,20908.8,20910.8,20906.1,20908.5,
2023-12-12T15:26:00+05:30,20908.6,20909,20902.9,20906.1,
2023-12-12T15:27:00+05:30,20905.1,20906.9,20898.3,20900.7,
2023-12-12T15:28:00+05:30,20901.2,20905.8,20899.5,20901.6,
2023-12-12T15:29:00+05:30,20901.5,20904.3,20896.9,20900.4,
2023-12-13T09:15:00+05:30,20929.8,20936,20891.2,20896.2,
2023-12-13T09:16:00+05:30,20895,20895,20881.4,20889.7,
2023-12-13T09:17:00+05:30,20888.4,20899.5,20884.1,20896.9,
2023-12-13T09:18:00+05:30,20897.4,20905.7,20884.5,20884.5,
2023-12-13T09:19:00+05:30,20883.8,20892.2,20883.8,20887,
2023-12-13T09:20:00+05:30,20884.7,20897.2,20884.7,20891,
2023-12-13T09:21:00+05:30,20891.5,20891.5,20879.3,20881,
2023-12-13T09:22:00+05:30,20879.8,20884,20877.3,20877.3,
2023-12-13T09:23:00+05:30,20879.3,20885.8,20878.4,20878.8,
2023-12-13T09:24:00+05:30,20878.4,20886,20878.4,20882.5,
2023-12-13T09:25:00+05:30,20883.2,20896.4,20882.1,20892.8,
2023-12-13T09:26:00+05:30,20892.5,20896.5,20889.6,20892.2,
2023-12-13T09:27:00+05:30,20895,20907,20895,20904.6,
2023-12-13T09:28:00+05:30,20905.3,20910.8,20903,20908,
2023-12-13T09:29:00+05:30,20908,20915.3,20906.7,20913.8,
2023-12-13T09:30:00+05:30,20914.8,20917.7,20909.5,20914.8,
2023-12-13T09:31:00+05:30,20914.1,20914.1,20908.2,20908.4,
2023-12-13T09:32:00+05:30,20908.7,20908.7,20899.7,20900.5,
2023-12-13T09:33:00+05:30,20900.8,20900.8,20891.2,20893.7,
2023-12-13T09:34:00+05:30,20893.5,20894,20884.8,20886.7,
2023-12-13T09:35:00+05:30,20886.2,20898.7,20884.4,20898.2,
2023-12-13T09:36:00+05:30,20897.6,20899.5,20895.5,20896.5,
2023-12-13T09:37:00+05:30,20896,20896,20881.2,20888.2,
2023-12-13T09:38:00+05:30,20888.2,20892.5,20886.3,20891,
2023-12-13T09:39:00+05:30,20891,20896,20889.5,20894,
2023-12-13T09:40:00+05:30,20894.2,20898.2,20892.5,20896.5,
2023-12-13T09:41:00+05:30,20896,20896.8,20889.9,20889.9,
2023-12-13T09:42:00+05:30,20888.8,20892.2,20887.8,20889,
2023-12-13T09:43:00+05:30,20888,20889,20882.1,20883.3,
2023-12-13T09:44:00+05:30,20882.6,20889.7,20878.7,20889.7,
2023-12-13T09:45:00+05:30,20888,20893.9,20878.2,20880,
2023-12-13T09:46:00+05:30,20880,20886.1,20879.3,20885.3,
2023-12-13T09:47:00+05:30,20885.2,20892,20885.2,20888,
2023-12-13T09:48:00+05:30,20888.2,20888.2,20883.3,20885,
2023-12-13T09:49:00+05:30,20885.9,20885.9,20882.4,20883.4,
2023-12-13T09:50:00+05:30,20883.7,20886,20883,20884.8,
2023-12-13T09:51:00+05:30,20884.8,20884.8,20873.4,20875,
2023-12-13T09:52:00+05:30,20874.9,20876.3,20865.5,20868.2,
2023-12-13T09:53:00+05:30,20868.1,20870.5,20864.5,20869,
2023-12-13T09:54:00+05:30,20869.7,20869.7,20857,20862,
2023-12-13T09:55:00+05:30,20862.5,20862.5,20849.7,20852,
2023-12-13T09:56:00+05:30,20852.6,20853,20846,20848.7,
2023-12-13T09:57:00+05:30,20848,20848.8,20840.8,20844,
2023-12-13T09:58:00+05:30,20844.2,20844.7,20835,20839.2,
2023-12-13T09:59:00+05:30,20839.5,20842.7,20830.3,20832.5,
2023-12-13T10:00:00+05:30,20832.8,20836,20832.3,20833.8,
2023-12-13T10:01:00+05:30,20834.7,20841.2,20827,20828.2,
2023-12-13T10:02:00+05:30,20827.5,20828.7,20819.8,20827.4,
2023-12-13T10:03:00+05:30,20829.2,20835.2,20828.4,20834.8,
2023-12-13T10:04:00+05:30,20834.5,20837.8,20828.7,20836,
2023-12-13T10:05:00+05:30,20835.7,20836.3,20831.7,20833.5,
2023-12-13T10:06:00+05:30,20833.8,20842.4,20833,20842.3,
2023-12-13T10:07:00+05:30,20842.3,20846.8,20840.4,20846.8,
2023-12-13T10:08:00+05:30,20846.7,20849.8,20842.9,20847.9,
2023-12-13T10:09:00+05:30,20847.3,20853,20847.3,20849.2,
2023-12-13T10:10:00+05:30,20848.9,20851,20844,20844.4,
2023-12-13T10:11:00+05:30,20844.8,20844.8,20838.8,20841.4,
2023-12-13T10:12:00+05:30,20841.5,20851.1,20840.5,20851.1,
2023-12-13T10:13:00+05:30,20850,20852.4,20848,20852,
2023-12-13T10:14:00+05:30,20851.5,20851.5,20848,20850.7,
2023-12-13T10:15:00+05:30,20850.5,20851.2,20840.8,20840.8,
2023-12-13T10:16:00+05:30,20841,20843.8,20839.5,20843.8,
2023-12-13T10:17:00+05:30,20843.5,20846.8,20842,20842,
2023-12-13T10:18:00+05:30,20843.2,20845.2,20842,20844.8,
2023-12-13T10:19:00+05:30,20845,20846.5,20839.9,20842.8,
2023-12-13T10:20:00+05:30,20843,20843,20834.9,20837.5,
2023-12-13T10:21:00+05:30,20838.8,20838.8,20834.7,20836.3,
2023-12-13T10:22:00+05:30,20835.8,20835.8,20824,20824,
2023-12-13T10:23:00+05:30,20826.5,20826.7,20818.8,20819.4,
2023-12-13T10:24:00+05:30,20821.7,20823.7,20810.3,20815.3,
2023-12-13T10:25:00+05:30,20815.7,20817.8,20812.2,20816.4,
2023-12-13T10:26:00+05:30,20815.3,20821.5,20815.3,20821.5,
2023-12-13T10:27:00+05:30,20821,20824,20818.3,20820.9,
2023-12-13T10:28:00+05:30,20821,20824.4,20819.4,20820.7,
2023-12-13T10:29:00+05:30,20820.4,20820.7,20813.5,20819.2,
2023-12-13T10:30:00+05:30,20819.7,20821.5,20813,20813.2,
2023-12-13T10:31:00+05:30,20813.1,20821.8,20811.7,20820.9,
2023-12-13T10:32:00+05:30,20821.5,20823.3,20820.3,20821.7,
2023-12-13T10:33:00+05:30,20822.2,20823.2,20818.2,20818.7,
2023-12-13T10:34:00+05:30,20819.5,20819.5,20809.2,20810,
2023-12-13T10:35:00+05:30,20810.7,20812.1,20808.6,20810.7,
2023-12-13T10:36:00+05:30,20811.2,20811.2,20807.4,20808.5,
2023-12-13T10:37:00+05:30,20809,20813.5,20808.2,20811.8,
2023-12-13T10:38:00+05:30,20812.2,20813.2,20808.5,20809.3,
2023-12-13T10:39:00+05:30,20809.6,20810.4,20804,20804.4,
2023-12-13T10:40:00+05:30,20805.1,20807.2,20805,20806,
2023-12-13T10:41:00+05:30,20806.3,20806.3,20801.2,20804.2,
2023-12-13T10:42:00+05:30,20804.3,20810,20803.2,20810,
2023-12-13T10:43:00+05:30,20809.5,20813.4,20808.2,20812.9,
2023-12-13T10:44:00+05:30,20812.5,20820.5,20812.2,20820.5,
2023-12-13T10:45:00+05:30,20819.2,20819.5,20813.5,20816.1,
2023-12-13T10:46:00+05:30,20816.2,20819.3,20815.1,20816.5,
2023-12-13T10:47:00+05:30,20816.9,20818.8,20815.2,20818.5,
2023-12-13T10:48:00+05:30,20817.7,20817.7,20812.3,20812.8,
2023-12-13T10:49:00+05:30,20811.8,20814.8,20810.9,20814,
2023-12-13T10:50:00+05:30,20813.7,20815,20808.9,20809.3,
2023-12-13T10:51:00+05:30,20808.8,20810,20807.1,20808,
2023-12-13T10:52:00+05:30,20808.2,20814.3,20808.2,20813.7,
2023-12-13T10:53:00+05:30,20813.3,20815.1,20812,20813,
2023-12-13T10:54:00+05:30,20814.2,20818.7,20812.8,20816.6,
2023-12-13T10:55:00+05:30,20816.5,20816.5,20813.7,20813.7,
2023-12-13T10:56:00+05:30,20813.8,20821,20813.1,20821,
2023-12-13T10:57:00+05:30,20821.5,20821.8,20817.9,20819.8,
2023-12-13T10:58:00+05:30,20819,20832.5,20819,20829.3,
2023-12-13T10:59:00+05:30,20829.2,20836.3,20828.8,20835.2,
2023-12-13T11:00:00+05:30,20835.1,20837.8,20832.7,20832.7,
2023-12-13T11:01:00+05:30,20833,20840.2,20831.6,20838,
2023-12-13T11:02:00+05:30,20839,20848.7,20834.5,20847.3,
2023-12-13T11:03:00+05:30,20846.7,20849.2,20841.5,20842.5,
2023-12-13T11:04:00+05:30,20842.7,20842.8,20834.8,20836.5,
2023-12-13T11:05:00+05:30,20836.5,20836.5,20831,20836.5,
2023-12-13T11:06:00+05:30,20837.1,20840,20835.5,20838.5,
2023-12-13T11:07:00+05:30,20839,20842.5,20837.7,20838.2,
2023-12-13T11:08:00+05:30,20838,20838.5,20827,20827.3,
2023-12-13T11:09:00+05:30,20826.9,20827.3,20822.2,20823.8,
2023-12-13T11:10:00+05:30,20824,20832,20823,20829.4,
2023-12-13T11:11:00+05:30,20829.6,20831.4,20827.2,20831.4,
2023-12-13T11:12:00+05:30,20831,20833.6,20829,20831.8,
2023-12-13T11:13:00+05:30,20831.7,20833.3,20830.8,20830.8,
2023-12-13T11:14:00+05:30,20831.2,20833.7,20829.8,20831.3,
2023-12-13T11:15:00+05:30,20831.4,20832.2,20828.7,20829.7,
2023-12-13T11:16:00+05:30,20830,20830.2,20826.6,20827.1,
2023-12-13T11:17:00+05:30,20827.5,20828.2,20826,20826.5,
2023-12-13T11:18:00+05:30,20826.3,20826.9,20821.2,20822.5,
2023-12-13T11:19:00+05:30,20822.2,20822.5,20814.2,20814.4,
2023-12-13T11:20:00+05:30,20814.6,20816.6,20811,20812,
2023-12-13T11:21:00+05:30,20811.7,20817.8,20811.2,20817.6,
2023-12-13T11:22:00+05:30,20817.5,20820.8,20817.3,20819.8,
2023-12-13T11:23:00+05:30,20819.5,20822.5,20818.3,20821.9,
2023-12-13T11:24:00+05:30,20822.8,20822.8,20817.4,20818.2,
2023-12-13T11:25:00+05:30,20818.3,20818.3,20815.7,20817,
2023-12-13T11:26:00+05:30,20816.7,20817.2,20813.2,20814.4,
2023-12-13T11:27:00+05:30,20815,20817.6,20814.6,20815.5,
2023-12-13T11:28:00+05:30,20815.2,20816.4,20812,20812.5,
2023-12-13T11:29:00+05:30,20812.3,20813.8,20811.5,20811.8,
2023-12-13T11:30:00+05:30,20812.5,20813.9,20811,20813.5,
2023-12-13T11:31:00+05:30,20813.2,20815.2,20812.9,20815.1,
2023-12-13T11:32:00+05:30,20815,20815,20807.3,20807.6,
2023-12-13T11:33:00+05:30,20808,20808,20801,20806,
2023-12-13T11:34:00+05:30,20805.3,20806.7,20791.7,20793.1,
2023-12-13T11:35:00+05:30,20791.5,20793.7,20779.4,20784.6,
2023-12-13T11:36:00+05:30,20785.2,20786.4,20779,20784.9,
2023-12-13T11:37:00+05:30,20785.5,20786.7,20778.5,20782.8,
2023-12-13T11:38:00+05:30,20782.9,20784.2,20780,20783.3,
2023-12-13T11:39:00+05:30,20784.6,20784.6,20780.5,20783,
2023-12-13T11:40:00+05:30,20783.1,20784,20773.5,20780.8,
2023-12-13T11:41:00+05:30,20780.5,20787.5,20780.5,20786.2,
2023-12-13T11:42:00+05:30,20786.5,20787.8,20783.5,20787.1,
2023-12-13T11:43:00+05:30,20787.4,20790.5,20787,20787.8,
2023-12-13T11:44:00+05:30,20788.2,20792.3,20788,20791.5,
2023-12-13T11:45:00+05:30,20791.5,20792.5,20790.5,20791.9,
2023-12-13T11:46:00+05:30,20792.1,20793.4,20791.7,20792.8,
2023-12-13T11:47:00+05:30,20792.8,20796.8,20792.6,20796.1,
2023-12-13T11:48:00+05:30,20796.1,20797.6,20795.8,20797.2,
2023-12-13T11:49:00+05:30,20797.2,20797.2,20791.3,20791.9,
2023-12-13T11:50:00+05:30,20792.3,20797,20792.3,20795.9,
2023-12-13T11:51:00+05:30,20796.4,20797,20792.5,20792.9,
2023-12-13T11:52:00+05:30,20792.5,20793,20790.8,20792.7,
2023-12-13T11:53:00+05:30,20792.8,20794.3,20791.9,20794,
2023-12-13T11:54:00+05:30,20794,20794.2,20785.8,20786.2,
2023-12-13T11:55:00+05:30,20786.6,20787.7,20784.7,20786.3,
2023-12-13T11:56:00+05:30,20786.4,20788.8,20786,20788.4,
2023-12-13T11:57:00+05:30,20788.3,20788.7,20785.9,20785.9,
2023-12-13T11:58:00+05:30,20785.9,20786,20783.8,20784.5,
2023-12-13T11:59:00+05:30,20784.5,20786.6,20783.5,20786.2,
2023-12-13T12:00:00+05:30,20786.6,20786.8,20781,20781.1,
2023-12-13T12:01:00+05:30,20780.7,20785.8,20778.5,20785.8,
2023-12-13T12:02:00+05:30,20785.4,20791.5,20785.2,20791,
2023-12-13T12:03:00+05:30,20791,20791.7,20788.2,20788.2,
2023-12-13T12:04:00+05:30,20788.8,20790.4,20788.8,20789.3,
2023-12-13T12:05:00+05:30,20789,20791,20787.4,20789.7,
2023-12-13T12:06:00+05:30,20789.2,20791,20787.5,20787.6,
2023-12-13T12:07:00+05:30,20787.6,20790.4,20787.2,20789.2,
2023-12-13T12:08:00+05:30,20789.5,20790.8,20789,20789.3,
2023-12-13T12:09:00+05:30,20788.9,20794,20788.9,20793.2,
2023-12-13T12:10:00+05:30,20793.8,20793.8,20790.7,20790.7,
2023-12-13T12:11:00+05:30,20791,20791,20785.3,20786.3,
2023-12-13T12:12:00+05:30,20785.6,20786.3,20781.8,20781.8,
2023-12-13T12:13:00+05:30,20783.1,20786.4,20782.2,20785.8,
2023-12-13T12:14:00+05:30,20785.5,20786.2,20784,20784.3,
2023-12-13T12:15:00+05:30,20782,20784,20778.6,20782.2,
2023-12-13T12:16:00+05:30,20781.4,20781.6,20775.1,20781,
2023-12-13T12:17:00+05:30,20780.8,20780.8,20771.2,20776.8,
2023-12-13T12:18:00+05:30,20776.3,20777.7,20774,20777.7,
2023-12-13T12:19:00+05:30,20777.5,20777.5,20769.5,20771,
2023-12-13T12:20:00+05:30,20771.2,20776.6,20770.6,20776.6,
2023-12-13T12:21:00+05:30,20776,20776.5,20769.8,20770.5,
2023-12-13T12:22:00+05:30,20770.8,20774.5,20770.2,20774.3,
2023-12-13T12:23:00+05:30,20774,20775.1,20773.3,20774,
2023-12-13T12:24:00+05:30,20773.8,20777.2,20773.8,20776.8,
2023-12-13T12:25:00+05:30,20776.4,20779.1,20775.9,20777.4,
2023-12-13T12:26:00+05:30,20777.5,20780,20777.3,20777.5,
2023-12-13T12:27:00+05:30,20777.5,20781,20777.3,20778.9,
2023-12-13T12:28:00+05:30,20779,20779.8,20777.1,20777.3,
2023-12-13T12:29:00+05:30,20777.3,20777.3,20772.1,20773.8,
2023-12-13T12:30:00+05:30,20773.2,20777.2,20772,20776,
2023-12-13T12:31:00+05:30,20775.5,20778.2,20774.6,20775.1,
2023-12-13T12:32:00+05:30,20775,20775.3,20772,20773.2,
2023-12-13T12:33:00+05:30,20773.5,20775.5,20773.5,20773.8,
2023-12-13T12:34:00+05:30,20774,20777.8,20773.8,20777.2,
2023-12-13T12:35:00+05:30,20776.9,20782.8,20776.2,20781.6,
2023-12-13T12:36:00+05:30,20782,20787.5,20782,20784.8,
2023-12-13T12:37:00+05:30,20784.7,20787,20784,20787,
2023-12-13T12:38:00+05:30,20787,20789.3,20785.5,20789.3,
2023-12-13T12:39:00+05:30,20788.9,20792.1,20788.9,20789.8,
2023-12-13T12:40:00+05:30,20790.2,20792.4,20789.2,20790,
2023-12-13T12:41:00+05:30,20790,20791.2,20788.8,20790.7,
2023-12-13T12:42:00+05:30,20791,20793.5,20790.5,20791.7,
2023-12-13T12:43:00+05:30,20791.7,20792.2,20788.2,20788.4,
2023-12-13T12:44:00+05:30,20789.1,20789.9,20786.7,20788.4,
2023-12-13T12:45:00+05:30,20788.8,20791.8,20788.2,20791.2,
2023-12-13T12:46:00+05:30,20791.5,20803,20791.2,20803,
2023-12-13T12:47:00+05:30,20802.3,20805.4,20801.5,20801.5,
2023-12-13T12:48:00+05:30,20802.7,20808.8,20802.7,20808.6,
2023-12-13T12:49:00+05:30,20809.1,20810.4,20807,20807.7,
2023-12-13T12:50:00+05:30,20807.6,20810.3,20807.1,20808.8,
2023-12-13T12:51:00+05:30,20807.8,20807.8,20801.2,20801.5,
2023-12-13T12:52:00+05:30,20802,20809.5,20802,20808.7,
2023-12-13T12:53:00+05:30,20808.8,20813.2,20807.2,20808.7,
2023-12-13T12:54:00+05:30,20808.2,20809.6,20804.5,20807.2,
2023-12-13T12:55:00+05:30,20807.6,20809,20803.2,20803.2,
2023-12-13T12:56:00+05:30,20803.5,20809,20803.5,20808.3,
2023-12-13T12:57:00+05:30,20808,20809.3,20806.7,20808.8,
2023-12-13T12:58:00+05:30,20809,20820.8,20808.2,20818,
2023-12-13T12:59:00+05:30,20817.8,20826,20817.8,20825.3,
2023-12-13T13:00:00+05:30,20825.2,20828,20822.8,20823.5,
2023-12-13T13:01:00+05:30,20823,20823.6,20818.8,20818.8,
2023-12-13T13:02:00+05:30,20819.2,20827.4,20818.1,20827,
2023-12-13T13:03:00+05:30,20826.8,20827.6,20824.9,20825.3,
2023-12-13T13:04:00+05:30,20825.6,20832,20823.8,20830.8,
2023-12-13T13:05:00+05:30,20830.6,20832.2,20828.2,20830.5,
2023-12-13T13:06:00+05:30,20830.5,20833,20828.3,20830.3,
2023-12-13T13:07:00+05:30,20830.5,20831,20824.5,20825,
2023-12-13T13:08:00+05:30,20824.5,20827.4,20823.5,20826.9,
2023-12-13T13:09:00+05:30,20827.2,20828.2,20825,20825.8,
2023-12-13T13:10:00+05:30,20825,20828,20822.8,20823.2,
2023-12-13T13:11:00+05:30,20823.5,20825,20822,20824.2,
2023-12-13T13:12:00+05:30,20823.8,20824.6,20820.7,20820.7,
2023-12-13T13:13:00+05:30,20821.2,20823.2,20820,20822.7,
2023-12-13T13:14:00+05:30,20822.9,20823.8,20819,20819.7,
2023-12-13T13:15:00+05:30,20820,20824.7,20819.3,20824.5,
2023-12-13T13:16:00+05:30,20824.3,20829.9,20824.2,20829.9,
2023-12-13T13:17:00+05:30,20830.4,20836.9,20829.2,20834.8,
2023-12-13T13:18:00+05:30,20835,20842,20835,20841,
2023-12-13T13:19:00+05:30,20841.3,20843,20838.7,20839.8,
2023-12-13T13:20:00+05:30,20839.8,20843,20839.3,20842.3,
2023-12-13T13:21:00+05:30,20842.9,20844.8,20835.6,20837,
2023-12-13T13:22:00+05:30,20837.8,20837.8,20832.2,20834.6,
2023-12-13T13:23:00+05:30,20835,20837.8,20834.2,20835,
2023-12-13T13:24:00+05:30,20834.9,20836.7,20832.2,20834.1,
2023-12-13T13:25:00+05:30,20834.2,20834.2,20824.9,20825.7,
2023-12-13T13:26:00+05:30,20825.3,20827.2,20822.2,20827,
2023-12-13T13:27:00+05:30,20827.2,20833.5,20827.2,20828.8,
2023-12-13T13:28:00+05:30,20828.8,20830,20827.1,20828.3,
2023-12-13T13:29:00+05:30,20828.1,20832.2,20827.2,20832,
2023-12-13T13:30:00+05:30,20831.7,20837,20831.7,20835.8,
2023-12-13T13:31:00+05:30,20835.7,20838.1,20833,20837.6,
2023-12-13T13:32:00+05:30,20838.5,20839.6,20837,20837,
2023-12-13T13:33:00+05:30,20837.1,20841.5,20837,20841.2,
2023-12-13T13:34:00+05:30,20841,20841.9,20836.4,20837.5,
2023-12-13T13:35:00+05:30,20837.5,20845.8,20837.2,20845,
2023-12-13T13:36:00+05:30,20845,20848.7,20844.8,20845,
2023-12-13T13:37:00+05:30,20845.4,20849.1,20845.2,20848,
2023-12-13T13:38:00+05:30,20848.5,20853,20848.2,20852.7,
2023-12-13T13:39:00+05:30,20852.6,20861,20852.6,20860,
2023-12-13T13:40:00+05:30,20860.5,20863.5,20860,20861.8,
2023-12-13T13:41:00+05:30,20861.5,20867.7,20860.2,20862.5,
2023-12-13T13:42:00+05:30,20864.2,20865,20861,20862,
2023-12-13T13:43:00+05:30,20863.3,20867.3,20863.3,20865.2,
2023-12-13T13:44:00+05:30,20865.2,20873.5,20865.2,20869.2,
2023-12-13T13:45:00+05:30,20869.2,20874.5,20868.9,20871.4,
2023-12-13T13:46:00+05:30,20871,20871.8,20864.6,20866.3,
2023-12-13T13:47:00+05:30,20867,20867,20861.2,20863,
2023-12-13T13:48:00+05:30,20863.4,20864.5,20861.6,20862,
2023-12-13T13:49:00+05:30,20862.3,20862.3,20857.1,20861.6,
2023-12-13T13:50:00+05:30,20861.4,20862.3,20858.6,20861.2,
2023-12-13T13:51:00+05:30,20861.4,20866.6,20860.6,20866.6,
2023-12-13T13:52:00+05:30,20866.8,20868.6,20866,20868.2,
2023-12-13T13:53:00+05:30,20868.5,20872.3,20868.5,20871.5,
2023-12-13T13:54:00+05:30,20872.8,20882.4,20872.2,20881.8,
2023-12-13T13:55:00+05:30,20881.2,20881.2,20874.5,20874.5,
2023-12-13T13:56:00+05:30,20874.8,20875.5,20870.9,20873,
2023-12-13T13:57:00+05:30,20873,20876.7,20872.1,20874.5,
2023-12-13T13:58:00+05:30,20874.5,20877.8,20874.5,20877.8,
2023-12-13T13:59:00+05:30,20877.7,20877.7,20871.9,20873.8,
2023-12-13T14:00:00+05:30,20873.4,20882.5,20873.4,20881.2,
2023-12-13T14:01:00+05:30,20881.5,20883.7,20879.3,20883,
2023-12-13T14:02:00+05:30,20882.3,20886.3,20881.8,20886,
2023-12-13T14:03:00+05:30,20886.5,20889,20885.5,20885.7,
2023-12-13T14:04:00+05:30,20885.7,20890.5,20885.5,20890,
2023-12-13T14:05:00+05:30,20889.7,20892.5,20887.9,20890.8,
2023-12-13T14:06:00+05:30,20890.8,20892.8,20890.8,20891,
2023-12-13T14:07:00+05:30,20891.3,20895.7,20890.2,20893.2,
2023-12-13T14:08:00+05:30,20893.2,20895.3,20892.5,20893.8,
2023-12-13T14:09:00+05:30,20894.5,20899.8,20893.2,20893.2,
2023-12-13T14:10:00+05:30,20893.3,20895.3,20891.2,20891.5,
2023-12-13T14:11:00+05:30,20891.8,20892.6,20887.5,20888,
2023-12-13T14:12:00+05:30,20888.5,20889.3,20882.8,20882.8,
2023-12-13T14:13:00+05:30,20883.1,20884.3,20880.2,20881.5,
2023-12-13T14:14:00+05:30,20882.3,20884.3,20882.2,20884.2,
2023-12-13T14:15:00+05:30,20884.8,20887.4,20883.9,20886.2,
2023-12-13T14:16:00+05:30,20886,20886.9,20883.6,20884.9,
2023-12-13T14:17:00+05:30,20884.8,20885.5,20874.3,20875,
2023-12-13T14:18:00+05:30,20875.5,20876.3,20865.8,20868.7,
2023-12-13T14:19:00+05:30,20868.7,20876.2,20868.7,20874,
2023-12-13T14:20:00+05:30,20873.5,20873.5,20869.5,20872.3,
2023-12-13T14:21:00+05:30,20873.2,20877.2,20873.2,20875.3,
2023-12-13T14:22:00+05:30,20875.8,20876,20869.6,20873.7,
2023-12-13T14:23:00+05:30,20868.8,20871.5,20862.3,20864.2,
2023-12-13T14:24:00+05:30,20864.2,20867.9,20863,20863.2,
2023-12-13T14:25:00+05:30,20863.2,20868.2,20861.5,20868.2,
2023-12-13T14:26:00+05:30,20868.7,20869.5,20867,20869.5,
2023-12-13T14:27:00+05:30,20869.5,20877.2,20869.5,20873.9,
2023-12-13T14:28:00+05:30,20874,20875.8,20871.9,20875.8,
2023-12-13T14:29:00+05:30,20875.8,20879.2,20874.6,20876.9,
2023-12-13T14:30:00+05:30,20876.1,20884.5,20875.9,20884.5,
2023-12-13T14:31:00+05:30,20884.4,20887.8,20884,20884,
2023-12-13T14:32:00+05:30,20883.2,20884.2,20877,20877,
2023-12-13T14:33:00+05:30,20877.5,20877.7,20872.2,20872.5,
2023-12-13T14:34:00+05:30,20873,20875,20869.8,20872,
2023-12-13T14:35:00+05:30,20871.8,20874.8,20870.5,20871.4,
2023-12-13T14:36:00+05:30,20871.7,20873.2,20862.7,20864,
2023-12-13T14:37:00+05:30,20864.5,20869.2,20863.3,20865.3,
2023-12-13T14:38:00+05:30,20865,20867.3,20862.8,20867.2,
2023-12-13T14:39:00+05:30,20867.5,20869.3,20867.1,20867.5,
2023-12-13T14:40:00+05:30,20867.8,20869.3,20864.4,20865.5,
2023-12-13T14:41:00+05:30,20863.9,20866.5,20859.4,20859.7,
2023-12-13T14:42:00+05:30,20859.8,20860.5,20853,20854,
2023-12-13T14:43:00+05:30,20853.8,20858.2,20851.7,20858.2,
2023-12-13T14:44:00+05:30,20858.5,20859,20853.8,20856,
2023-12-13T14:45:00+05:30,20856.4,20863.7,20855.7,20861.8,
2023-12-13T14:46:00+05:30,20861.6,20863.3,20858.8,20861.7,
2023-12-13T14:47:00+05:30,20860.3,20863.5,20859.7,20860.2,
2023-12-13T14:48:00+05:30,20859.2,20864,20857.6,20862.3,
2023-12-13T14:49:00+05:30,20863.9,20864.3,20860.5,20862.2,
2023-12-13T14:50:00+05:30,20862.3,20865.4,20862.3,20864.3,
2023-12-13T14:51:00+05:30,20864.3,20867.2,20864.3,20866,
2023-12-13T14:52:00+05:30,20866.6,20869.5,20866.3,20869,
2023-12-13T14:53:00+05:30,20868.9,20869.7,20866.8,20866.8,
2023-12-13T14:54:00+05:30,20867,20870.2,20866.7,20869.9,
2023-12-13T14:55:00+05:30,20869.5,20877.8,20869.5,20875.8,
2023-12-13T14:56:00+05:30,20875.5,20880.3,20875.5,20879.8,
2023-12-13T14:57:00+05:30,20879.5,20885,20878.9,20884.5,
2023-12-13T14:58:00+05:30,20884.5,20886.7,20883.7,20885.3,
2023-12-13T14:59:00+05:30,20884.5,20885.9,20879.1,20880.5,
2023-12-13T15:00:00+05:30,20878.6,20887.8,20878.6,20887.8,
2023-12-13T15:01:00+05:30,20888,20901,20888,20901,
2023-12-13T15:02:00+05:30,20901,20907.5,20901,20907.5,
2023-12-13T15:03:00+05:30,20909.2,20916.6,20908,20908,
2023-12-13T15:04:00+05:30,20908.2,20917,20908.2,20917,
2023-12-13T15:05:00+05:30,20916.8,20919.8,20915.8,20919.7,
2023-12-13T15:06:00+05:30,20920.2,20924.2,20919.6,20919.6,
2023-12-13T15:07:00+05:30,20920.2,20922,20918.2,20920.1,
2023-12-13T15:08:00+05:30,20920.3,20921.2,20916.8,20917.8,
2023-12-13T15:09:00+05:30,20918.5,20927.6,20918.5,20927,
2023-12-13T15:10:00+05:30,20927.8,20928.8,20921.7,20923,
2023-12-13T15:11:00+05:30,20923,20934,20921.9,20933.5,
2023-12-13T15:12:00+05:30,20932.8,20934.1,20929.2,20929.7,
2023-12-13T15:13:00+05:30,20929.5,20930.6,20923.2,20924.5,
2023-12-13T15:14:00+05:30,20925,20926,20922.3,20924.2,
2023-12-13T15:15:00+05:30,20924.8,20928,20921.5,20926.8,
2023-12-13T15:16:00+05:30,20927.8,20928.9,20924.7,20926,
2023-12-13T15:17:00+05:30,20926,20927.1,20924.7,20925.7,
2023-12-13T15:18:00+05:30,20925.9,20927.9,20923.8,20927.9,
2023-12-13T15:19:00+05:30,20927.8,20928.8,20926,20927.1,
2023-12-13T15:20:00+05:30,20928.2,20930.8,20925.8,20926.8,
2023-12-13T15:21:00+05:30,20927.2,20935.5,20927.1,20934.7,
2023-12-13T15:22:00+05:30,20934.3,20935.2,20931.5,20933.5,
2023-12-13T15:23:00+05:30,20933.5,20940.6,20933.2,20938.6,
2023-12-13T15:24:00+05:30,20938.8,20942.8,20937.1,20941.8,
2023-12-13T15:25:00+05:30,20941.6,20944.6,20940.2,20942.8,
2023-12-13T15:26:00+05:30,20942.7,20949.6,20942.3,20947.8,
2023-12-13T15:27:00+05:30,20948.3,20950,20944.9,20948.4,
2023-12-13T15:28:00+05:30,20948,20948.8,20935,20938.5,
2023-12-13T15:29:00+05:30,20938.8,20948.8,20932.6,20937.5,
2023-12-14T09:15:00+05:30,21110.4,21119,21074.5,21094,
2023-12-14T09:16:00+05:30,21096,21111.2,21096,21108,
2023-12-14T09:17:00+05:30,21110.4,21115.8,21106,21114.7,
2023-12-14T09:18:00+05:30,21114,21117.5,21112.5,21117.5,
2023-12-14T09:19:00+05:30,21118,21120.5,21105.9,21108.6,
2023-12-14T09:20:00+05:30,21108.8,21114.8,21108.8,21114.8,
2023-12-14T09:21:00+05:30,21113.7,21116.2,21109,21111.6,
2023-12-14T09:22:00+05:30,21112,21116.7,21108.6,21109.7,
2023-12-14T09:23:00+05:30,21109.3,21111.3,21105.7,21107.2,
2023-12-14T09:24:00+05:30,21107.8,21111.3,21102.1,21102.6,
2023-12-14T09:25:00+05:30,21103.2,21108.7,21102.6,21108.3,
2023-12-14T09:26:00+05:30,21107.4,21124.5,21107.4,21123.5,
2023-12-14T09:27:00+05:30,21125,21132,21123.6,21127.9,
2023-12-14T09:28:00+05:30,21128.3,21129.3,21125,21128.2,
2023-12-14T09:29:00+05:30,21128.2,21130.8,21127.1,21129,
2023-12-14T09:30:00+05:30,21130.5,21137.1,21130.2,21133.2,
2023-12-14T09:31:00+05:30,21133.8,21146.8,21133.8,21144.8,
2023-12-14T09:32:00+05:30,21144,21148.5,21137.5,21141.4,
2023-12-14T09:33:00+05:30,21140.5,21145.1,21140.3,21142.8,
2023-12-14T09:34:00+05:30,21141,21144.5,21133.5,21140.3,
2023-12-14T09:35:00+05:30,21139.2,21140.5,21132.7,21134.5,
2023-12-14T09:36:00+05:30,21134.5,21139.4,21133.5,21135.7,
2023-12-14T09:37:00+05:30,21134.9,21140.8,21134.7,21136.6,
2023-12-14T09:38:00+05:30,21136.8,21141.3,21135.2,21136.6,
2023-12-14T09:39:00+05:30,21136.2,21140.4,21134.6,21139.3,
2023-12-14T09:40:00+05:30,21138.8,21142.8,21138.2,21138.2,
2023-12-14T09:41:00+05:30,21137.9,21138.8,21127.6,21131.5,
2023-12-14T09:42:00+05:30,21131,21140.3,21131,21134.3,
2023-12-14T09:43:00+05:30,21134.2,21136.6,21131.8,21136.3,
2023-12-14T09:44:00+05:30,21136.4,21139.1,21135.2,21137.3,
2023-12-14T09:45:00+05:30,21136,21142.1,21135.8,21138.3,
2023-12-14T09:46:00+05:30,21137.8,21143.1,21137.8,21142.7,
2023-12-14T09:47:00+05:30,21143.8,21146.8,21138.8,21141.8,
2023-12-14T09:48:00+05:30,21141.5,21145.3,21140.6,21144,
2023-12-14T09:49:00+05:30,21144.2,21153,21144.2,21153,
2023-12-14T09:50:00+05:30,21153.2,21162.2,21152.9,21162.1,
2023-12-14T09:51:00+05:30,21161.5,21171.7,21161.3,21164.7,
2023-12-14T09:52:00+05:30,21164.9,21168.8,21163.1,21168.2,
2023-12-14T09:53:00+05:30,21168.8,21175.2,21165.5,21173.7,
2023-12-14T09:54:00+05:30,21173.8,21175.8,21170.5,21172.2,
2023-12-14T09:55:00+05:30,21173.2,21173.2,21168.3,21170.5,
2023-12-14T09:56:00+05:30,21170.5,21176.7,21166.5,21174.3,
2023-12-14T09:57:00+05:30,21175.2,21183.8,21174,21182.8,
2023-12-14T09:58:00+05:30,21182.2,21187.1,21178.3,21185,
2023-12-14T09:59:00+05:30,21184.5,21189.5,21178.7,21185.2,
2023-12-14T10:00:00+05:30,21184.5,21185.4,21179.3,21181.3,
2023-12-14T10:01:00+05:30,21181.3,21183.5,21178.2,21181.5,
2023-12-14T10:02:00+05:30,21181.5,21184.4,21180.4,21182,
2023-12-14T10:03:00+05:30,21182.2,21182.2,21173.5,21174,
2023-12-14T10:04:00+05:30,21176.3,21178.9,21174,21175.2,
2023-12-14T10:05:00+05:30,21175,21179,21170,21175.2,
2023-12-14T10:06:00+05:30,21174.7,21176.5,21171.7,21173.3,
2023-12-14T10:07:00+05:30,21172,21177.2,21171.3,21172.7,
2023-12-14T10:08:00+05:30,21173.2,21177.2,21170,21171.2,
2023-12-14T10:09:00+05:30,21171,21172.5,21166.8,21167.8,
2023-12-14T10:10:00+05:30,21167.4,21169.6,21165.7,21168.7,
2023-12-14T10:11:00+05:30,21167,21168.9,21162.8,21168,
2023-12-14T10:12:00+05:30,21168.1,21174.2,21167.7,21173.6,
2023-12-14T10:13:00+05:30,21173.8,21173.8,21169,21169.7,
2023-12-14T10:14:00+05:30,21170.2,21170.2,21163,21168,
2023-12-14T10:15:00+05:30,21168.2,21169,21163,21168.5,
2023-12-14T10:16:00+05:30,21166.8,21167.2,21156.8,21158.2,
2023-12-14T10:17:00+05:30,21157.9,21159.2,21152.2,21159.2,
2023-12-14T10:18:00+05:30,21159.7,21160.6,21153.1,21158,
2023-12-14T10:19:00+05:30,21156.1,21159.8,21153.4,21156.2,
2023-12-14T10:20:00+05:30,21156.8,21161.7,21156.2,21158.5,
2023-12-14T10:21:00+05:30,21159.5,21163.5,21159,21160.8,
2023-12-14T10:22:00+05:30,21160.4,21161.2,21155,21157.7,
2023-12-14T10:23:00+05:30,21158.8,21160.1,21154.8,21158.3,
2023-12-14T10:24:00+05:30,21158.8,21158.8,21154.5,21156.8,
2023-12-14T10:25:00+05:30,21157,21158.5,21148.1,21158.5,
2023-12-14T10:26:00+05:30,21157.1,21161.6,21154.6,21160,
2023-12-14T10:27:00+05:30,21160.5,21163.7,21159.8,21162.2,
2023-12-14T10:28:00+05:30,21162.4,21170.8,21161,21165.3,
2023-12-14T10:29:00+05:30,21165.7,21167.7,21162,21166,
2023-12-14T10:30:00+05:30,21166.8,21169,21164.6,21165.3,
2023-12-14T10:31:00+05:30,21164,21166.2,21159.5,21160,
2023-12-14T10:32:00+05:30,21159.7,21161.5,21156.4,21158.2,
2023-12-14T10:33:00+05:30,21158.6,21160.3,21136.6,21138.8,
2023-12-14T10:34:00+05:30,21137.3,21146.5,21132.5,21145.2,
2023-12-14T10:35:00+05:30,21145.5,21146.8,21139,21143.2,
2023-12-14T10:36:00+05:30,21144.3,21145.7,21138.9,21143.2,
2023-12-14T10:37:00+05:30,21142.2,21147.1,21140.7,21140.7,
2023-12-14T10:38:00+05:30,21141.3,21145.2,21139.1,21144.4,
2023-12-14T10:39:00+05:30,21144.5,21144.5,21136.5,21140.3,
2023-12-14T10:40:00+05:30,21140.9,21144,21139.9,21143.2,
2023-12-14T10:41:00+05:30,21142.7,21145.5,21142.4,21142.4,
2023-12-14T10:42:00+05:30,21142.3,21144.3,21137.5,21142.6,
2023-12-14T10:43:00+05:30,21142.8,21144.1,21132.1,21143.9,
2023-12-14T10:44:00+05:30,21143.5,21146.7,21140.6,21141.5,
2023-12-14T10:45:00+05:30,21142.9,21152.2,21142.9,21151.5,
2023-12-14T10:46:00+05:30,21151.2,21152.5,21148.2,21149.9,
2023-12-14T10:47:00+05:30,21151.5,21160.1,21148.2,21159,
2023-12-14T10:48:00+05:30,21159.5,21165.8,21159.5,21161.8,
2023-12-14T10:49:00+05:30,21162.6,21164.1,21159.5,21162.9,
2023-12-14T10:50:00+05:30,21162,21162.9,21159.6,21160.2,
2023-12-14T10:51:00+05:30,21160.6,21163.8,21160.5,21161.4,
2023-12-14T10:52:00+05:30,21160.9,21166.3,21159.8,21160.8,
2023-12-14T10:53:00+05:30,21160.9,21162.2,21154.8,21156.3,
2023-12-14T10:54:00+05:30,21156.1,21158.2,21150.8,21150.8,
2023-12-14T10:55:00+05:30,21150.9,21154,21149.8,21152.5,
2023-12-14T10:56:00+05:30,21151.7,21155.8,21149.3,21149.3,
2023-12-14T10:57:00+05:30,21150.4,21155.8,21150.4,21154.5,
2023-12-14T10:58:00+05:30,21155.1,21158,21154.4,21157.2,
2023-12-14T10:59:00+05:30,21157.1,21163.2,21155.8,21161,
2023-12-14T11:00:00+05:30,21159.5,21164,21159.3,21161,
2023-12-14T11:01:00+05:30,21160.2,21162.4,21157.5,21159.1,
2023-12-14T11:02:00+05:30,21159.7,21160.6,21155,21156.8,
2023-12-14T11:03:00+05:30,21156.8,21160.7,21156,21159.8,
2023-12-14T11:04:00+05:30,21159.7,21163,21158.3,21158.7,
2023-12-14T11:05:00+05:30,21159.8,21161.9,21158.8,21161.2,
2023-12-14T11:06:00+05:30,21162.2,21163.5,21160.2,21163.5,
2023-12-14T11:07:00+05:30,21163.4,21164.5,21159.8,21159.8,
2023-12-14T11:08:00+05:30,21160.7,21166.2,21159.7,21164.6,
2023-12-14T11:09:00+05:30,21165.4,21167,21160.3,21161.3,
2023-12-14T11:10:00+05:30,21161.9,21163.2,21160.1,21161.2,
2023-12-14T11:11:00+05:30,21162,21163.8,21161.5,21163.1,
2023-12-14T11:12:00+05:30,21163.9,21166.5,21160.3,21161.9,
2023-12-14T11:13:00+05:30,21161.9,21165,21147.7,21158.5,
2023-12-14T11:14:00+05:30,21158.8,21165.2,21158.5,21164.2,
2023-12-14T11:15:00+05:30,21163.2,21167.5,21163.2,21167,
2023-12-14T11:16:00+05:30,21166.3,21168.3,21162.8,21163.4,
2023-12-14T11:17:00+05:30,21163.8,21165.8,21161.8,21163.5,
2023-12-14T11:18:00+05:30,21163.8,21165.5,21163,21164,
2023-12-14T11:19:00+05:30,21162.7,21164.5,21162.1,21163,
2023-12-14T11:20:00+05:30,21163.2,21164.7,21159.7,21162,
2023-12-14T11:21:00+05:30,21162.2,21164.8,21160.5,21161.1,
2023-12-14T11:22:00+05:30,21161,21165.6,21161,21164.4,
2023-12-14T11:23:00+05:30,21163,21166.2,21162.5,21163.3,
2023-12-14T11:24:00+05:30,21163.4,21164.5,21162.7,21163.4,
2023-12-14T11:25:00+05:30,21163,21165,21160.5,21165,
2023-12-14T11:26:00+05:30,21164.2,21168.2,21162.3,21162.5,
2023-12-14T11:27:00+05:30,21162.2,21164.2,21161.2,21162,
2023-12-14T11:28:00+05:30,21161.9,21163.7,21158.6,21159.7,
2023-12-14T11:29:00+05:30,21159.8,21162.4,21157.5,21157.5,
2023-12-14T11:30:00+05:30,21157.8,21162.3,21157.2,21160.8,
2023-12-14T11:31:00+05:30,21160.8,21164.1,21159,21159.4,
2023-12-14T11:32:00+05:30,21159.2,21163.2,21159.2,21162.2,
2023-12-14T11:33:00+05:30,21161.8,21164.3,21161.7,21163.5,
2023-12-14T11:34:00+05:30,21164,21166.7,21164,21165.2,
2023-12-14T11:35:00+05:30,21164.8,21167.5,21163,21163.5,
2023-12-14T11:36:00+05:30,21163.7,21168.2,21163.6,21167.2,
2023-12-14T11:37:00+05:30,21167.6,21169,21167,21168.3,
2023-12-14T11:38:00+05:30,21167.7,21169.8,21167.2,21168.3,
2023-12-14T11:39:00+05:30,21168.7,21170.5,21166.2,21167.2,
2023-12-14T11:40:00+05:30,21167.5,21168.5,21165.5,21166.7,
2023-12-14T11:41:00+05:30,21166.7,21175.8,21166.5,21175,
2023-12-14T11:42:00+05:30,21175.2,21182.2,21175,21181.3,
2023-12-14T11:43:00+05:30,21181.1,21182.5,21179,21179.7,
2023-12-14T11:44:00+05:30,21179,21180,21177.7,21179.5,
2023-12-14T11:45:00+05:30,21179,21181.1,21178.8,21180.5,
2023-12-14T11:46:00+05:30,21179.4,21183.1,21179.4,21182.1,
2023-12-14T11:47:00+05:30,21181.8,21181.8,21178,21180.3,
2023-12-14T11:48:00+05:30,21180.2,21182.9,21178,21178.3,
2023-12-14T11:49:00+05:30,21177.9,21177.9,21168.3,21169,
2023-12-14T11:50:00+05:30,21168.4,21168.4,21160.5,21160.6,
2023-12-14T11:51:00+05:30,21161,21161.5,21158.1,21158.1,
2023-12-14T11:52:00+05:30,21157.9,21162.5,21156.8,21161.9,
2023-12-14T11:53:00+05:30,21161.3,21162.7,21158.8,21160,
2023-12-14T11:54:00+05:30,21159.5,21160,21156.5,21157.4,
2023-12-14T11:55:00+05:30,21158.2,21162.7,21158,21161.7,
2023-12-14T11:56:00+05:30,21162,21163.5,21159.2,21162.8,
2023-12-14T11:57:00+05:30,21162.5,21163,21158.8,21160.2,
2023-12-14T11:58:00+05:30,21159.4,21161.2,21158.8,21159.6,
2023-12-14T11:59:00+05:30,21159,21160.7,21158,21159.5,
2023-12-14T12:00:00+05:30,21158.8,21159.8,21156.5,21159.1,
2023-12-14T12:01:00+05:30,21158.8,21163.8,21158,21162.9,
2023-12-14T12:02:00+05:30,21162.3,21165.7,21162.3,21164.5,
2023-12-14T12:03:00+05:30,21163,21164.6,21162,21163,
2023-12-14T12:04:00+05:30,21162.2,21163.2,21158.7,21158.7,
2023-12-14T12:05:00+05:30,21158.7,21159.5,21156.5,21156.8,
2023-12-14T12:06:00+05:30,21156.8,21158.2,21153.6,21157.3,
2023-12-14T12:07:00+05:30,21156.3,21161,21156,21160.8,
2023-12-14T12:08:00+05:30,21160.8,21165,21160.8,21163.8,
2023-12-14T12:09:00+05:30,21163.8,21165,21159.2,21159.2,
2023-12-14T12:10:00+05:30,21159.2,21160,21158.2,21158.5,
2023-12-14T12:11:00+05:30,21158.3,21159.5,21155.8,21156.4,
2023-12-14T12:12:00+05:30,21155.5,21159.7,21154.6,21158.3,
2023-12-14T12:13:00+05:30,21158.2,21158.2,21155.3,21156.2,
2023-12-14T12:14:00+05:30,21156.8,21157.5,21155,21156.5,
2023-12-14T12:15:00+05:30,21156.1,21158.1,21155.3,21157,
2023-12-14T12:16:00+05:30,21156.8,21158.5,21156.3,21157.2,
2023-12-14T12:17:00+05:30,21156.9,21159.6,21156.7,21159.3,
2023-12-14T12:18:00+05:30,21158.5,21160.3,21158.3,21159,
2023-12-14T12:19:00+05:30,21159.1,21159.1,21149.7,21149.8,
2023-12-14T12:20:00+05:30,21150.3,21154.2,21150.3,21153.3,
2023-12-14T12:21:00+05:30,21153,21153.3,21147.7,21152.5,
2023-12-14T12:22:00+05:30,21153,21160.6,21153,21159.9,
2023-12-14T12:23:00+05:30,21159.8,21168.2,21159.2,21163.8,
2023-12-14T12:24:00+05:30,21163.2,21165.8,21161.1,21164.2,
2023-12-14T12:25:00+05:30,21165.3,21165.3,21162.1,21162.8,
2023-12-14T12:26:00+05:30,21162.5,21164.3,21160.9,21164,
2023-12-14T12:27:00+05:30,21164.6,21165.4,21161.8,21165.4,
2023-12-14T12:28:00+05:30,21165.6,21168.2,21162.3,21168.1,
2023-12-14T12:29:00+05:30,21168.7,21170.9,21164.8,21165.3,
2023-12-14T12:30:00+05:30,21164.3,21166,21162.3,21164.8,
2023-12-14T12:31:00+05:30,21164.8,21164.8,21160,21160.7,
2023-12-14T12:32:00+05:30,21160,21163,21160,21162.3,
2023-12-14T12:33:00+05:30,21163.2,21163.5,21160.5,21160.5,
2023-12-14T12:34:00+05:30,21160.4,21163.3,21160.3,21162.3,
2023-12-14T12:35:00+05:30,21163.2,21164.7,21159.7,21161.2,
2023-12-14T12:36:00+05:30,21161,21161.2,21157.9,21159.6,
2023-12-14T12:37:00+05:30,21160.5,21163.5,21159.2,21161.2,
2023-12-14T12:38:00+05:30,21161.2,21161.7,21159.3,21159.3,
2023-12-14T12:39:00+05:30,21159.3,21161.1,21158.8,21160.2,
2023-12-14T12:40:00+05:30,21160,21162.8,21160,21161.5,
2023-12-14T12:41:00+05:30,21160.8,21165,21158.3,21165,
2023-12-14T12:42:00+05:30,21164.6,21164.6,21159.9,21160.5,
2023-12-14T12:43:00+05:30,21161,21162.9,21160.2,21161.6,
2023-12-14T12:44:00+05:30,21160.8,21164.7,21160.2,21162.4,
2023-12-14T12:45:00+05:30,21161.8,21166.2,21161,21162.8,
2023-12-14T12:46:00+05:30,21163,21164.5,21161.5,21163.8,
2023-12-14T12:47:00+05:30,21163.3,21166,21162.3,21164.4,
2023-12-14T12:48:00+05:30,21164.1,21168.8,21163.7,21165.7,
2023-12-14T12:49:00+05:30,21166.5,21168.7,21166,21167,
2023-12-14T12:50:00+05:30,21166.8,21169.7,21165,21165.1,
2023-12-14T12:51:00+05:30,21164.8,21170.4,21164.8,21168.8,
2023-12-14T12:52:00+05:30,21168.2,21170.8,21166.5,21169.5,
2023-12-14T12:53:00+05:30,21169.6,21172.4,21167.1,21168.7,
2023-12-14T12:54:00+05:30,21168.2,21169,21165.3,21167.2,
2023-12-14T12:55:00+05:30,21166.7,21168.6,21164.7,21167.3,
2023-12-14T12:56:00+05:30,21167,21168.7,21165.7,21166.6,
2023-12-14T12:57:00+05:30,21166.5,21171.1,21166.4,21168,
2023-12-14T12:58:00+05:30,21167.7,21171.1,21166.8,21168.4,
2023-12-14T12:59:00+05:30,21168.4,21171.7,21167.6,21170.1,
2023-12-14T13:00:00+05:30,21170,21176.8,21169.4,21171.8,
2023-12-14T13:01:00+05:30,21172.8,21174.1,21168.5,21170.2,
2023-12-14T13:02:00+05:30,21169.8,21172,21168.8,21171.2,
2023-12-14T13:03:00+05:30,21170.9,21172.2,21169.2,21171.3,
2023-12-14T13:04:00+05:30,21171.5,21172.4,21168.7,21170.1,
2023-12-14T13:05:00+05:30,21169.5,21170.2,21166.2,21167,
2023-12-14T13:06:00+05:30,21166.8,21170.3,21166.1,21169.5,
2023-12-14T13:07:00+05:30,21169.5,21174,21169.5,21172.7,
2023-12-14T13:08:00+05:30,21172.7,21173.2,21170.2,21171.3,
2023-12-14T13:09:00+05:30,21171.2,21180,21171.2,21179.2,
2023-12-14T13:10:00+05:30,21179.3,21181.5,21176.2,21179.5,
2023-12-14T13:11:00+05:30,21179.2,21180.2,21177.3,21179.4,
2023-12-14T13:12:00+05:30,21178,21179.8,21175.7,21176.2,
2023-12-14T13:13:00+05:30,21176,21180,21175,21177.9,
2023-12-14T13:14:00+05:30,21178.3,21180,21176.2,21178.2,
2023-12-14T13:15:00+05:30,21177.8,21179.5,21174.5,21176,
2023-12-14T13:16:00+05:30,21176.3,21178.8,21174.3,21175.8,
2023-12-14T13:17:00+05:30,21175.3,21176.8,21172.9,21175,
2023-12-14T13:18:00+05:30,21174.3,21177.1,21172,21176.2,
2023-12-14T13:19:00+05:30,21176,21194.5,21174.5,21194.2,
2023-12-14T13:20:00+05:30,21196.3,21200.8,21194.2,21199.8,
2023-12-14T13:21:00+05:30,21200.8,21205.3,21195.8,21199.4,
2023-12-14T13:22:00+05:30,21198.8,21201.9,21196.5,21201.3,
2023-12-14T13:23:00+05:30,21200.5,21201.5,21196,21200.7,
2023-12-14T13:24:00+05:30,21200.3,21201.8,21196.1,21200.4,
2023-12-14T13:25:00+05:30,21200.5,21200.8,21197.7,21200.1,
2023-12-14T13:26:00+05:30,21199.2,21201.2,21194.9,21199.2,
2023-12-14T13:27:00+05:30,21198.9,21199.9,21196.5,21199.6,
2023-12-14T13:28:00+05:30,21199.5,21204.6,21198.8,21200,
2023-12-14T13:29:00+05:30,21199.3,21200.1,21196.7,21198,
2023-12-14T13:30:00+05:30,21197.7,21199,21193.2,21194,
2023-12-14T13:31:00+05:30,21194,21198.6,21193.2,21197.7,
2023-12-14T13:32:00+05:30,21197.2,21200.9,21195.8,21199.8,
2023-12-14T13:33:00+05:30,21200,21210.3,21200,21207.6,
2023-12-14T13:34:00+05:30,21207.7,21210.5,21206.2,21208.8,
2023-12-14T13:35:00+05:30,21208.9,21208.9,21204.1,21204.1,
2023-12-14T13:36:00+05:30,21204.5,21206.6,21202,21202.7,
2023-12-14T13:37:00+05:30,21202,21203.5,21200.5,21201.6,
2023-12-14T13:38:00+05:30,21201.2,21205.5,21200.5,21203.4,
2023-12-14T13:39:00+05:30,21201.9,21204.8,21201.7,21204.3,
2023-12-14T13:40:00+05:30,21204.5,21206,21201.6,21204.2,
2023-12-14T13:41:00+05:30,21204,21205.5,21202.5,21204.6,
2023-12-14T13:42:00+05:30,21205,21207.4,21203,21204.7,
2023-12-14T13:43:00+05:30,21205,21209,21203.2,21208.2,
2023-12-14T13:44:00+05:30,21207.5,21210.9,21205,21206.7,
2023-12-14T13:45:00+05:30,21206,21207.2,21201.8,21203.2,
2023-12-14T13:46:00+05:30,21203.5,21205.2,21201,21204.4,
2023-12-14T13:47:00+05:30,21204.3,21205.2,21201.1,21202.5,
2023-12-14T13:48:00+05:30,21201.8,21202.7,21195.8,21195.8,
2023-12-14T13:49:00+05:30,21195,21195,21185.4,21191.5,
2023-12-14T13:50:00+05:30,21191.5,21193.5,21188.2,21191.8,
2023-12-14T13:51:00+05:30,21191.9,21196.2,21191.7,21196.1,
2023-12-14T13:52:00+05:30,21195.8,21196.1,21192,21194.5,
2023-12-14T13:53:00+05:30,21194.5,21198.8,21194.5,21196.9,
2023-12-14T13:54:00+05:30,21197.5,21197.5,21192.9,21195.7,
2023-12-14T13:55:00+05:30,21195.4,21196.2,21193,21195.5,
2023-12-14T13:56:00+05:30,21194.8,21195.8,21192.5,21195,
2023-12-14T13:57:00+05:30,21194.4,21195.5,21192.2,21193.7,
2023-12-14T13:58:00+05:30,21193.2,21197.1,21192.2,21195.3,
2023-12-14T13:59:00+05:30,21195.9,21201.6,21195.9,21199.2,
2023-12-14T14:00:00+05:30,21198.9,21200.8,21197.2,21198.9,
2023-12-14T14:01:00+05:30,21199.2,21199.2,21193.8,21194.8,
2023-12-14T14:02:00+05:30,21195.8,21196.9,21193,21194.4,
2023-12-14T14:03:00+05:30,21194.3,21195.9,21192.2,21194,
2023-12-14T14:04:00+05:30,21194.7,21196.2,21188.2,21190.2,
2023-12-14T14:05:00+05:30,21188.8,21194.5,21187.8,21193.8,
2023-12-14T14:06:00+05:30,21193.7,21195,21191.6,21194,
2023-12-14T14:07:00+05:30,21194,21194.8,21190.8,21192.2,
2023-12-14T14:08:00+05:30,21191.6,21191.6,21180,21184.5,
2023-12-14T14:09:00+05:30,21184.2,21185.5,21181.6,21184.2,
2023-12-14T14:10:00+05:30,21183.3,21189.4,21183,21189,
2023-12-14T14:11:00+05:30,21188.3,21196.7,21187.6,21196.5,
2023-12-14T14:12:00+05:30,21197.6,21199.7,21196,21197.6,
2023-12-14T14:13:00+05:30,21196.5,21197.5,21194.8,21196.1,
2023-12-14T14:14:00+05:30,21196,21196,21191.9,21195,
2023-12-14T14:15:00+05:30,21193.8,21197.5,21192.3,21195.2,
2023-12-14T14:16:00+05:30,21195.5,21196.5,21193,21194.7,
2023-12-14T14:17:00+05:30,21194.7,21196.7,21193.5,21193.7,
2023-12-14T14:18:00+05:30,21193.8,21194.8,21190.5,21194.3,
2023-12-14T14:19:00+05:30,21193.8,21197.2,21192.5,21194.8,
2023-12-14T14:20:00+05:30,21194.5,21197.8,21193.4,21194.2,
2023-12-14T14:21:00+05:30,21193.2,21196.1,21191.4,21192.2,
2023-12-14T14:22:00+05:30,21192.8,21194.8,21190,21193,
2023-12-14T14:23:00+05:30,21192.5,21195,21190.2,21192.8,
2023-12-14T14:24:00+05:30,21192.6,21194.5,21190.2,21192.3,
2023-12-14T14:25:00+05:30,21193.5,21199.2,21190.8,21196.4,
2023-12-14T14:26:00+05:30,21196.5,21201.7,21194.3,21200.1,
2023-12-14T14:27:00+05:30,21199.3,21200.5,21195.8,21199.2,
2023-12-14T14:28:00+05:30,21198.8,21199.2,21195.5,21196.8,
2023-12-14T14:29:00+05:30,21196.8,21198,21192.5,21193.5,
2023-12-14T14:30:00+05:30,21192.5,21200.2,21192.5,21199.8,
2023-12-14T14:31:00+05:30,21199.2,21200,21194,21195.2,
2023-12-14T14:32:00+05:30,21195.5,21196.5,21189.5,21190.8,
2023-12-14T14:33:00+05:30,21190.5,21190.7,21185.9,21187.2,
2023-12-14T14:34:00+05:30,21187.2,21192.4,21185.2,21190.5,
2023-12-14T14:35:00+05:30,21190.7,21193.7,21188.3,21189.2,
2023-12-14T14:36:00+05:30,21188.5,21191.6,21186.7,21188.3,
2023-12-14T14:37:00+05:30,21188.1,21191,21183.7,21187.5,
2023-12-14T14:38:00+05:30,21186.2,21189.2,21185.5,21188.8,
2023-12-14T14:39:00+05:30,21189,21192.1,21187.8,21189.3,
2023-12-14T14:40:00+05:30,21189.8,21190.1,21186.4,21188.6,
2023-12-14T14:41:00+05:30,21189,21192.4,21188.8,21192.1,
2023-12-14T14:42:00+05:30,21191.5,21194.7,21189.3,21192.6,
2023-12-14T14:43:00+05:30,21192.8,21195,21190.5,21195,
2023-12-14T14:44:00+05:30,21195,21197,21193.5,21194.3,
2023-12-14T14:45:00+05:30,21194.1,21195.8,21191.5,21194.2,
2023-12-14T14:46:00+05:30,21194,21195.2,21181,21181.5,
2023-12-14T14:47:00+05:30,21183.3,21187.3,21182.7,21184.8,
2023-12-14T14:48:00+05:30,21186,21188.8,21184.9,21185.8,
2023-12-14T14:49:00+05:30,21185.9,21187.5,21182.9,21183.3,
2023-12-14T14:50:00+05:30,21184.2,21185.9,21182.7,21183,
2023-12-14T14:51:00+05:30,21182.5,21186.7,21182.5,21186.3,
2023-12-14T14:52:00+05:30,21185.8,21187,21182.5,21182.5,
2023-12-14T14:53:00+05:30,21183.2,21185.8,21180.7,21180.7,
2023-12-14T14:54:00+05:30,21181.8,21181.8,21174.5,21175,
2023-12-14T14:55:00+05:30,21174,21178.7,21172.2,21173.8,
2023-12-14T14:56:00+05:30,21173.2,21174.4,21164.5,21167.3,
2023-12-14T14:57:00+05:30,21167.7,21170.1,21162.7,21163.5,
2023-12-14T14:58:00+05:30,21163.5,21172.6,21163.5,21166.5,
2023-12-14T14:59:00+05:30,21166.6,21174.6,21166.6,21171.1,
2023-12-14T15:00:00+05:30,21169.1,21171.2,21165.5,21167.5,
2023-12-14T15:01:00+05:30,21167.8,21168.8,21162.6,21166.7,
2023-12-14T15:02:00+05:30,21166.8,21179.7,21166.8,21179.7,
2023-12-14T15:03:00+05:30,21180.8,21180.8,21175,21175.3,
2023-12-14T15:04:00+05:30,21175.4,21178.2,21174.7,21174.8,
2023-12-14T15:05:00+05:30,21175.5,21181.6,21175.4,21178.7,
2023-12-14T15:06:00+05:30,21178.5,21178.5,21171.6,21174.3,
2023-12-14T15:07:00+05:30,21175.5,21178.7,21174.8,21176.7,
2023-12-14T15:08:00+05:30,21176,21182.2,21176,21178.8,
2023-12-14T15:09:00+05:30,21179.2,21180.8,21176.2,21176.8,
2023-12-14T15:10:00+05:30,21176.7,21179.4,21175.2,21176.2,
2023-12-14T15:11:00+05:30,21176.3,21179.1,21175,21175,
2023-12-14T15:12:00+05:30,21175.2,21177.2,21164,21165.1,
2023-12-14T15:13:00+05:30,21165,21171.2,21165,21167.4,
2023-12-14T15:14:00+05:30,21167.8,21173.8,21167.8,21172.8,
2023-12-14T15:15:00+05:30,21173,21176.4,21173,21176.4,
2023-12-14T15:16:00+05:30,21176.3,21180.5,21174.6,21179,
2023-12-14T15:17:00+05:30,21179.8,21184.7,21178.7,21180.7,
2023-12-14T15:18:00+05:30,21181.5,21182,21178.9,21181.2,
2023-12-14T15:19:00+05:30,21180.9,21188.5,21180.9,21187.8,
2023-12-14T15:20:00+05:30,21188.2,21191,21187.5,21187.5,
2023-12-14T15:21:00+05:30,21187.2,21191.6,21187.2,21191,
2023-12-14T15:22:00+05:30,21191,21197.8,21190.7,21197.1,
2023-12-14T15:23:00+05:30,21197.2,21199.8,21196,21199.3,
2023-12-14T15:24:00+05:30,21198.7,21205.7,21198.2,21205.7,
2023-12-14T15:25:00+05:30,21205.3,21208.2,21205.2,21206.8,
2023-12-14T15:26:00+05:30,21206.5,21208.5,21204.8,21204.8,
2023-12-14T15:27:00+05:30,21204.5,21209.5,21202.8,21204.8,
2023-12-14T15:28:00+05:30,21204.2,21205.4,21192,21195.2,
2023-12-14T15:29:00+05:30,21195.7,21200.8,21189.2,21195.2,
2023-12-15T09:15:00+05:30,21287.5,21298.2,21257.3,21267.8,
2023-12-15T09:16:00+05:30,21268.8,21281.8,21268.1,21276.6,
2023-12-15T09:17:00+05:30,21276,21277.2,21263.2,21263.2,
2023-12-15T09:18:00+05:30,21262.9,21271,21261,21269.3,
2023-12-15T09:19:00+05:30,21269.1,21271,21262.5,21267,
2023-12-15T09:20:00+05:30,21266.8,21274.8,21265.7,21270,
2023-12-15T09:21:00+05:30,21270.2,21277.1,21269.5,21269.8,
2023-12-15T09:22:00+05:30,21269.8,21270.8,21261.3,21267,
2023-12-15T09:23:00+05:30,21267.7,21267.7,21263,21263.2,
2023-12-15T09:24:00+05:30,21262.6,21264.1,21256.8,21260.8,
2023-12-15T09:25:00+05:30,21259,21264,21256.3,21256.3,
2023-12-15T09:26:00+05:30,21257.7,21258.8,21251.8,21256,
2023-12-15T09:27:00+05:30,21256.8,21264.6,21256.7,21263.6,
2023-12-15T09:28:00+05:30,21262.7,21266.6,21258.8,21260.9,
2023-12-15T09:29:00+05:30,21261.7,21263,21253.7,21253.7,
2023-12-15T09:30:00+05:30,21254.5,21259.1,21252.5,21254.7,
2023-12-15T09:31:00+05:30,21253.8,21259.5,21249.8,21254.7,
2023-12-15T09:32:00+05:30,21255.2,21256,21250.5,21251.4,
2023-12-15T09:33:00+05:30,21252.6,21259.9,21252.6,21259.2,
2023-12-15T09:34:00+05:30,21259.6,21261.6,21253.7,21254.1,
2023-12-15T09:35:00+05:30,21253.7,21257.2,21251.9,21253,
2023-12-15T09:36:00+05:30,21252.7,21253,21245.7,21247.1,
2023-12-15T09:37:00+05:30,21246.5,21252.3,21244.8,21246,
2023-12-15T09:38:00+05:30,21244.7,21246,21238.9,21240.3,
2023-12-15T09:39:00+05:30,21240.3,21243.5,21235.5,21237.3,
2023-12-15T09:40:00+05:30,21236.7,21243.7,21235.3,21240.5,
2023-12-15T09:41:00+05:30,21240.2,21248.1,21240.2,21248.1,
2023-12-15T09:42:00+05:30,21247.2,21247.5,21239.8,21239.8,
2023-12-15T09:43:00+05:30,21240.1,21243.9,21240,21240.9,
2023-12-15T09:44:00+05:30,21242.2,21245.5,21239.2,21245.5,
2023-12-15T09:45:00+05:30,21245.5,21268,21244.7,21267.5,
2023-12-15T09:46:00+05:30,21268.7,21271.2,21257.2,21258.5,
2023-12-15T09:47:00+05:30,21259.4,21259.4,21251.3,21253.2,
2023-12-15T09:48:00+05:30,21253.4,21265.2,21252,21263.1,
2023-12-15T09:49:00+05:30,21261.2,21263,21256.2,21256.7,
2023-12-15T09:50:00+05:30,21257.2,21258.9,21253,21258.9,
2023-12-15T09:51:00+05:30,21256.8,21263.1,21256.8,21263,
2023-12-15T09:52:00+05:30,21263.8,21265.3,21258.5,21263.3,
2023-12-15T09:53:00+05:30,21260.6,21264.5,21259.8,21264.5,
2023-12-15T09:54:00+05:30,21264.5,21264.5,21248.8,21248.8,
2023-12-15T09:55:00+05:30,21248,21256.8,21247.3,21256.8,
2023-12-15T09:56:00+05:30,21256.5,21260.7,21253.2,21260.7,
2023-12-15T09:57:00+05:30,21261,21273.8,21260.8,21273.8,
2023-12-15T09:58:00+05:30,21273.7,21279.8,21272,21275,
2023-12-15T09:59:00+05:30,21275.8,21287.7,21275.3,21287.7,
2023-12-15T10:00:00+05:30,21286,21290.5,21283.8,21289,
2023-12-15T10:01:00+05:30,21289,21294.4,21288.3,21292,
2023-12-15T10:02:00+05:30,21293.2,21297.1,21292,21296.1,
2023-12-15T10:03:00+05:30,21296.5,21307.5,21294.7,21304,
2023-12-15T10:04:00+05:30,21305.2,21310.6,21303.8,21309.5,
2023-12-15T10:05:00+05:30,21309.5,21312.2,21305.7,21308.8,
2023-12-15T10:06:00+05:30,21309.3,21315.3,21308.5,21313.3,
2023-12-15T10:07:00+05:30,21313.2,21317.9,21312.8,21314.5,
2023-12-15T10:08:00+05:30,21313.8,21321.3,21313.8,21317.5,
2023-12-15T10:09:00+05:30,21320,21323.2,21317.5,21320.4,
2023-12-15T10:10:00+05:30,21320.5,21320.5,21313.7,21318.3,
2023-12-15T10:11:00+05:30,21318,21321.5,21318,21319.5,
2023-12-15T10:12:00+05:30,21321,21326,21321,21324.8,
2023-12-15T10:13:00+05:30,21325,21329,21324.8,21327.6,
2023-12-15T10:14:00+05:30,21328,21329.7,21325.1,21326.7,
2023-12-15T10:15:00+05:30,21327.5,21327.5,21323.3,21325.5,
2023-12-15T10:16:00+05:30,21324,21330.4,21323.3,21323.3,
2023-12-15T10:17:00+05:30,21324.3,21325,21317.9,21321.8,
2023-12-15T10:18:00+05:30,21320.8,21326.2,21320.8,21324.1,
2023-12-15T10:19:00+05:30,21325.3,21331.5,21324.6,21329.2,
2023-12-15T10:20:00+05:30,21329.5,21335.7,21329,21334.2,
2023-12-15T10:21:00+05:30,21333.3,21337.2,21332.2,21332.7,
2023-12-15T10:22:00+05:30,21334.5,21335.2,21331.8,21332.8,
2023-12-15T10:23:00+05:30,21331.2,21339.7,21331.2,21335.8,
2023-12-15T10:24:00+05:30,21336.9,21350.7,21335.8,21349.9,
2023-12-15T10:25:00+05:30,21350.2,21355.7,21344.1,21344.1,
2023-12-15T10:26:00+05:30,21344.3,21346.5,21336,21336,
2023-12-15T10:27:00+05:30,21336,21343.8,21335.2,21341.9,
2023-12-15T10:28:00+05:30,21341.4,21343.4,21338.6,21341.3,
2023-12-15T10:29:00+05:30,21341.2,21344.7,21339.5,21342.5,
2023-12-15T10:30:00+05:30,21344.2,21346.8,21341.2,21341.3,
2023-12-15T10:31:00+05:30,21341.5,21343.2,21333.8,21335.2,
2023-12-15T10:32:00+05:30,21336.3,21338.5,21334.7,21336.2,
2023-12-15T10:33:00+05:30,21337.2,21338.8,21335,21335,
2023-12-15T10:34:00+05:30,21335.6,21335.7,21328.4,21328.4,
2023-12-15T10:35:00+05:30,21328.6,21337.5,21327.3,21334.5,
2023-12-15T10:36:00+05:30,21335.5,21339.9,21334,21334.8,
2023-12-15T10:37:00+05:30,21333.5,21337.2,21332.7,21334.5,
2023-12-15T10:38:00+05:30,21334,21334.2,21328.6,21328.6,
2023-12-15T10:39:00+05:30,21327.8,21329.6,21323,21324.9,
2023-12-15T10:40:00+05:30,21324.8,21328.4,21324.1,21324.8,
2023-12-15T10:41:00+05:30,21324,21327,21322.3,21324.5,
2023-12-15T10:42:00+05:30,21324.8,21326.7,21319.9,21319.9,
2023-12-15T10:43:00+05:30,21320.3,21324.3,21319.3,21319.6,
2023-12-15T10:44:00+05:30,21319.7,21320.5,21315.7,21315.7,
2023-12-15T10:45:00+05:30,21317,21317.9,21315,21315.6,
2023-12-15T10:46:00+05:30,21315.3,21316.5,21306.2,21306.2,
2023-12-15T10:47:00+05:30,21307.1,21307.5,21299.5,21301.2,
2023-12-15T10:48:00+05:30,21300.6,21300.6,21294.7,21297.2,
2023-12-15T10:49:00+05:30,21297.3,21302.8,21293.3,21297.8,
2023-12-15T10:50:00+05:30,21298.8,21298.8,21294.6,21297.1,
2023-12-15T10:51:00+05:30,21296.8,21296.8,21291.5,21293.3,
2023-12-15T10:52:00+05:30,21293.5,21301.7,21283.1,21283.1,
2023-12-15T10:53:00+05:30,21283.8,21289.6,21282.8,21287.3,
2023-12-15T10:54:00+05:30,21286.5,21291.1,21281.8,21291.1,
2023-12-15T10:55:00+05:30,21292.3,21298,21290.3,21295,
2023-12-15T10:56:00+05:30,21295.3,21295.3,21288.2,21292.3,
2023-12-15T10:57:00+05:30,21294.2,21300.8,21293.1,21299.3,
2023-12-15T10:58:00+05:30,21299.5,21308.3,21299.5,21307.3,
2023-12-15T10:59:00+05:30,21308,21315,21308,21313.2,
2023-12-15T11:00:00+05:30,21313.2,21318.2,21312.8,21314.8,
2023-12-15T11:01:00+05:30,21317.5,21322.3,21314.5,21314.5,
2023-12-15T11:02:00+05:30,21314.2,21318.7,21312.7,21316.3,
2023-12-15T11:03:00+05:30,21316.2,21316.9,21309.8,21309.8,
2023-12-15T11:04:00+05:30,21309.2,21310.8,21301.3,21302.5,
2023-12-15T11:05:00+05:30,21302.5,21314.6,21301.4,21311.5,
2023-12-15T11:06:00+05:30,21312.9,21314.5,21308.8,21311.2,
2023-12-15T11:07:00+05:30,21310.8,21312.4,21305.2,21307,
2023-12-15T11:08:00+05:30,21308.8,21312.7,21308.4,21311.2,
2023-12-15T11:09:00+05:30,21311.5,21313.9,21306.5,21306.5,
2023-12-15T11:10:00+05:30,21307.2,21313.8,21307.2,21310.3,
2023-12-15T11:11:00+05:30,21310.8,21317.6,21310.8,21316.8,
2023-12-15T11:12:00+05:30,21317.5,21319.3,21313.2,21313.2,
2023-12-15T11:13:00+05:30,21313.3,21316.5,21312.2,21312.2,
2023-12-15T11:14:00+05:30,21313.5,21314.8,21311.7,21312.3,
2023-12-15T11:15:00+05:30,21312.5,21313.7,21309.7,21312,
2023-12-15T11:16:00+05:30,21313,21316.3,21312.5,21315.8,
2023-12-15T11:17:00+05:30,21315.8,21319.6,21314.4,21315.5,
2023-12-15T11:18:00+05:30,21314.7,21318.3,21312.7,21318.1,
2023-12-15T11:19:00+05:30,21318,21319,21313.5,21313.5,
2023-12-15T11:20:00+05:30,21315.3,21319.8,21315.3,21318.8,
2023-12-15T11:21:00+05:30,21318.8,21321.7,21315.2,21315.2,
2023-12-15T11:22:00+05:30,21315.2,21320.4,21314.5,21318.7,
2023-12-15T11:23:00+05:30,21319.3,21320.2,21312,21312,
2023-12-15T11:24:00+05:30,21313.2,21314.8,21311.5,21313.2,
2023-12-15T11:25:00+05:30,21313.8,21318.6,21313.4,21317.9,
2023-12-15T11:26:00+05:30,21319,21322,21318.5,21320.3,
2023-12-15T11:27:00+05:30,21319.6,21320.2,21316.2,21316.8,
2023-12-15T11:28:00+05:30,21317.4,21318.2,21314,21314,
2023-12-15T11:29:00+05:30,21315.3,21317.8,21313.5,21314,
2023-12-15T11:30:00+05:30,21314.8,21317.3,21311.8,21315.2,
2023-12-15T11:31:00+05:30,21316,21316.7,21313.6,21315.2,
2023-12-15T11:32:00+05:30,21312.8,21315.7,21312.8,21314.7,
2023-12-15T11:33:00+05:30,21315.3,21318,21314,21315.2,
2023-12-15T11:34:00+05:30,21314.9,21316,21314.1,21315.8,
2023-12-15T11:35:00+05:30,21315.7,21316.1,21314.2,21315.7,
2023-12-15T11:36:00+05:30,21315.3,21318.3,21313,21317.1,
2023-12-15T11:37:00+05:30,21317.4,21320.2,21316.3,21317.2,
2023-12-15T11:38:00+05:30,21317.6,21322,21315.9,21322,
2023-12-15T11:39:00+05:30,21321.5,21331.3,21321,21329.8,
2023-12-15T11:40:00+05:30,21329.7,21331.8,21326.7,21330.8,
2023-12-15T11:41:00+05:30,21330.6,21331.6,21326.1,21327.7,
2023-12-15T11:42:00+05:30,21327.7,21329.2,21324.3,21325.5,
2023-12-15T11:43:00+05:30,21326.2,21328.5,21325.4,21328.5,
2023-12-15T11:44:00+05:30,21328.2,21329.2,21325,21329,
2023-12-15T11:45:00+05:30,21328.3,21328.8,21325,21325.4,
2023-12-15T11:46:00+05:30,21325.5,21325.5,21320.1,21320.1,
2023-12-15T11:47:00+05:30,21320.9,21323.3,21319.5,21319.5,
2023-12-15T11:48:00+05:30,21319.5,21321.7,21318.6,21319.2,
2023-12-15T11:49:00+05:30,21318.5,21319.7,21314.5,21317.8,
2023-12-15T11:50:00+05:30,21317.8,21320.8,21316.3,21318.8,
2023-12-15T11:51:00+05:30,21318.2,21323.6,21316.5,21320.6,
2023-12-15T11:52:00+05:30,21320.2,21322.7,21316.3,21317.5,
2023-12-15T11:53:00+05:30,21318.5,21328,21317.9,21326.5,
2023-12-15T11:54:00+05:30,21326.8,21329.8,21324.5,21325.3,
2023-12-15T11:55:00+05:30,21325.8,21327.2,21322.5,21323.2,
2023-12-15T11:56:00+05:30,21323.4,21324.6,21320.8,21321.8,
2023-12-15T11:57:00+05:30,21321.7,21321.7,21315.5,21316.7,
2023-12-15T11:58:00+05:30,21316,21318.9,21315.8,21318.7,
2023-12-15T11:59:00+05:30,21319,21319,21314.8,21315.7,
2023-12-15T12:00:00+05:30,21317.9,21319.5,21314.3,21316.5,
2023-12-15T12:01:00+05:30,21316.7,21320.5,21316.5,21318.8,
2023-12-15T12:02:00+05:30,21317.8,21319.5,21315.8,21317.2,
2023-12-15T12:03:00+05:30,21317.3,21318,21313.8,21318,
2023-12-15T12:04:00+05:30,21317,21319.3,21316.2,21317.7,
2023-12-15T12:05:00+05:30,21318,21321.3,21317.8,21320.4,
2023-12-15T12:06:00+05:30,21318.6,21321,21316.6,21317.8,
2023-12-15T12:07:00+05:30,21318.7,21319.2,21315.5,21316.2,
2023-12-15T12:08:00+05:30,21316.7,21317.8,21314,21315.6,
2023-12-15T12:09:00+05:30,21315.2,21316.5,21312.9,21314.3,
2023-12-15T12:10:00+05:30,21314.7,21317,21312.6,21316.8,
2023-12-15T12:11:00+05:30,21316,21316.9,21313.4,21316.8,
2023-12-15T12:12:00+05:30,21316.5,21317,21313.8,21313.8,
2023-12-15T12:13:00+05:30,21313.2,21315,21311.5,21314.5,
2023-12-15T12:14:00+05:30,21313.3,21315,21308.8,21311.1,
2023-12-15T12:15:00+05:30,21311.7,21311.7,21307.7,21310.8,
2023-12-15T12:16:00+05:30,21309.9,21309.9,21303.5,21303.8,
2023-12-15T12:17:00+05:30,21304,21307.5,21303.5,21307,
2023-12-15T12:18:00+05:30,21306.3,21315.8,21306,21315,
2023-12-15T12:19:00+05:30,21315.2,21320.8,21315.2,21318.8,
2023-12-15T12:20:00+05:30,21319.4,21325.5,21318.3,21325.5,
2023-12-15T12:21:00+05:30,21326,21326,21319.2,21321.2,
2023-12-15T12:22:00+05:30,21320.2,21323.7,21319.8,21321.3,
2023-12-15T12:23:00+05:30,21321.1,21323.9,21320.8,21322,
2023-12-15T12:24:00+05:30,21321.1,21323.6,21320.4,21322.2,
2023-12-15T12:25:00+05:30,21322.2,21323.2,21321.4,21321.8,
2023-12-15T12:26:00+05:30,21320.7,21326,21320.7,21322.9,
2023-12-15T12:27:00+05:30,21323.9,21327.8,21323.6,21324.7,
2023-12-15T12:28:00+05:30,21324.3,21325.8,21320.6,21320.6,
2023-12-15T12:29:00+05:30,21320.2,21328,21320.2,21327.2,
2023-12-15T12:30:00+05:30,21325.9,21328.3,21323.6,21328,
2023-12-15T12:31:00+05:30,21327.7,21332.5,21326.3,21328.5,
2023-12-15T12:32:00+05:30,21327.8,21329.4,21325.7,21328.3,
2023-12-15T12:33:00+05:30,21327.8,21329.2,21323.7,21324.5,
2023-12-15T12:34:00+05:30,21326,21327.9,21324.3,21324.3,
2023-12-15T12:35:00+05:30,21325,21325.2,21321.3,21322,
2023-12-15T12:36:00+05:30,21322.4,21324.5,21321.5,21321.5,
2023-12-15T12:37:00+05:30,21321.8,21327.8,21321.8,21322.3,
2023-12-15T12:38:00+05:30,21322.9,21327,21322.3,21324.8,
2023-12-15T12:39:00+05:30,21325.2,21326.9,21321.7,21324.7,
2023-12-15T12:40:00+05:30,21325,21328.8,21323.7,21325.8,
2023-12-15T12:41:00+05:30,21326.7,21327,21323.7,21324.2,
2023-12-15T12:42:00+05:30,21324.2,21327.3,21323.8,21327.3,
2023-12-15T12:43:00+05:30,21327,21329.9,21324.2,21327.2,
2023-12-15T12:44:00+05:30,21328.5,21336.5,21328.5,21333,
2023-12-15T12:45:00+05:30,21331.9,21334,21328.4,21331.7,
2023-12-15T12:46:00+05:30,21332.5,21337.5,21332.3,21332.3,
2023-12-15T12:47:00+05:30,21332.2,21333.8,21330.7,21331.8,
2023-12-15T12:48:00+05:30,21332.6,21334,21330.2,21331.4,
2023-12-15T12:49:00+05:30,21332.7,21333.9,21330.7,21330.8,
2023-12-15T12:50:00+05:30,21330.8,21334.2,21330.1,21330.1,
2023-12-15T12:51:00+05:30,21330.7,21331.7,21327,21329.1,
2023-12-15T12:52:00+05:30,21329.7,21331.9,21328,21328,
2023-12-15T12:53:00+05:30,21328.8,21330.3,21326,21326,
2023-12-15T12:54:00+05:30,21326.5,21328.5,21324.3,21325.9,
2023-12-15T12:55:00+05:30,21326.2,21328,21323,21323,
2023-12-15T12:56:00+05:30,21323.8,21325.2,21321,21321,
2023-12-15T12:57:00+05:30,21321.7,21327.8,21321.5,21325.3,
2023-12-15T12:58:00+05:30,21325.8,21330.3,21325.5,21328.5,
2023-12-15T12:59:00+05:30,21329,21331,21328,21328.8,
2023-12-15T13:00:00+05:30,21331,21332.2,21328,21331.2,
2023-12-15T13:01:00+05:30,21332.2,21332.2,21324.6,21324.6,
2023-12-15T13:02:00+05:30,21325.3,21331.8,21325.2,21328.7,
2023-12-15T13:03:00+05:30,21330,21332.5,21328.9,21329.8,
2023-12-15T13:04:00+05:30,21330.3,21332,21328.7,21328.7,
2023-12-15T13:05:00+05:30,21329.5,21329.5,21322.2,21322.5,
2023-12-15T13:06:00+05:30,21322.2,21325.5,21321.1,21322.8,
2023-12-15T13:07:00+05:30,21323.6,21324.8,21321.3,21321.8,
2023-12-15T13:08:00+05:30,21322.4,21325.4,21321,21323.6,
2023-12-15T13:09:00+05:30,21323,21325.8,21321.4,21323.5,
2023-12-15T13:10:00+05:30,21324,21326.8,21323.2,21323.2,
2023-12-15T13:11:00+05:30,21324.4,21325.4,21322.8,21323.8,
2023-12-15T13:12:00+05:30,21324.1,21325.5,21321.8,21321.8,
2023-12-15T13:13:00+05:30,21321.1,21325.2,21320.3,21321.9,
2023-12-15T13:14:00+05:30,21323.7,21323.7,21320.8,21321.5,
2023-12-15T13:15:00+05:30,21321.5,21327.8,21321.5,21326,
2023-12-15T13:16:00+05:30,21326.1,21333.4,21326,21329.8,
2023-12-15T13:17:00+05:30,21330.1,21331.1,21325.2,21325.2,
2023-12-15T13:18:00+05:30,21325.6,21330.5,21325.6,21327,
2023-12-15T13:19:00+05:30,21327,21328,21323.5,21323.5,
2023-12-15T13:20:00+05:30,21324.6,21326.2,21322.6,21326.1,
2023-12-15T13:21:00+05:30,21327.5,21328.1,21324.2,21327,
2023-12-15T13:22:00+05:30,21327.3,21328,21325.8,21327.1,
2023-12-15T13:23:00+05:30,21327,21327.7,21322.2,21324,
2023-12-15T13:24:00+05:30,21323,21323.8,21320.2,21321.5,
2023-12-15T13:25:00+05:30,21322.8,21325.2,21320.8,21323.2,
2023-12-15T13:26:00+05:30,21322.5,21326,21321.8,21322.8,
2023-12-15T13:27:00+05:30,21323.2,21325,21320.2,21321.3,
2023-12-15T13:28:00+05:30,21321.8,21324.2,21320.2,21323.2,
2023-12-15T13:29:00+05:30,21323.2,21325,21319.5,21322.5,
2023-12-15T13:30:00+05:30,21321.4,21324,21320.4,21321.3,
2023-12-15T13:31:00+05:30,21321.2,21329.6,21320,21328.5,
2023-12-15T13:32:00+05:30,21328.5,21334.7,21327.1,21333.2,
2023-12-15T13:33:00+05:30,21333.5,21338.3,21332.5,21337.2,
2023-12-15T13:34:00+05:30,21337.8,21338,21334.2,21335.2,
2023-12-15T13:35:00+05:30,21336.2,21336.2,21326.8,21326.8,
2023-12-15T13:36:00+05:30,21327.1,21329.3,21326.7,21328.7,
2023-12-15T13:37:00+05:30,21330.1,21330.7,21328,21330.2,
2023-12-15T13:38:00+05:30,21331.2,21334.3,21330.8,21332.5,
2023-12-15T13:39:00+05:30,21332.5,21334.8,21331.3,21331.8,
2023-12-15T13:40:00+05:30,21332,21334,21330.8,21331,
2023-12-15T13:41:00+05:30,21330.9,21331.9,21329,21329,
2023-12-15T13:42:00+05:30,21329.4,21338.8,21329.3,21338.7,
2023-12-15T13:43:00+05:30,21339.9,21339.9,21334.1,21334.7,
2023-12-15T13:44:00+05:30,21335.5,21339.8,21335,21337.5,
2023-12-15T13:45:00+05:30,21337,21342.5,21334.9,21341.2,
2023-12-15T13:46:00+05:30,21340.4,21346.3,21340,21342,
2023-12-15T13:47:00+05:30,21342.8,21343.4,21339.5,21339.5,
2023-12-15T13:48:00+05:30,21340.7,21343.8,21339.8,21339.8,
2023-12-15T13:49:00+05:30,21340.2,21344,21340.2,21342.1,
2023-12-15T13:50:00+05:30,21342.8,21343.7,21339.5,21341,
2023-12-15T13:51:00+05:30,21341.9,21351.8,21341,21351.3,
2023-12-15T13:52:00+05:30,21351.3,21356,21346.2,21356,
2023-12-15T13:53:00+05:30,21354,21354.7,21347.9,21349.2,
2023-12-15T13:54:00+05:30,21349.2,21351.8,21348.4,21350.7,
2023-12-15T13:55:00+05:30,21351.2,21357.2,21348.5,21355.5,
2023-12-15T13:56:00+05:30,21354.5,21354.5,21346.6,21350.5,
2023-12-15T13:57:00+05:30,21349.8,21350.7,21345,21350.3,
2023-12-15T13:58:00+05:30,21349.5,21363.2,21349.5,21359,
2023-12-15T13:59:00+05:30,21360.2,21364,21357.8,21361.8,
2023-12-15T14:00:00+05:30,21362,21365.8,21356.8,21358.2,
2023-12-15T14:01:00+05:30,21358,21360.2,21354.5,21360.2,
2023-12-15T14:02:00+05:30,21361.9,21361.9,21354.6,21354.6,
2023-12-15T14:03:00+05:30,21355,21359.1,21353.2,21357.5,
2023-12-15T14:04:00+05:30,21357.3,21359.1,21355.3,21358.5,
2023-12-15T14:05:00+05:30,21356.2,21357.3,21346.5,21346.5,
2023-12-15T14:06:00+05:30,21345.8,21346.1,21333.6,21341.5,
2023-12-15T14:07:00+05:30,21344.1,21350.6,21344.1,21348.4,
2023-12-15T14:08:00+05:30,21348,21349.5,21338.9,21342.5,
2023-12-15T14:09:00+05:30,21341.1,21343.5,21335.3,21343.5,
2023-12-15T14:10:00+05:30,21340.5,21347.8,21340.5,21346.1,
2023-12-15T14:11:00+05:30,21345.8,21345.8,21336.5,21338.5,
2023-12-15T14:12:00+05:30,21337.3,21339,21335.5,21336.8,
2023-12-15T14:13:00+05:30,21337.2,21338.2,21333.9,21334.3,
2023-12-15T14:14:00+05:30,21335,21335.5,21330,21330.7,
2023-12-15T14:15:00+05:30,21332,21339.7,21328.2,21338.4,
2023-12-15T14:16:00+05:30,21339.1,21339.1,21328.2,21331.5,
2023-12-15T14:17:00+05:30,21330.8,21336.7,21330.8,21335.5,
2023-12-15T14:18:00+05:30,21335.7,21336.8,21332.8,21335.8,
2023-12-15T14:19:00+05:30,21334.7,21338.3,21329.9,21335.6,
2023-12-15T14:20:00+05:30,21336.5,21343,21335.6,21341.9,
2023-12-15T14:21:00+05:30,21342,21351.8,21339.7,21350.5,
2023-12-15T14:22:00+05:30,21351.2,21351.3,21342.2,21342.2,
2023-12-15T14:23:00+05:30,21342.8,21343,21333.2,21338.7,
2023-12-15T14:24:00+05:30,21338.6,21343.8,21338.6,21341,
2023-12-15T14:25:00+05:30,21342.1,21344.8,21340.8,21343.3,
2023-12-15T14:26:00+05:30,21344.1,21345,21341,21341,
2023-12-15T14:27:00+05:30,21339.7,21340.5,21336,21336.3,
2023-12-15T14:28:00+05:30,21338,21345.8,21337.5,21342.5,
2023-12-15T14:29:00+05:30,21342.8,21348,21341.2,21346.3,
2023-12-15T14:30:00+05:30,21346.4,21356.8,21345.3,21354.3,
2023-12-15T14:31:00+05:30,21354,21356.5,21349.5,21349.8,
2023-12-15T14:32:00+05:30,21350.3,21351.1,21346.3,21346.3,
2023-12-15T14:33:00+05:30,21346.8,21351,21345.2,21349.9,
2023-12-15T14:34:00+05:30,21351,21356.8,21350,21354.6,
2023-12-15T14:35:00+05:30,21354.2,21356,21352.2,21353,
2023-12-15T14:36:00+05:30,21354,21355.9,21348.5,21349.6,
2023-12-15T14:37:00+05:30,21349,21350.6,21345.9,21346.8,
2023-12-15T14:38:00+05:30,21346.9,21351.2,21344.6,21349.4,
2023-12-15T14:39:00+05:30,21348.8,21354,21348.8,21350.8,
2023-12-15T14:40:00+05:30,21351.3,21356.1,21349.8,21354.6,
2023-12-15T14:41:00+05:30,21354.5,21361.8,21354.1,21360.9,
2023-12-15T14:42:00+05:30,21361.8,21364.7,21359.2,21359.2,
2023-12-15T14:43:00+05:30,21359,21360.4,21356.2,21357.6,
2023-12-15T14:44:00+05:30,21357.3,21361.5,21356.5,21358,
2023-12-15T14:45:00+05:30,21356.9,21362.9,21356.5,21359.3,
2023-12-15T14:46:00+05:30,21358.8,21364.2,21358.3,21361.3,
2023-12-15T14:47:00+05:30,21361,21361.9,21357,21360,
2023-12-15T14:48:00+05:30,21361.2,21361.7,21358.5,21359.5,
2023-12-15T14:49:00+05:30,21359.8,21364.2,21359,21361.1,
2023-12-15T14:50:00+05:30,21361.5,21371.2,21360,21370.3,
2023-12-15T14:51:00+05:30,21370.3,21384.2,21370,21380.8,
2023-12-15T14:52:00+05:30,21381.8,21391.2,21381.5,21388.2,
2023-12-15T14:53:00+05:30,21388.8,21393.8,21385,21389.2,
2023-12-15T14:54:00+05:30,21388.8,21390.8,21385.8,21389.5,
2023-12-15T14:55:00+05:30,21389.3,21399.1,21388.7,21397.1,
2023-12-15T14:56:00+05:30,21396.1,21399.7,21390.2,21390.2,
2023-12-15T14:57:00+05:30,21390.5,21398.5,21388.2,21394.8,
2023-12-15T14:58:00+05:30,21393.7,21402,21393.7,21398.8,
2023-12-15T14:59:00+05:30,21399.1,21405.2,21397.2,21401.5,
2023-12-15T15:00:00+05:30,21401.9,21420.6,21399.8,21418,
2023-12-15T15:01:00+05:30,21422.5,21434.2,21417.3,21428.5,
2023-12-15T15:02:00+05:30,21428.5,21436.1,21426.8,21435.5,
2023-12-15T15:03:00+05:30,21435.3,21452,21435.3,21436.7,
2023-12-15T15:04:00+05:30,21436.1,21436.9,21425,21427,
2023-12-15T15:05:00+05:30,21427,21436.3,21422.9,21434.8,
2023-12-15T15:06:00+05:30,21434.7,21436.2,21431.5,21435.2,
2023-12-15T15:07:00+05:30,21434.8,21434.8,21425.7,21426.2,
2023-12-15T15:08:00+05:30,21427,21434.2,21424.5,21432.3,
2023-12-15T15:09:00+05:30,21433.8,21435,21429.2,21433,
2023-12-15T15:10:00+05:30,21433.5,21438.2,21431.8,21437.8,
2023-12-15T15:11:00+05:30,21438.5,21446.3,21435.7,21445,
2023-12-15T15:12:00+05:30,21446.1,21446.9,21441.9,21444.3,
2023-12-15T15:13:00+05:30,21444.9,21456.7,21443.9,21454.2,
2023-12-15T15:14:00+05:30,21454.6,21458.4,21452.3,21458.4,
2023-12-15T15:15:00+05:30,21458,21470.5,21456.5,21470.5,
2023-12-15T15:16:00+05:30,21469.5,21480,21468.2,21478.1,
2023-12-15T15:17:00+05:30,21478.3,21491,21477,21484.2,
2023-12-15T15:18:00+05:30,21484.6,21485.5,21478.3,21481.6,
2023-12-15T15:19:00+05:30,21482.3,21492.3,21482.2,21489.6,
2023-12-15T15:20:00+05:30,21489.7,21489.7,21471.1,21471.1,
2023-12-15T15:21:00+05:30,21467.5,21471,21461.5,21469.5,
2023-12-15T15:22:00+05:30,21470.3,21476.8,21468.8,21476.8,
2023-12-15T15:23:00+05:30,21477.2,21484,21475.8,21481.4,
2023-12-15T15:24:00+05:30,21480.8,21483.8,21474.8,21483.8,
2023-12-15T15:25:00+05:30,21483.5,21486.8,21481.5,21482.2,
2023-12-15T15:26:00+05:30,21481.8,21485.5,21475.3,21479.3,
2023-12-15T15:27:00+05:30,21478,21479.8,21466.8,21477.5,
2023-12-15T15:28:00+05:30,21478.3,21481.3,21464,21466,
2023-12-15T15:29:00+05:30,21464.3,21467.1,21448.7,21448.7,
2023-12-18T09:15:00+05:30,21434.8,21435,21365.3,21372.2,
2023-12-18T09:16:00+05:30,21374.5,21385.7,21373,21375.3,
2023-12-18T09:17:00+05:30,21374.2,21404.5,21373.7,21402.3,
2023-12-18T09:18:00+05:30,21402.5,21413.2,21402.5,21411,
2023-12-18T09:19:00+05:30,21410.2,21413.6,21404.6,21407.3,
2023-12-18T09:20:00+05:30,21407.8,21409.5,21392.8,21394.2,
2023-12-18T09:21:00+05:30,21393.2,21395.9,21387.8,21393,
2023-12-18T09:22:00+05:30,21391.8,21410.2,21391.7,21410.2,
2023-12-18T09:23:00+05:30,21410.3,21436.2,21410,21433.9,
2023-12-18T09:24:00+05:30,21435.2,21445.6,21435.1,21442.2,
2023-12-18T09:25:00+05:30,21441.8,21455.2,21438.8,21454.3,
2023-12-18T09:26:00+05:30,21453.3,21470.8,21452.4,21470.8,
2023-12-18T09:27:00+05:30,21472.8,21472.8,21450.1,21451.9,
2023-12-18T09:28:00+05:30,21450.6,21452.8,21447.2,21447.2,
2023-12-18T09:29:00+05:30,21448,21462.1,21447.7,21462.1,
2023-12-18T09:30:00+05:30,21463,21467,21456.3,21456.3,
2023-12-18T09:31:00+05:30,21454.5,21454.5,21433.2,21433.2,
2023-12-18T09:32:00+05:30,21431.7,21441.3,21429.7,21432.2,
2023-12-18T09:33:00+05:30,21432.3,21434.5,21423.2,21425.5,
2023-12-18T09:34:00+05:30,21425.2,21429.3,21413,21415.3,
2023-12-18T09:35:00+05:30,21414.5,21420.5,21409.5,21420.5,
2023-12-18T09:36:00+05:30,21420.3,21434.7,21418.5,21428.3,
2023-12-18T09:37:00+05:30,21427.3,21433,21423.2,21423.2,
2023-12-18T09:38:00+05:30,21422.7,21425.2,21406,21411.2,
2023-12-18T09:39:00+05:30,21410.5,21418.7,21410.5,21417.8,
2023-12-18T09:40:00+05:30,21419,21421.3,21408.4,21410.8,
2023-12-18T09:41:00+05:30,21411,21427,21409.4,21421.7,
2023-12-18T09:42:00+05:30,21420.2,21421.2,21414.2,21414.3,
2023-12-18T09:43:00+05:30,21415,21423.3,21413.6,21421.2,
2023-12-18T09:44:00+05:30,21421,21436.9,21420.2,21436.2,
2023-12-18T09:45:00+05:30,21435.8,21437.7,21431,21434.8,
2023-12-18T09:46:00+05:30,21435.7,21439.2,21428.6,21437.8,
2023-12-18T09:47:00+05:30,21436.8,21437.2,21425.8,21426.3,
2023-12-18T09:48:00+05:30,21427.8,21431.5,21427.4,21429.5,
2023-12-18T09:49:00+05:30,21430.5,21433.2,21429.1,21432.3,
2023-12-18T09:50:00+05:30,21432,21436.7,21431.7,21435.3,
2023-12-18T09:51:00+05:30,21435.1,21437.2,21432.1,21436.3,
2023-12-18T09:52:00+05:30,21435.8,21437.4,21425.2,21426.8,
2023-12-18T09:53:00+05:30,21424.1,21429.2,21422.5,21424.2,
2023-12-18T09:54:00+05:30,21425,21433.6,21424.5,21432,
2023-12-18T09:55:00+05:30,21432.5,21436.5,21426.3,21434.9,
2023-12-18T09:56:00+05:30,21435.8,21436.2,21430.3,21431.2,
2023-12-18T09:57:00+05:30,21432.2,21432.7,21426.7,21427.2,
2023-12-18T09:58:00+05:30,21427.2,21430.1,21423.4,21429.3,
2023-12-18T09:59:00+05:30,21429.2,21435.3,21424.7,21432.5,
2023-12-18T10:00:00+05:30,21432.2,21444,21432.2,21441.7,
2023-12-18T10:01:00+05:30,21441.7,21445,21436.4,21445,
2023-12-18T10:02:00+05:30,21445.8,21458.5,21445.8,21455.7,
2023-12-18T10:03:00+05:30,21456.2,21459.1,21454.3,21456.8,
2023-12-18T10:04:00+05:30,21457.1,21461.3,21454.8,21460.9,
2023-12-18T10:05:00+05:30,21460.5,21460.5,21447.4,21450.2,
2023-12-18T10:06:00+05:30,21450,21454.8,21442.4,21445.6,
2023-12-18T10:07:00+05:30,21446.2,21456.1,21444,21454.9,
2023-12-18T10:08:00+05:30,21454.8,21456.8,21450.4,21456.3,
2023-12-18T10:09:00+05:30,21456.4,21457.5,21448.6,21453.2,
2023-12-18T10:10:00+05:30,21454.5,21460,21449.7,21458.5,
2023-12-18T10:11:00+05:30,21459.1,21463.2,21455.8,21462.9,
2023-12-18T10:12:00+05:30,21462.7,21462.7,21454,21454,
2023-12-18T10:13:00+05:30,21454,21460,21453,21458.7,
2023-12-18T10:14:00+05:30,21459.4,21460.2,21456.2,21459.7,
2023-12-18T10:15:00+05:30,21460.3,21466.2,21458.9,21464,
2023-12-18T10:16:00+05:30,21463.5,21468.4,21462.7,21468.4,
2023-12-18T10:17:00+05:30,21468.8,21468.8,21460.7,21461.9,
2023-12-18T10:18:00+05:30,21460.4,21460.4,21453.5,21455.7,
2023-12-18T10:19:00+05:30,21457,21457,21449,21450.5,
2023-12-18T10:20:00+05:30,21451.5,21455.3,21448.6,21454,
2023-12-18T10:21:00+05:30,21455,21459,21449,21452.3,
2023-12-18T10:22:00+05:30,21452.7,21453.2,21444.5,21446.8,
2023-12-18T10:23:00+05:30,21447.6,21459.8,21447.6,21455.2,
2023-12-18T10:24:00+05:30,21455.9,21462.5,21454.5,21461.2,
2023-12-18T10:25:00+05:30,21461.9,21467.1,21456.8,21458,
2023-12-18T10:26:00+05:30,21457.2,21462.5,21457.2,21461.2,
2023-12-18T10:27:00+05:30,21460.7,21465.4,21458.2,21464.3,
2023-12-18T10:28:00+05:30,21464.2,21473.3,21462.6,21472.3,
2023-12-18T10:29:00+05:30,21471.5,21477,21469.8,21474,
2023-12-18T10:30:00+05:30,21474.8,21477.2,21470.8,21476,
2023-12-18T10:31:00+05:30,21475.7,21481,21474.8,21476.3,
2023-12-18T10:32:00+05:30,21476.9,21478.5,21475,21475.3,
2023-12-18T10:33:00+05:30,21474.9,21476.1,21472.4,21476.1,
2023-12-18T10:34:00+05:30,21475.9,21478.7,21475.8,21476.3,
2023-12-18T10:35:00+05:30,21476.3,21476.3,21466.7,21467,
2023-12-18T10:36:00+05:30,21467.2,21467.2,21458.7,21462.7,
2023-12-18T10:37:00+05:30,21462.5,21464,21453.3,21453.8,
2023-12-18T10:38:00+05:30,21451.8,21451.8,21443.5,21448.6,
2023-12-18T10:39:00+05:30,21448,21451.6,21445.3,21446.7,
2023-12-18T10:40:00+05:30,21447,21449.8,21438.5,21445.3,
2023-12-18T10:41:00+05:30,21447.3,21454,21445.5,21453.7,
2023-12-18T10:42:00+05:30,21453.5,21456,21451,21455,
2023-12-18T10:43:00+05:30,21454.9,21455.9,21449.2,21453.7,
2023-12-18T10:44:00+05:30,21453.8,21455.1,21450.5,21454.7,
2023-12-18T10:45:00+05:30,21455.2,21455.2,21450.6,21454.6,
2023-12-18T10:46:00+05:30,21454.7,21455.4,21449.8,21453.5,
2023-12-18T10:47:00+05:30,21453,21454.9,21451.1,21454,
2023-12-18T10:48:00+05:30,21454.3,21457.5,21452,21456.4,
2023-12-18T10:49:00+05:30,21457.2,21459.3,21454.2,21457.2,
2023-12-18T10:50:00+05:30,21458.2,21462.7,21457.5,21459.8,
2023-12-18T10:51:00+05:30,21459.1,21461.8,21455.6,21461.5,
2023-12-18T10:52:00+05:30,21461.3,21466.1,21458,21466,
2023-12-18T10:53:00+05:30,21465.9,21469.2,21464.5,21467.3,
2023-12-18T10:54:00+05:30,21467,21471.4,21464.8,21470.7,
2023-12-18T10:55:00+05:30,21470.8,21472.3,21468.8,21471.2,
2023-12-18T10:56:00+05:30,21471.3,21472,21465,21465,
2023-12-18T10:57:00+05:30,21464.7,21469,21464.7,21466.7,
2023-12-18T10:58:00+05:30,21466.8,21469.2,21464.5,21465.5,
2023-12-18T10:59:00+05:30,21465.2,21465.3,21461.1,21462.6,
2023-12-18T11:00:00+05:30,21462,21465.7,21460,21465.4,
2023-12-18T11:01:00+05:30,21465.5,21468.8,21464.3,21466,
2023-12-18T11:02:00+05:30,21466.4,21469,21465.3,21465.3,
2023-12-18T11:03:00+05:30,21464.8,21465.3,21462.9,21464.7,
2023-12-18T11:04:00+05:30,21464,21468.5,21462.3,21468,
2023-12-18T11:05:00+05:30,21468.5,21470.5,21467.2,21468.1,
2023-12-18T11:06:00+05:30,21468.4,21470.8,21467,21467.7,
2023-12-18T11:07:00+05:30,21467,21467.8,21463.5,21466.5,
2023-12-18T11:08:00+05:30,21465.8,21473,21462.8,21473,
2023-12-18T11:09:00+05:30,21473.3,21474.8,21458.2,21458.2,
2023-12-18T11:10:00+05:30,21458.2,21464,21457.8,21462.8,
2023-12-18T11:11:00+05:30,21463.4,21468.6,21463,21467.7,
2023-12-18T11:12:00+05:30,21467.8,21470.3,21466.8,21469,
2023-12-18T11:13:00+05:30,21468.9,21472.1,21468.9,21470,
2023-12-18T11:14:00+05:30,21470.4,21470.4,21467.4,21470,
2023-12-18T11:15:00+05:30,21469.5,21476.8,21469,21473.2,
2023-12-18T11:16:00+05:30,21472.6,21473.5,21469.2,21469.2,
2023-12-18T11:17:00+05:30,21468.8,21470.7,21467,21470.2,
2023-12-18T11:18:00+05:30,21470,21474.3,21470,21472.3,
2023-12-18T11:19:00+05:30,21472.3,21477,21472.1,21475.5,
2023-12-18T11:20:00+05:30,21475.5,21475.9,21471.4,21472.5,
2023-12-18T11:21:00+05:30,21472.2,21472.8,21469.1,21472.2,
2023-12-18T11:22:00+05:30,21472,21472,21467.2,21468,
2023-12-18T11:23:00+05:30,21467.9,21469,21466,21467.3,
2023-12-18T11:24:00+05:30,21467.4,21467.5,21462.2,21464,
2023-12-18T11:25:00+05:30,21463.5,21468.8,21463.5,21466.8,
2023-12-18T11:26:00+05:30,21466.8,21471.8,21464.8,21471.5,
2023-12-18T11:27:00+05:30,21471.8,21472.3,21467.3,21468.5,
2023-12-18T11:28:00+05:30,21467.8,21472.2,21467.5,21471.8,
2023-12-18T11:29:00+05:30,21471.3,21475.2,21471,21473.6,
2023-12-18T11:30:00+05:30,21473,21473.8,21470.1,21472.8,
2023-12-18T11:31:00+05:30,21473.2,21477.2,21471.8,21477,
2023-12-18T11:32:00+05:30,21477,21477,21471.8,21473.5,
2023-12-18T11:33:00+05:30,21473.6,21475.3,21473.2,21474,
2023-12-18T11:34:00+05:30,21474,21477.4,21473.8,21477.3,
2023-12-18T11:35:00+05:30,21477,21477,21473.3,21473.6,
2023-12-18T11:36:00+05:30,21474,21477.7,21473,21473,
2023-12-18T11:37:00+05:30,21473.6,21475.7,21472.2,21475.1,
2023-12-18T11:38:00+05:30,21475.2,21478,21473.4,21477.5,
2023-12-18T11:39:00+05:30,21477.5,21482.8,21477.5,21478.8,
2023-12-18T11:40:00+05:30,21479,21479.2,21472.1,21472.1,
2023-12-18T11:41:00+05:30,21472.1,21478.6,21472.1,21476.8,
2023-12-18T11:42:00+05:30,21476.7,21477.9,21473.5,21473.8,
2023-12-18T11:43:00+05:30,21474.3,21478.8,21474,21475.5,
2023-12-18T11:44:00+05:30,21475.3,21476.9,21472.3,21476.8,
2023-12-18T11:45:00+05:30,21476.9,21477,21471.3,21473,
2023-12-18T11:46:00+05:30,21473.4,21473.4,21470.2,21472.7,
2023-12-18T11:47:00+05:30,21471.7,21473.2,21471.1,21472.4,
2023-12-18T11:48:00+05:30,21472.5,21473,21462.8,21464.2,
2023-12-18T11:49:00+05:30,21463.6,21471,21463.6,21470.6,
2023-12-18T11:50:00+05:30,21470.4,21472.5,21466,21467,
2023-12-18T11:51:00+05:30,21466.6,21470.3,21466.6,21469.2,
2023-12-18T11:52:00+05:30,21469.2,21470.7,21467.2,21469,
2023-12-18T11:53:00+05:30,21468.6,21473.6,21468.4,21472.4,
2023-12-18T11:54:00+05:30,21472.6,21475.2,21470.6,21471.8,
2023-12-18T11:55:00+05:30,21471.6,21472.1,21467.7,21469.8,
2023-12-18T11:56:00+05:30,21469.3,21469.9,21462.7,21463.1,
2023-12-18T11:57:00+05:30,21462.5,21466,21462.3,21465.2,
2023-12-18T11:58:00+05:30,21465.2,21465.5,21454.2,21454.2,
2023-12-18T11:59:00+05:30,21454.6,21455.2,21448.3,21449.5,
2023-12-18T12:00:00+05:30,21449.2,21452.4,21447,21451.6,
2023-12-18T12:01:00+05:30,21451.3,21453.3,21450.3,21453.1,
2023-12-18T12:02:00+05:30,21452.7,21453.5,21450,21451.5,
2023-12-18T12:03:00+05:30,21451.2,21455.3,21450.5,21455.3,
2023-12-18T12:04:00+05:30,21454.8,21456.3,21453.5,21455.5,
2023-12-18T12:05:00+05:30,21455.4,21459.3,21455.3,21459,
2023-12-18T12:06:00+05:30,21459.5,21461.6,21458.7,21460.8,
2023-12-18T12:07:00+05:30,21460.2,21460.4,21455.3,21456.8,
2023-12-18T12:08:00+05:30,21455.6,21456.8,21452.9,21456,
2023-12-18T12:09:00+05:30,21455.5,21456.5,21446.7,21447.8,
2023-12-18T12:10:00+05:30,21447.3,21453.2,21445.4,21453.2,
2023-12-18T12:11:00+05:30,21452.6,21453.3,21450,21450.8,
2023-12-18T12:12:00+05:30,21450,21455.6,21449.5,21455.3,
2023-12-18T12:13:00+05:30,21453.9,21458.3,21452.8,21457.2,
2023-12-18T12:14:00+05:30,21456.7,21461.2,21456,21460.3,
2023-12-18T12:15:00+05:30,21459.7,21464.8,21456.5,21464.5,
2023-12-18T12:16:00+05:30,21464.5,21466,21461.8,21464,
2023-12-18T12:17:00+05:30,21463.4,21463.4,21455.8,21458.4,
2023-12-18T12:18:00+05:30,21457.9,21458.5,21453.4,21456.3,
2023-12-18T12:19:00+05:30,21455.9,21457,21451.7,21453.3,
2023-12-18T12:20:00+05:30,21452.8,21453.5,21450.5,21453.5,
2023-12-18T12:21:00+05:30,21453,21455.2,21450.5,21453.3,
2023-12-18T12:22:00+05:30,21452.8,21455.2,21450.3,21455.2,
2023-12-18T12:23:00+05:30,21455,21457.8,21454.3,21457.3,
2023-12-18T12:24:00+05:30,21456.8,21456.8,21448.5,21448.8,
2023-12-18T12:25:00+05:30,21449.1,21452.3,21448.7,21451.2,
2023-12-18T12:26:00+05:30,21451,21453.3,21449.5,21453.3,
2023-12-18T12:27:00+05:30,21453.6,21456,21451.8,21454.5,
2023-12-18T12:28:00+05:30,21454.6,21455,21438.3,21438.3,
2023-12-18T12:29:00+05:30,21437.7,21440.7,21426.8,21428.5,
2023-12-18T12:30:00+05:30,21428.2,21438.5,21428.2,21438.5,
2023-12-18T12:31:00+05:30,21437.5,21439,21433.2,21436,
2023-12-18T12:32:00+05:30,21435.1,21435.8,21430.3,21431.6,
2023-12-18T12:33:00+05:30,21430.5,21436,21430.5,21435.7,
2023-12-18T12:34:00+05:30,21436.8,21439.3,21435.5,21438.5,
2023-12-18T12:35:00+05:30,21437.9,21444.2,21436.7,21444,
2023-12-18T12:36:00+05:30,21443.3,21445.2,21441.3,21443.3,
2023-12-18T12:37:00+05:30,21443.3,21445.6,21441.1,21442.5,
2023-12-18T12:38:00+05:30,21442.3,21443.5,21440,21441.8,
2023-12-18T12:39:00+05:30,21442.1,21444,21439.8,21440.8,
2023-12-18T12:40:00+05:30,21440.9,21442.1,21436.7,21438.2,
2023-12-18T12:41:00+05:30,21438.2,21443.1,21437.2,21443,
2023-12-18T12:42:00+05:30,21443.1,21448.7,21442.5,21444.2,
2023-12-18T12:43:00+05:30,21443.7,21445.5,21438.9,21443.4,
2023-12-18T12:44:00+05:30,21445,21450,21443.7,21449.3,
2023-12-18T12:45:00+05:30,21449.8,21451.2,21448.2,21450.8,
2023-12-18T12:46:00+05:30,21451.1,21455.3,21449.5,21450.5,
2023-12-18T12:47:00+05:30,21451.1,21451.2,21445.8,21448.5,
2023-12-18T12:48:00+05:30,21447.8,21449.3,21444.3,21446.5,
2023-12-18T12:49:00+05:30,21446.2,21446.2,21440.3,21441.5,
2023-12-18T12:50:00+05:30,21442.3,21443.2,21437.9,21438,
2023-12-18T12:51:00+05:30,21437.6,21438.4,21434.6,21435.5,
2023-12-18T12:52:00+05:30,21436.2,21444,21435.3,21443.8,
2023-12-18T12:53:00+05:30,21441.8,21444.4,21439,21442.1,
2023-12-18T12:54:00+05:30,21441.7,21443.6,21440,21443.2,
2023-12-18T12:55:00+05:30,21442.5,21445.8,21441.8,21441.8,
2023-12-18T12:56:00+05:30,21441.9,21442,21438.8,21439.2,
2023-12-18T12:57:00+05:30,21438.8,21442.1,21438.2,21440.2,
2023-12-18T12:58:00+05:30,21440.9,21442.5,21439.5,21442.5,
2023-12-18T12:59:00+05:30,21441.7,21442.5,21432.8,21434,
2023-12-18T13:00:00+05:30,21434.1,21435.6,21429.5,21435.6,
2023-12-18T13:01:00+05:30,21434.8,21436,21428.8,21429,
2023-12-18T13:02:00+05:30,21428.8,21431.2,21427.7,21429.5,
2023-12-18T13:03:00+05:30,21429.5,21429.7,21424.8,21427.2,
2023-12-18T13:04:00+05:30,21427.3,21429.8,21423.9,21424.5,
2023-12-18T13:05:00+05:30,21424.4,21428.8,21423.2,21424.2,
2023-12-18T13:06:00+05:30,21424,21425.2,21418.3,21418.3,
2023-12-18T13:07:00+05:30,21417.5,21425.5,21417.5,21422.5,
2023-12-18T13:08:00+05:30,21422.4,21422.8,21417,21417.8,
2023-12-18T13:09:00+05:30,21417.7,21422,21416,21419.3,
2023-12-18T13:10:00+05:30,21418.8,21424.5,21418.8,21418.8,
2023-12-18T13:11:00+05:30,21419,21420,21414.8,21417.5,
2023-12-18T13:12:00+05:30,21417.5,21418,21414,21414.5,
2023-12-18T13:13:00+05:30,21416,21416,21412.3,21412.9,
2023-12-18T13:14:00+05:30,21411.5,21417.8,21410,21417.6,
2023-12-18T13:15:00+05:30,21416.8,21421.6,21415.3,21421.6,
2023-12-18T13:16:00+05:30,21421.5,21425.8,21419.3,21425.3,
2023-12-18T13:17:00+05:30,21424.8,21426,21423,21423.4,
2023-12-18T13:18:00+05:30,21422.9,21423.7,21418.5,21420.2,
2023-12-18T13:19:00+05:30,21419.8,21421.7,21418.7,21421.2,
2023-12-18T13:20:00+05:30,21420.9,21421.8,21419,21419.8,
2023-12-18T13:21:00+05:30,21421.2,21426.8,21421.2,21422.8,
2023-12-18T13:22:00+05:30,21422.5,21425.6,21422.3,21423.5,
2023-12-18T13:23:00+05:30,21424.2,21426.3,21424.1,21425.2,
2023-12-18T13:24:00+05:30,21424.8,21426.6,21421.7,21426.5,
2023-12-18T13:25:00+05:30,21426.4,21430.2,21425.4,21428.4,
2023-12-18T13:26:00+05:30,21428.1,21430.2,21424.7,21427.1,
2023-12-18T13:27:00+05:30,21427,21432.7,21426,21430.9,
2023-12-18T13:28:00+05:30,21431.2,21434.8,21427.1,21430.6,
2023-12-18T13:29:00+05:30,21430,21439.8,21429.6,21438.5,
2023-12-18T13:30:00+05:30,21438.2,21438.2,21428.5,21430.5,
2023-12-18T13:31:00+05:30,21430.5,21431.3,21426.8,21428.4,
2023-12-18T13:32:00+05:30,21431,21431,21419.4,21421.7,
2023-12-18T13:33:00+05:30,21421,21422.8,21417.3,21418.2,
2023-12-18T13:34:00+05:30,21420,21421,21416.4,21418.5,
2023-12-18T13:35:00+05:30,21418.3,21421.5,21416.8,21416.8,
2023-12-18T13:36:00+05:30,21416.7,21419.2,21415.2,21419.2,
2023-12-18T13:37:00+05:30,21419.8,21424.8,21419.8,21423.2,
2023-12-18T13:38:00+05:30,21423.2,21426.8,21422.7,21423.4,
2023-12-18T13:39:00+05:30,21423.8,21426,21421.5,21422.7,
2023-12-18T13:40:00+05:30,21422.2,21426,21420.8,21426,
2023-12-18T13:41:00+05:30,21425.7,21428.3,21424.4,21425,
2023-12-18T13:42:00+05:30,21424.7,21425.6,21422,21423.8,
2023-12-18T13:43:00+05:30,21423,21425.8,21421.5,21424,
2023-12-18T13:44:00+05:30,21423.5,21426.3,21422.3,21423.4,
2023-12-18T13:45:00+05:30,21423.2,21423.7,21420.3,21421.5,
2023-12-18T13:46:00+05:30,21421.6,21426.5,21420.5,21423.5,
2023-12-18T13:47:00+05:30,21425.2,21426.2,21421.8,21423.2,
2023-12-18T13:48:00+05:30,21422.7,21424.3,21418.3,21419.5,
2023-12-18T13:49:00+05:30,21420.2,21422,21416.8,21418.7,
2023-12-18T13:50:00+05:30,21420.2,21424.6,21419.2,21423.8,
2023-12-18T13:51:00+05:30,21424.4,21426.7,21422.8,21425.7,
2023-12-18T13:52:00+05:30,21426.2,21426.2,21417.5,21420.8,
2023-12-18T13:53:00+05:30,21421.4,21424.2,21419.8,21423.4,
2023-12-18T13:54:00+05:30,21423.2,21426.2,21421.5,21424.5,
2023-12-18T13:55:00+05:30,21426.1,21428.7,21423.2,21425.7,
2023-12-18T13:56:00+05:30,21425.2,21427.3,21424.2,21425.8,
2023-12-18T13:57:00+05:30,21426.3,21429.8,21426,21429,
2023-12-18T13:58:00+05:30,21428.2,21430,21427.3,21427.5,
2023-12-18T13:59:00+05:30,21428,21428.2,21423,21423.9,
2023-12-18T14:00:00+05:30,21423.5,21426.5,21422.7,21424,
2023-12-18T14:01:00+05:30,21424,21426.8,21423.6,21425.8,
2023-12-18T14:02:00+05:30,21426.2,21431.2,21425.1,21430.7,
2023-12-18T14:03:00+05:30,21430.8,21435.8,21430.8,21435.5,
2023-12-18T14:04:00+05:30,21435.6,21436.5,21432,21434.8,
2023-12-18T14:05:00+05:30,21433.8,21438.2,21433.2,21436.5,
2023-12-18T14:06:00+05:30,21438.2,21439.4,21431.2,21432,
2023-12-18T14:07:00+05:30,21430.8,21433.3,21429.2,21431.5,
2023-12-18T14:08:00+05:30,21431.3,21433,21428.5,21429.3,
2023-12-18T14:09:00+05:30,21429.2,21432.3,21423.3,21424.7,
2023-12-18T14:10:00+05:30,21424,21427.3,21422,21426,
2023-12-18T14:11:00+05:30,21425,21428.2,21424.2,21424.2,
2023-12-18T14:12:00+05:30,21423.5,21425.9,21422.2,21423.8,
2023-12-18T14:13:00+05:30,21424.2,21436.5,21423.4,21436.5,
2023-12-18T14:14:00+05:30,21436.3,21443.3,21434.2,21434.8,
2023-12-18T14:15:00+05:30,21434.3,21436.3,21432.5,21435.3,
2023-12-18T14:16:00+05:30,21435.8,21441,21434.2,21435.1,
2023-12-18T14:17:00+05:30,21435.2,21435.4,21428,21429.7,
2023-12-18T14:18:00+05:30,21429.5,21431.6,21427.3,21427.9,
2023-12-18T14:19:00+05:30,21427.5,21429.2,21425.1,21425.2,
2023-12-18T14:20:00+05:30,21425.7,21427,21421.3,21422.8,
2023-12-18T14:21:00+05:30,21424,21426.4,21421.5,21423.8,
2023-12-18T14:22:00+05:30,21424,21430,21423.5,21428.2,
2023-12-18T14:23:00+05:30,21429.8,21433,21427.8,21432.5,
2023-12-18T14:24:00+05:30,21432.5,21433,21429,21430,
2023-12-18T14:25:00+05:30,21430,21436,21429.6,21432.1,
2023-12-18T14:26:00+05:30,21432.2,21436.8,21430.7,21433.5,
2023-12-18T14:27:00+05:30,21433.2,21439.3,21432.3,21434.8,
2023-12-18T14:28:00+05:30,21435.6,21442.5,21433.9,21441.3,
2023-12-18T14:29:00+05:30,21441.8,21446.2,21439.8,21444.7,
2023-12-18T14:30:00+05:30,21444.8,21445.7,21441,21442.2,
2023-12-18T14:31:00+05:30,21441.7,21445.2,21439.2,21445,
2023-12-18T14:32:00+05:30,21444.2,21452.7,21443.5,21451.2,
2023-12-18T14:33:00+05:30,21451,21452.2,21445.2,21446.8,
2023-12-18T14:34:00+05:30,21446.9,21453.5,21446.9,21451.5,
2023-12-18T14:35:00+05:30,21450.8,21454.7,21448.5,21449.7,
2023-12-18T14:36:00+05:30,21448.8,21454,21448.8,21451.8,
2023-12-18T14:37:00+05:30,21451.8,21452.7,21448.8,21450.2,
2023-12-18T14:38:00+05:30,21449.8,21450.2,21444.8,21447.4,
2023-12-18T14:39:00+05:30,21447,21448,21440.7,21441.5,
2023-12-18T14:40:00+05:30,21440.2,21442.3,21436.5,21441.8,
2023-12-18T14:41:00+05:30,21442,21444,21439.3,21440.2,
2023-12-18T14:42:00+05:30,21440.1,21441.5,21436.9,21439.7,
2023-12-18T14:43:00+05:30,21438.8,21440.1,21425.1,21425.5,
2023-12-18T14:44:00+05:30,21426,21426.3,21419.3,21420.4,
2023-12-18T14:45:00+05:30,21419.8,21423.7,21419.2,21423.3,
2023-12-18T14:46:00+05:30,21423,21427.2,21421.8,21423.3,
2023-12-18T14:47:00+05:30,21422.5,21424.8,21416.6,21418.9,
2023-12-18T14:48:00+05:30,21419.4,21429,21419.4,21427.5,
2023-12-18T14:49:00+05:30,21425.9,21429,21425,21428.8,
2023-12-18T14:50:00+05:30,21429,21434.3,21429,21431.5,
2023-12-18T14:51:00+05:30,21430.8,21430.8,21426.1,21428.1,
2023-12-18T14:52:00+05:30,21429,21429.8,21424.2,21425.3,
2023-12-18T14:53:00+05:30,21424.8,21425.5,21419,21423.9,
2023-12-18T14:54:00+05:30,21423.5,21428.4,21422.7,21424,
2023-12-18T14:55:00+05:30,21424,21425.1,21420.9,21423,
2023-12-18T14:56:00+05:30,21422.3,21425.1,21421.5,21424.7,
2023-12-18T14:57:00+05:30,21424.8,21430,21423.7,21429.4,
2023-12-18T14:58:00+05:30,21429.5,21430.5,21426.5,21428.3,
2023-12-18T14:59:00+05:30,21428.7,21429.5,21422.6,21424.4,
2023-12-18T15:00:00+05:30,21423.1,21430.4,21423.1,21427.8,
2023-12-18T15:01:00+05:30,21427.6,21428.2,21414.6,21419.8,
2023-12-18T15:02:00+05:30,21419.6,21423.2,21416.7,21420.4,
2023-12-18T15:03:00+05:30,21421.2,21425,21421.2,21423.1,
2023-12-18T15:04:00+05:30,21422.8,21424.5,21421.1,21424.5,
2023-12-18T15:05:00+05:30,21424.5,21429.2,21423.8,21428.3,
2023-12-18T15:06:00+05:30,21428.5,21430.5,21428.3,21429.2,
2023-12-18T15:07:00+05:30,21429,21430.8,21426.9,21430.7,
2023-12-18T15:08:00+05:30,21429.8,21430.6,21418.8,21422.4,
2023-12-18T15:09:00+05:30,21422.8,21428.8,21421.7,21428.7,
2023-12-18T15:10:00+05:30,21429,21432,21428,21428.3,
2023-12-18T15:11:00+05:30,21428.3,21428.3,21423.2,21425.3,
2023-12-18T15:12:00+05:30,21424.5,21425.5,21421.8,21424.7,
2023-12-18T15:13:00+05:30,21425.2,21427.8,21425,21426.5,
2023-12-18T15:14:00+05:30,21425.8,21426.3,21419.7,21419.8,
2023-12-18T15:15:00+05:30,21420.2,21420.7,21412.4,21413,
2023-12-18T15:16:00+05:30,21413.2,21413.7,21409.8,21413.3,
2023-12-18T15:17:00+05:30,21414.5,21418.2,21414.1,21417.4,
2023-12-18T15:18:00+05:30,21417.8,21418.8,21414.9,21417.5,
2023-12-18T15:19:00+05:30,21417.8,21420.2,21416.8,21418.2,
2023-12-18T15:20:00+05:30,21418.1,21418.3,21412.3,21413.7,
2023-12-18T15:21:00+05:30,21411.5,21413.8,21409.3,21409.5,
2023-12-18T15:22:00+05:30,21409.7,21409.8,21406.1,21406.8,
2023-12-18T15:23:00+05:30,21407,21409.4,21407,21409,
2023-12-18T15:24:00+05:30,21408.8,21409.6,21405.8,21406.9,
2023-12-18T15:25:00+05:30,21407.8,21409.2,21405.2,21405.2,
2023-12-18T15:26:00+05:30,21406.7,21412.2,21405.1,21410.1,
2023-12-18T15:27:00+05:30,21411,21414.5,21409.4,21409.4,
2023-12-18T15:28:00+05:30,21410.6,21413.7,21407.7,21410.8,
2023-12-18T15:29:00+05:30,21411,21412.3,21403,21410.8,
2023-12-19T09:15:00+05:30,21477.7,21480,21426.8,21437.7,
2023-12-19T09:16:00+05:30,21437.2,21441.7,21432.5,21434.2,
2023-12-19T09:17:00+05:30,21435,21435,21418.4,21419.5,
2023-12-19T09:18:00+05:30,21419.9,21435.7,21419.9,21432.2,
2023-12-19T09:19:00+05:30,21431.8,21435.5,21426.8,21426.8,
2023-12-19T09:20:00+05:30,21426.8,21432.6,21421.8,21429.7,
2023-12-19T09:21:00+05:30,21429.5,21432,21422.3,21425.3,
2023-12-19T09:22:00+05:30,21426,21429.7,21423.9,21425.3,
2023-12-19T09:23:00+05:30,21426.3,21429.5,21423.7,21427.1,
2023-12-19T09:24:00+05:30,21426.8,21433.5,21425.9,21430.3,
2023-12-19T09:25:00+05:30,21430.2,21441.1,21430.2,21440.7,
2023-12-19T09:26:00+05:30,21439.8,21440.2,21431.5,21435,
2023-12-19T09:27:00+05:30,21435.3,21435.7,21426.8,21428.2,
2023-12-19T09:28:00+05:30,21428.3,21434.2,21428,21433.7,
2023-12-19T09:29:00+05:30,21433.9,21438.5,21432.8,21436.5,
2023-12-19T09:30:00+05:30,21436.6,21442,21433,21434.5,
2023-12-19T09:31:00+05:30,21434.5,21439.6,21433.1,21433.8,
2023-12-19T09:32:00+05:30,21434.6,21436.3,21433,21434,
2023-12-19T09:33:00+05:30,21435,21435,21428.5,21432.6,
2023-12-19T09:34:00+05:30,21432.7,21432.8,21426.5,21426.8,
2023-12-19T09:35:00+05:30,21427,21427,21413,21413,
2023-12-19T09:36:00+05:30,21412.8,21414.5,21409.5,21413.2,
2023-12-19T09:37:00+05:30,21413,21416,21408.2,21416,
2023-12-19T09:38:00+05:30,21415.5,21417,21406.2,21408.3,
2023-12-19T09:39:00+05:30,21406.8,21408,21403.2,21404.2,
2023-12-19T09:40:00+05:30,21405,21405,21386.5,21386.6,
2023-12-19T09:41:00+05:30,21385.5,21391.8,21379.3,21387.1,
2023-12-19T09:42:00+05:30,21387.2,21393.6,21379.5,21379.5,
2023-12-19T09:43:00+05:30,21381.7,21382.8,21373.4,21376.8,
2023-12-19T09:44:00+05:30,21376.8,21379.3,21372.1,21373.7,
2023-12-19T09:45:00+05:30,21374.3,21374.3,21367.3,21373.1,
2023-12-19T09:46:00+05:30,21373.7,21381.3,21373.7,21377.9,
2023-12-19T09:47:00+05:30,21378,21378,21373.5,21374.3,
2023-12-19T09:48:00+05:30,21374.8,21380.2,21374.8,21377.6,
2023-12-19T09:49:00+05:30,21378.2,21385,21378.2,21382.5,
2023-12-19T09:50:00+05:30,21382.2,21388.5,21379.7,21381,
2023-12-19T09:51:00+05:30,21380.1,21385.5,21379.5,21384.7,
2023-12-19T09:52:00+05:30,21385,21387,21379.9,21380.8,
2023-12-19T09:53:00+05:30,21379.7,21379.7,21370.8,21372.5,
2023-12-19T09:54:00+05:30,21373,21374.1,21369.5,21371,
2023-12-19T09:55:00+05:30,21370.5,21372.3,21368,21371.5,
2023-12-19T09:56:00+05:30,21371.2,21378.1,21371,21372,
2023-12-19T09:57:00+05:30,21370.5,21378.2,21370,21377.8,
2023-12-19T09:58:00+05:30,21377.5,21381.1,21376.3,21376.8,
2023-12-19T09:59:00+05:30,21376.2,21382.9,21376.2,21379.5,
2023-12-19T10:00:00+05:30,21379.6,21383.8,21377.5,21377.5,
2023-12-19T10:01:00+05:30,21377.6,21380.3,21375.1,21375.8,
2023-12-19T10:02:00+05:30,21376.3,21377.9,21373.4,21375.6,
2023-12-19T10:03:00+05:30,21374.8,21375.6,21369.2,21371.9,
2023-12-19T10:04:00+05:30,21371.6,21371.6,21352,21352.3,
2023-12-19T10:05:00+05:30,21352.6,21361.2,21351.6,21360.3,
2023-12-19T10:06:00+05:30,21358.8,21360.5,21352.5,21352.5,
2023-12-19T10:07:00+05:30,21352.1,21355.8,21349.5,21349.8,
2023-12-19T10:08:00+05:30,21350.2,21350.2,21342,21343.2,
2023-12-19T10:09:00+05:30,21343.8,21346.2,21337.8,21341.3,
2023-12-19T10:10:00+05:30,21340.8,21346.2,21340.8,21342.8,
2023-12-19T10:11:00+05:30,21343.5,21346.8,21341,21345.3,
2023-12-19T10:12:00+05:30,21345.5,21355.2,21345.4,21353.6,
2023-12-19T10:13:00+05:30,21354.5,21358.8,21351.5,21354.8,
2023-12-19T10:14:00+05:30,21355,21355.8,21349.5,21351.8,
2023-12-19T10:15:00+05:30,21352.1,21359.7,21350.5,21359.2,
2023-12-19T10:16:00+05:30,21358.5,21362.6,21358.5,21362,
2023-12-19T10:17:00+05:30,21360.8,21366.2,21359.2,21366.2,
2023-12-19T10:18:00+05:30,21365.6,21373.6,21365,21371.5,
2023-12-19T10:19:00+05:30,21371.8,21381.7,21371,21379.5,
2023-12-19T10:20:00+05:30,21379.4,21380.3,21368.7,21375.8,
2023-12-19T10:21:00+05:30,21376.5,21380.5,21372.3,21373.3,
2023-12-19T10:22:00+05:30,21373.6,21376.8,21372.2,21373,
2023-12-19T10:23:00+05:30,21373.3,21376.7,21367.5,21368,
2023-12-19T10:24:00+05:30,21367.3,21367.4,21361.7,21365.4,
2023-12-19T10:25:00+05:30,21365.5,21376.2,21364.4,21371.9,
2023-12-19T10:26:00+05:30,21371.5,21373.5,21369.6,21369.8,
2023-12-19T10:27:00+05:30,21369.8,21370.8,21368.3,21370.5,
2023-12-19T10:28:00+05:30,21370.2,21373.8,21369.5,21370,
2023-12-19T10:29:00+05:30,21370.2,21371.3,21363,21363.9,
2023-12-19T10:30:00+05:30,21362.7,21365.5,21362.1,21364.7,
2023-12-19T10:31:00+05:30,21364.8,21367.1,21360.2,21361.9,
2023-12-19T10:32:00+05:30,21362.1,21363,21359.9,21362.2,
2023-12-19T10:33:00+05:30,21361.8,21368.7,21361.8,21368.7,
2023-12-19T10:34:00+05:30,21369.2,21386.8,21369.1,21385.7,
2023-12-19T10:35:00+05:30,21386.2,21392.4,21386.2,21389.2,
2023-12-19T10:36:00+05:30,21389.2,21390,21383,21385.8,
2023-12-19T10:37:00+05:30,21385.3,21387.6,21384.2,21385,
2023-12-19T10:38:00+05:30,21384.1,21384.7,21377.8,21378,
2023-12-19T10:39:00+05:30,21379,21382.5,21376.1,21382.5,
2023-12-19T10:40:00+05:30,21382.5,21385.1,21381.8,21383,
2023-12-19T10:41:00+05:30,21382.4,21384,21379.3,21381.5,
2023-12-19T10:42:00+05:30,21382.2,21390.2,21381.5,21390.2,
2023-12-19T10:43:00+05:30,21391.1,21402.5,21391,21399.2,
2023-12-19T10:44:00+05:30,21399,21403.5,21395.2,21395.2,
2023-12-19T10:45:00+05:30,21396.2,21399,21391.7,21392.6,
2023-12-19T10:46:00+05:30,21391.7,21396,21391.7,21396,
2023-12-19T10:47:00+05:30,21395.7,21398.7,21395.3,21396.7,
2023-12-19T10:48:00+05:30,21397.5,21398,21388.8,21391.3,
2023-12-19T10:49:00+05:30,21391.1,21391.8,21386.9,21387.7,
2023-12-19T10:50:00+05:30,21388.5,21391.8,21387.4,21390.7,
2023-12-19T10:51:00+05:30,21390.8,21392,21385.9,21385.9,
2023-12-19T10:52:00+05:30,21386.2,21394,21385.2,21391,
2023-12-19T10:53:00+05:30,21391.5,21394.2,21389.5,21394.2,
2023-12-19T10:54:00+05:30,21394.4,21398,21392.8,21394.5,
2023-12-19T10:55:00+05:30,21394.2,21394.2,21389.5,21390.2,
2023-12-19T10:56:00+05:30,21390.8,21391.8,21389.2,21389.9,
2023-12-19T10:57:00+05:30,21389.4,21391.8,21389.4,21390.3,
2023-12-19T10:58:00+05:30,21390.4,21390.9,21386.8,21388.8,
2023-12-19T10:59:00+05:30,21388.1,21388.8,21384.8,21386.8,
2023-12-19T11:00:00+05:30,21387.6,21390.1,21387.6,21388.2,
2023-12-19T11:01:00+05:30,21388.3,21391.7,21386.8,21391.7,
2023-12-19T11:02:00+05:30,21390.9,21393.5,21389,21390.8,
2023-12-19T11:03:00+05:30,21390.4,21395.3,21389.4,21394.4,
2023-12-19T11:04:00+05:30,21393.5,21393.8,21384.9,21384.9,
2023-12-19T11:05:00+05:30,21385.2,21389.2,21385.2,21388.6,
2023-12-19T11:06:00+05:30,21389.2,21392.2,21388.6,21390.7,
2023-12-19T11:07:00+05:30,21391.8,21395.5,21390,21392.2,
2023-12-19T11:08:00+05:30,21391.3,21396.8,21391.3,21395.6,
2023-12-19T11:09:00+05:30,21396.2,21400.5,21396.2,21400.5,
2023-12-19T11:10:00+05:30,21400.6,21404.5,21398.3,21399.6,
2023-12-19T11:11:00+05:30,21398.4,21400.6,21397,21399.7,
2023-12-19T11:12:00+05:30,21399.6,21403.7,21399.2,21403.7,
2023-12-19T11:13:00+05:30,21403.1,21405.9,21402.8,21405,
2023-12-19T11:14:00+05:30,21404.4,21405.3,21398.5,21399.8,
2023-12-19T11:15:00+05:30,21399.8,21401.2,21398,21400.3,
2023-12-19T11:16:00+05:30,21399.5,21401.5,21397.2,21401.5,
2023-12-19T11:17:00+05:30,21401,21401.5,21395,21397.8,
2023-12-19T11:18:00+05:30,21397.5,21399,21394.2,21395.5,
2023-12-19T11:19:00+05:30,21395.3,21395.4,21385.3,21385.3,
2023-12-19T11:20:00+05:30,21385.8,21393.8,21385.2,21393.2,
2023-12-19T11:21:00+05:30,21393,21393.7,21389.5,21391.2,
2023-12-19T11:22:00+05:30,21390.4,21390.4,21387.5,21389.3,
2023-12-19T11:23:00+05:30,21389.2,21392.8,21388.8,21392.5,
2023-12-19T11:24:00+05:30,21392,21392.9,21389,21390.2,
2023-12-19T11:25:00+05:30,21390.7,21392.2,21388.8,21390.2,
2023-12-19T11:26:00+05:30,21390.6,21394,21389.6,21392.4,
2023-12-19T11:27:00+05:30,21392.8,21395,21390.8,21393,
2023-12-19T11:28:00+05:30,21392.7,21394.3,21390.2,21392,
2023-12-19T11:29:00+05:30,21391,21398.1,21390.7,21397.8,
2023-12-19T11:30:00+05:30,21398,21399.4,21396.8,21397.7,
2023-12-19T11:31:00+05:30,21397.3,21401,21397.3,21398.7,
2023-12-19T11:32:00+05:30,21397.7,21398.3,21396.2,21397,
2023-12-19T11:33:00+05:30,21397,21398.3,21393.9,21394.9,
2023-12-19T11:34:00+05:30,21395.3,21396.3,21393,21393.7,
2023-12-19T11:35:00+05:30,21394.1,21394.4,21391.3,21392.7,
2023-12-19T11:36:00+05:30,21393,21396.4,21391.2,21396.4,
2023-12-19T11:37:00+05:30,21397.4,21405.4,21397.4,21404.9,
2023-12-19T11:38:00+05:30,21404.7,21406.2,21401.2,21404.8,
2023-12-19T11:39:00+05:30,21405.7,21412,21405.5,21410.9,
2023-12-19T11:40:00+05:30,21412.8,21413.9,21406.5,21407.5,
2023-12-19T11:41:00+05:30,21406.8,21412.8,21404.3,21412,
2023-12-19T11:42:00+05:30,21412.6,21422.2,21412.3,21421.2,
2023-12-19T11:43:00+05:30,21421.7,21423.2,21415.2,21416.7,
2023-12-19T11:44:00+05:30,21416.9,21421.7,21416.5,21421.7,
2023-12-19T11:45:00+05:30,21422.7,21427.3,21420.2,21424.7,
2023-12-19T11:46:00+05:30,21425.7,21429,21423.8,21428.5,
2023-12-19T11:47:00+05:30,21427.3,21431,21426.3,21431,
2023-12-19T11:48:00+05:30,21430.7,21435.2,21430.1,21435.2,
2023-12-19T11:49:00+05:30,21435.7,21439.7,21431.5,21439.7,
2023-12-19T11:50:00+05:30,21439.5,21448.8,21439.2,21448.4,
2023-12-19T11:51:00+05:30,21447.7,21454,21447.1,21453.8,
2023-12-19T11:52:00+05:30,21454.1,21454.3,21444.2,21445,
2023-12-19T11:53:00+05:30,21444.3,21445,21438,21440.3,
2023-12-19T11:54:00+05:30,21439.3,21449.4,21439.3,21448,
2023-12-19T11:55:00+05:30,21447.5,21451.8,21446.7,21448.9,
2023-12-19T11:56:00+05:30,21448.6,21449.6,21444.7,21448.8,
2023-12-19T11:57:00+05:30,21447.5,21448.9,21444,21447.3,
2023-12-19T11:58:00+05:30,21446.2,21449,21442.5,21447.8,
2023-12-19T11:59:00+05:30,21447.7,21448.8,21443,21444.5,
2023-12-19T12:00:00+05:30,21443.5,21448.3,21443.2,21444.2,
2023-12-19T12:01:00+05:30,21445,21446,21439,21439.3,
2023-12-19T12:02:00+05:30,21439,21440.6,21435.8,21436.7,
2023-12-19T12:03:00+05:30,21435.3,21437,21431.8,21434.4,
2023-12-19T12:04:00+05:30,21433.5,21440.7,21432.3,21440.2,
2023-12-19T12:05:00+05:30,21439.2,21442,21438.8,21440.3,
2023-12-19T12:06:00+05:30,21440.3,21441.2,21435.5,21436.8,
2023-12-19T12:07:00+05:30,21436.2,21436.5,21432.9,21433.6,
2023-12-19T12:08:00+05:30,21433.7,21437,21432.2,21437,
2023-12-19T12:09:00+05:30,21436.4,21440,21434.5,21437.3,
2023-12-19T12:10:00+05:30,21437.3,21441.8,21436.7,21440.6,
2023-12-19T12:11:00+05:30,21441.1,21441.8,21438,21439.8,
2023-12-19T12:12:00+05:30,21439.5,21440.2,21436.3,21436.5,
2023-12-19T12:13:00+05:30,21437.2,21438.2,21433.7,21434.7,
2023-12-19T12:14:00+05:30,21434.2,21437.8,21433.4,21435.8,
2023-12-19T12:15:00+05:30,21434.8,21439.2,21433.2,21439.2,
2023-12-19T12:16:00+05:30,21438.3,21442.3,21436.5,21442.3,
2023-12-19T12:17:00+05:30,21442.4,21449.7,21441.6,21449.2,
2023-12-19T12:18:00+05:30,21449.5,21451,21443.3,21445.7,
2023-12-19T12:19:00+05:30,21445.2,21445.2,21439.8,21441.8,
2023-12-19T12:20:00+05:30,21441.8,21443.8,21440,21442.3,
2023-12-19T12:21:00+05:30,21442,21443.4,21439.2,21442.3,
2023-12-19T12:22:00+05:30,21441,21447.1,21439.2,21446.2,
2023-12-19T12:23:00+05:30,21445.2,21452.8,21444.2,21452.5,
2023-12-19T12:24:00+05:30,21451.9,21455,21449.1,21452.8,
2023-12-19T12:25:00+05:30,21452.2,21456.8,21451.1,21455.3,
2023-12-19T12:26:00+05:30,21453.9,21454,21448.2,21449.8,
2023-12-19T12:27:00+05:30,21450,21451.3,21448,21451,
2023-12-19T12:28:00+05:30,21450.5,21452,21449.3,21451.5,
2023-12-19T12:29:00+05:30,21450.2,21452.2,21447.2,21448.6,
2023-12-19T12:30:00+05:30,21448.3,21451.6,21444.8,21451.6,
2023-12-19T12:31:00+05:30,21451.8,21454.8,21451.1,21454.3,
2023-12-19T12:32:00+05:30,21453.5,21455.5,21449.2,21451.2,
2023-12-19T12:33:00+05:30,21450.3,21456,21449.4,21454.5,
2023-12-19T12:34:00+05:30,21455,21461.7,21454.5,21460,
2023-12-19T12:35:00+05:30,21460,21463,21457.8,21461.2,
2023-12-19T12:36:00+05:30,21461,21461.9,21457.2,21459.3,
2023-12-19T12:37:00+05:30,21458.6,21459,21455.5,21457.5,
2023-12-19T12:38:00+05:30,21457,21466.3,21456,21466,
2023-12-19T12:39:00+05:30,21465.7,21468.1,21464.8,21467.6,
2023-12-19T12:40:00+05:30,21467.2,21471.2,21465.8,21467,
2023-12-19T12:41:00+05:30,21467.2,21467.8,21463.8,21465.4,
2023-12-19T12:42:00+05:30,21464.7,21468.8,21462.4,21468,
2023-12-19T12:43:00+05:30,21467.3,21468.7,21465.3,21466.7,
2023-12-19T12:44:00+05:30,21468.5,21471.8,21466.5,21469.2,
2023-12-19T12:45:00+05:30,21470.3,21471.8,21467,21471.3,
2023-12-19T12:46:00+05:30,21470.8,21471.5,21466.8,21468.3,
2023-12-19T12:47:00+05:30,21468.2,21468.2,21463.7,21465.2,
2023-12-19T12:48:00+05:30,21465.5,21467,21464.3,21465.8,
2023-12-19T12:49:00+05:30,21466.2,21466.8,21464,21465.8,
2023-12-19T12:50:00+05:30,21464.2,21468,21463.2,21467.4,
2023-12-19T12:51:00+05:30,21466.3,21469.8,21466.3,21469.2,
2023-12-19T12:52:00+05:30,21468.9,21469,21465.1,21468.1,
2023-12-19T12:53:00+05:30,21468.2,21468.8,21463.7,21466.8,
2023-12-19T12:54:00+05:30,21466.3,21467,21459.5,21461.6,
2023-12-19T12:55:00+05:30,21461.4,21461.8,21459.2,21461,
2023-12-19T12:56:00+05:30,21461.3,21467.2,21458,21467,
2023-12-19T12:57:00+05:30,21466,21468.5,21463.7,21468.3,
2023-12-19T12:58:00+05:30,21468.1,21472.5,21467.4,21471.5,
2023-12-19T12:59:00+05:30,21471.3,21474.4,21471,21471.2,
2023-12-19T13:00:00+05:30,21470,21470,21464.8,21467.6,
2023-12-19T13:01:00+05:30,21465.9,21468,21464.5,21466.8,
2023-12-19T13:02:00+05:30,21466.8,21467.4,21462.5,21463.4,
2023-12-19T13:03:00+05:30,21463.5,21464.8,21461.2,21461.8,
2023-12-19T13:04:00+05:30,21462.2,21463.7,21460.8,21461.3,
2023-12-19T13:05:00+05:30,21461.2,21461.3,21454.7,21455.5,
2023-12-19T13:06:00+05:30,21454.8,21463.2,21454.8,21462.8,
2023-12-19T13:07:00+05:30,21462.5,21465.3,21459.8,21461,
2023-12-19T13:08:00+05:30,21460.9,21462.2,21455.8,21457.3,
2023-12-19T13:09:00+05:30,21457.2,21458.7,21455.7,21458.2,
2023-12-19T13:10:00+05:30,21458.1,21460.3,21457.5,21460.3,
2023-12-19T13:11:00+05:30,21460.5,21460.9,21457.4,21458.8,
2023-12-19T13:12:00+05:30,21458.7,21464.4,21458.4,21462,
2023-12-19T13:13:00+05:30,21461.1,21462.6,21458.6,21460.5,
2023-12-19T13:14:00+05:30,21459.8,21463,21458.3,21461.9,
2023-12-19T13:15:00+05:30,21461.5,21465.4,21460.6,21465.4,
2023-12-19T13:16:00+05:30,21465.4,21465.4,21461,21462.8,
2023-12-19T13:17:00+05:30,21462.2,21462.4,21458,21459,
2023-12-19T13:18:00+05:30,21458.3,21460,21456.4,21458.7,
2023-12-19T13:19:00+05:30,21458.7,21459.7,21454.5,21456.3,
2023-12-19T13:20:00+05:30,21455.9,21460.5,21454.7,21460.5,
2023-12-19T13:21:00+05:30,21460.3,21462.2,21459,21462.2,
2023-12-19T13:22:00+05:30,21462.5,21463.2,21451.7,21454.7,
2023-12-19T13:23:00+05:30,21454.3,21455.4,21452.5,21455,
2023-12-19T13:24:00+05:30,21454,21455,21450.2,21452,
2023-12-19T13:25:00+05:30,21451.5,21452.5,21449.2,21451,
2023-12-19T13:26:00+05:30,21450.5,21452.2,21449,21451.3,
2023-12-19T13:27:00+05:30,21452,21455.8,21450.3,21454.4,
2023-12-19T13:28:00+05:30,21454.2,21456,21453.2,21454.2,
2023-12-19T13:29:00+05:30,21454.5,21456.3,21453.4,21455.5,
2023-12-19T13:30:00+05:30,21454.5,21460.8,21454.5,21459.8,
2023-12-19T13:31:00+05:30,21459.2,21459.9,21457,21457.8,
2023-12-19T13:32:00+05:30,21458,21459.2,21453.3,21455.5,
2023-12-19T13:33:00+05:30,21455,21460.8,21454.6,21459.3,
2023-12-19T13:34:00+05:30,21459.4,21460.8,21458.1,21459,
2023-12-19T13:35:00+05:30,21459.1,21459.8,21457.2,21459.2,
2023-12-19T13:36:00+05:30,21459.2,21460,21457.3,21459.5,
2023-12-19T13:37:00+05:30,21459.3,21461.3,21458.5,21461,
2023-12-19T13:38:00+05:30,21460,21462,21459.1,21460.6,
2023-12-19T13:39:00+05:30,21459.8,21461.8,21459,21461.2,
2023-12-19T13:40:00+05:30,21461.2,21464.1,21460.8,21463.5,
2023-12-19T13:41:00+05:30,21463.7,21465.7,21462.5,21464.2,
2023-12-19T13:42:00+05:30,21463.7,21465.4,21462.7,21465,
2023-12-19T13:43:00+05:30,21464.5,21469.3,21463.8,21467.9,
2023-12-19T13:44:00+05:30,21468,21468.5,21464.9,21467.7,
2023-12-19T13:45:00+05:30,21467.8,21468.9,21466.1,21468.3,
2023-12-19T13:46:00+05:30,21468.2,21468.9,21463.2,21464.3,
2023-12-19T13:47:00+05:30,21463.8,21465.1,21463.2,21464.8,
2023-12-19T13:48:00+05:30,21464.2,21466.5,21463.5,21465.8,
2023-12-19T13:49:00+05:30,21465,21465,21461.3,21463,
2023-12-19T13:50:00+05:30,21462.8,21464.9,21459.8,21464.9,
2023-12-19T13:51:00+05:30,21465.5,21473.8,21465.5,21472.9,
2023-12-19T13:52:00+05:30,21473,21473.7,21469.1,21471.2,
2023-12-19T13:53:00+05:30,21470.3,21473.8,21469.6,21473.3,
2023-12-19T13:54:00+05:30,21472.9,21474,21471.3,21474,
2023-12-19T13:55:00+05:30,21472.9,21474,21469.9,21470.7,
2023-12-19T13:56:00+05:30,21471,21475.3,21469.6,21474.7,
2023-12-19T13:57:00+05:30,21474.6,21478,21474.5,21478,
2023-12-19T13:58:00+05:30,21478.8,21479,21475,21476.6,
2023-12-19T13:59:00+05:30,21476.6,21476.7,21472.4,21474.8,
2023-12-19T14:00:00+05:30,21475.1,21475.2,21470.5,21472.1,
2023-12-19T14:01:00+05:30,21471.7,21475.2,21471.5,21474.7,
2023-12-19T14:02:00+05:30,21474.3,21476.1,21474,21475,
2023-12-19T14:03:00+05:30,21474.8,21475.8,21472,21474,
2023-12-19T14:04:00+05:30,21473.5,21474.4,21468.8,21470.5,
2023-12-19T14:05:00+05:30,21469.7,21473.7,21468.8,21472.9,
2023-12-19T14:06:00+05:30,21473.3,21481.8,21473.3,21480.8,
2023-12-19T14:07:00+05:30,21479.5,21480.6,21475.5,21477,
2023-12-19T14:08:00+05:30,21476.4,21482.8,21474.6,21481.8,
2023-12-19T14:09:00+05:30,21481.8,21484.5,21480.5,21482.5,
2023-12-19T14:10:00+05:30,21482.2,21483.8,21480.2,21481.1,
2023-12-19T14:11:00+05:30,21481.5,21483.5,21480,21483,
2023-12-19T14:12:00+05:30,21483.7,21487.8,21482.5,21486.2,
2023-12-19T14:13:00+05:30,21485.7,21485.7,21482.3,21485,
2023-12-19T14:14:00+05:30,21484,21484.2,21480.2,21481,
2023-12-19T14:15:00+05:30,21480.5,21482.8,21478.7,21478.7,
2023-12-19T14:16:00+05:30,21477.9,21478.3,21472.6,21475.6,
2023-12-19T14:17:00+05:30,21475,21482.2,21473.2,21481.8,
2023-12-19T14:18:00+05:30,21481.5,21486.3,21481.5,21485.4,
2023-12-19T14:19:00+05:30,21484.6,21484.8,21480.3,21481.8,
2023-12-19T14:20:00+05:30,21481.9,21483.6,21480.8,21482.2,
2023-12-19T14:21:00+05:30,21482.2,21484.3,21481,21482.8,
2023-12-19T14:22:00+05:30,21482.7,21482.8,21479.2,21480,
2023-12-19T14:23:00+05:30,21479.5,21480.3,21476.8,21477.2,
2023-12-19T14:24:00+05:30,21476.2,21477.8,21472.6,21475.7,
2023-12-19T14:25:00+05:30,21475,21478.2,21474.3,21478,
2023-12-19T14:26:00+05:30,21477.5,21483.2,21477.5,21483.2,
2023-12-19T14:27:00+05:30,21483.3,21488.2,21482.4,21487.1,
2023-12-19T14:28:00+05:30,21487.1,21489,21484.6,21486,
2023-12-19T14:29:00+05:30,21485.9,21487.2,21483.5,21486.9,
2023-12-19T14:30:00+05:30,21485.9,21491,21484.3,21490.5,
2023-12-19T14:31:00+05:30,21490,21497,21489.5,21496.1,
2023-12-19T14:32:00+05:30,21495.4,21496.5,21490.3,21492.3,
2023-12-19T14:33:00+05:30,21491.3,21499.5,21491.3,21499.5,
2023-12-19T14:34:00+05:30,21498.5,21501,21496.5,21499,
2023-12-19T14:35:00+05:30,21498.5,21502.5,21494.8,21501.9,
2023-12-19T14:36:00+05:30,21502.5,21505,21500,21501.2,
2023-12-19T14:37:00+05:30,21501.2,21501.2,21495.6,21496.9,
2023-12-19T14:38:00+05:30,21496.5,21498.3,21491.2,21495,
2023-12-19T14:39:00+05:30,21494.3,21497,21491.8,21494,
2023-12-19T14:40:00+05:30,21494,21495.2,21491.5,21495.2,
2023-12-19T14:41:00+05:30,21495.1,21496,21491.8,21493.3,
2023-12-19T14:42:00+05:30,21492.5,21493.3,21485.8,21488,
2023-12-19T14:43:00+05:30,21487.5,21488.2,21485.7,21486.8,
2023-12-19T14:44:00+05:30,21486.4,21489.1,21484.5,21489.1,
2023-12-19T14:45:00+05:30,21487.8,21493.3,21487.8,21489.3,
2023-12-19T14:46:00+05:30,21489.2,21489.2,21477.1,21482.3,
2023-12-19T14:47:00+05:30,21482.2,21482.2,21476.3,21477.5,
2023-12-19T14:48:00+05:30,21477,21477,21473,21474.8,
2023-12-19T14:49:00+05:30,21473.4,21473.9,21462.8,21466.1,
2023-12-19T14:50:00+05:30,21466,21469.2,21462.5,21469.2,
2023-12-19T14:51:00+05:30,21468.3,21469.6,21464.8,21466.2,
2023-12-19T14:52:00+05:30,21465.3,21467.3,21461,21466.8,
2023-12-19T14:53:00+05:30,21466.8,21470.3,21461.8,21463.4,
2023-12-19T14:54:00+05:30,21462.9,21462.9,21451.5,21454.9,
2023-12-19T14:55:00+05:30,21454.3,21465.8,21454.3,21459.1,
2023-12-19T14:56:00+05:30,21458.4,21459,21451.2,21451.7,
2023-12-19T14:57:00+05:30,21451,21456.2,21446.2,21447.8,
2023-12-19T14:58:00+05:30,21446.5,21450,21437.3,21440.2,
2023-12-19T14:59:00+05:30,21439.6,21439.6,21428.9,21431.8,
2023-12-19T15:00:00+05:30,21428.6,21434.8,21426.5,21434.8,
2023-12-19T15:01:00+05:30,21432.8,21448.7,21430.8,21447.3,
2023-12-19T15:02:00+05:30,21447.2,21462.3,21446.2,21462.3,
2023-12-19T15:03:00+05:30,21461.5,21461.5,21451.5,21454.2,
2023-12-19T15:04:00+05:30,21453.5,21453.5,21444,21445.6,
2023-12-19T15:05:00+05:30,21445.3,21460.6,21443.4,21460.6,
2023-12-19T15:06:00+05:30,21460.8,21465.3,21460.3,21462.7,
2023-12-19T15:07:00+05:30,21462.2,21468.8,21460.3,21468.8,
2023-12-19T15:08:00+05:30,21468.3,21475.5,21468.3,21470.5,
2023-12-19T15:09:00+05:30,21469.7,21470.5,21466.7,21469.2,
2023-12-19T15:10:00+05:30,21468,21468.6,21460.2,21464.2,
2023-12-19T15:11:00+05:30,21463.8,21468.6,21463.8,21467.2,
2023-12-19T15:12:00+05:30,21467.3,21468.9,21465,21466.8,
2023-12-19T15:13:00+05:30,21466.3,21466.5,21457.6,21457.6,
2023-12-19T15:14:00+05:30,21457.2,21457.2,21453.3,21453.8,
2023-12-19T15:15:00+05:30,21453.7,21458.2,21453.2,21457.8,
2023-12-19T15:16:00+05:30,21458.2,21458.7,21456.5,21458.3,
2023-12-19T15:17:00+05:30,21458.1,21458.5,21452.3,21452.5,
2023-12-19T15:18:00+05:30,21453.2,21453.2,21440.7,21444.8,
2023-12-19T15:19:00+05:30,21444.8,21448.5,21444.5,21446.1,
2023-12-19T15:20:00+05:30,21447.2,21450,21445.2,21445.2,
2023-12-19T15:21:00+05:30,21445.1,21450.8,21445.1,21448.5,
2023-12-19T15:22:00+05:30,21448.5,21450.4,21447.8,21448,
2023-12-19T15:23:00+05:30,21448,21450,21443,21446.7,
2023-12-19T15:24:00+05:30,21446.3,21447.8,21441.5,21446.5,
2023-12-19T15:25:00+05:30,21446.8,21452.9,21446.8,21452.4,
2023-12-19T15:26:00+05:30,21452.2,21457.8,21452,21457.5,
2023-12-19T15:27:00+05:30,21457.3,21460.2,21454.3,21454.8,
2023-12-19T15:28:00+05:30,21454.6,21455.3,21449,21449.4,
2023-12-19T15:29:00+05:30,21449.4,21450.5,21443,21446,
2023-12-20T09:15:00+05:30,21543.5,21552.7,21525.2,21550.8,
2023-12-20T09:16:00+05:30,21550.5,21565.8,21550.5,21562.5,
2023-12-20T09:17:00+05:30,21563.7,21570,21559.2,21564.1,
2023-12-20T09:18:00+05:30,21564.5,21565.4,21559.8,21565,
2023-12-20T09:19:00+05:30,21564.7,21565.5,21560,21562,
2023-12-20T09:20:00+05:30,21562.3,21565.8,21551.8,21554.8,
2023-12-20T09:21:00+05:30,21555.3,21567.4,21554.5,21564.7,
2023-12-20T09:22:00+05:30,21564.5,21573.7,21563.9,21571,
2023-12-20T09:23:00+05:30,21570.3,21575.9,21567.3,21574.5,
2023-12-20T09:24:00+05:30,21574.3,21577.7,21567.8,21570,
2023-12-20T09:25:00+05:30,21569.8,21571.2,21566.5,21568.3,
2023-12-20T09:26:00+05:30,21569.7,21569.7,21565.2,21568.8,
2023-12-20T09:27:00+05:30,21568.8,21570.2,21565.1,21566.1,
2023-12-20T09:28:00+05:30,21567.2,21569.2,21563.9,21564.3,
2023-12-20T09:29:00+05:30,21565.6,21568,21561.7,21564.2,
2023-12-20T09:30:00+05:30,21564.4,21567.7,21560.5,21561.4,
2023-12-20T09:31:00+05:30,21561.2,21571,21560.2,21570.8,
2023-12-20T09:32:00+05:30,21571.5,21572.5,21565.8,21569.5,
2023-12-20T09:33:00+05:30,21571.3,21580.7,21568.3,21578.2,
2023-12-20T09:34:00+05:30,21579.3,21579.3,21571.8,21572.5,
2023-12-20T09:35:00+05:30,21573,21579.2,21571.8,21579.2,
2023-12-20T09:36:00+05:30,21579,21586.1,21578.5,21582.2,
2023-12-20T09:37:00+05:30,21582.9,21585.8,21581.7,21585.8,
2023-12-20T09:38:00+05:30,21586,21587.6,21583.2,21587.6,
2023-12-20T09:39:00+05:30,21587.8,21592.5,21586.1,21590.2,
2023-12-20T09:40:00+05:30,21591.3,21593,21580.2,21580.2,
2023-12-20T09:41:00+05:30,21579.7,21584.7,21575,21578.2,
2023-12-20T09:42:00+05:30,21579,21579.5,21574,21576.2,
2023-12-20T09:43:00+05:30,21575.6,21575.9,21569.4,21573.2,
2023-12-20T09:44:00+05:30,21572.8,21581.2,21572.8,21580,
2023-12-20T09:45:00+05:30,21578.5,21579.7,21572.7,21574.5,
2023-12-20T09:46:00+05:30,21575,21575.9,21572.7,21574.4,
2023-12-20T09:47:00+05:30,21572.7,21575.3,21572,21574.4,
2023-12-20T09:48:00+05:30,21574.2,21574.5,21567.3,21573.2,
2023-12-20T09:49:00+05:30,21573.9,21581,21573.2,21579,
2023-12-20T09:50:00+05:30,21579,21579,21573.9,21575.5,
2023-12-20T09:51:00+05:30,21575.8,21576.9,21572.5,21572.5,
2023-12-20T09:52:00+05:30,21573,21573.9,21568.4,21573.9,
2023-12-20T09:53:00+05:30,21574.4,21576,21572.5,21572.5,
2023-12-20T09:54:00+05:30,21573.5,21573.8,21568,21568.7,
2023-12-20T09:55:00+05:30,21568.3,21571.3,21566,21566.8,
2023-12-20T09:56:00+05:30,21567.4,21569.7,21565.5,21567.5,
2023-12-20T09:57:00+05:30,21567.8,21575,21566.2,21575,
2023-12-20T09:58:00+05:30,21574,21574.4,21569.5,21572,
2023-12-20T09:59:00+05:30,21572.2,21574.4,21568.8,21569,
2023-12-20T10:00:00+05:30,21571,21577.1,21565.8,21565.8,
2023-12-20T10:01:00+05:30,21568.2,21570.3,21562,21562.5,
2023-12-20T10:02:00+05:30,21561.8,21562,21550.3,21550.3,
2023-12-20T10:03:00+05:30,21549.3,21549.3,21543.5,21544.3,
2023-12-20T10:04:00+05:30,21545.5,21547,21543.8,21545.5,
2023-12-20T10:05:00+05:30,21545.5,21552.6,21545.5,21549.5,
2023-12-20T10:06:00+05:30,21549.9,21551.9,21545.6,21546.2,
2023-12-20T10:07:00+05:30,21546.5,21546.5,21534.8,21536.7,
2023-12-20T10:08:00+05:30,21534.8,21539.3,21534.8,21537.5,
2023-12-20T10:09:00+05:30,21537.2,21539.3,21535.8,21538.4,
2023-12-20T10:10:00+05:30,21538.5,21541.6,21538,21541.1,
2023-12-20T10:11:00+05:30,21541.7,21546.5,21540.8,21541,
2023-12-20T10:12:00+05:30,21540.5,21541.4,21536.3,21536.3,
2023-12-20T10:13:00+05:30,21538.2,21550.8,21538.2,21550.5,
2023-12-20T10:14:00+05:30,21549.4,21556,21547.2,21556,
2023-12-20T10:15:00+05:30,21554.5,21561.5,21554.4,21561.5,
2023-12-20T10:16:00+05:30,21561.1,21564.7,21557.6,21559.1,
2023-12-20T10:17:00+05:30,21559.4,21563.1,21557.2,21561.9,
2023-12-20T10:18:00+05:30,21561.2,21567.6,21561.1,21566.3,
2023-12-20T10:19:00+05:30,21565.7,21567.2,21564.1,21564.1,
2023-12-20T10:20:00+05:30,21563.9,21564.2,21560.7,21563.2,
2023-12-20T10:21:00+05:30,21563.3,21563.3,21557.8,21557.8,
2023-12-20T10:22:00+05:30,21557.7,21561.2,21557.7,21559.5,
2023-12-20T10:23:00+05:30,21558.3,21559.1,21554.7,21557.8,
2023-12-20T10:24:00+05:30,21557.3,21563.3,21557.1,21560.3,
2023-12-20T10:25:00+05:30,21561.3,21562.1,21558.3,21562,
2023-12-20T10:26:00+05:30,21562.7,21562.7,21559.2,21560.2,
2023-12-20T10:27:00+05:30,21560,21560.3,21556.8,21560.3,
2023-12-20T10:28:00+05:30,21560,21560.9,21556.4,21559.6,
2023-12-20T10:29:00+05:30,21559.6,21559.6,21550.6,21552.5,
2023-12-20T10:30:00+05:30,21551.4,21558.1,21550.7,21553.9,
2023-12-20T10:31:00+05:30,21553.8,21556.5,21552.8,21556,
2023-12-20T10:32:00+05:30,21554.6,21558,21553.5,21557,
2023-12-20T10:33:00+05:30,21558,21558.5,21554,21555.5,
2023-12-20T10:34:00+05:30,21554.3,21554.8,21549.5,21549.7,
2023-12-20T10:35:00+05:30,21549.8,21553.3,21549.8,21552,
2023-12-20T10:36:00+05:30,21552.8,21554,21548.2,21548.8,
2023-12-20T10:37:00+05:30,21548.3,21552.2,21546.5,21552.2,
2023-12-20T10:38:00+05:30,21552.2,21554.9,21551.3,21554.8,
2023-12-20T10:39:00+05:30,21555.7,21556.9,21554.7,21556.3,
2023-12-20T10:40:00+05:30,21555.5,21556.5,21552.8,21553.1,
2023-12-20T10:41:00+05:30,21554.8,21566.5,21552.1,21566.5,
2023-12-20T10:42:00+05:30,21566.4,21569.9,21566.3,21567.4,
2023-12-20T10:43:00+05:30,21567.8,21569.2,21565.7,21569,
2023-12-20T10:44:00+05:30,21569.2,21570.2,21567.2,21569.8,
2023-12-20T10:45:00+05:30,21570,21574.5,21569.5,21573.5,
2023-12-20T10:46:00+05:30,21573.8,21576.7,21573.2,21576.6,
2023-12-20T10:47:00+05:30,21578,21578.8,21575.8,21578.8,
2023-12-20T10:48:00+05:30,21578,21579.8,21574.2,21576.9,
2023-12-20T10:49:00+05:30,21576,21580,21575.2,21578.8,
2023-12-20T10:50:00+05:30,21578.2,21580.8,21575.8,21576.6,
2023-12-20T10:51:00+05:30,21576.8,21577,21571.3,21571.8,
2023-12-20T10:52:00+05:30,21573.5,21574.3,21569.8,21572.3,
2023-12-20T10:53:00+05:30,21573.7,21577.3,21573.1,21576,
2023-12-20T10:54:00+05:30,21575.5,21576,21568.2,21569.8,
2023-12-20T10:55:00+05:30,21569.5,21570.9,21565.5,21567.5,
2023-12-20T10:56:00+05:30,21568.2,21572,21567.9,21571.8,
2023-12-20T10:57:00+05:30,21571.2,21576.8,21571.2,21576.7,
2023-12-20T10:58:00+05:30,21577,21577.3,21570.7,21571.7,
2023-12-20T10:59:00+05:30,21572.5,21579,21571.5,21578.5,
2023-12-20T11:00:00+05:30,21577.9,21579.8,21574.5,21575,
2023-12-20T11:01:00+05:30,21575,21577,21574.2,21576.5,
2023-12-20T11:02:00+05:30,21576.4,21577.5,21574.3,21575,
2023-12-20T11:03:00+05:30,21574.2,21576,21573.3,21574.6,
2023-12-20T11:04:00+05:30,21574.8,21579.9,21573.6,21579.5,
2023-12-20T11:05:00+05:30,21579.5,21579.8,21576.6,21577.5,
2023-12-20T11:06:00+05:30,21577.8,21577.8,21575,21575,
2023-12-20T11:07:00+05:30,21575.2,21577.6,21573,21573.5,
2023-12-20T11:08:00+05:30,21573.5,21576,21573.5,21575,
2023-12-20T11:09:00+05:30,21575.2,21576.2,21572.7,21573.6,
2023-12-20T11:10:00+05:30,21573.5,21574.5,21572.2,21573.5,
2023-12-20T11:11:00+05:30,21573.2,21574,21571.8,21573.8,
2023-12-20T11:12:00+05:30,21573.5,21575.1,21573,21574.7,
2023-12-20T11:13:00+05:30,21573.4,21575.8,21573.4,21573.9,
2023-12-20T11:14:00+05:30,21574.5,21574.7,21565,21565,
2023-12-20T11:15:00+05:30,21565.1,21566.7,21562.3,21562.4,
2023-12-20T11:16:00+05:30,21562.7,21566.5,21560.6,21564,
2023-12-20T11:17:00+05:30,21563.7,21565.6,21561.5,21561.7,
2023-12-20T11:18:00+05:30,21562,21566,21559.8,21560,
2023-12-20T11:19:00+05:30,21560.8,21560.8,21553.8,21555.2,
2023-12-20T11:20:00+05:30,21555.5,21557.2,21553.3,21554.7,
2023-12-20T11:21:00+05:30,21556.2,21559.5,21555,21558.2,
2023-12-20T11:22:00+05:30,21558.2,21558.9,21549.2,21550.7,
2023-12-20T11:23:00+05:30,21551,21553.5,21549.2,21549.2,
2023-12-20T11:24:00+05:30,21549.4,21549.4,21544.8,21547.8,
2023-12-20T11:25:00+05:30,21547.8,21551.5,21547.8,21551.2,
2023-12-20T11:26:00+05:30,21551.2,21553.2,21550.2,21551.3,
2023-12-20T11:27:00+05:30,21552,21553.9,21551.3,21552.8,
2023-12-20T11:28:00+05:30,21553.8,21554.2,21551.2,21553,
2023-12-20T11:29:00+05:30,21553,21553,21547.2,21547.2,
2023-12-20T11:30:00+05:30,21548,21548.8,21540.6,21543.2,
2023-12-20T11:31:00+05:30,21543.2,21543.3,21537.7,21537.7,
2023-12-20T11:32:00+05:30,21537.7,21539.6,21536,21539,
2023-12-20T11:33:00+05:30,21539.8,21539.8,21531.5,21531.8,
2023-12-20T11:34:00+05:30,21530.8,21533.8,21530.8,21532.1,
2023-12-20T11:35:00+05:30,21532.1,21532.7,21525.7,21529.2,
2023-12-20T11:36:00+05:30,21528.2,21531.8,21527.8,21531,
2023-12-20T11:37:00+05:30,21530.8,21542.8,21530.5,21542.2,
2023-12-20T11:38:00+05:30,21541.1,21541.1,21534,21534.8,
2023-12-20T11:39:00+05:30,21536.1,21536.5,21533.4,21535,
2023-12-20T11:40:00+05:30,21534.7,21538,21530.3,21530.3,
2023-12-20T11:41:00+05:30,21530.8,21530.8,21523.7,21524.5,
2023-12-20T11:42:00+05:30,21524.2,21526.4,21522.5,21523.8,
2023-12-20T11:43:00+05:30,21523.8,21523.8,21517.8,21520,
2023-12-20T11:44:00+05:30,21519.6,21521.9,21513.8,21521.2,
2023-12-20T11:45:00+05:30,21520.3,21524,21519.3,21523.5,
2023-12-20T11:46:00+05:30,21523.2,21524.2,21518.4,21520.3,
2023-12-20T11:47:00+05:30,21520.3,21520.3,21513.1,21515,
2023-12-20T11:48:00+05:30,21514.4,21515.3,21505.7,21507.4,
2023-12-20T11:49:00+05:30,21507.6,21515.2,21507.6,21512.2,
2023-12-20T11:50:00+05:30,21511.5,21511.7,21507.4,21508.1,
2023-12-20T11:51:00+05:30,21508.2,21508.6,21500,21504.9,
2023-12-20T11:52:00+05:30,21505,21505,21493.9,21493.9,
2023-12-20T11:53:00+05:30,21493.2,21497.2,21490.5,21492.3,
2023-12-20T11:54:00+05:30,21491.8,21501.3,21491.7,21501.2,
2023-12-20T11:55:00+05:30,21501.1,21502.2,21498.3,21502.2,
2023-12-20T11:56:00+05:30,21501.8,21513.2,21501.3,21511.9,
2023-12-20T11:57:00+05:30,21512,21518.5,21511.2,21518.5,
2023-12-20T11:58:00+05:30,21518.8,21521.8,21517.2,21520.9,
2023-12-20T11:59:00+05:30,21519.9,21524.8,21519.9,21524.8,
2023-12-20T12:00:00+05:30,21525.2,21530.8,21525,21530.1,
2023-12-20T12:01:00+05:30,21530.2,21532.3,21522.8,21522.8,
2023-12-20T12:02:00+05:30,21521.5,21521.8,21516.5,21518.3,
2023-12-20T12:03:00+05:30,21518,21521,21517.7,21519.4,
2023-12-20T12:04:00+05:30,21518.8,21527.5,21518.5,21527.5,
2023-12-20T12:05:00+05:30,21527.9,21535.9,21527.9,21535.2,
2023-12-20T12:06:00+05:30,21535.3,21535.5,21527.9,21533.2,
2023-12-20T12:07:00+05:30,21533.8,21535.3,21531.6,21531.6,
2023-12-20T12:08:00+05:30,21532.2,21533.5,21528.7,21533,
2023-12-20T12:09:00+05:30,21533,21533.8,21530,21533,
2023-12-20T12:10:00+05:30,21533.5,21534.1,21527.5,21528.2,
2023-12-20T12:11:00+05:30,21528,21528.5,21523.2,21528.5,
2023-12-20T12:12:00+05:30,21529.2,21529.6,21526.3,21526.3,
2023-12-20T12:13:00+05:30,21525.4,21528.7,21523.8,21528.7,
2023-12-20T12:14:00+05:30,21528.8,21530.5,21526,21528.7,
2023-12-20T12:15:00+05:30,21529.2,21530.8,21525.8,21527.2,
2023-12-20T12:16:00+05:30,21526.5,21527.8,21516.8,21516.8,
2023-12-20T12:17:00+05:30,21516.5,21521,21511.8,21512.5,
2023-12-20T12:18:00+05:30,21512.3,21515.4,21511.2,21514.7,
2023-12-20T12:19:00+05:30,21515.4,21518.7,21512.8,21512.8,
2023-12-20T12:20:00+05:30,21513.8,21513.9,21507.5,21509.7,
2023-12-20T12:21:00+05:30,21510,21510.3,21502.2,21504.4,
2023-12-20T12:22:00+05:30,21504.3,21510.5,21504.3,21508.2,
2023-12-20T12:23:00+05:30,21509.3,21517,21509.3,21517,
2023-12-20T12:24:00+05:30,21516,21517.8,21513,21515.3,
2023-12-20T12:25:00+05:30,21515.2,21522.7,21514.9,21521.8,
2023-12-20T12:26:00+05:30,21522.5,21523.2,21518.5,21519.5,
2023-12-20T12:27:00+05:30,21519.2,21519.9,21515.1,21515.2,
2023-12-20T12:28:00+05:30,21515.3,21515.3,21510.7,21512.3,
2023-12-20T12:29:00+05:30,21512,21513.3,21508.5,21509.2,
2023-12-20T12:30:00+05:30,21509.2,21510.4,21506.6,21507,
2023-12-20T12:31:00+05:30,21506.8,21506.8,21501.4,21505.2,
2023-12-20T12:32:00+05:30,21505.5,21508.7,21502.5,21508.1,
2023-12-20T12:33:00+05:30,21507.9,21508.5,21504.8,21507,
2023-12-20T12:34:00+05:30,21507.4,21517.2,21506.2,21516.8,
2023-12-20T12:35:00+05:30,21516.2,21518.5,21512.3,21512.8,
2023-12-20T12:36:00+05:30,21512,21514.5,21510.3,21514.2,
2023-12-20T12:37:00+05:30,21512.7,21514,21509.8,21511,
2023-12-20T12:38:00+05:30,21510.9,21513.3,21508.8,21512.3,
2023-12-20T12:39:00+05:30,21511.9,21518.5,21511.9,21517.8,
2023-12-20T12:40:00+05:30,21518.2,21518.6,21514.3,21516.2,
2023-12-20T12:41:00+05:30,21515.8,21522.2,21514,21520.7,
2023-12-20T12:42:00+05:30,21522.5,21526.2,21521.5,21524.3,
2023-12-20T12:43:00+05:30,21524.1,21525.6,21520.5,21524.7,
2023-12-20T12:44:00+05:30,21524.9,21524.9,21521.2,21523,
2023-12-20T12:45:00+05:30,21522.7,21523.9,21521.5,21523,
2023-12-20T12:46:00+05:30,21523,21525,21519.3,21523.5,
2023-12-20T12:47:00+05:30,21523,21523.2,21519.3,21523,
2023-12-20T12:48:00+05:30,21523.2,21525.8,21522.3,21524.2,
2023-12-20T12:49:00+05:30,21524.3,21532.2,21523.5,21532.1,
2023-12-20T12:50:00+05:30,21532.2,21534.9,21531.2,21532.2,
2023-12-20T12:51:00+05:30,21531.8,21531.8,21526,21528,
2023-12-20T12:52:00+05:30,21527.8,21532.3,21526.6,21528.5,
2023-12-20T12:53:00+05:30,21529.1,21534.2,21527.2,21533,
2023-12-20T12:54:00+05:30,21533.5,21533.5,21528.3,21531.8,
2023-12-20T12:55:00+05:30,21532,21535.7,21531.2,21534.3,
2023-12-20T12:56:00+05:30,21534.5,21537.2,21533.2,21536,
2023-12-20T12:57:00+05:30,21535.5,21536,21529.5,21529.5,
2023-12-20T12:58:00+05:30,21529,21529.5,21523.8,21524,
2023-12-20T12:59:00+05:30,21524.2,21527,21521.5,21521.5,
2023-12-20T13:00:00+05:30,21521.5,21521.5,21517,21517,
2023-12-20T13:01:00+05:30,21516,21517,21512,21513,
2023-12-20T13:02:00+05:30,21513.3,21515.6,21511,21511.5,
2023-12-20T13:03:00+05:30,21511.5,21514.2,21510.5,21512.6,
2023-12-20T13:04:00+05:30,21512.1,21514.5,21510.2,21512.8,
2023-12-20T13:05:00+05:30,21512.2,21516.8,21511.3,21514.2,
2023-12-20T13:06:00+05:30,21513.7,21515.3,21511.5,21513.2,
2023-12-20T13:07:00+05:30,21513,21514,21509,21509.2,
2023-12-20T13:08:00+05:30,21509.5,21509.5,21502.8,21503.2,
2023-12-20T13:09:00+05:30,21503.5,21503.5,21485.8,21486.2,
2023-12-20T13:10:00+05:30,21486.3,21488.3,21482.2,21482.2,
2023-12-20T13:11:00+05:30,21482.8,21482.8,21474.8,21480.8,
2023-12-20T13:12:00+05:30,21480.8,21486.3,21476.7,21476.7,
2023-12-20T13:13:00+05:30,21476.8,21477,21468.5,21469.9,
2023-12-20T13:14:00+05:30,21469,21479,21467.3,21472.4,
2023-12-20T13:15:00+05:30,21472,21475.9,21468.2,21473,
2023-12-20T13:16:00+05:30,21473,21474,21465.9,21465.9,
2023-12-20T13:17:00+05:30,21464.7,21469.3,21461.7,21463.3,
2023-12-20T13:18:00+05:30,21462.6,21473.1,21460.8,21472,
2023-12-20T13:19:00+05:30,21471.8,21471.8,21450.2,21450.2,
2023-12-20T13:20:00+05:30,21450.1,21459.5,21448.2,21459.1,
2023-12-20T13:21:00+05:30,21458.5,21472.5,21456.5,21466,
2023-12-20T13:22:00+05:30,21465.2,21466.5,21458.7,21460,
2023-12-20T13:23:00+05:30,21459.5,21462.9,21451.9,21453.8,
2023-12-20T13:24:00+05:30,21452.7,21452.7,21438.7,21438.7,
2023-12-20T13:25:00+05:30,21438.6,21443,21436.2,21438.1,
2023-12-20T13:26:00+05:30,21437.8,21437.8,21425.2,21425.8,
2023-12-20T13:27:00+05:30,21424.8,21424.8,21393.7,21393.7,
2023-12-20T13:28:00+05:30,21393.5,21397.6,21376.9,21396,
2023-12-20T13:29:00+05:30,21395.3,21407.2,21394.4,21403.7,
2023-12-20T13:30:00+05:30,21404.7,21405.6,21389.5,21389.5,
2023-12-20T13:31:00+05:30,21389.8,21392.5,21372.7,21374.1,
2023-12-20T13:32:00+05:30,21374.2,21375.5,21356.6,21360.3,
2023-12-20T13:33:00+05:30,21358.3,21371.6,21356.8,21361,
2023-12-20T13:34:00+05:30,21360.5,21364,21337.7,21341.8,
2023-12-20T13:35:00+05:30,21344.5,21344.5,21319.2,21321.8,
2023-12-20T13:36:00+05:30,21321.6,21330,21303.5,21303.5,
2023-12-20T13:37:00+05:30,21303.4,21345.5,21301,21342.5,
2023-12-20T13:38:00+05:30,21343.7,21371.6,21342.5,21371.1,
2023-12-20T13:39:00+05:30,21372.3,21399.6,21365.7,21392.8,
2023-12-20T13:40:00+05:30,21396.7,21410.5,21372.4,21372.4,
2023-12-20T13:41:00+05:30,21372.6,21401.5,21371.5,21399.8,
2023-12-20T13:42:00+05:30,21399.5,21410.3,21391.5,21402.9,
2023-12-20T13:43:00+05:30,21401,21407.2,21399.5,21404.3,
2023-12-20T13:44:00+05:30,21404.8,21408,21400.6,21401,
2023-12-20T13:45:00+05:30,21401.7,21413.8,21400.3,21401.7,
2023-12-20T13:46:00+05:30,21401.5,21401.5,21381.2,21383.3,
2023-12-20T13:47:00+05:30,21383.2,21385.2,21365.8,21380.7,
2023-12-20T13:48:00+05:30,21377.3,21383.8,21373.5,21379.9,
2023-12-20T13:49:00+05:30,21376.9,21384.7,21372.5,21373,
2023-12-20T13:50:00+05:30,21374.4,21376.2,21341.2,21344.7,
2023-12-20T13:51:00+05:30,21343.3,21348.9,21325.2,21343.6,
2023-12-20T13:52:00+05:30,21341,21344.7,21336,21344.2,
2023-12-20T13:53:00+05:30,21342.3,21343.9,21336.4,21337.4,
2023-12-20T13:54:00+05:30,21342.5,21361.8,21342.5,21359.1,
2023-12-20T13:55:00+05:30,21361.4,21364,21355.7,21355.7,
2023-12-20T13:56:00+05:30,21359.2,21359.2,21337.7,21340.3,
2023-12-20T13:57:00+05:30,21340.5,21354.1,21340.5,21347,
2023-12-20T13:58:00+05:30,21346.7,21355.1,21345.2,21352,
2023-12-20T13:59:00+05:30,21352.7,21353.9,21346.7,21347.4,
2023-12-20T14:00:00+05:30,21348.2,21355.6,21335.4,21347.2,
2023-12-20T14:01:00+05:30,21347.2,21348.2,21336.8,21337.7,
2023-12-20T14:02:00+05:30,21336.5,21336.5,21317.2,21317.2,
2023-12-20T14:03:00+05:30,21316.6,21321.2,21294.9,21295.8,
2023-12-20T14:04:00+05:30,21294.6,21298.2,21274.4,21274.4,
2023-12-20T14:05:00+05:30,21274.6,21283.3,21266.5,21274.9,
2023-12-20T14:06:00+05:30,21272.2,21273.6,21257.2,21261.2,
2023-12-20T14:07:00+05:30,21260.4,21265.8,21254,21254.5,
2023-12-20T14:08:00+05:30,21254.2,21280.2,21252.4,21278.8,
2023-12-20T14:09:00+05:30,21281.1,21298.6,21281.1,21293,
2023-12-20T14:10:00+05:30,21292.3,21312,21292.3,21300.7,
2023-12-20T14:11:00+05:30,21301.1,21304.4,21279.8,21279.8,
2023-12-20T14:12:00+05:30,21279.3,21290.5,21278.8,21287.1,
2023-12-20T14:13:00+05:30,21288.6,21289.1,21281.3,21286.3,
2023-12-20T14:14:00+05:30,21288.2,21288.2,21283.5,21283.7,
2023-12-20T14:15:00+05:30,21285.1,21287.8,21271,21285.5,
2023-12-20T14:16:00+05:30,21286.9,21316.5,21286.4,21314.1,
2023-12-20T14:17:00+05:30,21314.7,21319.4,21303.9,21305.2,
2023-12-20T14:18:00+05:30,21305.5,21305.7,21290.2,21299.1,
2023-12-20T14:19:00+05:30,21300.3,21307.5,21298,21301.7,
2023-12-20T14:20:00+05:30,21301.5,21314.2,21301.5,21312,
2023-12-20T14:21:00+05:30,21313,21323.9,21312.5,21323,
2023-12-20T14:22:00+05:30,21321.8,21325.1,21314.8,21321.3,
2023-12-20T14:23:00+05:30,21321.3,21321.5,21308,21312.7,
2023-12-20T14:24:00+05:30,21314.2,21320.2,21304.8,21305.2,
2023-12-20T14:25:00+05:30,21305.8,21310.6,21294,21294,
2023-12-20T14:26:00+05:30,21293.8,21301.3,21288.7,21300.3,
2023-12-20T14:27:00+05:30,21298.1,21298.3,21292.6,21296.7,
2023-12-20T14:28:00+05:30,21297.4,21307.2,21296.8,21304.3,
2023-12-20T14:29:00+05:30,21304,21313.3,21302.5,21302.5,
2023-12-20T14:30:00+05:30,21303,21311.6,21303,21305.2,
2023-12-20T14:31:00+05:30,21304.2,21304.6,21288.7,21292,
2023-12-20T14:32:00+05:30,21292.7,21298.1,21279.2,21280.7,
2023-12-20T14:33:00+05:30,21280.5,21289.5,21272.7,21272.7,
2023-12-20T14:34:00+05:30,21272.6,21272.6,21259.9,21259.9,
2023-12-20T14:35:00+05:30,21259.7,21274,21259,21262,
2023-12-20T14:36:00+05:30,21262.2,21262.3,21255.2,21260.2,
2023-12-20T14:37:00+05:30,21259,21269.7,21252,21253.6,
2023-12-20T14:38:00+05:30,21253,21264.2,21248.1,21262.8,
2023-12-20T14:39:00+05:30,21263.2,21263.5,21246.9,21249,
2023-12-20T14:40:00+05:30,21247.5,21250.5,21241.5,21250.5,
2023-12-20T14:41:00+05:30,21248.1,21249.8,21233.6,21234.5,
2023-12-20T14:42:00+05:30,21234.7,21238.9,21228.5,21236.2,
2023-12-20T14:43:00+05:30,21236.8,21236.8,21223.5,21223.7,
2023-12-20T14:44:00+05:30,21221.7,21229.4,21214.2,21222.2,
2023-12-20T14:45:00+05:30,21221.8,21231.5,21220.3,21231.5,
2023-12-20T14:46:00+05:30,21231.3,21235.2,21227.8,21233.6,
2023-12-20T14:47:00+05:30,21232.8,21232.8,21225.2,21232,
2023-12-20T14:48:00+05:30,21230.9,21232.1,21208.5,21210.3,
2023-12-20T14:49:00+05:30,21210.5,21214.2,21206.7,21208.7,
2023-12-20T14:50:00+05:30,21208.4,21212.3,21206.5,21206.5,
2023-12-20T14:51:00+05:30,21208.8,21223.8,21205.3,21221.1,
2023-12-20T14:52:00+05:30,21221.5,21238.2,21221.5,21231.2,
2023-12-20T14:53:00+05:30,21231.8,21231.8,21218.7,21228.9,
2023-12-20T14:54:00+05:30,21229.8,21239.8,21229.8,21237.8,
2023-12-20T14:55:00+05:30,21236.7,21256.3,21236.7,21248.4,
2023-12-20T14:56:00+05:30,21250.2,21253.4,21242.2,21249.2,
2023-12-20T14:57:00+05:30,21250.7,21253.8,21239.2,21242.4,
2023-12-20T14:58:00+05:30,21244.8,21245,21228.7,21229.8,
2023-12-20T14:59:00+05:30,21228.7,21235.5,21223.5,21227.4,
2023-12-20T15:00:00+05:30,21227.3,21227.3,21211,21213.2,
2023-12-20T15:01:00+05:30,21214,21215.3,21192.2,21192.2,
2023-12-20T15:02:00+05:30,21191.2,21192.2,21178.2,21179.5,
2023-12-20T15:03:00+05:30,21178.5,21178.5,21168.5,21175.2,
2023-12-20T15:04:00+05:30,21173.3,21174.5,21161.9,21166.5,
2023-12-20T15:05:00+05:30,21168.7,21176.3,21165.6,21165.6,
2023-12-20T15:06:00+05:30,21166.2,21174.2,21165.6,21169.5,
2023-12-20T15:07:00+05:30,21167.7,21168.9,21158.9,21165.7,
2023-12-20T15:08:00+05:30,21165.9,21166.9,21162.6,21163.5,
2023-12-20T15:09:00+05:30,21163.5,21165.7,21159.8,21162.6,
2023-12-20T15:10:00+05:30,21163.5,21176.8,21163.5,21175.9,
2023-12-20T15:11:00+05:30,21175.6,21176,21167.9,21167.9,
2023-12-20T15:12:00+05:30,21169,21170.2,21162.9,21163.5,
2023-12-20T15:13:00+05:30,21163.1,21163.1,21149,21150.2,
2023-12-20T15:14:00+05:30,21150.3,21150.8,21141.6,21142.3,
2023-12-20T15:15:00+05:30,21140.9,21146.6,21132.4,21140.1,
2023-12-20T15:16:00+05:30,21141.2,21142.2,21135.5,21137.3,
2023-12-20T15:17:00+05:30,21138.3,21142,21135.5,21142,
2023-12-20T15:18:00+05:30,21139.6,21143,21135,21140.6,
2023-12-20T15:19:00+05:30,21139.5,21143.1,21134,21135.4,
2023-12-20T15:20:00+05:30,21136.3,21138,21127,21128.2,
2023-12-20T15:21:00+05:30,21129,21142,21125.8,21131.8,
2023-12-20T15:22:00+05:30,21131.3,21133.3,21123.9,21126,
2023-12-20T15:23:00+05:30,21127.8,21133.7,21127.8,21133.5,
2023-12-20T15:24:00+05:30,21133.3,21135.7,21127,21128.3,
2023-12-20T15:25:00+05:30,21127.5,21128.8,21117.5,21117.7,
2023-12-20T15:26:00+05:30,21118,21118.4,21105,21110.4,
2023-12-20T15:27:00+05:30,21110,21110.4,21101.8,21105.6,
2023-12-20T15:28:00+05:30,21104,21107,21095.3,21098.2,
2023-12-20T15:29:00+05:30,21095.2,21107,21087.3,21101.5,
2023-12-21T09:15:00+05:30,21034,21045.9,20976.8,21021.2,
2023-12-21T09:16:00+05:30,21023.7,21026.8,21012.5,21026.8,
2023-12-21T09:17:00+05:30,21025.2,21047.6,21022.1,21037.9,
2023-12-21T09:18:00+05:30,21036.5,21091,21036.5,21084.6,
2023-12-21T09:19:00+05:30,21083.5,21083.5,21047.5,21047.7,
2023-12-21T09:20:00+05:30,21046.3,21068.2,21040.2,21066.4,
2023-12-21T09:21:00+05:30,21065,21069.3,21056,21059.9,
2023-12-21T09:22:00+05:30,21058.5,21062,21042.8,21049.7,
2023-12-21T09:23:00+05:30,21050.3,21054.2,21043.8,21047.3,
2023-12-21T09:24:00+05:30,21043.8,21053.5,21035.2,21035.2,
2023-12-21T09:25:00+05:30,21033.2,21038.3,21022.3,21022.3,
2023-12-21T09:26:00+05:30,21023.3,21023.3,21013.7,21016,
2023-12-21T09:27:00+05:30,21016,21028.9,21009.9,21028.9,
2023-12-21T09:28:00+05:30,21028.8,21038.2,21023.7,21032.4,
2023-12-21T09:29:00+05:30,21028,21031,21021.2,21028.2,
2023-12-21T09:30:00+05:30,21027,21028.9,21015.4,21015.5,
2023-12-21T09:31:00+05:30,21012.7,21023,21007.9,21018.3,
2023-12-21T09:32:00+05:30,21017.4,21023.7,21016.8,21022,
2023-12-21T09:33:00+05:30,21022.5,21025.3,21013.5,21017.9,
2023-12-21T09:34:00+05:30,21016.8,21018.8,21001.8,21006,
2023-12-21T09:35:00+05:30,21005.3,21016.3,21005.3,21013.8,
2023-12-21T09:36:00+05:30,21013.5,21017.8,21004.6,21008.6,
2023-12-21T09:37:00+05:30,21008.7,21018.2,21008.5,21016.8,
2023-12-21T09:38:00+05:30,21017.8,21071.8,21012.5,21068.2,
2023-12-21T09:39:00+05:30,21069.3,21076.9,21035.3,21038.9,
2023-12-21T09:40:00+05:30,21037.9,21054.2,21028,21052.8,
2023-12-21T09:41:00+05:30,21054.8,21062.7,21054.8,21059.8,
2023-12-21T09:42:00+05:30,21060.9,21072,21054.2,21067.8,
2023-12-21T09:43:00+05:30,21070,21075.7,21062.8,21065.1,
2023-12-21T09:44:00+05:30,21064.5,21068.2,21063.5,21066,
2023-12-21T09:45:00+05:30,21065,21090.4,21060.2,21087.3,
2023-12-21T09:46:00+05:30,21086.9,21095.3,21086,21087.7,
2023-12-21T09:47:00+05:30,21088.1,21088.1,21074.2,21080.2,
2023-12-21T09:48:00+05:30,21079.4,21080.5,21061.5,21061.5,
2023-12-21T09:49:00+05:30,21055.2,21055.9,21036.5,21052.3,
2023-12-21T09:50:00+05:30,21051.7,21063.9,21051.7,21062.2,
2023-12-21T09:51:00+05:30,21062.8,21075.5,21053.4,21075.3,
2023-12-21T09:52:00+05:30,21076.2,21076.2,21067.3,21071.8,
2023-12-21T09:53:00+05:30,21070.8,21072.3,21057.3,21065.8,
2023-12-21T09:54:00+05:30,21066.7,21066.7,21060.1,21065,
2023-12-21T09:55:00+05:30,21065.7,21071.4,21057.5,21066.5,
2023-12-21T09:56:00+05:30,21067.2,21069.5,21062,21062.5,
2023-12-21T09:57:00+05:30,21058.4,21065.9,21052.8,21052.8,
2023-12-21T09:58:00+05:30,21052.8,21056.9,21048.5,21056.5,
2023-12-21T09:59:00+05:30,21057.9,21070.2,21057.3,21070.2,
2023-12-21T10:00:00+05:30,21069.9,21071.4,21058.9,21068.4,
2023-12-21T10:01:00+05:30,21067.7,21077.8,21062.8,21077.3,
2023-12-21T10:02:00+05:30,21078,21083.4,21075.6,21081.8,
2023-12-21T10:03:00+05:30,21083.2,21084.7,21075.2,21079.3,
2023-12-21T10:04:00+05:30,21079.8,21080.5,21069.8,21075.9,
2023-12-21T10:05:00+05:30,21076.2,21085,21076.2,21085,
2023-12-21T10:06:00+05:30,21085,21087.3,21075.5,21087.3,
2023-12-21T10:07:00+05:30,21090.5,21096.5,21086.8,21096.5,
2023-12-21T10:08:00+05:30,21095.6,21108,21095.6,21104.9,
2023-12-21T10:09:00+05:30,21104.7,21128.4,21104.7,21124.2,
2023-12-21T10:10:00+05:30,21124,21129.9,21119.1,21119.1,
2023-12-21T10:11:00+05:30,21119,21132,21118.7,21126.7,
2023-12-21T10:12:00+05:30,21125.8,21136,21125.8,21134.5,
2023-12-21T10:13:00+05:30,21133.4,21138.9,21127.7,21130.2,
2023-12-21T10:14:00+05:30,21131.2,21131.2,21114.4,21123.2,
2023-12-21T10:15:00+05:30,21123.2,21123.2,21107.9,21109.3,
2023-12-21T10:16:00+05:30,21109.6,21126.5,21108.7,21123.7,
2023-12-21T10:17:00+05:30,21123.4,21132,21121,21129.2,
2023-12-21T10:18:00+05:30,21130,21138,21127.3,21137.2,
2023-12-21T10:19:00+05:30,21139.8,21145.5,21131.7,21132.4,
2023-12-21T10:20:00+05:30,21132.5,21137.9,21126.3,21132.2,
2023-12-21T10:21:00+05:30,21132,21138.1,21127.5,21137.3,
2023-12-21T10:22:00+05:30,21136.2,21136.7,21121.6,21126.5,
2023-12-21T10:23:00+05:30,21126.7,21132.3,21125.2,21132.3,
2023-12-21T10:24:00+05:30,21132.3,21141.4,21131.6,21139.7,
2023-12-21T10:25:00+05:30,21140.2,21141.2,21130.3,21133.7,
2023-12-21T10:26:00+05:30,21134.2,21138.2,21132,21132,
2023-12-21T10:27:00+05:30,21132.2,21132.2,21115.5,21123.5,
2023-12-21T10:28:00+05:30,21124,21124.8,21110.2,21117.5,
2023-12-21T10:29:00+05:30,21118.2,21119.2,21108.1,21108.3,
2023-12-21T10:30:00+05:30,21106.8,21107,21086.7,21086.7,
2023-12-21T10:31:00+05:30,21084.4,21084.4,21059.1,21078.5,
2023-12-21T10:32:00+05:30,21078.2,21082.5,21068.8,21069.2,
2023-12-21T10:33:00+05:30,21066.8,21072.7,21065.2,21065.2,
2023-12-21T10:34:00+05:30,21065.1,21080,21065.1,21079.9,
2023-12-21T10:35:00+05:30,21079.1,21087.5,21074,21082.2,
2023-12-21T10:36:00+05:30,21081.5,21093.8,21081.5,21087.2,
2023-12-21T10:37:00+05:30,21087.2,21087.2,21073.9,21079.8,
2023-12-21T10:38:00+05:30,21080.2,21080.2,21075.2,21079.8,
2023-12-21T10:39:00+05:30,21079.7,21085.7,21078.9,21083,
2023-12-21T10:40:00+05:30,21081.9,21086.8,21077,21079.8,
2023-12-21T10:41:00+05:30,21080,21128.5,21080,21128.5,
2023-12-21T10:42:00+05:30,21126.5,21138.1,21126.5,21134,
2023-12-21T10:43:00+05:30,21136.4,21152,21136.4,21149.4,
2023-12-21T10:44:00+05:30,21150.3,21155.7,21144.6,21148.8,
2023-12-21T10:45:00+05:30,21149.7,21159.4,21144.1,21157.2,
2023-12-21T10:46:00+05:30,21157,21166.3,21148.5,21148.7,
2023-12-21T10:47:00+05:30,21148.7,21157.3,21143.8,21150.5,
2023-12-21T10:48:00+05:30,21148,21155.3,21145.4,21147.8,
2023-12-21T10:49:00+05:30,21145.8,21149.8,21136,21143.3,
2023-12-21T10:50:00+05:30,21142.5,21142.5,21128.9,21131.2,
2023-12-21T10:51:00+05:30,21132.2,21144.5,21131.5,21139,
2023-12-21T10:52:00+05:30,21138.2,21147.3,21135,21147.3,
2023-12-21T10:53:00+05:30,21149.8,21151.3,21139.1,21148.1,
2023-12-21T10:54:00+05:30,21148,21148.2,21140.3,21148.2,
2023-12-21T10:55:00+05:30,21147.7,21151.7,21144.5,21151.3,
2023-12-21T10:56:00+05:30,21150.3,21150.6,21143.3,21143.8,
2023-12-21T10:57:00+05:30,21143.8,21150.5,21140.2,21149.8,
2023-12-21T10:58:00+05:30,21149.9,21151.4,21146.7,21150.5,
2023-12-21T10:59:00+05:30,21149.1,21160.8,21141.4,21156.9,
2023-12-21T11:00:00+05:30,21157.2,21166.5,21151.3,21166.3,
2023-12-21T11:01:00+05:30,21167.2,21168.7,21162.3,21167.5,
2023-12-21T11:02:00+05:30,21168.1,21177.5,21165.7,21171.5,
2023-12-21T11:03:00+05:30,21172.7,21180.1,21171.2,21177.5,
2023-12-21T11:04:00+05:30,21177.1,21177.1,21167,21169.2,
2023-12-21T11:05:00+05:30,21170.2,21171.8,21166.7,21167.4,
2023-12-21T11:06:00+05:30,21167.8,21167.8,21152.8,21153,
2023-12-21T11:07:00+05:30,21155.5,21156.2,21139,21147.9,
2023-12-21T11:08:00+05:30,21148.2,21148.7,21140,21140,
2023-12-21T11:09:00+05:30,21139.5,21149.7,21138.8,21147.9,
2023-12-21T11:10:00+05:30,21148,21148,21141.5,21144.1,
2023-12-21T11:11:00+05:30,21144.3,21154,21141.3,21147.1,
2023-12-21T11:12:00+05:30,21146.8,21148.2,21143.5,21147,
2023-12-21T11:13:00+05:30,21147.2,21148.5,21138.2,21146,
2023-12-21T11:14:00+05:30,21148.6,21157.5,21147,21157.5,
2023-12-21T11:15:00+05:30,21157.3,21159.5,21150.8,21153.5,
2023-12-21T11:16:00+05:30,21154.4,21154.7,21143.3,21144.4,
2023-12-21T11:17:00+05:30,21143.2,21143.2,21118.4,21130.5,
2023-12-21T11:18:00+05:30,21130.2,21135.1,21124.9,21124.9,
2023-12-21T11:19:00+05:30,21125.6,21143.2,21125.6,21143.2,
2023-12-21T11:20:00+05:30,21142.3,21148.8,21142,21147.2,
2023-12-21T11:21:00+05:30,21146.2,21148.1,21140.1,21146.2,
2023-12-21T11:22:00+05:30,21146.3,21146.6,21141.6,21141.6,
2023-12-21T11:23:00+05:30,21142.2,21151,21136.6,21147.5,
2023-12-21T11:24:00+05:30,21147.2,21159.2,21147,21156.7,
2023-12-21T11:25:00+05:30,21156.8,21156.8,21152,21152,
2023-12-21T11:26:00+05:30,21152.6,21152.6,21143.7,21146.2,
2023-12-21T11:27:00+05:30,21145.8,21148.6,21142.2,21145.7,
2023-12-21T11:28:00+05:30,21144.7,21145.3,21140.2,21143.1,
2023-12-21T11:29:00+05:30,21142,21145.3,21138,21142.2,
2023-12-21T11:30:00+05:30,21141.8,21151.7,21139.4,21139.8,
2023-12-21T11:31:00+05:30,21139.8,21156,21139.8,21154,
2023-12-21T11:32:00+05:30,21154,21154.4,21148.8,21153,
2023-12-21T11:33:00+05:30,21153,21161.2,21153,21156.3,
2023-12-21T11:34:00+05:30,21157.5,21158.2,21153.3,21154.2,
2023-12-21T11:35:00+05:30,21153.8,21155,21149.2,21152.5,
2023-12-21T11:36:00+05:30,21152.2,21157.8,21151.9,21155.2,
2023-12-21T11:37:00+05:30,21155.2,21162.5,21152.3,21152.8,
2023-12-21T11:38:00+05:30,21152.5,21157.1,21149.8,21156.3,
2023-12-21T11:39:00+05:30,21156.8,21157.7,21151.9,21155.8,
2023-12-21T11:40:00+05:30,21155.6,21157.2,21152.6,21156.5,
2023-12-21T11:41:00+05:30,21158.7,21161.4,21156,21159.3,
2023-12-21T11:42:00+05:30,21159.1,21160.3,21153,21155.1,
2023-12-21T11:43:00+05:30,21155,21158.3,21150,21151.5,
2023-12-21T11:44:00+05:30,21151.6,21157,21146.8,21156,
2023-12-21T11:45:00+05:30,21157.7,21160.2,21155.6,21159,
2023-12-21T11:46:00+05:30,21159.2,21173.1,21155.3,21173.1,
2023-12-21T11:47:00+05:30,21172.2,21178.7,21157.2,21160.2,
2023-12-21T11:48:00+05:30,21159.7,21160,21151.8,21157,
2023-12-21T11:49:00+05:30,21157.2,21157.7,21151.4,21157,
2023-12-21T11:50:00+05:30,21157.2,21160,21149.5,21159.3,
2023-12-21T11:51:00+05:30,21158,21162.7,21153,21159.5,
2023-12-21T11:52:00+05:30,21159.7,21163.5,21158.6,21162.5,
2023-12-21T11:53:00+05:30,21163,21164.8,21158.7,21164.7,
2023-12-21T11:54:00+05:30,21164.2,21165.4,21159.2,21164.5,
2023-12-21T11:55:00+05:30,21165.2,21170.8,21162.8,21168,
2023-12-21T11:56:00+05:30,21169.2,21169.7,21162.4,21165.8,
2023-12-21T11:57:00+05:30,21165.6,21169.3,21160.2,21167,
2023-12-21T11:58:00+05:30,21167.4,21168.3,21163.2,21165.2,
2023-12-21T11:59:00+05:30,21165.1,21167.7,21161.2,21164.3,
2023-12-21T12:00:00+05:30,21164.3,21169.2,21160.8,21168,
2023-12-21T12:01:00+05:30,21168.3,21169,21162.7,21165.7,
2023-12-21T12:02:00+05:30,21167.1,21174,21166.5,21171,
2023-12-21T12:03:00+05:30,21171.2,21179.4,21165.9,21178,
2023-12-21T12:04:00+05:30,21180,21192.1,21179,21190.3,
2023-12-21T12:05:00+05:30,21191.5,21193.8,21183.6,21187.3,
2023-12-21T12:06:00+05:30,21189,21191.7,21184.7,21191.7,
2023-12-21T12:07:00+05:30,21192.5,21198.8,21186.4,21186.6,
2023-12-21T12:08:00+05:30,21187.9,21187.9,21181.5,21185.2,
2023-12-21T12:09:00+05:30,21185.5,21187.1,21176.5,21184.2,
2023-12-21T12:10:00+05:30,21184,21185.8,21179.7,21182,
2023-12-21T12:11:00+05:30,21182.3,21187.7,21181.7,21183.5,
2023-12-21T12:12:00+05:30,21185.7,21189,21182.1,21183.8,
2023-12-21T12:13:00+05:30,21185,21185.3,21175,21177.3,
2023-12-21T12:14:00+05:30,21178.5,21185,21175.8,21180,
2023-12-21T12:15:00+05:30,21181.8,21182.8,21174.8,21177.5,
2023-12-21T12:16:00+05:30,21179.5,21183.7,21177.2,21182.1,
2023-12-21T12:17:00+05:30,21184.4,21185.2,21178,21180.5,
2023-12-21T12:18:00+05:30,21182.3,21186.2,21178.6,21181.5,
2023-12-21T12:19:00+05:30,21182.2,21185.3,21180.8,21184.3,
2023-12-21T12:20:00+05:30,21185.5,21188.7,21180,21188.7,
2023-12-21T12:21:00+05:30,21188,21189,21178.3,21178.3,
2023-12-21T12:22:00+05:30,21178.8,21183.8,21175.8,21180.2,
2023-12-21T12:23:00+05:30,21181.9,21188.6,21181,21187.1,
2023-12-21T12:24:00+05:30,21189.6,21191.9,21185.6,21189.8,
2023-12-21T12:25:00+05:30,21191.5,21202.5,21190,21194.4,
2023-12-21T12:26:00+05:30,21195.8,21199.4,21189.5,21196.5,
2023-12-21T12:27:00+05:30,21197.4,21208.3,21193,21201.7,
2023-12-21T12:28:00+05:30,21202.2,21208.1,21201.3,21203,
2023-12-21T12:29:00+05:30,21203.2,21213.6,21198.8,21210.8,
2023-12-21T12:30:00+05:30,21213,21218.7,21209.8,21212.4,
2023-12-21T12:31:00+05:30,21214.6,21221.8,21212.1,21217.5,
2023-12-21T12:32:00+05:30,21217,21218.3,21209.8,21213.7,
2023-12-21T12:33:00+05:30,21216,21219.2,21212,21214,
2023-12-21T12:34:00+05:30,21216.2,21216.5,21206.1,21211.2,
2023-12-21T12:35:00+05:30,21213,21215,21205.8,21211.8,
2023-12-21T12:36:00+05:30,21213.8,21222.2,21207.2,21219.7,
2023-12-21T12:37:00+05:30,21219.5,21221.5,21215.3,21217,
2023-12-21T12:38:00+05:30,21218.2,21230.2,21216.3,21229.5,
2023-12-21T12:39:00+05:30,21231.7,21239,21230.5,21232.7,
2023-12-21T12:40:00+05:30,21236,21238,21232,21233,
2023-12-21T12:41:00+05:30,21235.1,21239.8,21229.8,21234,
2023-12-21T12:42:00+05:30,21234.8,21245.2,21234.8,21244,
2023-12-21T12:43:00+05:30,21244.2,21246.5,21238.5,21243.2,
2023-12-21T12:44:00+05:30,21243.3,21251.8,21240,21250.2,
2023-12-21T12:45:00+05:30,21251,21251.5,21236.2,21236.2,
2023-12-21T12:46:00+05:30,21236.2,21244,21235.8,21236.8,
2023-12-21T12:47:00+05:30,21236.5,21241.6,21230.2,21241.6,
2023-12-21T12:48:00+05:30,21242.3,21244.3,21236.4,21243.8,
2023-12-21T12:49:00+05:30,21243.8,21246.2,21238.5,21243.8,
2023-12-21T12:50:00+05:30,21245.7,21247.5,21241.3,21243,
2023-12-21T12:51:00+05:30,21244.3,21245.7,21234.7,21238.7,
2023-12-21T12:52:00+05:30,21239.5,21243,21232.7,21243,
2023-12-21T12:53:00+05:30,21244.2,21247.8,21236.8,21240.2,
2023-12-21T12:54:00+05:30,21242.3,21257.5,21240.4,21254.9,
2023-12-21T12:55:00+05:30,21256,21256,21246,21247.8,
2023-12-21T12:56:00+05:30,21249.2,21249.2,21238.8,21238.8,
2023-12-21T12:57:00+05:30,21241.7,21246,21239.8,21243.3,
2023-12-21T12:58:00+05:30,21244.7,21248.5,21242.2,21243,
2023-12-21T12:59:00+05:30,21245,21247.2,21237.2,21241.9,
2023-12-21T13:00:00+05:30,21243.8,21246.8,21236.2,21242.2,
2023-12-21T13:01:00+05:30,21243.5,21243.5,21226.3,21235,
2023-12-21T13:02:00+05:30,21235.8,21247.8,21235.4,21243.7,
2023-12-21T13:03:00+05:30,21244,21244.3,21237.8,21243,
2023-12-21T13:04:00+05:30,21244,21247.1,21240.2,21243.7,
2023-12-21T13:05:00+05:30,21244,21248.7,21238.5,21239.2,
2023-12-21T13:06:00+05:30,21241,21242.5,21235,21235,
2023-12-21T13:07:00+05:30,21234.8,21239.2,21232.1,21236.7,
2023-12-21T13:08:00+05:30,21237.3,21239,21230.7,21232.3,
2023-12-21T13:09:00+05:30,21233.3,21235.7,21220.2,21224.5,
2023-12-21T13:10:00+05:30,21225.6,21229.9,21214.6,21220.6,
2023-12-21T13:11:00+05:30,21221.5,21236,21213.8,21233.2,
2023-12-21T13:12:00+05:30,21233.5,21240,21231.2,21238.5,
2023-12-21T13:13:00+05:30,21238.8,21238.8,21231.9,21234.8,
2023-12-21T13:14:00+05:30,21235.5,21251.7,21233.2,21250.8,
2023-12-21T13:15:00+05:30,21248.9,21252,21242.8,21250.1,
2023-12-21T13:16:00+05:30,21250,21250,21242.5,21246.5,
2023-12-21T13:17:00+05:30,21247.3,21249.5,21240.5,21242.6,
2023-12-21T13:18:00+05:30,21244.2,21245.5,21237,21239.8,
2023-12-21T13:19:00+05:30,21239.7,21240.8,21235.5,21239,
2023-12-21T13:20:00+05:30,21239.5,21242.8,21234.8,21238.3,
2023-12-21T13:21:00+05:30,21239.1,21244,21233.6,21235.9,
2023-12-21T13:22:00+05:30,21237,21239,21232,21236.9,
2023-12-21T13:23:00+05:30,21236.6,21239,21232.8,21235.2,
2023-12-21T13:24:00+05:30,21235.5,21248.9,21234.4,21238.9,
2023-12-21T13:25:00+05:30,21239.8,21239.8,21226.7,21236.2,
2023-12-21T13:26:00+05:30,21235.3,21241.5,21233.8,21239,
2023-12-21T13:27:00+05:30,21239,21239.8,21233.9,21238,
2023-12-21T13:28:00+05:30,21239.5,21242.3,21236.2,21238.9,
2023-12-21T13:29:00+05:30,21239.8,21248,21236.8,21243.7,
2023-12-21T13:30:00+05:30,21244.7,21251.1,21241,21243.8,
2023-12-21T13:31:00+05:30,21245.2,21261,21244.2,21260.5,
2023-12-21T13:32:00+05:30,21261.5,21264.7,21256.2,21263.2,
2023-12-21T13:33:00+05:30,21263.7,21264.8,21258.3,21260.5,
2023-12-21T13:34:00+05:30,21261.2,21269.5,21261.1,21265.9,
2023-12-21T13:35:00+05:30,21265.8,21266.7,21257.9,21259.8,
2023-12-21T13:36:00+05:30,21262,21262,21247.4,21248.8,
2023-12-21T13:37:00+05:30,21248.8,21248.8,21212.8,21218.2,
2023-12-21T13:38:00+05:30,21218,21225.4,21211.1,21214.7,
2023-12-21T13:39:00+05:30,21213.7,21213.7,21197.2,21204.7,
2023-12-21T13:40:00+05:30,21209.3,21212.9,21186.8,21189.7,
2023-12-21T13:41:00+05:30,21191.3,21192.2,21182.8,21191.7,
2023-12-21T13:42:00+05:30,21192.3,21212.5,21191.3,21211.3,
2023-12-21T13:43:00+05:30,21213,21215.7,21204.2,21210.4,
2023-12-21T13:44:00+05:30,21210.7,21211.8,21201.5,21207.8,
2023-12-21T13:45:00+05:30,21208.7,21210.5,21185.2,21185.9,
2023-12-21T13:46:00+05:30,21187.2,21196.6,21186.1,21193.1,
2023-12-21T13:47:00+05:30,21194.1,21203.5,21186.6,21199.9,
2023-12-21T13:48:00+05:30,21200.8,21206.2,21192.1,21203.1,
2023-12-21T13:49:00+05:30,21204.3,21222.7,21201.3,21220.2,
2023-12-21T13:50:00+05:30,21220.9,21237.8,21220,21233.8,
2023-12-21T13:51:00+05:30,21235.7,21237.8,21230.7,21234.9,
2023-12-21T13:52:00+05:30,21235.9,21238,21223.3,21228.3,
2023-12-21T13:53:00+05:30,21230.9,21233,21207,21207,
2023-12-21T13:54:00+05:30,21209.5,21221.4,21205.2,21216.8,
2023-12-21T13:55:00+05:30,21217.1,21218.9,21211.2,21215.7,
2023-12-21T13:56:00+05:30,21217,21218.5,21210,21211.2,
2023-12-21T13:57:00+05:30,21211.6,21216.3,21203,21216.3,
2023-12-21T13:58:00+05:30,21217,21219,21211.7,21217.1,
2023-12-21T13:59:00+05:30,21219.1,21224.8,21216.9,21222,
2023-12-21T14:00:00+05:30,21223.7,21230.8,21218.5,21224.9,
2023-12-21T14:01:00+05:30,21225.5,21225.5,21209.8,21213.2,
2023-12-21T14:02:00+05:30,21214,21215.9,21202.5,21204.8,
2023-12-21T14:03:00+05:30,21206.8,21215.1,21201.7,21203.8,
2023-12-21T14:04:00+05:30,21205.2,21208.3,21185.7,21187,
2023-12-21T14:05:00+05:30,21189.7,21195.2,21185.1,21188.8,
2023-12-21T14:06:00+05:30,21192.5,21200.2,21186.4,21192.5,
2023-12-21T14:07:00+05:30,21192.8,21198.9,21191.9,21191.9,
2023-12-21T14:08:00+05:30,21194.2,21204.2,21192.1,21195.3,
2023-12-21T14:09:00+05:30,21195.7,21200.3,21194.9,21195.7,
2023-12-21T14:10:00+05:30,21196.9,21208.3,21196.3,21202.6,
2023-12-21T14:11:00+05:30,21203.7,21204.5,21197.6,21199.8,
2023-12-21T14:12:00+05:30,21200.8,21201.5,21193.6,21194.9,
2023-12-21T14:13:00+05:30,21196,21200.3,21194.8,21200,
2023-12-21T14:14:00+05:30,21200.5,21218.8,21200.5,21216.8,
2023-12-21T14:15:00+05:30,21216.8,21226.3,21213.7,21225.3,
2023-12-21T14:16:00+05:30,21225.7,21229.2,21221,21223.9,
2023-12-21T14:17:00+05:30,21224.5,21224.9,21210.2,21214.1,
2023-12-21T14:18:00+05:30,21216.8,21222.2,21215.7,21221.4,
2023-12-21T14:19:00+05:30,21222.7,21225.5,21214.5,21217,
2023-12-21T14:20:00+05:30,21217.8,21226,21217.8,21224.4,
2023-12-21T14:21:00+05:30,21226.5,21231.3,21224.5,21230.4,
2023-12-21T14:22:00+05:30,21231.5,21237.1,21230,21232.2,
2023-12-21T14:23:00+05:30,21233.2,21246.3,21230.6,21243.1,
2023-12-21T14:24:00+05:30,21244.5,21248.2,21242.6,21244.5,
2023-12-21T14:25:00+05:30,21243.1,21248.2,21240.3,21240.3,
2023-12-21T14:26:00+05:30,21240.5,21240.5,21229.8,21234,
2023-12-21T14:27:00+05:30,21235.1,21237.4,21232.1,21233.5,
2023-12-21T14:28:00+05:30,21234.5,21240.9,21234.2,21239.7,
2023-12-21T14:29:00+05:30,21240.3,21244.4,21236.1,21243.2,
2023-12-21T14:30:00+05:30,21242,21245.4,21238.7,21245.4,
2023-12-21T14:31:00+05:30,21247.7,21255.2,21247.6,21251.3,
2023-12-21T14:32:00+05:30,21252.2,21259,21245,21258,
2023-12-21T14:33:00+05:30,21259.2,21261,21250.2,21251.9,
2023-12-21T14:34:00+05:30,21253.2,21255.5,21247.3,21254,
2023-12-21T14:35:00+05:30,21255.3,21255.3,21248.9,21253.7,
2023-12-21T14:36:00+05:30,21254.2,21257.1,21251.3,21253.3,
2023-12-21T14:37:00+05:30,21254.2,21254.2,21240.2,21243.2,
2023-12-21T14:38:00+05:30,21244.7,21247.2,21230,21246.7,
2023-12-21T14:39:00+05:30,21248,21260,21248,21257,
2023-12-21T14:40:00+05:30,21257.8,21263.5,21253.2,21260.4,
2023-12-21T14:41:00+05:30,21262.4,21272.3,21259.8,21262.4,
2023-12-21T14:42:00+05:30,21262.8,21270.2,21262.7,21265.8,
2023-12-21T14:43:00+05:30,21265.3,21269.5,21262.9,21265.8,
2023-12-21T14:44:00+05:30,21267.2,21269.2,21258.2,21260,
2023-12-21T14:45:00+05:30,21260.3,21263.8,21249.8,21258.7,
2023-12-21T14:46:00+05:30,21259.2,21271,21258.9,21268,
2023-12-21T14:47:00+05:30,21268.3,21270.1,21261.9,21264.5,
2023-12-21T14:48:00+05:30,21264.8,21271.7,21262.3,21265.1,
2023-12-21T14:49:00+05:30,21266.2,21267.9,21254.5,21258,
2023-12-21T14:50:00+05:30,21259.7,21263.5,21256.2,21260.2,
2023-12-21T14:51:00+05:30,21260.5,21261.5,21247.1,21251.2,
2023-12-21T14:52:00+05:30,21252.5,21255.1,21244.3,21253.2,
2023-12-21T14:53:00+05:30,21252.7,21258.3,21245.4,21245.4,
2023-12-21T14:54:00+05:30,21243.2,21251.9,21240.2,21250,
2023-12-21T14:55:00+05:30,21251.6,21252.1,21244.2,21245.2,
2023-12-21T14:56:00+05:30,21245.5,21246.2,21236,21238.7,
2023-12-21T14:57:00+05:30,21238.2,21249.2,21236,21247.2,
2023-12-21T14:58:00+05:30,21248.5,21254.5,21242.8,21252.7,
2023-12-21T14:59:00+05:30,21253.2,21253.2,21240.8,21242.8,
2023-12-21T15:00:00+05:30,21240.1,21247,21233.5,21244.2,
2023-12-21T15:01:00+05:30,21244,21255.8,21240.3,21241.5,
2023-12-21T15:02:00+05:30,21242.7,21246.2,21237,21243.4,
2023-12-21T15:03:00+05:30,21244.2,21247.7,21241.1,21245.3,
2023-12-21T15:04:00+05:30,21245.8,21247.8,21236.6,21242.2,
2023-12-21T15:05:00+05:30,21243.2,21247,21241.4,21243,
2023-12-21T15:06:00+05:30,21243.3,21243.3,21231.1,21235.7,
2023-12-21T15:07:00+05:30,21236.2,21240.3,21232.8,21239.7,
2023-12-21T15:08:00+05:30,21239.5,21241.5,21236.3,21237.8,
2023-12-21T15:09:00+05:30,21236.8,21236.8,21227.2,21234.2,
2023-12-21T15:10:00+05:30,21234.4,21242.6,21229.6,21241.5,
2023-12-21T15:11:00+05:30,21242.5,21257,21242.5,21256.3,
2023-12-21T15:12:00+05:30,21255.7,21265.2,21254.5,21262.6,
2023-12-21T15:13:00+05:30,21262.3,21262.8,21252.7,21256.7,
2023-12-21T15:14:00+05:30,21258.3,21259.5,21253,21257.5,
2023-12-21T15:15:00+05:30,21258.6,21265.2,21252.5,21264.2,
2023-12-21T15:16:00+05:30,21265.2,21267.9,21254.7,21266.8,
2023-12-21T15:17:00+05:30,21268,21272,21265.8,21269,
2023-12-21T15:18:00+05:30,21268.5,21269.3,21261.3,21261.3,
2023-12-21T15:19:00+05:30,21260.9,21261.8,21251,21253.1,
2023-12-21T15:20:00+05:30,21254.5,21259.4,21249.8,21251.7,
2023-12-21T15:21:00+05:30,21252,21263.3,21251.5,21262.5,
2023-12-21T15:22:00+05:30,21261.8,21262.5,21256.2,21259.3,
2023-12-21T15:23:00+05:30,21260.3,21263.4,21255.7,21263.4,
2023-12-21T15:24:00+05:30,21263.7,21268.2,21261.5,21267.6,
2023-12-21T15:25:00+05:30,21268.9,21270.2,21260.2,21261.8,
2023-12-21T15:26:00+05:30,21262.4,21265.6,21260,21264,
2023-12-21T15:27:00+05:30,21266.2,21269,21262.5,21266.1,
2023-12-21T15:28:00+05:30,21267.6,21276.1,21261.7,21269.5,
2023-12-21T15:29:00+05:30,21270.9,21288.3,21269,21283,
2023-12-22T09:15:00+05:30,21295.8,21313,21265.8,21271.7,
2023-12-22T09:16:00+05:30,21272,21278,21260.8,21276.5,
2023-12-22T09:17:00+05:30,21276,21298.7,21275.3,21288.9,
2023-12-22T09:18:00+05:30,21288.4,21299,21285,21291.2,
2023-12-22T09:19:00+05:30,21292.7,21296.8,21287.3,21291.7,
2023-12-22T09:20:00+05:30,21290.8,21290.8,21273.9,21280.3,
2023-12-22T09:21:00+05:30,21279.8,21282.1,21266.6,21266.6,
2023-12-22T09:22:00+05:30,21266.5,21269.5,21258.1,21265.2,
2023-12-22T09:23:00+05:30,21265.3,21269,21257.6,21257.7,
2023-12-22T09:24:00+05:30,21258.5,21264.1,21256.1,21260.6,
2023-12-22T09:25:00+05:30,21259.3,21275.3,21257.3,21273.8,
2023-12-22T09:26:00+05:30,21271.9,21279.6,21269.4,21275.5,
2023-12-22T09:27:00+05:30,21273,21273,21262.3,21262.3,
2023-12-22T09:28:00+05:30,21262.2,21263.8,21251.2,21251.9,
2023-12-22T09:29:00+05:30,21253.2,21257,21248.2,21255.5,
2023-12-22T09:30:00+05:30,21256.2,21266.3,21256.2,21266.3,
2023-12-22T09:31:00+05:30,21265.9,21266.5,21257.1,21262.5,
2023-12-22T09:32:00+05:30,21262.2,21270.5,21254.6,21255,
2023-12-22T09:33:00+05:30,21256,21261.7,21253.8,21257.5,
2023-12-22T09:34:00+05:30,21258.7,21269.3,21258.7,21262.5,
2023-12-22T09:35:00+05:30,21262.8,21273.5,21262.2,21270.3,
2023-12-22T09:36:00+05:30,21270,21277.9,21270,21275.6,
2023-12-22T09:37:00+05:30,21276.6,21282.2,21274.9,21279.5,
2023-12-22T09:38:00+05:30,21279.2,21279.2,21268.8,21272,
2023-12-22T09:39:00+05:30,21271.6,21275,21257.6,21258.6,
2023-12-22T09:40:00+05:30,21255.7,21263.3,21254.2,21262.3,
2023-12-22T09:41:00+05:30,21263.3,21273.2,21260.8,21272.3,
2023-12-22T09:42:00+05:30,21272.2,21272.2,21264.3,21267.9,
2023-12-22T09:43:00+05:30,21268,21282.2,21268,21277.5,
2023-12-22T09:44:00+05:30,21278.9,21278.9,21267.2,21270.8,
2023-12-22T09:45:00+05:30,21271,21276.2,21267.5,21276.2,
2023-12-22T09:46:00+05:30,21274.8,21305.5,21274.5,21305.5,
2023-12-22T09:47:00+05:30,21304.3,21316.2,21302.5,21315.6,
2023-12-22T09:48:00+05:30,21315.2,21329.5,21315.2,21329.2,
2023-12-22T09:49:00+05:30,21330.8,21340.7,21329.5,21332.3,
2023-12-22T09:50:00+05:30,21332,21335.2,21325,21329.3,
2023-12-22T09:51:00+05:30,21331.2,21333.5,21325,21332.2,
2023-12-22T09:52:00+05:30,21334.7,21346.8,21331.8,21343.1,
2023-12-22T09:53:00+05:30,21343.3,21343.5,21330.7,21337.5,
2023-12-22T09:54:00+05:30,21337.6,21339.2,21331.1,21333,
2023-12-22T09:55:00+05:30,21333.9,21344,21327.2,21343.1,
2023-12-22T09:56:00+05:30,21343.1,21343.1,21331.8,21333.2,
2023-12-22T09:57:00+05:30,21332.2,21332.2,21319.5,21328,
2023-12-22T09:58:00+05:30,21328.8,21344.3,21328,21341.7,
2023-12-22T09:59:00+05:30,21341.3,21342.8,21336,21340.8,
2023-12-22T10:00:00+05:30,21341.8,21341.9,21332.6,21336,
2023-12-22T10:01:00+05:30,21336,21339.5,21334,21337.3,
2023-12-22T10:02:00+05:30,21338.3,21350.2,21333.7,21343.8,
2023-12-22T10:03:00+05:30,21343.3,21343.3,21332.7,21342.4,
2023-12-22T10:04:00+05:30,21343.8,21352.8,21341.7,21345.8,
2023-12-22T10:05:00+05:30,21346,21348.5,21340.4,21347.1,
2023-12-22T10:06:00+05:30,21346.6,21355.5,21343.5,21351.3,
2023-12-22T10:07:00+05:30,21350.3,21352.5,21341.5,21345.8,
2023-12-22T10:08:00+05:30,21344.4,21346.5,21340.9,21341.8,
2023-12-22T10:09:00+05:30,21342.2,21347.1,21339.9,21346.2,
2023-12-22T10:10:00+05:30,21345,21347.8,21337.7,21340.1,
2023-12-22T10:11:00+05:30,21337.6,21344.4,21334.2,21336.2,
2023-12-22T10:12:00+05:30,21334.5,21342.7,21334.2,21335,
2023-12-22T10:13:00+05:30,21334.6,21343,21333.5,21341.8,
2023-12-22T10:14:00+05:30,21342.2,21353.3,21339.2,21350.7,
2023-12-22T10:15:00+05:30,21350.2,21353.8,21345.9,21346.6,
2023-12-22T10:16:00+05:30,21346,21346,21336.9,21336.9,
2023-12-22T10:17:00+05:30,21337.5,21342.7,21335.6,21342.7,
2023-12-22T10:18:00+05:30,21343,21352.5,21340.7,21350.5,
2023-12-22T10:19:00+05:30,21350.7,21350.7,21341.4,21343.2,
2023-12-22T10:20:00+05:30,21343.2,21347.5,21340,21347.5,
2023-12-22T10:21:00+05:30,21347.5,21347.5,21340.9,21344.3,
2023-12-22T10:22:00+05:30,21343,21344.8,21337.5,21338.7,
2023-12-22T10:23:00+05:30,21338.9,21340.2,21333.7,21338.8,
2023-12-22T10:24:00+05:30,21337.6,21337.6,21322.5,21333.2,
2023-12-22T10:25:00+05:30,21332.8,21343.7,21332.8,21340.1,
2023-12-22T10:26:00+05:30,21339.8,21352.2,21337.4,21346,
2023-12-22T10:27:00+05:30,21346,21352.1,21341.7,21345,
2023-12-22T10:28:00+05:30,21346.2,21350.7,21342.8,21348.5,
2023-12-22T10:29:00+05:30,21349.2,21355.8,21346.5,21353.8,
2023-12-22T10:30:00+05:30,21353.7,21357.5,21351.3,21354.8,
2023-12-22T10:31:00+05:30,21354.5,21362.9,21352.8,21353.5,
2023-12-22T10:32:00+05:30,21353.6,21355.5,21349.5,21353.4,
2023-12-22T10:33:00+05:30,21352.8,21353.5,21347.2,21347.8,
2023-12-22T10:34:00+05:30,21349.8,21352.8,21346.4,21349.2,
2023-12-22T10:35:00+05:30,21349.7,21349.7,21341.5,21341.5,
2023-12-22T10:36:00+05:30,21343,21346.8,21342,21344.1,
2023-12-22T10:37:00+05:30,21345,21353.8,21343.8,21351.5,
2023-12-22T10:38:00+05:30,21350.2,21351.3,21341.6,21347,
2023-12-22T10:39:00+05:30,21347.7,21358.5,21346.3,21355.7,
2023-12-22T10:40:00+05:30,21356.4,21356.9,21350,21351.7,
2023-12-22T10:41:00+05:30,21351.2,21352.7,21347.5,21349.6,
2023-12-22T10:42:00+05:30,21350.7,21350.7,21345.7,21347,
2023-12-22T10:43:00+05:30,21347.7,21348.8,21344.7,21344.7,
2023-12-22T10:44:00+05:30,21345.1,21348.5,21343.1,21346,
2023-12-22T10:45:00+05:30,21347,21349.8,21345.4,21346.5,
2023-12-22T10:46:00+05:30,21345.9,21349.3,21344,21348.1,
2023-12-22T10:47:00+05:30,21347.5,21351.8,21346.1,21350.7,
2023-12-22T10:48:00+05:30,21351.9,21361.4,21351.2,21358.7,
2023-12-22T10:49:00+05:30,21358.5,21359.1,21354.8,21355.4,
2023-12-22T10:50:00+05:30,21355.5,21355.5,21350.2,21352.7,
2023-12-22T10:51:00+05:30,21353,21363.5,21350.1,21361,
2023-12-22T10:52:00+05:30,21361.5,21370.7,21360.7,21363.5,
2023-12-22T10:53:00+05:30,21362.8,21362.8,21356.6,21359,
2023-12-22T10:54:00+05:30,21359.8,21359.8,21356.1,21356.1,
2023-12-22T10:55:00+05:30,21357,21361.5,21355.2,21357.9,
2023-12-22T10:56:00+05:30,21357.2,21367.4,21356.8,21362.5,
2023-12-22T10:57:00+05:30,21363,21368.7,21362.8,21368.5,
2023-12-22T10:58:00+05:30,21368.8,21379,21367.3,21375.4,
2023-12-22T10:59:00+05:30,21375.4,21380.7,21374.2,21378,
2023-12-22T11:00:00+05:30,21377.7,21385.1,21374.2,21382.5,
2023-12-22T11:01:00+05:30,21382.7,21390.5,21378.5,21389.3,
2023-12-22T11:02:00+05:30,21389.2,21389.2,21380.2,21381.5,
2023-12-22T11:03:00+05:30,21380.5,21380.5,21374.8,21376.4,
2023-12-22T11:04:00+05:30,21377.2,21384.1,21375.4,21383.7,
2023-12-22T11:05:00+05:30,21383.8,21383.8,21377,21377,
2023-12-22T11:06:00+05:30,21376.9,21381.5,21374.5,21381.5,
2023-12-22T11:07:00+05:30,21381,21384.3,21377,21377,
2023-12-22T11:08:00+05:30,21377.1,21377.3,21372.8,21377.3,
2023-12-22T11:09:00+05:30,21376.6,21376.6,21372.8,21374.8,
2023-12-22T11:10:00+05:30,21374.7,21374.7,21365.6,21367.3,
2023-12-22T11:11:00+05:30,21367.3,21379.7,21367,21379.7,
2023-12-22T11:12:00+05:30,21380.1,21381.2,21375.6,21375.9,
2023-12-22T11:13:00+05:30,21376.3,21376.7,21368.5,21369,
2023-12-22T11:14:00+05:30,21369.1,21370.5,21362.9,21368.9,
2023-12-22T11:15:00+05:30,21369.6,21371,21366.6,21367.8,
2023-12-22T11:16:00+05:30,21367.5,21370.8,21364.2,21370.3,
2023-12-22T11:17:00+05:30,21370.8,21377.8,21369.6,21377.5,
2023-12-22T11:18:00+05:30,21377.7,21378,21372.3,21376.2,
2023-12-22T11:19:00+05:30,21375.5,21375.6,21368.2,21369,
2023-12-22T11:20:00+05:30,21367,21367.5,21354.5,21359.9,
2023-12-22T11:21:00+05:30,21360.4,21366.7,21359.2,21366.4,
2023-12-22T11:22:00+05:30,21366.1,21367.5,21364.2,21367.5,
2023-12-22T11:23:00+05:30,21368.1,21373.5,21368.1,21371,
2023-12-22T11:24:00+05:30,21370.2,21375.7,21368.8,21375.5,
2023-12-22T11:25:00+05:30,21376,21381.1,21376,21378.6,
2023-12-22T11:26:00+05:30,21378.5,21379.5,21375.2,21379.5,
2023-12-22T11:27:00+05:30,21379.2,21379.9,21374.2,21375.5,
2023-12-22T11:28:00+05:30,21375.7,21377.8,21372.8,21377,
2023-12-22T11:29:00+05:30,21376.8,21376.8,21372.9,21376.4,
2023-12-22T11:30:00+05:30,21375.1,21376,21369,21374.5,
2023-12-22T11:31:00+05:30,21375,21381.7,21373.3,21381.7,
2023-12-22T11:32:00+05:30,21379.7,21381,21376.8,21377.5,
2023-12-22T11:33:00+05:30,21378.1,21380,21361.4,21362.9,
2023-12-22T11:34:00+05:30,21362.7,21382.1,21362.5,21382.1,
2023-12-22T11:35:00+05:30,21381,21385.5,21375.5,21375.5,
2023-12-22T11:36:00+05:30,21376.3,21378,21370.2,21377.8,
2023-12-22T11:37:00+05:30,21378.3,21380.4,21375.3,21378.8,
2023-12-22T11:38:00+05:30,21379,21379.1,21372.8,21374.3,
2023-12-22T11:39:00+05:30,21375,21378.5,21372.5,21377,
2023-12-22T11:40:00+05:30,21377.8,21378,21372.4,21376.7,
2023-12-22T11:41:00+05:30,21377,21380.8,21376.3,21379.2,
2023-12-22T11:42:00+05:30,21379,21386,21379,21385.8,
2023-12-22T11:43:00+05:30,21386.5,21386.5,21377.8,21382,
2023-12-22T11:44:00+05:30,21382.2,21385.2,21380.7,21385,
2023-12-22T11:45:00+05:30,21383.4,21385.9,21382.3,21385.8,
2023-12-22T11:46:00+05:30,21386,21386,21379.8,21384.2,
2023-12-22T11:47:00+05:30,21384.3,21388.1,21380.7,21380.7,
2023-12-22T11:48:00+05:30,21381.3,21387.5,21379.4,21386.2,
2023-12-22T11:49:00+05:30,21387,21387.8,21382,21382.5,
2023-12-22T11:50:00+05:30,21383,21386.1,21382,21384.2,
2023-12-22T11:51:00+05:30,21385,21386,21375.8,21377,
2023-12-22T11:52:00+05:30,21376.8,21384.1,21375.3,21379.3,
2023-12-22T11:53:00+05:30,21380,21384.2,21377,21383,
2023-12-22T11:54:00+05:30,21382.3,21384.2,21380,21381,
2023-12-22T11:55:00+05:30,21380.7,21384.3,21376.8,21383.3,
2023-12-22T11:56:00+05:30,21383,21385.6,21375.3,21376.1,
2023-12-22T11:57:00+05:30,21374.9,21385.8,21373.7,21384.2,
2023-12-22T11:58:00+05:30,21385,21385.7,21378.2,21382.6,
2023-12-22T11:59:00+05:30,21383.5,21384.5,21380.5,21383.5,
2023-12-22T12:00:00+05:30,21383.8,21386.8,21381,21383.9,
2023-12-22T12:01:00+05:30,21383,21385.5,21380.5,21383.5,
2023-12-22T12:02:00+05:30,21384.2,21386.2,21380.4,21384.6,
2023-12-22T12:03:00+05:30,21384.4,21384.8,21378.2,21383.9,
2023-12-22T12:04:00+05:30,21384.8,21385.8,21381,21384,
2023-12-22T12:05:00+05:30,21384.2,21386.1,21381.1,21381.8,
2023-12-22T12:06:00+05:30,21381.5,21382.5,21377,21379.8,
2023-12-22T12:07:00+05:30,21380.1,21381.4,21377.7,21379.8,
2023-12-22T12:08:00+05:30,21380.3,21380.7,21371.8,21376.6,
2023-12-22T12:09:00+05:30,21377.1,21377.8,21368.7,21370,
2023-12-22T12:10:00+05:30,21370.5,21374.4,21367.8,21371.8,
2023-12-22T12:11:00+05:30,21373.8,21376.7,21371.4,21372.9,
2023-12-22T12:12:00+05:30,21373.2,21376.2,21371.2,21372.5,
2023-12-22T12:13:00+05:30,21372.5,21375.5,21370.5,21372,
2023-12-22T12:14:00+05:30,21373.3,21373.3,21359.1,21362.8,
2023-12-22T12:15:00+05:30,21363.5,21368,21359.8,21361,
2023-12-22T12:16:00+05:30,21362.2,21364.5,21355.2,21356,
2023-12-22T12:17:00+05:30,21357.2,21363.5,21355.5,21356,
2023-12-22T12:18:00+05:30,21356.8,21358.9,21340.9,21342.9,
2023-12-22T12:19:00+05:30,21342.8,21348.8,21339,21342.1,
2023-12-22T12:20:00+05:30,21342.4,21344,21337.2,21340.2,
2023-12-22T12:21:00+05:30,21340.9,21350.7,21335.4,21350.2,
2023-12-22T12:22:00+05:30,21350.2,21353.7,21343.6,21343.6,
2023-12-22T12:23:00+05:30,21344,21346.5,21339.7,21344.6,
2023-12-22T12:24:00+05:30,21344.8,21348.1,21342.3,21345.3,
2023-12-22T12:25:00+05:30,21344.5,21347.2,21343,21344.6,
2023-12-22T12:26:00+05:30,21344.9,21346.4,21341.2,21341.7,
2023-12-22T12:27:00+05:30,21342.4,21342.7,21338.2,21341.1,
2023-12-22T12:28:00+05:30,21341.1,21345.8,21338.7,21343.5,
2023-12-22T12:29:00+05:30,21344.5,21346.4,21340,21341.9,
2023-12-22T12:30:00+05:30,21342.3,21342.3,21335.8,21337,
2023-12-22T12:31:00+05:30,21337.7,21341.2,21333.7,21339.2,
2023-12-22T12:32:00+05:30,21339.9,21340.2,21329,21329,
2023-12-22T12:33:00+05:30,21329.5,21333.8,21312,21312,
2023-12-22T12:34:00+05:30,21311.6,21312,21302.9,21304.3,
2023-12-22T12:35:00+05:30,21304.3,21307.9,21296.8,21296.8,
2023-12-22T12:36:00+05:30,21294.5,21303.7,21290,21297.8,
2023-12-22T12:37:00+05:30,21297.3,21299.9,21290.3,21298.5,
2023-12-22T12:38:00+05:30,21300,21311,21298.2,21308.3,
2023-12-22T12:39:00+05:30,21309.5,21312.8,21305.4,21305.5,
2023-12-22T12:40:00+05:30,21306.3,21306.3,21293.3,21294.2,
2023-12-22T12:41:00+05:30,21294.8,21296.2,21292.2,21294.3,
2023-12-22T12:42:00+05:30,21293.9,21304,21293.4,21303,
2023-12-22T12:43:00+05:30,21303.7,21309.2,21302,21302.8,
2023-12-22T12:44:00+05:30,21303.4,21318.3,21303,21318.3,
2023-12-22T12:45:00+05:30,21318.5,21341.9,21317.4,21339.2,
2023-12-22T12:46:00+05:30,21340.5,21345.5,21336.8,21342.9,
2023-12-22T12:47:00+05:30,21343.9,21360.4,21343.9,21354.2,
2023-12-22T12:48:00+05:30,21354.9,21357.2,21350,21351.2,
2023-12-22T12:49:00+05:30,21352.9,21352.9,21342.1,21347.7,
2023-12-22T12:50:00+05:30,21348,21349.3,21340,21346.9,
2023-12-22T12:51:00+05:30,21347.3,21359.5,21346.3,21355.1,
2023-12-22T12:52:00+05:30,21356,21356.7,21350.2,21355.8,
2023-12-22T12:53:00+05:30,21355.9,21357.2,21351.2,21354.5,
2023-12-22T12:54:00+05:30,21355.5,21356.2,21351.8,21354.2,
2023-12-22T12:55:00+05:30,21354.5,21354.8,21350.3,21352.5,
2023-12-22T12:56:00+05:30,21351.8,21355.3,21350,21351.5,
2023-12-22T12:57:00+05:30,21351.8,21352.2,21343.8,21350.7,
2023-12-22T12:58:00+05:30,21351.2,21354.5,21349.3,21351.1,
2023-12-22T12:59:00+05:30,21350.8,21353.3,21347.6,21352.2,
2023-12-22T13:00:00+05:30,21351.4,21351.5,21343,21349.2,
2023-12-22T13:01:00+05:30,21348.8,21353.2,21345.6,21351.7,
2023-12-22T13:02:00+05:30,21350.5,21361.7,21350.3,21361.7,
2023-12-22T13:03:00+05:30,21360.8,21364.8,21356.1,21363,
2023-12-22T13:04:00+05:30,21363.2,21363.2,21354.6,21358.5,
2023-12-22T13:05:00+05:30,21357.5,21357.5,21350.9,21355.7,
2023-12-22T13:06:00+05:30,21354.1,21358,21352.2,21354.3,
2023-12-22T13:07:00+05:30,21354.3,21357,21351.2,21355.8,
2023-12-22T13:08:00+05:30,21355.2,21355.7,21349.3,21350.7,
2023-12-22T13:09:00+05:30,21350.8,21353.6,21338.8,21342.6,
2023-12-22T13:10:00+05:30,21341.8,21345,21331.5,21336,
2023-12-22T13:11:00+05:30,21335.4,21341.8,21332.5,21337.8,
2023-12-22T13:12:00+05:30,21334.5,21337,21331,21336.4,
2023-12-22T13:13:00+05:30,21334.2,21336.5,21327.2,21329.7,
2023-12-22T13:14:00+05:30,21328.1,21333.6,21326.3,21328.3,
2023-12-22T13:15:00+05:30,21327.8,21335,21326,21335,
2023-12-22T13:16:00+05:30,21335.2,21344,21334.8,21342.7,
2023-12-22T13:17:00+05:30,21341.2,21344,21336.8,21339.2,
2023-12-22T13:18:00+05:30,21339.5,21340.9,21333.1,21339.2,
2023-12-22T13:19:00+05:30,21338.2,21340.2,21330.2,21335.3,
2023-12-22T13:20:00+05:30,21335.1,21343.8,21334.8,21343.2,
2023-12-22T13:21:00+05:30,21342.5,21345.8,21339.2,21342,
2023-12-22T13:22:00+05:30,21341,21344.4,21339.2,21341.2,
2023-12-22T13:23:00+05:30,21341.2,21343.1,21338.8,21342.1,
2023-12-22T13:24:00+05:30,21339.2,21340.8,21336.8,21337.9,
2023-12-22T13:25:00+05:30,21336.9,21342,21331.8,21341,
2023-12-22T13:26:00+05:30,21340.6,21342.7,21335.8,21338.1,
2023-12-22T13:27:00+05:30,21338.5,21338.8,21329,21331,
2023-12-22T13:28:00+05:30,21330.7,21332.8,21326.7,21330,
2023-12-22T13:29:00+05:30,21330,21339.2,21328.8,21336.2,
2023-12-22T13:30:00+05:30,21335.4,21336.3,21326.8,21328.3,
2023-12-22T13:31:00+05:30,21328.3,21330.2,21317.4,21323.8,
2023-12-22T13:32:00+05:30,21322.3,21327.9,21319.5,21323.4,
2023-12-22T13:33:00+05:30,21323.2,21328.3,21322.3,21323.7,
2023-12-22T13:34:00+05:30,21323.8,21325.5,21319.8,21324,
2023-12-22T13:35:00+05:30,21323.5,21324.8,21319.2,21324.2,
2023-12-22T13:36:00+05:30,21324.6,21332,21324.2,21327.6,
2023-12-22T13:37:00+05:30,21327.8,21328.5,21323.3,21326,
2023-12-22T13:38:00+05:30,21325.2,21326.7,21322.4,21325,
2023-12-22T13:39:00+05:30,21324,21324.8,21303.8,21307,
2023-12-22T13:40:00+05:30,21305.2,21305.8,21294.8,21296.2,
2023-12-22T13:41:00+05:30,21296.7,21296.7,21279.1,21287.5,
2023-12-22T13:42:00+05:30,21286.2,21290.5,21283.3,21285.1,
2023-12-22T13:43:00+05:30,21284.1,21288.1,21272.2,21273.7,
2023-12-22T13:44:00+05:30,21273.1,21283.2,21273.1,21275.3,
2023-12-22T13:45:00+05:30,21275.5,21280.5,21272.8,21277.6,
2023-12-22T13:46:00+05:30,21278,21280.8,21276.6,21280.4,
2023-12-22T13:47:00+05:30,21280.2,21282,21275.8,21276.8,
2023-12-22T13:48:00+05:30,21276,21276,21253.3,21255.9,
2023-12-22T13:49:00+05:30,21254.8,21255.2,21239.1,21249.2,
2023-12-22T13:50:00+05:30,21247.1,21248.8,21236.2,21242,
2023-12-22T13:51:00+05:30,21241.8,21242.7,21232.5,21240.7,
2023-12-22T13:52:00+05:30,21242,21245.6,21234.4,21245.6,
2023-12-22T13:53:00+05:30,21247,21291.4,21245.3,21285,
2023-12-22T13:54:00+05:30,21282.2,21292.8,21275.8,21275.8,
2023-12-22T13:55:00+05:30,21273.6,21283.2,21269.2,21277.2,
2023-12-22T13:56:00+05:30,21276.8,21282.5,21262.6,21265.5,
2023-12-22T13:57:00+05:30,21265.8,21266.2,21243.5,21251.8,
2023-12-22T13:58:00+05:30,21251.2,21262.3,21247.5,21247.5,
2023-12-22T13:59:00+05:30,21247.5,21254.9,21247.5,21254.3,
2023-12-22T14:00:00+05:30,21254.7,21260.6,21251.5,21259.8,
2023-12-22T14:01:00+05:30,21260,21268.7,21260,21268.5,
2023-12-22T14:02:00+05:30,21268.2,21269.7,21259.9,21265.8,
2023-12-22T14:03:00+05:30,21265.2,21281.8,21262.2,21281.4,
2023-12-22T14:04:00+05:30,21280.2,21280.2,21268.8,21271.2,
2023-12-22T14:05:00+05:30,21271.2,21281.6,21265.3,21278.3,
2023-12-22T14:06:00+05:30,21280.1,21288.8,21275.5,21287.5,
2023-12-22T14:07:00+05:30,21287.5,21295.5,21284.1,21287.3,
2023-12-22T14:08:00+05:30,21286.8,21293.8,21280.7,21293.8,
2023-12-22T14:09:00+05:30,21293.3,21308.5,21291.7,21308.5,
2023-12-22T14:10:00+05:30,21309.5,21311.7,21303.7,21309.2,
2023-12-22T14:11:00+05:30,21309.2,21316,21308.7,21315,
2023-12-22T14:12:00+05:30,21314.5,21314.5,21300.6,21302,
2023-12-22T14:13:00+05:30,21302.5,21305.8,21297.5,21305,
2023-12-22T14:14:00+05:30,21303.2,21312.7,21302.8,21308.2,
2023-12-22T14:15:00+05:30,21309.1,21309.8,21298.9,21298.9,
2023-12-22T14:16:00+05:30,21299.8,21309.2,21298.2,21308.2,
2023-12-22T14:17:00+05:30,21308.7,21308.7,21300,21307,
2023-12-22T14:18:00+05:30,21307.7,21325.5,21306.7,21325.5,
2023-12-22T14:19:00+05:30,21325.2,21338.5,21323,21335.2,
2023-12-22T14:20:00+05:30,21335.3,21338.7,21330.8,21337.5,
2023-12-22T14:21:00+05:30,21337.2,21337.8,21327.8,21334.2,
2023-12-22T14:22:00+05:30,21335.3,21336.6,21325.3,21330,
2023-12-22T14:23:00+05:30,21329.6,21329.6,21317.7,21319.3,
2023-12-22T14:24:00+05:30,21319,21326.3,21316.4,21318.1,
2023-12-22T14:25:00+05:30,21318.2,21323.8,21317.8,21320.2,
2023-12-22T14:26:00+05:30,21319.9,21320.7,21310.5,21318.2,
2023-12-22T14:27:00+05:30,21320.1,21333.5,21320.1,21330.7,
2023-12-22T14:28:00+05:30,21330.3,21333.5,21327.8,21331,
2023-12-22T14:29:00+05:30,21329.5,21329.5,21314.8,21318.3,
2023-12-22T14:30:00+05:30,21316.3,21326.6,21316.3,21325.9,
2023-12-22T14:31:00+05:30,21324.5,21325,21320.2,21324.8,
2023-12-22T14:32:00+05:30,21324.3,21325.8,21320.2,21325.8,
2023-12-22T14:33:00+05:30,21324.2,21327.6,21322,21324,
2023-12-22T14:34:00+05:30,21322.8,21323.2,21303.2,21310.8,
2023-12-22T14:35:00+05:30,21312.6,21329.5,21312.6,21329.5,
2023-12-22T14:36:00+05:30,21327.4,21331,21325.2,21329.8,
2023-12-22T14:37:00+05:30,21328.3,21342.4,21328.3,21334.2,
2023-12-22T14:38:00+05:30,21334.8,21346.9,21334.2,21344.1,
2023-12-22T14:39:00+05:30,21345.2,21346.5,21338.7,21339.6,
2023-12-22T14:40:00+05:30,21340.2,21366.7,21339.8,21362.5,
2023-12-22T14:41:00+05:30,21360.8,21362.3,21352.2,21352.5,
2023-12-22T14:42:00+05:30,21354.8,21367.8,21351,21366,
2023-12-22T14:43:00+05:30,21366.5,21370.6,21360.8,21364.8,
2023-12-22T14:44:00+05:30,21364.4,21368.5,21358.6,21366.5,
2023-12-22T14:45:00+05:30,21364.5,21367.5,21357.3,21360.2,
2023-12-22T14:46:00+05:30,21361.9,21363.2,21353.3,21357.8,
2023-12-22T14:47:00+05:30,21357.8,21359.5,21345,21348.2,
2023-12-22T14:48:00+05:30,21347,21349.5,21340.9,21346.2,
2023-12-22T14:49:00+05:30,21346,21346,21326.3,21338.3,
2023-12-22T14:50:00+05:30,21337.3,21360.7,21335.5,21356.1,
2023-12-22T14:51:00+05:30,21353.1,21359.8,21352.2,21353.9,
2023-12-22T14:52:00+05:30,21353.2,21359,21346.5,21346.8,
2023-12-22T14:53:00+05:30,21344.5,21356.1,21344.5,21353.7,
2023-12-22T14:54:00+05:30,21352,21368.2,21352,21365.5,
2023-12-22T14:55:00+05:30,21365.3,21371.8,21362.2,21371.5,
2023-12-22T14:56:00+05:30,21371.7,21373.5,21363.4,21368.2,
2023-12-22T14:57:00+05:30,21370.2,21370.2,21363.4,21366.7,
2023-12-22T14:58:00+05:30,21365.7,21370.3,21355.5,21357.7,
2023-12-22T14:59:00+05:30,21357.4,21365,21357.2,21364.7,
2023-12-22T15:00:00+05:30,21364.3,21366.3,21355.5,21361.2,
2023-12-22T15:01:00+05:30,21360.5,21366.1,21347.2,21353.3,
2023-12-22T15:02:00+05:30,21355.3,21366.8,21355.3,21366.8,
2023-12-22T15:03:00+05:30,21366.7,21368.1,21359.5,21359.5,
2023-12-22T15:04:00+05:30,21360.5,21364.3,21347.8,21349,
2023-12-22T15:05:00+05:30,21349.1,21353.2,21337,21343.5,
2023-12-22T15:06:00+05:30,21343.6,21344.7,21335.6,21338.8,
2023-12-22T15:07:00+05:30,21340.3,21345.4,21337.5,21344.9,
2023-12-22T15:08:00+05:30,21345.1,21350.9,21344.9,21347.5,
2023-12-22T15:09:00+05:30,21347.7,21355.5,21347.5,21355.3,
2023-12-22T15:10:00+05:30,21355.8,21356.2,21347.5,21349,
2023-12-22T15:11:00+05:30,21348.4,21354.2,21347.2,21353.2,
2023-12-22T15:12:00+05:30,21352.5,21365.5,21352.3,21361.3,
2023-12-22T15:13:00+05:30,21362.3,21363.8,21352,21353.2,
2023-12-22T15:14:00+05:30,21352.8,21357.5,21352,21354.3,
2023-12-22T15:15:00+05:30,21353.9,21357.4,21352.5,21357.2,
2023-12-22T15:16:00+05:30,21355.5,21360.8,21352.9,21352.9,
2023-12-22T15:17:00+05:30,21353,21353.5,21340.8,21342.2,
2023-12-22T15:18:00+05:30,21341.5,21353.5,21341.5,21352.8,
2023-12-22T15:19:00+05:30,21353.8,21356.2,21352.2,21353.3,
2023-12-22T15:20:00+05:30,21354,21355.5,21346.5,21346.5,
2023-12-22T15:21:00+05:30,21346.8,21349,21344,21344.7,
2023-12-22T15:22:00+05:30,21345,21345.5,21342.9,21344.2,
2023-12-22T15:23:00+05:30,21343.5,21350.6,21343.5,21347.9,
2023-12-22T15:24:00+05:30,21347.2,21348.3,21341.7,21344.1,
2023-12-22T15:25:00+05:30,21343.4,21343.6,21330.3,21330.7,
2023-12-22T15:26:00+05:30,21329.5,21332.7,21329.3,21331.4,
2023-12-22T15:27:00+05:30,21332,21335.7,21328.5,21335,
2023-12-22T15:28:00+05:30,21335.9,21338.3,21329.7,21333.9,
2023-12-22T15:29:00+05:30,21333.4,21335.8,21328.8,21332.3,
2023-12-26T09:15:00+05:30,21365.2,21377.9,21329.5,21346.5,
2023-12-26T09:16:00+05:30,21346.2,21364.4,21344.8,21364.4,
2023-12-26T09:17:00+05:30,21363.8,21369.7,21357.2,21358.7,
2023-12-26T09:18:00+05:30,21359,21367,21356.5,21359.4,
2023-12-26T09:19:00+05:30,21359,21364,21358.5,21361,
2023-12-26T09:20:00+05:30,21360.9,21370.2,21359.8,21368.7,
2023-12-26T09:21:00+05:30,21368.9,21388,21363.8,21381.2,
2023-12-26T09:22:00+05:30,21383.5,21389.7,21382.5,21383.4,
2023-12-26T09:23:00+05:30,21381.7,21385.4,21374,21374,
2023-12-26T09:24:00+05:30,21373.7,21383.2,21371.5,21378.3,
2023-12-26T09:25:00+05:30,21379.2,21381.5,21372.7,21373.9,
2023-12-26T09:26:00+05:30,21374.2,21376,21370,21373.5,
2023-12-26T09:27:00+05:30,21373.5,21373.5,21354.8,21356.8,
2023-12-26T09:28:00+05:30,21354.6,21360.2,21352.6,21353,
2023-12-26T09:29:00+05:30,21352.2,21354.7,21337.4,21338.6,
2023-12-26T09:30:00+05:30,21335.2,21352.1,21335,21350.2,
2023-12-26T09:31:00+05:30,21351.5,21355.5,21347.4,21348,
2023-12-26T09:32:00+05:30,21347.1,21352.7,21344.4,21344.7,
2023-12-26T09:33:00+05:30,21344.2,21367.6,21344.2,21363.7,
2023-12-26T09:34:00+05:30,21364.4,21367.8,21361.2,21366.9,
2023-12-26T09:35:00+05:30,21367.3,21370.3,21362.5,21368,
2023-12-26T09:36:00+05:30,21367.7,21376.5,21367.7,21374.9,
2023-12-26T09:37:00+05:30,21377.3,21379.7,21365.8,21365.8,
2023-12-26T09:38:00+05:30,21368.7,21368.7,21363.1,21367,
2023-12-26T09:39:00+05:30,21365.6,21367,21353.2,21355.5,
2023-12-26T09:40:00+05:30,21354.7,21361.6,21353.3,21360.1,
2023-12-26T09:41:00+05:30,21359.3,21363.6,21357.8,21361.8,
2023-12-26T09:42:00+05:30,21364.4,21372.3,21364.4,21371.5,
2023-12-26T09:43:00+05:30,21372.5,21372.8,21366.5,21371.7,
2023-12-26T09:44:00+05:30,21371.3,21374.6,21367.3,21367.7,
2023-12-26T09:45:00+05:30,21368.3,21372.7,21365.5,21365.5,
2023-12-26T09:46:00+05:30,21366,21372.5,21364.5,21371.7,
2023-12-26T09:47:00+05:30,21371.4,21377.9,21370.2,21376.5,
2023-12-26T09:48:00+05:30,21375.8,21376.2,21371,21372.3,
2023-12-26T09:49:00+05:30,21372.7,21373.9,21366,21366.8,
2023-12-26T09:50:00+05:30,21365.5,21370.2,21361,21365.9,
2023-12-26T09:51:00+05:30,21366.1,21368.2,21350.7,21359.2,
2023-12-26T09:52:00+05:30,21359.1,21377.7,21359,21371.5,
2023-12-26T09:53:00+05:30,21372.3,21378.2,21369.2,21378.2,
2023-12-26T09:54:00+05:30,21378.7,21379.8,21374.4,21376.8,
2023-12-26T09:55:00+05:30,21376.8,21379.9,21375,21375.8,
2023-12-26T09:56:00+05:30,21376.2,21379.8,21372.7,21379.3,
2023-12-26T09:57:00+05:30,21380,21382.8,21375.3,21375.3,
2023-12-26T09:58:00+05:30,21374.1,21376.5,21374.1,21376,
2023-12-26T09:59:00+05:30,21375.5,21393.8,21375.5,21393.8,
2023-12-26T10:00:00+05:30,21395.5,21405.3,21394.2,21401.9,
2023-12-26T10:01:00+05:30,21401.8,21401.8,21396.2,21401.5,
2023-12-26T10:02:00+05:30,21401.5,21407.5,21398.7,21407,
2023-12-26T10:03:00+05:30,21408,21413.8,21406.8,21412.2,
2023-12-26T10:04:00+05:30,21412.2,21419.5,21411.5,21417,
2023-12-26T10:05:00+05:30,21417.2,21420.1,21413.5,21418.3,
2023-12-26T10:06:00+05:30,21419,21423.5,21418.5,21420,
2023-12-26T10:07:00+05:30,21420.8,21424.2,21416.8,21423.4,
2023-12-26T10:08:00+05:30,21423.1,21426.3,21420.2,21420.2,
2023-12-26T10:09:00+05:30,21420.9,21423.2,21416.2,21422.9,
2023-12-26T10:10:00+05:30,21423.3,21425.8,21419,21419.8,
2023-12-26T10:11:00+05:30,21419.8,21422.7,21415.5,21421.2,
2023-12-26T10:12:00+05:30,21421,21424.1,21419,21423.3,
2023-12-26T10:13:00+05:30,21423.2,21426,21406.7,21406.7,
2023-12-26T10:14:00+05:30,21407,21415.5,21404.3,21413.3,
2023-12-26T10:15:00+05:30,21412.7,21420.3,21411.8,21414.2,
2023-12-26T10:16:00+05:30,21412.6,21419.7,21412,21418.5,
2023-12-26T10:17:00+05:30,21420.8,21427.2,21420.2,21423.9,
2023-12-26T10:18:00+05:30,21423.7,21424.6,21417.2,21419.3,
2023-12-26T10:19:00+05:30,21422,21423,21416.2,21419.5,
2023-12-26T10:20:00+05:30,21418.7,21419.7,21413.2,21417.4,
2023-12-26T10:21:00+05:30,21415.5,21416.8,21412.2,21413.8,
2023-12-26T10:22:00+05:30,21414.9,21433.7,21414.9,21433.2,
2023-12-26T10:23:00+05:30,21433.2,21441.3,21431.8,21432.3,
2023-12-26T10:24:00+05:30,21432.5,21436.6,21432.5,21434.4,
2023-12-26T10:25:00+05:30,21436.2,21442.4,21434.9,21438.9,
2023-12-26T10:26:00+05:30,21439.3,21440.5,21431,21431,
2023-12-26T10:27:00+05:30,21431.8,21435.7,21429.2,21435.2,
2023-12-26T10:28:00+05:30,21435,21435.8,21432.8,21433.4,
2023-12-26T10:29:00+05:30,21433.5,21445.7,21433.3,21444.5,
2023-12-26T10:30:00+05:30,21444.6,21445.7,21435.3,21436.4,
2023-12-26T10:31:00+05:30,21437.3,21437.9,21432,21434.1,
2023-12-26T10:32:00+05:30,21433.3,21438.2,21431.1,21437.4,
2023-12-26T10:33:00+05:30,21437.1,21441.3,21435.8,21441.3,
2023-12-26T10:34:00+05:30,21440.7,21446.3,21439.2,21443,
2023-12-26T10:35:00+05:30,21444.5,21447.3,21438.1,21442.2,
2023-12-26T10:36:00+05:30,21443.2,21445.3,21439.8,21443.6,
2023-12-26T10:37:00+05:30,21444.7,21452.3,21443.8,21449.7,
2023-12-26T10:38:00+05:30,21448.5,21450.3,21446.8,21447.5,
2023-12-26T10:39:00+05:30,21449.2,21465.2,21449.2,21465.2,
2023-12-26T10:40:00+05:30,21464,21466,21459.7,21463.9,
2023-12-26T10:41:00+05:30,21464.7,21471.3,21463.9,21470.3,
2023-12-26T10:42:00+05:30,21471.8,21472.3,21457.2,21460.8,
2023-12-26T10:43:00+05:30,21461.2,21463.2,21458.6,21461.5,
2023-12-26T10:44:00+05:30,21461.2,21462,21451.5,21453,
2023-12-26T10:45:00+05:30,21452.4,21456,21448,21453.8,
2023-12-26T10:46:00+05:30,21454.5,21461.2,21453.7,21457,
2023-12-26T10:47:00+05:30,21454.5,21456,21450.2,21453.3,
2023-12-26T10:48:00+05:30,21451.3,21452.7,21443.7,21443.7,
2023-12-26T10:49:00+05:30,21444.8,21447.3,21439.3,21439.3,
2023-12-26T10:50:00+05:30,21439.5,21447.7,21439.5,21445,
2023-12-26T10:51:00+05:30,21443.3,21449.6,21442.2,21447,
2023-12-26T10:52:00+05:30,21450.4,21454.7,21448.1,21454.6,
2023-12-26T10:53:00+05:30,21453.7,21457.1,21449.3,21449.3,
2023-12-26T10:54:00+05:30,21448.5,21450.8,21445.2,21448.7,
2023-12-26T10:55:00+05:30,21449.5,21453.5,21446.5,21453,
2023-12-26T10:56:00+05:30,21451.7,21453.5,21446.9,21447.2,
2023-12-26T10:57:00+05:30,21447.7,21450.2,21447.5,21449.9,
2023-12-26T10:58:00+05:30,21448.7,21450.7,21445.4,21450.7,
2023-12-26T10:59:00+05:30,21449.7,21451.3,21445.5,21449.2,
2023-12-26T11:00:00+05:30,21447.9,21453.1,21447.5,21449.5,
2023-12-26T11:01:00+05:30,21449.8,21449.8,21443.2,21443.2,
2023-12-26T11:02:00+05:30,21443,21443.8,21438.6,21443.7,
2023-12-26T11:03:00+05:30,21443.5,21448.4,21443.3,21444.7,
2023-12-26T11:04:00+05:30,21444.8,21446,21443.3,21444.2,
2023-12-26T11:05:00+05:30,21443.8,21448.5,21443.8,21447.4,
2023-12-26T11:06:00+05:30,21446.8,21449.4,21446.2,21446.8,
2023-12-26T11:07:00+05:30,21446.7,21448.2,21443.1,21445,
2023-12-26T11:08:00+05:30,21445.9,21446.7,21443.1,21443.2,
2023-12-26T11:09:00+05:30,21442.9,21443.5,21435.3,21441.4,
2023-12-26T11:10:00+05:30,21441.2,21443.8,21441.2,21442,
2023-12-26T11:11:00+05:30,21442,21444.5,21441.2,21443.1,
2023-12-26T11:12:00+05:30,21443.7,21450.3,21442.5,21449.5,
2023-12-26T11:13:00+05:30,21449.5,21458.1,21449.5,21457.3,
2023-12-26T11:14:00+05:30,21457,21460.9,21456.7,21456.7,
2023-12-26T11:15:00+05:30,21457.2,21459.2,21455.8,21457.9,
2023-12-26T11:16:00+05:30,21458.5,21460.3,21456.7,21459,
2023-12-26T11:17:00+05:30,21458.8,21459.4,21454.3,21459.2,
2023-12-26T11:18:00+05:30,21459.2,21461.1,21456.7,21459.8,
2023-12-26T11:19:00+05:30,21460.3,21463.1,21457.7,21462.3,
2023-12-26T11:20:00+05:30,21462.2,21465.7,21460.3,21461.9,
2023-12-26T11:21:00+05:30,21463,21464.8,21457.8,21462.8,
2023-12-26T11:22:00+05:30,21463.2,21463.8,21451.7,21452.5,
2023-12-26T11:23:00+05:30,21452.6,21453.8,21444.5,21447.2,
2023-12-26T11:24:00+05:30,21448.2,21452.1,21448.1,21449,
2023-12-26T11:25:00+05:30,21448.5,21450.5,21446.6,21450,
2023-12-26T11:26:00+05:30,21450.2,21454,21449.3,21453.2,
2023-12-26T11:27:00+05:30,21452.8,21456.5,21451.2,21455.5,
2023-12-26T11:28:00+05:30,21456,21456.7,21452.9,21454,
2023-12-26T11:29:00+05:30,21453.5,21454.3,21449.2,21450,
2023-12-26T11:30:00+05:30,21449.7,21452.8,21442.8,21443.2,
2023-12-26T11:31:00+05:30,21444.4,21446,21441,21443,
2023-12-26T11:32:00+05:30,21443.2,21448,21443,21447,
2023-12-26T11:33:00+05:30,21446.1,21451.9,21445.1,21451,
2023-12-26T11:34:00+05:30,21450.7,21453,21450.2,21451.8,
2023-12-26T11:35:00+05:30,21453.4,21454.9,21449.5,21454.6,
2023-12-26T11:36:00+05:30,21454.5,21458,21454.2,21457.3,
2023-12-26T11:37:00+05:30,21458.5,21462.7,21457.7,21460,
2023-12-26T11:38:00+05:30,21458.5,21458.5,21450.8,21455.1,
2023-12-26T11:39:00+05:30,21454,21454.3,21449.8,21452.5,
2023-12-26T11:40:00+05:30,21451.5,21451.5,21447.8,21449.2,
2023-12-26T11:41:00+05:30,21449.1,21450.5,21447.5,21448,
2023-12-26T11:42:00+05:30,21447.9,21449.8,21447,21448.1,
2023-12-26T11:43:00+05:30,21448.5,21452.4,21444.4,21452.2,
2023-12-26T11:44:00+05:30,21452,21456,21451.2,21454,
2023-12-26T11:45:00+05:30,21453.9,21455.6,21451.5,21455.5,
2023-12-26T11:46:00+05:30,21455.5,21455.7,21452.5,21454.7,
2023-12-26T11:47:00+05:30,21454.3,21458.5,21452.3,21457.7,
2023-12-26T11:48:00+05:30,21457.2,21458,21453.5,21454.3,
2023-12-26T11:49:00+05:30,21454.3,21455.8,21452.2,21455.5,
2023-12-26T11:50:00+05:30,21455,21455.7,21448.8,21450.8,
2023-12-26T11:51:00+05:30,21451,21451.8,21449,21451.3,
2023-12-26T11:52:00+05:30,21451.2,21452.7,21448.4,21452,
2023-12-26T11:53:00+05:30,21452.5,21453.8,21448,21451.8,
2023-12-26T11:54:00+05:30,21451.4,21455.5,21450.8,21455.5,
2023-12-26T11:55:00+05:30,21454.5,21458,21452.2,21453.6,
2023-12-26T11:56:00+05:30,21452.5,21455,21452.3,21454.9,
2023-12-26T11:57:00+05:30,21454.6,21463.1,21454.2,21463.1,
2023-12-26T11:58:00+05:30,21462.3,21464.3,21460.1,21462.8,
2023-12-26T11:59:00+05:30,21462,21463.7,21460.9,21463.6,
2023-12-26T12:00:00+05:30,21463.4,21466.7,21462,21466.4,
2023-12-26T12:01:00+05:30,21465.5,21471.3,21465.5,21470.7,
2023-12-26T12:02:00+05:30,21470.5,21470.5,21460.2,21463,
2023-12-26T12:03:00+05:30,21462.5,21464.9,21460.3,21463.3,
2023-12-26T12:04:00+05:30,21462.4,21463.3,21460.3,21462.9,
2023-12-26T12:05:00+05:30,21462.8,21465.8,21461.3,21465,
2023-12-26T12:06:00+05:30,21464.3,21465.9,21462.1,21462.7,
2023-12-26T12:07:00+05:30,21461.9,21464.5,21460.5,21464.2,
2023-12-26T12:08:00+05:30,21464.3,21465.7,21458.2,21460.9,
2023-12-26T12:09:00+05:30,21460.8,21462,21459,21461.4,
2023-12-26T12:10:00+05:30,21461.8,21464.8,21461.8,21464.8,
2023-12-26T12:11:00+05:30,21464.9,21467.8,21464,21466.8,
2023-12-26T12:12:00+05:30,21467.3,21468,21464,21467.6,
2023-12-26T12:13:00+05:30,21467.6,21470.2,21466,21469.8,
2023-12-26T12:14:00+05:30,21469,21469,21463.1,21464.3,
2023-12-26T12:15:00+05:30,21464.2,21467.3,21461,21467.3,
2023-12-26T12:16:00+05:30,21467,21467,21462,21466.4,
2023-12-26T12:17:00+05:30,21466.5,21466.5,21462.5,21464.8,
2023-12-26T12:18:00+05:30,21465,21466.1,21460.7,21462.3,
2023-12-26T12:19:00+05:30,21462.5,21464.8,21461.8,21464.5,
2023-12-26T12:20:00+05:30,21464.3,21464.3,21461.8,21464.2,
2023-12-26T12:21:00+05:30,21463.9,21465.8,21462,21465.8,
2023-12-26T12:22:00+05:30,21465.9,21467.7,21463.6,21465.3,
2023-12-26T12:23:00+05:30,21464.8,21467.8,21463.8,21467.8,
2023-12-26T12:24:00+05:30,21466.8,21468.8,21464.2,21466.9,
2023-12-26T12:25:00+05:30,21470,21476.8,21468.7,21474.8,
2023-12-26T12:26:00+05:30,21473.8,21477.2,21469.3,21472.5,
2023-12-26T12:27:00+05:30,21473.2,21473.2,21465.3,21467.5,
2023-12-26T12:28:00+05:30,21467.9,21467.9,21459.2,21460.1,
2023-12-26T12:29:00+05:30,21461.1,21462.2,21450.9,21453,
2023-12-26T12:30:00+05:30,21452.6,21455.2,21450.7,21451.3,
2023-12-26T12:31:00+05:30,21451.2,21457.4,21451.2,21454.5,
2023-12-26T12:32:00+05:30,21453.7,21459.8,21452.7,21459,
2023-12-26T12:33:00+05:30,21458.7,21460.1,21456,21457.4,
2023-12-26T12:34:00+05:30,21457.3,21458,21454.8,21457.1,
2023-12-26T12:35:00+05:30,21456.2,21457.6,21454.5,21456,
2023-12-26T12:36:00+05:30,21454.8,21456.5,21447.8,21450.8,
2023-12-26T12:37:00+05:30,21449.8,21451,21445.5,21446.1,
2023-12-26T12:38:00+05:30,21445.5,21448.8,21444.2,21448.2,
2023-12-26T12:39:00+05:30,21447.3,21449.5,21445.1,21448.5,
2023-12-26T12:40:00+05:30,21449.2,21452.2,21447.5,21447.8,
2023-12-26T12:41:00+05:30,21447.7,21448.2,21442.7,21448,
2023-12-26T12:42:00+05:30,21448.3,21452.1,21446.9,21451.8,
2023-12-26T12:43:00+05:30,21451.2,21451.2,21444.4,21446.1,
2023-12-26T12:44:00+05:30,21446.1,21446.1,21437.5,21439.3,
2023-12-26T12:45:00+05:30,21438.5,21441.8,21434,21435.3,
2023-12-26T12:46:00+05:30,21434.2,21438.2,21428.7,21430.7,
2023-12-26T12:47:00+05:30,21428.2,21429.5,21425.5,21427,
2023-12-26T12:48:00+05:30,21425.7,21432.5,21422.5,21432.5,
2023-12-26T12:49:00+05:30,21434,21436,21428.3,21428.9,
2023-12-26T12:50:00+05:30,21428.5,21431.2,21426.5,21430,
2023-12-26T12:51:00+05:30,21429.2,21435.1,21428.2,21435.1,
2023-12-26T12:52:00+05:30,21433.6,21442.8,21433.6,21442.7,
2023-12-26T12:53:00+05:30,21442,21444.2,21437.2,21442.8,
2023-12-26T12:54:00+05:30,21442,21443.7,21437.6,21439.3,
2023-12-26T12:55:00+05:30,21439,21443,21430.6,21430.6,
2023-12-26T12:56:00+05:30,21429.9,21436.5,21427.7,21436.2,
2023-12-26T12:57:00+05:30,21435.3,21439.9,21435,21437.3,
2023-12-26T12:58:00+05:30,21436.6,21443.7,21435.7,21443.7,
2023-12-26T12:59:00+05:30,21443.7,21444.2,21440.5,21442.9,
2023-12-26T13:00:00+05:30,21442.5,21447.7,21442.2,21447.5,
2023-12-26T13:01:00+05:30,21446.9,21449.8,21444,21445.4,
2023-12-26T13:02:00+05:30,21445.2,21445.2,21425.2,21426.5,
2023-12-26T13:03:00+05:30,21426.7,21426.8,21416.8,21418.3,
2023-12-26T13:04:00+05:30,21415.1,21420.8,21410.5,21413.7,
2023-12-26T13:05:00+05:30,21411.2,21422.2,21411.2,21422.2,
2023-12-26T13:06:00+05:30,21421.7,21429.2,21421.5,21427.9,
2023-12-26T13:07:00+05:30,21427.3,21435,21426.8,21434.5,
2023-12-26T13:08:00+05:30,21434,21435.8,21430.5,21432.3,
2023-12-26T13:09:00+05:30,21431.8,21437.8,21431,21437.5,
2023-12-26T13:10:00+05:30,21436.8,21439,21433.5,21433.5,
2023-12-26T13:11:00+05:30,21433.8,21436.2,21431.5,21433.3,
2023-12-26T13:12:00+05:30,21433.2,21436,21430.3,21436,
2023-12-26T13:13:00+05:30,21434.8,21440.5,21433.5,21440.4,
2023-12-26T13:14:00+05:30,21438.6,21441.1,21437,21438.8,
2023-12-26T13:15:00+05:30,21438.2,21439.1,21431.9,21435.2,
2023-12-26T13:16:00+05:30,21434,21437.8,21433.5,21437.8,
2023-12-26T13:17:00+05:30,21437.5,21440.9,21436.3,21440.8,
2023-12-26T13:18:00+05:30,21438.8,21445.9,21438.3,21445.9,
2023-12-26T13:19:00+05:30,21444.6,21448.2,21441.5,21446.8,
2023-12-26T13:20:00+05:30,21445.5,21448,21442.7,21446.8,
2023-12-26T13:21:00+05:30,21446.5,21449,21444.5,21449,
2023-12-26T13:22:00+05:30,21443,21446.5,21436,21438.4,
2023-12-26T13:23:00+05:30,21437.8,21443.8,21436.8,21439.2,
2023-12-26T13:24:00+05:30,21438.5,21441.1,21437,21441,
2023-12-26T13:25:00+05:30,21441.4,21441.5,21436.1,21441.5,
2023-12-26T13:26:00+05:30,21439.8,21440,21434.7,21436.1,
2023-12-26T13:27:00+05:30,21435.4,21436.8,21432.6,21434.7,
2023-12-26T13:28:00+05:30,21433.7,21437.2,21433.2,21436.3,
2023-12-26T13:29:00+05:30,21436.8,21445.9,21435.2,21445.9,
2023-12-26T13:30:00+05:30,21444.3,21445.4,21437.7,21441,
2023-12-26T13:31:00+05:30,21440.5,21443.6,21439,21441.8,
2023-12-26T13:32:00+05:30,21440.6,21445.7,21438.7,21445.7,
2023-12-26T13:33:00+05:30,21445.3,21447.5,21444.2,21445.8,
2023-12-26T13:34:00+05:30,21446.2,21450,21444.9,21448,
2023-12-26T13:35:00+05:30,21447.7,21447.8,21442.5,21442.5,
2023-12-26T13:36:00+05:30,21443.7,21444.4,21440.2,21444.4,
2023-12-26T13:37:00+05:30,21443.3,21444.7,21441.7,21443.3,
2023-12-26T13:38:00+05:30,21442.8,21446.5,21441.1,21446.2,
2023-12-26T13:39:00+05:30,21445.2,21447.1,21442,21444.7,
2023-12-26T13:40:00+05:30,21444,21445.2,21441.9,21444.9,
2023-12-26T13:41:00+05:30,21444.5,21446.2,21441,21444,
2023-12-26T13:42:00+05:30,21443,21450.7,21442.1,21450.7,
2023-12-26T13:43:00+05:30,21447.8,21450.4,21445.5,21450.4,
2023-12-26T13:44:00+05:30,21449.2,21452.2,21447,21452.2,
2023-12-26T13:45:00+05:30,21451.5,21452.5,21448.8,21452.1,
2023-12-26T13:46:00+05:30,21449.8,21452.1,21444.6,21448.7,
2023-12-26T13:47:00+05:30,21445.2,21447.8,21445.2,21447.7,
2023-12-26T13:48:00+05:30,21447.3,21451,21446.8,21449.2,
2023-12-26T13:49:00+05:30,21448.1,21449.5,21443.3,21446.7,
2023-12-26T13:50:00+05:30,21445,21447.3,21437.9,21442.6,
2023-12-26T13:51:00+05:30,21442.2,21444.6,21441.1,21444.6,
2023-12-26T13:52:00+05:30,21445.1,21447.8,21442.5,21447.8,
2023-12-26T13:53:00+05:30,21447.1,21448.9,21445.6,21448.1,
2023-12-26T13:54:00+05:30,21447.9,21449.9,21446,21449.9,
2023-12-26T13:55:00+05:30,21447.4,21450.2,21445.9,21448,
2023-12-26T13:56:00+05:30,21447.1,21449.3,21442,21444.8,
2023-12-26T13:57:00+05:30,21443.8,21446.3,21442.2,21445.2,
2023-12-26T13:58:00+05:30,21444.2,21445.6,21441.4,21443.5,
2023-12-26T13:59:00+05:30,21442.9,21443.7,21439.8,21442.2,
2023-12-26T14:00:00+05:30,21441.2,21444.4,21440,21442.2,
2023-12-26T14:01:00+05:30,21441.5,21441.9,21437.1,21438.8,
2023-12-26T14:02:00+05:30,21438,21438.6,21435.2,21437.1,
2023-12-26T14:03:00+05:30,21437.1,21439.6,21435,21439.2,
2023-12-26T14:04:00+05:30,21438.5,21445.4,21438,21445.4,
2023-12-26T14:05:00+05:30,21444.7,21445.8,21442.8,21444.9,
2023-12-26T14:06:00+05:30,21445.2,21447.6,21444.3,21447.6,
2023-12-26T14:07:00+05:30,21445.7,21445.8,21439.5,21442.1,
2023-12-26T14:08:00+05:30,21441.2,21442.5,21439.1,21440.4,
2023-12-26T14:09:00+05:30,21438.8,21441.5,21438.2,21439.3,
2023-12-26T14:10:00+05:30,21438.8,21442.7,21437.8,21442.7,
2023-12-26T14:11:00+05:30,21440.2,21442.4,21427.9,21428.7,
2023-12-26T14:12:00+05:30,21428.2,21428.2,21422.5,21425.2,
2023-12-26T14:13:00+05:30,21424.8,21428,21422.4,21428,
2023-12-26T14:14:00+05:30,21426.9,21432.9,21425.2,21430.1,
2023-12-26T14:15:00+05:30,21429.8,21437.1,21428.1,21437.1,
2023-12-26T14:16:00+05:30,21435.2,21439.5,21433.7,21439.5,
2023-12-26T14:17:00+05:30,21437.8,21445.8,21437.8,21445.8,
2023-12-26T14:18:00+05:30,21445,21451.3,21444,21451.3,
2023-12-26T14:19:00+05:30,21450.6,21453.2,21450,21452.5,
2023-12-26T14:20:00+05:30,21451.7,21453.5,21447.8,21453.5,
2023-12-26T14:21:00+05:30,21452.7,21464.2,21451.2,21463.7,
2023-12-26T14:22:00+05:30,21465.1,21465.7,21459.2,21462.5,
2023-12-26T14:23:00+05:30,21461.7,21464.7,21459.5,21462.3,
2023-12-26T14:24:00+05:30,21461,21463.8,21460.6,21463.8,
2023-12-26T14:25:00+05:30,21462.5,21462.5,21456.8,21460.2,
2023-12-26T14:26:00+05:30,21458.8,21460,21455,21457.8,
2023-12-26T14:27:00+05:30,21456.8,21459.8,21455.5,21459.8,
2023-12-26T14:28:00+05:30,21460.4,21460.5,21457.1,21458.8,
2023-12-26T14:29:00+05:30,21457.9,21459,21453,21456.9,
2023-12-26T14:30:00+05:30,21454.5,21459,21454.1,21454.7,
2023-12-26T14:31:00+05:30,21454,21456.8,21449.3,21451.8,
2023-12-26T14:32:00+05:30,21450.3,21452,21446.5,21449.5,
2023-12-26T14:33:00+05:30,21448.7,21451.9,21447.5,21448.8,
2023-12-26T14:34:00+05:30,21447.8,21454.8,21447.2,21454.8,
2023-12-26T14:35:00+05:30,21452.2,21455.2,21450.5,21451.7,
2023-12-26T14:36:00+05:30,21451.9,21454,21448.2,21450,
2023-12-26T14:37:00+05:30,21448.4,21449.5,21443.2,21446.5,
2023-12-26T14:38:00+05:30,21446.7,21451.8,21445.5,21451.8,
2023-12-26T14:39:00+05:30,21450.2,21455.7,21450.2,21454.5,
2023-12-26T14:40:00+05:30,21453.5,21454.7,21445.5,21449.3,
2023-12-26T14:41:00+05:30,21446.5,21449.9,21444.2,21446.7,
2023-12-26T14:42:00+05:30,21446.1,21448.2,21438.2,21439.2,
2023-12-26T14:43:00+05:30,21437.9,21440.4,21432.5,21436.2,
2023-12-26T14:44:00+05:30,21435.2,21440.4,21435.2,21438.8,
2023-12-26T14:45:00+05:30,21437.7,21438.2,21430,21432.9,
2023-12-26T14:46:00+05:30,21432.3,21440,21432.3,21440,
2023-12-26T14:47:00+05:30,21438.8,21443.3,21438.1,21442.9,
2023-12-26T14:48:00+05:30,21441.6,21444.6,21440.1,21442.2,
2023-12-26T14:49:00+05:30,21443.8,21446.5,21441.4,21445.4,
2023-12-26T14:50:00+05:30,21444.4,21445.8,21434.5,21437.8,
2023-12-26T14:51:00+05:30,21436.3,21440.2,21433.8,21436.8,
2023-12-26T14:52:00+05:30,21436.2,21436.8,21430,21435.5,
2023-12-26T14:53:00+05:30,21434.2,21439,21433.2,21438.7,
2023-12-26T14:54:00+05:30,21437.7,21438.2,21433.2,21436.8,
2023-12-26T14:55:00+05:30,21435.2,21437.9,21432,21437.5,
2023-12-26T14:56:00+05:30,21436.2,21437.2,21429.5,21432.5,
2023-12-26T14:57:00+05:30,21431.2,21435,21428.8,21435,
2023-12-26T14:58:00+05:30,21434.5,21434.8,21428.4,21432.1,
2023-12-26T14:59:00+05:30,21430.9,21436.3,21426.1,21436.3,
2023-12-26T15:00:00+05:30,21436.2,21453.7,21436.2,21449.9,
2023-12-26T15:01:00+05:30,21448.1,21450.3,21434.6,21434.6,
2023-12-26T15:02:00+05:30,21434,21434.4,21419.4,21432.3,
2023-12-26T15:03:00+05:30,21431.1,21437.3,21428.3,21435.5,
2023-12-26T15:04:00+05:30,21433.7,21437.4,21429.9,21437.4,
2023-12-26T15:05:00+05:30,21437.2,21438.8,21432.9,21434.5,
2023-12-26T15:06:00+05:30,21434.8,21434.8,21430.5,21433.2,
2023-12-26T15:07:00+05:30,21432.3,21433.6,21425.8,21427.7,
2023-12-26T15:08:00+05:30,21426.4,21429.5,21426,21428.5,
2023-12-26T15:09:00+05:30,21430.2,21432,21426.8,21432,
2023-12-26T15:10:00+05:30,21431.7,21432.8,21429.5,21432.8,
2023-12-26T15:11:00+05:30,21431.8,21435.6,21429.7,21435.6,
2023-12-26T15:12:00+05:30,21436.1,21441,21435,21439.3,
2023-12-26T15:13:00+05:30,21439.3,21439.3,21435,21436.5,
2023-12-26T15:14:00+05:30,21437.4,21439.1,21435.3,21438.5,
2023-12-26T15:15:00+05:30,21439.3,21443.3,21438.1,21442.5,
2023-12-26T15:16:00+05:30,21445.6,21447.5,21441.1,21446.2,
2023-12-26T15:17:00+05:30,21447,21449.2,21445,21445.6,
2023-12-26T15:18:00+05:30,21445.7,21447.3,21441.7,21443.8,
2023-12-26T15:19:00+05:30,21444.2,21451,21444.2,21449.9,
2023-12-26T15:20:00+05:30,21451.2,21451.8,21443.8,21446,
2023-12-26T15:21:00+05:30,21445.8,21449.2,21443.2,21447,
2023-12-26T15:22:00+05:30,21448.2,21450.6,21446.2,21449.3,
2023-12-26T15:23:00+05:30,21449.4,21451.3,21446,21446.8,
2023-12-26T15:24:00+05:30,21447.7,21449.5,21445,21448.2,
2023-12-26T15:25:00+05:30,21447.5,21452.8,21447.3,21449,
2023-12-26T15:26:00+05:30,21450.3,21453.5,21449.7,21452.3,
2023-12-26T15:27:00+05:30,21452.6,21454,21450.3,21452.7,
2023-12-26T15:28:00+05:30,21453.5,21456.5,21451.3,21454.8,
2023-12-26T15:29:00+05:30,21453.7,21457.7,21451.5,21454.2,
2023-12-27T09:15:00+05:30,21497.7,21531.4,21495.8,21529.7,
2023-12-27T09:16:00+05:30,21530.8,21531.8,21519.2,21528.2,
2023-12-27T09:17:00+05:30,21526.9,21527.2,21516.3,21518.3,
2023-12-27T09:18:00+05:30,21517.5,21520.2,21509.2,21520.1,
2023-12-27T09:19:00+05:30,21518.7,21524.5,21518,21522.2,
2023-12-27T09:20:00+05:30,21522.1,21526.4,21520.6,21526.4,
2023-12-27T09:21:00+05:30,21526,21527.1,21520.5,21520.5,
2023-12-27T09:22:00+05:30,21520.4,21520.5,21513.5,21518.6,
2023-12-27T09:23:00+05:30,21519.2,21523.2,21519,21522.4,
2023-12-27T09:24:00+05:30,21522,21527.2,21516.8,21526.3,
2023-12-27T09:25:00+05:30,21526.5,21527.2,21522.3,21523.8,
2023-12-27T09:26:00+05:30,21523,21527.9,21521.8,21522.3,
2023-12-27T09:27:00+05:30,21521.2,21523.2,21519.8,21522.5,
2023-12-27T09:28:00+05:30,21523.3,21530.5,21523.3,21528.7,
2023-12-27T09:29:00+05:30,21528.6,21537.5,21526,21535.5,
2023-12-27T09:30:00+05:30,21536.8,21544,21536.5,21539,
2023-12-27T09:31:00+05:30,21537.6,21544.5,21537.5,21540.3,
2023-12-27T09:32:00+05:30,21539.5,21539.8,21532.8,21535,
2023-12-27T09:33:00+05:30,21535,21535.8,21528.5,21529.7,
2023-12-27T09:34:00+05:30,21530,21531.8,21526.8,21528.5,
2023-12-27T09:35:00+05:30,21527.7,21528.5,21514.8,21516.2,
2023-12-27T09:36:00+05:30,21516,21521.6,21516,21519.8,
2023-12-27T09:37:00+05:30,21519.2,21526.2,21519.2,21525.3,
2023-12-27T09:38:00+05:30,21525,21533,21522.4,21532.7,
2023-12-27T09:39:00+05:30,21533.3,21538.8,21532.5,21536.8,
2023-12-27T09:40:00+05:30,21536.8,21540.2,21536.8,21538.3,
2023-12-27T09:41:00+05:30,21539.2,21542,21534.5,21541.5,
2023-12-27T09:42:00+05:30,21541.1,21544,21536.8,21543.3,
2023-12-27T09:43:00+05:30,21543,21551.6,21541.3,21550.5,
2023-12-27T09:44:00+05:30,21550.5,21556.3,21548.2,21556,
2023-12-27T09:45:00+05:30,21555.5,21557.6,21551.5,21552.3,
2023-12-27T09:46:00+05:30,21551.2,21553.6,21549.8,21551.2,
2023-12-27T09:47:00+05:30,21551.4,21553.2,21549.2,21552.4,
2023-12-27T09:48:00+05:30,21553.8,21562.1,21553.5,21560.8,
2023-12-27T09:49:00+05:30,21561.2,21561.5,21553.5,21554.2,
2023-12-27T09:50:00+05:30,21554.5,21554.9,21549.8,21551.5,
2023-12-27T09:51:00+05:30,21549.9,21560.3,21549.9,21558.8,
2023-12-27T09:52:00+05:30,21559.1,21559.8,21556.8,21557.8,
2023-12-27T09:53:00+05:30,21558.3,21560.8,21556.5,21557.2,
2023-12-27T09:54:00+05:30,21558.1,21565.7,21557,21563.8,
2023-12-27T09:55:00+05:30,21563.7,21563.7,21559.2,21563.1,
2023-12-27T09:56:00+05:30,21563.2,21564.5,21558.5,21558.5,
2023-12-27T09:57:00+05:30,21555.6,21562.5,21553.6,21561.2,
2023-12-27T09:58:00+05:30,21562.3,21562.3,21557.5,21559.7,
2023-12-27T09:59:00+05:30,21559.2,21562.8,21558.2,21561.7,
2023-12-27T10:00:00+05:30,21561.3,21562.5,21550.2,21550.2,
2023-12-27T10:01:00+05:30,21551.8,21555,21550.2,21552.8,
2023-12-27T10:02:00+05:30,21553.2,21555.1,21550.2,21551.8,
2023-12-27T10:03:00+05:30,21552.2,21555.2,21549.4,21551.3,
2023-12-27T10:04:00+05:30,21552.3,21555.6,21550,21552.5,
2023-12-27T10:05:00+05:30,21552.6,21552.7,21549.5,21551.3,
2023-12-27T10:06:00+05:30,21552.2,21553.5,21549.5,21551.6,
2023-12-27T10:07:00+05:30,21552.3,21555.8,21548.8,21554.8,
2023-12-27T10:08:00+05:30,21554.8,21567.5,21554.8,21565.5,
2023-12-27T10:09:00+05:30,21564.9,21564.9,21554.8,21555.7,
2023-12-27T10:10:00+05:30,21555.9,21555.9,21546,21553,
2023-12-27T10:11:00+05:30,21552.7,21560.9,21551.8,21560.1,
2023-12-27T10:12:00+05:30,21559.8,21561,21557.7,21558.2,
2023-12-27T10:13:00+05:30,21559.2,21559.2,21554.5,21555.2,
2023-12-27T10:14:00+05:30,21555.1,21560,21554.3,21559.7,
2023-12-27T10:15:00+05:30,21559.2,21563.9,21559.2,21560.5,
2023-12-27T10:16:00+05:30,21560.8,21561.3,21558.5,21559.2,
2023-12-27T10:17:00+05:30,21559.8,21560.7,21557.8,21559.9,
2023-12-27T10:18:00+05:30,21560.2,21561.3,21556.6,21557.4,
2023-12-27T10:19:00+05:30,21557.2,21558.3,21554.4,21556.3,
2023-12-27T10:20:00+05:30,21556.4,21563.2,21556.3,21562.1,
2023-12-27T10:21:00+05:30,21562.7,21564.5,21560.9,21561.9,
2023-12-27T10:22:00+05:30,21562,21564.8,21560.4,21564.8,
2023-12-27T10:23:00+05:30,21565.5,21565.5,21561.5,21562.5,
2023-12-27T10:24:00+05:30,21562.8,21563.9,21560.3,21563.9,
2023-12-27T10:25:00+05:30,21563.5,21564.5,21562,21564.5,
2023-12-27T10:26:00+05:30,21564.4,21565.4,21562.3,21563.7,
2023-12-27T10:27:00+05:30,21563.2,21578.2,21563.2,21574.7,
2023-12-27T10:28:00+05:30,21574,21577.2,21570.3,21576.3,
2023-12-27T10:29:00+05:30,21576.3,21578.2,21575,21576.3,
2023-12-27T10:30:00+05:30,21576.2,21581,21571.9,21579.4,
2023-12-27T10:31:00+05:30,21579.7,21580.2,21576.2,21578.2,
2023-12-27T10:32:00+05:30,21578.8,21578.8,21572.4,21574.8,
2023-12-27T10:33:00+05:30,21574.5,21575.5,21569.5,21570.3,
2023-12-27T10:34:00+05:30,21570,21574.3,21569,21571.8,
2023-12-27T10:35:00+05:30,21571.8,21572.5,21569.2,21570.8,
2023-12-27T10:36:00+05:30,21571.1,21571.8,21567.8,21567.8,
2023-12-27T10:37:00+05:30,21568.8,21574.1,21567.8,21574.1,
2023-12-27T10:38:00+05:30,21574,21574.6,21567.4,21569,
2023-12-27T10:39:00+05:30,21569.7,21569.7,21564.7,21566.2,
2023-12-27T10:40:00+05:30,21566.2,21572.2,21563.8,21571.8,
2023-12-27T10:41:00+05:30,21570.5,21571.7,21566,21567.8,
2023-12-27T10:42:00+05:30,21567.9,21568.5,21565.9,21567.9,
2023-12-27T10:43:00+05:30,21568,21569.9,21561.2,21562.5,
2023-12-27T10:44:00+05:30,21561.9,21562.3,21557,21561.5,
2023-12-27T10:45:00+05:30,21560.8,21564.7,21560.6,21563.4,
2023-12-27T10:46:00+05:30,21564.4,21564.8,21556.8,21556.8,
2023-12-27T10:47:00+05:30,21556.3,21575,21555.2,21573.8,
2023-12-27T10:48:00+05:30,21573.6,21582.3,21573.6,21579.5,
2023-12-27T10:49:00+05:30,21577.8,21582.9,21577,21580.9,
2023-12-27T10:50:00+05:30,21579.9,21583.8,21579.4,21582.2,
2023-12-27T10:51:00+05:30,21581,21584.5,21575.3,21579.5,
2023-12-27T10:52:00+05:30,21579.2,21582,21575,21579.3,
2023-12-27T10:53:00+05:30,21580,21580,21572.4,21574.9,
2023-12-27T10:54:00+05:30,21574.5,21578.5,21573.5,21576.9,
2023-12-27T10:55:00+05:30,21576.3,21582.5,21576.3,21580.8,
2023-12-27T10:56:00+05:30,21581.2,21583,21575.2,21578.5,
2023-12-27T10:57:00+05:30,21578.6,21584.5,21575.4,21582.5,
2023-12-27T10:58:00+05:30,21582.1,21585.3,21579.7,21584.2,
2023-12-27T10:59:00+05:30,21583.7,21584.3,21576.7,21579.5,
2023-12-27T11:00:00+05:30,21579.5,21581.8,21576.1,21580.1,
2023-12-27T11:01:00+05:30,21578.7,21580.1,21573.8,21573.8,
2023-12-27T11:02:00+05:30,21574,21577,21573.8,21576,
2023-12-27T11:03:00+05:30,21575.5,21579.3,21572.2,21578,
2023-12-27T11:04:00+05:30,21577.5,21580,21574.3,21575,
2023-12-27T11:05:00+05:30,21574.7,21575.9,21571,21575.9,
2023-12-27T11:06:00+05:30,21575,21579,21572.5,21578.2,
2023-12-27T11:07:00+05:30,21578.3,21579.2,21576.1,21577.5,
2023-12-27T11:08:00+05:30,21577.4,21578.8,21575.6,21576.3,
2023-12-27T11:09:00+05:30,21575.8,21577.3,21573.5,21574.3,
2023-12-27T11:10:00+05:30,21574.3,21574.3,21569.1,21570.6,
2023-12-27T11:11:00+05:30,21570.2,21578.8,21570.2,21576.8,
2023-12-27T11:12:00+05:30,21577,21578.7,21572.9,21576.8,
2023-12-27T11:13:00+05:30,21576.6,21578.5,21573.8,21576.5,
2023-12-27T11:14:00+05:30,21576.2,21579,21575,21578.2,
2023-12-27T11:15:00+05:30,21577.5,21582,21577.2,21578,
2023-12-27T11:16:00+05:30,21578.5,21580.8,21575.1,21576.2,
2023-12-27T11:17:00+05:30,21576.2,21580.8,21574.6,21578,
2023-12-27T11:18:00+05:30,21578.5,21583.5,21577.8,21581.7,
2023-12-27T11:19:00+05:30,21581.3,21582.3,21576.3,21578,
2023-12-27T11:20:00+05:30,21577.7,21580.7,21575.9,21577.8,
2023-12-27T11:21:00+05:30,21576.2,21582.8,21576.1,21578.3,
2023-12-27T11:22:00+05:30,21578.3,21578.8,21571.2,21576.3,
2023-12-27T11:23:00+05:30,21576.3,21577.8,21571.4,21574.4,
2023-12-27T11:24:00+05:30,21572.7,21576.4,21570.8,21576,
2023-12-27T11:25:00+05:30,21574.5,21578,21573.3,21577.2,
2023-12-27T11:26:00+05:30,21579,21583.8,21578.2,21579.5,
2023-12-27T11:27:00+05:30,21579.7,21582.5,21578.2,21580.8,
2023-12-27T11:28:00+05:30,21580.8,21586.1,21578,21584.4,
2023-12-27T11:29:00+05:30,21584.9,21589,21581.6,21587.8,
2023-12-27T11:30:00+05:30,21588.5,21590.2,21583.5,21587.5,
2023-12-27T11:31:00+05:30,21586.5,21587.8,21583.4,21587,
2023-12-27T11:32:00+05:30,21586.8,21592.8,21584.6,21586.7,
2023-12-27T11:33:00+05:30,21587.5,21590.6,21585.8,21588.8,
2023-12-27T11:34:00+05:30,21587.8,21594,21587.5,21592,
2023-12-27T11:35:00+05:30,21589.8,21593.5,21588,21589.8,
2023-12-27T11:36:00+05:30,21588.7,21591.3,21586.7,21588.7,
2023-12-27T11:37:00+05:30,21587,21590,21585.4,21590,
2023-12-27T11:38:00+05:30,21587.8,21593.8,21587.8,21592,
2023-12-27T11:39:00+05:30,21591.5,21594.8,21589.1,21593.2,
2023-12-27T11:40:00+05:30,21590.8,21592.9,21588.3,21592.2,
2023-12-27T11:41:00+05:30,21590.8,21595,21589.4,21593.3,
2023-12-27T11:42:00+05:30,21593.6,21595.1,21585.7,21588,
2023-12-27T11:43:00+05:30,21587.8,21589,21583.5,21586,
2023-12-27T11:44:00+05:30,21585.7,21587.5,21580,21580.5,
2023-12-27T11:45:00+05:30,21580.7,21582.8,21577.8,21580.5,
2023-12-27T11:46:00+05:30,21579,21585.6,21578.1,21584.9,
2023-12-27T11:47:00+05:30,21584.5,21586.5,21580,21582.1,
2023-12-27T11:48:00+05:30,21582.5,21584.2,21578.6,21582,
2023-12-27T11:49:00+05:30,21581.4,21583.5,21577.9,21580,
2023-12-27T11:50:00+05:30,21580.5,21582,21575.7,21580.5,
2023-12-27T11:51:00+05:30,21580.5,21584.3,21579.1,21582.2,
2023-12-27T11:52:00+05:30,21581.7,21585.3,21580.2,21583.7,
2023-12-27T11:53:00+05:30,21582.8,21586.7,21579.8,21583.3,
2023-12-27T11:54:00+05:30,21583.5,21586.8,21582.7,21584.5,
2023-12-27T11:55:00+05:30,21584.4,21586.3,21582.6,21583.7,
2023-12-27T11:56:00+05:30,21582.8,21587.5,21577.8,21586,
2023-12-27T11:57:00+05:30,21585.6,21591.3,21584.2,21590.5,
2023-12-27T11:58:00+05:30,21589.5,21591.2,21586.4,21589.5,
2023-12-27T11:59:00+05:30,21589.2,21593.7,21587,21592.2,
2023-12-27T12:00:00+05:30,21591.3,21598.5,21590.2,21597,
2023-12-27T12:01:00+05:30,21595.8,21598,21592.5,21593.2,
2023-12-27T12:02:00+05:30,21592.5,21594.6,21589.5,21590.2,
2023-12-27T12:03:00+05:30,21589,21594.6,21588.8,21594.2,
2023-12-27T12:04:00+05:30,21593.4,21596.6,21590.8,21594.2,
2023-12-27T12:05:00+05:30,21594.3,21602.5,21592,21600,
2023-12-27T12:06:00+05:30,21599.7,21602.6,21597.8,21597.8,
2023-12-27T12:07:00+05:30,21597.2,21602.7,21595.5,21600.9,
2023-12-27T12:08:00+05:30,21600.9,21603.4,21597.7,21600.3,
2023-12-27T12:09:00+05:30,21599.1,21600.2,21595.8,21599.8,
2023-12-27T12:10:00+05:30,21598,21599.3,21592.6,21593.2,
2023-12-27T12:11:00+05:30,21592.2,21592.4,21589,21590.1,
2023-12-27T12:12:00+05:30,21588.5,21589.8,21584,21585.4,
2023-12-27T12:13:00+05:30,21584.8,21587.6,21583.5,21584.6,
2023-12-27T12:14:00+05:30,21583.8,21586.7,21581,21583.1,
2023-12-27T12:15:00+05:30,21582.6,21583.7,21577.3,21580.3,
2023-12-27T12:16:00+05:30,21581.2,21583.8,21576.8,21576.8,
2023-12-27T12:17:00+05:30,21575.5,21577.9,21567.5,21568.3,
2023-12-27T12:18:00+05:30,21568.7,21573.8,21568.7,21570.8,
2023-12-27T12:19:00+05:30,21571,21576.8,21570.9,21571.7,
2023-12-27T12:20:00+05:30,21572.5,21574.1,21569.7,21570,
2023-12-27T12:21:00+05:30,21570.2,21572.2,21565.4,21569.2,
2023-12-27T12:22:00+05:30,21569,21569.3,21564.7,21564.9,
2023-12-27T12:23:00+05:30,21564.5,21565.7,21545.5,21545.8,
2023-12-27T12:24:00+05:30,21543.8,21549.7,21539.5,21542.4,
2023-12-27T12:25:00+05:30,21540.8,21553.5,21540.8,21553.5,
2023-12-27T12:26:00+05:30,21552.9,21554.2,21547,21551.2,
2023-12-27T12:27:00+05:30,21549.5,21553.3,21546.5,21551.7,
2023-12-27T12:28:00+05:30,21551.5,21555,21549,21553.2,
2023-12-27T12:29:00+05:30,21551,21554,21539.7,21541.2,
2023-12-27T12:30:00+05:30,21541.8,21547,21531.3,21531.3,
2023-12-27T12:31:00+05:30,21531.8,21533.2,21524.2,21526.2,
2023-12-27T12:32:00+05:30,21527.8,21533.7,21526.9,21531.8,
2023-12-27T12:33:00+05:30,21531.7,21535,21526.2,21534.9,
2023-12-27T12:34:00+05:30,21532.3,21541.5,21529.8,21541.5,
2023-12-27T12:35:00+05:30,21540.5,21549.2,21540,21546.8,
2023-12-27T12:36:00+05:30,21546,21548.9,21544.2,21548.6,
2023-12-27T12:37:00+05:30,21547.1,21554.3,21547.1,21554,
2023-12-27T12:38:00+05:30,21555.7,21564.5,21553.7,21563.3,
2023-12-27T12:39:00+05:30,21562.8,21564.1,21555.9,21557.2,
2023-12-27T12:40:00+05:30,21554.2,21558.9,21553,21557.6,
2023-12-27T12:41:00+05:30,21556.5,21558.3,21553.2,21555.2,
2023-12-27T12:42:00+05:30,21555.6,21563.2,21552.8,21561.2,
2023-12-27T12:43:00+05:30,21560.7,21563.3,21555.5,21558,
2023-12-27T12:44:00+05:30,21557.7,21560.2,21555.7,21556.2,
2023-12-27T12:45:00+05:30,21555.5,21562.2,21553,21561.1,
2023-12-27T12:46:00+05:30,21559.2,21563.2,21557.5,21557.8,
2023-12-27T12:47:00+05:30,21558,21563.8,21556,21562.5,
2023-12-27T12:48:00+05:30,21562.3,21568.5,21560.3,21565.7,
2023-12-27T12:49:00+05:30,21565.5,21570.8,21564,21570.7,
2023-12-27T12:50:00+05:30,21568.8,21576,21568,21575,
2023-12-27T12:51:00+05:30,21575.3,21575.3,21567.9,21569.5,
2023-12-27T12:52:00+05:30,21566.2,21572.8,21566.2,21570.3,
2023-12-27T12:53:00+05:30,21571.5,21577.1,21569,21576.2,
2023-12-27T12:54:00+05:30,21576.5,21577.6,21572,21576,
2023-12-27T12:55:00+05:30,21575.7,21577.8,21573,21575.2,
2023-12-27T12:56:00+05:30,21574.6,21575.5,21569.8,21569.8,
2023-12-27T12:57:00+05:30,21571,21571.4,21565.5,21570.4,
2023-12-27T12:58:00+05:30,21570.5,21571.5,21568.2,21571.5,
2023-12-27T12:59:00+05:30,21570.5,21575.6,21569,21574,
2023-12-27T13:00:00+05:30,21573.1,21574,21555,21555,
2023-12-27T13:01:00+05:30,21551.5,21557.1,21545,21546.5,
2023-12-27T13:02:00+05:30,21545.2,21545.2,21535.8,21537,
2023-12-27T13:03:00+05:30,21536.8,21543,21533.8,21536.9,
2023-12-27T13:04:00+05:30,21536,21544.7,21533.3,21534.2,
2023-12-27T13:05:00+05:30,21534.5,21541.8,21533.9,21540.8,
2023-12-27T13:06:00+05:30,21540.3,21541.2,21529.3,21529.3,
2023-12-27T13:07:00+05:30,21529.5,21531.7,21524.2,21527.8,
2023-12-27T13:08:00+05:30,21527.7,21530.7,21526.1,21526.6,
2023-12-27T13:09:00+05:30,21526.3,21528.3,21520.6,21524,
2023-12-27T13:10:00+05:30,21523,21535.5,21522.7,21534.1,
2023-12-27T13:11:00+05:30,21534.2,21540.5,21531.1,21540,
2023-12-27T13:12:00+05:30,21541,21542.5,21537.7,21539.5,
2023-12-27T13:13:00+05:30,21539.3,21540.5,21530,21533,
2023-12-27T13:14:00+05:30,21533.2,21536.5,21531.7,21534,
2023-12-27T13:15:00+05:30,21533.3,21536.1,21529.2,21535.2,
2023-12-27T13:16:00+05:30,21536.3,21539,21533,21535.8,
2023-12-27T13:17:00+05:30,21535.5,21536.1,21530,21533.8,
2023-12-27T13:18:00+05:30,21534.3,21535.2,21532.2,21533.7,
2023-12-27T13:19:00+05:30,21534.5,21534.5,21525.8,21526,
2023-12-27T13:20:00+05:30,21525.4,21531.3,21520.3,21530.8,
2023-12-27T13:21:00+05:30,21529.8,21537,21529.8,21535.5,
2023-12-27T13:22:00+05:30,21535.2,21541.3,21533.3,21536,
2023-12-27T13:23:00+05:30,21536,21537.9,21533.3,21534.2,
2023-12-27T13:24:00+05:30,21533.8,21539.2,21530.9,21538.2,
2023-12-27T13:25:00+05:30,21538.3,21542.3,21537,21542.1,
2023-12-27T13:26:00+05:30,21542.5,21545.1,21539.4,21541.7,
2023-12-27T13:27:00+05:30,21541.7,21543.7,21539.3,21539.3,
2023-12-27T13:28:00+05:30,21539.8,21540.3,21530.2,21533.2,
2023-12-27T13:29:00+05:30,21533.2,21534.5,21529.3,21532,
2023-12-27T13:30:00+05:30,21531.3,21532.1,21524.8,21524.8,
2023-12-27T13:31:00+05:30,21526.7,21531.7,21526.3,21530.8,
2023-12-27T13:32:00+05:30,21530.3,21534,21528.3,21532,
2023-12-27T13:33:00+05:30,21531.5,21532.5,21527.5,21530.4,
2023-12-27T13:34:00+05:30,21530.7,21530.7,21525.9,21526.7,
2023-12-27T13:35:00+05:30,21527.5,21528.1,21523.5,21523.8,
2023-12-27T13:36:00+05:30,21523.8,21524.5,21516.5,21516.5,
2023-12-27T13:37:00+05:30,21517,21517,21505.1,21508.4,
2023-12-27T13:38:00+05:30,21509,21514,21507,21511.5,
2023-12-27T13:39:00+05:30,21510.8,21519.3,21509.8,21518.9,
2023-12-27T13:40:00+05:30,21520,21527.6,21518.7,21522.4,
2023-12-27T13:41:00+05:30,21522.7,21524.5,21517.2,21521.5,
2023-12-27T13:42:00+05:30,21520.8,21525.1,21519.2,21524.2,
2023-12-27T13:43:00+05:30,21524,21532.9,21522.1,21531.5,
2023-12-27T13:44:00+05:30,21531.7,21536.8,21529.5,21534.5,
2023-12-27T13:45:00+05:30,21535.5,21535.5,21530.5,21532.7,
2023-12-27T13:46:00+05:30,21530.4,21533.5,21529,21532,
2023-12-27T13:47:00+05:30,21532.6,21535.3,21530.2,21530.2,
2023-12-27T13:48:00+05:30,21530.8,21539.2,21528,21537.5,
2023-12-27T13:49:00+05:30,21538.5,21548.1,21536.5,21545.3,
2023-12-27T13:50:00+05:30,21545.2,21547,21542.5,21545.8,
2023-12-27T13:51:00+05:30,21545.3,21549.8,21544.2,21546.6,
2023-12-27T13:52:00+05:30,21546.3,21547.1,21536.7,21539,
2023-12-27T13:53:00+05:30,21539,21540.5,21536,21536.6,
2023-12-27T13:54:00+05:30,21537,21538,21533.7,21535.1,
2023-12-27T13:55:00+05:30,21533.6,21537.8,21533.3,21536.8,
2023-12-27T13:56:00+05:30,21537.7,21544.5,21535.1,21540,
2023-12-27T13:57:00+05:30,21540.2,21549,21538.7,21546.5,
2023-12-27T13:58:00+05:30,21547,21549.7,21544.3,21546.8,
2023-12-27T13:59:00+05:30,21547.6,21550.6,21543,21543.5,
2023-12-27T14:00:00+05:30,21543.7,21545.8,21540,21544.5,
2023-12-27T14:01:00+05:30,21544.5,21552.5,21543.2,21552.4,
2023-12-27T14:02:00+05:30,21551.8,21559.4,21550.8,21558.2,
2023-12-27T14:03:00+05:30,21558.2,21562.4,21557.2,21558.2,
2023-12-27T14:04:00+05:30,21558,21562.3,21556.2,21562.2,
2023-12-27T14:05:00+05:30,21560.8,21561.5,21555.6,21556.4,
2023-12-27T14:06:00+05:30,21555.8,21558.7,21552.8,21557.7,
2023-12-27T14:07:00+05:30,21557.5,21559.5,21552,21552,
2023-12-27T14:08:00+05:30,21551.9,21552.8,21547.6,21551.2,
2023-12-27T14:09:00+05:30,21551.1,21553.7,21548.5,21552.2,
2023-12-27T14:10:00+05:30,21553.5,21560.5,21551.4,21558.3,
2023-12-27T14:11:00+05:30,21558.3,21558.3,21552.5,21554.5,
2023-12-27T14:12:00+05:30,21554.6,21557.7,21553.3,21556.1,
2023-12-27T14:13:00+05:30,21556,21556.8,21552.2,21555.5,
2023-12-27T14:14:00+05:30,21555.5,21558.8,21554.2,21558.3,
2023-12-27T14:15:00+05:30,21558.8,21558.8,21550,21551.9,
2023-12-27T14:16:00+05:30,21552.4,21554.5,21547.2,21553.7,
2023-12-27T14:17:00+05:30,21553,21560.3,21551.7,21558.2,
2023-12-27T14:18:00+05:30,21559.5,21564.7,21556.8,21562.5,
2023-12-27T14:19:00+05:30,21561.7,21566.7,21561,21565.5,
2023-12-27T14:20:00+05:30,21565.2,21566.8,21560.5,21564.3,
2023-12-27T14:21:00+05:30,21563.5,21564.6,21559,21559,
2023-12-27T14:22:00+05:30,21557.7,21560.8,21554.6,21557,
2023-12-27T14:23:00+05:30,21556.3,21558.3,21551.6,21552.5,
2023-12-27T14:24:00+05:30,21552.8,21561,21551,21559.2,
2023-12-27T14:25:00+05:30,21559.8,21559.8,21551.6,21555.3,
2023-12-27T14:26:00+05:30,21554,21555,21550.2,21551.2,
2023-12-27T14:27:00+05:30,21550.8,21557,21549.3,21557,
2023-12-27T14:28:00+05:30,21556,21563.2,21555.1,21562.8,
2023-12-27T14:29:00+05:30,21561.8,21562.2,21558.2,21560.2,
2023-12-27T14:30:00+05:30,21559.7,21565.1,21558.3,21564,
2023-12-27T14:31:00+05:30,21563.8,21564.3,21559,21559,
2023-12-27T14:32:00+05:30,21559.8,21560.6,21551.3,21551.8,
2023-12-27T14:33:00+05:30,21550.2,21558.7,21550.2,21558.2,
2023-12-27T14:34:00+05:30,21557.8,21562.8,21557.5,21561.8,
2023-12-27T14:35:00+05:30,21560.9,21564.3,21559.5,21561.5,
2023-12-27T14:36:00+05:30,21562.8,21573.7,21559.8,21572.2,
2023-12-27T14:37:00+05:30,21570.8,21575.9,21570.7,21574.5,
2023-12-27T14:38:00+05:30,21574.7,21578.8,21572.8,21576.5,
2023-12-27T14:39:00+05:30,21575.5,21579.5,21574.2,21579.4,
2023-12-27T14:40:00+05:30,21579.3,21584.3,21577.8,21582.7,
2023-12-27T14:41:00+05:30,21582.2,21582.8,21572.1,21578.5,
2023-12-27T14:42:00+05:30,21578.9,21584.1,21576.3,21583.3,
2023-12-27T14:43:00+05:30,21583.2,21586.7,21581.5,21583.6,
2023-12-27T14:44:00+05:30,21582.9,21590.2,21582.5,21588.5,
2023-12-27T14:45:00+05:30,21587.5,21587.5,21581.2,21582.2,
2023-12-27T14:46:00+05:30,21583,21590.3,21583,21588.8,
2023-12-27T14:47:00+05:30,21588.7,21590.5,21586.1,21590.2,
2023-12-27T14:48:00+05:30,21590,21593.2,21587.7,21591.8,
2023-12-27T14:49:00+05:30,21592.2,21598.2,21592.2,21596.2,
2023-12-27T14:50:00+05:30,21596.3,21596.3,21589,21591.3,
2023-12-27T14:51:00+05:30,21591.3,21591.8,21582.5,21584.2,
2023-12-27T14:52:00+05:30,21583.5,21586.6,21577.5,21580,
2023-12-27T14:53:00+05:30,21579.2,21587.2,21577.7,21585,
2023-12-27T14:54:00+05:30,21586.3,21590.9,21583.9,21590.2,
2023-12-27T14:55:00+05:30,21590.6,21592.8,21585.2,21585.8,
2023-12-27T14:56:00+05:30,21585.8,21588.3,21581.1,21583.5,
2023-12-27T14:57:00+05:30,21582.8,21586.1,21581.1,21581.9,
2023-12-27T14:58:00+05:30,21581.7,21582.7,21578.6,21579.7,
2023-12-27T14:59:00+05:30,21579.8,21584,21577,21583.2,
2023-12-27T15:00:00+05:30,21580.7,21606.9,21580,21604.8,
2023-12-27T15:01:00+05:30,21604.3,21624.7,21603.8,21622.1,
2023-12-27T15:02:00+05:30,21622.2,21630.4,21620.3,21630.4,
2023-12-27T15:03:00+05:30,21630.2,21636.8,21630.2,21635.8,
2023-12-27T15:04:00+05:30,21635.5,21643.7,21635.3,21638.2,
2023-12-27T15:05:00+05:30,21637.5,21645.8,21637.3,21644.9,
2023-12-27T15:06:00+05:30,21645,21653,21645,21652.5,
2023-12-27T15:07:00+05:30,21652.2,21662.6,21652.2,21662.2,
2023-12-27T15:08:00+05:30,21662,21669.8,21658,21658.8,
2023-12-27T15:09:00+05:30,21658.4,21662,21658.1,21661.5,
2023-12-27T15:10:00+05:30,21661.3,21666.6,21660.7,21665.9,
2023-12-27T15:11:00+05:30,21665.4,21666.3,21658.7,21665,
2023-12-27T15:12:00+05:30,21663.4,21673.7,21663.4,21672.2,
2023-12-27T15:13:00+05:30,21672.5,21673.8,21666.9,21669.3,
2023-12-27T15:14:00+05:30,21667.7,21670.4,21666.7,21668.5,
2023-12-27T15:15:00+05:30,21668.3,21668.3,21663.5,21666.8,
2023-12-27T15:16:00+05:30,21666.5,21666.9,21661.2,21664.8,
2023-12-27T15:17:00+05:30,21664,21665.8,21660.5,21660.5,
2023-12-27T15:18:00+05:30,21659.7,21664,21659.2,21663.4,
2023-12-27T15:19:00+05:30,21663.3,21666.9,21663,21664.3,
2023-12-27T15:20:00+05:30,21664,21669.1,21662.6,21664.5,
2023-12-27T15:21:00+05:30,21664.2,21668.5,21663.8,21666.5,
2023-12-27T15:22:00+05:30,21666,21667,21661,21661,
2023-12-27T15:23:00+05:30,21661.2,21661.3,21656.6,21659,
2023-12-27T15:24:00+05:30,21657.5,21666.8,21657.5,21666.8,
2023-12-27T15:25:00+05:30,21666.2,21667.6,21663.3,21664.3,
2023-12-27T15:26:00+05:30,21665.9,21671.2,21665.3,21670.8,
2023-12-27T15:27:00+05:30,21669.8,21675.8,21669.8,21672.1,
2023-12-27T15:28:00+05:30,21673.6,21673.6,21651.8,21661.9,
2023-12-27T15:29:00+05:30,21662.2,21662.8,21648.7,21649,
2023-12-28T09:15:00+05:30,21715,21718.7,21699.8,21713,
2023-12-28T09:16:00+05:30,21712.7,21728.3,21712.7,21721.2,
2023-12-28T09:17:00+05:30,21718.8,21724.5,21715,21719.8,
2023-12-28T09:18:00+05:30,21719.8,21725.2,21717.3,21719.5,
2023-12-28T09:19:00+05:30,21720.2,21722,21712.2,21718.7,
2023-12-28T09:20:00+05:30,21720.6,21738.7,21718.5,21735.4,
2023-12-28T09:21:00+05:30,21736,21740,21732.8,21737.5,
2023-12-28T09:22:00+05:30,21738.2,21744.2,21736.4,21738.5,
2023-12-28T09:23:00+05:30,21738.7,21739.2,21729.5,21737.6,
2023-12-28T09:24:00+05:30,21738.3,21742.8,21734.8,21740.3,
2023-12-28T09:25:00+05:30,21740.2,21740.2,21731.8,21735.3,
2023-12-28T09:26:00+05:30,21734.7,21735.8,21728.6,21734.2,
2023-12-28T09:27:00+05:30,21733.2,21740.2,21731,21738.5,
2023-12-28T09:28:00+05:30,21737.7,21740.5,21732.8,21732.8,
2023-12-28T09:29:00+05:30,21733.8,21735.4,21729.2,21732,
2023-12-28T09:30:00+05:30,21731.5,21745.6,21731.5,21736.5,
2023-12-28T09:31:00+05:30,21736.9,21740.2,21735.3,21737.2,
2023-12-28T09:32:00+05:30,21736.2,21743.2,21734.7,21741.4,
2023-12-28T09:33:00+05:30,21741.5,21742.8,21734.9,21736.3,
2023-12-28T09:34:00+05:30,21736.8,21736.8,21716.5,21729.7,
2023-12-28T09:35:00+05:30,21733,21737.1,21727.2,21727.2,
2023-12-28T09:36:00+05:30,21727.2,21729.7,21721.2,21728.5,
2023-12-28T09:37:00+05:30,21728.7,21730.3,21720.3,21722,
2023-12-28T09:38:00+05:30,21721.7,21727.1,21721.7,21724.8,
2023-12-28T09:39:00+05:30,21725.5,21735.5,21722.5,21729.5,
2023-12-28T09:40:00+05:30,21729.6,21730.5,21719.5,21722.7,
2023-12-28T09:41:00+05:30,21721.3,21726.2,21720.8,21722.8,
2023-12-28T09:42:00+05:30,21723.8,21746.4,21723.8,21744.5,
2023-12-28T09:43:00+05:30,21743,21744.7,21736.5,21740.4,
2023-12-28T09:44:00+05:30,21739.8,21743.7,21737.8,21739.8,
2023-12-28T09:45:00+05:30,21742,21744,21738,21740.5,
2023-12-28T09:46:00+05:30,21740.8,21740.8,21734.7,21736.7,
2023-12-28T09:47:00+05:30,21736.3,21758.3,21731.5,21754.8,
2023-12-28T09:48:00+05:30,21753.6,21755.8,21748.6,21749,
2023-12-28T09:49:00+05:30,21749.8,21753.2,21745.5,21753.2,
2023-12-28T09:50:00+05:30,21752.5,21754.7,21748.9,21750.8,
2023-12-28T09:51:00+05:30,21751.8,21759,21746.4,21747.9,
2023-12-28T09:52:00+05:30,21748.5,21753.5,21744.5,21751.4,
2023-12-28T09:53:00+05:30,21750.5,21751.5,21746.2,21748.9,
2023-12-28T09:54:00+05:30,21748,21749,21745.2,21747.5,
2023-12-28T09:55:00+05:30,21747.6,21749.5,21728.6,21731.9,
2023-12-28T09:56:00+05:30,21732.1,21743.3,21731.2,21736.7,
2023-12-28T09:57:00+05:30,21736,21736.7,21729.7,21730.4,
2023-12-28T09:58:00+05:30,21734.2,21737,21728.9,21733.4,
2023-12-28T09:59:00+05:30,21732.2,21740.7,21732.2,21739.8,
2023-12-28T10:00:00+05:30,21739.2,21744.8,21733.4,21735.2,
2023-12-28T10:01:00+05:30,21735.5,21736.3,21730.2,21730.5,
2023-12-28T10:02:00+05:30,21730.5,21732.7,21726.5,21727.5,
2023-12-28T10:03:00+05:30,21728.3,21728.3,21703.2,21710.8,
2023-12-28T10:04:00+05:30,21710.3,21710.3,21699.7,21702.6,
2023-12-28T10:05:00+05:30,21700.8,21705.5,21697,21704.5,
2023-12-28T10:06:00+05:30,21703,21703,21688.5,21688.5,
2023-12-28T10:07:00+05:30,21685.9,21692,21678,21691.6,
2023-12-28T10:08:00+05:30,21691,21700.8,21691,21700.2,
2023-12-28T10:09:00+05:30,21699.8,21707.2,21696.2,21706.7,
2023-12-28T10:10:00+05:30,21707.4,21725.2,21706.2,21714.2,
2023-12-28T10:11:00+05:30,21713.8,21713.8,21688,21688,
2023-12-28T10:12:00+05:30,21688.7,21692,21684.9,21686.8,
2023-12-28T10:13:00+05:30,21688,21688.8,21684.8,21685.1,
2023-12-28T10:14:00+05:30,21685.5,21697.4,21684.3,21697.4,
2023-12-28T10:15:00+05:30,21697.5,21698.2,21690.1,21691.5,
2023-12-28T10:16:00+05:30,21692.2,21705.1,21692.2,21700.2,
2023-12-28T10:17:00+05:30,21700.3,21706.2,21697.8,21705.5,
2023-12-28T10:18:00+05:30,21704.8,21712.9,21703.2,21708.4,
2023-12-28T10:19:00+05:30,21709.1,21710.5,21703.7,21708.2,
2023-12-28T10:20:00+05:30,21709,21710.3,21702.7,21702.7,
2023-12-28T10:21:00+05:30,21702.4,21702.4,21694,21694.3,
2023-12-28T10:22:00+05:30,21694,21694.2,21684.9,21688.7,
2023-12-28T10:23:00+05:30,21688,21708.8,21687.8,21707.5,
2023-12-28T10:24:00+05:30,21706.2,21708.3,21700.9,21705.2,
2023-12-28T10:25:00+05:30,21704.8,21717,21700.8,21700.8,
2023-12-28T10:26:00+05:30,21699.5,21705.5,21695.1,21696.5,
2023-12-28T10:27:00+05:30,21695.8,21705.3,21695.8,21702.2,
2023-12-28T10:28:00+05:30,21702.3,21709.8,21701.6,21708.3,
2023-12-28T10:29:00+05:30,21707.3,21711.7,21701.8,21711.7,
2023-12-28T10:30:00+05:30,21711.8,21722.8,21711.8,21714.5,
2023-12-28T10:31:00+05:30,21715,21718.8,21705.4,21709.5,
2023-12-28T10:32:00+05:30,21709.4,21710.2,21701.5,21703.7,
2023-12-28T10:33:00+05:30,21705.7,21710.5,21705.1,21708.8,
2023-12-28T10:34:00+05:30,21709.5,21710.1,21703.7,21708.5,
2023-12-28T10:35:00+05:30,21709.3,21709.5,21702.3,21704.2,
2023-12-28T10:36:00+05:30,21703.5,21705.8,21695.7,21697.3,
2023-12-28T10:37:00+05:30,21697.5,21702.7,21693.8,21701.1,
2023-12-28T10:38:00+05:30,21701,21701.9,21697,21697.2,
2023-12-28T10:39:00+05:30,21697.2,21698.8,21693.9,21696,
2023-12-28T10:40:00+05:30,21695,21695.7,21686,21686.3,
2023-12-28T10:41:00+05:30,21688.1,21698,21688.1,21694,
2023-12-28T10:42:00+05:30,21694.3,21704.2,21692.4,21701.7,
2023-12-28T10:43:00+05:30,21702.3,21704.9,21700.6,21702.2,
2023-12-28T10:44:00+05:30,21702.5,21702.5,21698.6,21700.5,
2023-12-28T10:45:00+05:30,21700.8,21701.3,21696.5,21701.1,
2023-12-28T10:46:00+05:30,21700.7,21708.3,21700.6,21707.7,
2023-12-28T10:47:00+05:30,21707.6,21710.6,21705.4,21710.5,
2023-12-28T10:48:00+05:30,21711.7,21711.7,21707.7,21710.4,
2023-12-28T10:49:00+05:30,21710.1,21710.1,21706.2,21707.8,
2023-12-28T10:50:00+05:30,21708.2,21716.2,21708.2,21713.3,
2023-12-28T10:51:00+05:30,21713,21713.1,21710.5,21711.2,
2023-12-28T10:52:00+05:30,21711.5,21711.5,21704.5,21705.5,
2023-12-28T10:53:00+05:30,21704.8,21704.8,21700.2,21701.5,
2023-12-28T10:54:00+05:30,21701.4,21701.8,21693.3,21693.3,
2023-12-28T10:55:00+05:30,21693.8,21697.3,21692.7,21695.5,
2023-12-28T10:56:00+05:30,21695.8,21700.8,21694.1,21700.4,
2023-12-28T10:57:00+05:30,21700.4,21701.8,21698.1,21700.2,
2023-12-28T10:58:00+05:30,21700.5,21700.5,21687.5,21691.2,
2023-12-28T10:59:00+05:30,21691.2,21695.1,21689.4,21693.1,
2023-12-28T11:00:00+05:30,21692.7,21693.3,21689.5,21692.5,
2023-12-28T11:01:00+05:30,21691.3,21697.7,21691.3,21697.5,
2023-12-28T11:02:00+05:30,21697.5,21700.3,21692.5,21693.3,
2023-12-28T11:03:00+05:30,21692.7,21693.4,21690.2,21693.4,
2023-12-28T11:04:00+05:30,21693.9,21695.6,21692.8,21694.7,
2023-12-28T11:05:00+05:30,21695.3,21699.6,21693.8,21698.3,
2023-12-28T11:06:00+05:30,21697,21700,21696.5,21699,
2023-12-28T11:07:00+05:30,21698.6,21710.3,21696.8,21710,
2023-12-28T11:08:00+05:30,21710.1,21732,21710.1,21731.6,
2023-12-28T11:09:00+05:30,21733.3,21745.9,21733,21734.6,
2023-12-28T11:10:00+05:30,21733.5,21743.8,21732.5,21737.5,
2023-12-28T11:11:00+05:30,21738.5,21738.5,21734.5,21736.7,
2023-12-28T11:12:00+05:30,21739.3,21740,21735,21737,
2023-12-28T11:13:00+05:30,21736.8,21741.1,21733.6,21741.1,
2023-12-28T11:14:00+05:30,21741.5,21742.8,21727.6,21727.7,
2023-12-28T11:15:00+05:30,21727.8,21730.2,21721.5,21725.7,
2023-12-28T11:16:00+05:30,21728,21734.1,21725.5,21729.5,
2023-12-28T11:17:00+05:30,21729.1,21731.1,21724.7,21724.7,
2023-12-28T11:18:00+05:30,21724.3,21728.7,21722.5,21727.9,
2023-12-28T11:19:00+05:30,21728.5,21728.5,21724,21726.5,
2023-12-28T11:20:00+05:30,21726.7,21728.3,21724.7,21726.3,
2023-12-28T11:21:00+05:30,21726.3,21731.7,21725,21726.5,
2023-12-28T11:22:00+05:30,21726.9,21728.9,21720.5,21724.4,
2023-12-28T11:23:00+05:30,21724.2,21727,21717.5,21726.7,
2023-12-28T11:24:00+05:30,21727.4,21729.6,21724.2,21727.3,
2023-12-28T11:25:00+05:30,21727,21731.6,21725.5,21728.3,
2023-12-28T11:26:00+05:30,21729.3,21735,21729.3,21732.6,
2023-12-28T11:27:00+05:30,21732.5,21735.3,21730.8,21733.2,
2023-12-28T11:28:00+05:30,21733.1,21734.8,21728,21728.3,
2023-12-28T11:29:00+05:30,21728.1,21732.6,21726.2,21732.1,
2023-12-28T11:30:00+05:30,21732.2,21734.9,21728.8,21732.5,
2023-12-28T11:31:00+05:30,21732.3,21740.2,21732,21737.2,
2023-12-28T11:32:00+05:30,21738,21742,21735.7,21742,
2023-12-28T11:33:00+05:30,21741.2,21741.2,21735.8,21736.8,
2023-12-28T11:34:00+05:30,21736.8,21738.5,21733,21735.9,
2023-12-28T11:35:00+05:30,21735.8,21738.6,21734,21737.3,
2023-12-28T11:36:00+05:30,21737.3,21745.5,21737.1,21737.2,
2023-12-28T11:37:00+05:30,21736.9,21741.3,21735.5,21737.6,
2023-12-28T11:38:00+05:30,21737.5,21740.2,21736.8,21738.1,
2023-12-28T11:39:00+05:30,21739.2,21739.5,21736,21736.7,
2023-12-28T11:40:00+05:30,21737.1,21739.2,21736.1,21737.5,
2023-12-28T11:41:00+05:30,21737.6,21741.9,21736.5,21738.7,
2023-12-28T11:42:00+05:30,21738.3,21740.1,21735,21736,
2023-12-28T11:43:00+05:30,21736,21736.1,21729,21729.8,
2023-12-28T11:44:00+05:30,21729.5,21737.2,21729.5,21730.9,
2023-12-28T11:45:00+05:30,21730.7,21737.2,21730.7,21732.2,
2023-12-28T11:46:00+05:30,21732.5,21736,21732,21732.3,
2023-12-28T11:47:00+05:30,21733.7,21735.4,21731.1,21732.5,
2023-12-28T11:48:00+05:30,21731.9,21735,21730.3,21732,
2023-12-28T11:49:00+05:30,21731.2,21733.4,21730.5,21731.9,
2023-12-28T11:50:00+05:30,21732.9,21737.7,21732.9,21736,
2023-12-28T11:51:00+05:30,21735.4,21735.4,21731.1,21734.2,
2023-12-28T11:52:00+05:30,21733.3,21733.3,21727,21730.2,
2023-12-28T11:53:00+05:30,21730.2,21732.3,21728.3,21730.2,
2023-12-28T11:54:00+05:30,21730.5,21733.3,21729.2,21732.4,
2023-12-28T11:55:00+05:30,21732.7,21735.8,21726,21728.7,
2023-12-28T11:56:00+05:30,21729.7,21735,21729,21734.9,
2023-12-28T11:57:00+05:30,21733.6,21735,21730.5,21734.2,
2023-12-28T11:58:00+05:30,21733,21734,21730.8,21732.5,
2023-12-28T11:59:00+05:30,21731.8,21734,21730.2,21733.8,
2023-12-28T12:00:00+05:30,21732.9,21734.8,21727.7,21727.7,
2023-12-28T12:01:00+05:30,21728.2,21733,21727,21730.7,
2023-12-28T12:02:00+05:30,21730.4,21737.8,21729.5,21737.3,
2023-12-28T12:03:00+05:30,21737.3,21737.3,21731.3,21735,
2023-12-28T12:04:00+05:30,21735,21736.9,21732.8,21735.1,
2023-12-28T12:05:00+05:30,21734,21742.3,21734,21737.8,
2023-12-28T12:06:00+05:30,21736.2,21740.2,21733.9,21738.3,
2023-12-28T12:07:00+05:30,21738.2,21740.1,21735.3,21737.9,
2023-12-28T12:08:00+05:30,21738.5,21739.2,21735.5,21738.3,
2023-12-28T12:09:00+05:30,21736.8,21740.1,21732.6,21738.5,
2023-12-28T12:10:00+05:30,21737.4,21738.3,21734.2,21737.1,
2023-12-28T12:11:00+05:30,21736.4,21737.7,21731.3,21734,
2023-12-28T12:12:00+05:30,21730.8,21733.8,21728,21730.5,
2023-12-28T12:13:00+05:30,21731.8,21733.3,21724,21725.4,
2023-12-28T12:14:00+05:30,21724,21728.7,21722.7,21728.7,
2023-12-28T12:15:00+05:30,21729.5,21732.8,21728,21732.8,
2023-12-28T12:16:00+05:30,21732.5,21735.7,21730.8,21735.7,
2023-12-28T12:17:00+05:30,21735.5,21737.2,21731.3,21731.8,
2023-12-28T12:18:00+05:30,21731.8,21737.2,21731.8,21736.6,
2023-12-28T12:19:00+05:30,21735.8,21740,21735.8,21738,
2023-12-28T12:20:00+05:30,21737.7,21741.2,21737.7,21740.2,
2023-12-28T12:21:00+05:30,21739.8,21743,21736.5,21742.2,
2023-12-28T12:22:00+05:30,21742.2,21745.3,21741.7,21743,
2023-12-28T12:23:00+05:30,21742.6,21748.5,21741.5,21747.8,
2023-12-28T12:24:00+05:30,21747.6,21752.2,21747.6,21749.2,
2023-12-28T12:25:00+05:30,21750.2,21752.6,21749.2,21751,
2023-12-28T12:26:00+05:30,21750.2,21752.2,21748.6,21751.2,
2023-12-28T12:27:00+05:30,21750.7,21760.8,21748.8,21760.8,
2023-12-28T12:28:00+05:30,21759.6,21766.7,21757.9,21764.5,
2023-12-28T12:29:00+05:30,21764.3,21768.3,21761,21766.4,
2023-12-28T12:30:00+05:30,21762.7,21767.2,21760.3,21764.6,
2023-12-28T12:31:00+05:30,21763,21764.5,21759.6,21763,
2023-12-28T12:32:00+05:30,21762,21765.4,21757,21762.5,
2023-12-28T12:33:00+05:30,21762.7,21765.2,21761.8,21764.3,
2023-12-28T12:34:00+05:30,21764.5,21764.5,21760.7,21762.5,
2023-12-28T12:35:00+05:30,21762.2,21762.2,21753,21755,
2023-12-28T12:36:00+05:30,21754.8,21759.8,21753.7,21759.8,
2023-12-28T12:37:00+05:30,21759.7,21762.8,21758.8,21762.5,
2023-12-28T12:38:00+05:30,21763.3,21764.2,21758,21762.2,
2023-12-28T12:39:00+05:30,21762.8,21764.6,21760.5,21764.6,
2023-12-28T12:40:00+05:30,21762.2,21764,21759.2,21761,
2023-12-28T12:41:00+05:30,21760.5,21761.5,21758.2,21759.5,
2023-12-28T12:42:00+05:30,21760.7,21762.3,21757.7,21760.6,
2023-12-28T12:43:00+05:30,21760.8,21761.9,21757.8,21760,
2023-12-28T12:44:00+05:30,21761.2,21766.2,21759.9,21765,
2023-12-28T12:45:00+05:30,21764.7,21765.8,21761.5,21765.3,
2023-12-28T12:46:00+05:30,21765.2,21771,21763.5,21768.4,
2023-12-28T12:47:00+05:30,21768.8,21769.2,21766.1,21768.5,
2023-12-28T12:48:00+05:30,21768.3,21771.8,21766.1,21767.1,
2023-12-28T12:49:00+05:30,21767,21767,21762.6,21764.5,
2023-12-28T12:50:00+05:30,21764.5,21765.4,21748.2,21748.5,
2023-12-28T12:51:00+05:30,21748,21754.5,21744.9,21754.5,
2023-12-28T12:52:00+05:30,21753.1,21755.5,21750.9,21755.5,
2023-12-28T12:53:00+05:30,21753.2,21754,21748.8,21753.8,
2023-12-28T12:54:00+05:30,21754.4,21755.2,21751.4,21754.3,
2023-12-28T12:55:00+05:30,21752.9,21757.2,21751.2,21757.2,
2023-12-28T12:56:00+05:30,21756.4,21758.8,21754.4,21758.8,
2023-12-28T12:57:00+05:30,21757.5,21762.2,21755.5,21762.2,
2023-12-28T12:58:00+05:30,21759.1,21760.7,21757.1,21758.2,
2023-12-28T12:59:00+05:30,21758.2,21758.5,21751.9,21752.2,
2023-12-28T13:00:00+05:30,21753.5,21754.8,21747.3,21754.8,
2023-12-28T13:01:00+05:30,21752.7,21757.3,21751.7,21755.2,
2023-12-28T13:02:00+05:30,21756.1,21759.5,21754.8,21758.8,
2023-12-28T13:03:00+05:30,21758.7,21760,21755.3,21760,
2023-12-28T13:04:00+05:30,21758.2,21758.2,21752.8,21756.5,
2023-12-28T13:05:00+05:30,21755.3,21757.8,21753.8,21756.4,
2023-12-28T13:06:00+05:30,21756.2,21758.8,21753.3,21758.8,
2023-12-28T13:07:00+05:30,21758,21758.8,21754.8,21757.7,
2023-12-28T13:08:00+05:30,21756.3,21761,21756,21760.5,
2023-12-28T13:09:00+05:30,21760.5,21764.5,21758,21760.8,
2023-12-28T13:10:00+05:30,21760.5,21764.5,21756.7,21764.2,
2023-12-28T13:11:00+05:30,21762.8,21766.7,21761.5,21764.7,
2023-12-28T13:12:00+05:30,21763.7,21768.8,21762.5,21768.8,
2023-12-28T13:13:00+05:30,21767.5,21776.9,21765.8,21776.9,
2023-12-28T13:14:00+05:30,21772.1,21773.3,21764.7,21767.3,
2023-12-28T13:15:00+05:30,21766.5,21769.7,21762,21763.5,
2023-12-28T13:16:00+05:30,21760.7,21764.4,21758.7,21761.5,
2023-12-28T13:17:00+05:30,21760.8,21762.8,21756.8,21756.8,
2023-12-28T13:18:00+05:30,21756,21761.2,21756,21760.5,
2023-12-28T13:19:00+05:30,21760.5,21763.2,21758.5,21762.5,
2023-12-28T13:20:00+05:30,21760.6,21763.1,21757.1,21761.5,
2023-12-28T13:21:00+05:30,21760.3,21763.7,21756.9,21763.2,
2023-12-28T13:22:00+05:30,21761,21763.3,21755.9,21759.3,
2023-12-28T13:23:00+05:30,21759.5,21760.3,21752.3,21754.8,
2023-12-28T13:24:00+05:30,21754,21756.8,21752.8,21756,
2023-12-28T13:25:00+05:30,21754.7,21758.6,21749.8,21758.5,
2023-12-28T13:26:00+05:30,21758.2,21758.2,21751,21753.5,
2023-12-28T13:27:00+05:30,21755.2,21755.2,21746.3,21747.7,
2023-12-28T13:28:00+05:30,21743.8,21747.1,21738.2,21747.1,
2023-12-28T13:29:00+05:30,21746.7,21755.4,21745.8,21754.2,
2023-12-28T13:30:00+05:30,21755.9,21756.9,21752.5,21756.9,
2023-12-28T13:31:00+05:30,21755.4,21757.5,21752,21757.2,
2023-12-28T13:32:00+05:30,21757.3,21757.3,21749,21751.5,
2023-12-28T13:33:00+05:30,21752.5,21752.8,21745,21748,
2023-12-28T13:34:00+05:30,21748,21751.8,21747.1,21751.2,
2023-12-28T13:35:00+05:30,21749.8,21751.2,21745,21747.2,
2023-12-28T13:36:00+05:30,21746.8,21748.8,21739.7,21742.9,
2023-12-28T13:37:00+05:30,21743.2,21751,21741.8,21751,
2023-12-28T13:38:00+05:30,21749.5,21751.3,21746.9,21750.7,
2023-12-28T13:39:00+05:30,21749.8,21752.7,21748.2,21752.7,
2023-12-28T13:40:00+05:30,21752.2,21755.9,21750.7,21755.5,
2023-12-28T13:41:00+05:30,21754.3,21761,21752.2,21761,
2023-12-28T13:42:00+05:30,21760.6,21760.6,21748.9,21751.6,
2023-12-28T13:43:00+05:30,21751.5,21753.5,21747.3,21751.1,
2023-12-28T13:44:00+05:30,21750.3,21753.3,21748.8,21753,
2023-12-28T13:45:00+05:30,21752.5,21752.5,21743,21744.7,
2023-12-28T13:46:00+05:30,21742.1,21751.4,21741.8,21750.8,
2023-12-28T13:47:00+05:30,21752.5,21752.8,21747.8,21751.8,
2023-12-28T13:48:00+05:30,21750.6,21751.3,21747.7,21750.7,
2023-12-28T13:49:00+05:30,21749.5,21754,21748.5,21754,
2023-12-28T13:50:00+05:30,21752.2,21754,21750.1,21751.3,
2023-12-28T13:51:00+05:30,21751.6,21753,21747.8,21750.7,
2023-12-28T13:52:00+05:30,21748.1,21755.7,21747.8,21754.2,
2023-12-28T13:53:00+05:30,21754.6,21754.7,21749.7,21754.5,
2023-12-28T13:54:00+05:30,21754.3,21758.2,21753.1,21753.6,
2023-12-28T13:55:00+05:30,21755.3,21756.1,21747.7,21750.8,
2023-12-28T13:56:00+05:30,21751.5,21754.1,21750,21751.2,
2023-12-28T13:57:00+05:30,21753,21753.8,21748,21750.7,
2023-12-28T13:58:00+05:30,21749.9,21752.9,21745.2,21745.2,
2023-12-28T13:59:00+05:30,21742.2,21751.2,21740.8,21750.9,
2023-12-28T14:00:00+05:30,21751.4,21756.2,21751.1,21754,
2023-12-28T14:01:00+05:30,21752.6,21756.5,21752,21754.5,
2023-12-28T14:02:00+05:30,21755.2,21762.7,21754,21762.4,
2023-12-28T14:03:00+05:30,21761.9,21771.4,21760.8,21770.5,
2023-12-28T14:04:00+05:30,21770.6,21772.6,21766.6,21767.5,
2023-12-28T14:05:00+05:30,21768.7,21769.5,21759.7,21762.5,
2023-12-28T14:06:00+05:30,21762.5,21762.5,21757.8,21762,
2023-12-28T14:07:00+05:30,21762.2,21766.6,21759.6,21766.6,
2023-12-28T14:08:00+05:30,21766.2,21768.2,21763.5,21765.2,
2023-12-28T14:09:00+05:30,21765.8,21767.6,21760.7,21764.2,
2023-12-28T14:10:00+05:30,21762.7,21763.5,21756.8,21759.5,
2023-12-28T14:11:00+05:30,21758.8,21758.8,21750.5,21752.2,
2023-12-28T14:12:00+05:30,21751.3,21756.8,21750.5,21755.7,
2023-12-28T14:13:00+05:30,21755.2,21755.8,21750.2,21752.2,
2023-12-28T14:14:00+05:30,21750.5,21755,21748.5,21751.2,
2023-12-28T14:15:00+05:30,21749.3,21756.2,21747.3,21753.6,
2023-12-28T14:16:00+05:30,21753.8,21754.2,21749.5,21752.7,
2023-12-28T14:17:00+05:30,21751.9,21756.5,21750,21756.5,
2023-12-28T14:18:00+05:30,21753,21753,21743.2,21749.5,
2023-12-28T14:19:00+05:30,21746.2,21747.4,21740,21742.6,
2023-12-28T14:20:00+05:30,21741.7,21746,21740,21746,
2023-12-28T14:21:00+05:30,21746.2,21748.2,21744,21747.5,
2023-12-28T14:22:00+05:30,21747.1,21758,21746.2,21758,
2023-12-28T14:23:00+05:30,21757.2,21757.2,21750.8,21756.5,
2023-12-28T14:24:00+05:30,21755.7,21755.8,21750.5,21751.2,
2023-12-28T14:25:00+05:30,21751.2,21756.5,21749.8,21753,
2023-12-28T14:26:00+05:30,21753.2,21757.3,21752.3,21757.2,
2023-12-28T14:27:00+05:30,21755.9,21762.5,21753.9,21762.5,
2023-12-28T14:28:00+05:30,21762.5,21766.2,21757.9,21761.7,
2023-12-28T14:29:00+05:30,21761.6,21761.6,21750.5,21752.6,
2023-12-28T14:30:00+05:30,21752.2,21753.4,21749,21751.4,
2023-12-28T14:31:00+05:30,21751.2,21758.5,21746,21756.1,
2023-12-28T14:32:00+05:30,21758.2,21760,21753.2,21756.8,
2023-12-28T14:33:00+05:30,21755.2,21756.9,21752.7,21756.9,
2023-12-28T14:34:00+05:30,21756.6,21758.7,21751.7,21753.5,
2023-12-28T14:35:00+05:30,21755.4,21757.1,21750.1,21757.1,
2023-12-28T14:36:00+05:30,21755.2,21758.3,21751.9,21756.8,
2023-12-28T14:37:00+05:30,21755.8,21757.8,21751.5,21756,
2023-12-28T14:38:00+05:30,21753.8,21754.5,21745,21748.2,
2023-12-28T14:39:00+05:30,21751.5,21753.5,21747.8,21750.7,
2023-12-28T14:40:00+05:30,21748,21751.6,21741.8,21745.8,
2023-12-28T14:41:00+05:30,21745.4,21751.3,21743.2,21749.5,
2023-12-28T14:42:00+05:30,21750.2,21754.2,21748.8,21753.3,
2023-12-28T14:43:00+05:30,21750.1,21753,21746.3,21748.2,
2023-12-28T14:44:00+05:30,21750.9,21755.7,21746.2,21754.8,
2023-12-28T14:45:00+05:30,21750.2,21755.4,21750.2,21750.3,
2023-12-28T14:46:00+05:30,21751.8,21753.5,21743.1,21744.8,
2023-12-28T14:47:00+05:30,21745.9,21749.2,21743.2,21745.7,
2023-12-28T14:48:00+05:30,21744.4,21746.6,21730.2,21733.8,
2023-12-28T14:49:00+05:30,21733.6,21746.3,21732.5,21745.8,
2023-12-28T14:50:00+05:30,21744.6,21747.5,21739.2,21742.2,
2023-12-28T14:51:00+05:30,21741.4,21747.5,21739,21743.6,
2023-12-28T14:52:00+05:30,21744,21747.1,21742,21745,
2023-12-28T14:53:00+05:30,21746.7,21747.5,21739.7,21741.3,
2023-12-28T14:54:00+05:30,21741.5,21748.1,21741,21746.6,
2023-12-28T14:55:00+05:30,21746.8,21757.5,21746.5,21755.3,
2023-12-28T14:56:00+05:30,21754.5,21758.9,21754.1,21756.8,
2023-12-28T14:57:00+05:30,21755.8,21765.8,21755.3,21763.2,
2023-12-28T14:58:00+05:30,21764.5,21767.8,21759.8,21759.8,
2023-12-28T14:59:00+05:30,21759.8,21764.8,21757.2,21764.8,
2023-12-28T15:00:00+05:30,21763,21777.7,21763,21766.5,
2023-12-28T15:01:00+05:30,21766.8,21772.9,21751.7,21753,
2023-12-28T15:02:00+05:30,21754.3,21768.6,21754.3,21765.6,
2023-12-28T15:03:00+05:30,21766.5,21771.3,21762,21768.4,
2023-12-28T15:04:00+05:30,21767.8,21778,21767.3,21774.5,
2023-12-28T15:05:00+05:30,21773.5,21781.3,21769.9,21774.5,
2023-12-28T15:06:00+05:30,21774,21776.8,21771.5,21775.1,
2023-12-28T15:07:00+05:30,21775.2,21782.5,21774.7,21778,
2023-12-28T15:08:00+05:30,21777.7,21785.8,21776.1,21782.2,
2023-12-28T15:09:00+05:30,21783,21783.2,21776.3,21777.3,
2023-12-28T15:10:00+05:30,21778.8,21779.8,21771,21771.9,
2023-12-28T15:11:00+05:30,21771.2,21775.9,21771.2,21772.2,
2023-12-28T15:12:00+05:30,21774.1,21774.1,21768.5,21771,
2023-12-28T15:13:00+05:30,21771.2,21773,21766,21770.5,
2023-12-28T15:14:00+05:30,21770.6,21782.2,21769.5,21781.3,
2023-12-28T15:15:00+05:30,21780.7,21782.2,21777.5,21780.1,
2023-12-28T15:16:00+05:30,21779.5,21782,21778.4,21780.9,
2023-12-28T15:17:00+05:30,21781.3,21781.3,21772.5,21775,
2023-12-28T15:18:00+05:30,21776.5,21777,21770.9,21775.2,
2023-12-28T15:19:00+05:30,21774,21777.8,21769.8,21777.8,
2023-12-28T15:20:00+05:30,21777.2,21780.5,21774.3,21777,
2023-12-28T15:21:00+05:30,21777,21790.5,21777,21788.2,
2023-12-28T15:22:00+05:30,21788.5,21794.8,21786.8,21791.5,
2023-12-28T15:23:00+05:30,21792.5,21793,21789.3,21790.2,
2023-12-28T15:24:00+05:30,21789.7,21790,21782.2,21786.6,
2023-12-28T15:25:00+05:30,21787.3,21798.7,21786.7,21795.2,
2023-12-28T15:26:00+05:30,21795.5,21795.5,21786.8,21789.5,
2023-12-28T15:27:00+05:30,21789.7,21799.2,21789.5,21795.8,
2023-12-28T15:28:00+05:30,21794.8,21801.5,21783.9,21793.8,
2023-12-28T15:29:00+05:30,21785.2,21786,21769.6,21773.7,
2023-12-29T09:15:00+05:30,21737.7,21770.3,21703.9,21726.3,
2023-12-29T09:16:00+05:30,21725.7,21731,21718,21722,
2023-12-29T09:17:00+05:30,21721.1,21722.9,21715,21715.5,
2023-12-29T09:18:00+05:30,21715.7,21723.4,21712,21713.3,
2023-12-29T09:19:00+05:30,21713.5,21719.3,21712.8,21716.2,
2023-12-29T09:20:00+05:30,21714.2,21723.1,21712.8,21714.8,
2023-12-29T09:21:00+05:30,21714.8,21719,21708.2,21709.8,
2023-12-29T09:22:00+05:30,21712,21716.4,21710.3,21713.2,
2023-12-29T09:23:00+05:30,21715.2,21720.3,21711.5,21719.3,
2023-12-29T09:24:00+05:30,21720.2,21726.8,21712.5,21713.2,
2023-12-29T09:25:00+05:30,21712.5,21723.4,21709.8,21719.3,
2023-12-29T09:26:00+05:30,21720.4,21728.3,21717.8,21725.5,
2023-12-29T09:27:00+05:30,21725.8,21731.4,21724.6,21726.1,
2023-12-29T09:28:00+05:30,21726.2,21732.7,21726.2,21730.8,
2023-12-29T09:29:00+05:30,21731,21733.6,21729,21732.7,
2023-12-29T09:30:00+05:30,21732.3,21736.5,21727.2,21736.5,
2023-12-29T09:31:00+05:30,21734.3,21739,21731.9,21736.2,
2023-12-29T09:32:00+05:30,21735.7,21745.8,21732.5,21745.8,
2023-12-29T09:33:00+05:30,21746.2,21754.8,21745,21754.8,
2023-12-29T09:34:00+05:30,21754.8,21762,21753,21758.2,
2023-12-29T09:35:00+05:30,21759.5,21762.4,21755.3,21755.4,
2023-12-29T09:36:00+05:30,21756.7,21757.8,21750.8,21752.3,
2023-12-29T09:37:00+05:30,21752.2,21756.3,21746.3,21747.7,
2023-12-29T09:38:00+05:30,21748.8,21749.8,21739.5,21745.7,
2023-12-29T09:39:00+05:30,21745.3,21746,21741.2,21744.3,
2023-12-29T09:40:00+05:30,21743.3,21744.7,21734.4,21736.8,
2023-12-29T09:41:00+05:30,21735.8,21740.2,21731.7,21734.5,
2023-12-29T09:42:00+05:30,21733.5,21734.8,21728.8,21734.8,
2023-12-29T09:43:00+05:30,21737.2,21740.2,21730.8,21731,
2023-12-29T09:44:00+05:30,21730.8,21734.7,21730,21732.8,
2023-12-29T09:45:00+05:30,21732.2,21736.6,21727.8,21727.8,
2023-12-29T09:46:00+05:30,21730,21732.8,21727.2,21729.8,
2023-12-29T09:47:00+05:30,21730.5,21733.6,21729.1,21733,
2023-12-29T09:48:00+05:30,21732.2,21739.8,21731.7,21735.8,
2023-12-29T09:49:00+05:30,21736,21739.3,21734.1,21735.7,
2023-12-29T09:50:00+05:30,21735.8,21738.4,21733.2,21736.7,
2023-12-29T09:51:00+05:30,21736.2,21745.8,21734,21744.5,
2023-12-29T09:52:00+05:30,21743.3,21744.3,21733.8,21734.5,
2023-12-29T09:53:00+05:30,21734,21740.5,21730.8,21740.5,
2023-12-29T09:54:00+05:30,21740,21747.2,21737.9,21743.9,
2023-12-29T09:55:00+05:30,21743.8,21744.2,21736.3,21738.7,
2023-12-29T09:56:00+05:30,21737,21739.2,21734,21738,
2023-12-29T09:57:00+05:30,21739.1,21739.1,21731.8,21732,
2023-12-29T09:58:00+05:30,21731.6,21732.2,21722.4,21724.2,
2023-12-29T09:59:00+05:30,21722.7,21728.5,21722.7,21724.7,
2023-12-29T10:00:00+05:30,21724.2,21729.9,21722.5,21729.9,
2023-12-29T10:01:00+05:30,21729.3,21735.8,21726.2,21734.8,
2023-12-29T10:02:00+05:30,21734.9,21736,21731.3,21736,
2023-12-29T10:03:00+05:30,21736.3,21744,21735.7,21743.4,
2023-12-29T10:04:00+05:30,21743.3,21743.5,21736.8,21737.6,
2023-12-29T10:05:00+05:30,21737,21737,21731.7,21734.3,
2023-12-29T10:06:00+05:30,21734.3,21736.7,21731.5,21731.5,
2023-12-29T10:07:00+05:30,21731.4,21733,21707.9,21707.9,
2023-12-29T10:08:00+05:30,21707,21708.5,21699.3,21701.4,
2023-12-29T10:09:00+05:30,21699,21707.8,21699,21703.5,
2023-12-29T10:10:00+05:30,21702.7,21703.8,21694.7,21702.3,
2023-12-29T10:11:00+05:30,21703.3,21705.7,21696,21702.9,
2023-12-29T10:12:00+05:30,21704,21704,21697,21698.5,
2023-12-29T10:13:00+05:30,21698.9,21702.6,21697.7,21701.5,
2023-12-29T10:14:00+05:30,21699.8,21703.5,21681.2,21683.3,
2023-12-29T10:15:00+05:30,21685.9,21691.7,21680.1,21688.8,
2023-12-29T10:16:00+05:30,21688.8,21689.3,21684.8,21686.3,
2023-12-29T10:17:00+05:30,21684.1,21692,21684.1,21690.2,
2023-12-29T10:18:00+05:30,21689,21695.9,21688,21694.8,
2023-12-29T10:19:00+05:30,21694.5,21700,21693.3,21698.5,
2023-12-29T10:20:00+05:30,21698.5,21700.5,21692.1,21692.1,
2023-12-29T10:21:00+05:30,21693.4,21703.3,21692.2,21702.3,
2023-12-29T10:22:00+05:30,21701.2,21708.1,21699,21701,
2023-12-29T10:23:00+05:30,21701.1,21708.2,21698.7,21707,
2023-12-29T10:24:00+05:30,21707.3,21716.3,21705.5,21712.2,
2023-12-29T10:25:00+05:30,21711.4,21716.3,21708.8,21713,
2023-12-29T10:26:00+05:30,21713.1,21716.2,21705.7,21705.7,
2023-12-29T10:27:00+05:30,21706.4,21715.5,21706.3,21713.5,
2023-12-29T10:28:00+05:30,21713.1,21713.1,21707,21707,
2023-12-29T10:29:00+05:30,21706.5,21712,21706.5,21710.4,
2023-12-29T10:30:00+05:30,21711.5,21717.6,21708.8,21711.5,
2023-12-29T10:31:00+05:30,21711.5,21716.9,21711.1,21713,
2023-12-29T10:32:00+05:30,21714.7,21725.5,21712.3,21716.9,
2023-12-29T10:33:00+05:30,21716.5,21723.7,21716.5,21722.2,
2023-12-29T10:34:00+05:30,21722.2,21724.2,21719.2,21719.8,
2023-12-29T10:35:00+05:30,21718,21722.5,21715.4,21715.6,
2023-12-29T10:36:00+05:30,21715.5,21726.1,21712.8,21724.7,
2023-12-29T10:37:00+05:30,21724.8,21727.4,21720.2,21720.7,
2023-12-29T10:38:00+05:30,21720.5,21722.8,21717.3,21719.6,
2023-12-29T10:39:00+05:30,21721,21723.4,21718.6,21719.6,
2023-12-29T10:40:00+05:30,21721,21722.8,21716.8,21717.2,
2023-12-29T10:41:00+05:30,21717.2,21717.8,21713,21715.1,
2023-12-29T10:42:00+05:30,21715.5,21719.1,21714.2,21715.2,
2023-12-29T10:43:00+05:30,21715,21717,21713,21714,
2023-12-29T10:44:00+05:30,21713.7,21718.8,21713.7,21714.4,
2023-12-29T10:45:00+05:30,21714.2,21719.7,21714.2,21719.1,
2023-12-29T10:46:00+05:30,21720.1,21730,21720,21729.5,
2023-12-29T10:47:00+05:30,21728.8,21730.3,21722.5,21724.1,
2023-12-29T10:48:00+05:30,21724,21728.5,21724,21726.5,
2023-12-29T10:49:00+05:30,21725,21725.2,21715,21722.5,
2023-12-29T10:50:00+05:30,21722.7,21728.2,21722.1,21723.3,
2023-12-29T10:51:00+05:30,21723.3,21725.7,21719.5,21721.2,
2023-12-29T10:52:00+05:30,21720.2,21724.1,21720.2,21721.8,
2023-12-29T10:53:00+05:30,21722.9,21725,21718.9,21721.7,
2023-12-29T10:54:00+05:30,21722,21722.2,21703.8,21708,
2023-12-29T10:55:00+05:30,21706.9,21709.7,21704.7,21706.5,
2023-12-29T10:56:00+05:30,21708.2,21712.4,21706.8,21712.2,
2023-12-29T10:57:00+05:30,21711.2,21713.6,21704.9,21706.8,
2023-12-29T10:58:00+05:30,21707.1,21710.3,21706.2,21708.3,
2023-12-29T10:59:00+05:30,21708.8,21711.3,21707.3,21710.7,
2023-12-29T11:00:00+05:30,21710.8,21713.8,21710.2,21713.8,
2023-12-29T11:01:00+05:30,21713.8,21716,21706.7,21715.8,
2023-12-29T11:02:00+05:30,21715.3,21716,21707,21708,
2023-12-29T11:03:00+05:30,21707,21713.8,21705.7,21711.3,
2023-12-29T11:04:00+05:30,21711.2,21712.1,21707.8,21710.1,
2023-12-29T11:05:00+05:30,21710.3,21714.6,21710,21712.7,
2023-12-29T11:06:00+05:30,21711.6,21713.5,21707.8,21713,
2023-12-29T11:07:00+05:30,21712.2,21716.7,21710.7,21716.3,
2023-12-29T11:08:00+05:30,21715.2,21716.5,21711.6,21716,
2023-12-29T11:09:00+05:30,21713.7,21715.4,21710,21712.6,
2023-12-29T11:10:00+05:30,21715,21718.2,21712.5,21715.5,
2023-12-29T11:11:00+05:30,21716.5,21720.2,21714,21718.8,
2023-12-29T11:12:00+05:30,21718.8,21719.6,21715.1,21719.1,
2023-12-29T11:13:00+05:30,21717.6,21719.8,21715.5,21717.2,
2023-12-29T11:14:00+05:30,21718.3,21721.7,21716.8,21720,
2023-12-29T11:15:00+05:30,21718.8,21722.8,21717.6,21720.8,
2023-12-29T11:16:00+05:30,21723.3,21726.7,21721.3,21725.7,
2023-12-29T11:17:00+05:30,21724.4,21728.5,21723,21726.6,
2023-12-29T11:18:00+05:30,21726.5,21730.3,21725.3,21727.2,
2023-12-29T11:19:00+05:30,21728.9,21732.5,21725.4,21732.2,
2023-12-29T11:20:00+05:30,21732.2,21733.8,21727.4,21730.2,
2023-12-29T11:21:00+05:30,21730.5,21733,21728.5,21731.5,
2023-12-29T11:22:00+05:30,21731.8,21732.3,21728.4,21729.1,
2023-12-29T11:23:00+05:30,21728.8,21730.5,21726.5,21729.6,
2023-12-29T11:24:00+05:30,21729.2,21735.7,21727.8,21733.8,
2023-12-29T11:25:00+05:30,21734.8,21735.4,21731.8,21733,
2023-12-29T11:26:00+05:30,21733.3,21735.2,21729.7,21729.7,
2023-12-29T11:27:00+05:30,21731.5,21733.7,21728.7,21728.9,
2023-12-29T11:28:00+05:30,21730.1,21735.8,21729.2,21733.9,
2023-12-29T11:29:00+05:30,21732.7,21735.1,21730.2,21730.5,
2023-12-29T11:30:00+05:30,21730.5,21736,21729.2,21731.3,
2023-12-29T11:31:00+05:30,21730.8,21732.8,21729.2,21729.9,
2023-12-29T11:32:00+05:30,21729.9,21733.1,21727.2,21728.5,
2023-12-29T11:33:00+05:30,21727,21730.3,21726.6,21727.1,
2023-12-29T11:34:00+05:30,21726.6,21739.8,21726.6,21737.8,
2023-12-29T11:35:00+05:30,21738.3,21742.9,21737.2,21742.2,
2023-12-29T11:36:00+05:30,21742.5,21745.7,21737.9,21738.2,
2023-12-29T11:37:00+05:30,21738.5,21744.6,21738.5,21744,
2023-12-29T11:38:00+05:30,21743.5,21744.8,21740,21744.8,
2023-12-29T11:39:00+05:30,21744.1,21744.7,21739.9,21742.3,
2023-12-29T11:40:00+05:30,21741.5,21741.5,21734.3,21735.2,
2023-12-29T11:41:00+05:30,21734.5,21739.1,21731.7,21736,
2023-12-29T11:42:00+05:30,21736.2,21740.2,21735,21738.8,
2023-12-29T11:43:00+05:30,21738.3,21741,21734.4,21737.5,
2023-12-29T11:44:00+05:30,21736,21736.8,21731,21733,
2023-12-29T11:45:00+05:30,21731.9,21736.2,21729.7,21734.2,
2023-12-29T11:46:00+05:30,21732.4,21734.3,21730.3,21733.7,
2023-12-29T11:47:00+05:30,21732.7,21735.8,21731.6,21734.7,
2023-12-29T11:48:00+05:30,21734.2,21735.5,21731.4,21734.1,
2023-12-29T11:49:00+05:30,21733,21735.2,21729.5,21735.2,
2023-12-29T11:50:00+05:30,21734.7,21736.4,21731.4,21733.6,
2023-12-29T11:51:00+05:30,21732.5,21737.9,21732.5,21736.6,
2023-12-29T11:52:00+05:30,21735.2,21739.2,21734.5,21739,
2023-12-29T11:53:00+05:30,21738.2,21739.3,21734.5,21739.3,
2023-12-29T11:54:00+05:30,21737,21739.8,21735.7,21739.6,
2023-12-29T11:55:00+05:30,21739.1,21746.2,21737.8,21743.8,
2023-12-29T11:56:00+05:30,21743,21747,21741.8,21744.8,
2023-12-29T11:57:00+05:30,21743.3,21748.3,21743.3,21748.3,
2023-12-29T11:58:00+05:30,21746.3,21750.2,21742,21749.7,
2023-12-29T11:59:00+05:30,21749.2,21750.8,21744.2,21745.8,
2023-12-29T12:00:00+05:30,21747,21749.5,21742.7,21745,
2023-12-29T12:01:00+05:30,21744.6,21745.5,21738.7,21741.7,
2023-12-29T12:02:00+05:30,21740.2,21742.7,21738,21741.2,
2023-12-29T12:03:00+05:30,21740.8,21748.9,21739.5,21748.9,
2023-12-29T12:04:00+05:30,21749.2,21749.5,21743.4,21746.7,
2023-12-29T12:05:00+05:30,21745.8,21746.5,21741,21741.8,
2023-12-29T12:06:00+05:30,21742,21746.2,21739.3,21743.7,
2023-12-29T12:07:00+05:30,21742,21747.2,21741.7,21745.9,
2023-12-29T12:08:00+05:30,21744.3,21748.2,21742.5,21744.6,
2023-12-29T12:09:00+05:30,21743.2,21748,21743.2,21745.5,
2023-12-29T12:10:00+05:30,21745.2,21746.1,21741.3,21744.7,
2023-12-29T12:11:00+05:30,21743.2,21744.6,21740,21743.5,
2023-12-29T12:12:00+05:30,21743,21746.5,21741.5,21745,
2023-12-29T12:13:00+05:30,21745.2,21745.7,21739.1,21742.2,
2023-12-29T12:14:00+05:30,21741,21742.5,21734.5,21737.9,
2023-12-29T12:15:00+05:30,21737,21741.5,21736.8,21741.4,
2023-12-29T12:16:00+05:30,21739.8,21744.3,21738.5,21742.8,
2023-12-29T12:17:00+05:30,21741.6,21742.8,21737.8,21741.2,
2023-12-29T12:18:00+05:30,21738.8,21744.6,21737.1,21744.2,
2023-12-29T12:19:00+05:30,21743.8,21746.1,21741.2,21745.2,
2023-12-29T12:20:00+05:30,21743.8,21746.5,21741.5,21744,
2023-12-29T12:21:00+05:30,21744.5,21750.7,21743.3,21750.7,
2023-12-29T12:22:00+05:30,21750.3,21752.2,21746.7,21748.2,
2023-12-29T12:23:00+05:30,21747.5,21751,21744.7,21750.5,
2023-12-29T12:24:00+05:30,21748.6,21751.2,21745.3,21749.7,
2023-12-29T12:25:00+05:30,21749,21750,21743.7,21747.7,
2023-12-29T12:26:00+05:30,21747.2,21749.6,21743.1,21745.2,
2023-12-29T12:27:00+05:30,21745.2,21747.1,21740.3,21743.8,
2023-12-29T12:28:00+05:30,21744.2,21745.8,21739.7,21742.2,
2023-12-29T12:29:00+05:30,21741,21743.4,21735.2,21736.2,
2023-12-29T12:30:00+05:30,21735.2,21735.7,21725,21725.5,
2023-12-29T12:31:00+05:30,21724.4,21733.8,21723.5,21728.8,
2023-12-29T12:32:00+05:30,21729,21733.8,21727.1,21731.5,
2023-12-29T12:33:00+05:30,21730.1,21735.7,21727.7,21732,
2023-12-29T12:34:00+05:30,21731,21733.6,21727.5,21731.7,
2023-12-29T12:35:00+05:30,21731.8,21732.9,21724.9,21727,
2023-12-29T12:36:00+05:30,21726.5,21731.3,21725.3,21729.5,
2023-12-29T12:37:00+05:30,21728.6,21734.9,21726.2,21732.5,
2023-12-29T12:38:00+05:30,21731,21733.7,21727.2,21731.6,
2023-12-29T12:39:00+05:30,21731.2,21732.4,21717.7,21720.2,
2023-12-29T12:40:00+05:30,21719.8,21722.8,21715.2,21722.8,
2023-12-29T12:41:00+05:30,21720.8,21722.1,21715.2,21718.9,
2023-12-29T12:42:00+05:30,21718.5,21718.8,21713.3,21718.5,
2023-12-29T12:43:00+05:30,21717.1,21718.7,21710,21713.4,
2023-12-29T12:44:00+05:30,21712.9,21714.5,21708.7,21712,
2023-12-29T12:45:00+05:30,21712.1,21715.7,21708.9,21713.3,
2023-12-29T12:46:00+05:30,21711,21714.6,21709.8,21712.4,
2023-12-29T12:47:00+05:30,21711.7,21714.8,21708.5,21714.4,
2023-12-29T12:48:00+05:30,21713.8,21717,21708.9,21714.5,
2023-12-29T12:49:00+05:30,21713.5,21722.5,21712.8,21722.5,
2023-12-29T12:50:00+05:30,21720.3,21722.5,21715,21717,
2023-12-29T12:51:00+05:30,21716.2,21720.3,21710.6,21713.5,
2023-12-29T12:52:00+05:30,21712.5,21716.5,21709.8,21713.2,
2023-12-29T12:53:00+05:30,21711.5,21717.3,21707.5,21717.3,
2023-12-29T12:54:00+05:30,21716.2,21719.2,21713.8,21717.8,
2023-12-29T12:55:00+05:30,21717.1,21718.9,21711.7,21715.2,
2023-12-29T12:56:00+05:30,21713.4,21718,21710.5,21714.8,
2023-12-29T12:57:00+05:30,21715.7,21718.5,21712,21715.3,
2023-12-29T12:58:00+05:30,21714.3,21717.7,21712.4,21715.1,
2023-12-29T12:59:00+05:30,21714.8,21716.6,21708.5,21711.3,
2023-12-29T13:00:00+05:30,21709,21717.2,21709,21716.6,
2023-12-29T13:01:00+05:30,21717.2,21724.2,21716.3,21721,
2023-12-29T13:02:00+05:30,21720.2,21722,21715.7,21717.5,
2023-12-29T13:03:00+05:30,21717,21723.6,21713.7,21722.7,
2023-12-29T13:04:00+05:30,21721.4,21732.5,21721.4,21732.5,
2023-12-29T13:05:00+05:30,21732.7,21736.8,21732.3,21735.8,
2023-12-29T13:06:00+05:30,21734.9,21739.7,21734.8,21738.6,
2023-12-29T13:07:00+05:30,21738.2,21739.2,21733,21737.8,
2023-12-29T13:08:00+05:30,21736.6,21739.9,21734.5,21738.5,
2023-12-29T13:09:00+05:30,21737.8,21739.3,21734.9,21737.3,
2023-12-29T13:10:00+05:30,21736,21738.3,21731.7,21732.2,
2023-12-29T13:11:00+05:30,21733.7,21736.8,21731,21736.8,
2023-12-29T13:12:00+05:30,21734.6,21740.1,21734.2,21740.1,
2023-12-29T13:13:00+05:30,21737,21742,21735.7,21740.2,
2023-12-29T13:14:00+05:30,21740,21740.8,21735.2,21738.8,
2023-12-29T13:15:00+05:30,21738.1,21742.2,21736.7,21741.3,
2023-12-29T13:16:00+05:30,21738.9,21741.3,21735.4,21738.4,
2023-12-29T13:17:00+05:30,21734.9,21743.5,21733.5,21738.5,
2023-12-29T13:18:00+05:30,21737,21740.3,21732.8,21733.5,
2023-12-29T13:19:00+05:30,21734.1,21736.3,21729.3,21731.3,
2023-12-29T13:20:00+05:30,21730,21734.5,21728.8,21732.6,
2023-12-29T13:21:00+05:30,21731,21736.2,21730,21734.3,
2023-12-29T13:22:00+05:30,21733.3,21735,21728.1,21730.8,
2023-12-29T13:23:00+05:30,21729,21732.1,21726.7,21730.6,
2023-12-29T13:24:00+05:30,21729.6,21733.7,21725.5,21733,
2023-12-29T13:25:00+05:30,21732,21735.2,21729.7,21731.5,
2023-12-29T13:26:00+05:30,21729.8,21733.2,21725.5,21728.5,
2023-12-29T13:27:00+05:30,21727.4,21732.7,21725.8,21728.4,
2023-12-29T13:28:00+05:30,21727.5,21729.5,21726,21726.7,
2023-12-29T13:29:00+05:30,21725.5,21727,21716.7,21717.6,
2023-12-29T13:30:00+05:30,21716.7,21718.6,21712.4,21715.2,
2023-12-29T13:31:00+05:30,21714.2,21720.3,21713.5,21718.5,
2023-12-29T13:32:00+05:30,21716,21720.3,21713.3,21720.3,
2023-12-29T13:33:00+05:30,21719.8,21726.7,21718.8,21726.2,
2023-12-29T13:34:00+05:30,21721.7,21723.2,21718.9,21720.4,
2023-12-29T13:35:00+05:30,21719.5,21726,21719.3,21723.3,
2023-12-29T13:36:00+05:30,21722.1,21724.8,21716.8,21718.8,
2023-12-29T13:37:00+05:30,21716.8,21719.7,21715.7,21719.5,
2023-12-29T13:38:00+05:30,21717.7,21719.8,21711.2,21714.8,
2023-12-29T13:39:00+05:30,21714.5,21714.5,21708,21711.8,
2023-12-29T13:40:00+05:30,21710.4,21717.8,21706.6,21717.5,
2023-12-29T13:41:00+05:30,21715.8,21718.6,21712.5,21716.5,
2023-12-29T13:42:00+05:30,21716.3,21720.7,21715.6,21719.2,
2023-12-29T13:43:00+05:30,21718.6,21722.6,21717.7,21721.4,
2023-12-29T13:44:00+05:30,21721,21725.1,21720,21723,
2023-12-29T13:45:00+05:30,21722.2,21725.2,21721.2,21723,
2023-12-29T13:46:00+05:30,21722.7,21725.4,21719.5,21725.4,
2023-12-29T13:47:00+05:30,21724.8,21728.6,21721.2,21723.1,
2023-12-29T13:48:00+05:30,21722.5,21724.3,21718,21720.3,
2023-12-29T13:49:00+05:30,21719.3,21723.8,21716.7,21723.2,
2023-12-29T13:50:00+05:30,21722.7,21726.5,21720,21721.7,
2023-12-29T13:51:00+05:30,21721.2,21723.4,21717.8,21721.5,
2023-12-29T13:52:00+05:30,21719.8,21726.3,21719.7,21724.2,
2023-12-29T13:53:00+05:30,21724.5,21726.3,21722,21724,
2023-12-29T13:54:00+05:30,21724.5,21727.1,21717.7,21718.7,
2023-12-29T13:55:00+05:30,21718.4,21721.6,21713.3,21717.9,
2023-12-29T13:56:00+05:30,21718,21722.8,21716.8,21719.4,
2023-12-29T13:57:00+05:30,21719.5,21720,21716,21717.8,
2023-12-29T13:58:00+05:30,21716.8,21719.9,21715.4,21719.2,
2023-12-29T13:59:00+05:30,21718.8,21719.7,21715,21716.9,
2023-12-29T14:00:00+05:30,21716.2,21721,21715.9,21717.8,
2023-12-29T14:01:00+05:30,21718.1,21719.7,21716.2,21717.4,
2023-12-29T14:02:00+05:30,21717.2,21719,21715.3,21717.6,
2023-12-29T14:03:00+05:30,21718.1,21722.2,21715.1,21722.2,
2023-12-29T14:04:00+05:30,21722.6,21728.9,21722,21726.4,
2023-12-29T14:05:00+05:30,21725,21728.6,21724.3,21726,
2023-12-29T14:06:00+05:30,21725.7,21727.5,21720,21721.1,
2023-12-29T14:07:00+05:30,21721.8,21724.3,21716.9,21719.5,
2023-12-29T14:08:00+05:30,21719.2,21720.1,21711,21712.6,
2023-12-29T14:09:00+05:30,21713.1,21714.2,21709.6,21710.3,
2023-12-29T14:10:00+05:30,21710.2,21713.5,21707.7,21709,
2023-12-29T14:11:00+05:30,21709.5,21712.5,21707.2,21710.7,
2023-12-29T14:12:00+05:30,21711.2,21712.8,21701.3,21703.8,
2023-12-29T14:13:00+05:30,21704.2,21705.5,21698,21698.7,
2023-12-29T14:14:00+05:30,21697.3,21700,21690.2,21692.2,
2023-12-29T14:15:00+05:30,21692.9,21696.1,21689.8,21691.7,
2023-12-29T14:16:00+05:30,21691.4,21694.4,21689.2,21691.6,
2023-12-29T14:17:00+05:30,21691,21697.5,21690,21694.2,
2023-12-29T14:18:00+05:30,21694.2,21696.1,21690.4,21691.8,
2023-12-29T14:19:00+05:30,21690.5,21693.1,21686,21692.7,
2023-12-29T14:20:00+05:30,21692.1,21696.1,21690.9,21693.8,
2023-12-29T14:21:00+05:30,21695.8,21700,21694.2,21696.5,
2023-12-29T14:22:00+05:30,21696.5,21697.3,21690.5,21692.6,
2023-12-29T14:23:00+05:30,21692.4,21693.5,21687,21687.3,
2023-12-29T14:24:00+05:30,21686.6,21691,21676.9,21676.9,
2023-12-29T14:25:00+05:30,21681.7,21688.7,21679.7,21687.8,
2023-12-29T14:26:00+05:30,21687.5,21689.8,21684.7,21688.7,
2023-12-29T14:27:00+05:30,21689.4,21694.8,21688,21694.7,
2023-12-29T14:28:00+05:30,21695.5,21697.5,21691.5,21693.3,
2023-12-29T14:29:00+05:30,21693.4,21694.1,21689.3,21691.2,
2023-12-29T14:30:00+05:30,21690.2,21700.1,21688.8,21696.5,
2023-12-29T14:31:00+05:30,21695.8,21705.9,21695.5,21704.2,
2023-12-29T14:32:00+05:30,21704.7,21704.7,21699.7,21703,
2023-12-29T14:33:00+05:30,21702.2,21706.8,21702,21703.6,
2023-12-29T14:34:00+05:30,21703,21708.2,21698.7,21707.5,
2023-12-29T14:35:00+05:30,21707.8,21712.3,21706.3,21712.1,
2023-12-29T14:36:00+05:30,21712.3,21713.8,21709.8,21712.2,
2023-12-29T14:37:00+05:30,21713.2,21718.5,21711.5,21712.4,
2023-12-29T14:38:00+05:30,21711.5,21715.3,21707.9,21710,
2023-12-29T14:39:00+05:30,21710.5,21712.5,21707.2,21711.5,
2023-12-29T14:40:00+05:30,21711.2,21713.3,21708.2,21713.3,
2023-12-29T14:41:00+05:30,21713.7,21717.8,21711.5,21713.3,
2023-12-29T14:42:00+05:30,21713.2,21713.9,21708.5,21711.5,
2023-12-29T14:43:00+05:30,21711.5,21712.8,21706,21706.7,
2023-12-29T14:44:00+05:30,21706.3,21707.3,21702.9,21705.7,
2023-12-29T14:45:00+05:30,21704.7,21708,21704.3,21708,
2023-12-29T14:46:00+05:30,21707.5,21713,21707.5,21709,
2023-12-29T14:47:00+05:30,21709,21715.2,21707.2,21714.9,
2023-12-29T14:48:00+05:30,21715.8,21718,21710.2,21712.3,
2023-12-29T14:49:00+05:30,21711.7,21718.5,21711.2,21714.5,
2023-12-29T14:50:00+05:30,21714.4,21715.3,21710,21712.2,
2023-12-29T14:51:00+05:30,21710.8,21719.5,21709.2,21718.2,
2023-12-29T14:52:00+05:30,21717.2,21727.3,21717.2,21725,
2023-12-29T14:53:00+05:30,21725.5,21725.7,21715.8,21719.2,
2023-12-29T14:54:00+05:30,21719.3,21721.7,21714.7,21720.2,
2023-12-29T14:55:00+05:30,21720.4,21731.7,21720.4,21730.5,
2023-12-29T14:56:00+05:30,21729.7,21731.7,21726.3,21729.7,
2023-12-29T14:57:00+05:30,21729.5,21734.5,21728.7,21730.7,
2023-12-29T14:58:00+05:30,21732.7,21737.8,21732.5,21732.5,
2023-12-29T14:59:00+05:30,21730.5,21735.2,21725.2,21732.8,
2023-12-29T15:00:00+05:30,21731.2,21744.6,21731.2,21739.8,
2023-12-29T15:01:00+05:30,21740.5,21758.5,21739.8,21757,
2023-12-29T15:02:00+05:30,21758.3,21758.3,21737.2,21737.5,
2023-12-29T15:03:00+05:30,21738.7,21743.5,21737,21739.8,
2023-12-29T15:04:00+05:30,21738,21740.2,21731.5,21739.1,
2023-12-29T15:05:00+05:30,21738.8,21740.8,21736.2,21737,
2023-12-29T15:06:00+05:30,21737.9,21739.2,21728.6,21739.2,
2023-12-29T15:07:00+05:30,21739.5,21747.2,21737.5,21738.9,
2023-12-29T15:08:00+05:30,21739.5,21742.7,21735,21735,
2023-12-29T15:09:00+05:30,21735.3,21738.3,21728.8,21736,
2023-12-29T15:10:00+05:30,21734.6,21739.2,21729.7,21732.5,
2023-12-29T15:11:00+05:30,21732.6,21736,21730.2,21731.8,
2023-12-29T15:12:00+05:30,21731.2,21731.8,21719,21719,
2023-12-29T15:13:00+05:30,21717.5,21729.5,21716.3,21729,
2023-12-29T15:14:00+05:30,21728.8,21730.1,21714,21716.3,
2023-12-29T15:15:00+05:30,21716.8,21731,21716.8,21729.2,
2023-12-29T15:16:00+05:30,21728.7,21733.5,21726,21733.3,
2023-12-29T15:17:00+05:30,21732.5,21733.8,21723.1,21725.2,
2023-12-29T15:18:00+05:30,21724.7,21731,21722.2,21730.3,
2023-12-29T15:19:00+05:30,21730.2,21730.2,21720.8,21723.3,
2023-12-29T15:20:00+05:30,21724.2,21725,21712.2,21712.7,
2023-12-29T15:21:00+05:30,21711.8,21725.8,21711.3,21725.3,
2023-12-29T15:22:00+05:30,21725.8,21726,21723.2,21724.5,
2023-12-29T15:23:00+05:30,21724.5,21724.5,21713.9,21723.4,
2023-12-29T15:24:00+05:30,21722.1,21725,21720.1,21723.7,
2023-12-29T15:25:00+05:30,21723.3,21729.2,21722.5,21727.9,
2023-12-29T15:26:00+05:30,21726,21731.5,21725.1,21730.9,
2023-12-29T15:27:00+05:30,21731.2,21738.4,21729.3,21736.3,
2023-12-29T15:28:00+05:30,21736.4,21739.3,21729.7,21734.7,
2023-12-29T15:29:00+05:30,21733.2,21735.7,21724.7,21728.3,
