time,open,high,low,close,volume
2024-06-03T09:15:00+05:30,23337.9,23338.7,23083.7,23109.5,
2024-06-03T09:16:00+05:30,23107.2,23166.8,23107.2,23157.9,
2024-06-03T09:17:00+05:30,23156.3,23187.5,23146.8,23173.2,
2024-06-03T09:18:00+05:30,23175.3,23183.9,23146.7,23159.8,
2024-06-03T09:19:00+05:30,23160.5,23161.8,23135.4,23147.2,
2024-06-03T09:20:00+05:30,23145.6,23161,23133.4,23140.5,
2024-06-03T09:21:00+05:30,23140.8,23145.9,23116.5,23130.8,
2024-06-03T09:22:00+05:30,23132.8,23138,23085.8,23098.3,
2024-06-03T09:23:00+05:30,23095.3,23116,23082.7,23090.8,
2024-06-03T09:24:00+05:30,23090.1,23130.6,23087.2,23114.9,
2024-06-03T09:25:00+05:30,23114.3,23114.3,23096.8,23097.2,
2024-06-03T09:26:00+05:30,23095.6,23103,23089.8,23101,
2024-06-03T09:27:00+05:30,23099.2,23126.9,23092.6,23125,
2024-06-03T09:28:00+05:30,23125.8,23142.8,23124,23141.4,
2024-06-03T09:29:00+05:30,23137.7,23142.5,23113.5,23133,
2024-06-03T09:30:00+05:30,23135.6,23155.1,23133.4,23147.4,
2024-06-03T09:31:00+05:30,23147.3,23148,23128.5,23142.3,
2024-06-03T09:32:00+05:30,23145.2,23148.1,23134.7,23135.7,
2024-06-03T09:33:00+05:30,23136.2,23137.3,23114,23125.6,
2024-06-03T09:34:00+05:30,23124.5,23150.2,23124.5,23143.2,
2024-06-03T09:35:00+05:30,23144.8,23156.8,23135.4,23156.2,
2024-06-03T09:36:00+05:30,23157,23163.7,23142.2,23146.6,
2024-06-03T09:37:00+05:30,23145.5,23156.8,23140.8,23149.3,
2024-06-03T09:38:00+05:30,23151,23153.2,23136.5,23136.5,
2024-06-03T09:39:00+05:30,23138.2,23152.9,23136.3,23146.5,
2024-06-03T09:40:00+05:30,23144.2,23156.9,23139,23156.9,
2024-06-03T09:41:00+05:30,23155.1,23157.3,23117.5,23122.7,
2024-06-03T09:42:00+05:30,23122.2,23130.5,23114.7,23121.4,
2024-06-03T09:43:00+05:30,23120.7,23129.5,23109.8,23118.5,
2024-06-03T09:44:00+05:30,23118.5,23122.8,23105.7,23105.7,
2024-06-03T09:45:00+05:30,23105.8,23106.6,23078.5,23084.7,
2024-06-03T09:46:00+05:30,23085,23088.5,23062.3,23086.5,
2024-06-03T09:47:00+05:30,23082.2,23111.3,23076.5,23108.8,
2024-06-03T09:48:00+05:30,23110.1,23126.5,23109.3,23120.2,
2024-06-03T09:49:00+05:30,23118.3,23120.7,23104,23106.5,
2024-06-03T09:50:00+05:30,23107.5,23117,23089.5,23104,
2024-06-03T09:51:00+05:30,23103.5,23122.2,23095.5,23115.5,
2024-06-03T09:52:00+05:30,23115.3,23116.5,23106.3,23112,
2024-06-03T09:53:00+05:30,23112.7,23119,23105.8,23110.7,
2024-06-03T09:54:00+05:30,23110.3,23128.6,23110.3,23128.1,
2024-06-03T09:55:00+05:30,23127.7,23157,23126.5,23154.2,
2024-06-03T09:56:00+05:30,23153.8,23157.2,23147.1,23155.9,
2024-06-03T09:57:00+05:30,23155.5,23165.9,23155.5,23161.2,
2024-06-03T09:58:00+05:30,23162,23169.2,23150.3,23151.6,
2024-06-03T09:59:00+05:30,23151.7,23165,23151.7,23163.2,
2024-06-03T10:00:00+05:30,23162.2,23179.5,23162.2,23177.8,
2024-06-03T10:01:00+05:30,23178,23189.8,23178,23186.2,
2024-06-03T10:02:00+05:30,23188,23190.6,23173.7,23181.7,
2024-06-03T10:03:00+05:30,23181.2,23183.3,23150,23162.8,
2024-06-03T10:04:00+05:30,23161.2,23168.5,23151.5,23155.5,
2024-06-03T10:05:00+05:30,23155.7,23159.1,23151.1,23151.2,
2024-06-03T10:06:00+05:30,23150.3,23165.2,23150.3,23162.5,
2024-06-03T10:07:00+05:30,23162,23176.8,23159.3,23167.9,
2024-06-03T10:08:00+05:30,23165.7,23174.8,23165.7,23171.8,
2024-06-03T10:09:00+05:30,23170.1,23180.8,23169,23178.6,
2024-06-03T10:10:00+05:30,23177.8,23186.7,23176.7,23184.7,
2024-06-03T10:11:00+05:30,23185.4,23193,23183.3,23189.1,
2024-06-03T10:12:00+05:30,23189.8,23194,23176.5,23178.8,
2024-06-03T10:13:00+05:30,23178.7,23203.5,23178.7,23203.5,
2024-06-03T10:14:00+05:30,23201.5,23203.5,23196.3,23197.1,
2024-06-03T10:15:00+05:30,23197.1,23199.9,23187,23192.7,
2024-06-03T10:16:00+05:30,23192.3,23193.3,23182.5,23189.6,
2024-06-03T10:17:00+05:30,23188.7,23192.7,23183.6,23187.9,
2024-06-03T10:18:00+05:30,23188.4,23190.5,23183.2,23187.2,
2024-06-03T10:19:00+05:30,23189.3,23193.7,23186.9,23189,
2024-06-03T10:20:00+05:30,23189.2,23195.1,23189,23191.7,
2024-06-03T10:21:00+05:30,23191.2,23197,23180.5,23180.5,
2024-06-03T10:22:00+05:30,23186.2,23198.5,23172.6,23196.7,
2024-06-03T10:23:00+05:30,23196.7,23196.7,23182.3,23183.7,
2024-06-03T10:24:00+05:30,23183.5,23186.8,23174.8,23182.3,
2024-06-03T10:25:00+05:30,23182,23184.6,23179.8,23180.6,
2024-06-03T10:26:00+05:30,23179.7,23180.8,23164,23164.4,
2024-06-03T10:27:00+05:30,23164.2,23173,23160.8,23173,
2024-06-03T10:28:00+05:30,23175,23189.3,23175,23185,
2024-06-03T10:29:00+05:30,23184.5,23203,23182.3,23203,
2024-06-03T10:30:00+05:30,23204.2,23207.5,23191.5,23191.5,
2024-06-03T10:31:00+05:30,23192.5,23195.8,23187.5,23194.6,
2024-06-03T10:32:00+05:30,23195,23195,23187.8,23194.4,
2024-06-03T10:33:00+05:30,23193.6,23197,23186.8,23190,
2024-06-03T10:34:00+05:30,23190.5,23193,23185.1,23187.5,
2024-06-03T10:35:00+05:30,23186.5,23187.2,23168.6,23169.5,
2024-06-03T10:36:00+05:30,23168.4,23173.1,23155.5,23156,
2024-06-03T10:37:00+05:30,23155.5,23165.1,23152.2,23155.5,
2024-06-03T10:38:00+05:30,23155.2,23156.6,23136,23136,
2024-06-03T10:39:00+05:30,23135.8,23147.8,23135.8,23143.6,
2024-06-03T10:40:00+05:30,23143.5,23154.8,23142.5,23154.8,
2024-06-03T10:41:00+05:30,23152.7,23156.7,23150.1,23151,
2024-06-03T10:42:00+05:30,23151.7,23157.5,23148.8,23154.2,
2024-06-03T10:43:00+05:30,23154.4,23160,23150.6,23152,
2024-06-03T10:44:00+05:30,23153.2,23153.2,23143.4,23146.2,
2024-06-03T10:45:00+05:30,23146.2,23156.8,23146.2,23152.1,
2024-06-03T10:46:00+05:30,23151.2,23160.1,23149.8,23155.2,
2024-06-03T10:47:00+05:30,23154.2,23157,23151.2,23152.5,
2024-06-03T10:48:00+05:30,23152.5,23154.7,23147.5,23151.3,
2024-06-03T10:49:00+05:30,23150.8,23152.9,23145.6,23145.6,
2024-06-03T10:50:00+05:30,23146.5,23150.6,23145.4,23148.5,
2024-06-03T10:51:00+05:30,23147.2,23147.2,23134.5,23144.2,
2024-06-03T10:52:00+05:30,23142.7,23155.2,23142.7,23154.2,
2024-06-03T10:53:00+05:30,23155,23164.6,23155,23164.3,
2024-06-03T10:54:00+05:30,23164.3,23166.2,23159.2,23159.8,
2024-06-03T10:55:00+05:30,23159.8,23161.1,23151.2,23153.2,
2024-06-03T10:56:00+05:30,23152.9,23160.8,23151,23160.5,
2024-06-03T10:57:00+05:30,23160.5,23161.8,23152,23152.8,
2024-06-03T10:58:00+05:30,23152.7,23153.1,23145.2,23145.2,
2024-06-03T10:59:00+05:30,23145.3,23147.4,23142.5,23144.4,
2024-06-03T11:00:00+05:30,23143.6,23146.5,23138.5,23144.6,
2024-06-03T11:01:00+05:30,23144.8,23157.2,23144.3,23145.5,
2024-06-03T11:02:00+05:30,23146.2,23149.8,23145,23146,
2024-06-03T11:03:00+05:30,23147,23154.7,23139.8,23154.7,
2024-06-03T11:04:00+05:30,23154.2,23156,23145.9,23151,
2024-06-03T11:05:00+05:30,23150.6,23151.2,23145,23148.4,
2024-06-03T11:06:00+05:30,23148.8,23155.3,23148.8,23152.5,
2024-06-03T11:07:00+05:30,23152.8,23156,23148.6,23156,
2024-06-03T11:08:00+05:30,23155.2,23161.9,23153.5,23160.7,
2024-06-03T11:09:00+05:30,23160.5,23162.2,23157.3,23161.4,
2024-06-03T11:10:00+05:30,23161,23163.1,23158.7,23158.7,
2024-06-03T11:11:00+05:30,23158.3,23159.7,23148.3,23158.5,
2024-06-03T11:12:00+05:30,23159.2,23167.7,23153.2,23165.8,
2024-06-03T11:13:00+05:30,23165.8,23169,23163.2,23167.7,
2024-06-03T11:14:00+05:30,23167.2,23175.6,23167,23175.3,
2024-06-03T11:15:00+05:30,23173.9,23176.9,23171.3,23175,
2024-06-03T11:16:00+05:30,23174.3,23186.5,23174.3,23183.4,
2024-06-03T11:17:00+05:30,23184,23185.2,23171.2,23176.5,
2024-06-03T11:18:00+05:30,23176.5,23180,23171,23172.8,
2024-06-03T11:19:00+05:30,23173,23175.5,23169.5,23170.5,
2024-06-03T11:20:00+05:30,23170.3,23182.6,23169.5,23178.8,
2024-06-03T11:21:00+05:30,23177.5,23189.3,23177.5,23184.5,
2024-06-03T11:22:00+05:30,23183.4,23185.2,23177.7,23181,
2024-06-03T11:23:00+05:30,23180.5,23181.5,23171.6,23181.5,
2024-06-03T11:24:00+05:30,23179.6,23184.2,23177.3,23183.7,
2024-06-03T11:25:00+05:30,23184.2,23186.2,23179,23181.8,
2024-06-03T11:26:00+05:30,23181.8,23184.8,23180.1,23184.8,
2024-06-03T11:27:00+05:30,23183.2,23185.8,23180.2,23185.7,
2024-06-03T11:28:00+05:30,23186.3,23187.6,23182.3,23186.5,
2024-06-03T11:29:00+05:30,23185.8,23190.2,23182.2,23190,
2024-06-03T11:30:00+05:30,23188.9,23192.2,23186.2,23188.8,
2024-06-03T11:31:00+05:30,23188,23191.2,23184.5,23188.9,
2024-06-03T11:32:00+05:30,23188,23194.2,23188,23193.8,
2024-06-03T11:33:00+05:30,23194,23194,23187.4,23188.5,
2024-06-03T11:34:00+05:30,23188.8,23191.2,23184,23184.3,
2024-06-03T11:35:00+05:30,23184.5,23185.2,23176.2,23178.8,
2024-06-03T11:36:00+05:30,23178.8,23183.1,23176,23183.1,
2024-06-03T11:37:00+05:30,23183.4,23186.1,23180.9,23181.2,
2024-06-03T11:38:00+05:30,23181.8,23189.8,23181.2,23186.8,
2024-06-03T11:39:00+05:30,23186,23190,23185.2,23188.5,
2024-06-03T11:40:00+05:30,23189.8,23193.3,23189.2,23190.6,
2024-06-03T11:41:00+05:30,23191.2,23191.6,23185.5,23186.6,
2024-06-03T11:42:00+05:30,23186.5,23199.7,23186.3,23199.7,
2024-06-03T11:43:00+05:30,23200,23203.3,23196.5,23202.5,
2024-06-03T11:44:00+05:30,23202.5,23205.8,23199.5,23204,
2024-06-03T11:45:00+05:30,23205.3,23209.5,23203.2,23207.5,
2024-06-03T11:46:00+05:30,23206.5,23210.8,23206.2,23210.8,
2024-06-03T11:47:00+05:30,23210.1,23212.5,23206,23210.2,
2024-06-03T11:48:00+05:30,23210.6,23214.2,23205.7,23209.1,
2024-06-03T11:49:00+05:30,23209.5,23209.5,23205.4,23207.5,
2024-06-03T11:50:00+05:30,23207.7,23209.4,23204,23205.8,
2024-06-03T11:51:00+05:30,23205.8,23206.9,23199,23200.8,
2024-06-03T11:52:00+05:30,23201,23201.6,23195.7,23200.4,
2024-06-03T11:53:00+05:30,23200.5,23212.8,23200.5,23211.8,
2024-06-03T11:54:00+05:30,23212.1,23217.6,23211.9,23214.2,
2024-06-03T11:55:00+05:30,23214.3,23218.7,23210.2,23218.1,
2024-06-03T11:56:00+05:30,23217.7,23224.6,23217.7,23220.8,
2024-06-03T11:57:00+05:30,23221.9,23230.9,23221.8,23229.2,
2024-06-03T11:58:00+05:30,23229.2,23232.3,23218.2,23219.4,
2024-06-03T11:59:00+05:30,23218.8,23228.8,23218.8,23227.7,
2024-06-03T12:00:00+05:30,23227.3,23233.5,23227.3,23231,
2024-06-03T12:01:00+05:30,23231,23231.7,23221.5,23221.5,
2024-06-03T12:02:00+05:30,23221.8,23222.7,23213.8,23219,
2024-06-03T12:03:00+05:30,23219.4,23234.9,23219.3,23232,
2024-06-03T12:04:00+05:30,23231.3,23234.8,23227.7,23230.4,
2024-06-03T12:05:00+05:30,23229.8,23232.8,23225.5,23231.3,
2024-06-03T12:06:00+05:30,23230.7,23237.8,23230.5,23236,
2024-06-03T12:07:00+05:30,23235.4,23240.5,23235.2,23236.3,
2024-06-03T12:08:00+05:30,23236.3,23243.5,23231.8,23242.8,
2024-06-03T12:09:00+05:30,23242,23245.5,23240.8,23243,
2024-06-03T12:10:00+05:30,23243.5,23248.5,23241.8,23245.3,
2024-06-03T12:11:00+05:30,23244,23246,23234,23234.9,
2024-06-03T12:12:00+05:30,23235.4,23236.9,23224.2,23226.2,
2024-06-03T12:13:00+05:30,23226.7,23232.5,23225.3,23228.2,
2024-06-03T12:14:00+05:30,23227.2,23228,23218.3,23221.7,
2024-06-03T12:15:00+05:30,23221.6,23222.3,23211,23216.8,
2024-06-03T12:16:00+05:30,23216.2,23221.7,23214.5,23217.9,
2024-06-03T12:17:00+05:30,23218,23218.6,23210.2,23213.1,
2024-06-03T12:18:00+05:30,23213.2,23215.6,23204.6,23215.5,
2024-06-03T12:19:00+05:30,23215,23223.2,23214.2,23223,
2024-06-03T12:20:00+05:30,23222.8,23226.2,23219.7,23225,
2024-06-03T12:21:00+05:30,23224.8,23226.7,23218.5,23225.4,
2024-06-03T12:22:00+05:30,23223.8,23229.2,23222.2,23229.2,
2024-06-03T12:23:00+05:30,23228.5,23232.5,23227.7,23231.3,
2024-06-03T12:24:00+05:30,23231.8,23232.5,23224.8,23225.8,
2024-06-03T12:25:00+05:30,23226,23226,23219,23224.5,
2024-06-03T12:26:00+05:30,23225.4,23229.7,23219.5,23222,
2024-06-03T12:27:00+05:30,23221,23227.4,23219.3,23226.6,
2024-06-03T12:28:00+05:30,23225.9,23229.7,23222.3,23229.3,
2024-06-03T12:29:00+05:30,23228.3,23229.4,23222.5,23226.3,
2024-06-03T12:30:00+05:30,23226.8,23236.3,23226.3,23236.3,
2024-06-03T12:31:00+05:30,23236.2,23238,23231,23237.5,
2024-06-03T12:32:00+05:30,23236.9,23243.5,23232.8,23242.7,
2024-06-03T12:33:00+05:30,23240,23244,23234.6,23237,
2024-06-03T12:34:00+05:30,23235,23237.2,23233,23234.7,
2024-06-03T12:35:00+05:30,23234.4,23237.2,23223.8,23224.2,
2024-06-03T12:36:00+05:30,23225.2,23230.2,23221.2,23227,
2024-06-03T12:37:00+05:30,23227.2,23232.8,23226,23230.5,
2024-06-03T12:38:00+05:30,23229.9,23230.8,23219.8,23223.2,
2024-06-03T12:39:00+05:30,23222.5,23223,23214.7,23219.6,
2024-06-03T12:40:00+05:30,23217.5,23218.7,23207.5,23208.1,
2024-06-03T12:41:00+05:30,23209,23209.2,23198.6,23203.2,
2024-06-03T12:42:00+05:30,23203.7,23217,23202,23214,
2024-06-03T12:43:00+05:30,23213.8,23216.7,23207.2,23210,
2024-06-03T12:44:00+05:30,23210,23214.5,23209,23213.7,
2024-06-03T12:45:00+05:30,23213.8,23215.8,23210.8,23212.7,
2024-06-03T12:46:00+05:30,23212.8,23213.2,23204,23208.4,
2024-06-03T12:47:00+05:30,23208,23216.2,23206.2,23216.2,
2024-06-03T12:48:00+05:30,23217.3,23218.4,23208.7,23212.7,
2024-06-03T12:49:00+05:30,23211.8,23213.8,23202,23209,
2024-06-03T12:50:00+05:30,23209,23212,23206.5,23206.5,
2024-06-03T12:51:00+05:30,23206.2,23209.5,23200.9,23208,
2024-06-03T12:52:00+05:30,23207.8,23217.5,23207.3,23217.5,
2024-06-03T12:53:00+05:30,23216.7,23221.3,23215.9,23220.7,
2024-06-03T12:54:00+05:30,23221,23222.8,23218,23222.8,
2024-06-03T12:55:00+05:30,23222.5,23223.8,23218.2,23219.2,
2024-06-03T12:56:00+05:30,23219.2,23220.3,23216.9,23218.4,
2024-06-03T12:57:00+05:30,23218.7,23220.2,23215.7,23220.2,
2024-06-03T12:58:00+05:30,23220,23229.5,23219.9,23227.2,
2024-06-03T12:59:00+05:30,23227,23229.2,23224.7,23228,
2024-06-03T13:00:00+05:30,23228.1,23233.6,23226.5,23232.8,
2024-06-03T13:01:00+05:30,23232.8,23234.8,23229,23230.7,
2024-06-03T13:02:00+05:30,23229.9,23231.7,23224.2,23226.8,
2024-06-03T13:03:00+05:30,23226.9,23231.5,23226.8,23229.8,
2024-06-03T13:04:00+05:30,23229.7,23230.5,23217.2,23220.8,
2024-06-03T13:05:00+05:30,23221,23224.7,23217.8,23218.8,
2024-06-03T13:06:00+05:30,23218.8,23221.4,23210.8,23215,
2024-06-03T13:07:00+05:30,23215.7,23222.5,23212.3,23222.2,
2024-06-03T13:08:00+05:30,23222.5,23227,23219.2,23220.6,
2024-06-03T13:09:00+05:30,23220.2,23223.6,23219.4,23221.5,
2024-06-03T13:10:00+05:30,23222,23222.2,23218.2,23220.9,
2024-06-03T13:11:00+05:30,23220.9,23222.2,23218,23220.2,
2024-06-03T13:12:00+05:30,23220.1,23228.2,23220.1,23224.2,
2024-06-03T13:13:00+05:30,23224.2,23227.2,23222.4,23225.7,
2024-06-03T13:14:00+05:30,23225.5,23230.7,23225,23228.1,
2024-06-03T13:15:00+05:30,23227.2,23229.4,23223.7,23224.1,
2024-06-03T13:16:00+05:30,23223.3,23227.6,23219,23221.8,
2024-06-03T13:17:00+05:30,23222.1,23225.8,23219.6,23224,
2024-06-03T13:18:00+05:30,23224,23224.9,23216.7,23220.8,
2024-06-03T13:19:00+05:30,23220.8,23222,23213.8,23216.7,
2024-06-03T13:20:00+05:30,23216.3,23220.7,23209.8,23220.7,
2024-06-03T13:21:00+05:30,23220.1,23230.8,23216.7,23230,
2024-06-03T13:22:00+05:30,23230.8,23232.2,23224.8,23227.2,
2024-06-03T13:23:00+05:30,23226.3,23229.4,23224.1,23229.3,
2024-06-03T13:24:00+05:30,23229.1,23235.3,23226,23235.3,
2024-06-03T13:25:00+05:30,23235,23236,23231.8,23234.7,
2024-06-03T13:26:00+05:30,23235,23237.3,23233.2,23235.8,
2024-06-03T13:27:00+05:30,23234.7,23235.8,23228,23233.2,
2024-06-03T13:28:00+05:30,23233.1,23234.5,23229.8,23234.2,
2024-06-03T13:29:00+05:30,23233.8,23237.2,23229.2,23233.5,
2024-06-03T13:30:00+05:30,23234.2,23235.5,23228.3,23233,
2024-06-03T13:31:00+05:30,23232.5,23236.1,23225.8,23232,
2024-06-03T13:32:00+05:30,23231.7,23239,23229.5,23239,
2024-06-03T13:33:00+05:30,23238,23240.6,23236,23238.9,
2024-06-03T13:34:00+05:30,23238.8,23238.8,23231.1,23232.8,
2024-06-03T13:35:00+05:30,23232.8,23234.1,23224.6,23229.7,
2024-06-03T13:36:00+05:30,23231.2,23234.8,23228,23229,
2024-06-03T13:37:00+05:30,23230.2,23235,23226,23231.7,
2024-06-03T13:38:00+05:30,23230.5,23231.3,23218.3,23222.2,
2024-06-03T13:39:00+05:30,23222,23223.1,23201,23202.8,
2024-06-03T13:40:00+05:30,23202.6,23209.2,23186.5,23190.4,
2024-06-03T13:41:00+05:30,23188.8,23189.8,23161,23176.2,
2024-06-03T13:42:00+05:30,23171.9,23198.6,23166.7,23198.6,
2024-06-03T13:43:00+05:30,23199,23204.8,23194.3,23199.3,
2024-06-03T13:44:00+05:30,23199.3,23205.8,23199.3,23203.8,
2024-06-03T13:45:00+05:30,23203.7,23214.4,23203.1,23204.7,
2024-06-03T13:46:00+05:30,23205.2,23210.7,23203.2,23209.5,
2024-06-03T13:47:00+05:30,23209,23212.2,23205.8,23212.2,
2024-06-03T13:48:00+05:30,23211.7,23227,23211.3,23224.8,
2024-06-03T13:49:00+05:30,23225,23232.6,23223.4,23227.5,
2024-06-03T13:50:00+05:30,23228,23228.2,23218,23219.8,
2024-06-03T13:51:00+05:30,23220,23221.8,23215.6,23219.2,
2024-06-03T13:52:00+05:30,23219.6,23222.8,23217.8,23218.1,
2024-06-03T13:53:00+05:30,23217.7,23223.3,23216.7,23223,
2024-06-03T13:54:00+05:30,23223.1,23232.7,23223.1,23228.2,
2024-06-03T13:55:00+05:30,23226.8,23229.8,23223.5,23225.9,
2024-06-03T13:56:00+05:30,23225.8,23233.3,23223,23231.2,
2024-06-03T13:57:00+05:30,23230.6,23234.5,23225,23234.5,
2024-06-03T13:58:00+05:30,23234.7,23236.2,23228.7,23232.2,
2024-06-03T13:59:00+05:30,23231.6,23239,23228.7,23238.7,
2024-06-03T14:00:00+05:30,23238.5,23241.3,23232.2,23241.1,
2024-06-03T14:01:00+05:30,23241,23244,23238.5,23243.1,
2024-06-03T14:02:00+05:30,23243.7,23243.8,23240,23241.5,
2024-06-03T14:03:00+05:30,23241.5,23248,23235.1,23248,
2024-06-03T14:04:00+05:30,23248.3,23249.3,23244.3,23248.9,
2024-06-03T14:05:00+05:30,23248.2,23249,23240.2,23243.2,
2024-06-03T14:06:00+05:30,23241.8,23244,23237.8,23242.7,
2024-06-03T14:07:00+05:30,23242.2,23247.2,23242.2,23246.1,
2024-06-03T14:08:00+05:30,23244.7,23254.5,23244.1,23252,
2024-06-03T14:09:00+05:30,23252.6,23257.9,23251.3,23256.2,
2024-06-03T14:10:00+05:30,23256.2,23260.5,23254.2,23257.7,
2024-06-03T14:11:00+05:30,23257.8,23259.9,23248,23249.2,
2024-06-03T14:12:00+05:30,23250.3,23252,23240.5,23252,
2024-06-03T14:13:00+05:30,23251.5,23252.2,23233.2,23234.9,
2024-06-03T14:14:00+05:30,23235.2,23243.5,23233,23241,
2024-06-03T14:15:00+05:30,23240,23242.8,23226,23230.5,
2024-06-03T14:16:00+05:30,23230.5,23242.5,23230.2,23239,
2024-06-03T14:17:00+05:30,23238.8,23241,23232,23233.6,
2024-06-03T14:18:00+05:30,23233.3,23240.3,23233,23234.3,
2024-06-03T14:19:00+05:30,23234,23234.5,23224,23228.5,
2024-06-03T14:20:00+05:30,23228.2,23237.2,23228.2,23234.5,
2024-06-03T14:21:00+05:30,23234.2,23237.2,23231.1,23232.3,
2024-06-03T14:22:00+05:30,23231.8,23232.1,23222.8,23227.2,
2024-06-03T14:23:00+05:30,23226.8,23237.3,23226.8,23236.4,
2024-06-03T14:24:00+05:30,23236.4,23244.7,23234.5,23242.3,
2024-06-03T14:25:00+05:30,23242.6,23243,23238.4,23240.7,
2024-06-03T14:26:00+05:30,23241.2,23241.6,23233.5,23237.5,
2024-06-03T14:27:00+05:30,23236.8,23244.8,23236.5,23242.1,
2024-06-03T14:28:00+05:30,23241.5,23242.1,23231.8,23232.2,
2024-06-03T14:29:00+05:30,23232,23234.5,23221.5,23222,
2024-06-03T14:30:00+05:30,23222.8,23225.8,23212.3,23221.2,
2024-06-03T14:31:00+05:30,23221.7,23239,23221.7,23226.4,
2024-06-03T14:32:00+05:30,23227,23230,23222.2,23225,
2024-06-03T14:33:00+05:30,23224.4,23228.2,23222,23224.6,
2024-06-03T14:34:00+05:30,23224.5,23230,23224.4,23228.3,
2024-06-03T14:35:00+05:30,23228,23237.5,23228,23236.3,
2024-06-03T14:36:00+05:30,23236.3,23238.9,23233.3,23237.1,
2024-06-03T14:37:00+05:30,23237.2,23245.7,23236.3,23241.4,
2024-06-03T14:38:00+05:30,23243.1,23248,23242.2,23243.5,
2024-06-03T14:39:00+05:30,23243.5,23256.5,23243.5,23256.2,
2024-06-03T14:40:00+05:30,23255.9,23257.3,23251,23251.6,
2024-06-03T14:41:00+05:30,23251.6,23257.7,23251,23256.3,
2024-06-03T14:42:00+05:30,23255.6,23257,23252.8,23254.2,
2024-06-03T14:43:00+05:30,23255,23263.2,23252.5,23261.8,
2024-06-03T14:44:00+05:30,23261.7,23265.7,23261.7,23262.8,
2024-06-03T14:45:00+05:30,23261.5,23262.3,23253,23254.5,
2024-06-03T14:46:00+05:30,23253.8,23258.1,23252.4,23256.1,
2024-06-03T14:47:00+05:30,23255.6,23256.1,23245.5,23246.7,
2024-06-03T14:48:00+05:30,23245.8,23246.8,23236.8,23242.1,
2024-06-03T14:49:00+05:30,23242.2,23246.2,23242.2,23243.1,
2024-06-03T14:50:00+05:30,23244,23246.5,23238.2,23239.3,
2024-06-03T14:51:00+05:30,23238.5,23248.7,23238.5,23243.5,
2024-06-03T14:52:00+05:30,23242.8,23248.2,23240.5,23245.7,
2024-06-03T14:53:00+05:30,23245.8,23247.1,23240.3,23244.5,
2024-06-03T14:54:00+05:30,23243.7,23246.2,23241.2,23242.7,
2024-06-03T14:55:00+05:30,23242,23247.9,23241.5,23244.3,
2024-06-03T14:56:00+05:30,23244.5,23255.3,23241.9,23251,
2024-06-03T14:57:00+05:30,23251,23258.3,23245.6,23257.5,
2024-06-03T14:58:00+05:30,23256.8,23258.3,23247.9,23248.4,
2024-06-03T14:59:00+05:30,23248.5,23248.6,23240,23244.3,
2024-06-03T15:00:00+05:30,23244.2,23245.3,23229,23231.8,
2024-06-03T15:01:00+05:30,23231.7,23244.4,23224.3,23239.6,
2024-06-03T15:02:00+05:30,23239.4,23243.2,23233.1,23239.9,
2024-06-03T15:03:00+05:30,23240.1,23241.5,23230.8,23231.5,
2024-06-03T15:04:00+05:30,23231.7,23235.8,23228.8,23229.2,
2024-06-03T15:05:00+05:30,23229.1,23231.5,23224.2,23229.2,
2024-06-03T15:06:00+05:30,23228.3,23238.5,23227.7,23238.1,
2024-06-03T15:07:00+05:30,23237.3,23248.3,23237.3,23243.1,
2024-06-03T15:08:00+05:30,23242.3,23244.5,23236.5,23241.8,
2024-06-03T15:09:00+05:30,23241.8,23247.5,23237.7,23246.3,
2024-06-03T15:10:00+05:30,23247,23249.8,23245.3,23246.1,
2024-06-03T15:11:00+05:30,23246.3,23251.7,23246.3,23250.1,
2024-06-03T15:12:00+05:30,23250,23252.8,23244.7,23250,
2024-06-03T15:13:00+05:30,23250.1,23260.6,23249.7,23259.6,
2024-06-03T15:14:00+05:30,23259,23267,23259,23264.7,
2024-06-03T15:15:00+05:30,23265.1,23283.6,23264.9,23282.5,
2024-06-03T15:16:00+05:30,23282.5,23293.8,23282.5,23292.6,
2024-06-03T15:17:00+05:30,23293,23297.8,23292.3,23294.9,
2024-06-03T15:18:00+05:30,23295.7,23296.5,23277.5,23284.4,
2024-06-03T15:19:00+05:30,23285.5,23286.5,23280.8,23281.5,
2024-06-03T15:20:00+05:30,23281.6,23285.2,23278.1,23278.1,
2024-06-03T15:21:00+05:30,23278.3,23282.9,23275.8,23277.7,
2024-06-03T15:22:00+05:30,23276.7,23281,23275.8,23278.8,
2024-06-03T15:23:00+05:30,23278.5,23279,23273.5,23277.3,
2024-06-03T15:24:00+05:30,23277.7,23285.4,23277,23283.5,
2024-06-03T15:25:00+05:30,23282.7,23285,23280.8,23283.8,
2024-06-03T15:26:00+05:30,23284.7,23291.2,23284.6,23291.1,
2024-06-03T15:27:00+05:30,23290.5,23303.2,23289,23301.8,
2024-06-03T15:28:00+05:30,23301.3,23303.3,23297,23303.1,
2024-06-03T15:29:00+05:30,23302.8,23308.2,23298.2,23306,
2024-06-04T09:15:00+05:30,23179.5,23179.5,22724.8,22755.9,
2024-06-04T09:16:00+05:30,22750.2,22930.4,22750.2,22928.8,
2024-06-04T09:17:00+05:30,22930.3,22948,22902.7,22940,
2024-06-04T09:18:00+05:30,22940.4,22950.5,22895.8,22899.3,
2024-06-04T09:19:00+05:30,22900.7,22900.7,22842.5,22851.3,
2024-06-04T09:20:00+05:30,22850.4,22862.8,22797.5,22807.2,
2024-06-04T09:21:00+05:30,22804.8,22814.9,22750.3,22750.3,
2024-06-04T09:22:00+05:30,22749,22749,22638.7,22638.7,
2024-06-04T09:23:00+05:30,22644.2,22664.5,22567,22573.6,
2024-06-04T09:24:00+05:30,22577.7,22749.5,22572.8,22647.5,
2024-06-04T09:25:00+05:30,22654,22681.6,22610.3,22654.8,
2024-06-04T09:26:00+05:30,22655.6,22668.4,22603.4,22603.4,
2024-06-04T09:27:00+05:30,22599.7,22619.5,22591.7,22599.2,
2024-06-04T09:28:00+05:30,22599.7,22609.8,22578.3,22585.1,
2024-06-04T09:29:00+05:30,22584.8,22584.8,22479.4,22479.4,
2024-06-04T09:30:00+05:30,22479.7,22479.7,22389.8,22389.8,
2024-06-04T09:31:00+05:30,22392.5,22457,22392.5,22436.2,
2024-06-04T09:32:00+05:30,22434.5,22446.5,22411.5,22446.5,
2024-06-04T09:33:00+05:30,22448.2,22614.5,22447.2,22614.5,
2024-06-04T09:34:00+05:30,22619,22650.2,22561.2,22586.5,
2024-06-04T09:35:00+05:30,22588.5,22619.6,22559.5,22619.6,
2024-06-04T09:36:00+05:30,22621.2,22628.6,22591.5,22619.1,
2024-06-04T09:37:00+05:30,22618.7,22662.8,22611.8,22641.2,
2024-06-04T09:38:00+05:30,22643.7,22654.2,22630.8,22645.2,
2024-06-04T09:39:00+05:30,22644.9,22656.8,22631,22652.9,
2024-06-04T09:40:00+05:30,22651.8,22651.8,22568.7,22575,
2024-06-04T09:41:00+05:30,22570.8,22621.6,22545,22578.5,
2024-06-04T09:42:00+05:30,22580.7,22599.9,22566.5,22594.4,
2024-06-04T09:43:00+05:30,22595.1,22622.1,22593,22612.5,
2024-06-04T09:44:00+05:30,22612,22612,22563.3,22584.2,
2024-06-04T09:45:00+05:30,22584.6,22623.8,22565.7,22618.2,
2024-06-04T09:46:00+05:30,22620.7,22648,22620,22647.8,
2024-06-04T09:47:00+05:30,22649.8,22698.3,22642.2,22693.5,
2024-06-04T09:48:00+05:30,22694.5,22758.2,22694.5,22758.2,
2024-06-04T09:49:00+05:30,22755.8,22756.7,22703.6,22724.7,
2024-06-04T09:50:00+05:30,22725.6,22743.5,22677.4,22743.5,
2024-06-04T09:51:00+05:30,22745.2,22746.8,22727,22739.5,
2024-06-04T09:52:00+05:30,22739.8,22752.8,22723.8,22737,
2024-06-04T09:53:00+05:30,22736.7,22761.2,22730,22754.9,
2024-06-04T09:54:00+05:30,22753.8,22785.5,22749,22785.5,
2024-06-04T09:55:00+05:30,22783.8,22820,22782.7,22811.3,
2024-06-04T09:56:00+05:30,22810.5,22880.8,22809.3,22860.2,
2024-06-04T09:57:00+05:30,22858.8,22858.8,22793,22793,
2024-06-04T09:58:00+05:30,22793.7,22812.5,22763.5,22806,
2024-06-04T09:59:00+05:30,22804,22807.3,22770.7,22783.6,
2024-06-04T10:00:00+05:30,22785,22787.5,22722.5,22737.8,
2024-06-04T10:01:00+05:30,22738.3,22742.8,22698.3,22720.3,
2024-06-04T10:02:00+05:30,22717.5,22768,22712.9,22763,
2024-06-04T10:03:00+05:30,22760.3,22791.7,22749.9,22776,
2024-06-04T10:04:00+05:30,22777.8,22778.2,22748.5,22756.5,
2024-06-04T10:05:00+05:30,22756.6,22770.8,22753.5,22769.4,
2024-06-04T10:06:00+05:30,22771.2,22797.1,22759.2,22791.4,
2024-06-04T10:07:00+05:30,22792,22822.6,22789.2,22815.3,
2024-06-04T10:08:00+05:30,22816,22816.5,22775.4,22807,
2024-06-04T10:09:00+05:30,22806.2,22818,22785.5,22811.8,
2024-06-04T10:10:00+05:30,22812.5,22826.2,22808.2,22826.2,
2024-06-04T10:11:00+05:30,22816.5,22825.8,22804.2,22825.2,
2024-06-04T10:12:00+05:30,22826.2,22829.7,22796,22811.7,
2024-06-04T10:13:00+05:30,22812.2,22829.6,22810.4,22818.8,
2024-06-04T10:14:00+05:30,22818.2,22833.9,22808.4,22833.9,
2024-06-04T10:15:00+05:30,22832.5,22832.5,22812.2,22812.2,
2024-06-04T10:16:00+05:30,22814,22824.7,22813.2,22822.2,
2024-06-04T10:17:00+05:30,22823.3,22824.7,22812.2,22818.3,
2024-06-04T10:18:00+05:30,22819.8,22819.8,22781.7,22782.3,
2024-06-04T10:19:00+05:30,22785.4,22787.3,22768.5,22769.4,
2024-06-04T10:20:00+05:30,22767.2,22767.2,22714.9,22714.9,
2024-06-04T10:21:00+05:30,22715.8,22729.8,22649.5,22649.5,
2024-06-04T10:22:00+05:30,22651.5,22721.8,22642.5,22721.8,
2024-06-04T10:23:00+05:30,22722,22744.2,22702.5,22744.2,
2024-06-04T10:24:00+05:30,22742.5,22800.3,22740.7,22800.3,
2024-06-04T10:25:00+05:30,22801.3,22802.2,22785,22800,
2024-06-04T10:26:00+05:30,22798.2,22798.2,22756.9,22757.6,
2024-06-04T10:27:00+05:30,22756,22774.7,22744.7,22754.7,
2024-06-04T10:28:00+05:30,22755.3,22761.3,22730.7,22731.7,
2024-06-04T10:29:00+05:30,22731.8,22755.7,22725.2,22735.2,
2024-06-04T10:30:00+05:30,22736.2,22746.9,22720.5,22727.1,
2024-06-04T10:31:00+05:30,22727.2,22730.7,22705.6,22709.4,
2024-06-04T10:32:00+05:30,22710.3,22739,22710.3,22738.9,
2024-06-04T10:33:00+05:30,22739,22741.5,22708.4,22709.3,
2024-06-04T10:34:00+05:30,22709.4,22710.7,22665.3,22665.7,
2024-06-04T10:35:00+05:30,22665.6,22687.3,22663.5,22679.2,
2024-06-04T10:36:00+05:30,22681.7,22684.5,22662.2,22668.8,
2024-06-04T10:37:00+05:30,22670.5,22685,22662.2,22682.2,
2024-06-04T10:38:00+05:30,22682.5,22705.8,22671.7,22673.2,
2024-06-04T10:39:00+05:30,22671.6,22695,22669.5,22677,
2024-06-04T10:40:00+05:30,22676.2,22683.5,22644.2,22656.8,
2024-06-04T10:41:00+05:30,22657.1,22657.1,22614.5,22635.8,
2024-06-04T10:42:00+05:30,22634.9,22643,22624.5,22628.5,
2024-06-04T10:43:00+05:30,22628.3,22629.5,22589.5,22589.5,
2024-06-04T10:44:00+05:30,22591.2,22591.2,22534.3,22554,
2024-06-04T10:45:00+05:30,22552.3,22562.2,22512.5,22533.2,
2024-06-04T10:46:00+05:30,22533,22538,22497.2,22509.8,
2024-06-04T10:47:00+05:30,22512.8,22552.2,22510.7,22549.3,
2024-06-04T10:48:00+05:30,22550,22607.8,22550,22594.8,
2024-06-04T10:49:00+05:30,22591.2,22596.3,22563.3,22575.8,
2024-06-04T10:50:00+05:30,22574,22590.5,22546.8,22559.5,
2024-06-04T10:51:00+05:30,22557.8,22557.8,22525.5,22547.3,
2024-06-04T10:52:00+05:30,22548,22553,22525.5,22526.7,
2024-06-04T10:53:00+05:30,22524,22524,22490.7,22492.5,
2024-06-04T10:54:00+05:30,22494.4,22496.8,22444.7,22444.7,
2024-06-04T10:55:00+05:30,22444.8,22444.8,22341.8,22349,
2024-06-04T10:56:00+05:30,22347.7,22349,22286.3,22288.8,
2024-06-04T10:57:00+05:30,22289.2,22364.8,22277.8,22355.4,
2024-06-04T10:58:00+05:30,22357.8,22401.8,22347.5,22385.1,
2024-06-04T10:59:00+05:30,22382.5,22386.2,22334.1,22335.7,
2024-06-04T11:00:00+05:30,22336.6,22359.8,22333.7,22336.7,
2024-06-04T11:01:00+05:30,22334.6,22334.6,22272,22272,
2024-06-04T11:02:00+05:30,22270.8,22287.2,22238.1,22279.3,
2024-06-04T11:03:00+05:30,22281.5,22332.1,22280.2,22281.8,
2024-06-04T11:04:00+05:30,22283.5,22284.3,22255.5,22264,
2024-06-04T11:05:00+05:30,22263.5,22263.5,22245.5,22253.7,
2024-06-04T11:06:00+05:30,22253.3,22255,22208.7,22222,
2024-06-04T11:07:00+05:30,22219,22219,22123.2,22123.2,
2024-06-04T11:08:00+05:30,22125.3,22125.7,22000.6,22005.4,
2024-06-04T11:09:00+05:30,22006.2,22189.3,22002.5,22189.3,
2024-06-04T11:10:00+05:30,22185.4,22271.2,22185.4,22209.2,
2024-06-04T11:11:00+05:30,22210.7,22233.5,22082.5,22132.2,
2024-06-04T11:12:00+05:30,22137.5,22137.5,22072.2,22102.2,
2024-06-04T11:13:00+05:30,22102.7,22157.2,22093,22135,
2024-06-04T11:14:00+05:30,22134.2,22134.2,22091.6,22095.1,
2024-06-04T11:15:00+05:30,22097,22109.2,22089.9,22095.2,
2024-06-04T11:16:00+05:30,22094.7,22172.8,22094.2,22153.1,
2024-06-04T11:17:00+05:30,22156.4,22158.7,22128.3,22153.7,
2024-06-04T11:18:00+05:30,22153.1,22166.2,22113.3,22114.8,
2024-06-04T11:19:00+05:30,22113.6,22143.6,22101.2,22105.2,
2024-06-04T11:20:00+05:30,22102.2,22189.7,22102.2,22189.7,
2024-06-04T11:21:00+05:30,22190.8,22190.8,22052.3,22080.5,
2024-06-04T11:22:00+05:30,22081.3,22141.3,22072.7,22120.8,
2024-06-04T11:23:00+05:30,22121.2,22209,22114.2,22207.2,
2024-06-04T11:24:00+05:30,22209,22264.3,22199,22255.8,
2024-06-04T11:25:00+05:30,22253.5,22255,22190.7,22199,
2024-06-04T11:26:00+05:30,22198.9,22230.2,22196.5,22203.2,
2024-06-04T11:27:00+05:30,22204.5,22209.6,22169.8,22173.8,
2024-06-04T11:28:00+05:30,22172.3,22196.3,22162,22192,
2024-06-04T11:29:00+05:30,22193.3,22270.5,22190.3,22245.1,
2024-06-04T11:30:00+05:30,22239.1,22239.1,22127.7,22150.9,
2024-06-04T11:31:00+05:30,22151,22175.5,22143.7,22161.5,
2024-06-04T11:32:00+05:30,22160,22183.2,22157.8,22182.6,
2024-06-04T11:33:00+05:30,22179,22240.7,22179,22238.4,
2024-06-04T11:34:00+05:30,22236.2,22259.8,22221.5,22259.2,
2024-06-04T11:35:00+05:30,22256.8,22266.1,22224.8,22245.2,
2024-06-04T11:36:00+05:30,22246,22261.5,22197.8,22259.2,
2024-06-04T11:37:00+05:30,22258.9,22293.2,22248.2,22266.5,
2024-06-04T11:38:00+05:30,22266.1,22282,22237.8,22262.4,
2024-06-04T11:39:00+05:30,22259.4,22261.3,22229.2,22229.2,
2024-06-04T11:40:00+05:30,22230.7,22247.9,22183.9,22196.3,
2024-06-04T11:41:00+05:30,22197.3,22208.5,22179.8,22179.8,
2024-06-04T11:42:00+05:30,22178.2,22178.2,22160.5,22172.7,
2024-06-04T11:43:00+05:30,22173.3,22193,22142.2,22150.1,
2024-06-04T11:44:00+05:30,22148.8,22157.6,22119.8,22127.7,
2024-06-04T11:45:00+05:30,22128.6,22147.2,22114.1,22115.8,
2024-06-04T11:46:00+05:30,22113,22139.2,22107.3,22117.6,
2024-06-04T11:47:00+05:30,22114.7,22148.5,22112.3,22145.3,
2024-06-04T11:48:00+05:30,22145.6,22179.5,22145.6,22153.5,
2024-06-04T11:49:00+05:30,22152.8,22167.7,22148.6,22162,
2024-06-04T11:50:00+05:30,22163.7,22195.8,22163.7,22173.5,
2024-06-04T11:51:00+05:30,22172.4,22173.2,22142.7,22161.3,
2024-06-04T11:52:00+05:30,22158.6,22166.3,22143.7,22143.7,
2024-06-04T11:53:00+05:30,22140.7,22144.4,22112.3,22127.5,
2024-06-04T11:54:00+05:30,22127.2,22127.5,22107.6,22119.2,
2024-06-04T11:55:00+05:30,22116.1,22119.3,22066.7,22073.4,
2024-06-04T11:56:00+05:30,22071.8,22075.5,22022.3,22039.8,
2024-06-04T11:57:00+05:30,22037.2,22053,21999.5,22005.5,
2024-06-04T11:58:00+05:30,22004.5,22016.1,21974.2,21976.2,
2024-06-04T11:59:00+05:30,21977,21977.5,21886.8,21886.8,
2024-06-04T12:00:00+05:30,21884.3,21950.8,21871.8,21931.5,
2024-06-04T12:01:00+05:30,21931.3,21931.3,21858.4,21869.1,
2024-06-04T12:02:00+05:30,21868.1,21868.1,21791,21809.9,
2024-06-04T12:03:00+05:30,21807.7,21843.5,21801,21843.3,
2024-06-04T12:04:00+05:30,21841,21881.2,21829.7,21845.3,
2024-06-04T12:05:00+05:30,21846.2,21850.1,21821.7,21825,
2024-06-04T12:06:00+05:30,21826.1,21829.3,21781.7,21785.7,
2024-06-04T12:07:00+05:30,21785.5,21786.3,21742.7,21742.7,
2024-06-04T12:08:00+05:30,21745,21764,21694,21694,
2024-06-04T12:09:00+05:30,21696.1,21696.1,21660.2,21665.8,
2024-06-04T12:10:00+05:30,21664.6,21681,21591.7,21591.7,
2024-06-04T12:11:00+05:30,21588.7,21588.7,21489.5,21493.3,
2024-06-04T12:12:00+05:30,21495.5,21708.3,21481.8,21681.8,
2024-06-04T12:13:00+05:30,21675.2,21750.3,21675.2,21728.3,
2024-06-04T12:14:00+05:30,21727.2,21727.2,21580.9,21591.9,
2024-06-04T12:15:00+05:30,21591.2,21683.2,21591.2,21681.6,
2024-06-04T12:16:00+05:30,21683.8,21705.8,21627.3,21627.3,
2024-06-04T12:17:00+05:30,21629.8,21670.8,21620.7,21627.3,
2024-06-04T12:18:00+05:30,21624.9,21640.3,21595.4,21640.3,
2024-06-04T12:19:00+05:30,21639.6,21640.8,21611.2,21617.2,
2024-06-04T12:20:00+05:30,21618.4,21619.3,21586,21586,
2024-06-04T12:21:00+05:30,21578.8,21578.8,21498.1,21500.8,
2024-06-04T12:22:00+05:30,21500.4,21512.9,21448.2,21483.7,
2024-06-04T12:23:00+05:30,21478.8,21493,21418.3,21418.3,
2024-06-04T12:24:00+05:30,21422.3,21431.2,21366.7,21366.7,
2024-06-04T12:25:00+05:30,21372.1,21408.3,21328.4,21328.4,
2024-06-04T12:26:00+05:30,21330.5,21335.3,21312.2,21322.2,
2024-06-04T12:27:00+05:30,21322.6,21371.2,21319.2,21335,
2024-06-04T12:28:00+05:30,21334.2,21335.5,21304.5,21330.7,
2024-06-04T12:29:00+05:30,21331.9,21336,21281.5,21294.1,
2024-06-04T12:30:00+05:30,21296.3,21475.1,21296.3,21450.1,
2024-06-04T12:31:00+05:30,21452,21459.7,21425.8,21455.3,
2024-06-04T12:32:00+05:30,21454.2,21515.2,21454.2,21471.5,
2024-06-04T12:33:00+05:30,21471.5,21560.7,21444.7,21560.7,
2024-06-04T12:34:00+05:30,21560.3,21591.2,21535.2,21568.3,
2024-06-04T12:35:00+05:30,21572.5,21645.7,21555.7,21645.7,
2024-06-04T12:36:00+05:30,21646.2,21650.8,21476.8,21479.5,
2024-06-04T12:37:00+05:30,21482,21544.5,21481.8,21521.2,
2024-06-04T12:38:00+05:30,21517.5,21558.5,21491.7,21491.7,
2024-06-04T12:39:00+05:30,21489.8,21521.4,21469.5,21473.3,
2024-06-04T12:40:00+05:30,21475.2,21576.1,21475.2,21575.5,
2024-06-04T12:41:00+05:30,21572.5,21633.2,21572.5,21625.2,
2024-06-04T12:42:00+05:30,21625.1,21682.4,21621.7,21682.4,
2024-06-04T12:43:00+05:30,21682.2,21729.4,21665.8,21727,
2024-06-04T12:44:00+05:30,21728.3,21838.3,21723,21794.3,
2024-06-04T12:45:00+05:30,21793.8,21840.1,21692,21707.2,
2024-06-04T12:46:00+05:30,21717.7,21808,21717.7,21807.3,
2024-06-04T12:47:00+05:30,21805.5,21856.2,21789.5,21856.2,
2024-06-04T12:48:00+05:30,21853.8,21889.5,21829.8,21884,
2024-06-04T12:49:00+05:30,21889.1,21911.3,21868.5,21907.6,
2024-06-04T12:50:00+05:30,21903.2,21920.3,21844.6,21869.8,
2024-06-04T12:51:00+05:30,21868.3,21874,21736.5,21828,
2024-06-04T12:52:00+05:30,21830.2,21854.5,21780.2,21854.5,
2024-06-04T12:53:00+05:30,21863,21955.2,21848.6,21955.2,
2024-06-04T12:54:00+05:30,21955.4,21993.5,21944.2,21992.4,
2024-06-04T12:55:00+05:30,21993.4,22005.5,21954.8,21980.1,
2024-06-04T12:56:00+05:30,21975,21984.9,21910.1,21914.1,
2024-06-04T12:57:00+05:30,21913.6,21931.1,21863,21900.1,
2024-06-04T12:58:00+05:30,21901.2,21905.8,21839.5,21883.3,
2024-06-04T12:59:00+05:30,21886.5,21898.8,21850.5,21887.8,
2024-06-04T13:00:00+05:30,21886.7,21889.7,21796.2,21802.3,
2024-06-04T13:01:00+05:30,21803.4,21844.2,21760,21842.7,
2024-06-04T13:02:00+05:30,21842.3,21941.9,21842.3,21941.9,
2024-06-04T13:03:00+05:30,21938.4,21943.1,21876.9,21887.1,
2024-06-04T13:04:00+05:30,21889.5,21893,21841.2,21852,
2024-06-04T13:05:00+05:30,21852.2,21857.3,21811,21829.6,
2024-06-04T13:06:00+05:30,21829.2,21869,21826.9,21864.7,
2024-06-04T13:07:00+05:30,21866.5,21884,21824.9,21829.1,
2024-06-04T13:08:00+05:30,21829.1,21847.1,21800.4,21822.1,
2024-06-04T13:09:00+05:30,21825.2,21850.2,21822.6,21848.8,
2024-06-04T13:10:00+05:30,21847.5,21863,21834.5,21838.2,
2024-06-04T13:11:00+05:30,21838.6,21838.6,21813.4,21820.1,
2024-06-04T13:12:00+05:30,21819.7,21872.3,21816.2,21867.8,
2024-06-04T13:13:00+05:30,21865.5,21897.2,21841.3,21896.1,
2024-06-04T13:14:00+05:30,21898.5,21946.7,21897.3,21944.8,
2024-06-04T13:15:00+05:30,21944.5,21948,21881.5,21889.2,
2024-06-04T13:16:00+05:30,21894.6,21938.8,21894.6,21927.7,
2024-06-04T13:17:00+05:30,21929,21963.3,21924.8,21959.3,
2024-06-04T13:18:00+05:30,21958.3,21969,21926,21948.7,
2024-06-04T13:19:00+05:30,21949.3,21996.8,21937.8,21994.3,
2024-06-04T13:20:00+05:30,21992.2,22040.8,21978.4,22040.8,
2024-06-04T13:21:00+05:30,22039,22116.5,22036.8,22084.5,
2024-06-04T13:22:00+05:30,22088,22124.5,22078.2,22121.8,
2024-06-04T13:23:00+05:30,22122.9,22126,22081.5,22086.2,
2024-06-04T13:24:00+05:30,22086.2,22088.5,22038.5,22083.2,
2024-06-04T13:25:00+05:30,22086.5,22127.5,22083.7,22102.7,
2024-06-04T13:26:00+05:30,22103.1,22104.2,22024.5,22032.7,
2024-06-04T13:27:00+05:30,22035.2,22039,21987.6,22014.5,
2024-06-04T13:28:00+05:30,22012.4,22012.4,21949.7,21986.3,
2024-06-04T13:29:00+05:30,21989.2,22023.2,21982.2,22005.2,
2024-06-04T13:30:00+05:30,22002.5,22017,21955.9,21963,
2024-06-04T13:31:00+05:30,21962.8,21974.3,21927.8,21934.5,
2024-06-04T13:32:00+05:30,21934.7,21980.5,21934.7,21963.5,
2024-06-04T13:33:00+05:30,21955.9,21987.4,21939.5,21985.2,
2024-06-04T13:34:00+05:30,21984.9,22062.8,21981.9,22062.8,
2024-06-04T13:35:00+05:30,22061.5,22091.9,22037.7,22077.2,
2024-06-04T13:36:00+05:30,22076.5,22096,22064.7,22087.2,
2024-06-04T13:37:00+05:30,22088.8,22090,22009.8,22048.8,
2024-06-04T13:38:00+05:30,22045.1,22058.5,22012.9,22035,
2024-06-04T13:39:00+05:30,22035.7,22044.5,22016.6,22035.2,
2024-06-04T13:40:00+05:30,22038,22038,21982.5,21993.8,
2024-06-04T13:41:00+05:30,21989,22010,21974.2,22002.5,
2024-06-04T13:42:00+05:30,22006.8,22015.4,21968.6,21996.8,
2024-06-04T13:43:00+05:30,21996.1,22009.5,21969.4,22004.8,
2024-06-04T13:44:00+05:30,22006.3,22071.9,22005.3,22071.5,
2024-06-04T13:45:00+05:30,22071,22095.8,22063.3,22081.7,
2024-06-04T13:46:00+05:30,22081.3,22089.3,22054.2,22079.8,
2024-06-04T13:47:00+05:30,22080.3,22110.5,22074.3,22082.3,
2024-06-04T13:48:00+05:30,22083.8,22115.6,22078.8,22106.8,
2024-06-04T13:49:00+05:30,22107.6,22163,22107.6,22160.2,
2024-06-04T13:50:00+05:30,22166.4,22201,22162.5,22201,
2024-06-04T13:51:00+05:30,22200.5,22205.8,22181,22203.7,
2024-06-04T13:52:00+05:30,22204.2,22244.2,22201,22244.2,
2024-06-04T13:53:00+05:30,22242.9,22264.7,22234.7,22250.5,
2024-06-04T13:54:00+05:30,22254,22271.7,22224.8,22252.2,
2024-06-04T13:55:00+05:30,22253.6,22256.4,22200.8,22211.5,
2024-06-04T13:56:00+05:30,22211.2,22230.2,22195,22209.9,
2024-06-04T13:57:00+05:30,22210.4,22225.2,22157,22160.6,
2024-06-04T13:58:00+05:30,22160.8,22242.7,22160.8,22236.6,
2024-06-04T13:59:00+05:30,22234.8,22243.2,22219.9,22239.7,
2024-06-04T14:00:00+05:30,22241.5,22243.8,22177.2,22191.2,
2024-06-04T14:01:00+05:30,22189,22193.2,22153,22153,
2024-06-04T14:02:00+05:30,22153.5,22166,22134,22147,
2024-06-04T14:03:00+05:30,22145.6,22146.8,22109.5,22143.8,
2024-06-04T14:04:00+05:30,22147.2,22150.2,22099.5,22101.3,
2024-06-04T14:05:00+05:30,22105.1,22117.8,22031.5,22036,
2024-06-04T14:06:00+05:30,22036,22054.4,21987.8,21988.8,
2024-06-04T14:07:00+05:30,21987.5,22049,21948.3,22005.5,
2024-06-04T14:08:00+05:30,22004.6,22047.8,21995,22011.7,
2024-06-04T14:09:00+05:30,22010.5,22061.4,22006.6,22032.8,
2024-06-04T14:10:00+05:30,22037.3,22068.1,22000.7,22024.5,
2024-06-04T14:11:00+05:30,22023.1,22032.7,21982.8,22003.5,
2024-06-04T14:12:00+05:30,22006.1,22028.2,21990.8,22028.2,
2024-06-04T14:13:00+05:30,22025.5,22057,22021.5,22054.7,
2024-06-04T14:14:00+05:30,22055,22070.2,22047.8,22061,
2024-06-04T14:15:00+05:30,22061.8,22062,21999.2,22002.4,
2024-06-04T14:16:00+05:30,22005,22014,21978.5,21981.3,
2024-06-04T14:17:00+05:30,21982,21983.8,21958.3,21982,
2024-06-04T14:18:00+05:30,21981,22040,21978.3,22027.7,
2024-06-04T14:19:00+05:30,22029,22042.4,21983.1,22002.8,
2024-06-04T14:20:00+05:30,22001.6,22012.3,21973.8,21987.4,
2024-06-04T14:21:00+05:30,21986.8,21989.2,21963.5,21978,
2024-06-04T14:22:00+05:30,21978.1,21980.3,21945.3,21955.8,
2024-06-04T14:23:00+05:30,21953.6,21954.4,21883.5,21883.5,
2024-06-04T14:24:00+05:30,21884.5,21972.2,21884.5,21966.1,
2024-06-04T14:25:00+05:30,21964.8,21972.7,21907,21931.5,
2024-06-04T14:26:00+05:30,21933.8,21942.7,21921.2,21930.6,
2024-06-04T14:27:00+05:30,21931.5,21952.5,21916.2,21916.2,
2024-06-04T14:28:00+05:30,21914.6,21926.4,21898,21925,
2024-06-04T14:29:00+05:30,21925.8,21927.8,21907,21909.8,
2024-06-04T14:30:00+05:30,21909.8,21971.5,21909.8,21965.5,
2024-06-04T14:31:00+05:30,21962.4,22026.7,21956.2,22002.2,
2024-06-04T14:32:00+05:30,22005.2,22090,21987.2,22065.6,
2024-06-04T14:33:00+05:30,22062.5,22079.5,22027.6,22052.7,
2024-06-04T14:34:00+05:30,22053.3,22053.3,22009.2,22009.3,
2024-06-04T14:35:00+05:30,22015.5,22020.7,21958.8,21964,
2024-06-04T14:36:00+05:30,21964.5,21964.7,21912.4,21930.8,
2024-06-04T14:37:00+05:30,21934.1,21996.6,21934.1,21996.6,
2024-06-04T14:38:00+05:30,21998.8,22007.8,21978.8,21989.8,
2024-06-04T14:39:00+05:30,21989.2,22005.8,21961.2,21992.5,
2024-06-04T14:40:00+05:30,21993,22027.6,21971.3,21971.3,
2024-06-04T14:41:00+05:30,21969.4,21990.3,21946.5,21978.2,
2024-06-04T14:42:00+05:30,21976,21979.9,21947,21954,
2024-06-04T14:43:00+05:30,21954,21985.8,21929.2,21969.2,
2024-06-04T14:44:00+05:30,21968,21994.8,21954,21989.8,
2024-06-04T14:45:00+05:30,21990.5,22048.7,21986.2,22021.3,
2024-06-04T14:46:00+05:30,22019.5,22023.7,21959.2,21964.8,
2024-06-04T14:47:00+05:30,21965.7,21979.2,21945,21949.2,
2024-06-04T14:48:00+05:30,21948.2,21968.7,21924.5,21933,
2024-06-04T14:49:00+05:30,21932.4,21936.8,21915.2,21923,
2024-06-04T14:50:00+05:30,21926.5,21955.7,21924.2,21939.4,
2024-06-04T14:51:00+05:30,21941.5,21957.6,21900,21908.2,
2024-06-04T14:52:00+05:30,21908.2,21935.3,21903.3,21923.4,
2024-06-04T14:53:00+05:30,21924,21926,21906,21916.1,
2024-06-04T14:54:00+05:30,21914.9,21934.1,21900.6,21900.6,
2024-06-04T14:55:00+05:30,21905,21931.9,21899.5,21928.2,
2024-06-04T14:56:00+05:30,21925,21944.8,21904,21919.2,
2024-06-04T14:57:00+05:30,21918.5,21924.9,21848.5,21869,
2024-06-04T14:58:00+05:30,21868.5,21869.1,21825.3,21827.2,
2024-06-04T14:59:00+05:30,21827.8,21850,21798.7,21800.8,
2024-06-04T15:00:00+05:30,21802.6,21851.2,21802,21815.9,
2024-06-04T15:01:00+05:30,21814.9,21846.1,21786.6,21786.6,
2024-06-04T15:02:00+05:30,21785.5,21814.2,21773.6,21807.5,
2024-06-04T15:03:00+05:30,21807.8,21808.3,21755.6,21763,
2024-06-04T15:04:00+05:30,21761.5,21777.2,21745.5,21758.2,
2024-06-04T15:05:00+05:30,21756.6,21770,21736,21736.3,
2024-06-04T15:06:00+05:30,21736.6,21767.2,21725.3,21763.2,
2024-06-04T15:07:00+05:30,21763.4,21831.2,21763.4,21820,
2024-06-04T15:08:00+05:30,21820.7,21915,21805.9,21911.5,
2024-06-04T15:09:00+05:30,21906.8,21906.8,21871.8,21890.6,
2024-06-04T15:10:00+05:30,21889.7,21950.5,21889.7,21946.1,
2024-06-04T15:11:00+05:30,21944.9,21945.6,21909.5,21944.2,
2024-06-04T15:12:00+05:30,21943.9,21957.3,21937.7,21946.6,
2024-06-04T15:13:00+05:30,21943.2,21961.6,21927.7,21961.6,
2024-06-04T15:14:00+05:30,21960.3,21969.7,21943.6,21949.7,
2024-06-04T15:15:00+05:30,21948.6,21953,21924.8,21950.3,
2024-06-04T15:16:00+05:30,21949.8,21953.5,21933.5,21938,
2024-06-04T15:17:00+05:30,21936.6,21938.9,21925.9,21938.1,
2024-06-04T15:18:00+05:30,21937.5,21944.1,21877.2,21877.2,
2024-06-04T15:19:00+05:30,21875.2,21917.8,21871.5,21917.8,
2024-06-04T15:20:00+05:30,21918.8,21919.7,21884.8,21884.8,
2024-06-04T15:21:00+05:30,21885.8,21900.8,21885.2,21899.5,
2024-06-04T15:22:00+05:30,21899.9,21899.9,21882.5,21886.1,
2024-06-04T15:23:00+05:30,21886.8,21902.9,21879.3,21902.9,
2024-06-04T15:24:00+05:30,21901.3,21942.5,21901.3,21941.2,
2024-06-04T15:25:00+05:30,21942.1,21949.7,21920,21924.7,
2024-06-04T15:26:00+05:30,21922.1,21952,21920.4,21950.3,
2024-06-04T15:27:00+05:30,21950.7,21956.3,21939.8,21942.4,
2024-06-04T15:28:00+05:30,21942.5,21960.3,21910.2,21921.5,
2024-06-04T15:29:00+05:30,21924.5,22068.5,21917,21996.5,
2024-06-05T09:15:00+05:30,22128.3,22131.6,22021,22039.3,
2024-06-05T09:16:00+05:30,22042,22102.2,22037.4,22094.6,
2024-06-05T09:17:00+05:30,22091.6,22096.1,22052.7,22059.4,
2024-06-05T09:18:00+05:30,22060.2,22060.2,21979.2,21979.2,
2024-06-05T09:19:00+05:30,21979.5,21982.6,21952.2,21970.8,
2024-06-05T09:20:00+05:30,21969.4,21973.2,21892.1,21905.2,
2024-06-05T09:21:00+05:30,21905.8,21960.2,21897.7,21947.7,
2024-06-05T09:22:00+05:30,21943.8,21947.2,21922.5,21928,
2024-06-05T09:23:00+05:30,21927,21927,21843,21843,
2024-06-05T09:24:00+05:30,21843.8,21843.8,21797.3,21800.5,
2024-06-05T09:25:00+05:30,21799.8,21830.4,21792,21829.2,
2024-06-05T09:26:00+05:30,21828.8,21871.2,21828.4,21867.2,
2024-06-05T09:27:00+05:30,21864.8,21967.4,21858.8,21963.5,
2024-06-05T09:28:00+05:30,21959.4,22009.9,21959.4,22008.3,
2024-06-05T09:29:00+05:30,22008.1,22046,21994.4,22007.7,
2024-06-05T09:30:00+05:30,22008.2,22055,22008.2,22030.7,
2024-06-05T09:31:00+05:30,22031.9,22054.4,22006.6,22041.9,
2024-06-05T09:32:00+05:30,22038.4,22039.9,22015.7,22027.2,
2024-06-05T09:33:00+05:30,22027.8,22034.4,22001.8,22017.8,
2024-06-05T09:34:00+05:30,22019.2,22024.6,21980,22001.5,
2024-06-05T09:35:00+05:30,22005.3,22017.7,21955.2,21965.4,
2024-06-05T09:36:00+05:30,21963.3,21994.1,21963.3,21980.3,
2024-06-05T09:37:00+05:30,21979,21992.2,21953.4,21959.7,
2024-06-05T09:38:00+05:30,21958,21958,21931.8,21942.2,
2024-06-05T09:39:00+05:30,21940.2,21948.9,21915.5,21921.7,
2024-06-05T09:40:00+05:30,21922.2,21948.2,21914.4,21948.2,
2024-06-05T09:41:00+05:30,21952.5,21965.7,21931.8,21963.5,
2024-06-05T09:42:00+05:30,21960.5,21976.5,21943,21967.5,
2024-06-05T09:43:00+05:30,21967.3,21977.5,21953.2,21964.2,
2024-06-05T09:44:00+05:30,21963.2,21963.2,21924.8,21932.5,
2024-06-05T09:45:00+05:30,21932.3,21960.5,21931,21943.2,
2024-06-05T09:46:00+05:30,21942,21948.1,21923.7,21927,
2024-06-05T09:47:00+05:30,21925.7,21930.5,21907.2,21908.5,
2024-06-05T09:48:00+05:30,21908.8,21925.8,21896,21897.3,
2024-06-05T09:49:00+05:30,21896.4,21914.2,21889.8,21898,
2024-06-05T09:50:00+05:30,21898.2,21911.3,21894.7,21895.2,
2024-06-05T09:51:00+05:30,21893,21895,21851.9,21851.9,
2024-06-05T09:52:00+05:30,21848.9,21856.6,21842.3,21849.5,
2024-06-05T09:53:00+05:30,21852.6,21860.3,21820.9,21849,
2024-06-05T09:54:00+05:30,21846.8,21859.8,21838,21849.8,
2024-06-05T09:55:00+05:30,21849.3,21892.9,21849.3,21885.3,
2024-06-05T09:56:00+05:30,21882.1,21885.6,21856.2,21864.8,
2024-06-05T09:57:00+05:30,21863.1,21863.1,21839.1,21844.3,
2024-06-05T09:58:00+05:30,21844.7,21862.3,21842,21849,
2024-06-05T09:59:00+05:30,21847.9,21858.9,21840.8,21858.7,
2024-06-05T10:00:00+05:30,21860.8,21904.2,21860.2,21904.2,
2024-06-05T10:01:00+05:30,21903,21917.7,21889.9,21909.5,
2024-06-05T10:02:00+05:30,21911,21955.7,21895.7,21954,
2024-06-05T10:03:00+05:30,21953.5,21970.2,21938.4,21952.6,
2024-06-05T10:04:00+05:30,21952.7,21957.9,21935.7,21947.7,
2024-06-05T10:05:00+05:30,21945.4,21950.5,21936.8,21949.8,
2024-06-05T10:06:00+05:30,21950.6,21954.3,21933.8,21940.7,
2024-06-05T10:07:00+05:30,21938.5,21974.1,21935.4,21971.2,
2024-06-05T10:08:00+05:30,21973,21990.3,21964.2,21990.3,
2024-06-05T10:09:00+05:30,21990.7,22049,21990.7,22046.3,
2024-06-05T10:10:00+05:30,22045.2,22052,22031.5,22040,
2024-06-05T10:11:00+05:30,22040.5,22047.2,22018.2,22046.3,
2024-06-05T10:12:00+05:30,22043,22064.8,22037.1,22059,
2024-06-05T10:13:00+05:30,22057.5,22060,22041.6,22055.1,
2024-06-05T10:14:00+05:30,22056.7,22077.3,22049.1,22063.3,
2024-06-05T10:15:00+05:30,22061.8,22076.6,22041.8,22042.1,
2024-06-05T10:16:00+05:30,22041,22054.5,22039.2,22047.5,
2024-06-05T10:17:00+05:30,22046.5,22047.2,22026,22030.2,
2024-06-05T10:18:00+05:30,22029.3,22038,22017.8,22029.5,
2024-06-05T10:19:00+05:30,22026.5,22026.5,22008.8,22013.3,
2024-06-05T10:20:00+05:30,22009.9,22012,21972.2,21980.8,
2024-06-05T10:21:00+05:30,21982.8,21996.8,21975.3,21976.5,
2024-06-05T10:22:00+05:30,21975.5,21993,21972,21987.2,
2024-06-05T10:23:00+05:30,21982.7,22003.6,21982.3,21983.9,
2024-06-05T10:24:00+05:30,21984.1,21988.8,21972.3,21987.2,
2024-06-05T10:25:00+05:30,21987.5,21999.7,21969.6,21977.7,
2024-06-05T10:26:00+05:30,21976.2,21992.2,21960.5,21990.5,
2024-06-05T10:27:00+05:30,21987,21993,21958,21963.5,
2024-06-05T10:28:00+05:30,21956.6,21969.8,21944,21964.8,
2024-06-05T10:29:00+05:30,21964.5,21967.3,21951.8,21961.7,
2024-06-05T10:30:00+05:30,21962,21982.1,21960.8,21968.8,
2024-06-05T10:31:00+05:30,21964.5,21985.6,21964.5,21977.2,
2024-06-05T10:32:00+05:30,21976.7,22001.8,21975.5,22001.8,
2024-06-05T10:33:00+05:30,22001,22032.5,21998.2,22023.5,
2024-06-05T10:34:00+05:30,22023,22036.3,22018.8,22029,
2024-06-05T10:35:00+05:30,22030.2,22033.5,22017.5,22033.5,
2024-06-05T10:36:00+05:30,22031.9,22042.3,22023.5,22026.3,
2024-06-05T10:37:00+05:30,22026.5,22045.3,22023.5,22045.3,
2024-06-05T10:38:00+05:30,22043.2,22048.1,22031.1,22036.7,
2024-06-05T10:39:00+05:30,22039.4,22045.4,22033.5,22043.6,
2024-06-05T10:40:00+05:30,22042.7,22042.7,22024.5,22035.2,
2024-06-05T10:41:00+05:30,22035.5,22062.3,22034.1,22061.5,
2024-06-05T10:42:00+05:30,22060.2,22065.5,22050.5,22054.2,
2024-06-05T10:43:00+05:30,22054.9,22064.2,22045.5,22063.3,
2024-06-05T10:44:00+05:30,22062,22062.5,22042.7,22052,
2024-06-05T10:45:00+05:30,22050.8,22056,22040.4,22053.6,
2024-06-05T10:46:00+05:30,22053.3,22072,22052.8,22069.5,
2024-06-05T10:47:00+05:30,22070.2,22088.5,22064,22086.5,
2024-06-05T10:48:00+05:30,22085.5,22095.8,22078.8,22095.8,
2024-06-05T10:49:00+05:30,22096.2,22124,22096.2,22118,
2024-06-05T10:50:00+05:30,22114.8,22133.7,22108.7,22130.5,
2024-06-05T10:51:00+05:30,22131,22134.3,22111.2,22133,
2024-06-05T10:52:00+05:30,22132,22143,22120.7,22120.7,
2024-06-05T10:53:00+05:30,22124.2,22138.8,22124.2,22135.9,
2024-06-05T10:54:00+05:30,22134.5,22135.8,22119.7,22130.1,
2024-06-05T10:55:00+05:30,22128.4,22130.2,22112.5,22122.2,
2024-06-05T10:56:00+05:30,22122.5,22168.5,22121.8,22167,
2024-06-05T10:57:00+05:30,22167.8,22203.7,22167.8,22203.7,
2024-06-05T10:58:00+05:30,22202.8,22224.9,22202.8,22223,
2024-06-05T10:59:00+05:30,22222.5,22230.5,22212.7,22217.5,
2024-06-05T11:00:00+05:30,22215.5,22240.8,22210.2,22235.8,
2024-06-05T11:01:00+05:30,22237.2,22245.6,22186,22186,
2024-06-05T11:02:00+05:30,22187.8,22230.1,22187.2,22229.6,
2024-06-05T11:03:00+05:30,22227.1,22251.1,22227.1,22248,
2024-06-05T11:04:00+05:30,22247.6,22262.3,22232.9,22260.5,
2024-06-05T11:05:00+05:30,22255.8,22255.8,22232,22246.2,
2024-06-05T11:06:00+05:30,22245.2,22267.2,22232,22265.7,
2024-06-05T11:07:00+05:30,22267.3,22275,22256.3,22267.8,
2024-06-05T11:08:00+05:30,22269.3,22288.5,22261.5,22288.5,
2024-06-05T11:09:00+05:30,22288.3,22292.4,22279.9,22292.4,
2024-06-05T11:10:00+05:30,22292.2,22314.2,22287.4,22314.2,
2024-06-05T11:11:00+05:30,22311.3,22346.1,22311.3,22330.2,
2024-06-05T11:12:00+05:30,22329.5,22343.3,22322,22322.2,
2024-06-05T11:13:00+05:30,22323.7,22332.5,22317.8,22332.5,
2024-06-05T11:14:00+05:30,22332.8,22355.4,22332.7,22351.7,
2024-06-05T11:15:00+05:30,22350.8,22353.5,22312.2,22312.3,
2024-06-05T11:16:00+05:30,22311.8,22329.3,22307.3,22324.8,
2024-06-05T11:17:00+05:30,22324.7,22363.5,22324.1,22349.5,
2024-06-05T11:18:00+05:30,22349.2,22354.2,22329.2,22342.5,
2024-06-05T11:19:00+05:30,22342.4,22347.2,22312,22332.3,
2024-06-05T11:20:00+05:30,22331.9,22351.5,22329.5,22331.6,
2024-06-05T11:21:00+05:30,22329.8,22344.8,22302.8,22307.8,
2024-06-05T11:22:00+05:30,22311.1,22315.2,22275,22313.8,
2024-06-05T11:23:00+05:30,22314.5,22323.2,22301.5,22321.2,
2024-06-05T11:24:00+05:30,22321.4,22335,22314.3,22315.2,
2024-06-05T11:25:00+05:30,22316.4,22357.6,22316.4,22356.3,
2024-06-05T11:26:00+05:30,22356.9,22395.6,22348.5,22395.6,
2024-06-05T11:27:00+05:30,22395.1,22407.5,22389.3,22407.5,
2024-06-05T11:28:00+05:30,22407,22411.1,22393.8,22400.8,
2024-06-05T11:29:00+05:30,22401.5,22426.3,22395.5,22426.3,
2024-06-05T11:30:00+05:30,22424.8,22428.5,22403.7,22404.3,
2024-06-05T11:31:00+05:30,22404.8,22445,22401.3,22445,
2024-06-05T11:32:00+05:30,22443,22443.5,22398.4,22399.7,
2024-06-05T11:33:00+05:30,22398.6,22407.3,22368.8,22379,
2024-06-05T11:34:00+05:30,22377.8,22405.7,22377.7,22398,
2024-06-05T11:35:00+05:30,22398,22408.8,22384.2,22399.2,
2024-06-05T11:36:00+05:30,22398.1,22401.5,22385.3,22387.7,
2024-06-05T11:37:00+05:30,22388.4,22403.5,22384.2,22385.8,
2024-06-05T11:38:00+05:30,22384.4,22392.2,22370.5,22374.2,
2024-06-05T11:39:00+05:30,22373.8,22382,22331.3,22350,
2024-06-05T11:40:00+05:30,22349.5,22382.2,22348.2,22378.9,
2024-06-05T11:41:00+05:30,22378.5,22400.3,22376.5,22394,
2024-06-05T11:42:00+05:30,22393.6,22393.6,22375.8,22376.8,
2024-06-05T11:43:00+05:30,22378.4,22388.3,22364.3,22370.7,
2024-06-05T11:44:00+05:30,22369.8,22370.6,22348.1,22357.1,
2024-06-05T11:45:00+05:30,22353.3,22353.3,22322.4,22332.8,
2024-06-05T11:46:00+05:30,22332.1,22351.6,22329.4,22340.8,
2024-06-05T11:47:00+05:30,22339.7,22340.5,22318.8,22318.8,
2024-06-05T11:48:00+05:30,22319,22333.3,22300.9,22302.2,
2024-06-05T11:49:00+05:30,22296,22307.8,22237.8,22237.8,
2024-06-05T11:50:00+05:30,22240.2,22284.5,22240.2,22278.2,
2024-06-05T11:51:00+05:30,22275.3,22292.1,22269.8,22271.5,
2024-06-05T11:52:00+05:30,22272.1,22276.4,22242.4,22251,
2024-06-05T11:53:00+05:30,22250,22270.5,22250,22255.8,
2024-06-05T11:54:00+05:30,22255,22261.2,22213.2,22221.6,
2024-06-05T11:55:00+05:30,22223.3,22255.8,22223.3,22251.5,
2024-06-05T11:56:00+05:30,22252.1,22274.3,22252.1,22263.8,
2024-06-05T11:57:00+05:30,22262.2,22298.8,22262.2,22297.5,
2024-06-05T11:58:00+05:30,22296.2,22296.2,22273.7,22281.3,
2024-06-05T11:59:00+05:30,22278.4,22280.8,22263.2,22268.3,
2024-06-05T12:00:00+05:30,22269.9,22282,22263.8,22273,
2024-06-05T12:01:00+05:30,22269,22286.3,22263.5,22285,
2024-06-05T12:02:00+05:30,22285.5,22324.5,22284.3,22319,
2024-06-05T12:03:00+05:30,22318.1,22319.7,22296.2,22301.3,
2024-06-05T12:04:00+05:30,22301.2,22318.5,22300.1,22311.5,
2024-06-05T12:05:00+05:30,22313,22317.2,22291.7,22297.2,
2024-06-05T12:06:00+05:30,22296.5,22303.4,22283,22294,
2024-06-05T12:07:00+05:30,22294.1,22314.8,22293.8,22314.8,
2024-06-05T12:08:00+05:30,22314.1,22323.5,22296,22299.8,
2024-06-05T12:09:00+05:30,22301.3,22304.8,22277.9,22285.2,
2024-06-05T12:10:00+05:30,22285.8,22300,22274.3,22278.2,
2024-06-05T12:11:00+05:30,22282,22297.5,22276.8,22297.2,
2024-06-05T12:12:00+05:30,22295.8,22297.8,22280.8,22294.8,
2024-06-05T12:13:00+05:30,22296.1,22310,22294,22299,
2024-06-05T12:14:00+05:30,22300.7,22317.1,22298.8,22311.6,
2024-06-05T12:15:00+05:30,22312,22332.5,22311.4,22331.5,
2024-06-05T12:16:00+05:30,22333.3,22349,22330.2,22345.8,
2024-06-05T12:17:00+05:30,22346.2,22371.5,22346.2,22365.7,
2024-06-05T12:18:00+05:30,22365.6,22373,22349.7,22354.7,
2024-06-05T12:19:00+05:30,22354,22354,22333.8,22347.8,
2024-06-05T12:20:00+05:30,22347.2,22350.5,22332.3,22338.3,
2024-06-05T12:21:00+05:30,22338.2,22341.4,22326.3,22336.3,
2024-06-05T12:22:00+05:30,22336.9,22337.1,22324.3,22328.2,
2024-06-05T12:23:00+05:30,22327.6,22335,22324.5,22326.2,
2024-06-05T12:24:00+05:30,22326.8,22336.5,22323.5,22332.2,
2024-06-05T12:25:00+05:30,22330.9,22345.3,22324.5,22325.6,
2024-06-05T12:26:00+05:30,22325,22336.3,22323,22336,
2024-06-05T12:27:00+05:30,22337,22339.5,22301.7,22316.8,
2024-06-05T12:28:00+05:30,22316.4,22332,22311.8,22328.4,
2024-06-05T12:29:00+05:30,22326.5,22332.5,22318.8,22330.9,
2024-06-05T12:30:00+05:30,22331.3,22339,22323.5,22338.6,
2024-06-05T12:31:00+05:30,22340.2,22351.6,22335,22343.8,
2024-06-05T12:32:00+05:30,22343.4,22352.2,22339.8,22344.3,
2024-06-05T12:33:00+05:30,22344.2,22354.5,22343.2,22351.9,
2024-06-05T12:34:00+05:30,22352.2,22355,22345.8,22346.4,
2024-06-05T12:35:00+05:30,22345.5,22347,22332.1,22341.9,
2024-06-05T12:36:00+05:30,22341.5,22360.2,22340.7,22359.5,
2024-06-05T12:37:00+05:30,22358.8,22363.5,22352.7,22361,
2024-06-05T12:38:00+05:30,22361.5,22363.2,22332.2,22336.5,
2024-06-05T12:39:00+05:30,22336.2,22347.3,22331.8,22344.1,
2024-06-05T12:40:00+05:30,22345.2,22346.3,22307,22316,
2024-06-05T12:41:00+05:30,22315.8,22320.8,22291.8,22293.3,
2024-06-05T12:42:00+05:30,22294.8,22304.5,22285.2,22290,
2024-06-05T12:43:00+05:30,22288,22309.8,22287.8,22304.6,
2024-06-05T12:44:00+05:30,22303,22307.2,22293.2,22302.3,
2024-06-05T12:45:00+05:30,22303.9,22311.5,22294.8,22310.9,
2024-06-05T12:46:00+05:30,22308.8,22310,22289.7,22292.7,
2024-06-05T12:47:00+05:30,22293,22310.2,22290.7,22293.8,
2024-06-05T12:48:00+05:30,22292.1,22292.8,22266.6,22268.6,
2024-06-05T12:49:00+05:30,22268.5,22269.9,22241.2,22249,
2024-06-05T12:50:00+05:30,22251,22280.7,22242.8,22275,
2024-06-05T12:51:00+05:30,22272.2,22302.2,22272.2,22300.8,
2024-06-05T12:52:00+05:30,22299.8,22301.8,22285.6,22294.4,
2024-06-05T12:53:00+05:30,22295,22326,22295,22325.5,
2024-06-05T12:54:00+05:30,22324.8,22332.7,22315.2,22330.2,
2024-06-05T12:55:00+05:30,22328,22350,22318.9,22348.3,
2024-06-05T12:56:00+05:30,22347.5,22366.4,22337.1,22358.7,
2024-06-05T12:57:00+05:30,22359.8,22363.5,22343.6,22361.8,
2024-06-05T12:58:00+05:30,22362.5,22365,22339.7,22347.8,
2024-06-05T12:59:00+05:30,22347.8,22359,22343.6,22359,
2024-06-05T13:00:00+05:30,22359,22359.3,22343,22356.8,
2024-06-05T13:01:00+05:30,22358.3,22362.5,22332.9,22332.9,
2024-06-05T13:02:00+05:30,22333.3,22343.8,22333.3,22338.1,
2024-06-05T13:03:00+05:30,22338.1,22357.2,22328.8,22356.2,
2024-06-05T13:04:00+05:30,22355.7,22389.8,22355.7,22380.5,
2024-06-05T13:05:00+05:30,22380,22387.4,22368.1,22371.7,
2024-06-05T13:06:00+05:30,22373.5,22391.4,22373,22391.4,
2024-06-05T13:07:00+05:30,22391,22408.6,22391,22401.4,
2024-06-05T13:08:00+05:30,22402.8,22402.8,22390.3,22396.4,
2024-06-05T13:09:00+05:30,22396.1,22399,22391.5,22394.8,
2024-06-05T13:10:00+05:30,22395.3,22420.5,22395,22419.8,
2024-06-05T13:11:00+05:30,22418.2,22419.5,22384.9,22392.7,
2024-06-05T13:12:00+05:30,22391,22391,22372,22382.8,
2024-06-05T13:13:00+05:30,22381.7,22399.5,22381.6,22390.6,
2024-06-05T13:14:00+05:30,22391,22391,22374.7,22377.7,
2024-06-05T13:15:00+05:30,22377.6,22383.3,22372.2,22378.3,
2024-06-05T13:16:00+05:30,22378.2,22380.5,22354,22380,
2024-06-05T13:17:00+05:30,22380.3,22385.9,22371.2,22374.8,
2024-06-05T13:18:00+05:30,22375.9,22381.2,22370.2,22373.5,
2024-06-05T13:19:00+05:30,22372.7,22401.8,22372.5,22399.4,
2024-06-05T13:20:00+05:30,22397.8,22417.6,22395.8,22415.2,
2024-06-05T13:21:00+05:30,22414.3,22417.2,22406.8,22417,
2024-06-05T13:22:00+05:30,22416,22420.5,22397.3,22401.5,
2024-06-05T13:23:00+05:30,22401,22404.2,22385.9,22394,
2024-06-05T13:24:00+05:30,22395.2,22397.9,22388.2,22390,
2024-06-05T13:25:00+05:30,22390.3,22406.8,22388.8,22404.5,
2024-06-05T13:26:00+05:30,22406,22407.2,22392.1,22400.3,
2024-06-05T13:27:00+05:30,22399.2,22399.2,22385.8,22387.8,
2024-06-05T13:28:00+05:30,22387.4,22393,22379.7,22380.7,
2024-06-05T13:29:00+05:30,22383.9,22399.4,22377.8,22397,
2024-06-05T13:30:00+05:30,22397.1,22408.3,22394.2,22395.7,
2024-06-05T13:31:00+05:30,22394.5,22399.2,22384,22392.4,
2024-06-05T13:32:00+05:30,22393,22396.3,22381.7,22382.8,
2024-06-05T13:33:00+05:30,22384.2,22414.2,22383.9,22413.2,
2024-06-05T13:34:00+05:30,22414.2,22423.3,22405.8,22411.6,
2024-06-05T13:35:00+05:30,22413,22422.8,22412,22422.5,
2024-06-05T13:36:00+05:30,22423,22424,22413,22416,
2024-06-05T13:37:00+05:30,22416.4,22425.2,22413,22414.1,
2024-06-05T13:38:00+05:30,22413.7,22435.4,22413.7,22429.3,
2024-06-05T13:39:00+05:30,22429.8,22439.3,22429.8,22438.2,
2024-06-05T13:40:00+05:30,22436,22436.7,22427.8,22433.8,
2024-06-05T13:41:00+05:30,22434.3,22436.7,22405.5,22405.5,
2024-06-05T13:42:00+05:30,22405.9,22430.4,22405.9,22422.8,
2024-06-05T13:43:00+05:30,22423.5,22425.2,22414.7,22424.8,
2024-06-05T13:44:00+05:30,22425.2,22432.2,22421.9,22428.3,
2024-06-05T13:45:00+05:30,22428,22434.7,22428,22429.2,
2024-06-05T13:46:00+05:30,22429.8,22438.5,22419.5,22419.5,
2024-06-05T13:47:00+05:30,22419.3,22420.4,22399.6,22406.5,
2024-06-05T13:48:00+05:30,22406.6,22430.8,22404.2,22430.4,
2024-06-05T13:49:00+05:30,22432.2,22443.9,22424.8,22433.5,
2024-06-05T13:50:00+05:30,22433,22436,22424.8,22428.3,
2024-06-05T13:51:00+05:30,22428.5,22429.3,22422.2,22424,
2024-06-05T13:52:00+05:30,22423.7,22441.7,22423.5,22439.2,
2024-06-05T13:53:00+05:30,22439.8,22453.7,22429,22451.5,
2024-06-05T13:54:00+05:30,22451.4,22458.1,22451,22453,
2024-06-05T13:55:00+05:30,22452.7,22453.5,22439.8,22439.8,
2024-06-05T13:56:00+05:30,22440.9,22456.2,22440.8,22453.5,
2024-06-05T13:57:00+05:30,22453.5,22454.5,22445.2,22453.2,
2024-06-05T13:58:00+05:30,22452.6,22480.2,22452.6,22480.2,
2024-06-05T13:59:00+05:30,22479.9,22499.7,22479.9,22485.8,
2024-06-05T14:00:00+05:30,22487.3,22489.2,22479.1,22487.7,
2024-06-05T14:01:00+05:30,22486.8,22512.8,22486.2,22512.8,
2024-06-05T14:02:00+05:30,22512.3,22522.8,22505.8,22522.8,
2024-06-05T14:03:00+05:30,22522,22523.3,22506.3,22508.6,
2024-06-05T14:04:00+05:30,22509.4,22529.4,22506.8,22521.6,
2024-06-05T14:05:00+05:30,22521.9,22530.5,22515.2,22525.8,
2024-06-05T14:06:00+05:30,22525.8,22530.7,22519.8,22524.9,
2024-06-05T14:07:00+05:30,22524.7,22529.9,22516.9,22523.2,
2024-06-05T14:08:00+05:30,22523.5,22536.1,22520.8,22531,
2024-06-05T14:09:00+05:30,22532,22547.8,22526.5,22542.2,
2024-06-05T14:10:00+05:30,22543.2,22557.1,22542.3,22555.1,
2024-06-05T14:11:00+05:30,22552.8,22560.7,22543.5,22545,
2024-06-05T14:12:00+05:30,22544.8,22544.8,22471,22518.7,
2024-06-05T14:13:00+05:30,22516.2,22516.2,22490.3,22502.5,
2024-06-05T14:14:00+05:30,22501.7,22502.3,22462.1,22475.2,
2024-06-05T14:15:00+05:30,22476.2,22483.9,22470.8,22482.6,
2024-06-05T14:16:00+05:30,22482.6,22482.6,22430.4,22433.4,
2024-06-05T14:17:00+05:30,22434.3,22473,22430,22472.2,
2024-06-05T14:18:00+05:30,22472.5,22487.7,22470,22483,
2024-06-05T14:19:00+05:30,22481.7,22487.6,22463.4,22463.4,
2024-06-05T14:20:00+05:30,22464.5,22477.5,22450,22476.7,
2024-06-05T14:21:00+05:30,22475.8,22498.1,22468.8,22497.9,
2024-06-05T14:22:00+05:30,22497.8,22502.9,22479.7,22482.5,
2024-06-05T14:23:00+05:30,22482.3,22502.2,22482.3,22498.2,
2024-06-05T14:24:00+05:30,22497.7,22521.2,22497.2,22512.6,
2024-06-05T14:25:00+05:30,22513.2,22526.3,22505.8,22523.4,
2024-06-05T14:26:00+05:30,22524,22538.8,22520.3,22536.5,
2024-06-05T14:27:00+05:30,22537.2,22537.5,22524.5,22534.3,
2024-06-05T14:28:00+05:30,22533.5,22543,22531,22538.3,
2024-06-05T14:29:00+05:30,22538.7,22543.8,22530.7,22538,
2024-06-05T14:30:00+05:30,22537.4,22548.5,22536.3,22539.5,
2024-06-05T14:31:00+05:30,22539.5,22542.6,22512.6,22520.2,
2024-06-05T14:32:00+05:30,22520.2,22542.4,22520.2,22540.5,
2024-06-05T14:33:00+05:30,22537.3,22546.1,22534.3,22546.1,
2024-06-05T14:34:00+05:30,22545,22550.8,22528.9,22543.3,
2024-06-05T14:35:00+05:30,22543.1,22554.8,22536.8,22552.3,
2024-06-05T14:36:00+05:30,22552,22555.4,22533.9,22542.3,
2024-06-05T14:37:00+05:30,22544.8,22558,22541.2,22553.2,
2024-06-05T14:38:00+05:30,22553.6,22569.7,22548.4,22565.6,
2024-06-05T14:39:00+05:30,22565.3,22585.2,22565.3,22582.8,
2024-06-05T14:40:00+05:30,22583.6,22590.6,22569.9,22585.2,
2024-06-05T14:41:00+05:30,22586.8,22589.5,22571.1,22578.7,
2024-06-05T14:42:00+05:30,22577.8,22586.4,22573.7,22584.5,
2024-06-05T14:43:00+05:30,22584.5,22603.8,22581.6,22601.8,
2024-06-05T14:44:00+05:30,22602.2,22602.7,22567.8,22577.1,
2024-06-05T14:45:00+05:30,22578.2,22596.2,22577.3,22584.3,
2024-06-05T14:46:00+05:30,22585.1,22603,22585,22601.2,
2024-06-05T14:47:00+05:30,22601.1,22624.1,22598.9,22619.5,
2024-06-05T14:48:00+05:30,22619.5,22632.4,22610.2,22629.9,
2024-06-05T14:49:00+05:30,22629.1,22632.5,22614.4,22626,
2024-06-05T14:50:00+05:30,22625.5,22637.8,22625.4,22635.3,
2024-06-05T14:51:00+05:30,22635.3,22638.3,22601.8,22623.7,
2024-06-05T14:52:00+05:30,22621.3,22626,22600,22602.7,
2024-06-05T14:53:00+05:30,22603.2,22615.5,22565.5,22565.5,
2024-06-05T14:54:00+05:30,22567,22614,22566.5,22606.8,
2024-06-05T14:55:00+05:30,22608.8,22613.1,22589.2,22594.5,
2024-06-05T14:56:00+05:30,22594.2,22603.5,22576.9,22585,
2024-06-05T14:57:00+05:30,22585,22607.8,22578.8,22583.3,
2024-06-05T14:58:00+05:30,22583.3,22601.3,22582.3,22587.4,
2024-06-05T14:59:00+05:30,22587.3,22615.8,22586.5,22615,
2024-06-05T15:00:00+05:30,22616.5,22649,22616.2,22641.2,
2024-06-05T15:01:00+05:30,22643.1,22660.2,22643.1,22654.6,
2024-06-05T15:02:00+05:30,22656.2,22656.2,22623.3,22630.8,
2024-06-05T15:03:00+05:30,22631.7,22633.6,22610.8,22629,
2024-06-05T15:04:00+05:30,22628.7,22639.1,22626.1,22633.6,
2024-06-05T15:05:00+05:30,22633.4,22633.8,22618.9,22620.3,
2024-06-05T15:06:00+05:30,22621.7,22634.7,22620.7,22633.1,
2024-06-05T15:07:00+05:30,22634.6,22653.5,22631.5,22652.5,
2024-06-05T15:08:00+05:30,22654.2,22655.3,22647.2,22648.2,
2024-06-05T15:09:00+05:30,22651.2,22661,22647.7,22657.8,
2024-06-05T15:10:00+05:30,22658.8,22670.4,22651.5,22652.8,
2024-06-05T15:11:00+05:30,22653,22658.2,22643,22653.8,
2024-06-05T15:12:00+05:30,22655.3,22655.3,22635,22635.8,
2024-06-05T15:13:00+05:30,22637.5,22646,22635.8,22640.3,
2024-06-05T15:14:00+05:30,22641.7,22644.2,22630.2,22635.8,
2024-06-05T15:15:00+05:30,22635.7,22639.5,22629.2,22636.8,
2024-06-05T15:16:00+05:30,22638.5,22638.5,22595.2,22595.2,
2024-06-05T15:17:00+05:30,22596.4,22613.7,22595.2,22613.7,
2024-06-05T15:18:00+05:30,22613.5,22633.8,22613.5,22630.5,
2024-06-05T15:19:00+05:30,22629.7,22630.8,22616,22623.7,
2024-06-05T15:20:00+05:30,22622.8,22622.8,22589.1,22589.1,
2024-06-05T15:21:00+05:30,22591,22592,22574.7,22586.8,
2024-06-05T15:22:00+05:30,22587.3,22587.7,22575.9,22577.8,
2024-06-05T15:23:00+05:30,22579.2,22594,22578.5,22588.8,
2024-06-05T15:24:00+05:30,22587.8,22588.8,22575.2,22580.3,
2024-06-05T15:25:00+05:30,22581.3,22582.8,22575.5,22579.1,
2024-06-05T15:26:00+05:30,22579.5,22579.5,22563.1,22567,
2024-06-05T15:27:00+05:30,22567.2,22570.9,22557.9,22569,
2024-06-05T15:28:00+05:30,22570.7,22572,22557.5,22561,
2024-06-05T15:29:00+05:30,22559.5,22573,22554.7,22573,
2024-06-06T09:15:00+05:30,22798.6,22799.5,22670.8,22697,
2024-06-06T09:16:00+05:30,22700.2,22747.8,22700.2,22741,
2024-06-06T09:17:00+05:30,22737.8,22741.8,22723.1,22732.9,
2024-06-06T09:18:00+05:30,22731,22745.4,22715.5,22740.2,
2024-06-06T09:19:00+05:30,22742,22746.8,22712.7,22719.7,
2024-06-06T09:20:00+05:30,22716.3,22716.3,22661.2,22661.2,
2024-06-06T09:21:00+05:30,22656.6,22705.1,22642.6,22691.2,
2024-06-06T09:22:00+05:30,22696.2,22739.5,22695,22738.3,
2024-06-06T09:23:00+05:30,22737.7,22739,22704.2,22717,
2024-06-06T09:24:00+05:30,22717,22720.7,22685.4,22704.9,
2024-06-06T09:25:00+05:30,22703.8,22706.1,22685,22692,
2024-06-06T09:26:00+05:30,22695,22696.6,22670.7,22673,
2024-06-06T09:27:00+05:30,22669.2,22689.2,22659.8,22666,
2024-06-06T09:28:00+05:30,22663.3,22716.7,22663.3,22712.1,
2024-06-06T09:29:00+05:30,22713.3,22724.7,22698.7,22717,
2024-06-06T09:30:00+05:30,22714.7,22730.5,22700.7,22705.8,
2024-06-06T09:31:00+05:30,22704.8,22746,22701,22743.2,
2024-06-06T09:32:00+05:30,22745.8,22751.8,22738.8,22747.8,
2024-06-06T09:33:00+05:30,22746.5,22752.2,22735.7,22749.3,
2024-06-06T09:34:00+05:30,22748.8,22771.8,22747.9,22769.6,
2024-06-06T09:35:00+05:30,22770.2,22774.6,22755.8,22766.5,
2024-06-06T09:36:00+05:30,22766.7,22776.8,22759.3,22769.7,
2024-06-06T09:37:00+05:30,22770.3,22772.4,22758.5,22772,
2024-06-06T09:38:00+05:30,22769,22770.9,22744.8,22755.4,
2024-06-06T09:39:00+05:30,22755.5,22764.6,22737.2,22747.2,
2024-06-06T09:40:00+05:30,22749.8,22764.6,22734.3,22762,
2024-06-06T09:41:00+05:30,22762.4,22775.5,22737.2,22737.2,
2024-06-06T09:42:00+05:30,22736.8,22746.5,22721.5,22732.8,
2024-06-06T09:43:00+05:30,22732.7,22746.7,22730.6,22733.8,
2024-06-06T09:44:00+05:30,22735,22747.7,22723.2,22732.8,
2024-06-06T09:45:00+05:30,22731.5,22738.2,22718.5,22736.8,
2024-06-06T09:46:00+05:30,22735.7,22762,22732.5,22758.3,
2024-06-06T09:47:00+05:30,22755.2,22756.5,22734.8,22734.8,
2024-06-06T09:48:00+05:30,22730.6,22730.6,22699.5,22699.5,
2024-06-06T09:49:00+05:30,22696.3,22708.2,22680,22696.3,
2024-06-06T09:50:00+05:30,22695.7,22726.3,22695.7,22717.9,
2024-06-06T09:51:00+05:30,22719.3,22744.2,22719.3,22742.7,
2024-06-06T09:52:00+05:30,22741.5,22756.7,22740.4,22750,
2024-06-06T09:53:00+05:30,22749.8,22765.2,22745,22761.5,
2024-06-06T09:54:00+05:30,22761.8,22763.5,22729,22735.2,
2024-06-06T09:55:00+05:30,22736.7,22757.8,22733.8,22757.8,
2024-06-06T09:56:00+05:30,22757.9,22769.7,22751.3,22763.5,
2024-06-06T09:57:00+05:30,22761.5,22762.3,22746,22754.7,
2024-06-06T09:58:00+05:30,22753,22755.5,22730.7,22744.7,
2024-06-06T09:59:00+05:30,22745.5,22763.2,22743.3,22750.2,
2024-06-06T10:00:00+05:30,22748.2,22758.2,22736.8,22758.2,
2024-06-06T10:01:00+05:30,22759.7,22762.5,22750.6,22754.2,
2024-06-06T10:02:00+05:30,22755.4,22770.5,22750.2,22759.5,
2024-06-06T10:03:00+05:30,22760.7,22775.8,22750.3,22770.9,
2024-06-06T10:04:00+05:30,22772.8,22791.2,22770.1,22784.8,
2024-06-06T10:05:00+05:30,22788.4,22790.5,22775.8,22784.5,
2024-06-06T10:06:00+05:30,22785.8,22788.7,22774.4,22775.9,
2024-06-06T10:07:00+05:30,22775.5,22788.8,22775.5,22784.1,
2024-06-06T10:08:00+05:30,22784.8,22792.1,22780.8,22784.7,
2024-06-06T10:09:00+05:30,22787.2,22797.3,22777.8,22782.2,
2024-06-06T10:10:00+05:30,22783,22788.7,22768.5,22788.7,
2024-06-06T10:11:00+05:30,22788.8,22789.8,22774.9,22778.3,
2024-06-06T10:12:00+05:30,22776.7,22782.7,22768.2,22778.9,
2024-06-06T10:13:00+05:30,22778.3,22779.4,22762.3,22769.4,
2024-06-06T10:14:00+05:30,22769.8,22790.9,22769.8,22786.8,
2024-06-06T10:15:00+05:30,22787.9,22819.2,22785.2,22819.2,
2024-06-06T10:16:00+05:30,22820.3,22822.8,22812.1,22820,
2024-06-06T10:17:00+05:30,22819.9,22824,22811.5,22821,
2024-06-06T10:18:00+05:30,22820.1,22837.1,22815.8,22832.1,
2024-06-06T10:19:00+05:30,22831.8,22838.9,22827,22834.1,
2024-06-06T10:20:00+05:30,22835.2,22839,22828.5,22839,
2024-06-06T10:21:00+05:30,22838.2,22855.2,22838,22848,
2024-06-06T10:22:00+05:30,22847.6,22856.5,22842.5,22849.5,
2024-06-06T10:23:00+05:30,22850.9,22859.2,22847.5,22856.7,
2024-06-06T10:24:00+05:30,22857.2,22863.2,22849,22849,
2024-06-06T10:25:00+05:30,22848.8,22860.2,22836.8,22837.5,
2024-06-06T10:26:00+05:30,22838.2,22844.2,22821.3,22827.5,
2024-06-06T10:27:00+05:30,22829.1,22846.8,22829.1,22844.1,
2024-06-06T10:28:00+05:30,22844.2,22846.7,22835,22843.8,
2024-06-06T10:29:00+05:30,22845.5,22855.1,22844.3,22851.5,
2024-06-06T10:30:00+05:30,22850.1,22853.6,22836.3,22844.2,
2024-06-06T10:31:00+05:30,22842.8,22845,22828.3,22843.8,
2024-06-06T10:32:00+05:30,22844.6,22852.2,22840.8,22851,
2024-06-06T10:33:00+05:30,22846.8,22848.6,22839.8,22847.6,
2024-06-06T10:34:00+05:30,22845.2,22848.2,22839.2,22842.7,
2024-06-06T10:35:00+05:30,22844,22845.5,22836.6,22843.4,
2024-06-06T10:36:00+05:30,22844.2,22874.8,22843.5,22874.8,
2024-06-06T10:37:00+05:30,22872.3,22880.1,22864.8,22876.5,
2024-06-06T10:38:00+05:30,22875.3,22879.2,22863.3,22867.2,
2024-06-06T10:39:00+05:30,22866.2,22873.2,22864.7,22869.1,
2024-06-06T10:40:00+05:30,22871.2,22877,22864.4,22870.2,
2024-06-06T10:41:00+05:30,22871,22871,22857.7,22863.5,
2024-06-06T10:42:00+05:30,22863.7,22864.3,22845.8,22854.7,
2024-06-06T10:43:00+05:30,22855.6,22865.6,22852.1,22863.1,
2024-06-06T10:44:00+05:30,22862.5,22863.5,22851,22862.8,
2024-06-06T10:45:00+05:30,22864.5,22868,22859,22863.6,
2024-06-06T10:46:00+05:30,22864.3,22870.7,22858.5,22858.8,
2024-06-06T10:47:00+05:30,22860.2,22864.2,22853.8,22864.2,
2024-06-06T10:48:00+05:30,22865,22882.1,22863.7,22874,
2024-06-06T10:49:00+05:30,22874.8,22880.5,22870.8,22877.7,
2024-06-06T10:50:00+05:30,22877.8,22880.5,22872.9,22875,
2024-06-06T10:51:00+05:30,22876.9,22877.5,22866.6,22872.7,
2024-06-06T10:52:00+05:30,22871.5,22881.8,22871,22881.4,
2024-06-06T10:53:00+05:30,22881.6,22881.7,22860.2,22860.8,
2024-06-06T10:54:00+05:30,22858.8,22866.3,22853.4,22857.3,
2024-06-06T10:55:00+05:30,22855.8,22865.2,22841.8,22848.8,
2024-06-06T10:56:00+05:30,22848.6,22857.5,22846.8,22855.2,
2024-06-06T10:57:00+05:30,22855.4,22866.8,22855.2,22862.8,
2024-06-06T10:58:00+05:30,22862.6,22871.9,22860.7,22870.8,
2024-06-06T10:59:00+05:30,22871.8,22885.5,22871.7,22885.5,
2024-06-06T11:00:00+05:30,22884.5,22891.2,22882.7,22882.9,
2024-06-06T11:01:00+05:30,22885.3,22896.8,22877.5,22896.8,
2024-06-06T11:02:00+05:30,22897.5,22907,22896.5,22907,
2024-06-06T11:03:00+05:30,22905,22906.7,22900.7,22903.8,
2024-06-06T11:04:00+05:30,22904.5,22906,22896.1,22897.2,
2024-06-06T11:05:00+05:30,22897.1,22900.8,22894.3,22899.2,
2024-06-06T11:06:00+05:30,22899.8,22905.9,22897.3,22898.5,
2024-06-06T11:07:00+05:30,22897.5,22901,22893.8,22899.2,
2024-06-06T11:08:00+05:30,22898.7,22899,22888.5,22893.8,
2024-06-06T11:09:00+05:30,22894,22909.7,22892.2,22909.1,
2024-06-06T11:10:00+05:30,22909.8,22910.2,22900.3,22905.8,
2024-06-06T11:11:00+05:30,22905.8,22908,22897.2,22908,
2024-06-06T11:12:00+05:30,22907.4,22908.7,22894.1,22900.8,
2024-06-06T11:13:00+05:30,22898.8,22902,22883.2,22886.5,
2024-06-06T11:14:00+05:30,22886.5,22901.1,22886.5,22896.8,
2024-06-06T11:15:00+05:30,22897.2,22898.8,22874.9,22886.5,
2024-06-06T11:16:00+05:30,22886.3,22891.5,22874.6,22875,
2024-06-06T11:17:00+05:30,22875.4,22897,22874.9,22896.1,
2024-06-06T11:18:00+05:30,22897.2,22904.8,22893.6,22896.5,
2024-06-06T11:19:00+05:30,22897.9,22900.5,22891.4,22899,
2024-06-06T11:20:00+05:30,22898.5,22900.5,22888,22888.5,
2024-06-06T11:21:00+05:30,22888.7,22892.5,22878,22878.2,
2024-06-06T11:22:00+05:30,22879,22884,22868.3,22883.7,
2024-06-06T11:23:00+05:30,22881.9,22898.4,22881.5,22895.3,
2024-06-06T11:24:00+05:30,22897,22897,22889.1,22891.8,
2024-06-06T11:25:00+05:30,22891.3,22894.3,22885.5,22894.3,
2024-06-06T11:26:00+05:30,22894.7,22894.7,22879.3,22887.2,
2024-06-06T11:27:00+05:30,22887.7,22887.7,22873.2,22883,
2024-06-06T11:28:00+05:30,22883.3,22890.8,22869,22874.8,
2024-06-06T11:29:00+05:30,22874.8,22881.4,22872,22880.2,
2024-06-06T11:30:00+05:30,22880.5,22884,22855.3,22868.1,
2024-06-06T11:31:00+05:30,22868.2,22877.1,22868.2,22875.7,
2024-06-06T11:32:00+05:30,22875.2,22875.2,22863,22871.2,
2024-06-06T11:33:00+05:30,22872.5,22872.5,22855.2,22857.3,
2024-06-06T11:34:00+05:30,22855.7,22856.2,22820.2,22829.6,
2024-06-06T11:35:00+05:30,22830.2,22849.2,22821.3,22844.4,
2024-06-06T11:36:00+05:30,22842.4,22843,22811.3,22813.5,
2024-06-06T11:37:00+05:30,22811.8,22817.8,22787.8,22794.4,
2024-06-06T11:38:00+05:30,22793.3,22823,22792.5,22808.3,
2024-06-06T11:39:00+05:30,22808.5,22813.8,22796.9,22802.2,
2024-06-06T11:40:00+05:30,22802.2,22819.8,22788.8,22795.4,
2024-06-06T11:41:00+05:30,22796.7,22821.2,22796.3,22811.3,
2024-06-06T11:42:00+05:30,22811.2,22813.2,22780.2,22784.4,
2024-06-06T11:43:00+05:30,22787,22813.3,22787,22813.3,
2024-06-06T11:44:00+05:30,22813.7,22815.5,22795.5,22796.5,
2024-06-06T11:45:00+05:30,22796.3,22811.3,22780.8,22781.2,
2024-06-06T11:46:00+05:30,22780.2,22791.7,22745,22752.8,
2024-06-06T11:47:00+05:30,22749.9,22752.5,22705.9,22727.9,
2024-06-06T11:48:00+05:30,22725.7,22727,22706,22706,
2024-06-06T11:49:00+05:30,22707,22711.5,22678.5,22688.5,
2024-06-06T11:50:00+05:30,22688.3,22732.8,22675.8,22724.2,
2024-06-06T11:51:00+05:30,22726,22733.7,22713.8,22732.5,
2024-06-06T11:52:00+05:30,22732.3,22789.3,22732.3,22775.7,
2024-06-06T11:53:00+05:30,22776.5,22792.8,22763.9,22782.7,
2024-06-06T11:54:00+05:30,22782.9,22791.3,22762.8,22782.3,
2024-06-06T11:55:00+05:30,22783.2,22806.5,22774.8,22806.5,
2024-06-06T11:56:00+05:30,22806.6,22831.8,22806.6,22829.2,
2024-06-06T11:57:00+05:30,22828.2,22829.8,22812,22817.2,
2024-06-06T11:58:00+05:30,22815.7,22830.3,22806.4,22819.7,
2024-06-06T11:59:00+05:30,22820.2,22827.2,22777.8,22777.8,
2024-06-06T12:00:00+05:30,22777.5,22786,22754,22768.8,
2024-06-06T12:01:00+05:30,22767.2,22767.2,22736.2,22750,
2024-06-06T12:02:00+05:30,22751.2,22758.5,22724.6,22729.8,
2024-06-06T12:03:00+05:30,22732.4,22747.5,22721.5,22745.3,
2024-06-06T12:04:00+05:30,22747.6,22752.5,22733.3,22741.8,
2024-06-06T12:05:00+05:30,22741,22752.2,22723.3,22752.2,
2024-06-06T12:06:00+05:30,22751.2,22770,22734.5,22750,
2024-06-06T12:07:00+05:30,22750.5,22753,22737.5,22747.4,
2024-06-06T12:08:00+05:30,22746.7,22764.8,22746.2,22757.8,
2024-06-06T12:09:00+05:30,22756.8,22771.8,22740.6,22744.1,
2024-06-06T12:10:00+05:30,22746.8,22756.6,22740.2,22755.8,
2024-06-06T12:11:00+05:30,22756.2,22764.3,22736.9,22745.2,
2024-06-06T12:12:00+05:30,22744.4,22750,22724.7,22736.8,
2024-06-06T12:13:00+05:30,22735,22742,22721.5,22725.5,
2024-06-06T12:14:00+05:30,22726.2,22734.2,22710.3,22720.8,
2024-06-06T12:15:00+05:30,22720.7,22730.8,22707.9,22721,
2024-06-06T12:16:00+05:30,22719.8,22745.7,22719.2,22745.2,
2024-06-06T12:17:00+05:30,22745.8,22746.1,22724.6,22729,
2024-06-06T12:18:00+05:30,22729.9,22735,22726,22726.2,
2024-06-06T12:19:00+05:30,22726.2,22746.2,22725.2,22744.5,
2024-06-06T12:20:00+05:30,22744.7,22767.2,22734,22766.6,
2024-06-06T12:21:00+05:30,22765.8,22781.7,22765,22777.1,
2024-06-06T12:22:00+05:30,22777.4,22778,22751.7,22758,
2024-06-06T12:23:00+05:30,22759.8,22786.3,22759.8,22781,
2024-06-06T12:24:00+05:30,22776.3,22777.5,22756.3,22756.7,
2024-06-06T12:25:00+05:30,22757.2,22772.7,22749.8,22770,
2024-06-06T12:26:00+05:30,22770.2,22780.2,22766.8,22769,
2024-06-06T12:27:00+05:30,22766.9,22771.8,22749.3,22764.8,
2024-06-06T12:28:00+05:30,22764.8,22773.4,22756.5,22759.3,
2024-06-06T12:29:00+05:30,22759.5,22771.3,22758.7,22767.5,
2024-06-06T12:30:00+05:30,22767,22767.8,22754,22766.9,
2024-06-06T12:31:00+05:30,22766.9,22782.2,22766.3,22775.9,
2024-06-06T12:32:00+05:30,22775.8,22794,22773.2,22793.4,
2024-06-06T12:33:00+05:30,22793.7,22798,22784.5,22796.5,
2024-06-06T12:34:00+05:30,22796.4,22805.5,22792,22792,
2024-06-06T12:35:00+05:30,22790.5,22794.1,22785.3,22792.8,
2024-06-06T12:36:00+05:30,22792.8,22794.4,22774.2,22776.3,
2024-06-06T12:37:00+05:30,22776.6,22785,22766.3,22768.2,
2024-06-06T12:38:00+05:30,22768.5,22768.6,22740.6,22752.9,
2024-06-06T12:39:00+05:30,22752.2,22754.2,22720.5,22731.2,
2024-06-06T12:40:00+05:30,22733.3,22742.1,22715.8,22738.8,
2024-06-06T12:41:00+05:30,22739,22747.7,22727.2,22740.8,
2024-06-06T12:42:00+05:30,22740.7,22743.2,22720.5,22720.5,
2024-06-06T12:43:00+05:30,22720.5,22742.5,22720.5,22732.4,
2024-06-06T12:44:00+05:30,22732.5,22739,22718.5,22719.8,
2024-06-06T12:45:00+05:30,22719.7,22728.2,22700.2,22720.5,
2024-06-06T12:46:00+05:30,22721.3,22740.2,22718.9,22739.6,
2024-06-06T12:47:00+05:30,22738.8,22739.8,22724.3,22735,
2024-06-06T12:48:00+05:30,22736,22754.7,22734.4,22746.2,
2024-06-06T12:49:00+05:30,22746.4,22767.7,22735.3,22767.5,
2024-06-06T12:50:00+05:30,22764.8,22773,22754.8,22771.9,
2024-06-06T12:51:00+05:30,22766.2,22769,22755.5,22760.7,
2024-06-06T12:52:00+05:30,22759.2,22774.6,22750.7,22772,
2024-06-06T12:53:00+05:30,22771.8,22774,22751.8,22753.7,
2024-06-06T12:54:00+05:30,22755.2,22762.9,22742.5,22742.7,
2024-06-06T12:55:00+05:30,22744.7,22751.2,22731.8,22740.6,
2024-06-06T12:56:00+05:30,22742.4,22747.9,22727.8,22738.3,
2024-06-06T12:57:00+05:30,22741.6,22752.9,22732.1,22752.9,
2024-06-06T12:58:00+05:30,22753.7,22760.8,22744,22753,
2024-06-06T12:59:00+05:30,22752,22756.5,22739.8,22744.5,
2024-06-06T13:00:00+05:30,22744.5,22750.2,22724.5,22737.3,
2024-06-06T13:01:00+05:30,22732.5,22749.8,22728.9,22732.2,
2024-06-06T13:02:00+05:30,22732.3,22733.5,22696.2,22696.3,
2024-06-06T13:03:00+05:30,22697.2,22712.2,22682.3,22682.5,
2024-06-06T13:04:00+05:30,22683.5,22698.6,22673,22689.5,
2024-06-06T13:05:00+05:30,22687.9,22701.3,22674.4,22699.5,
2024-06-06T13:06:00+05:30,22698.9,22714.1,22683.3,22684.7,
2024-06-06T13:07:00+05:30,22683.2,22688.8,22662.7,22688.2,
2024-06-06T13:08:00+05:30,22687.4,22691,22665,22672.8,
2024-06-06T13:09:00+05:30,22672.4,22677.2,22650.9,22656.2,
2024-06-06T13:10:00+05:30,22659.1,22672.8,22645.2,22664.8,
2024-06-06T13:11:00+05:30,22665.7,22690.2,22658.8,22683.8,
2024-06-06T13:12:00+05:30,22686.2,22687,22663.5,22677.9,
2024-06-06T13:13:00+05:30,22678,22690.2,22667.7,22688,
2024-06-06T13:14:00+05:30,22688,22702,22680.8,22699.3,
2024-06-06T13:15:00+05:30,22699.9,22730.8,22695,22729.7,
2024-06-06T13:16:00+05:30,22729.8,22742.4,22726.9,22734,
2024-06-06T13:17:00+05:30,22733.5,22750.3,22725,22749.2,
2024-06-06T13:18:00+05:30,22749.5,22752.7,22724,22729,
2024-06-06T13:19:00+05:30,22729.2,22732.2,22712.8,22712.8,
2024-06-06T13:20:00+05:30,22713.2,22729.1,22711,22720.6,
2024-06-06T13:21:00+05:30,22723,22738.2,22718.3,22735.8,
2024-06-06T13:22:00+05:30,22735.8,22735.8,22708.5,22721.5,
2024-06-06T13:23:00+05:30,22721.2,22737.8,22718.2,22730.2,
2024-06-06T13:24:00+05:30,22731,22733.3,22714.2,22717.2,
2024-06-06T13:25:00+05:30,22717.5,22725.5,22708,22713,
2024-06-06T13:26:00+05:30,22713.7,22747.5,22712.9,22746.2,
2024-06-06T13:27:00+05:30,22741.3,22750.9,22737.1,22746.9,
2024-06-06T13:28:00+05:30,22746.8,22764.7,22746.3,22762.7,
2024-06-06T13:29:00+05:30,22763.4,22767.7,22752.2,22763.5,
2024-06-06T13:30:00+05:30,22763.7,22781.7,22757.5,22781.2,
2024-06-06T13:31:00+05:30,22781.8,22782.7,22759.3,22762.7,
2024-06-06T13:32:00+05:30,22763.6,22771.8,22754.8,22763.5,
2024-06-06T13:33:00+05:30,22763.2,22775,22750,22774.3,
2024-06-06T13:34:00+05:30,22773.4,22775.6,22755,22759.3,
2024-06-06T13:35:00+05:30,22756.8,22764,22743.9,22763.4,
2024-06-06T13:36:00+05:30,22763.5,22794,22763,22791.4,
2024-06-06T13:37:00+05:30,22791.6,22791.6,22779.7,22783.2,
2024-06-06T13:38:00+05:30,22782.5,22807.3,22779.4,22801.2,
2024-06-06T13:39:00+05:30,22801.7,22811.7,22797.8,22811,
2024-06-06T13:40:00+05:30,22811.6,22820.6,22811,22816,
2024-06-06T13:41:00+05:30,22815.9,22841.2,22814.6,22841.2,
2024-06-06T13:42:00+05:30,22840.8,22847.2,22831.2,22842.7,
2024-06-06T13:43:00+05:30,22841.5,22844.4,22819.5,22844.1,
2024-06-06T13:44:00+05:30,22842.8,22846.2,22832.7,22841.8,
2024-06-06T13:45:00+05:30,22843.2,22848.3,22828.8,22837.7,
2024-06-06T13:46:00+05:30,22837.1,22841.8,22822.5,22833,
2024-06-06T13:47:00+05:30,22832.2,22832.2,22798.1,22816.1,
2024-06-06T13:48:00+05:30,22817.3,22817.3,22752.2,22763.1,
2024-06-06T13:49:00+05:30,22761.5,22770.2,22741.1,22765.2,
2024-06-06T13:50:00+05:30,22761.5,22777.2,22749.8,22773,
2024-06-06T13:51:00+05:30,22772.8,22776.9,22742.2,22742.2,
2024-06-06T13:52:00+05:30,22738.5,22753.3,22725,22736.7,
2024-06-06T13:53:00+05:30,22739,22757.2,22738.7,22753.5,
2024-06-06T13:54:00+05:30,22754,22761,22741.5,22751.2,
2024-06-06T13:55:00+05:30,22751.5,22773.8,22750.7,22755.3,
2024-06-06T13:56:00+05:30,22754.2,22767.1,22743.1,22747.2,
2024-06-06T13:57:00+05:30,22748.3,22759.2,22738.5,22757.8,
2024-06-06T13:58:00+05:30,22755.8,22774.8,22749.3,22773.3,
2024-06-06T13:59:00+05:30,22774.5,22789.2,22765.8,22781.3,
2024-06-06T14:00:00+05:30,22779.1,22794.7,22770.1,22793,
2024-06-06T14:01:00+05:30,22791,22797.8,22778.7,22786.7,
2024-06-06T14:02:00+05:30,22786,22804.3,22784.1,22786.3,
2024-06-06T14:03:00+05:30,22785.1,22789.2,22773.3,22777.8,
2024-06-06T14:04:00+05:30,22775.7,22779,22753.3,22755.2,
2024-06-06T14:05:00+05:30,22755.9,22766.8,22750.1,22760.5,
2024-06-06T14:06:00+05:30,22761.5,22761.5,22737.9,22738.5,
2024-06-06T14:07:00+05:30,22740.5,22760.5,22737.9,22756.7,
2024-06-06T14:08:00+05:30,22755.8,22776.4,22755.8,22766.8,
2024-06-06T14:09:00+05:30,22766.4,22772.5,22756.2,22770.2,
2024-06-06T14:10:00+05:30,22770.4,22785,22767,22778.7,
2024-06-06T14:11:00+05:30,22778.5,22781.5,22764.2,22764.2,
2024-06-06T14:12:00+05:30,22765.7,22773.3,22758.2,22773.3,
2024-06-06T14:13:00+05:30,22773.2,22781.2,22770.6,22780.1,
2024-06-06T14:14:00+05:30,22779.7,22794.3,22779.7,22781.4,
2024-06-06T14:15:00+05:30,22781,22788.5,22775.7,22787.7,
2024-06-06T14:16:00+05:30,22788.1,22797,22787.7,22789.4,
2024-06-06T14:17:00+05:30,22789,22789,22769.2,22770,
2024-06-06T14:18:00+05:30,22768.2,22775.7,22759.8,22768.8,
2024-06-06T14:19:00+05:30,22767.5,22768.5,22737.3,22746,
2024-06-06T14:20:00+05:30,22745.3,22751.7,22731.2,22731.6,
2024-06-06T14:21:00+05:30,22730,22734,22723,22733.5,
2024-06-06T14:22:00+05:30,22731.5,22756.2,22731.1,22743.2,
2024-06-06T14:23:00+05:30,22741.6,22763.3,22741.6,22762.5,
2024-06-06T14:24:00+05:30,22762.2,22764.4,22739.7,22744.2,
2024-06-06T14:25:00+05:30,22744.7,22746.8,22739.8,22741.5,
2024-06-06T14:26:00+05:30,22742.6,22745.5,22727.1,22731.3,
2024-06-06T14:27:00+05:30,22730.1,22740.6,22723.4,22737,
2024-06-06T14:28:00+05:30,22737.2,22751.5,22730.8,22730.8,
2024-06-06T14:29:00+05:30,22730,22731.2,22719.4,22724,
2024-06-06T14:30:00+05:30,22724.8,22727,22714.8,22716.3,
2024-06-06T14:31:00+05:30,22715.5,22715.8,22694,22695.7,
2024-06-06T14:32:00+05:30,22697.9,22709.4,22696.5,22704.6,
2024-06-06T14:33:00+05:30,22704.2,22727.1,22692.8,22727.1,
2024-06-06T14:34:00+05:30,22726.2,22734.5,22714.7,22718.1,
2024-06-06T14:35:00+05:30,22717.3,22727.2,22700,22702.9,
2024-06-06T14:36:00+05:30,22702.7,22705.8,22694.7,22697.9,
2024-06-06T14:37:00+05:30,22699.7,22703.4,22690,22697.6,
2024-06-06T14:38:00+05:30,22698.6,22711.8,22692.5,22701.6,
2024-06-06T14:39:00+05:30,22703.5,22709.5,22685.8,22691.5,
2024-06-06T14:40:00+05:30,22690,22703.5,22686.5,22686.8,
2024-06-06T14:41:00+05:30,22688,22688,22669.5,22677.7,
2024-06-06T14:42:00+05:30,22678.7,22709.8,22678.7,22708.7,
2024-06-06T14:43:00+05:30,22708.2,22720,22701.8,22705.6,
2024-06-06T14:44:00+05:30,22707.4,22732,22705,22727.8,
2024-06-06T14:45:00+05:30,22726,22748.4,22719.5,22744.4,
2024-06-06T14:46:00+05:30,22744.3,22758.3,22732.1,22754.8,
2024-06-06T14:47:00+05:30,22753.5,22757.9,22742.5,22755,
2024-06-06T14:48:00+05:30,22754.4,22755.3,22738.8,22739.7,
2024-06-06T14:49:00+05:30,22739.8,22759.6,22736.5,22751,
2024-06-06T14:50:00+05:30,22752.5,22766.4,22745.1,22766.4,
2024-06-06T14:51:00+05:30,22766.2,22766.2,22745.5,22745.5,
2024-06-06T14:52:00+05:30,22743.8,22747.5,22727.5,22731,
2024-06-06T14:53:00+05:30,22732,22741.5,22717.2,22720.1,
2024-06-06T14:54:00+05:30,22721,22727.5,22712.8,22723.8,
2024-06-06T14:55:00+05:30,22724.2,22751,22724.2,22751,
2024-06-06T14:56:00+05:30,22748.8,22756.9,22744.1,22751.5,
2024-06-06T14:57:00+05:30,22750.5,22763.2,22744.4,22762.4,
2024-06-06T14:58:00+05:30,22761.2,22771.8,22754.3,22765.3,
2024-06-06T14:59:00+05:30,22765.2,22781.5,22765.2,22773.7,
2024-06-06T15:00:00+05:30,22774.8,22787.6,22774.8,22787.5,
2024-06-06T15:01:00+05:30,22787.7,22797.5,22786.4,22790,
2024-06-06T15:02:00+05:30,22789.7,22806,22789.7,22802.2,
2024-06-06T15:03:00+05:30,22802,22819.9,22802,22818.4,
2024-06-06T15:04:00+05:30,22817.8,22818.8,22805.2,22817.8,
2024-06-06T15:05:00+05:30,22815.7,22820.2,22806.8,22817,
2024-06-06T15:06:00+05:30,22818.5,22826.3,22815,22816.2,
2024-06-06T15:07:00+05:30,22816.2,22817.3,22797.5,22809.5,
2024-06-06T15:08:00+05:30,22808.9,22813.6,22802.5,22806,
2024-06-06T15:09:00+05:30,22806.5,22811,22806,22807.2,
2024-06-06T15:10:00+05:30,22807.9,22813.5,22807.2,22811.2,
2024-06-06T15:11:00+05:30,22810.7,22817.2,22809,22816.1,
2024-06-06T15:12:00+05:30,22816.2,22820.5,22814.6,22819.5,
2024-06-06T15:13:00+05:30,22820.2,22825.7,22819.3,22821.8,
2024-06-06T15:14:00+05:30,22821.8,22825.8,22821.8,22825.2,
2024-06-06T15:15:00+05:30,22824.8,22830.7,22822.6,22827.8,
2024-06-06T15:16:00+05:30,22827.1,22828.8,22815.7,22817.2,
2024-06-06T15:17:00+05:30,22815.7,22817.2,22804.3,22812.7,
2024-06-06T15:18:00+05:30,22812.2,22819.3,22812.2,22819,
2024-06-06T15:19:00+05:30,22818.3,22831.2,22818.3,22831.2,
2024-06-06T15:20:00+05:30,22831,22834.4,22822.2,22824.4,
2024-06-06T15:21:00+05:30,22824.8,22831.3,22824.8,22831.3,
2024-06-06T15:22:00+05:30,22830.8,22834.8,22827.7,22833.7,
2024-06-06T15:23:00+05:30,22834.5,22845.6,22832.7,22844.9,
2024-06-06T15:24:00+05:30,22844.2,22850,22844.2,22848,
2024-06-06T15:25:00+05:30,22848.5,22857.5,22847.8,22856.4,
2024-06-06T15:26:00+05:30,22857.5,22864.5,22853.3,22864.5,
2024-06-06T15:27:00+05:30,22863.6,22865.5,22853.2,22857.9,
2024-06-06T15:28:00+05:30,22858.8,22861.1,22849.3,22856.4,
2024-06-06T15:29:00+05:30,22855.9,22858.5,22848.6,22849,
2024-06-07T09:15:00+05:30,22821.8,22847.2,22789,22809.2,
2024-06-07T09:16:00+05:30,22810.7,22810.9,22790.8,22806.7,
2024-06-07T09:17:00+05:30,22807.1,22820.1,22803,22816.4,
2024-06-07T09:18:00+05:30,22813.1,22825.5,22812.2,22819.1,
2024-06-07T09:19:00+05:30,22821.2,22824.1,22812.3,22822.2,
2024-06-07T09:20:00+05:30,22823.3,22859.8,22823.3,22859.8,
2024-06-07T09:21:00+05:30,22859.8,22881.5,22856.2,22879.6,
2024-06-07T09:22:00+05:30,22878.5,22933.1,22878.2,22927.1,
2024-06-07T09:23:00+05:30,22923.5,22927.9,22902.8,22912.6,
2024-06-07T09:24:00+05:30,22914.2,22927.2,22914.2,22923.5,
2024-06-07T09:25:00+05:30,22923.4,22925.4,22906,22908.8,
2024-06-07T09:26:00+05:30,22908.2,22939.8,22908.2,22932.3,
2024-06-07T09:27:00+05:30,22931.2,22943.3,22924.7,22928,
2024-06-07T09:28:00+05:30,22928.2,22928.2,22910.7,22914.3,
2024-06-07T09:29:00+05:30,22914.7,22932,22914.7,22921.5,
2024-06-07T09:30:00+05:30,22919.2,22924.8,22908.1,22916.5,
2024-06-07T09:31:00+05:30,22916.2,22929.6,22913.6,22923.8,
2024-06-07T09:32:00+05:30,22921.7,22931,22915.9,22916.8,
2024-06-07T09:33:00+05:30,22915.5,22933.8,22914,22929.8,
2024-06-07T09:34:00+05:30,22928.1,22937.3,22926.4,22935.4,
2024-06-07T09:35:00+05:30,22934.7,22936.9,22924,22925,
2024-06-07T09:36:00+05:30,22925.9,22927,22916.5,22916.5,
2024-06-07T09:37:00+05:30,22916.7,22932.5,22911.6,22928.6,
2024-06-07T09:38:00+05:30,22929.5,22945.2,22926.2,22940.7,
2024-06-07T09:39:00+05:30,22942.6,22946.8,22938.8,22942.5,
2024-06-07T09:40:00+05:30,22941.8,22944.6,22936.2,22943,
2024-06-07T09:41:00+05:30,22942.3,22942.5,22928.5,22931.3,
2024-06-07T09:42:00+05:30,22932.2,22948.8,22927,22946.3,
2024-06-07T09:43:00+05:30,22945,22948,22938.2,22947.3,
2024-06-07T09:44:00+05:30,22946.5,22953.8,22940.8,22942.5,
2024-06-07T09:45:00+05:30,22943.1,22943.8,22932.3,22934.3,
2024-06-07T09:46:00+05:30,22933.7,22937.2,22923.5,22928.5,
2024-06-07T09:47:00+05:30,22928.9,22935,22924.8,22931.2,
2024-06-07T09:48:00+05:30,22931.5,22939,22926.6,22937.8,
2024-06-07T09:49:00+05:30,22936.8,22940.8,22925.5,22931.5,
2024-06-07T09:50:00+05:30,22931.4,22934.3,22920.5,22922.5,
2024-06-07T09:51:00+05:30,22923.7,22931.2,22923.6,22929.5,
2024-06-07T09:52:00+05:30,22928.5,22932.8,22922,22922.8,
2024-06-07T09:53:00+05:30,22923,22927.6,22904.3,22904.3,
2024-06-07T09:54:00+05:30,22907.2,22918.5,22906.1,22916.5,
2024-06-07T09:55:00+05:30,22916.4,22925.2,22910.5,22917.1,
2024-06-07T09:56:00+05:30,22917.2,22929,22916.8,22925,
2024-06-07T09:57:00+05:30,22921.3,22941.2,22921.3,22941.2,
2024-06-07T09:58:00+05:30,22939.8,22950.2,22939.8,22948.5,
2024-06-07T09:59:00+05:30,22948.1,22983.2,22946.3,22979,
2024-06-07T10:00:00+05:30,22978.3,22991.8,22972.2,22978,
2024-06-07T10:01:00+05:30,22978.2,22993.9,22977,22983.1,
2024-06-07T10:02:00+05:30,22981.7,22987.2,22972.3,22976.5,
2024-06-07T10:03:00+05:30,22975.4,22981.2,22962.5,22981.2,
2024-06-07T10:04:00+05:30,22978.3,22987.7,22959.5,22959.7,
2024-06-07T10:05:00+05:30,22959.3,22981.4,22951.5,22971.5,
2024-06-07T10:06:00+05:30,22970.3,22976.4,22963.2,22968.2,
2024-06-07T10:07:00+05:30,22969.4,22976.5,22967.4,22973.4,
2024-06-07T10:08:00+05:30,22974.2,22979,22968.8,22970,
2024-06-07T10:09:00+05:30,22969.2,22994,22968.5,22986.3,
2024-06-07T10:10:00+05:30,22986,22996.2,22984,22991,
2024-06-07T10:11:00+05:30,22990.6,23004.8,22985,23001.9,
2024-06-07T10:12:00+05:30,22999.8,23002.9,22988.2,22988.2,
2024-06-07T10:13:00+05:30,22988.3,22996.1,22985.5,22987.2,
2024-06-07T10:14:00+05:30,22986.8,22989.5,22977.6,22980.2,
2024-06-07T10:15:00+05:30,22980,22981.8,22961,22966.5,
2024-06-07T10:16:00+05:30,22965.7,22965.8,22952.3,22957.7,
2024-06-07T10:17:00+05:30,22957.5,22959,22941.2,22942.8,
2024-06-07T10:18:00+05:30,22942.8,22952,22929.4,22951.3,
2024-06-07T10:19:00+05:30,22950.6,22962.8,22950.6,22958,
2024-06-07T10:20:00+05:30,22957.7,22960,22937.8,22939.2,
2024-06-07T10:21:00+05:30,22938,22938,22916.6,22927.5,
2024-06-07T10:22:00+05:30,22927.5,22943,22926,22941.4,
2024-06-07T10:23:00+05:30,22940.3,22940.3,22929.7,22938.1,
2024-06-07T10:24:00+05:30,22937.7,22960.8,22937.5,22955.5,
2024-06-07T10:25:00+05:30,22954.2,22958,22950.7,22952.6,
2024-06-07T10:26:00+05:30,22951.8,22977.1,22951.8,22977.1,
2024-06-07T10:27:00+05:30,22976,22983.3,22970.7,22981.8,
2024-06-07T10:28:00+05:30,22982.6,22991.8,22982.6,22990.7,
2024-06-07T10:29:00+05:30,22989.3,22995.7,22981.3,22989.8,
2024-06-07T10:30:00+05:30,22990.4,22992.9,22984.5,22988.5,
2024-06-07T10:31:00+05:30,22987.3,22995,22978.2,22995,
2024-06-07T10:32:00+05:30,22993.8,22993.8,22984.7,22985.2,
2024-06-07T10:33:00+05:30,22984.1,22995.7,22984.1,22993.6,
2024-06-07T10:34:00+05:30,22993.8,22999.6,22988.8,22991.4,
2024-06-07T10:35:00+05:30,22990.7,22994.1,22986.2,22991,
2024-06-07T10:36:00+05:30,22989.2,22996.7,22988,22989.9,
2024-06-07T10:37:00+05:30,22988.7,22996,22980.8,22995,
2024-06-07T10:38:00+05:30,22994.5,23016.7,22993.5,23016.7,
2024-06-07T10:39:00+05:30,23017,23042.5,23017,23042.5,
2024-06-07T10:40:00+05:30,23041.7,23059.5,23041.7,23051.2,
2024-06-07T10:41:00+05:30,23051.4,23054.8,23037.3,23042.7,
2024-06-07T10:42:00+05:30,23041.7,23050.5,23038.8,23040.6,
2024-06-07T10:43:00+05:30,23040.9,23053.3,23036.5,23037.2,
2024-06-07T10:44:00+05:30,23036.8,23039.8,23027.2,23033.8,
2024-06-07T10:45:00+05:30,23033.8,23036.9,23022.5,23029.8,
2024-06-07T10:46:00+05:30,23032.4,23042.2,23032.2,23036.5,
2024-06-07T10:47:00+05:30,23035.5,23037.4,23026.3,23033,
2024-06-07T10:48:00+05:30,23032.2,23048.9,23029.2,23040,
2024-06-07T10:49:00+05:30,23041.4,23042.7,23034,23039.2,
2024-06-07T10:50:00+05:30,23037.4,23041.6,23033.7,23040.1,
2024-06-07T10:51:00+05:30,23038.8,23043.5,23032.5,23036.8,
2024-06-07T10:52:00+05:30,23036.4,23042.6,23032,23035.2,
2024-06-07T10:53:00+05:30,23035.5,23039.2,23029.2,23034.8,
2024-06-07T10:54:00+05:30,23034.8,23041.9,23031.7,23032.2,
2024-06-07T10:55:00+05:30,23031.3,23037.8,23029.7,23033.7,
2024-06-07T10:56:00+05:30,23033.1,23049.4,23033.1,23049.4,
2024-06-07T10:57:00+05:30,23049.2,23055.5,23048.4,23051.5,
2024-06-07T10:58:00+05:30,23050,23060.4,23045.5,23055.6,
2024-06-07T10:59:00+05:30,23055.7,23057.5,23048,23051,
2024-06-07T11:00:00+05:30,23050.8,23052.5,23046,23049.6,
2024-06-07T11:01:00+05:30,23047.2,23050.5,23042.5,23045.9,
2024-06-07T11:02:00+05:30,23046,23061.7,23046,23046,
2024-06-07T11:03:00+05:30,23047.5,23054.5,23044,23047.5,
2024-06-07T11:04:00+05:30,23046.3,23055.1,23042.8,23052.5,
2024-06-07T11:05:00+05:30,23052.1,23062.8,23050.3,23060.7,
2024-06-07T11:06:00+05:30,23060.7,23079.7,23057.7,23078.2,
2024-06-07T11:07:00+05:30,23076.5,23080.5,23075.2,23079.8,
2024-06-07T11:08:00+05:30,23078.5,23079.8,23073,23076.8,
2024-06-07T11:09:00+05:30,23076,23082.3,23074.8,23074.8,
2024-06-07T11:10:00+05:30,23076.9,23081.3,23072.3,23078.1,
2024-06-07T11:11:00+05:30,23078,23082.9,23075,23078,
2024-06-07T11:12:00+05:30,23077.7,23077.7,23069.7,23072.5,
2024-06-07T11:13:00+05:30,23071.5,23074.5,23065,23070.6,
2024-06-07T11:14:00+05:30,23071.8,23077.1,23069.2,23075.8,
2024-06-07T11:15:00+05:30,23075.3,23077.8,23063.2,23065.1,
2024-06-07T11:16:00+05:30,23064.3,23069.8,23060.6,23067.4,
2024-06-07T11:17:00+05:30,23067.2,23068.8,23062,23063.1,
2024-06-07T11:18:00+05:30,23062.8,23076,23061.2,23073.7,
2024-06-07T11:19:00+05:30,23073.2,23077.5,23068.8,23071.1,
2024-06-07T11:20:00+05:30,23069.9,23071.2,23058.1,23058.1,
2024-06-07T11:21:00+05:30,23057.7,23063.5,23050.2,23056.7,
2024-06-07T11:22:00+05:30,23055.5,23057.6,23046.5,23055.5,
2024-06-07T11:23:00+05:30,23054.2,23055,23046.8,23052.7,
2024-06-07T11:24:00+05:30,23052.1,23061.8,23051.5,23058.8,
2024-06-07T11:25:00+05:30,23058,23067.2,23057.7,23062,
2024-06-07T11:26:00+05:30,23061.5,23068,23061.2,23063.8,
2024-06-07T11:27:00+05:30,23064.8,23064.8,23056,23056,
2024-06-07T11:28:00+05:30,23056.5,23056.5,23050.5,23050.8,
2024-06-07T11:29:00+05:30,23050.5,23051.8,23037.9,23043,
2024-06-07T11:30:00+05:30,23044,23053.8,23044,23050.4,
2024-06-07T11:31:00+05:30,23050,23059,23049.8,23057.8,
2024-06-07T11:32:00+05:30,23059,23065.2,23054.5,23063.2,
2024-06-07T11:33:00+05:30,23062.1,23071.2,23061.4,23067.2,
2024-06-07T11:34:00+05:30,23068.8,23083,23067.3,23076.2,
2024-06-07T11:35:00+05:30,23076.2,23102.2,23074.3,23100.8,
2024-06-07T11:36:00+05:30,23099.5,23121.2,23096.7,23118.7,
2024-06-07T11:37:00+05:30,23118.5,23123.7,23112.8,23121.8,
2024-06-07T11:38:00+05:30,23120.7,23123.8,23113.5,23122.5,
2024-06-07T11:39:00+05:30,23122,23139.6,23121.7,23138.3,
2024-06-07T11:40:00+05:30,23138.6,23141.3,23129.3,23131,
2024-06-07T11:41:00+05:30,23130,23130,23120.8,23127,
2024-06-07T11:42:00+05:30,23125.8,23134.6,23122.5,23126.8,
2024-06-07T11:43:00+05:30,23127,23131.2,23124.5,23130.5,
2024-06-07T11:44:00+05:30,23130.6,23133.1,23125.2,23132.2,
2024-06-07T11:45:00+05:30,23132.3,23132.5,23124.1,23132.2,
2024-06-07T11:46:00+05:30,23131.1,23162.8,23131.1,23160.4,
2024-06-07T11:47:00+05:30,23161.8,23181.7,23161.8,23171.7,
2024-06-07T11:48:00+05:30,23172,23175.9,23167.5,23172,
2024-06-07T11:49:00+05:30,23172.2,23177.2,23167.5,23168.2,
2024-06-07T11:50:00+05:30,23170,23192.3,23163.9,23190.5,
2024-06-07T11:51:00+05:30,23191,23201.2,23188.3,23201.2,
2024-06-07T11:52:00+05:30,23199,23220.5,23198.6,23219,
2024-06-07T11:53:00+05:30,23219,23230.2,23205.5,23205.9,
2024-06-07T11:54:00+05:30,23207.1,23209.2,23194.5,23208.3,
2024-06-07T11:55:00+05:30,23207.9,23209.2,23191.5,23192.2,
2024-06-07T11:56:00+05:30,23191.8,23198.2,23182,23187.6,
2024-06-07T11:57:00+05:30,23186.1,23191,23175.8,23190.2,
2024-06-07T11:58:00+05:30,23190.2,23194,23180.1,23186.1,
2024-06-07T11:59:00+05:30,23185.2,23187.6,23176.5,23183,
2024-06-07T12:00:00+05:30,23182,23195.2,23173,23193.7,
2024-06-07T12:01:00+05:30,23193.7,23196.5,23188.9,23192.8,
2024-06-07T12:02:00+05:30,23193.2,23195.3,23182.2,23183.9,
2024-06-07T12:03:00+05:30,23182.8,23185.3,23175,23177.2,
2024-06-07T12:04:00+05:30,23178,23191.2,23177.8,23187.2,
2024-06-07T12:05:00+05:30,23187,23199.5,23181.8,23199,
2024-06-07T12:06:00+05:30,23199,23210.8,23198.1,23207.7,
2024-06-07T12:07:00+05:30,23207.6,23215.1,23198.7,23213.6,
2024-06-07T12:08:00+05:30,23214.2,23218.8,23208.8,23214.7,
2024-06-07T12:09:00+05:30,23216.1,23218.2,23212,23215.3,
2024-06-07T12:10:00+05:30,23216.2,23219.5,23208.7,23213.8,
2024-06-07T12:11:00+05:30,23213.4,23213.8,23203.2,23204,
2024-06-07T12:12:00+05:30,23203.6,23207.4,23198.7,23203.8,
2024-06-07T12:13:00+05:30,23204.2,23205.8,23198,23201.9,
2024-06-07T12:14:00+05:30,23201.4,23202.8,23188,23189.8,
2024-06-07T12:15:00+05:30,23189.5,23195,23176.3,23177.6,
2024-06-07T12:16:00+05:30,23177.5,23180.5,23158.2,23161.7,
2024-06-07T12:17:00+05:30,23161,23166.7,23142.5,23144.8,
2024-06-07T12:18:00+05:30,23144,23169.3,23135.8,23165.5,
2024-06-07T12:19:00+05:30,23164.8,23174.2,23161.5,23168.7,
2024-06-07T12:20:00+05:30,23169,23182.5,23168.5,23177,
2024-06-07T12:21:00+05:30,23177.1,23194.8,23177.1,23191.8,
2024-06-07T12:22:00+05:30,23193.4,23213.8,23192.7,23209.3,
2024-06-07T12:23:00+05:30,23209.6,23212,23203.7,23206.7,
2024-06-07T12:24:00+05:30,23206.7,23206.7,23192.2,23194.2,
2024-06-07T12:25:00+05:30,23193.8,23197,23187.8,23193.3,
2024-06-07T12:26:00+05:30,23193.5,23204.8,23193.4,23204.4,
2024-06-07T12:27:00+05:30,23204.2,23205,23194.2,23197.8,
2024-06-07T12:28:00+05:30,23197.1,23199.2,23187.8,23196.4,
2024-06-07T12:29:00+05:30,23196.5,23210.5,23196.5,23209.8,
2024-06-07T12:30:00+05:30,23210.8,23215.9,23206.1,23210,
2024-06-07T12:31:00+05:30,23209.5,23212.7,23197.9,23201.1,
2024-06-07T12:32:00+05:30,23200.6,23208.5,23199.5,23203.7,
2024-06-07T12:33:00+05:30,23203.5,23205.2,23197.2,23204.4,
2024-06-07T12:34:00+05:30,23205,23210.8,23202.2,23205.2,
2024-06-07T12:35:00+05:30,23205.5,23207.3,23196,23198.4,
2024-06-07T12:36:00+05:30,23198.3,23199.7,23187.3,23191.8,
2024-06-07T12:37:00+05:30,23191.7,23192.2,23179.8,23189.2,
2024-06-07T12:38:00+05:30,23189.3,23204.5,23187.7,23202,
2024-06-07T12:39:00+05:30,23202,23214.5,23202,23214.5,
2024-06-07T12:40:00+05:30,23215.5,23222.2,23212.9,23214.4,
2024-06-07T12:41:00+05:30,23214.5,23219,23207.8,23218.2,
2024-06-07T12:42:00+05:30,23218,23218.4,23210.5,23212.6,
2024-06-07T12:43:00+05:30,23212.8,23215.3,23211.5,23213.7,
2024-06-07T12:44:00+05:30,23213.2,23221.9,23213.2,23217.8,
2024-06-07T12:45:00+05:30,23218,23222.7,23214.6,23221.5,
2024-06-07T12:46:00+05:30,23222,23227,23218.5,23225,
2024-06-07T12:47:00+05:30,23225.2,23245.8,23225.2,23243,
2024-06-07T12:48:00+05:30,23243.3,23250,23237.5,23237.8,
2024-06-07T12:49:00+05:30,23238.5,23238.8,23225.1,23226.9,
2024-06-07T12:50:00+05:30,23224.2,23229.7,23219,23228,
2024-06-07T12:51:00+05:30,23227.7,23234.8,23227.5,23230.5,
2024-06-07T12:52:00+05:30,23230.5,23231.7,23223.5,23225.4,
2024-06-07T12:53:00+05:30,23224.8,23224.8,23214.7,23218.5,
2024-06-07T12:54:00+05:30,23219,23220.5,23199.7,23200.5,
2024-06-07T12:55:00+05:30,23202.2,23205.5,23194.3,23200.7,
2024-06-07T12:56:00+05:30,23201.1,23202.8,23189.9,23193.4,
2024-06-07T12:57:00+05:30,23194,23209.9,23192.7,23207.8,
2024-06-07T12:58:00+05:30,23206.6,23213.8,23204.8,23213.5,
2024-06-07T12:59:00+05:30,23213.8,23221.4,23208.8,23216.2,
2024-06-07T13:00:00+05:30,23215.3,23218,23206.2,23206.8,
2024-06-07T13:01:00+05:30,23206.1,23208.9,23197.1,23198.5,
2024-06-07T13:02:00+05:30,23198,23200.7,23192.7,23198.5,
2024-06-07T13:03:00+05:30,23198,23199.2,23181.3,23182.4,
2024-06-07T13:04:00+05:30,23182.8,23190.8,23171.8,23186.3,
2024-06-07T13:05:00+05:30,23188.3,23203.3,23187,23200.9,
2024-06-07T13:06:00+05:30,23201.2,23206.5,23198,23204.9,
2024-06-07T13:07:00+05:30,23204.8,23212,23204.1,23205.3,
2024-06-07T13:08:00+05:30,23204.9,23204.9,23197.3,23202.7,
2024-06-07T13:09:00+05:30,23202.2,23203.5,23188,23192.3,
2024-06-07T13:10:00+05:30,23192.2,23192.8,23185.2,23186,
2024-06-07T13:11:00+05:30,23185.8,23197.5,23178.9,23196,
2024-06-07T13:12:00+05:30,23197.2,23201.1,23192.7,23197.9,
2024-06-07T13:13:00+05:30,23199.3,23207.2,23194.5,23202.3,
2024-06-07T13:14:00+05:30,23202.8,23211.5,23201.2,23208.2,
2024-06-07T13:15:00+05:30,23207.4,23208.8,23192.7,23196.5,
2024-06-07T13:16:00+05:30,23194.7,23197,23190.2,23191.5,
2024-06-07T13:17:00+05:30,23191.8,23193.2,23186.2,23188.3,
2024-06-07T13:18:00+05:30,23189.5,23194.3,23181,23181.2,
2024-06-07T13:19:00+05:30,23180.6,23185,23175.7,23179.5,
2024-06-07T13:20:00+05:30,23179.7,23188.2,23175.5,23187,
2024-06-07T13:21:00+05:30,23187.7,23198.3,23187,23198.2,
2024-06-07T13:22:00+05:30,23198.7,23204,23197.7,23198.9,
2024-06-07T13:23:00+05:30,23198,23199.8,23162,23169.4,
2024-06-07T13:24:00+05:30,23170.1,23176,23151.8,23175.3,
2024-06-07T13:25:00+05:30,23174.8,23185,23172.9,23183.2,
2024-06-07T13:26:00+05:30,23185.3,23195.7,23176.6,23182.4,
2024-06-07T13:27:00+05:30,23182.3,23189.1,23177,23187.1,
2024-06-07T13:28:00+05:30,23185.8,23191.7,23183.8,23186.4,
2024-06-07T13:29:00+05:30,23186.5,23192.8,23176,23178.5,
2024-06-07T13:30:00+05:30,23177.8,23184.4,23170.3,23178.8,
2024-06-07T13:31:00+05:30,23178.6,23191,23177.6,23183.5,
2024-06-07T13:32:00+05:30,23183.3,23187.7,23178,23183.2,
2024-06-07T13:33:00+05:30,23183.3,23184.8,23174.5,23182.8,
2024-06-07T13:34:00+05:30,23182.3,23193.2,23182.3,23188.9,
2024-06-07T13:35:00+05:30,23187.8,23193.2,23187.3,23191.2,
2024-06-07T13:36:00+05:30,23190.2,23201.7,23189.7,23196.3,
2024-06-07T13:37:00+05:30,23195.3,23210.3,23195.3,23210.3,
2024-06-07T13:38:00+05:30,23209.7,23220.9,23205.7,23209.2,
2024-06-07T13:39:00+05:30,23210.6,23215,23202.8,23212.7,
2024-06-07T13:40:00+05:30,23211.8,23213.5,23199,23210.7,
2024-06-07T13:41:00+05:30,23210.8,23219.3,23208.7,23217.4,
2024-06-07T13:42:00+05:30,23216.8,23218.6,23212.1,23213.4,
2024-06-07T13:43:00+05:30,23213.5,23219.2,23206.9,23216.8,
2024-06-07T13:44:00+05:30,23216.7,23226.2,23216.7,23226.2,
2024-06-07T13:45:00+05:30,23224.2,23228.5,23220.8,23227.3,
2024-06-07T13:46:00+05:30,23226.8,23238,23226.8,23234.7,
2024-06-07T13:47:00+05:30,23234.5,23249.3,23234.5,23243.5,
2024-06-07T13:48:00+05:30,23242.8,23245,23235,23239.8,
2024-06-07T13:49:00+05:30,23238.8,23240.1,23234.4,23236.8,
2024-06-07T13:50:00+05:30,23237.2,23253.5,23236.8,23248.2,
2024-06-07T13:51:00+05:30,23247,23253,23242.3,23247.8,
2024-06-07T13:52:00+05:30,23248.5,23253.5,23244.2,23248.2,
2024-06-07T13:53:00+05:30,23248.5,23249.2,23236.5,23241.7,
2024-06-07T13:54:00+05:30,23241.8,23245,23227,23230.2,
2024-06-07T13:55:00+05:30,23227.8,23237.2,23213.7,23214.4,
2024-06-07T13:56:00+05:30,23214.6,23219.3,23200.2,23209.3,
2024-06-07T13:57:00+05:30,23210,23210.8,23195.8,23202.5,
2024-06-07T13:58:00+05:30,23202.3,23210.9,23191.8,23210.9,
2024-06-07T13:59:00+05:30,23209.5,23219.5,23198,23200.9,
2024-06-07T14:00:00+05:30,23200.9,23208.5,23193.3,23197.2,
2024-06-07T14:01:00+05:30,23197.5,23207.3,23192.1,23204.8,
2024-06-07T14:02:00+05:30,23205.5,23221.5,23200.4,23216.7,
2024-06-07T14:03:00+05:30,23216.1,23227.8,23215.8,23223.8,
2024-06-07T14:04:00+05:30,23222.8,23232.8,23220.7,23229.4,
2024-06-07T14:05:00+05:30,23229.2,23239.9,23225.8,23233.8,
2024-06-07T14:06:00+05:30,23234.6,23234.6,23226.8,23227.8,
2024-06-07T14:07:00+05:30,23226.2,23235.5,23219.2,23234.2,
2024-06-07T14:08:00+05:30,23235.2,23242.5,23231.8,23242.5,
2024-06-07T14:09:00+05:30,23241.7,23247.9,23239.5,23247.9,
2024-06-07T14:10:00+05:30,23246.3,23254.5,23246,23249,
2024-06-07T14:11:00+05:30,23248.8,23250.5,23244.2,23244.7,
2024-06-07T14:12:00+05:30,23244.2,23248.1,23237.7,23238.8,
2024-06-07T14:13:00+05:30,23237.8,23242,23229.2,23232.3,
2024-06-07T14:14:00+05:30,23231.3,23245.5,23230.8,23243.7,
2024-06-07T14:15:00+05:30,23244.2,23259.9,23243.8,23256,
2024-06-07T14:16:00+05:30,23256.2,23271.8,23252,23268,
2024-06-07T14:17:00+05:30,23268.4,23277.5,23266.8,23270.6,
2024-06-07T14:18:00+05:30,23270.3,23280.4,23266.7,23269.5,
2024-06-07T14:19:00+05:30,23270.2,23274.3,23259.8,23264.1,
2024-06-07T14:20:00+05:30,23263.5,23273.2,23256.5,23269.5,
2024-06-07T14:21:00+05:30,23269.8,23278,23269.8,23277.2,
2024-06-07T14:22:00+05:30,23277,23281.8,23272.2,23275.3,
2024-06-07T14:23:00+05:30,23275,23278.9,23268.8,23273.7,
2024-06-07T14:24:00+05:30,23273.5,23280.5,23253.2,23259.2,
2024-06-07T14:25:00+05:30,23260.9,23260.9,23231.2,23234.3,
2024-06-07T14:26:00+05:30,23235.7,23244,23227,23230,
2024-06-07T14:27:00+05:30,23230.3,23251.7,23228.5,23244.8,
2024-06-07T14:28:00+05:30,23245.5,23247.5,23237.2,23247.5,
2024-06-07T14:29:00+05:30,23248.3,23264.5,23247.4,23260,
2024-06-07T14:30:00+05:30,23260.4,23271.7,23258,23258,
2024-06-07T14:31:00+05:30,23259.5,23265.2,23245.4,23256.8,
2024-06-07T14:32:00+05:30,23255.1,23270,23249.1,23265,
2024-06-07T14:33:00+05:30,23265.4,23273.3,23258.6,23271.6,
2024-06-07T14:34:00+05:30,23272.5,23273.2,23262.2,23263,
2024-06-07T14:35:00+05:30,23263.5,23268.5,23253.3,23260.8,
2024-06-07T14:36:00+05:30,23262.4,23266,23254.5,23258,
2024-06-07T14:37:00+05:30,23257.5,23259.7,23242.3,23242.3,
2024-06-07T14:38:00+05:30,23243.1,23248.9,23236,23242.5,
2024-06-07T14:39:00+05:30,23244.1,23252.5,23237.4,23246.3,
2024-06-07T14:40:00+05:30,23246.6,23254.7,23236,23239.4,
2024-06-07T14:41:00+05:30,23238.2,23243.3,23225.2,23239.3,
2024-06-07T14:42:00+05:30,23238.4,23241.8,23229,23229.2,
2024-06-07T14:43:00+05:30,23229.7,23235.5,23225.1,23230.3,
2024-06-07T14:44:00+05:30,23230,23244.4,23228.5,23238.2,
2024-06-07T14:45:00+05:30,23240.3,23260.4,23236.2,23255,
2024-06-07T14:46:00+05:30,23255,23268.2,23255,23264,
2024-06-07T14:47:00+05:30,23265.3,23266.3,23255,23262.4,
2024-06-07T14:48:00+05:30,23261.8,23282.3,23259.6,23275.7,
2024-06-07T14:49:00+05:30,23280.5,23287.5,23272.2,23279,
2024-06-07T14:50:00+05:30,23279,23295.7,23274.9,23290.8,
2024-06-07T14:51:00+05:30,23290.7,23307.9,23288.1,23304.4,
2024-06-07T14:52:00+05:30,23304.5,23313.2,23296.8,23305.7,
2024-06-07T14:53:00+05:30,23305.5,23314.5,23302.5,23310.8,
2024-06-07T14:54:00+05:30,23310.2,23316.5,23300.4,23307.5,
2024-06-07T14:55:00+05:30,23307.8,23308.8,23297.8,23305.4,
2024-06-07T14:56:00+05:30,23305.4,23316.8,23301.3,23302.7,
2024-06-07T14:57:00+05:30,23301.8,23310.3,23299.8,23304.6,
2024-06-07T14:58:00+05:30,23306,23319.1,23302.5,23317.5,
2024-06-07T14:59:00+05:30,23316.2,23318,23303.5,23309.1,
2024-06-07T15:00:00+05:30,23309.7,23320.2,23306.5,23306.8,
2024-06-07T15:01:00+05:30,23306,23306.7,23276.9,23282,
2024-06-07T15:02:00+05:30,23282.6,23291.2,23279,23290.2,
2024-06-07T15:03:00+05:30,23289.8,23292.5,23283,23284.2,
2024-06-07T15:04:00+05:30,23282.5,23292.8,23280.8,23290.3,
2024-06-07T15:05:00+05:30,23290.1,23292.1,23285,23291.2,
2024-06-07T15:06:00+05:30,23289.8,23302,23287.8,23301.2,
2024-06-07T15:07:00+05:30,23300.8,23302,23293.4,23294.5,
2024-06-07T15:08:00+05:30,23294.5,23294.8,23285.8,23292,
2024-06-07T15:09:00+05:30,23293.2,23303.7,23292,23302.2,
2024-06-07T15:10:00+05:30,23302.1,23305.2,23295,23295.4,
2024-06-07T15:11:00+05:30,23294.8,23299.2,23288.7,23295.8,
2024-06-07T15:12:00+05:30,23294.5,23297.8,23282.8,23282.8,
2024-06-07T15:13:00+05:30,23282.8,23288,23279,23288,
2024-06-07T15:14:00+05:30,23286.8,23289.7,23284.5,23287.8,
2024-06-07T15:15:00+05:30,23287.7,23288.2,23274.7,23275.7,
2024-06-07T15:16:00+05:30,23275.1,23277.2,23269.8,23273,
2024-06-07T15:17:00+05:30,23273.5,23287.6,23269.8,23287.2,
2024-06-07T15:18:00+05:30,23286.7,23301.7,23283.2,23296.8,
2024-06-07T15:19:00+05:30,23296.8,23298,23291.8,23296.6,
2024-06-07T15:20:00+05:30,23293.5,23299,23289.2,23290.3,
2024-06-07T15:21:00+05:30,23290.8,23295.2,23288.8,23290.4,
2024-06-07T15:22:00+05:30,23290.8,23291.8,23287.1,23289.2,
2024-06-07T15:23:00+05:30,23288.8,23291.1,23281.2,23290.4,
2024-06-07T15:24:00+05:30,23289,23291.5,23285.8,23288.1,
2024-06-07T15:25:00+05:30,23287.4,23288.9,23281.7,23282.8,
2024-06-07T15:26:00+05:30,23282.2,23282.8,23274.4,23279.4,
2024-06-07T15:27:00+05:30,23279.4,23284.9,23275,23284.9,
2024-06-07T15:28:00+05:30,23282.8,23283.5,23271,23271.5,
2024-06-07T15:29:00+05:30,23273.7,23275.7,23262.8,23270,
2024-06-10T09:15:00+05:30,23319.2,23397.7,23313.8,23397.7,
2024-06-10T09:16:00+05:30,23395,23411.9,23393.3,23395.9,
2024-06-10T09:17:00+05:30,23400,23403,23383.5,23387.8,
2024-06-10T09:18:00+05:30,23387.2,23407.1,23384,23403.7,
2024-06-10T09:19:00+05:30,23404.4,23407.3,23395.2,23395.2,
2024-06-10T09:20:00+05:30,23392.5,23392.5,23371.7,23384.8,
2024-06-10T09:21:00+05:30,23386,23386,23352.5,23364.5,
2024-06-10T09:22:00+05:30,23365.1,23372.3,23351.2,23351.2,
2024-06-10T09:23:00+05:30,23352.5,23353.6,23344.7,23349.1,
2024-06-10T09:24:00+05:30,23350.1,23386.3,23346.3,23383.7,
2024-06-10T09:25:00+05:30,23385.2,23385.2,23371.2,23377.2,
2024-06-10T09:26:00+05:30,23377.8,23384.9,23366.7,23384.3,
2024-06-10T09:27:00+05:30,23384.1,23408.8,23384.1,23404.3,
2024-06-10T09:28:00+05:30,23404.3,23409.1,23403,23406.1,
2024-06-10T09:29:00+05:30,23408,23408.8,23399.7,23399.7,
2024-06-10T09:30:00+05:30,23400.1,23404.2,23382.7,23388.5,
2024-06-10T09:31:00+05:30,23389.9,23396.5,23384,23385.3,
2024-06-10T09:32:00+05:30,23383.9,23384.7,23361.2,23374.1,
2024-06-10T09:33:00+05:30,23373.4,23373.9,23352.2,23354.8,
2024-06-10T09:34:00+05:30,23353.8,23354.4,23315.2,23320.7,
2024-06-10T09:35:00+05:30,23319.3,23336.3,23315.2,23331.2,
2024-06-10T09:36:00+05:30,23328.4,23328.4,23277.8,23277.8,
2024-06-10T09:37:00+05:30,23280,23280,23241.3,23267.5,
2024-06-10T09:38:00+05:30,23267.8,23294.5,23267.8,23282.9,
2024-06-10T09:39:00+05:30,23285,23285,23264.8,23272.3,
2024-06-10T09:40:00+05:30,23273.5,23309.3,23264.3,23305.8,
2024-06-10T09:41:00+05:30,23305.5,23340.5,23305.5,23334.6,
2024-06-10T09:42:00+05:30,23336,23347.3,23323.2,23344.2,
2024-06-10T09:43:00+05:30,23344.3,23348.7,23335.2,23342.8,
2024-06-10T09:44:00+05:30,23342.8,23343.3,23324.2,23324.8,
2024-06-10T09:45:00+05:30,23325.3,23326,23303.2,23303.2,
2024-06-10T09:46:00+05:30,23304.2,23304.2,23289.2,23300.6,
2024-06-10T09:47:00+05:30,23301.1,23312.5,23296.9,23301.2,
2024-06-10T09:48:00+05:30,23301.3,23302.5,23286.1,23287.8,
2024-06-10T09:49:00+05:30,23286.8,23299.1,23286,23287.1,
2024-06-10T09:50:00+05:30,23288.4,23292.8,23282.2,23290.9,
2024-06-10T09:51:00+05:30,23291.2,23302.6,23281.2,23283.5,
2024-06-10T09:52:00+05:30,23282.6,23283.3,23259.2,23263,
2024-06-10T09:53:00+05:30,23259.8,23279.2,23256.7,23278.7,
2024-06-10T09:54:00+05:30,23278.7,23284,23271.3,23279.8,
2024-06-10T09:55:00+05:30,23279,23291.8,23277,23282.2,
2024-06-10T09:56:00+05:30,23280.5,23281.8,23270.2,23275.3,
2024-06-10T09:57:00+05:30,23275.2,23294.6,23274.2,23284.2,
2024-06-10T09:58:00+05:30,23284,23286.2,23270.8,23277.2,
2024-06-10T09:59:00+05:30,23277.7,23281,23266.2,23266.2,
2024-06-10T10:00:00+05:30,23262.1,23268.8,23246.2,23248.2,
2024-06-10T10:01:00+05:30,23248.5,23263.6,23233,23261.7,
2024-06-10T10:02:00+05:30,23261.9,23272.7,23259,23267.2,
2024-06-10T10:03:00+05:30,23267,23281.5,23267,23279.6,
2024-06-10T10:04:00+05:30,23279.8,23282.5,23263.7,23266.5,
2024-06-10T10:05:00+05:30,23265.8,23271.2,23263.5,23266.2,
2024-06-10T10:06:00+05:30,23264.6,23285.6,23263.5,23281.8,
2024-06-10T10:07:00+05:30,23280.7,23300.6,23277.8,23298.5,
2024-06-10T10:08:00+05:30,23298.5,23298.8,23285.3,23288.1,
2024-06-10T10:09:00+05:30,23288.8,23309,23287.8,23307.2,
2024-06-10T10:10:00+05:30,23309,23326.7,23302.5,23323.5,
2024-06-10T10:11:00+05:30,23323.4,23324.8,23317,23317.3,
2024-06-10T10:12:00+05:30,23317.3,23318.8,23310.5,23317.2,
2024-06-10T10:13:00+05:30,23317.8,23327.7,23317.1,23324.8,
2024-06-10T10:14:00+05:30,23324.8,23326.8,23313.8,23315.2,
2024-06-10T10:15:00+05:30,23315,23324,23315,23319.2,
2024-06-10T10:16:00+05:30,23320.3,23320.8,23308.4,23316.5,
2024-06-10T10:17:00+05:30,23315.2,23318.2,23311.8,23314.8,
2024-06-10T10:18:00+05:30,23314.5,23315.2,23305.3,23315.2,
2024-06-10T10:19:00+05:30,23313.9,23339.3,23313.9,23339.3,
2024-06-10T10:20:00+05:30,23339,23347.5,23338.3,23343.4,
2024-06-10T10:21:00+05:30,23343.3,23345,23336.1,23342,
2024-06-10T10:22:00+05:30,23344.1,23355.6,23341.2,23353.2,
2024-06-10T10:23:00+05:30,23353.2,23354,23340.4,23341.3,
2024-06-10T10:24:00+05:30,23340.9,23349.7,23334.7,23347,
2024-06-10T10:25:00+05:30,23348.7,23353.1,23345.2,23345.3,
2024-06-10T10:26:00+05:30,23344.5,23354,23343.3,23351.8,
2024-06-10T10:27:00+05:30,23352.2,23353,23348.3,23352.5,
2024-06-10T10:28:00+05:30,23352.6,23362.8,23351.7,23361.5,
2024-06-10T10:29:00+05:30,23361.2,23361.8,23349.5,23350.7,
2024-06-10T10:30:00+05:30,23350.8,23351.9,23342.8,23343.8,
2024-06-10T10:31:00+05:30,23344,23344.7,23337.3,23337.5,
2024-06-10T10:32:00+05:30,23337.8,23343.5,23330.6,23339.4,
2024-06-10T10:33:00+05:30,23339.8,23354.1,23338.4,23353.8,
2024-06-10T10:34:00+05:30,23353.5,23355.9,23348.7,23352.5,
2024-06-10T10:35:00+05:30,23352.7,23352.7,23339.9,23346.1,
2024-06-10T10:36:00+05:30,23348.2,23350,23340.5,23342.2,
2024-06-10T10:37:00+05:30,23342,23345.2,23339.2,23344.3,
2024-06-10T10:38:00+05:30,23344.5,23347.1,23336.8,23341.3,
2024-06-10T10:39:00+05:30,23341.2,23345.7,23308.8,23321.3,
2024-06-10T10:40:00+05:30,23321.9,23336.5,23320.9,23334.3,
2024-06-10T10:41:00+05:30,23333.8,23341,23331.7,23337.2,
2024-06-10T10:42:00+05:30,23337.7,23342.5,23335.5,23336.4,
2024-06-10T10:43:00+05:30,23336.6,23337,23327.5,23328.5,
2024-06-10T10:44:00+05:30,23328.7,23332.2,23326,23327.8,
2024-06-10T10:45:00+05:30,23326,23328.7,23316,23316.9,
2024-06-10T10:46:00+05:30,23316.7,23324.1,23303,23323.3,
2024-06-10T10:47:00+05:30,23323.5,23331.8,23322.7,23330.2,
2024-06-10T10:48:00+05:30,23329.4,23340.1,23327.4,23337.5,
2024-06-10T10:49:00+05:30,23337.5,23342.8,23330.5,23330.8,
2024-06-10T10:50:00+05:30,23331.6,23337.4,23327.1,23336.6,
2024-06-10T10:51:00+05:30,23337.3,23342.6,23335.1,23341.7,
2024-06-10T10:52:00+05:30,23342.3,23343.8,23337.8,23341.3,
2024-06-10T10:53:00+05:30,23340.4,23344.5,23336.5,23339,
2024-06-10T10:54:00+05:30,23338.8,23341.5,23331.1,23333.7,
2024-06-10T10:55:00+05:30,23334.2,23342.6,23330.8,23339.5,
2024-06-10T10:56:00+05:30,23339.5,23347,23339.2,23343.7,
2024-06-10T10:57:00+05:30,23343.8,23352.6,23343.7,23350.9,
2024-06-10T10:58:00+05:30,23351.5,23355.6,23350.2,23355.6,
2024-06-10T10:59:00+05:30,23355.2,23356.2,23347.3,23350,
2024-06-10T11:00:00+05:30,23350,23359.1,23348.2,23358.7,
2024-06-10T11:01:00+05:30,23358.8,23359.2,23354.5,23355.5,
2024-06-10T11:02:00+05:30,23354.8,23360.8,23353,23354.2,
2024-06-10T11:03:00+05:30,23353.5,23354.3,23347.2,23348.5,
2024-06-10T11:04:00+05:30,23348,23352.2,23345.2,23348.3,
2024-06-10T11:05:00+05:30,23348.5,23351.2,23345,23350,
2024-06-10T11:06:00+05:30,23349.5,23350,23344.9,23347.7,
2024-06-10T11:07:00+05:30,23346.2,23348.3,23343,23343.5,
2024-06-10T11:08:00+05:30,23344.5,23344.9,23337.9,23339.7,
2024-06-10T11:09:00+05:30,23339.4,23340,23326.2,23328.6,
2024-06-10T11:10:00+05:30,23328.7,23340,23327.1,23339,
2024-06-10T11:11:00+05:30,23338,23339.8,23330.9,23331.8,
2024-06-10T11:12:00+05:30,23331.7,23332.2,23318.8,23319.2,
2024-06-10T11:13:00+05:30,23319,23326.4,23318.7,23325.7,
2024-06-10T11:14:00+05:30,23325.5,23337.7,23325,23337.6,
2024-06-10T11:15:00+05:30,23337.5,23341,23334.5,23336.4,
2024-06-10T11:16:00+05:30,23336.3,23343.5,23335,23342.5,
2024-06-10T11:17:00+05:30,23342.6,23348,23341.8,23346.8,
2024-06-10T11:18:00+05:30,23346.8,23349,23343.5,23343.5,
2024-06-10T11:19:00+05:30,23341.3,23341.3,23336.7,23340,
2024-06-10T11:20:00+05:30,23338.8,23342.1,23336.8,23336.9,
2024-06-10T11:21:00+05:30,23337,23346.3,23335.5,23344.8,
2024-06-10T11:22:00+05:30,23345,23352.8,23344,23351.7,
2024-06-10T11:23:00+05:30,23351.3,23353.8,23346.8,23353.7,
2024-06-10T11:24:00+05:30,23353.7,23356,23351.2,23351.9,
2024-06-10T11:25:00+05:30,23352.6,23352.7,23343.2,23344.3,
2024-06-10T11:26:00+05:30,23342.8,23350.7,23336.5,23350.7,
2024-06-10T11:27:00+05:30,23350.5,23365.7,23349.7,23362.4,
2024-06-10T11:28:00+05:30,23362.7,23365.2,23360.9,23363.7,
2024-06-10T11:29:00+05:30,23363.7,23369.1,23362.5,23366.7,
2024-06-10T11:30:00+05:30,23367.2,23370.8,23359,23361.7,
2024-06-10T11:31:00+05:30,23361.8,23361.8,23356,23359,
2024-06-10T11:32:00+05:30,23358.7,23359.5,23353.3,23357.9,
2024-06-10T11:33:00+05:30,23358.2,23358.2,23349.3,23351.7,
2024-06-10T11:34:00+05:30,23347.8,23352.2,23344.9,23352.1,
2024-06-10T11:35:00+05:30,23352.5,23356.3,23345.5,23345.6,
2024-06-10T11:36:00+05:30,23346.5,23346.5,23341.2,23342.1,
2024-06-10T11:37:00+05:30,23342,23346.2,23339.3,23342.7,
2024-06-10T11:38:00+05:30,23341.8,23343.7,23333.8,23341.7,
2024-06-10T11:39:00+05:30,23342.6,23351.8,23341.4,23350,
2024-06-10T11:40:00+05:30,23352.5,23352.5,23346,23346.7,
2024-06-10T11:41:00+05:30,23347.2,23349.5,23341,23343.9,
2024-06-10T11:42:00+05:30,23344.4,23345.6,23337.7,23340.8,
2024-06-10T11:43:00+05:30,23341,23346,23338.8,23340.8,
2024-06-10T11:44:00+05:30,23341.1,23345.2,23337.9,23342,
2024-06-10T11:45:00+05:30,23341.8,23351.2,23340.8,23351.2,
2024-06-10T11:46:00+05:30,23350.8,23352.8,23341.9,23350,
2024-06-10T11:47:00+05:30,23349.8,23351.8,23345,23351.3,
2024-06-10T11:48:00+05:30,23351,23355,23342.7,23349.4,
2024-06-10T11:49:00+05:30,23349.8,23352.6,23347.3,23351.1,
2024-06-10T11:50:00+05:30,23350.5,23350.9,23343.1,23344,
2024-06-10T11:51:00+05:30,23342.9,23352,23342.9,23350.3,
2024-06-10T11:52:00+05:30,23350.2,23355.2,23349.2,23354.7,
2024-06-10T11:53:00+05:30,23352.8,23356.2,23350.4,23351.1,
2024-06-10T11:54:00+05:30,23351.4,23353.7,23345.8,23352.8,
2024-06-10T11:55:00+05:30,23353.2,23358.7,23348.5,23349.4,
2024-06-10T11:56:00+05:30,23348.5,23348.5,23337.5,23338,
2024-06-10T11:57:00+05:30,23338,23342.3,23337.2,23342,
2024-06-10T11:58:00+05:30,23341.4,23343.3,23340.2,23342,
2024-06-10T11:59:00+05:30,23341.2,23344.8,23329.7,23332.5,
2024-06-10T12:00:00+05:30,23331,23334.2,23328.6,23333.8,
2024-06-10T12:01:00+05:30,23333.1,23347.1,23333.1,23341.6,
2024-06-10T12:02:00+05:30,23341.6,23346.8,23339,23343.9,
2024-06-10T12:03:00+05:30,23342.6,23345.2,23334.8,23338.2,
2024-06-10T12:04:00+05:30,23338.4,23340.1,23334.5,23339,
2024-06-10T12:05:00+05:30,23338,23340.5,23332.2,23334.6,
2024-06-10T12:06:00+05:30,23334.2,23335.5,23325.7,23332.2,
2024-06-10T12:07:00+05:30,23332,23336.4,23331,23334.1,
2024-06-10T12:08:00+05:30,23333.8,23336,23318.7,23323.7,
2024-06-10T12:09:00+05:30,23323.1,23326.8,23309.3,23318.3,
2024-06-10T12:10:00+05:30,23321.8,23322.2,23315.8,23319.3,
2024-06-10T12:11:00+05:30,23318.9,23329.2,23318.8,23321.3,
2024-06-10T12:12:00+05:30,23320.7,23322.2,23313.1,23315.5,
2024-06-10T12:13:00+05:30,23315.3,23316.6,23310,23311.7,
2024-06-10T12:14:00+05:30,23309,23309.9,23297.5,23308.2,
2024-06-10T12:15:00+05:30,23308,23316.1,23308,23315.5,
2024-06-10T12:16:00+05:30,23314.7,23321.8,23312.7,23319.5,
2024-06-10T12:17:00+05:30,23319.3,23321.2,23308.6,23309.2,
2024-06-10T12:18:00+05:30,23308.3,23312.3,23304.9,23309,
2024-06-10T12:19:00+05:30,23308.8,23321.3,23308.8,23320.5,
2024-06-10T12:20:00+05:30,23320.5,23323.8,23316.5,23317.2,
2024-06-10T12:21:00+05:30,23316.5,23318.8,23308.8,23311.3,
2024-06-10T12:22:00+05:30,23311.4,23320,23309.8,23320,
2024-06-10T12:23:00+05:30,23319.2,23325.7,23316.7,23325.2,
2024-06-10T12:24:00+05:30,23325,23327,23318.7,23324.5,
2024-06-10T12:25:00+05:30,23323,23326,23320.9,23324.9,
2024-06-10T12:26:00+05:30,23325.2,23326.6,23312.4,23313.7,
2024-06-10T12:27:00+05:30,23313.2,23316.6,23311.5,23315.4,
2024-06-10T12:28:00+05:30,23315,23318.2,23311.7,23313.6,
2024-06-10T12:29:00+05:30,23312.7,23316.2,23309.8,23311,
2024-06-10T12:30:00+05:30,23311,23315.8,23310.3,23313.7,
2024-06-10T12:31:00+05:30,23313.5,23315.5,23312,23314.6,
2024-06-10T12:32:00+05:30,23313.4,23323,23312.7,23320.1,
2024-06-10T12:33:00+05:30,23321.1,23325.6,23319.2,23320.9,
2024-06-10T12:34:00+05:30,23321,23324.2,23319.7,23323.5,
2024-06-10T12:35:00+05:30,23323.3,23332.5,23322.6,23329.1,
2024-06-10T12:36:00+05:30,23328.7,23331,23323.5,23324,
2024-06-10T12:37:00+05:30,23324.2,23325.2,23318.5,23320,
2024-06-10T12:38:00+05:30,23320.3,23332.7,23319.7,23332.1,
2024-06-10T12:39:00+05:30,23332.3,23338.1,23331.3,23335.2,
2024-06-10T12:40:00+05:30,23334.7,23339.1,23329.3,23329.3,
2024-06-10T12:41:00+05:30,23329.5,23331,23324.7,23327.3,
2024-06-10T12:42:00+05:30,23327.7,23331,23324.9,23325.3,
2024-06-10T12:43:00+05:30,23324.7,23334.5,23324.7,23332.7,
2024-06-10T12:44:00+05:30,23332.3,23338.3,23330,23333.9,
2024-06-10T12:45:00+05:30,23336,23338.2,23331.5,23337.3,
2024-06-10T12:46:00+05:30,23337.6,23339,23332,23335.2,
2024-06-10T12:47:00+05:30,23335.4,23336,23329.5,23331.8,
2024-06-10T12:48:00+05:30,23331.5,23333.7,23328,23333,
2024-06-10T12:49:00+05:30,23332.8,23333.4,23327.2,23331,
2024-06-10T12:50:00+05:30,23330.3,23332.5,23325,23328.8,
2024-06-10T12:51:00+05:30,23329.2,23330.8,23320.9,23325.2,
2024-06-10T12:52:00+05:30,23325.1,23338.5,23323.5,23337.1,
2024-06-10T12:53:00+05:30,23337,23339.4,23334.5,23336.7,
2024-06-10T12:54:00+05:30,23336.5,23342.1,23334.8,23341.2,
2024-06-10T12:55:00+05:30,23341.8,23344.7,23339.6,23341.4,
2024-06-10T12:56:00+05:30,23341.7,23345.8,23339.5,23345.2,
2024-06-10T12:57:00+05:30,23344.8,23344.8,23339.6,23341.2,
2024-06-10T12:58:00+05:30,23340.6,23343.1,23333.3,23334.5,
2024-06-10T12:59:00+05:30,23334.7,23338.7,23333.6,23337.2,
2024-06-10T13:00:00+05:30,23336.5,23345,23336.5,23344.3,
2024-06-10T13:01:00+05:30,23343.2,23348,23342.3,23345.2,
2024-06-10T13:02:00+05:30,23345,23345.5,23341,23344,
2024-06-10T13:03:00+05:30,23343.2,23346.6,23342.7,23344.7,
2024-06-10T13:04:00+05:30,23344.3,23346.5,23340.8,23341.5,
2024-06-10T13:05:00+05:30,23342,23346.1,23339.6,23345.2,
2024-06-10T13:06:00+05:30,23344.6,23348,23340.8,23342.2,
2024-06-10T13:07:00+05:30,23342.2,23343.6,23334.5,23337,
2024-06-10T13:08:00+05:30,23337,23337.2,23327.8,23335.4,
2024-06-10T13:09:00+05:30,23334.9,23344.1,23334.2,23339.7,
2024-06-10T13:10:00+05:30,23340,23341,23332.8,23335.2,
2024-06-10T13:11:00+05:30,23335.9,23336.7,23330.6,23335.2,
2024-06-10T13:12:00+05:30,23335.2,23339.2,23333.6,23335,
2024-06-10T13:13:00+05:30,23334.8,23336.4,23326.8,23329.8,
2024-06-10T13:14:00+05:30,23329.5,23335.3,23328.8,23333.4,
2024-06-10T13:15:00+05:30,23332.5,23338.7,23331.8,23334.7,
2024-06-10T13:16:00+05:30,23334.5,23334.5,23325.2,23332.2,
2024-06-10T13:17:00+05:30,23332,23342.8,23331.5,23338.4,
2024-06-10T13:18:00+05:30,23337.9,23344.4,23337.9,23343.2,
2024-06-10T13:19:00+05:30,23342.7,23343,23335.9,23336.8,
2024-06-10T13:20:00+05:30,23336.2,23336.2,23330,23330.5,
2024-06-10T13:21:00+05:30,23330,23333.4,23326.4,23327.2,
2024-06-10T13:22:00+05:30,23326.2,23334.5,23324.2,23334.4,
2024-06-10T13:23:00+05:30,23334.3,23337,23332.3,23334.8,
2024-06-10T13:24:00+05:30,23335.2,23339.2,23334.2,23338,
2024-06-10T13:25:00+05:30,23337.8,23338.1,23325.8,23332.7,
2024-06-10T13:26:00+05:30,23332.8,23335.8,23330,23335.3,
2024-06-10T13:27:00+05:30,23335.5,23339.2,23332.5,23337.8,
2024-06-10T13:28:00+05:30,23338.7,23339.1,23332,23336,
2024-06-10T13:29:00+05:30,23335.4,23338.1,23329.8,23330.2,
2024-06-10T13:30:00+05:30,23330.4,23334.2,23329.5,23332.8,
2024-06-10T13:31:00+05:30,23332.2,23332.8,23328.2,23330.8,
2024-06-10T13:32:00+05:30,23330.3,23337.7,23329.7,23335.6,
2024-06-10T13:33:00+05:30,23336,23338.1,23334.2,23335.8,
2024-06-10T13:34:00+05:30,23335.8,23335.8,23329.1,23332.2,
2024-06-10T13:35:00+05:30,23332,23336.7,23331.8,23336.7,
2024-06-10T13:36:00+05:30,23336.3,23337.9,23332.5,23336.5,
2024-06-10T13:37:00+05:30,23337.2,23340.6,23334.2,23339.8,
2024-06-10T13:38:00+05:30,23339.8,23343.5,23338.2,23341.5,
2024-06-10T13:39:00+05:30,23338.8,23345.5,23338.8,23344.2,
2024-06-10T13:40:00+05:30,23345,23349.2,23343.9,23348.3,
2024-06-10T13:41:00+05:30,23348.2,23351.7,23346.8,23348.7,
2024-06-10T13:42:00+05:30,23349.2,23351.8,23343.5,23351.8,
2024-06-10T13:43:00+05:30,23351.4,23361.8,23350.8,23358.7,
2024-06-10T13:44:00+05:30,23358.7,23361.4,23355,23358.3,
2024-06-10T13:45:00+05:30,23358.5,23361.8,23355.7,23361.8,
2024-06-10T13:46:00+05:30,23362.2,23365.3,23359.2,23361.3,
2024-06-10T13:47:00+05:30,23361.2,23364.4,23355.4,23356.7,
2024-06-10T13:48:00+05:30,23355.8,23356.5,23350.7,23351.3,
2024-06-10T13:49:00+05:30,23351.8,23355.7,23349.7,23352,
2024-06-10T13:50:00+05:30,23351.5,23353.2,23344.5,23349.8,
2024-06-10T13:51:00+05:30,23349.8,23357.9,23349,23356.2,
2024-06-10T13:52:00+05:30,23356.5,23357.4,23343.5,23343.8,
2024-06-10T13:53:00+05:30,23344.4,23350.7,23341.7,23350.5,
2024-06-10T13:54:00+05:30,23350.3,23357.4,23350.3,23354.5,
2024-06-10T13:55:00+05:30,23354.2,23355.5,23349.7,23355.4,
2024-06-10T13:56:00+05:30,23355.8,23357.3,23353.5,23356.8,
2024-06-10T13:57:00+05:30,23357,23360.3,23356.3,23359.3,
2024-06-10T13:58:00+05:30,23360,23364.5,23358.6,23361.8,
2024-06-10T13:59:00+05:30,23361.3,23368.5,23359.8,23368.3,
2024-06-10T14:00:00+05:30,23366.2,23370.3,23364.1,23366,
2024-06-10T14:01:00+05:30,23366.2,23366.2,23360.7,23364.2,
2024-06-10T14:02:00+05:30,23366.7,23370.6,23363.8,23370.2,
2024-06-10T14:03:00+05:30,23370.3,23375.3,23367.8,23374.7,
2024-06-10T14:04:00+05:30,23374.3,23377.3,23371.3,23376.6,
2024-06-10T14:05:00+05:30,23376,23377.3,23374.2,23376.5,
2024-06-10T14:06:00+05:30,23375.8,23375.8,23362.2,23364,
2024-06-10T14:07:00+05:30,23363.5,23366.2,23360.8,23363.5,
2024-06-10T14:08:00+05:30,23363.8,23363.8,23356.4,23356.8,
2024-06-10T14:09:00+05:30,23356.8,23362.8,23355.8,23362.2,
2024-06-10T14:10:00+05:30,23361.9,23363.5,23358.8,23363.5,
2024-06-10T14:11:00+05:30,23363.3,23367.4,23360.7,23364.8,
2024-06-10T14:12:00+05:30,23364.6,23369.5,23361.2,23366.7,
2024-06-10T14:13:00+05:30,23366.6,23367,23362,23362.8,
2024-06-10T14:14:00+05:30,23362.9,23365.5,23359,23363.2,
2024-06-10T14:15:00+05:30,23363,23365,23358,23362,
2024-06-10T14:16:00+05:30,23362,23362.3,23355,23359.5,
2024-06-10T14:17:00+05:30,23359.3,23361.5,23355.9,23355.9,
2024-06-10T14:18:00+05:30,23355.4,23356.2,23350.5,23351,
2024-06-10T14:19:00+05:30,23351,23357.3,23348.8,23357.2,
2024-06-10T14:20:00+05:30,23357.2,23360.2,23356,23357.2,
2024-06-10T14:21:00+05:30,23357.2,23357.2,23350.7,23356.2,
2024-06-10T14:22:00+05:30,23355.7,23356.6,23345.8,23347.8,
2024-06-10T14:23:00+05:30,23347,23347.3,23331.5,23336.3,
2024-06-10T14:24:00+05:30,23335.7,23345.5,23332.5,23332.8,
2024-06-10T14:25:00+05:30,23330.8,23332.5,23310.4,23324.7,
2024-06-10T14:26:00+05:30,23324.5,23329.4,23318.2,23324.6,
2024-06-10T14:27:00+05:30,23324,23329,23313,23315.2,
2024-06-10T14:28:00+05:30,23314.3,23315.3,23295.5,23298.1,
2024-06-10T14:29:00+05:30,23298.2,23303.5,23256.4,23262,
2024-06-10T14:30:00+05:30,23261.7,23290.1,23258.5,23285.2,
2024-06-10T14:31:00+05:30,23285.3,23293,23277.2,23280.2,
2024-06-10T14:32:00+05:30,23279.9,23288.2,23275.5,23283.9,
2024-06-10T14:33:00+05:30,23283.1,23287,23276.2,23282,
2024-06-10T14:34:00+05:30,23280.5,23286,23269.2,23270,
2024-06-10T14:35:00+05:30,23268.5,23270.8,23240.2,23242.9,
2024-06-10T14:36:00+05:30,23242.7,23255,23228.5,23253.6,
2024-06-10T14:37:00+05:30,23253,23273.2,23248.4,23265,
2024-06-10T14:38:00+05:30,23265,23279.8,23261.5,23275,
2024-06-10T14:39:00+05:30,23273.8,23293.4,23273.7,23293.4,
2024-06-10T14:40:00+05:30,23293,23295.4,23272.9,23275.7,
2024-06-10T14:41:00+05:30,23276.5,23286.7,23270.1,23282.6,
2024-06-10T14:42:00+05:30,23281.3,23289.3,23277.4,23288.7,
2024-06-10T14:43:00+05:30,23288.5,23292.5,23284.8,23285.5,
2024-06-10T14:44:00+05:30,23284.8,23300.5,23284.8,23297.5,
2024-06-10T14:45:00+05:30,23297.5,23297.8,23280.4,23280.8,
2024-06-10T14:46:00+05:30,23282.2,23286.5,23279.2,23284,
2024-06-10T14:47:00+05:30,23284.5,23300.1,23282,23296.5,
2024-06-10T14:48:00+05:30,23297.5,23297.5,23288.7,23290.8,
2024-06-10T14:49:00+05:30,23290,23290,23279.5,23282.4,
2024-06-10T14:50:00+05:30,23282.2,23285.7,23274.7,23275.3,
2024-06-10T14:51:00+05:30,23278.6,23279.3,23268.4,23273.8,
2024-06-10T14:52:00+05:30,23272.5,23287,23271.4,23286.8,
2024-06-10T14:53:00+05:30,23286.5,23286.9,23276.2,23277,
2024-06-10T14:54:00+05:30,23275,23283.4,23271,23282.5,
2024-06-10T14:55:00+05:30,23282.2,23287.3,23276.5,23287.3,
2024-06-10T14:56:00+05:30,23286.6,23286.6,23271,23273.2,
2024-06-10T14:57:00+05:30,23272,23273.5,23264.7,23267,
2024-06-10T14:58:00+05:30,23268.4,23277.1,23264.2,23275.2,
2024-06-10T14:59:00+05:30,23274.8,23284.7,23272.8,23284.3,
2024-06-10T15:00:00+05:30,23284.2,23289.2,23272.5,23289.2,
2024-06-10T15:01:00+05:30,23289.2,23292.2,23281.4,23289.1,
2024-06-10T15:02:00+05:30,23289.8,23291.2,23278.9,23282.6,
2024-06-10T15:03:00+05:30,23282.5,23293.5,23281.9,23289,
2024-06-10T15:04:00+05:30,23289.8,23300.4,23289.3,23299.3,
2024-06-10T15:05:00+05:30,23299.8,23300.4,23277.5,23279.8,
2024-06-10T15:06:00+05:30,23278.4,23285.5,23277,23285.5,
2024-06-10T15:07:00+05:30,23285.1,23287.7,23269.5,23275.3,
2024-06-10T15:08:00+05:30,23276.6,23279,23269.5,23273.3,
2024-06-10T15:09:00+05:30,23272,23278.5,23270.9,23274.8,
2024-06-10T15:10:00+05:30,23275.9,23278.9,23270.8,23271.6,
2024-06-10T15:11:00+05:30,23272.5,23275.6,23261.7,23273.7,
2024-06-10T15:12:00+05:30,23273.6,23275.3,23266.5,23268.7,
2024-06-10T15:13:00+05:30,23268,23270.5,23262.5,23266.5,
2024-06-10T15:14:00+05:30,23267.2,23268.2,23259.8,23262.2,
2024-06-10T15:15:00+05:30,23261.6,23263.9,23253.8,23261.5,
2024-06-10T15:16:00+05:30,23263.4,23264.2,23257.8,23257.8,
2024-06-10T15:17:00+05:30,23256.8,23260,23250.5,23257,
2024-06-10T15:18:00+05:30,23256.7,23258.3,23249,23253.2,
2024-06-10T15:19:00+05:30,23252.6,23254.6,23248.6,23250.1,
2024-06-10T15:20:00+05:30,23250,23253,23235.3,23236.2,
2024-06-10T15:21:00+05:30,23237.9,23242.5,23235.7,23239.5,
2024-06-10T15:22:00+05:30,23240.7,23241.7,23232.3,23235.3,
2024-06-10T15:23:00+05:30,23236.4,23239.5,23234.3,23238.7,
2024-06-10T15:24:00+05:30,23239,23239.8,23232.8,23236.8,
2024-06-10T15:25:00+05:30,23236.2,23236.6,23227.2,23230.8,
2024-06-10T15:26:00+05:30,23231.7,23236.7,23229.5,23233.8,
2024-06-10T15:27:00+05:30,23233.2,23238,23232.6,23235.7,
2024-06-10T15:28:00+05:30,23236.2,23238.3,23227.2,23233.6,
2024-06-10T15:29:00+05:30,23233.9,23238.1,23230.1,23234.5,
2024-06-11T09:15:00+05:30,23283.8,23288.2,23229.6,23242.8,
2024-06-11T09:16:00+05:30,23241,23252.5,23235.5,23248.8,
2024-06-11T09:17:00+05:30,23245.7,23254.7,23239,23242.5,
2024-06-11T09:18:00+05:30,23244,23246.3,23233.7,23239.1,
2024-06-11T09:19:00+05:30,23238.8,23248.1,23230.7,23247.6,
2024-06-11T09:20:00+05:30,23247.5,23266.8,23247.5,23263.8,
2024-06-11T09:21:00+05:30,23263.1,23265.2,23252.6,23259.7,
2024-06-11T09:22:00+05:30,23258.7,23276.5,23256.2,23270.8,
2024-06-11T09:23:00+05:30,23270.2,23273.2,23260,23262.5,
2024-06-11T09:24:00+05:30,23262.9,23270,23262.2,23267.4,
2024-06-11T09:25:00+05:30,23267.7,23288.6,23267.3,23282.2,
2024-06-11T09:26:00+05:30,23283.4,23289.8,23278.9,23280.8,
2024-06-11T09:27:00+05:30,23280.4,23282.1,23272.8,23277,
2024-06-11T09:28:00+05:30,23276.9,23282.5,23276.9,23279.5,
2024-06-11T09:29:00+05:30,23279.2,23289.3,23279.2,23283.2,
2024-06-11T09:30:00+05:30,23282.7,23285.7,23276.5,23284.2,
2024-06-11T09:31:00+05:30,23284.2,23284.5,23275.7,23278,
2024-06-11T09:32:00+05:30,23277.4,23278.2,23261.9,23266.4,
2024-06-11T09:33:00+05:30,23267,23268.4,23255.7,23257.2,
2024-06-11T09:34:00+05:30,23256.8,23258.8,23246.3,23248.4,
2024-06-11T09:35:00+05:30,23249.5,23249.5,23232.7,23233.7,
2024-06-11T09:36:00+05:30,23232.8,23242.5,23230.7,23240.3,
2024-06-11T09:37:00+05:30,23241.2,23241.2,23217.2,23223.2,
2024-06-11T09:38:00+05:30,23221.8,23221.8,23206.7,23215.5,
2024-06-11T09:39:00+05:30,23215.2,23228.5,23215,23218.8,
2024-06-11T09:40:00+05:30,23218.6,23226.3,23212.3,23223.5,
2024-06-11T09:41:00+05:30,23222.6,23244.8,23222.6,23241.7,
2024-06-11T09:42:00+05:30,23242.8,23252.2,23242.3,23244.5,
2024-06-11T09:43:00+05:30,23244.7,23257,23243,23257,
2024-06-11T09:44:00+05:30,23256.2,23258.5,23249.3,23252.8,
2024-06-11T09:45:00+05:30,23252.8,23267.8,23250.3,23258.8,
2024-06-11T09:46:00+05:30,23259,23265.7,23254.5,23260.2,
2024-06-11T09:47:00+05:30,23262.8,23265.3,23257.8,23260.2,
2024-06-11T09:48:00+05:30,23260.2,23264.8,23254.2,23264.5,
2024-06-11T09:49:00+05:30,23263.8,23271.7,23260.6,23263.9,
2024-06-11T09:50:00+05:30,23265.4,23278,23262.2,23276,
2024-06-11T09:51:00+05:30,23276,23280.5,23272.5,23274.7,
2024-06-11T09:52:00+05:30,23276.3,23281,23271.3,23279.5,
2024-06-11T09:53:00+05:30,23279.3,23288.9,23278.1,23279.9,
2024-06-11T09:54:00+05:30,23279.3,23280.1,23265.2,23271.5,
2024-06-11T09:55:00+05:30,23270.9,23276.7,23262.7,23274.2,
2024-06-11T09:56:00+05:30,23274.1,23277,23269.7,23271.2,
2024-06-11T09:57:00+05:30,23269.9,23270.7,23259,23260,
2024-06-11T09:58:00+05:30,23261.5,23272.6,23260,23272,
2024-06-11T09:59:00+05:30,23272,23276.2,23267.4,23270,
2024-06-11T10:00:00+05:30,23269,23274.9,23265.8,23274.9,
2024-06-11T10:01:00+05:30,23275,23290,23275,23286.2,
2024-06-11T10:02:00+05:30,23286.2,23290.5,23280.9,23289.1,
2024-06-11T10:03:00+05:30,23289.2,23298.9,23287.8,23297.6,
2024-06-11T10:04:00+05:30,23297.5,23299.2,23290.5,23294.5,
2024-06-11T10:05:00+05:30,23295,23297.5,23291.5,23291.5,
2024-06-11T10:06:00+05:30,23291.8,23297.8,23291.3,23293.3,
2024-06-11T10:07:00+05:30,23294.2,23300.9,23293,23299.2,
2024-06-11T10:08:00+05:30,23300.2,23303.4,23297.6,23302.2,
2024-06-11T10:09:00+05:30,23301.5,23309.1,23301.5,23304.7,
2024-06-11T10:10:00+05:30,23305.7,23319.2,23304.6,23318.8,
2024-06-11T10:11:00+05:30,23318.5,23322.2,23315.4,23318.7,
2024-06-11T10:12:00+05:30,23317.9,23324.5,23317.3,23321.9,
2024-06-11T10:13:00+05:30,23321.5,23325.2,23315.8,23315.8,
2024-06-11T10:14:00+05:30,23316.4,23317.2,23310,23312.5,
2024-06-11T10:15:00+05:30,23311.8,23317.2,23307.8,23314.6,
2024-06-11T10:16:00+05:30,23316.7,23317.5,23308,23309,
2024-06-11T10:17:00+05:30,23310,23316.6,23308.8,23313,
2024-06-11T10:18:00+05:30,23313,23326.2,23309.5,23324.3,
2024-06-11T10:19:00+05:30,23323.8,23325.1,23318.5,23319.3,
2024-06-11T10:20:00+05:30,23319.1,23319.2,23314,23315.2,
2024-06-11T10:21:00+05:30,23314.2,23315.8,23311.3,23315.2,
2024-06-11T10:22:00+05:30,23314.8,23318.3,23312.6,23313.5,
2024-06-11T10:23:00+05:30,23313.6,23318.7,23313.5,23318.2,
2024-06-11T10:24:00+05:30,23319.8,23320,23315.5,23318.2,
2024-06-11T10:25:00+05:30,23319,23320.4,23315.8,23318.1,
2024-06-11T10:26:00+05:30,23318.2,23320.5,23316.8,23317.5,
2024-06-11T10:27:00+05:30,23317,23322.5,23316.2,23321.8,
2024-06-11T10:28:00+05:30,23322.2,23324,23320.3,23321.2,
2024-06-11T10:29:00+05:30,23321.2,23321.7,23306.2,23307.5,
2024-06-11T10:30:00+05:30,23306.7,23316,23300.3,23316,
2024-06-11T10:31:00+05:30,23315.7,23320.8,23315.7,23320.1,
2024-06-11T10:32:00+05:30,23320.9,23323.5,23319.4,23321.4,
2024-06-11T10:33:00+05:30,23321.9,23326.3,23321.4,23324.9,
2024-06-11T10:34:00+05:30,23325.5,23327.8,23322.4,23325.6,
2024-06-11T10:35:00+05:30,23325.3,23328.5,23323.5,23325.9,
2024-06-11T10:36:00+05:30,23325.6,23329.7,23323.8,23328.2,
2024-06-11T10:37:00+05:30,23328.2,23330,23324.5,23328.4,
2024-06-11T10:38:00+05:30,23328.2,23329.5,23325.4,23326.7,
2024-06-11T10:39:00+05:30,23326.1,23344.8,23324.2,23344.8,
2024-06-11T10:40:00+05:30,23343.5,23348,23340.8,23342.2,
2024-06-11T10:41:00+05:30,23341.2,23342.5,23335.2,23335.6,
2024-06-11T10:42:00+05:30,23335,23335.8,23331.5,23332.8,
2024-06-11T10:43:00+05:30,23333.2,23333.5,23325.7,23326.6,
2024-06-11T10:44:00+05:30,23326.3,23327.6,23317.8,23321.2,
2024-06-11T10:45:00+05:30,23320.4,23325,23315,23319.9,
2024-06-11T10:46:00+05:30,23318.5,23323,23316.9,23317,
2024-06-11T10:47:00+05:30,23317.3,23318.3,23310.3,23314.5,
2024-06-11T10:48:00+05:30,23314.3,23321.7,23313.8,23317.3,
2024-06-11T10:49:00+05:30,23317.2,23317.2,23312.3,23316,
2024-06-11T10:50:00+05:30,23315.8,23324.1,23315.8,23320.3,
2024-06-11T10:51:00+05:30,23319.2,23321.7,23317.3,23318.7,
2024-06-11T10:52:00+05:30,23318.5,23320.3,23317.5,23319.7,
2024-06-11T10:53:00+05:30,23319.7,23325.6,23319.7,23324.8,
2024-06-11T10:54:00+05:30,23324.3,23328.7,23323.5,23328.2,
2024-06-11T10:55:00+05:30,23328,23328.8,23321.7,23322.2,
2024-06-11T10:56:00+05:30,23322.7,23327,23322.7,23325.2,
2024-06-11T10:57:00+05:30,23325.2,23325.3,23318.8,23318.8,
2024-06-11T10:58:00+05:30,23319.2,23321.7,23314,23320.2,
2024-06-11T10:59:00+05:30,23320.5,23321.5,23318.2,23318.6,
2024-06-11T11:00:00+05:30,23317.9,23321.2,23311.5,23314.3,
2024-06-11T11:01:00+05:30,23314.1,23314.7,23304.5,23305,
2024-06-11T11:02:00+05:30,23301.8,23304.7,23297.9,23302.3,
2024-06-11T11:03:00+05:30,23302,23311.5,23299.1,23311.5,
2024-06-11T11:04:00+05:30,23311.1,23318,23311,23317.4,
2024-06-11T11:05:00+05:30,23317.2,23321.4,23315.8,23320,
2024-06-11T11:06:00+05:30,23320.3,23320.3,23316.5,23319,
2024-06-11T11:07:00+05:30,23319.4,23325,23318.9,23325,
2024-06-11T11:08:00+05:30,23324.8,23327.8,23322.3,23325.5,
2024-06-11T11:09:00+05:30,23325.5,23326.5,23322.9,23323.3,
2024-06-11T11:10:00+05:30,23323.4,23329.2,23321.7,23326.1,
2024-06-11T11:11:00+05:30,23329,23331.1,23326.3,23329.2,
2024-06-11T11:12:00+05:30,23329.5,23331.4,23327.5,23331.4,
2024-06-11T11:13:00+05:30,23330.8,23334.1,23330.2,23334.1,
2024-06-11T11:14:00+05:30,23334.5,23334.5,23327.7,23328.5,
2024-06-11T11:15:00+05:30,23329.3,23334.7,23328.1,23333.2,
2024-06-11T11:16:00+05:30,23332.9,23334.9,23330.1,23330.4,
2024-06-11T11:17:00+05:30,23330,23333.9,23329.9,23333.8,
2024-06-11T11:18:00+05:30,23333.5,23335,23331.4,23332.8,
2024-06-11T11:19:00+05:30,23332.3,23333.2,23330.8,23332,
2024-06-11T11:20:00+05:30,23332,23332.7,23327.4,23327.5,
2024-06-11T11:21:00+05:30,23327.2,23327.2,23319,23319,
2024-06-11T11:22:00+05:30,23319.6,23321.4,23313.1,23313.5,
2024-06-11T11:23:00+05:30,23312.8,23313.8,23311.1,23311.7,
2024-06-11T11:24:00+05:30,23312.2,23318.8,23311.3,23315.3,
2024-06-11T11:25:00+05:30,23315.3,23318.5,23312.8,23317.8,
2024-06-11T11:26:00+05:30,23317.8,23317.8,23314.5,23315.5,
2024-06-11T11:27:00+05:30,23314.6,23318.2,23312.7,23316.5,
2024-06-11T11:28:00+05:30,23316.6,23316.8,23312.2,23312.2,
2024-06-11T11:29:00+05:30,23312,23313.2,23303.7,23307,
2024-06-11T11:30:00+05:30,23306.8,23316.2,23306.8,23315.9,
2024-06-11T11:31:00+05:30,23315.8,23316.3,23311.3,23314.2,
2024-06-11T11:32:00+05:30,23314.5,23317.4,23313.3,23313.3,
2024-06-11T11:33:00+05:30,23314,23314,23309.2,23310.2,
2024-06-11T11:34:00+05:30,23309.7,23318.3,23309.7,23317.2,
2024-06-11T11:35:00+05:30,23317.2,23318.5,23313.9,23315.9,
2024-06-11T11:36:00+05:30,23316.5,23320.5,23314.5,23319.2,
2024-06-11T11:37:00+05:30,23319.8,23324.3,23318.5,23322.6,
2024-06-11T11:38:00+05:30,23323.2,23323.3,23319.7,23321.2,
2024-06-11T11:39:00+05:30,23320.6,23324,23319.4,23322.8,
2024-06-11T11:40:00+05:30,23322.3,23325.3,23322.3,23324.4,
2024-06-11T11:41:00+05:30,23324.3,23324.3,23314.7,23315.6,
2024-06-11T11:42:00+05:30,23315.4,23321.3,23313.8,23320.8,
2024-06-11T11:43:00+05:30,23320.5,23324.8,23320.3,23320.9,
2024-06-11T11:44:00+05:30,23320.7,23324.8,23320.5,23324.7,
2024-06-11T11:45:00+05:30,23324.6,23326.4,23320.4,23325.2,
2024-06-11T11:46:00+05:30,23325,23329.8,23323.7,23329.3,
2024-06-11T11:47:00+05:30,23328.8,23329,23325.1,23325.1,
2024-06-11T11:48:00+05:30,23325.1,23325.8,23321.5,23323.3,
2024-06-11T11:49:00+05:30,23323.3,23327,23322.8,23325.6,
2024-06-11T11:50:00+05:30,23325.5,23330.9,23325.5,23330.7,
2024-06-11T11:51:00+05:30,23329.8,23333.4,23329.5,23330.8,
2024-06-11T11:52:00+05:30,23330.8,23335.5,23327,23334.5,
2024-06-11T11:53:00+05:30,23334.9,23336.2,23333.2,23333.8,
2024-06-11T11:54:00+05:30,23333,23333.8,23331,23331.5,
2024-06-11T11:55:00+05:30,23331,23333.1,23329,23329.5,
2024-06-11T11:56:00+05:30,23328.8,23330.2,23324.2,23325,
2024-06-11T11:57:00+05:30,23326.3,23326.8,23319.7,23320.6,
2024-06-11T11:58:00+05:30,23320.5,23324.3,23315.5,23316,
2024-06-11T11:59:00+05:30,23315.5,23321.5,23315.2,23320.4,
2024-06-11T12:00:00+05:30,23319.5,23322.5,23318.8,23320.6,
2024-06-11T12:01:00+05:30,23320.2,23323.8,23320.2,23322.8,
2024-06-11T12:02:00+05:30,23322.7,23328.9,23322.7,23326,
2024-06-11T12:03:00+05:30,23325.5,23326.5,23323,23324.7,
2024-06-11T12:04:00+05:30,23324,23326,23315,23319.3,
2024-06-11T12:05:00+05:30,23319.4,23321.6,23315.8,23319.9,
2024-06-11T12:06:00+05:30,23320,23322,23319,23320.1,
2024-06-11T12:07:00+05:30,23320.3,23323.2,23319.8,23322,
2024-06-11T12:08:00+05:30,23322.4,23324.1,23319.7,23324.1,
2024-06-11T12:09:00+05:30,23323.8,23328.3,23323.6,23328,
2024-06-11T12:10:00+05:30,23329.8,23335,23329,23333,
2024-06-11T12:11:00+05:30,23332.8,23333.6,23330.3,23332.8,
2024-06-11T12:12:00+05:30,23333.4,23336.2,23330.8,23333.8,
2024-06-11T12:13:00+05:30,23333.6,23334.2,23331.5,23331.6,
2024-06-11T12:14:00+05:30,23331.4,23336.8,23330.2,23331.1,
2024-06-11T12:15:00+05:30,23330.8,23334,23330.1,23330.3,
2024-06-11T12:16:00+05:30,23330,23330.9,23325.2,23328.8,
2024-06-11T12:17:00+05:30,23328.7,23336.2,23328.2,23332.8,
2024-06-11T12:18:00+05:30,23331.7,23335.5,23331.5,23334.2,
2024-06-11T12:19:00+05:30,23334.2,23335.5,23332,23332.5,
2024-06-11T12:20:00+05:30,23332.7,23334.5,23328,23328.7,
2024-06-11T12:21:00+05:30,23328.8,23328.8,23322,23325,
2024-06-11T12:22:00+05:30,23325.5,23328.2,23324,23325.2,
2024-06-11T12:23:00+05:30,23324.5,23328.2,23324.5,23326.9,
2024-06-11T12:24:00+05:30,23327.4,23335.8,23326.2,23333.7,
2024-06-11T12:25:00+05:30,23333.2,23339.5,23331.7,23339.3,
2024-06-11T12:26:00+05:30,23339.6,23342.3,23335.3,23337.7,
2024-06-11T12:27:00+05:30,23337.8,23341.4,23337.2,23338,
2024-06-11T12:28:00+05:30,23337.6,23338.2,23333.9,23334.1,
2024-06-11T12:29:00+05:30,23334.5,23337.2,23333.7,23334.8,
2024-06-11T12:30:00+05:30,23335.2,23336.9,23326.2,23326.3,
2024-06-11T12:31:00+05:30,23326.1,23329.3,23322.2,23328.8,
2024-06-11T12:32:00+05:30,23328.5,23330,23321.6,23323.8,
2024-06-11T12:33:00+05:30,23323.2,23323.9,23320.7,23321.5,
2024-06-11T12:34:00+05:30,23321.2,23325.7,23315.2,23315.5,
2024-06-11T12:35:00+05:30,23316.2,23320.2,23311,23319.6,
2024-06-11T12:36:00+05:30,23320,23327,23319.2,23319.3,
2024-06-11T12:37:00+05:30,23319.7,23329.6,23316.9,23328.4,
2024-06-11T12:38:00+05:30,23328.8,23330.2,23326.7,23328,
2024-06-11T12:39:00+05:30,23327.8,23332.2,23325.2,23332,
2024-06-11T12:40:00+05:30,23331.3,23332.8,23328,23328.3,
2024-06-11T12:41:00+05:30,23328,23330.1,23326.7,23327.5,
2024-06-11T12:42:00+05:30,23327.5,23333.2,23327.4,23333.2,
2024-06-11T12:43:00+05:30,23332.8,23339.1,23331.6,23337.8,
2024-06-11T12:44:00+05:30,23337.5,23339.4,23334.8,23337.5,
2024-06-11T12:45:00+05:30,23336.5,23338.8,23335.6,23338.3,
2024-06-11T12:46:00+05:30,23337.5,23342.4,23335.2,23342.4,
2024-06-11T12:47:00+05:30,23339.3,23343,23338.8,23340.3,
2024-06-11T12:48:00+05:30,23340,23342.7,23331.7,23332.1,
2024-06-11T12:49:00+05:30,23332.2,23334.3,23328.7,23329.3,
2024-06-11T12:50:00+05:30,23329.3,23337.1,23329,23332.8,
2024-06-11T12:51:00+05:30,23332.7,23335.5,23330.3,23331.9,
2024-06-11T12:52:00+05:30,23331.3,23333.5,23329.5,23331.9,
2024-06-11T12:53:00+05:30,23332.2,23340.5,23332.2,23338.8,
2024-06-11T12:54:00+05:30,23338.5,23350.9,23336.8,23346.1,
2024-06-11T12:55:00+05:30,23346.5,23361.5,23346.5,23348.8,
2024-06-11T12:56:00+05:30,23348,23348,23340.2,23341.6,
2024-06-11T12:57:00+05:30,23341.4,23343.8,23329.8,23330.8,
2024-06-11T12:58:00+05:30,23330,23338.3,23325.7,23333,
2024-06-11T12:59:00+05:30,23333,23338.3,23332.2,23334,
2024-06-11T13:00:00+05:30,23333.2,23335.9,23328.7,23330.5,
2024-06-11T13:01:00+05:30,23330.1,23337.8,23329.2,23335.5,
2024-06-11T13:02:00+05:30,23334.5,23339.8,23333.7,23339.8,
2024-06-11T13:03:00+05:30,23340.2,23341.2,23336,23339,
2024-06-11T13:04:00+05:30,23338.7,23340.7,23337,23340.2,
2024-06-11T13:05:00+05:30,23340.2,23343.6,23339.5,23341.7,
2024-06-11T13:06:00+05:30,23341.5,23347.3,23340.1,23344.4,
2024-06-11T13:07:00+05:30,23344.1,23344.8,23339.9,23343,
2024-06-11T13:08:00+05:30,23342.1,23346.1,23341.7,23343.2,
2024-06-11T13:09:00+05:30,23343,23343.8,23340,23340.5,
2024-06-11T13:10:00+05:30,23340.3,23342.3,23338.6,23340.8,
2024-06-11T13:11:00+05:30,23340,23346.2,23339,23344.6,
2024-06-11T13:12:00+05:30,23343.3,23347.5,23341.2,23341.9,
2024-06-11T13:13:00+05:30,23341.3,23342.5,23337.8,23341.2,
2024-06-11T13:14:00+05:30,23340.3,23340.5,23331.8,23331.8,
2024-06-11T13:15:00+05:30,23333.5,23335.4,23327.5,23329,
2024-06-11T13:16:00+05:30,23328.7,23338,23328.4,23334.5,
2024-06-11T13:17:00+05:30,23335.8,23341.4,23334.7,23337.6,
2024-06-11T13:18:00+05:30,23337.6,23341.2,23328.7,23330.8,
2024-06-11T13:19:00+05:30,23330.2,23344.1,23329.7,23342.6,
2024-06-11T13:20:00+05:30,23342.3,23346.2,23340.8,23342,
2024-06-11T13:21:00+05:30,23341.2,23351.5,23339.8,23349.8,
2024-06-11T13:22:00+05:30,23349.3,23350,23341.2,23341.4,
2024-06-11T13:23:00+05:30,23341.5,23349,23341.3,23348.2,
2024-06-11T13:24:00+05:30,23348,23349.2,23344,23345,
2024-06-11T13:25:00+05:30,23344.8,23355,23344.8,23352,
2024-06-11T13:26:00+05:30,23352,23353.5,23348.5,23349.1,
2024-06-11T13:27:00+05:30,23349.5,23349.5,23343.6,23345,
2024-06-11T13:28:00+05:30,23347.9,23356.8,23345.8,23356.5,
2024-06-11T13:29:00+05:30,23358.3,23358.3,23352.7,23353.5,
2024-06-11T13:30:00+05:30,23352.8,23358.4,23352.5,23357.4,
2024-06-11T13:31:00+05:30,23357.2,23358.7,23351.2,23351.5,
2024-06-11T13:32:00+05:30,23350.8,23352.5,23345.8,23346.9,
2024-06-11T13:33:00+05:30,23346.8,23359.2,23346.8,23358,
2024-06-11T13:34:00+05:30,23357,23373.9,23351.8,23371.6,
2024-06-11T13:35:00+05:30,23371.1,23379,23367.6,23368.9,
2024-06-11T13:36:00+05:30,23369.2,23371.1,23364.1,23369.3,
2024-06-11T13:37:00+05:30,23369.2,23371.2,23363.5,23368.3,
2024-06-11T13:38:00+05:30,23370,23370.4,23362.8,23369.8,
2024-06-11T13:39:00+05:30,23369.6,23381.9,23369.6,23379.2,
2024-06-11T13:40:00+05:30,23379.2,23379.2,23373.8,23375,
2024-06-11T13:41:00+05:30,23375.6,23383.8,23375.6,23379.2,
2024-06-11T13:42:00+05:30,23379,23379.8,23374.8,23375.8,
2024-06-11T13:43:00+05:30,23375,23381,23373.3,23379.5,
2024-06-11T13:44:00+05:30,23379.2,23380.2,23376.4,23379,
2024-06-11T13:45:00+05:30,23379.6,23387.8,23378.9,23386.5,
2024-06-11T13:46:00+05:30,23387,23389.5,23382.8,23384,
2024-06-11T13:47:00+05:30,23383.5,23385.3,23376.2,23377.4,
2024-06-11T13:48:00+05:30,23376.5,23378,23374.2,23376,
2024-06-11T13:49:00+05:30,23375.3,23383.8,23374.7,23382.7,
2024-06-11T13:50:00+05:30,23382,23382.5,23378.5,23380.5,
2024-06-11T13:51:00+05:30,23380.1,23383.4,23374.3,23374.6,
2024-06-11T13:52:00+05:30,23374.5,23375.2,23371,23372.2,
2024-06-11T13:53:00+05:30,23371.5,23375.8,23369.2,23370.4,
2024-06-11T13:54:00+05:30,23369.8,23372.4,23368,23369.2,
2024-06-11T13:55:00+05:30,23369.1,23372.5,23367.2,23367.6,
2024-06-11T13:56:00+05:30,23367.2,23369,23363.7,23367.6,
2024-06-11T13:57:00+05:30,23367.6,23374,23367.1,23373.5,
2024-06-11T13:58:00+05:30,23374.3,23378.5,23372,23377.5,
2024-06-11T13:59:00+05:30,23376.5,23377.7,23373.8,23374.2,
2024-06-11T14:00:00+05:30,23374.3,23375.3,23370.4,23370.5,
2024-06-11T14:01:00+05:30,23370,23371.7,23366.5,23367,
2024-06-11T14:02:00+05:30,23367.2,23368.3,23339.2,23344,
2024-06-11T14:03:00+05:30,23343.5,23345.7,23330.5,23341.2,
2024-06-11T14:04:00+05:30,23340.5,23350.5,23338.3,23340.2,
2024-06-11T14:05:00+05:30,23341,23345,23335.2,23340.5,
2024-06-11T14:06:00+05:30,23340.1,23343,23334.5,23340.4,
2024-06-11T14:07:00+05:30,23339.8,23350.5,23338.8,23350.1,
2024-06-11T14:08:00+05:30,23348.6,23349.8,23340.7,23341,
2024-06-11T14:09:00+05:30,23340.3,23348.2,23339.8,23345.7,
2024-06-11T14:10:00+05:30,23345.3,23346.5,23323.3,23323.3,
2024-06-11T14:11:00+05:30,23322.2,23333.2,23321,23331.3,
2024-06-11T14:12:00+05:30,23331.3,23332.5,23317.8,23322.3,
2024-06-11T14:13:00+05:30,23322.8,23331.8,23318.7,23331.3,
2024-06-11T14:14:00+05:30,23331,23334.5,23329.3,23330.2,
2024-06-11T14:15:00+05:30,23330.5,23336,23324,23335.2,
2024-06-11T14:16:00+05:30,23334.5,23334.5,23326.8,23331.4,
2024-06-11T14:17:00+05:30,23330.2,23337.5,23327.7,23328.4,
2024-06-11T14:18:00+05:30,23326.8,23329.8,23317.6,23322.3,
2024-06-11T14:19:00+05:30,23321.9,23326.3,23315.8,23319,
2024-06-11T14:20:00+05:30,23319.8,23322.9,23303.9,23305.2,
2024-06-11T14:21:00+05:30,23305.6,23313.3,23301,23312.7,
2024-06-11T14:22:00+05:30,23313.5,23327.5,23310.3,23327.5,
2024-06-11T14:23:00+05:30,23326.8,23334.7,23323.5,23327.8,
2024-06-11T14:24:00+05:30,23328.3,23339.8,23326.9,23337.6,
2024-06-11T14:25:00+05:30,23338.5,23342.5,23334.4,23341.4,
2024-06-11T14:26:00+05:30,23341.5,23344.2,23332.9,23333.4,
2024-06-11T14:27:00+05:30,23333.8,23338.8,23331.7,23336.7,
2024-06-11T14:28:00+05:30,23337.6,23340.2,23335.5,23339,
2024-06-11T14:29:00+05:30,23338.5,23347.6,23338,23344.7,
2024-06-11T14:30:00+05:30,23345.5,23351.8,23343.3,23343.5,
2024-06-11T14:31:00+05:30,23343.5,23345.2,23341.8,23343.5,
2024-06-11T14:32:00+05:30,23343,23343,23336.2,23340.7,
2024-06-11T14:33:00+05:30,23340.3,23343.8,23335.5,23337.6,
2024-06-11T14:34:00+05:30,23337.6,23339.2,23331.6,23333.5,
2024-06-11T14:35:00+05:30,23332.5,23336.4,23329.7,23335.8,
2024-06-11T14:36:00+05:30,23336,23343.9,23336,23340.7,
2024-06-11T14:37:00+05:30,23341,23341.2,23331.3,23332.2,
2024-06-11T14:38:00+05:30,23332.7,23336.1,23329.2,23331.6,
2024-06-11T14:39:00+05:30,23331.2,23334.6,23328,23329.3,
2024-06-11T14:40:00+05:30,23327.9,23332,23325.8,23327.3,
2024-06-11T14:41:00+05:30,23327.4,23338.2,23326.3,23335.6,
2024-06-11T14:42:00+05:30,23336.6,23341.6,23333.3,23340.5,
2024-06-11T14:43:00+05:30,23340.2,23343.2,23335.2,23335.2,
2024-06-11T14:44:00+05:30,23336,23337.6,23331.9,23333,
2024-06-11T14:45:00+05:30,23333.3,23334.7,23328.2,23328.6,
2024-06-11T14:46:00+05:30,23327,23329.2,23323.5,23324.3,
2024-06-11T14:47:00+05:30,23323.3,23326.2,23320.6,23323.2,
2024-06-11T14:48:00+05:30,23322.7,23330.7,23321,23328.8,
2024-06-11T14:49:00+05:30,23327.3,23328.8,23320.8,23322,
2024-06-11T14:50:00+05:30,23321.9,23326.3,23319.2,23325.1,
2024-06-11T14:51:00+05:30,23325,23329,23324.7,23328,
2024-06-11T14:52:00+05:30,23328.3,23330.2,23324.7,23326.5,
2024-06-11T14:53:00+05:30,23326.5,23326.5,23317.1,23317.8,
2024-06-11T14:54:00+05:30,23317.5,23321.9,23315.7,23319.2,
2024-06-11T14:55:00+05:30,23319,23323.8,23318,23322.4,
2024-06-11T14:56:00+05:30,23322.6,23332.7,23322.2,23332.7,
2024-06-11T14:57:00+05:30,23331.8,23336.2,23328.7,23330.5,
2024-06-11T14:58:00+05:30,23330.1,23333.6,23325.2,23331.5,
2024-06-11T14:59:00+05:30,23332.3,23334.5,23325.5,23327,
2024-06-11T15:00:00+05:30,23325.7,23327.1,23312.5,23312.5,
2024-06-11T15:01:00+05:30,23313,23313,23291.2,23293,
2024-06-11T15:02:00+05:30,23292.7,23300.2,23292.3,23299.2,
2024-06-11T15:03:00+05:30,23298.8,23299.5,23281.6,23281.6,
2024-06-11T15:04:00+05:30,23280.7,23282.2,23273.3,23273.3,
2024-06-11T15:05:00+05:30,23267.7,23278,23264.5,23274.2,
2024-06-11T15:06:00+05:30,23275.5,23285.3,23275.3,23282.9,
2024-06-11T15:07:00+05:30,23282.3,23291,23280.2,23285,
2024-06-11T15:08:00+05:30,23284.2,23286.2,23279.3,23283.3,
2024-06-11T15:09:00+05:30,23283.3,23285,23276.7,23279.2,
2024-06-11T15:10:00+05:30,23278.6,23283.8,23276,23280.2,
2024-06-11T15:11:00+05:30,23280.2,23284.9,23276.7,23276.7,
2024-06-11T15:12:00+05:30,23276.2,23278,23264.8,23265.8,
2024-06-11T15:13:00+05:30,23266,23271.5,23262.6,23263.1,
2024-06-11T15:14:00+05:30,23262.5,23266.8,23260.3,23264.2,
2024-06-11T15:15:00+05:30,23264.8,23266.2,23249.8,23249.8,
2024-06-11T15:16:00+05:30,23249.8,23250.5,23242.3,23246.5,
2024-06-11T15:17:00+05:30,23245.4,23252.8,23242.5,23250,
2024-06-11T15:18:00+05:30,23251.5,23253.5,23246,23250.5,
2024-06-11T15:19:00+05:30,23250,23253.2,23249.2,23251,
2024-06-11T15:20:00+05:30,23251.8,23252.7,23242.2,23242.4,
2024-06-11T15:21:00+05:30,23243.2,23245.3,23238,23239.7,
2024-06-11T15:22:00+05:30,23239.8,23243.5,23237.9,23240,
2024-06-11T15:23:00+05:30,23239.8,23241.7,23237,23238.2,
2024-06-11T15:24:00+05:30,23238.5,23238.7,23232,23238.1,
2024-06-11T15:25:00+05:30,23238.5,23243.5,23237.5,23242.2,
2024-06-11T15:26:00+05:30,23242.3,23247.2,23241.1,23245.8,
2024-06-11T15:27:00+05:30,23245.3,23260.7,23244.8,23259.6,
2024-06-11T15:28:00+05:30,23260,23265,23253.8,23261.8,
2024-06-11T15:29:00+05:30,23259.5,23268.5,23258.5,23261.8,
2024-06-12T09:15:00+05:30,23344.5,23344.5,23296,23326.8,
2024-06-12T09:16:00+05:30,23325.9,23330.7,23318.8,23324.1,
2024-06-12T09:17:00+05:30,23322.3,23323.2,23313.5,23318.7,
2024-06-12T09:18:00+05:30,23319.2,23327.5,23313,23326.2,
2024-06-12T09:19:00+05:30,23325.8,23327,23318.5,23327,
2024-06-12T09:20:00+05:30,23325.8,23339.8,23325.7,23335,
2024-06-12T09:21:00+05:30,23335,23335.5,23316,23318.5,
2024-06-12T09:22:00+05:30,23318.6,23335.2,23318.6,23330.9,
2024-06-12T09:23:00+05:30,23330.8,23338,23329.9,23338,
2024-06-12T09:24:00+05:30,23337.5,23342,23334.7,23339.5,
2024-06-12T09:25:00+05:30,23338.6,23343.3,23335,23339.7,
2024-06-12T09:26:00+05:30,23339.8,23347.1,23335.6,23343.2,
2024-06-12T09:27:00+05:30,23342.8,23348.8,23342.3,23342.8,
2024-06-12T09:28:00+05:30,23342.2,23344.9,23339.7,23343,
2024-06-12T09:29:00+05:30,23343.7,23357.8,23340.5,23356.5,
2024-06-12T09:30:00+05:30,23355.3,23361.3,23353.9,23356.5,
2024-06-12T09:31:00+05:30,23356.2,23357.8,23347.3,23348.6,
2024-06-12T09:32:00+05:30,23347.8,23354.5,23346,23349.8,
2024-06-12T09:33:00+05:30,23349.2,23350.3,23341,23341.6,
2024-06-12T09:34:00+05:30,23342,23348.3,23341.4,23341.8,
2024-06-12T09:35:00+05:30,23341.8,23347.3,23339.8,23347.3,
2024-06-12T09:36:00+05:30,23346.8,23355.7,23345.6,23347.2,
2024-06-12T09:37:00+05:30,23346.8,23360.7,23346.2,23359,
2024-06-12T09:38:00+05:30,23359,23364,23352.5,23364,
2024-06-12T09:39:00+05:30,23361,23363,23357.1,23358.5,
2024-06-12T09:40:00+05:30,23358.8,23377,23358.6,23373.8,
2024-06-12T09:41:00+05:30,23373.5,23377.9,23371.8,23375.1,
2024-06-12T09:42:00+05:30,23376.7,23376.7,23369.8,23375.3,
2024-06-12T09:43:00+05:30,23374.5,23378.5,23370.7,23374,
2024-06-12T09:44:00+05:30,23374.2,23375.8,23370.8,23372.9,
2024-06-12T09:45:00+05:30,23372.3,23375.7,23366.8,23375.7,
2024-06-12T09:46:00+05:30,23375.3,23376,23371.8,23374.5,
2024-06-12T09:47:00+05:30,23373.7,23375.7,23368.2,23371.8,
2024-06-12T09:48:00+05:30,23371.2,23375,23366.8,23374.8,
2024-06-12T09:49:00+05:30,23376,23377.3,23371.2,23374.5,
2024-06-12T09:50:00+05:30,23374.1,23381.8,23372.8,23378.7,
2024-06-12T09:51:00+05:30,23381.8,23385,23373,23379,
2024-06-12T09:52:00+05:30,23379.2,23386.3,23377.2,23385.5,
2024-06-12T09:53:00+05:30,23385.4,23388.2,23383.5,23388.2,
2024-06-12T09:54:00+05:30,23386.8,23393.2,23386.8,23391.7,
2024-06-12T09:55:00+05:30,23391.7,23392.6,23385.8,23388.9,
2024-06-12T09:56:00+05:30,23389.2,23390.7,23385,23386.3,
2024-06-12T09:57:00+05:30,23386,23402.3,23386,23398.7,
2024-06-12T09:58:00+05:30,23399,23401,23394.5,23396.2,
2024-06-12T09:59:00+05:30,23396.4,23404.6,23396.4,23404.6,
2024-06-12T10:00:00+05:30,23403.6,23409.2,23398.9,23400.8,
2024-06-12T10:01:00+05:30,23400,23405.8,23399,23404.8,
2024-06-12T10:02:00+05:30,23404.2,23406.7,23402.9,23405.7,
2024-06-12T10:03:00+05:30,23407.1,23419,23405.2,23416.4,
2024-06-12T10:04:00+05:30,23417.8,23420.3,23414.8,23416.3,
2024-06-12T10:05:00+05:30,23416.1,23416.1,23394.8,23395.7,
2024-06-12T10:06:00+05:30,23396.1,23397.8,23390.4,23392,
2024-06-12T10:07:00+05:30,23393.8,23400.3,23390,23394.3,
2024-06-12T10:08:00+05:30,23395.6,23406,23394.5,23404.8,
2024-06-12T10:09:00+05:30,23404,23404,23395.6,23396.3,
2024-06-12T10:10:00+05:30,23397.1,23400.2,23393.8,23396.5,
2024-06-12T10:11:00+05:30,23396.1,23400.8,23393.8,23397.3,
2024-06-12T10:12:00+05:30,23397,23404.8,23397,23401.2,
2024-06-12T10:13:00+05:30,23401.5,23416.9,23399.7,23416.1,
2024-06-12T10:14:00+05:30,23416.7,23418,23408,23408.7,
2024-06-12T10:15:00+05:30,23410.5,23414,23407,23413.2,
2024-06-12T10:16:00+05:30,23412.9,23413.2,23407.8,23409,
2024-06-12T10:17:00+05:30,23409.9,23409.9,23402.9,23406.2,
2024-06-12T10:18:00+05:30,23406.3,23406.3,23401.2,23404,
2024-06-12T10:19:00+05:30,23402.7,23403,23388.4,23388.5,
2024-06-12T10:20:00+05:30,23389.2,23393.5,23384.2,23384.2,
2024-06-12T10:21:00+05:30,23384.1,23391.5,23383.8,23387.5,
2024-06-12T10:22:00+05:30,23388.2,23398.1,23387.2,23396.4,
2024-06-12T10:23:00+05:30,23396.3,23402,23394.2,23401.7,
2024-06-12T10:24:00+05:30,23402,23402.5,23390.1,23391.8,
2024-06-12T10:25:00+05:30,23391.8,23395.4,23390.2,23392.6,
2024-06-12T10:26:00+05:30,23393.8,23399.4,23391,23398.5,
2024-06-12T10:27:00+05:30,23397.8,23401,23395.3,23399.9,
2024-06-12T10:28:00+05:30,23399.9,23408.5,23399.8,23406,
2024-06-12T10:29:00+05:30,23405.2,23406.2,23400.9,23404.8,
2024-06-12T10:30:00+05:30,23403.7,23407.2,23402.3,23402.3,
2024-06-12T10:31:00+05:30,23402.6,23402.6,23396.8,23398.3,
2024-06-12T10:32:00+05:30,23397.3,23398.9,23393.8,23395.2,
2024-06-12T10:33:00+05:30,23394.2,23402.8,23394,23402.8,
2024-06-12T10:34:00+05:30,23402.2,23406.1,23400.9,23402.8,
2024-06-12T10:35:00+05:30,23403,23410.2,23398.8,23409.3,
2024-06-12T10:36:00+05:30,23409.3,23412,23405.3,23411.3,
2024-06-12T10:37:00+05:30,23410.8,23411.3,23406.2,23409.1,
2024-06-12T10:38:00+05:30,23410,23413.6,23405.8,23409.7,
2024-06-12T10:39:00+05:30,23409,23413.9,23407,23412.5,
2024-06-12T10:40:00+05:30,23413.2,23415.4,23411,23413.3,
2024-06-12T10:41:00+05:30,23412.2,23428,23409.2,23427.3,
2024-06-12T10:42:00+05:30,23427.2,23430.7,23426.5,23427.7,
2024-06-12T10:43:00+05:30,23425.5,23431.3,23424,23429,
2024-06-12T10:44:00+05:30,23428.3,23438.2,23427.4,23436.2,
2024-06-12T10:45:00+05:30,23435.1,23439.3,23435.1,23435.2,
2024-06-12T10:46:00+05:30,23435.7,23440.8,23434.2,23434.8,
2024-06-12T10:47:00+05:30,23434,23434.3,23423.8,23424,
2024-06-12T10:48:00+05:30,23423.3,23426.8,23420.5,23426,
2024-06-12T10:49:00+05:30,23425,23426.2,23420.5,23421.4,
2024-06-12T10:50:00+05:30,23421,23427.5,23416.5,23426.8,
2024-06-12T10:51:00+05:30,23427.3,23430.3,23426.2,23430.3,
2024-06-12T10:52:00+05:30,23430.6,23432.1,23428.5,23429.1,
2024-06-12T10:53:00+05:30,23428.5,23433.2,23426.6,23428.5,
2024-06-12T10:54:00+05:30,23428.7,23431.1,23427.2,23427.2,
2024-06-12T10:55:00+05:30,23427.5,23438.8,23424.3,23438.8,
2024-06-12T10:56:00+05:30,23439.2,23442,23438.2,23440.2,
2024-06-12T10:57:00+05:30,23439.9,23440.5,23435,23438.8,
2024-06-12T10:58:00+05:30,23439,23440.5,23429.8,23430.8,
2024-06-12T10:59:00+05:30,23430.5,23431.8,23422.8,23424.8,
2024-06-12T11:00:00+05:30,23425,23427.8,23419.7,23420.8,
2024-06-12T11:01:00+05:30,23420.2,23424,23411.5,23411.9,
2024-06-12T11:02:00+05:30,23412.6,23412.6,23405.3,23409.8,
2024-06-12T11:03:00+05:30,23408.7,23413.2,23403,23407.8,
2024-06-12T11:04:00+05:30,23407.1,23418.7,23403.8,23417.7,
2024-06-12T11:05:00+05:30,23418.5,23423.3,23417,23421.5,
2024-06-12T11:06:00+05:30,23421.6,23422.3,23416.3,23417.7,
2024-06-12T11:07:00+05:30,23417.2,23417.2,23409.3,23414.4,
2024-06-12T11:08:00+05:30,23414.2,23414.5,23405.2,23405.8,
2024-06-12T11:09:00+05:30,23405.7,23408.7,23403.8,23407,
2024-06-12T11:10:00+05:30,23407.5,23409.3,23404.2,23406.9,
2024-06-12T11:11:00+05:30,23406.8,23425.5,23406.2,23425.5,
2024-06-12T11:12:00+05:30,23424.6,23427.9,23422.8,23425.7,
2024-06-12T11:13:00+05:30,23425,23425.2,23418.6,23421,
2024-06-12T11:14:00+05:30,23420.5,23421.9,23409.5,23412.8,
2024-06-12T11:15:00+05:30,23411.9,23416.2,23408,23408.3,
2024-06-12T11:16:00+05:30,23407.8,23411.2,23405.7,23409.2,
2024-06-12T11:17:00+05:30,23409,23414.5,23407.7,23409.3,
2024-06-12T11:18:00+05:30,23408.7,23409.8,23404.3,23408.5,
2024-06-12T11:19:00+05:30,23408.5,23410.2,23402.5,23403.2,
2024-06-12T11:20:00+05:30,23402.7,23410.7,23396.8,23410.2,
2024-06-12T11:21:00+05:30,23410.3,23417,23410.3,23415.9,
2024-06-12T11:22:00+05:30,23417,23418.5,23415.5,23418.3,
2024-06-12T11:23:00+05:30,23417.9,23421.3,23416.4,23418,
2024-06-12T11:24:00+05:30,23417.5,23418.7,23414.2,23418.2,
2024-06-12T11:25:00+05:30,23418.1,23421.2,23416.5,23420.8,
2024-06-12T11:26:00+05:30,23420.8,23421.3,23407.2,23408,
2024-06-12T11:27:00+05:30,23408.1,23409.5,23392.2,23392.2,
2024-06-12T11:28:00+05:30,23391,23394.2,23377.4,23383.2,
2024-06-12T11:29:00+05:30,23382.9,23386.7,23378.6,23379.7,
2024-06-12T11:30:00+05:30,23378.8,23385,23365,23366.8,
2024-06-12T11:31:00+05:30,23366,23378,23365.2,23377.3,
2024-06-12T11:32:00+05:30,23376.8,23383.8,23376.1,23383.8,
2024-06-12T11:33:00+05:30,23382.5,23390.5,23382.2,23386.5,
2024-06-12T11:34:00+05:30,23385.8,23390.9,23384.2,23385.6,
2024-06-12T11:35:00+05:30,23384.9,23392.2,23384.9,23392.2,
2024-06-12T11:36:00+05:30,23393,23393.5,23386.8,23390.2,
2024-06-12T11:37:00+05:30,23390,23390.2,23384.2,23384.8,
2024-06-12T11:38:00+05:30,23384.5,23389.2,23381.3,23387.8,
2024-06-12T11:39:00+05:30,23388.1,23388.5,23380.5,23388.5,
2024-06-12T11:40:00+05:30,23388.7,23398.6,23388,23396.8,
2024-06-12T11:41:00+05:30,23397,23397,23392.5,23396.8,
2024-06-12T11:42:00+05:30,23395.5,23402.5,23395,23402.3,
2024-06-12T11:43:00+05:30,23403,23409.8,23402.7,23407.4,
2024-06-12T11:44:00+05:30,23407.1,23408.9,23401.3,23403,
2024-06-12T11:45:00+05:30,23401.2,23407,23401.2,23407,
2024-06-12T11:46:00+05:30,23406.5,23411.5,23406.2,23409,
2024-06-12T11:47:00+05:30,23409.8,23412.5,23408.1,23409,
2024-06-12T11:48:00+05:30,23408.8,23410.3,23404.4,23407.5,
2024-06-12T11:49:00+05:30,23408.1,23411,23403.5,23409.7,
2024-06-12T11:50:00+05:30,23409.3,23411.7,23408,23410.5,
2024-06-12T11:51:00+05:30,23410.6,23413.5,23405.5,23406.3,
2024-06-12T11:52:00+05:30,23405.6,23416.2,23404.5,23415.5,
2024-06-12T11:53:00+05:30,23415.3,23418,23413.8,23416.4,
2024-06-12T11:54:00+05:30,23416,23419.2,23413.8,23418.8,
2024-06-12T11:55:00+05:30,23418.9,23424.3,23416.5,23423.8,
2024-06-12T11:56:00+05:30,23423.5,23426.5,23421.3,23424.5,
2024-06-12T11:57:00+05:30,23423.8,23427.2,23423.5,23427,
2024-06-12T11:58:00+05:30,23426.6,23432.3,23425,23431.6,
2024-06-12T11:59:00+05:30,23431,23436.8,23429.2,23435,
2024-06-12T12:00:00+05:30,23434.7,23436.2,23427.8,23428.2,
2024-06-12T12:01:00+05:30,23428,23428.8,23422.7,23424.1,
2024-06-12T12:02:00+05:30,23424.3,23426.8,23417,23418.9,
2024-06-12T12:03:00+05:30,23418.5,23420.2,23413.8,23420,
2024-06-12T12:04:00+05:30,23419.5,23421.5,23416.3,23421,
2024-06-12T12:05:00+05:30,23421.1,23421.6,23416.5,23420,
2024-06-12T12:06:00+05:30,23420.3,23422.3,23417.4,23419.7,
2024-06-12T12:07:00+05:30,23419.5,23419.5,23412.1,23415.5,
2024-06-12T12:08:00+05:30,23413.8,23415.8,23406.7,23410.1,
2024-06-12T12:09:00+05:30,23409.2,23409.8,23401.7,23404.5,
2024-06-12T12:10:00+05:30,23404,23409,23403.3,23407.6,
2024-06-12T12:11:00+05:30,23407.2,23409.8,23402.4,23408,
2024-06-12T12:12:00+05:30,23407.5,23411.8,23407.1,23410.2,
2024-06-12T12:13:00+05:30,23409.6,23413,23406,23409.8,
2024-06-12T12:14:00+05:30,23409.7,23415.3,23409.2,23413.2,
2024-06-12T12:15:00+05:30,23413.5,23416.8,23410.3,23415.7,
2024-06-12T12:16:00+05:30,23415.5,23417.4,23410.5,23414,
2024-06-12T12:17:00+05:30,23413.8,23415.8,23411.1,23414.9,
2024-06-12T12:18:00+05:30,23414.8,23421.3,23413.2,23420.8,
2024-06-12T12:19:00+05:30,23420.3,23421.5,23417.2,23419.8,
2024-06-12T12:20:00+05:30,23419.4,23423.8,23418.2,23422.8,
2024-06-12T12:21:00+05:30,23422.8,23423.8,23417.4,23420,
2024-06-12T12:22:00+05:30,23419.9,23422,23415.2,23416.4,
2024-06-12T12:23:00+05:30,23415.8,23416.5,23411.2,23413.4,
2024-06-12T12:24:00+05:30,23412.8,23414.5,23408.1,23412.9,
2024-06-12T12:25:00+05:30,23413.3,23416.5,23409.8,23411.2,
2024-06-12T12:26:00+05:30,23410.3,23416.4,23409.7,23415.2,
2024-06-12T12:27:00+05:30,23415,23418.8,23413.8,23416.8,
2024-06-12T12:28:00+05:30,23416,23420.1,23416,23416.4,
2024-06-12T12:29:00+05:30,23417.8,23418.1,23411,23414.2,
2024-06-12T12:30:00+05:30,23414.8,23423.4,23414.1,23422.3,
2024-06-12T12:31:00+05:30,23422.2,23423.8,23415.5,23417.7,
2024-06-12T12:32:00+05:30,23417.2,23417.5,23411,23413,
2024-06-12T12:33:00+05:30,23412.3,23415.4,23409.9,23412.4,
2024-06-12T12:34:00+05:30,23412.3,23412.3,23403.7,23411.7,
2024-06-12T12:35:00+05:30,23411,23414.2,23409.8,23411,
2024-06-12T12:36:00+05:30,23410.7,23412,23407.7,23409,
2024-06-12T12:37:00+05:30,23408.5,23410.9,23402.9,23402.9,
2024-06-12T12:38:00+05:30,23403.2,23414.7,23403,23414.5,
2024-06-12T12:39:00+05:30,23414.4,23419.5,23412.5,23418.8,
2024-06-12T12:40:00+05:30,23418.7,23419.8,23414.2,23415.9,
2024-06-12T12:41:00+05:30,23416.5,23419.2,23413.4,23416.2,
2024-06-12T12:42:00+05:30,23415.8,23416.5,23410.8,23412.1,
2024-06-12T12:43:00+05:30,23412.4,23414.9,23408.7,23411.2,
2024-06-12T12:44:00+05:30,23410.8,23413.5,23408.7,23412.4,
2024-06-12T12:45:00+05:30,23412.5,23412.7,23404.3,23407.9,
2024-06-12T12:46:00+05:30,23407.8,23408.5,23402.3,23406.7,
2024-06-12T12:47:00+05:30,23406.5,23412,23403,23410.2,
2024-06-12T12:48:00+05:30,23410.2,23413.5,23404.8,23406,
2024-06-12T12:49:00+05:30,23405,23407.3,23395.8,23395.8,
2024-06-12T12:50:00+05:30,23395.8,23397.2,23384,23388.7,
2024-06-12T12:51:00+05:30,23388.8,23392.8,23385.9,23388.3,
2024-06-12T12:52:00+05:30,23387.6,23396.7,23385.5,23396.1,
2024-06-12T12:53:00+05:30,23395.6,23402.4,23395.2,23396.2,
2024-06-12T12:54:00+05:30,23395.3,23398.8,23393,23393.6,
2024-06-12T12:55:00+05:30,23393.3,23397.1,23392.9,23396.1,
2024-06-12T12:56:00+05:30,23395,23399.7,23393.2,23398.3,
2024-06-12T12:57:00+05:30,23397.3,23402.2,23396.2,23401.5,
2024-06-12T12:58:00+05:30,23401.8,23402,23394.3,23395.7,
2024-06-12T12:59:00+05:30,23395.8,23403.5,23394.4,23403.5,
2024-06-12T13:00:00+05:30,23403.5,23406.1,23401,23403.8,
2024-06-12T13:01:00+05:30,23403.4,23404.5,23398.4,23401.9,
2024-06-12T13:02:00+05:30,23401.8,23405.5,23398.8,23401.3,
2024-06-12T13:03:00+05:30,23399.6,23410.5,23398.8,23409.9,
2024-06-12T13:04:00+05:30,23409.3,23413.4,23407.7,23413,
2024-06-12T13:05:00+05:30,23412.7,23419.2,23410.1,23419.2,
2024-06-12T13:06:00+05:30,23419,23419.6,23414.9,23415.8,
2024-06-12T13:07:00+05:30,23415.9,23418.1,23413.2,23414.8,
2024-06-12T13:08:00+05:30,23414.8,23415,23410.7,23412.5,
2024-06-12T13:09:00+05:30,23411.8,23412.4,23407.3,23410.3,
2024-06-12T13:10:00+05:30,23410,23412.6,23408.5,23411.8,
2024-06-12T13:11:00+05:30,23411.5,23414.7,23406.8,23414.2,
2024-06-12T13:12:00+05:30,23414.2,23414.4,23409.8,23413.3,
2024-06-12T13:13:00+05:30,23413.4,23415.1,23408.5,23411.2,
2024-06-12T13:14:00+05:30,23411.3,23411.9,23408.5,23411.7,
2024-06-12T13:15:00+05:30,23411.7,23412.2,23406.5,23411.5,
2024-06-12T13:16:00+05:30,23411.5,23411.8,23407.8,23410,
2024-06-12T13:17:00+05:30,23410.3,23414,23408,23411.7,
2024-06-12T13:18:00+05:30,23411.5,23414.3,23410,23411,
2024-06-12T13:19:00+05:30,23411.2,23412.3,23402.2,23404.2,
2024-06-12T13:20:00+05:30,23404.2,23406.8,23402.3,23406.1,
2024-06-12T13:21:00+05:30,23405.8,23406.2,23403,23404.2,
2024-06-12T13:22:00+05:30,23403.6,23405.3,23400,23402.6,
2024-06-12T13:23:00+05:30,23402.6,23404.8,23399.3,23403.3,
2024-06-12T13:24:00+05:30,23403,23406.8,23401.6,23405.9,
2024-06-12T13:25:00+05:30,23406.2,23410.8,23403.4,23406,
2024-06-12T13:26:00+05:30,23405.8,23405.8,23400.2,23400.9,
2024-06-12T13:27:00+05:30,23400,23401.8,23394.5,23396.5,
2024-06-12T13:28:00+05:30,23395.8,23397,23392.5,23395,
2024-06-12T13:29:00+05:30,23395.5,23396.3,23393.9,23395.2,
2024-06-12T13:30:00+05:30,23395.1,23402.7,23394,23400,
2024-06-12T13:31:00+05:30,23399.5,23409.9,23398.7,23409.9,
2024-06-12T13:32:00+05:30,23409,23420.8,23408,23419.9,
2024-06-12T13:33:00+05:30,23419.5,23420,23415.3,23417.2,
2024-06-12T13:34:00+05:30,23416.8,23417,23411,23413.5,
2024-06-12T13:35:00+05:30,23413.2,23415.4,23410.6,23413.3,
2024-06-12T13:36:00+05:30,23413.3,23415.1,23411.8,23414.7,
2024-06-12T13:37:00+05:30,23414.8,23415.2,23408.8,23414.8,
2024-06-12T13:38:00+05:30,23415,23418.8,23412.7,23417,
2024-06-12T13:39:00+05:30,23416.7,23417.5,23414.3,23416.8,
2024-06-12T13:40:00+05:30,23416.4,23417.2,23411.6,23413.7,
2024-06-12T13:41:00+05:30,23413.2,23413.2,23407.6,23411.3,
2024-06-12T13:42:00+05:30,23411.5,23412.7,23407.2,23409.2,
2024-06-12T13:43:00+05:30,23408.7,23409.8,23400.2,23402.7,
2024-06-12T13:44:00+05:30,23402.5,23404.6,23398,23400.3,
2024-06-12T13:45:00+05:30,23400.3,23406.5,23399,23405.3,
2024-06-12T13:46:00+05:30,23404.9,23406,23400.4,23403.5,
2024-06-12T13:47:00+05:30,23403.7,23403.8,23395.3,23396.7,
2024-06-12T13:48:00+05:30,23396.8,23398.2,23393.7,23395.5,
2024-06-12T13:49:00+05:30,23395.2,23395.8,23390.8,23392.7,
2024-06-12T13:50:00+05:30,23392,23393.7,23362,23362,
2024-06-12T13:51:00+05:30,23359.5,23374.8,23350.2,23373.2,
2024-06-12T13:52:00+05:30,23372.4,23379.3,23370.3,23370.6,
2024-06-12T13:53:00+05:30,23370.6,23381.7,23370.3,23379.2,
2024-06-12T13:54:00+05:30,23378.2,23385.7,23376.2,23381.9,
2024-06-12T13:55:00+05:30,23381.8,23383,23377.4,23380.2,
2024-06-12T13:56:00+05:30,23380,23384.8,23376.2,23384.8,
2024-06-12T13:57:00+05:30,23384,23385.2,23380.3,23383.2,
2024-06-12T13:58:00+05:30,23383.7,23384.8,23371.5,23372.2,
2024-06-12T13:59:00+05:30,23371.5,23372.4,23364.5,23366,
2024-06-12T14:00:00+05:30,23365.8,23368.1,23362.8,23368.1,
2024-06-12T14:01:00+05:30,23367.5,23375.2,23366.8,23375,
2024-06-12T14:02:00+05:30,23374.6,23377.5,23373.3,23376.9,
2024-06-12T14:03:00+05:30,23376.5,23376.8,23363.2,23363.5,
2024-06-12T14:04:00+05:30,23363.8,23370.4,23361,23370.4,
2024-06-12T14:05:00+05:30,23369.7,23378.3,23369.5,23372.4,
2024-06-12T14:06:00+05:30,23369,23371.6,23355.7,23360.8,
2024-06-12T14:07:00+05:30,23360,23363.8,23351.8,23356.2,
2024-06-12T14:08:00+05:30,23355.8,23358.4,23344.8,23349.8,
2024-06-12T14:09:00+05:30,23348,23350.2,23342,23346.7,
2024-06-12T14:10:00+05:30,23342.2,23354.3,23342.2,23348,
2024-06-12T14:11:00+05:30,23347.7,23349.6,23337,23344.5,
2024-06-12T14:12:00+05:30,23344.2,23354.2,23343.7,23353.8,
2024-06-12T14:13:00+05:30,23353.8,23360.3,23349.8,23359.5,
2024-06-12T14:14:00+05:30,23360.5,23361.8,23352.3,23352.8,
2024-06-12T14:15:00+05:30,23352.1,23352.5,23346.7,23348.1,
2024-06-12T14:16:00+05:30,23347.8,23348,23340.6,23342.5,
2024-06-12T14:17:00+05:30,23342.2,23344.5,23340.7,23342.8,
2024-06-12T14:18:00+05:30,23342.9,23351.7,23341.7,23350.3,
2024-06-12T14:19:00+05:30,23349.5,23367.5,23348.4,23367.5,
2024-06-12T14:20:00+05:30,23367.7,23368.5,23356.2,23356.5,
2024-06-12T14:21:00+05:30,23356.8,23356.8,23343,23345,
2024-06-12T14:22:00+05:30,23344.3,23353.2,23344.3,23345.8,
2024-06-12T14:23:00+05:30,23345.3,23349.5,23343.8,23349.5,
2024-06-12T14:24:00+05:30,23348.3,23356.2,23348.3,23351.7,
2024-06-12T14:25:00+05:30,23351.2,23357.7,23351.2,23355.7,
2024-06-12T14:26:00+05:30,23354.9,23357.1,23346.6,23350,
2024-06-12T14:27:00+05:30,23349.9,23350.1,23345.3,23348.2,
2024-06-12T14:28:00+05:30,23348.2,23353.8,23347.2,23353.6,
2024-06-12T14:29:00+05:30,23353.8,23354.7,23350,23354.7,
2024-06-12T14:30:00+05:30,23354,23354.5,23340.5,23344.8,
2024-06-12T14:31:00+05:30,23343.8,23352.2,23343.2,23351.7,
2024-06-12T14:32:00+05:30,23351.6,23355.2,23350.8,23354.2,
2024-06-12T14:33:00+05:30,23353.9,23358.8,23352.1,23358.2,
2024-06-12T14:34:00+05:30,23358.5,23359.3,23353,23354.8,
2024-06-12T14:35:00+05:30,23353.7,23366.6,23353.3,23366.6,
2024-06-12T14:36:00+05:30,23366.3,23374,23364.4,23374,
2024-06-12T14:37:00+05:30,23374,23374.6,23370.3,23371.2,
2024-06-12T14:38:00+05:30,23371.1,23372.2,23365.2,23369.8,
2024-06-12T14:39:00+05:30,23369.1,23369.1,23361.8,23364.2,
2024-06-12T14:40:00+05:30,23363.4,23367,23362.2,23365.3,
2024-06-12T14:41:00+05:30,23365,23370,23363,23370,
2024-06-12T14:42:00+05:30,23369.8,23372.1,23368,23371.7,
2024-06-12T14:43:00+05:30,23372.1,23373.6,23367.5,23373.6,
2024-06-12T14:44:00+05:30,23373.5,23379.9,23370.7,23378.7,
2024-06-12T14:45:00+05:30,23379.9,23389.2,23377.5,23387.8,
2024-06-12T14:46:00+05:30,23388.4,23394.2,23385.5,23392.4,
2024-06-12T14:47:00+05:30,23392.2,23392.2,23380.8,23383.8,
2024-06-12T14:48:00+05:30,23383.3,23384,23376.1,23376.3,
2024-06-12T14:49:00+05:30,23377.3,23377.8,23373.2,23374.7,
2024-06-12T14:50:00+05:30,23374.8,23375.2,23371.5,23371.9,
2024-06-12T14:51:00+05:30,23372.7,23373.2,23369,23371.2,
2024-06-12T14:52:00+05:30,23371.3,23372.3,23367.5,23369.3,
2024-06-12T14:53:00+05:30,23370.7,23382.9,23369.8,23380.7,
2024-06-12T14:54:00+05:30,23380,23382.1,23375.8,23379.5,
2024-06-12T14:55:00+05:30,23379.8,23380,23373.6,23373.6,
2024-06-12T14:56:00+05:30,23373.2,23377.3,23371.7,23373.1,
2024-06-12T14:57:00+05:30,23373.2,23375.5,23367.7,23370.4,
2024-06-12T14:58:00+05:30,23370.4,23374.3,23368.1,23372,
2024-06-12T14:59:00+05:30,23373.1,23375.4,23370.7,23374,
2024-06-12T15:00:00+05:30,23371.7,23371.7,23347.7,23351.9,
2024-06-12T15:01:00+05:30,23351,23351,23326.8,23334.1,
2024-06-12T15:02:00+05:30,23333,23333,23320.7,23329,
2024-06-12T15:03:00+05:30,23328,23337.9,23319.9,23320.2,
2024-06-12T15:04:00+05:30,23319.2,23325.7,23318.2,23324.3,
2024-06-12T15:05:00+05:30,23322.2,23342.2,23320.1,23341.3,
2024-06-12T15:06:00+05:30,23342.2,23342.2,23328.7,23334.7,
2024-06-12T15:07:00+05:30,23334.7,23334.7,23319.1,23319.1,
2024-06-12T15:08:00+05:30,23319.8,23328.4,23315.7,23318.9,
2024-06-12T15:09:00+05:30,23317.5,23328.2,23315.6,23328.2,
2024-06-12T15:10:00+05:30,23326.9,23333.6,23325.1,23328.4,
2024-06-12T15:11:00+05:30,23327.2,23329.2,23317,23320.8,
2024-06-12T15:12:00+05:30,23320,23327,23318.7,23323.8,
2024-06-12T15:13:00+05:30,23323.7,23325.1,23320.7,23323.8,
2024-06-12T15:14:00+05:30,23323.2,23333.3,23321.2,23325.2,
2024-06-12T15:15:00+05:30,23326,23326.1,23319.9,23324.9,
2024-06-12T15:16:00+05:30,23324.8,23329,23322.2,23327.4,
2024-06-12T15:17:00+05:30,23327,23329.8,23316.3,23322.5,
2024-06-12T15:18:00+05:30,23323.5,23323.5,23314.1,23316.2,
2024-06-12T15:19:00+05:30,23316.3,23325.8,23313.8,23323.2,
2024-06-12T15:20:00+05:30,23323.5,23326.5,23314.5,23314.8,
2024-06-12T15:21:00+05:30,23316.5,23319.2,23313.2,23314.8,
2024-06-12T15:22:00+05:30,23315.5,23315.5,23306.7,23307.3,
2024-06-12T15:23:00+05:30,23308,23314,23307.5,23311.3,
2024-06-12T15:24:00+05:30,23310.5,23315.2,23304.8,23315,
2024-06-12T15:25:00+05:30,23316.2,23317.7,23311.1,23311.8,
2024-06-12T15:26:00+05:30,23311.3,23314,23307.7,23309.3,
2024-06-12T15:27:00+05:30,23309.5,23309.8,23303.2,23303.2,
2024-06-12T15:28:00+05:30,23305.2,23305.8,23297.8,23305.8,
2024-06-12T15:29:00+05:30,23303.8,23311,23300.8,23308.4,
2024-06-13T09:15:00+05:30,23481,23481,23409.1,23438.1,
2024-06-13T09:16:00+05:30,23437.5,23455.4,23436,23437.3,
2024-06-13T09:17:00+05:30,23436,23446.3,23434.3,23436.3,
2024-06-13T09:18:00+05:30,23436.2,23438.2,23431.2,23435.5,
2024-06-13T09:19:00+05:30,23436.5,23441,23434,23434.7,
2024-06-13T09:20:00+05:30,23434.5,23444.8,23434.2,23440.8,
2024-06-13T09:21:00+05:30,23441.5,23444.1,23433.8,23435.7,
2024-06-13T09:22:00+05:30,23436.5,23441.5,23434.8,23436.7,
2024-06-13T09:23:00+05:30,23435.9,23437.5,23424.6,23430.1,
2024-06-13T09:24:00+05:30,23428.2,23432,23423.5,23427.5,
2024-06-13T09:25:00+05:30,23427.3,23436.8,23420.3,23435,
2024-06-13T09:26:00+05:30,23435.8,23441.3,23434.2,23438.2,
2024-06-13T09:27:00+05:30,23436.3,23439.2,23434.9,23438.8,
2024-06-13T09:28:00+05:30,23438.2,23440,23421.3,23424.2,
2024-06-13T09:29:00+05:30,23422.3,23424,23418.6,23419.1,
2024-06-13T09:30:00+05:30,23418.2,23426.2,23414.5,23416.5,
2024-06-13T09:31:00+05:30,23415.5,23416.7,23396,23409.3,
2024-06-13T09:32:00+05:30,23409.1,23420.5,23406.1,23419.6,
2024-06-13T09:33:00+05:30,23420.7,23422.5,23412.9,23414,
2024-06-13T09:34:00+05:30,23414,23425.2,23412.2,23422.5,
2024-06-13T09:35:00+05:30,23421,23427.3,23408.8,23412.4,
2024-06-13T09:36:00+05:30,23412.2,23416.5,23403,23403,
2024-06-13T09:37:00+05:30,23401.3,23412.2,23398.8,23407.5,
2024-06-13T09:38:00+05:30,23407.6,23414,23396.3,23402.8,
2024-06-13T09:39:00+05:30,23401,23409.2,23389.8,23396.2,
2024-06-13T09:40:00+05:30,23395.1,23397.8,23387.3,23396.2,
2024-06-13T09:41:00+05:30,23395.8,23395.8,23386.2,23389.5,
2024-06-13T09:42:00+05:30,23389.2,23402,23387.5,23398,
2024-06-13T09:43:00+05:30,23397.7,23397.8,23384.6,23387.8,
2024-06-13T09:44:00+05:30,23388,23391.9,23382.3,23383.3,
2024-06-13T09:45:00+05:30,23384.7,23391.2,23377.8,23386.2,
2024-06-13T09:46:00+05:30,23386.5,23390.6,23371,23377.1,
2024-06-13T09:47:00+05:30,23376.8,23376.8,23365.8,23369.1,
2024-06-13T09:48:00+05:30,23368.3,23375.7,23364,23369.2,
2024-06-13T09:49:00+05:30,23368.1,23380.9,23367.1,23380.9,
2024-06-13T09:50:00+05:30,23380.2,23390.2,23379.6,23380.7,
2024-06-13T09:51:00+05:30,23379,23379.8,23367.5,23371.1,
2024-06-13T09:52:00+05:30,23370.8,23395,23370.8,23390.9,
2024-06-13T09:53:00+05:30,23391,23391,23376.7,23376.8,
2024-06-13T09:54:00+05:30,23377.8,23379.1,23367.2,23367.2,
2024-06-13T09:55:00+05:30,23366.7,23375.8,23365.8,23371.1,
2024-06-13T09:56:00+05:30,23371.8,23399.8,23370.7,23393,
2024-06-13T09:57:00+05:30,23391.2,23400,23385.2,23394.3,
2024-06-13T09:58:00+05:30,23393.5,23395.2,23386.5,23390.4,
2024-06-13T09:59:00+05:30,23389.6,23408,23388.8,23400.8,
2024-06-13T10:00:00+05:30,23402.2,23404.1,23394.3,23396.3,
2024-06-13T10:01:00+05:30,23396.2,23414.1,23396.2,23409.2,
2024-06-13T10:02:00+05:30,23408.7,23410,23392.5,23394.1,
2024-06-13T10:03:00+05:30,23393.5,23399.1,23389.5,23395.2,
2024-06-13T10:04:00+05:30,23395.4,23402.3,23391.8,23394.9,
2024-06-13T10:05:00+05:30,23394.3,23399.1,23391.2,23394.2,
2024-06-13T10:06:00+05:30,23394.8,23400,23392.5,23394.5,
2024-06-13T10:07:00+05:30,23394,23395.5,23371.2,23377.8,
2024-06-13T10:08:00+05:30,23377.2,23382.1,23373.3,23380,
2024-06-13T10:09:00+05:30,23379.5,23400.9,23379.5,23400.5,
2024-06-13T10:10:00+05:30,23400.2,23409.2,23394.6,23398.3,
2024-06-13T10:11:00+05:30,23398,23408,23398,23402.5,
2024-06-13T10:12:00+05:30,23402.8,23403.6,23394,23396.3,
2024-06-13T10:13:00+05:30,23395.5,23405,23394.5,23403.8,
2024-06-13T10:14:00+05:30,23404.1,23409.5,23403.9,23408.7,
2024-06-13T10:15:00+05:30,23408.2,23408.8,23404.7,23405.5,
2024-06-13T10:16:00+05:30,23405.8,23406.5,23399.9,23400.2,
2024-06-13T10:17:00+05:30,23399.2,23411.5,23399.2,23410.7,
2024-06-13T10:18:00+05:30,23411.3,23411.3,23391.2,23395.1,
2024-06-13T10:19:00+05:30,23394.2,23400.5,23393.3,23398.8,
2024-06-13T10:20:00+05:30,23399.1,23399.5,23394,23395.2,
2024-06-13T10:21:00+05:30,23394.5,23403.4,23394,23402.5,
2024-06-13T10:22:00+05:30,23402.2,23403.3,23390.7,23393.5,
2024-06-13T10:23:00+05:30,23392,23393.8,23383.3,23387.1,
2024-06-13T10:24:00+05:30,23386.3,23391.3,23385.1,23390,
2024-06-13T10:25:00+05:30,23389.2,23396.8,23389.2,23396,
2024-06-13T10:26:00+05:30,23395.2,23397,23392,23395.3,
2024-06-13T10:27:00+05:30,23394.5,23397.7,23392.3,23394.2,
2024-06-13T10:28:00+05:30,23394.2,23394.2,23381,23386.8,
2024-06-13T10:29:00+05:30,23385.8,23389.8,23375,23377.4,
2024-06-13T10:30:00+05:30,23378.8,23386.5,23375.5,23378.6,
2024-06-13T10:31:00+05:30,23379,23386.4,23379,23386.4,
2024-06-13T10:32:00+05:30,23386.5,23387.2,23372.2,23377,
2024-06-13T10:33:00+05:30,23377.7,23390.5,23376.8,23386.8,
2024-06-13T10:34:00+05:30,23387.6,23388.4,23381.3,23383.9,
2024-06-13T10:35:00+05:30,23383.9,23390.3,23382.8,23388.2,
2024-06-13T10:36:00+05:30,23388.5,23388.5,23383.2,23384.2,
2024-06-13T10:37:00+05:30,23384.3,23389.9,23382.3,23384.7,
2024-06-13T10:38:00+05:30,23384.8,23387.2,23382.2,23384.8,
2024-06-13T10:39:00+05:30,23384,23385.9,23380.8,23385,
2024-06-13T10:40:00+05:30,23385.2,23387.3,23381.8,23386.8,
2024-06-13T10:41:00+05:30,23386.4,23397.2,23386.4,23397,
2024-06-13T10:42:00+05:30,23396.5,23397.6,23389.7,23389.7,
2024-06-13T10:43:00+05:30,23390.2,23391.8,23383.2,23385.8,
2024-06-13T10:44:00+05:30,23385,23387.1,23382.3,23382.3,
2024-06-13T10:45:00+05:30,23382.6,23388.5,23380.2,23388.5,
2024-06-13T10:46:00+05:30,23388.9,23388.9,23381.8,23383,
2024-06-13T10:47:00+05:30,23382.6,23384.7,23376.1,23381,
2024-06-13T10:48:00+05:30,23381.8,23382.2,23377.7,23378.2,
2024-06-13T10:49:00+05:30,23378,23380.5,23375.1,23378.7,
2024-06-13T10:50:00+05:30,23378.8,23385,23378.3,23383.2,
2024-06-13T10:51:00+05:30,23382.8,23384,23377,23379.6,
2024-06-13T10:52:00+05:30,23380.5,23382,23375.2,23378.5,
2024-06-13T10:53:00+05:30,23378.2,23380.8,23375.5,23376.5,
2024-06-13T10:54:00+05:30,23376.8,23386.2,23372.6,23384,
2024-06-13T10:55:00+05:30,23383.5,23386.5,23380.3,23386.5,
2024-06-13T10:56:00+05:30,23386.2,23391.2,23385.9,23388,
2024-06-13T10:57:00+05:30,23388.2,23389.1,23383.8,23385.2,
2024-06-13T10:58:00+05:30,23385.7,23388.5,23380.8,23383.4,
2024-06-13T10:59:00+05:30,23382.8,23384.8,23376.8,23376.8,
2024-06-13T11:00:00+05:30,23376.8,23385.3,23374.8,23377.5,
2024-06-13T11:01:00+05:30,23377.3,23380.3,23375.1,23380,
2024-06-13T11:02:00+05:30,23379.8,23382.6,23374.8,23381.8,
2024-06-13T11:03:00+05:30,23381.7,23385.2,23379.2,23383.3,
2024-06-13T11:04:00+05:30,23383.2,23385.8,23380.2,23383.1,
2024-06-13T11:05:00+05:30,23383.3,23385,23382.5,23383.8,
2024-06-13T11:06:00+05:30,23383.9,23387.5,23381.3,23386.5,
2024-06-13T11:07:00+05:30,23385.9,23394,23385.7,23390.1,
2024-06-13T11:08:00+05:30,23389.4,23391.5,23386.5,23386.5,
2024-06-13T11:09:00+05:30,23385.6,23390.1,23382.5,23383.6,
2024-06-13T11:10:00+05:30,23382.8,23385.7,23379.6,23379.6,
2024-06-13T11:11:00+05:30,23380,23381.8,23378.7,23379,
2024-06-13T11:12:00+05:30,23378.7,23379.2,23373.3,23373.4,
2024-06-13T11:13:00+05:30,23372.8,23372.8,23366,23366,
2024-06-13T11:14:00+05:30,23367,23369.2,23366.5,23367.8,
2024-06-13T11:15:00+05:30,23366.8,23369.4,23366,23366.8,
2024-06-13T11:16:00+05:30,23366.2,23366.2,23361.5,23365.9,
2024-06-13T11:17:00+05:30,23364.1,23365.7,23354.3,23360.7,
2024-06-13T11:18:00+05:30,23361,23364.5,23360,23361.8,
2024-06-13T11:19:00+05:30,23361.7,23365.8,23360.8,23361.5,
2024-06-13T11:20:00+05:30,23362.5,23362.8,23356.6,23356.6,
2024-06-13T11:21:00+05:30,23357.1,23367.9,23356.8,23364.5,
2024-06-13T11:22:00+05:30,23363.9,23364.7,23353.9,23357.7,
2024-06-13T11:23:00+05:30,23357.5,23362,23355.9,23359.5,
2024-06-13T11:24:00+05:30,23360.3,23363.3,23355.8,23357.8,
2024-06-13T11:25:00+05:30,23356.8,23362.3,23355.8,23361.2,
2024-06-13T11:26:00+05:30,23361.2,23363.8,23358.5,23363.5,
2024-06-13T11:27:00+05:30,23362.5,23367.2,23362.3,23364.2,
2024-06-13T11:28:00+05:30,23365.7,23370.3,23364.7,23368.9,
2024-06-13T11:29:00+05:30,23369.2,23374.8,23368.3,23374.3,
2024-06-13T11:30:00+05:30,23374.2,23383.5,23373.2,23382.4,
2024-06-13T11:31:00+05:30,23381.7,23382.5,23377,23377.8,
2024-06-13T11:32:00+05:30,23378,23378.8,23375.6,23376.2,
2024-06-13T11:33:00+05:30,23375.5,23377.8,23371.5,23373,
2024-06-13T11:34:00+05:30,23372.3,23373.3,23368.8,23370.8,
2024-06-13T11:35:00+05:30,23369.7,23374.2,23369.2,23374,
2024-06-13T11:36:00+05:30,23373.3,23377.7,23373,23376.5,
2024-06-13T11:37:00+05:30,23376.5,23378.6,23374.3,23377.8,
2024-06-13T11:38:00+05:30,23378,23381.2,23375.5,23379.5,
2024-06-13T11:39:00+05:30,23379.2,23384,23377,23382.9,
2024-06-13T11:40:00+05:30,23382.3,23386.5,23380.7,23386,
2024-06-13T11:41:00+05:30,23385.6,23387.2,23383.3,23383.9,
2024-06-13T11:42:00+05:30,23384,23386.8,23382.7,23386,
2024-06-13T11:43:00+05:30,23386,23386.5,23383.8,23386.5,
2024-06-13T11:44:00+05:30,23386.2,23390.6,23376.8,23377.4,
2024-06-13T11:45:00+05:30,23377.8,23381.5,23377.8,23380.1,
2024-06-13T11:46:00+05:30,23380.5,23386,23380.1,23384.3,
2024-06-13T11:47:00+05:30,23385.7,23391.3,23382.5,23389.5,
2024-06-13T11:48:00+05:30,23389.5,23400,23389.4,23395,
2024-06-13T11:49:00+05:30,23394.7,23396.7,23392.7,23396.3,
2024-06-13T11:50:00+05:30,23396.5,23398.5,23392.4,23397.8,
2024-06-13T11:51:00+05:30,23397.8,23399,23392.3,23393.5,
2024-06-13T11:52:00+05:30,23393.5,23397.7,23393.4,23394.7,
2024-06-13T11:53:00+05:30,23394.8,23408.2,23394.8,23408.2,
2024-06-13T11:54:00+05:30,23408.2,23414.2,23406.8,23409.3,
2024-06-13T11:55:00+05:30,23410.8,23412.2,23405.1,23405.5,
2024-06-13T11:56:00+05:30,23406,23410.4,23402.8,23403.8,
2024-06-13T11:57:00+05:30,23404.1,23404.6,23397.7,23398.7,
2024-06-13T11:58:00+05:30,23399.1,23400.2,23396.9,23400.2,
2024-06-13T11:59:00+05:30,23400,23404.5,23395.9,23396.7,
2024-06-13T12:00:00+05:30,23396.4,23400.1,23395.1,23398,
2024-06-13T12:01:00+05:30,23397,23400,23395.9,23396.5,
2024-06-13T12:02:00+05:30,23397,23397,23393.3,23395.5,
2024-06-13T12:03:00+05:30,23394.8,23398.5,23394.4,23397.8,
2024-06-13T12:04:00+05:30,23397.5,23399.3,23392.7,23393.5,
2024-06-13T12:05:00+05:30,23393.2,23394.2,23391.8,23393.2,
2024-06-13T12:06:00+05:30,23392.6,23397.8,23392.6,23395.3,
2024-06-13T12:07:00+05:30,23395.3,23395.8,23392.7,23393.5,
2024-06-13T12:08:00+05:30,23393.2,23395.3,23392,23393.5,
2024-06-13T12:09:00+05:30,23392.8,23394,23387,23392.8,
2024-06-13T12:10:00+05:30,23392.5,23395.7,23389.5,23395.7,
2024-06-13T12:11:00+05:30,23394,23397.6,23392.2,23397.6,
2024-06-13T12:12:00+05:30,23396.4,23396.9,23390,23390.6,
2024-06-13T12:13:00+05:30,23390,23391.7,23388.2,23388.9,
2024-06-13T12:14:00+05:30,23388.7,23392.8,23388.1,23391.8,
2024-06-13T12:15:00+05:30,23391.3,23394.8,23389.5,23390.2,
2024-06-13T12:16:00+05:30,23389.2,23394.2,23386.4,23389.6,
2024-06-13T12:17:00+05:30,23388.5,23406.5,23388.5,23404.6,
2024-06-13T12:18:00+05:30,23404.5,23406,23402.5,23406,
2024-06-13T12:19:00+05:30,23405.5,23405.7,23398.8,23401.1,
2024-06-13T12:20:00+05:30,23400.9,23401.4,23397.1,23398,
2024-06-13T12:21:00+05:30,23397.6,23400,23394.7,23396,
2024-06-13T12:22:00+05:30,23395.5,23400.2,23394.8,23398.3,
2024-06-13T12:23:00+05:30,23397.8,23402,23396.2,23397.5,
2024-06-13T12:24:00+05:30,23397.5,23398,23393.3,23395.8,
2024-06-13T12:25:00+05:30,23395.3,23401.2,23393.4,23400.2,
2024-06-13T12:26:00+05:30,23399.8,23401.4,23398.3,23401,
2024-06-13T12:27:00+05:30,23400.2,23403.8,23400.2,23401.5,
2024-06-13T12:28:00+05:30,23402,23402.5,23400.3,23401.8,
2024-06-13T12:29:00+05:30,23401.6,23406.5,23401.2,23406,
2024-06-13T12:30:00+05:30,23405.5,23410.4,23404,23410.4,
2024-06-13T12:31:00+05:30,23410,23412.2,23408.4,23411.7,
2024-06-13T12:32:00+05:30,23410.8,23411.5,23405.8,23408.8,
2024-06-13T12:33:00+05:30,23407.5,23409,23403.3,23405.6,
2024-06-13T12:34:00+05:30,23405.5,23406.6,23401.9,23403.3,
2024-06-13T12:35:00+05:30,23402.8,23404.5,23399.2,23401.5,
2024-06-13T12:36:00+05:30,23401.5,23402.5,23395.3,23397,
2024-06-13T12:37:00+05:30,23397,23400.8,23395.7,23397.8,
2024-06-13T12:38:00+05:30,23397.8,23399.3,23395.2,23398.2,
2024-06-13T12:39:00+05:30,23398.8,23398.8,23394.3,23395.8,
2024-06-13T12:40:00+05:30,23395.2,23396.4,23391.8,23395.7,
2024-06-13T12:41:00+05:30,23395.2,23397.2,23391.4,23392.3,
2024-06-13T12:42:00+05:30,23393.8,23396.5,23391.4,23396.4,
2024-06-13T12:43:00+05:30,23395.7,23397,23388.6,23390.8,
2024-06-13T12:44:00+05:30,23390.2,23395.6,23388.5,23393.2,
2024-06-13T12:45:00+05:30,23392.9,23395.2,23390,23391.6,
2024-06-13T12:46:00+05:30,23391.2,23393.7,23386.6,23387.8,
2024-06-13T12:47:00+05:30,23386.7,23387.3,23380.9,23383.2,
2024-06-13T12:48:00+05:30,23383.7,23388.3,23383.2,23388,
2024-06-13T12:49:00+05:30,23387.4,23399.5,23386.2,23397.8,
2024-06-13T12:50:00+05:30,23398,23402.1,23396.2,23401.5,
2024-06-13T12:51:00+05:30,23400.8,23403,23399.8,23401.4,
2024-06-13T12:52:00+05:30,23401.2,23403.5,23400.6,23403.5,
2024-06-13T12:53:00+05:30,23402.7,23405.6,23402.7,23404.7,
2024-06-13T12:54:00+05:30,23404.7,23408.5,23403.5,23407.2,
2024-06-13T12:55:00+05:30,23407.3,23409.5,23404.7,23406.2,
2024-06-13T12:56:00+05:30,23405.8,23405.8,23400.1,23400.8,
2024-06-13T12:57:00+05:30,23400.5,23401.3,23395.8,23398.5,
2024-06-13T12:58:00+05:30,23398.7,23402.1,23397.9,23400,
2024-06-13T12:59:00+05:30,23400,23402.2,23397.9,23399.5,
2024-06-13T13:00:00+05:30,23399.3,23402.3,23396.5,23397.7,
2024-06-13T13:01:00+05:30,23396.2,23401.5,23394.5,23401.5,
2024-06-13T13:02:00+05:30,23400.8,23405.1,23400,23404.6,
2024-06-13T13:03:00+05:30,23404.2,23406,23403,23404.5,
2024-06-13T13:04:00+05:30,23404.3,23408.7,23401.4,23407.3,
2024-06-13T13:05:00+05:30,23406.6,23408.6,23404.9,23406.3,
2024-06-13T13:06:00+05:30,23407.8,23407.8,23403.8,23405.3,
2024-06-13T13:07:00+05:30,23404.4,23408.8,23404.3,23406.2,
2024-06-13T13:08:00+05:30,23406,23409.7,23405.1,23409.7,
2024-06-13T13:09:00+05:30,23408.4,23409.8,23406.3,23407.7,
2024-06-13T13:10:00+05:30,23408.2,23421.1,23407,23419.8,
2024-06-13T13:11:00+05:30,23417.3,23420.5,23415.5,23417,
2024-06-13T13:12:00+05:30,23416.5,23417.2,23407.2,23408.2,
2024-06-13T13:13:00+05:30,23408,23410.7,23407.7,23409.2,
2024-06-13T13:14:00+05:30,23407.2,23413.2,23407.2,23411.3,
2024-06-13T13:15:00+05:30,23410.5,23412.7,23409.8,23410.8,
2024-06-13T13:16:00+05:30,23410.8,23412.2,23408.2,23411.5,
2024-06-13T13:17:00+05:30,23410.7,23413.2,23409,23413.2,
2024-06-13T13:18:00+05:30,23412.3,23416.8,23412.2,23414.5,
2024-06-13T13:19:00+05:30,23412.7,23414.3,23409.7,23411.2,
2024-06-13T13:20:00+05:30,23411.6,23413.6,23408.5,23411.6,
2024-06-13T13:21:00+05:30,23410.2,23413.7,23409.2,23412,
2024-06-13T13:22:00+05:30,23412.1,23413.6,23409.5,23410.5,
2024-06-13T13:23:00+05:30,23410.5,23412,23405.3,23406.2,
2024-06-13T13:24:00+05:30,23406.2,23407.3,23402.9,23405.2,
2024-06-13T13:25:00+05:30,23404,23406.9,23403.3,23405.7,
2024-06-13T13:26:00+05:30,23406,23410.4,23404.7,23410,
2024-06-13T13:27:00+05:30,23409.9,23411.6,23407,23410.7,
2024-06-13T13:28:00+05:30,23410,23413.7,23409.2,23413.6,
2024-06-13T13:29:00+05:30,23413.6,23415.8,23410.5,23411.9,
2024-06-13T13:30:00+05:30,23412.7,23412.8,23408.4,23410,
2024-06-13T13:31:00+05:30,23410,23412.9,23409.3,23412.2,
2024-06-13T13:32:00+05:30,23412.3,23412.3,23405.9,23408,
2024-06-13T13:33:00+05:30,23407.2,23408.2,23404.7,23405.8,
2024-06-13T13:34:00+05:30,23406.3,23408.8,23405.3,23407,
2024-06-13T13:35:00+05:30,23407,23409.2,23406.3,23408.2,
2024-06-13T13:36:00+05:30,23408.2,23408.6,23406.5,23408,
2024-06-13T13:37:00+05:30,23406.8,23408.2,23405.8,23407.4,
2024-06-13T13:38:00+05:30,23407,23414,23405.8,23410,
2024-06-13T13:39:00+05:30,23409.5,23409.5,23403.7,23407.5,
2024-06-13T13:40:00+05:30,23407.7,23413.2,23406.8,23413.2,
2024-06-13T13:41:00+05:30,23412.5,23417.8,23411,23417.8,
2024-06-13T13:42:00+05:30,23417.2,23417.3,23413.8,23414.2,
2024-06-13T13:43:00+05:30,23413.8,23414.8,23410.8,23412.3,
2024-06-13T13:44:00+05:30,23412.7,23414.3,23406.5,23407,
2024-06-13T13:45:00+05:30,23405.7,23407.2,23404.2,23406.4,
2024-06-13T13:46:00+05:30,23406.5,23408.2,23402.8,23404.8,
2024-06-13T13:47:00+05:30,23403.8,23405.3,23397.8,23400.3,
2024-06-13T13:48:00+05:30,23399.8,23403.2,23389.2,23391.4,
2024-06-13T13:49:00+05:30,23389.1,23394,23388.5,23390.8,
2024-06-13T13:50:00+05:30,23391.5,23391.7,23386.3,23390.2,
2024-06-13T13:51:00+05:30,23389.5,23393.6,23385.4,23388.2,
2024-06-13T13:52:00+05:30,23388,23389.5,23384.1,23387.6,
2024-06-13T13:53:00+05:30,23387.2,23394.6,23385.8,23393.7,
2024-06-13T13:54:00+05:30,23393.7,23400.8,23393.2,23398.3,
2024-06-13T13:55:00+05:30,23399.3,23400,23390.1,23392.2,
2024-06-13T13:56:00+05:30,23392.2,23393.5,23389.5,23391,
2024-06-13T13:57:00+05:30,23390.2,23393.7,23390,23392.2,
2024-06-13T13:58:00+05:30,23392.2,23398.7,23391.9,23398,
2024-06-13T13:59:00+05:30,23396.9,23406,23396.8,23404.5,
2024-06-13T14:00:00+05:30,23404.4,23408,23400.7,23405.1,
2024-06-13T14:01:00+05:30,23405.2,23405.5,23397.2,23400.3,
2024-06-13T14:02:00+05:30,23400.8,23403.1,23399.5,23402.5,
2024-06-13T14:03:00+05:30,23401.6,23403.7,23392.3,23392.5,
2024-06-13T14:04:00+05:30,23393.1,23393.6,23388.3,23388.7,
2024-06-13T14:05:00+05:30,23388.9,23389.8,23385.9,23389.8,
2024-06-13T14:06:00+05:30,23389.8,23392.4,23388.8,23390.3,
2024-06-13T14:07:00+05:30,23390.7,23396.1,23390,23394.3,
2024-06-13T14:08:00+05:30,23394.4,23394.4,23389.2,23393.7,
2024-06-13T14:09:00+05:30,23393,23393.5,23389.8,23390,
2024-06-13T14:10:00+05:30,23390.3,23391.5,23387,23388.2,
2024-06-13T14:11:00+05:30,23388,23392.3,23385.8,23391.2,
2024-06-13T14:12:00+05:30,23393,23393.5,23386.2,23389.3,
2024-06-13T14:13:00+05:30,23389,23392,23386.2,23391,
2024-06-13T14:14:00+05:30,23391.2,23395,23390.2,23393.8,
2024-06-13T14:15:00+05:30,23393.8,23394.5,23388,23389,
2024-06-13T14:16:00+05:30,23389.7,23389.7,23366.2,23378.3,
2024-06-13T14:17:00+05:30,23376.5,23382,23376,23379.3,
2024-06-13T14:18:00+05:30,23379.3,23383.2,23374,23381.8,
2024-06-13T14:19:00+05:30,23381.8,23384.2,23379.7,23383.1,
2024-06-13T14:20:00+05:30,23383.5,23386.2,23379.3,23380.8,
2024-06-13T14:21:00+05:30,23380.1,23381,23376.1,23379,
2024-06-13T14:22:00+05:30,23379.5,23383,23376.2,23381.8,
2024-06-13T14:23:00+05:30,23381.2,23384.2,23380.2,23382.8,
2024-06-13T14:24:00+05:30,23383.2,23383.5,23381.2,23382.3,
2024-06-13T14:25:00+05:30,23382.2,23382.3,23376,23378.2,
2024-06-13T14:26:00+05:30,23377.5,23383.4,23375.8,23382.7,
2024-06-13T14:27:00+05:30,23381.2,23390.9,23378.6,23389.2,
2024-06-13T14:28:00+05:30,23389.6,23394.2,23385.8,23393.5,
2024-06-13T14:29:00+05:30,23393.3,23395.8,23390.8,23391.5,
2024-06-13T14:30:00+05:30,23391.9,23395.3,23387.5,23394.8,
2024-06-13T14:31:00+05:30,23394.3,23394.8,23389.5,23390.5,
2024-06-13T14:32:00+05:30,23389.9,23393.8,23388.1,23389.2,
2024-06-13T14:33:00+05:30,23389.2,23391.3,23384.1,23387.5,
2024-06-13T14:34:00+05:30,23387.2,23388.1,23380.7,23384.8,
2024-06-13T14:35:00+05:30,23384,23387.1,23383.1,23384.3,
2024-06-13T14:36:00+05:30,23384.4,23389.8,23384.2,23388,
2024-06-13T14:37:00+05:30,23387.4,23391.8,23386.2,23388,
2024-06-13T14:38:00+05:30,23387.7,23392.6,23386.9,23390.7,
2024-06-13T14:39:00+05:30,23389.7,23397,23389.5,23393.2,
2024-06-13T14:40:00+05:30,23393.6,23399.1,23392.7,23393.6,
2024-06-13T14:41:00+05:30,23392.7,23393.5,23388.7,23393.2,
2024-06-13T14:42:00+05:30,23392.8,23399.5,23392.2,23398.8,
2024-06-13T14:43:00+05:30,23400.2,23400.7,23393.2,23394.5,
2024-06-13T14:44:00+05:30,23393.6,23398.8,23393.6,23398.1,
2024-06-13T14:45:00+05:30,23398.8,23407.8,23396.2,23404,
2024-06-13T14:46:00+05:30,23405,23405.2,23398.5,23401.7,
2024-06-13T14:47:00+05:30,23401.2,23403.8,23395.7,23397.3,
2024-06-13T14:48:00+05:30,23397,23400.1,23394.2,23396.5,
2024-06-13T14:49:00+05:30,23395.7,23397.8,23390.8,23394.6,
2024-06-13T14:50:00+05:30,23393.8,23402.6,23392.7,23397.9,
2024-06-13T14:51:00+05:30,23398,23400.3,23394.8,23399.9,
2024-06-13T14:52:00+05:30,23400,23400,23394.8,23397.4,
2024-06-13T14:53:00+05:30,23397.7,23399.3,23393.5,23396.9,
2024-06-13T14:54:00+05:30,23396.5,23398,23394.5,23396.5,
2024-06-13T14:55:00+05:30,23396.4,23399.6,23394.2,23394.9,
2024-06-13T14:56:00+05:30,23395.5,23396.2,23389.1,23390.5,
2024-06-13T14:57:00+05:30,23391.3,23393.8,23386,23393.8,
2024-06-13T14:58:00+05:30,23394,23400.5,23391.3,23399.8,
2024-06-13T14:59:00+05:30,23400,23401,23394.5,23400.8,
2024-06-13T15:00:00+05:30,23399.4,23400.7,23388.2,23390.6,
2024-06-13T15:01:00+05:30,23389.9,23392.3,23387.7,23391.5,
2024-06-13T15:02:00+05:30,23390.8,23395,23385.5,23388.7,
2024-06-13T15:03:00+05:30,23389.2,23395.5,23385.9,23393.3,
2024-06-13T15:04:00+05:30,23392.7,23393.3,23386,23391,
2024-06-13T15:05:00+05:30,23390.8,23397,23384.6,23397,
2024-06-13T15:06:00+05:30,23397.8,23403.8,23396.8,23400,
2024-06-13T15:07:00+05:30,23399.7,23399.8,23390.8,23390.8,
2024-06-13T15:08:00+05:30,23390.7,23397.2,23390,23397.2,
2024-06-13T15:09:00+05:30,23396.5,23401,23393.6,23401,
2024-06-13T15:10:00+05:30,23400.4,23402.1,23393.8,23397.7,
2024-06-13T15:11:00+05:30,23396.2,23400.4,23395.8,23399.5,
2024-06-13T15:12:00+05:30,23398.7,23400.5,23396.5,23398,
2024-06-13T15:13:00+05:30,23397.7,23401.7,23397.3,23400.5,
2024-06-13T15:14:00+05:30,23400.2,23404.1,23398.2,23399,
2024-06-13T15:15:00+05:30,23398.2,23402.7,23396.8,23401.5,
2024-06-13T15:16:00+05:30,23401.3,23403.1,23397.4,23402.7,
2024-06-13T15:17:00+05:30,23402.8,23403.3,23399.8,23400.5,
2024-06-13T15:18:00+05:30,23400.6,23404.2,23399.6,23401.8,
2024-06-13T15:19:00+05:30,23402,23405.2,23401.8,23403.9,
2024-06-13T15:20:00+05:30,23403.2,23409,23402.2,23404.5,
2024-06-13T15:21:00+05:30,23404.8,23411.2,23404.8,23410.3,
2024-06-13T15:22:00+05:30,23410,23410,23406.2,23407.2,
2024-06-13T15:23:00+05:30,23406.7,23410.3,23405.8,23409.5,
2024-06-13T15:24:00+05:30,23409.6,23410.3,23405.3,23405.6,
2024-06-13T15:25:00+05:30,23405.7,23407.5,23403.3,23404,
2024-06-13T15:26:00+05:30,23403.2,23404.5,23401.5,23403.8,
2024-06-13T15:27:00+05:30,23403.8,23406.5,23400.8,23401.6,
2024-06-13T15:28:00+05:30,23400.9,23403.7,23398.5,23399.8,
2024-06-13T15:29:00+05:30,23398.5,23404.9,23397.8,23399.3,
2024-06-14T09:15:00+05:30,23465,23469.5,23416.5,23429.5,
2024-06-14T09:16:00+05:30,23425.7,23429,23419,23422.7,
2024-06-14T09:17:00+05:30,23424.7,23427.5,23418.6,23423.2,
2024-06-14T09:18:00+05:30,23424.6,23426.6,23411.7,23413.7,
2024-06-14T09:19:00+05:30,23412.9,23422,23411.5,23414.7,
2024-06-14T09:20:00+05:30,23417.2,23417.8,23404.2,23409.2,
2024-06-14T09:21:00+05:30,23409.7,23411.6,23376.3,23376.3,
2024-06-14T09:22:00+05:30,23377,23380.3,23367.2,23377.3,
2024-06-14T09:23:00+05:30,23376,23377.8,23353.8,23355.8,
2024-06-14T09:24:00+05:30,23357,23357,23346.7,23349.5,
2024-06-14T09:25:00+05:30,23348.3,23350.7,23337.4,23343.7,
2024-06-14T09:26:00+05:30,23344.9,23350.8,23341.3,23343.2,
2024-06-14T09:27:00+05:30,23343,23361.4,23342.7,23347.1,
2024-06-14T09:28:00+05:30,23345.8,23354.5,23343,23351.1,
2024-06-14T09:29:00+05:30,23348.7,23354.3,23345,23351.4,
2024-06-14T09:30:00+05:30,23351.9,23363.3,23350,23362,
2024-06-14T09:31:00+05:30,23362.2,23367.1,23353.8,23358.8,
2024-06-14T09:32:00+05:30,23359.4,23360.7,23343.7,23345.8,
2024-06-14T09:33:00+05:30,23345.7,23352.9,23334.2,23346.1,
2024-06-14T09:34:00+05:30,23346.7,23361.1,23346.7,23359.8,
2024-06-14T09:35:00+05:30,23359.3,23364.4,23357.2,23364,
2024-06-14T09:36:00+05:30,23363.8,23368.5,23359.2,23364.6,
2024-06-14T09:37:00+05:30,23363.5,23368.2,23358.6,23364.3,
2024-06-14T09:38:00+05:30,23363.5,23367.5,23357,23357,
2024-06-14T09:39:00+05:30,23358.6,23360.7,23349.3,23358.2,
2024-06-14T09:40:00+05:30,23358.9,23358.9,23351.2,23351.7,
2024-06-14T09:41:00+05:30,23351.7,23359.2,23351.3,23357.7,
2024-06-14T09:42:00+05:30,23358.3,23359.4,23353.6,23358.2,
2024-06-14T09:43:00+05:30,23358.3,23360.4,23353,23353.1,
2024-06-14T09:44:00+05:30,23353.3,23353.7,23341.8,23342.2,
2024-06-14T09:45:00+05:30,23341.9,23344,23338.8,23340.7,
2024-06-14T09:46:00+05:30,23340.8,23353.6,23340.7,23352.1,
2024-06-14T09:47:00+05:30,23353,23376,23352.8,23374.2,
2024-06-14T09:48:00+05:30,23376,23386.3,23367.9,23373.3,
2024-06-14T09:49:00+05:30,23374.2,23381.4,23371.5,23376.9,
2024-06-14T09:50:00+05:30,23377.6,23380,23375.2,23379.9,
2024-06-14T09:51:00+05:30,23380,23388.7,23379.3,23383,
2024-06-14T09:52:00+05:30,23382.9,23385.2,23380.8,23382.9,
2024-06-14T09:53:00+05:30,23383,23384.1,23377.5,23381.5,
2024-06-14T09:54:00+05:30,23380.7,23383.8,23378.8,23381.8,
2024-06-14T09:55:00+05:30,23381.8,23385.8,23379.6,23382.7,
2024-06-14T09:56:00+05:30,23383.2,23385.6,23381.5,23384.8,
2024-06-14T09:57:00+05:30,23385.5,23390,23384.5,23389.7,
2024-06-14T09:58:00+05:30,23390,23398,23388.7,23395.8,
2024-06-14T09:59:00+05:30,23396.4,23408,23396.3,23406.8,
2024-06-14T10:00:00+05:30,23407,23422.4,23407,23420.8,
2024-06-14T10:01:00+05:30,23420.9,23422,23413.3,23417.7,
2024-06-14T10:02:00+05:30,23417,23418,23412.3,23416.6,
2024-06-14T10:03:00+05:30,23415.3,23419.2,23412,23414.4,
2024-06-14T10:04:00+05:30,23413.9,23421.7,23413.9,23420.5,
2024-06-14T10:05:00+05:30,23419.7,23424.2,23414.9,23416,
2024-06-14T10:06:00+05:30,23416.5,23421.8,23416.4,23421.8,
2024-06-14T10:07:00+05:30,23421.8,23436.5,23420.5,23435.5,
2024-06-14T10:08:00+05:30,23435.4,23437.3,23433.2,23435.5,
2024-06-14T10:09:00+05:30,23436.5,23441.5,23436,23441.5,
2024-06-14T10:10:00+05:30,23440.9,23447.6,23439,23441.5,
2024-06-14T10:11:00+05:30,23441.8,23441.8,23433,23436.5,
2024-06-14T10:12:00+05:30,23436.7,23439.2,23432.3,23436.7,
2024-06-14T10:13:00+05:30,23435.9,23440,23435.2,23437.5,
2024-06-14T10:14:00+05:30,23436.9,23439.2,23435.2,23437.8,
2024-06-14T10:15:00+05:30,23437.5,23441.2,23432.8,23435.4,
2024-06-14T10:16:00+05:30,23434.8,23435.5,23424.9,23425.8,
2024-06-14T10:17:00+05:30,23426.2,23431.8,23425.7,23430.5,
2024-06-14T10:18:00+05:30,23430.2,23440.9,23430,23439.5,
2024-06-14T10:19:00+05:30,23438.7,23445.1,23438.2,23444.7,
2024-06-14T10:20:00+05:30,23444.7,23447.3,23440.8,23444.9,
2024-06-14T10:21:00+05:30,23444.3,23450.1,23444.3,23448.1,
2024-06-14T10:22:00+05:30,23448.1,23452,23446.7,23447.4,
2024-06-14T10:23:00+05:30,23447.7,23454.6,23446.9,23452.9,
2024-06-14T10:24:00+05:30,23452.6,23455,23448.8,23450.5,
2024-06-14T10:25:00+05:30,23451,23454,23449.1,23452.8,
2024-06-14T10:26:00+05:30,23452.7,23454.4,23448.3,23450.8,
2024-06-14T10:27:00+05:30,23450.7,23454,23449.7,23451.5,
2024-06-14T10:28:00+05:30,23451.6,23451.6,23439.6,23440.2,
2024-06-14T10:29:00+05:30,23440.7,23442.1,23436.5,23439.3,
2024-06-14T10:30:00+05:30,23438.8,23440.7,23434.2,23436.7,
2024-06-14T10:31:00+05:30,23437.5,23437.5,23433,23436,
2024-06-14T10:32:00+05:30,23436.2,23437.2,23433.2,23435.7,
2024-06-14T10:33:00+05:30,23435.5,23439.7,23435,23438.8,
2024-06-14T10:34:00+05:30,23438.6,23443.9,23437.3,23443.2,
2024-06-14T10:35:00+05:30,23442.9,23445.5,23437.2,23439,
2024-06-14T10:36:00+05:30,23438,23439,23433,23434.2,
2024-06-14T10:37:00+05:30,23434.2,23441.8,23434,23441,
2024-06-14T10:38:00+05:30,23440,23453.2,23439.2,23453.2,
2024-06-14T10:39:00+05:30,23452.7,23455,23451.2,23454.4,
2024-06-14T10:40:00+05:30,23454.3,23457.2,23452.7,23456.4,
2024-06-14T10:41:00+05:30,23456.4,23458.8,23453.3,23456.2,
2024-06-14T10:42:00+05:30,23456.3,23459.5,23454.7,23455.1,
2024-06-14T10:43:00+05:30,23454.2,23455.5,23448.1,23450.2,
2024-06-14T10:44:00+05:30,23450.5,23452.5,23448,23450.2,
2024-06-14T10:45:00+05:30,23450,23450.3,23445,23448.5,
2024-06-14T10:46:00+05:30,23448.2,23451.1,23447.3,23450.2,
2024-06-14T10:47:00+05:30,23449.8,23453.4,23448.7,23453.4,
2024-06-14T10:48:00+05:30,23451.2,23452.9,23449.2,23450.2,
2024-06-14T10:49:00+05:30,23450.8,23452.2,23446.7,23452,
2024-06-14T10:50:00+05:30,23451.2,23453.7,23444.8,23447.8,
2024-06-14T10:51:00+05:30,23447.5,23450.2,23445.7,23446.9,
2024-06-14T10:52:00+05:30,23445,23447.2,23441.8,23443,
2024-06-14T10:53:00+05:30,23443.5,23444.8,23439.8,23444.5,
2024-06-14T10:54:00+05:30,23443.9,23445.5,23439.5,23440.2,
2024-06-14T10:55:00+05:30,23440.8,23447,23438.8,23443.3,
2024-06-14T10:56:00+05:30,23443.8,23446.2,23441.5,23443.8,
2024-06-14T10:57:00+05:30,23444,23445.5,23440.5,23442.2,
2024-06-14T10:58:00+05:30,23442.4,23443.8,23437.7,23439.4,
2024-06-14T10:59:00+05:30,23438.6,23443.2,23437.8,23439.2,
2024-06-14T11:00:00+05:30,23438.6,23441.5,23437.3,23438.5,
2024-06-14T11:01:00+05:30,23438.7,23438.8,23433.9,23436.2,
2024-06-14T11:02:00+05:30,23436.5,23439.8,23434,23437,
2024-06-14T11:03:00+05:30,23436.7,23439.5,23434.4,23437.8,
2024-06-14T11:04:00+05:30,23437.4,23442.1,23436.8,23441.2,
2024-06-14T11:05:00+05:30,23441.9,23447,23439.5,23446,
2024-06-14T11:06:00+05:30,23446,23450.5,23445,23448.6,
2024-06-14T11:07:00+05:30,23448.5,23451.3,23446.2,23446.9,
2024-06-14T11:08:00+05:30,23446.8,23450.1,23445.8,23449,
2024-06-14T11:09:00+05:30,23449.2,23449.5,23444.9,23446,
2024-06-14T11:10:00+05:30,23445.7,23448.3,23444.2,23445.5,
2024-06-14T11:11:00+05:30,23445.8,23449.7,23445,23446.9,
2024-06-14T11:12:00+05:30,23446.7,23450.3,23446.7,23448.1,
2024-06-14T11:13:00+05:30,23448.2,23450.8,23447.5,23450,
2024-06-14T11:14:00+05:30,23450,23451.2,23448.3,23448.9,
2024-06-14T11:15:00+05:30,23448.3,23452.5,23448.3,23451.2,
2024-06-14T11:16:00+05:30,23452.2,23452.2,23443.8,23444.6,
2024-06-14T11:17:00+05:30,23444.5,23444.9,23439.3,23441.3,
2024-06-14T11:18:00+05:30,23440.7,23444.7,23440,23441,
2024-06-14T11:19:00+05:30,23440.8,23443.6,23439.9,23442.2,
2024-06-14T11:20:00+05:30,23442.1,23442.2,23437.4,23440.3,
2024-06-14T11:21:00+05:30,23439.7,23442,23438.8,23440.3,
2024-06-14T11:22:00+05:30,23440.5,23444.2,23439.3,23442.8,
2024-06-14T11:23:00+05:30,23442.5,23442.5,23439.6,23442,
2024-06-14T11:24:00+05:30,23441.7,23445.2,23439.8,23439.9,
2024-06-14T11:25:00+05:30,23439.4,23442.7,23438.4,23442.3,
2024-06-14T11:26:00+05:30,23441.3,23443.7,23440.1,23443.2,
2024-06-14T11:27:00+05:30,23442.2,23444.2,23439.8,23441.8,
2024-06-14T11:28:00+05:30,23442,23443.6,23432,23433.4,
2024-06-14T11:29:00+05:30,23432.8,23435.9,23431.8,23434,
2024-06-14T11:30:00+05:30,23434,23437,23431.7,23435.9,
2024-06-14T11:31:00+05:30,23435.6,23438,23431.8,23434.5,
2024-06-14T11:32:00+05:30,23432.4,23435.3,23429.7,23431.8,
2024-06-14T11:33:00+05:30,23432.2,23435.8,23431.2,23431.8,
2024-06-14T11:34:00+05:30,23431.3,23435.3,23431,23432.5,
2024-06-14T11:35:00+05:30,23432.1,23435,23430.9,23433.6,
2024-06-14T11:36:00+05:30,23432.8,23437,23432.4,23436.3,
2024-06-14T11:37:00+05:30,23436.3,23441.8,23436.3,23438.4,
2024-06-14T11:38:00+05:30,23439.2,23442.7,23438.3,23441.7,
2024-06-14T11:39:00+05:30,23441.5,23444.3,23439,23439.6,
2024-06-14T11:40:00+05:30,23439.9,23442.1,23438.2,23441.2,
2024-06-14T11:41:00+05:30,23441,23442.8,23439.2,23442.6,
2024-06-14T11:42:00+05:30,23441,23442.7,23438.5,23440.3,
2024-06-14T11:43:00+05:30,23440.2,23447.8,23439,23444,
2024-06-14T11:44:00+05:30,23443.7,23448.5,23442.2,23445.2,
2024-06-14T11:45:00+05:30,23446,23448.8,23442.3,23445.2,
2024-06-14T11:46:00+05:30,23445.1,23446,23443.5,23445.2,
2024-06-14T11:47:00+05:30,23445.3,23446.8,23441.5,23442.6,
2024-06-14T11:48:00+05:30,23443.7,23445,23439.7,23442.1,
2024-06-14T11:49:00+05:30,23441.5,23443.8,23438.8,23441.2,
2024-06-14T11:50:00+05:30,23440.6,23443.2,23439.2,23441.3,
2024-06-14T11:51:00+05:30,23442.5,23443.3,23439.3,23442.7,
2024-06-14T11:52:00+05:30,23442.6,23444.3,23441.3,23443.7,
2024-06-14T11:53:00+05:30,23443.9,23447.5,23443.1,23446.8,
2024-06-14T11:54:00+05:30,23446.8,23448.8,23446.4,23448.2,
2024-06-14T11:55:00+05:30,23448.5,23449.8,23447.2,23449,
2024-06-14T11:56:00+05:30,23447.6,23448.9,23446.5,23447.8,
2024-06-14T11:57:00+05:30,23447.3,23450.2,23444.2,23444.2,
2024-06-14T11:58:00+05:30,23444,23446.5,23443.4,23445.7,
2024-06-14T11:59:00+05:30,23445.8,23446.4,23444.5,23445.9,
2024-06-14T12:00:00+05:30,23446.6,23448,23444.2,23447.4,
2024-06-14T12:01:00+05:30,23447.2,23447.7,23445.1,23447.2,
2024-06-14T12:02:00+05:30,23447.5,23448.4,23446.2,23446.8,
2024-06-14T12:03:00+05:30,23446.7,23449.8,23438.6,23439.8,
2024-06-14T12:04:00+05:30,23439.3,23442.1,23438.7,23441,
2024-06-14T12:05:00+05:30,23440.6,23442,23439,23440.3,
2024-06-14T12:06:00+05:30,23439.8,23441.5,23437.5,23439.7,
2024-06-14T12:07:00+05:30,23440,23441.8,23438.1,23439,
2024-06-14T12:08:00+05:30,23438.7,23439,23436,23436.3,
2024-06-14T12:09:00+05:30,23435.7,23436.4,23431.5,23435.1,
2024-06-14T12:10:00+05:30,23434.7,23439.2,23432.6,23433.4,
2024-06-14T12:11:00+05:30,23432.7,23435.3,23428,23434,
2024-06-14T12:12:00+05:30,23433.8,23440,23433.8,23438.7,
2024-06-14T12:13:00+05:30,23438.5,23441.5,23438.1,23440.5,
2024-06-14T12:14:00+05:30,23439.5,23440.9,23438,23439.1,
2024-06-14T12:15:00+05:30,23439.1,23440.8,23437.6,23439.2,
2024-06-14T12:16:00+05:30,23438.7,23441.9,23437,23440,
2024-06-14T12:17:00+05:30,23439.7,23440.7,23436.6,23439.1,
2024-06-14T12:18:00+05:30,23439,23439.7,23436.5,23439,
2024-06-14T12:19:00+05:30,23439.1,23439.8,23437.3,23437.6,
2024-06-14T12:20:00+05:30,23437.5,23438,23433.2,23434.3,
2024-06-14T12:21:00+05:30,23434.4,23438.8,23433.5,23435.7,
2024-06-14T12:22:00+05:30,23435.2,23436.1,23432.4,23434.9,
2024-06-14T12:23:00+05:30,23433.8,23438.3,23432.2,23435.3,
2024-06-14T12:24:00+05:30,23434.6,23436,23432.2,23434.5,
2024-06-14T12:25:00+05:30,23434,23436.8,23431.7,23433.2,
2024-06-14T12:26:00+05:30,23432.2,23435.2,23431,23433.2,
2024-06-14T12:27:00+05:30,23434.2,23441.9,23433.8,23441,
2024-06-14T12:28:00+05:30,23440.4,23442.2,23437.7,23439,
2024-06-14T12:29:00+05:30,23439,23439.7,23434.4,23435.3,
2024-06-14T12:30:00+05:30,23435.2,23438.2,23434.8,23435.8,
2024-06-14T12:31:00+05:30,23435.3,23438.3,23433,23436.2,
2024-06-14T12:32:00+05:30,23435.2,23437.3,23432.8,23433.6,
2024-06-14T12:33:00+05:30,23433.5,23436.5,23433,23433,
2024-06-14T12:34:00+05:30,23433,23434.8,23431.8,23433.5,
2024-06-14T12:35:00+05:30,23432.8,23436.4,23429.5,23432.1,
2024-06-14T12:36:00+05:30,23431.8,23435.7,23429.8,23433.2,
2024-06-14T12:37:00+05:30,23432.8,23435.3,23430.7,23431.8,
2024-06-14T12:38:00+05:30,23431,23434.6,23429.9,23431.9,
2024-06-14T12:39:00+05:30,23431.7,23434.2,23430.1,23432.4,
2024-06-14T12:40:00+05:30,23432.2,23436.4,23431.2,23434.6,
2024-06-14T12:41:00+05:30,23433.8,23437.2,23433,23436.6,
2024-06-14T12:42:00+05:30,23436.2,23442.5,23435.8,23439.4,
2024-06-14T12:43:00+05:30,23439.3,23441.5,23437.5,23441.2,
2024-06-14T12:44:00+05:30,23441.5,23442,23437,23437,
2024-06-14T12:45:00+05:30,23437.9,23441.2,23435.8,23437.7,
2024-06-14T12:46:00+05:30,23437.5,23439.9,23434.5,23436.2,
2024-06-14T12:47:00+05:30,23436,23438.1,23434,23436.8,
2024-06-14T12:48:00+05:30,23437,23443.6,23436.8,23442.9,
2024-06-14T12:49:00+05:30,23442,23446.6,23441.3,23443.5,
2024-06-14T12:50:00+05:30,23443.5,23446.3,23442.5,23445.9,
2024-06-14T12:51:00+05:30,23445.8,23447.7,23441.3,23444,
2024-06-14T12:52:00+05:30,23443.4,23449,23443,23448,
2024-06-14T12:53:00+05:30,23446.2,23451.8,23446.2,23449,
2024-06-14T12:54:00+05:30,23448.2,23450.1,23443.9,23444.9,
2024-06-14T12:55:00+05:30,23444.8,23447.6,23443.7,23445.7,
2024-06-14T12:56:00+05:30,23445.2,23448.2,23444.6,23447.4,
2024-06-14T12:57:00+05:30,23447.5,23450.1,23445.5,23448.1,
2024-06-14T12:58:00+05:30,23448,23450,23443.6,23443.6,
2024-06-14T12:59:00+05:30,23444.2,23446.9,23442.9,23444.6,
2024-06-14T13:00:00+05:30,23444.8,23449.3,23444.8,23446.7,
2024-06-14T13:01:00+05:30,23446.4,23451,23444.3,23446,
2024-06-14T13:02:00+05:30,23446,23451,23444.5,23446.5,
2024-06-14T13:03:00+05:30,23446.3,23449,23442.8,23444.8,
2024-06-14T13:04:00+05:30,23444.3,23448.5,23441.2,23442.9,
2024-06-14T13:05:00+05:30,23442.8,23447.3,23441,23445.2,
2024-06-14T13:06:00+05:30,23445.3,23450.5,23445,23448.5,
2024-06-14T13:07:00+05:30,23448.1,23451.5,23445.8,23447.9,
2024-06-14T13:08:00+05:30,23448.5,23452.5,23446.5,23449.5,
2024-06-14T13:09:00+05:30,23449.2,23453.1,23447.4,23452.2,
2024-06-14T13:10:00+05:30,23451.6,23453,23449,23452.5,
2024-06-14T13:11:00+05:30,23452.3,23455.2,23452,23453.5,
2024-06-14T13:12:00+05:30,23452.8,23460,23452,23459.5,
2024-06-14T13:13:00+05:30,23459.4,23462.7,23455.9,23459.8,
2024-06-14T13:14:00+05:30,23459.8,23462,23457.5,23459.2,
2024-06-14T13:15:00+05:30,23459.3,23459.8,23456,23457.9,
2024-06-14T13:16:00+05:30,23457.7,23458.1,23455,23456.4,
2024-06-14T13:17:00+05:30,23456.3,23460.8,23453,23458.6,
2024-06-14T13:18:00+05:30,23457.8,23462.2,23457,23460.7,
2024-06-14T13:19:00+05:30,23460.7,23463.5,23458.7,23460,
2024-06-14T13:20:00+05:30,23459.8,23460.7,23456.2,23460.2,
2024-06-14T13:21:00+05:30,23459.7,23462.8,23457.3,23459.8,
2024-06-14T13:22:00+05:30,23459.1,23461,23453.8,23455,
2024-06-14T13:23:00+05:30,23455.2,23458,23453.2,23453.8,
2024-06-14T13:24:00+05:30,23454.2,23458,23452.8,23456,
2024-06-14T13:25:00+05:30,23456.5,23459.8,23454.5,23457.5,
2024-06-14T13:26:00+05:30,23457.1,23458.8,23452.7,23453.8,
2024-06-14T13:27:00+05:30,23453.7,23457,23452.8,23454.9,
2024-06-14T13:28:00+05:30,23455.5,23458.3,23452.2,23454.2,
2024-06-14T13:29:00+05:30,23453.8,23456.3,23452.8,23455.3,
2024-06-14T13:30:00+05:30,23455,23456.2,23453.4,23453.5,
2024-06-14T13:31:00+05:30,23453.3,23456.8,23447.4,23449,
2024-06-14T13:32:00+05:30,23449.1,23451.6,23448,23450.4,
2024-06-14T13:33:00+05:30,23450.8,23451.4,23444.8,23445.3,
2024-06-14T13:34:00+05:30,23447.7,23447.7,23441.2,23441.8,
2024-06-14T13:35:00+05:30,23441.5,23443.5,23438.4,23439.5,
2024-06-14T13:36:00+05:30,23439.9,23443.2,23438.6,23441.8,
2024-06-14T13:37:00+05:30,23441.5,23443.5,23435.3,23438,
2024-06-14T13:38:00+05:30,23438,23442.2,23436.4,23438.5,
2024-06-14T13:39:00+05:30,23437.5,23440.6,23436.8,23439.8,
2024-06-14T13:40:00+05:30,23439.3,23440.7,23437.3,23440.1,
2024-06-14T13:41:00+05:30,23440.3,23446.7,23439.6,23443.7,
2024-06-14T13:42:00+05:30,23444.8,23447.3,23442.5,23444,
2024-06-14T13:43:00+05:30,23443.5,23444.4,23441.4,23442.8,
2024-06-14T13:44:00+05:30,23442.3,23445.7,23440.1,23442.7,
2024-06-14T13:45:00+05:30,23442.3,23445.4,23441.5,23443.5,
2024-06-14T13:46:00+05:30,23442.9,23445.6,23442.3,23445,
2024-06-14T13:47:00+05:30,23445,23451.9,23444.2,23449,
2024-06-14T13:48:00+05:30,23445.5,23449.7,23444.8,23445.5,
2024-06-14T13:49:00+05:30,23445.3,23446.5,23442.5,23442.7,
2024-06-14T13:50:00+05:30,23443,23444.5,23440.4,23443.8,
2024-06-14T13:51:00+05:30,23443.7,23449.5,23442.5,23444.3,
2024-06-14T13:52:00+05:30,23443.3,23444,23440.7,23441,
2024-06-14T13:53:00+05:30,23440.9,23441,23435.6,23436.8,
2024-06-14T13:54:00+05:30,23437,23438,23431.5,23433.2,
2024-06-14T13:55:00+05:30,23432.5,23432.8,23424.2,23427.5,
2024-06-14T13:56:00+05:30,23427.5,23429.5,23425.2,23428,
2024-06-14T13:57:00+05:30,23428.3,23436,23428.3,23433,
2024-06-14T13:58:00+05:30,23432.9,23435.6,23432.5,23433,
2024-06-14T13:59:00+05:30,23432.8,23435.8,23427.5,23432.9,
2024-06-14T14:00:00+05:30,23432.5,23435,23429.5,23434,
2024-06-14T14:01:00+05:30,23433.2,23436,23432.8,23434.8,
2024-06-14T14:02:00+05:30,23434.5,23434.7,23431.1,23433.2,
2024-06-14T14:03:00+05:30,23432.8,23439.2,23432.8,23436.8,
2024-06-14T14:04:00+05:30,23435.7,23442.4,23435.7,23440.9,
2024-06-14T14:05:00+05:30,23440.8,23448,23440.8,23446.4,
2024-06-14T14:06:00+05:30,23447.2,23448.2,23441.5,23445.2,
2024-06-14T14:07:00+05:30,23445.3,23447.6,23439.5,23442.8,
2024-06-14T14:08:00+05:30,23442.2,23445,23438,23439.3,
2024-06-14T14:09:00+05:30,23439,23440.8,23437.2,23438.7,
2024-06-14T14:10:00+05:30,23438.6,23446,23438,23444,
2024-06-14T14:11:00+05:30,23444,23450.8,23442.8,23448,
2024-06-14T14:12:00+05:30,23447.8,23451.2,23445.7,23449.3,
2024-06-14T14:13:00+05:30,23449.3,23451.1,23446,23447.5,
2024-06-14T14:14:00+05:30,23447,23449.6,23444.7,23446.3,
2024-06-14T14:15:00+05:30,23446.2,23449,23444,23449,
2024-06-14T14:16:00+05:30,23449.2,23449.8,23442.8,23444.7,
2024-06-14T14:17:00+05:30,23444.8,23449.7,23442.1,23448.6,
2024-06-14T14:18:00+05:30,23448.3,23452.2,23446.8,23450,
2024-06-14T14:19:00+05:30,23450.5,23452.9,23447.8,23449.7,
2024-06-14T14:20:00+05:30,23449.1,23452.6,23448.1,23449.5,
2024-06-14T14:21:00+05:30,23448.5,23450.5,23446.2,23447,
2024-06-14T14:22:00+05:30,23446.9,23451,23446.2,23449.7,
2024-06-14T14:23:00+05:30,23449.6,23451.8,23449,23450.7,
2024-06-14T14:24:00+05:30,23450.9,23452.5,23448,23448.2,
2024-06-14T14:25:00+05:30,23448.1,23450.4,23446.9,23448,
2024-06-14T14:26:00+05:30,23447.7,23452.7,23447,23450.3,
2024-06-14T14:27:00+05:30,23450.7,23451.5,23446.7,23446.8,
2024-06-14T14:28:00+05:30,23446,23449.7,23445.7,23449,
2024-06-14T14:29:00+05:30,23448.9,23449.4,23446,23448.2,
2024-06-14T14:30:00+05:30,23448,23452.4,23448,23452.4,
2024-06-14T14:31:00+05:30,23452.3,23456,23452,23453,
2024-06-14T14:32:00+05:30,23453.3,23457.1,23451,23456.5,
2024-06-14T14:33:00+05:30,23458.3,23462.8,23454,23462.4,
2024-06-14T14:34:00+05:30,23461.2,23463.5,23458.5,23463.4,
2024-06-14T14:35:00+05:30,23463.6,23465.2,23460,23460.5,
2024-06-14T14:36:00+05:30,23461,23461.3,23455.5,23457.4,
2024-06-14T14:37:00+05:30,23456.8,23459.8,23454.3,23457.5,
2024-06-14T14:38:00+05:30,23458.2,23459,23454.5,23457.2,
2024-06-14T14:39:00+05:30,23458,23459,23454.1,23454.7,
2024-06-14T14:40:00+05:30,23454.2,23459.6,23451.7,23458.9,
2024-06-14T14:41:00+05:30,23458.3,23465,23452.3,23452.3,
2024-06-14T14:42:00+05:30,23453,23453.5,23447.4,23448.9,
2024-06-14T14:43:00+05:30,23449.4,23449.4,23442.6,23443.4,
2024-06-14T14:44:00+05:30,23443.8,23456.7,23443.7,23455.5,
2024-06-14T14:45:00+05:30,23455.8,23458.8,23453.5,23455.8,
2024-06-14T14:46:00+05:30,23455.3,23460.1,23455.3,23458.2,
2024-06-14T14:47:00+05:30,23458.3,23458.8,23454,23455.5,
2024-06-14T14:48:00+05:30,23455.2,23460.7,23454.3,23459.1,
2024-06-14T14:49:00+05:30,23459.1,23460.2,23454.1,23459,
2024-06-14T14:50:00+05:30,23459.9,23465.7,23458,23461.3,
2024-06-14T14:51:00+05:30,23460.8,23462.3,23455.5,23456.7,
2024-06-14T14:52:00+05:30,23459.3,23462.5,23455.4,23460,
2024-06-14T14:53:00+05:30,23460,23460.8,23458,23459.9,
2024-06-14T14:54:00+05:30,23460.1,23468.1,23459.4,23464.5,
2024-06-14T14:55:00+05:30,23465.2,23466.7,23461,23461.3,
2024-06-14T14:56:00+05:30,23461.5,23463.6,23459,23461.6,
2024-06-14T14:57:00+05:30,23463.1,23463.5,23460,23461.3,
2024-06-14T14:58:00+05:30,23461,23464.7,23458.8,23462,
2024-06-14T14:59:00+05:30,23462.8,23467.8,23460.7,23465.5,
2024-06-14T15:00:00+05:30,23466,23481.8,23464.9,23481.8,
2024-06-14T15:01:00+05:30,23481.7,23487.2,23480.8,23484.6,
2024-06-14T15:02:00+05:30,23485.5,23490.4,23483.5,23487.8,
2024-06-14T15:03:00+05:30,23487.8,23488.8,23482.7,23482.7,
2024-06-14T15:04:00+05:30,23481.6,23486.7,23480.7,23484.1,
2024-06-14T15:05:00+05:30,23480.5,23486,23480.5,23483.2,
2024-06-14T15:06:00+05:30,23483.8,23486.4,23475.4,23478.5,
2024-06-14T15:07:00+05:30,23478.6,23480.3,23471.8,23472.9,
2024-06-14T15:08:00+05:30,23471.5,23475.2,23469.2,23469.4,
2024-06-14T15:09:00+05:30,23469,23471.7,23462.8,23469.1,
2024-06-14T15:10:00+05:30,23469.1,23469.2,23463.5,23463.5,
2024-06-14T15:11:00+05:30,23463,23480.3,23463,23477.4,
2024-06-14T15:12:00+05:30,23477.5,23477.5,23469.3,23470.5,
2024-06-14T15:13:00+05:30,23470,23475.7,23469.5,23472.9,
2024-06-14T15:14:00+05:30,23472.8,23475.3,23469.1,23471.9,
2024-06-14T15:15:00+05:30,23472.4,23473.3,23464,23466.9,
2024-06-14T15:16:00+05:30,23466.2,23467.8,23458.5,23459.2,
2024-06-14T15:17:00+05:30,23458.8,23460.2,23453.5,23453.5,
2024-06-14T15:18:00+05:30,23453.8,23457.9,23452,23457,
2024-06-14T15:19:00+05:30,23457.3,23458,23444.6,23446.8,
2024-06-14T15:20:00+05:30,23447,23453.5,23446.2,23448.6,
2024-06-14T15:21:00+05:30,23449,23454.1,23447.3,23449.4,
2024-06-14T15:22:00+05:30,23449.9,23453.2,23448.5,23451.2,
2024-06-14T15:23:00+05:30,23451.3,23454,23449.5,23453.6,
2024-06-14T15:24:00+05:30,23453.5,23458.2,23450.8,23456.5,
2024-06-14T15:25:00+05:30,23456.3,23458.2,23452.7,23456.5,
2024-06-14T15:26:00+05:30,23455.3,23460.3,23454.2,23458.5,
2024-06-14T15:27:00+05:30,23458,23459.6,23456.2,23458.5,
2024-06-14T15:28:00+05:30,23458.5,23458.5,23451.2,23452.2,
2024-06-14T15:29:00+05:30,23452.8,23457.3,23448.5,23454.2,
2024-06-18T09:15:00+05:30,23570.8,23573.8,23518.6,23524.8,
2024-06-18T09:16:00+05:30,23524.7,23536.1,23524,23530.8,
2024-06-18T09:17:00+05:30,23530,23544.3,23529,23536.7,
2024-06-18T09:18:00+05:30,23536.8,23536.8,23523.2,23524,
2024-06-18T09:19:00+05:30,23522.9,23533.2,23519.2,23530.4,
2024-06-18T09:20:00+05:30,23530.9,23538.3,23529.8,23534.2,
2024-06-18T09:21:00+05:30,23533,23538.7,23531.8,23536.8,
2024-06-18T09:22:00+05:30,23535.7,23536.3,23517.6,23519.6,
2024-06-18T09:23:00+05:30,23520,23520,23504.6,23508,
2024-06-18T09:24:00+05:30,23508.1,23520.1,23502.2,23517.5,
2024-06-18T09:25:00+05:30,23517.7,23526.8,23513.6,23514.7,
2024-06-18T09:26:00+05:30,23515.5,23515.5,23499.7,23503.2,
2024-06-18T09:27:00+05:30,23501.9,23513.8,23501.9,23508.2,
2024-06-18T09:28:00+05:30,23507.8,23507.8,23500.5,23502.3,
2024-06-18T09:29:00+05:30,23501.8,23516.8,23501.8,23516.2,
2024-06-18T09:30:00+05:30,23515,23528.8,23515,23516.3,
2024-06-18T09:31:00+05:30,23516,23529.9,23516,23529.8,
2024-06-18T09:32:00+05:30,23530.7,23535.5,23529.5,23534.2,
2024-06-18T09:33:00+05:30,23538.2,23552.7,23538.2,23550.8,
2024-06-18T09:34:00+05:30,23551,23554.8,23544,23544,
2024-06-18T09:35:00+05:30,23546.8,23549.3,23541.5,23543.7,
2024-06-18T09:36:00+05:30,23542.8,23545.8,23540.2,23544.7,
2024-06-18T09:37:00+05:30,23544.8,23548.4,23540.9,23544,
2024-06-18T09:38:00+05:30,23544.2,23545.8,23534.9,23545.4,
2024-06-18T09:39:00+05:30,23544.8,23548.4,23541.9,23548.1,
2024-06-18T09:40:00+05:30,23548.3,23549.5,23545.1,23546.6,
2024-06-18T09:41:00+05:30,23546.8,23546.8,23538,23542.5,
2024-06-18T09:42:00+05:30,23542.4,23554.1,23541.1,23552.3,
2024-06-18T09:43:00+05:30,23551.5,23556.2,23551,23555,
2024-06-18T09:44:00+05:30,23555.8,23558.8,23553.2,23553.7,
2024-06-18T09:45:00+05:30,23554,23566.3,23553.7,23565.8,
2024-06-18T09:46:00+05:30,23565.5,23566.5,23559.2,23559.3,
2024-06-18T09:47:00+05:30,23559.8,23568.5,23557.7,23567.8,
2024-06-18T09:48:00+05:30,23568,23572.7,23566.7,23569.9,
2024-06-18T09:49:00+05:30,23569.6,23570.2,23565,23570,
2024-06-18T09:50:00+05:30,23569.3,23572.8,23562.5,23564,
2024-06-18T09:51:00+05:30,23562.3,23572.2,23560.3,23569.7,
2024-06-18T09:52:00+05:30,23569.6,23572.6,23564.6,23564.7,
2024-06-18T09:53:00+05:30,23566.1,23567,23560.5,23563.6,
2024-06-18T09:54:00+05:30,23565,23565,23557.3,23559.5,
2024-06-18T09:55:00+05:30,23560.3,23560.7,23554.5,23560,
2024-06-18T09:56:00+05:30,23560.7,23561,23553.9,23555.1,
2024-06-18T09:57:00+05:30,23555.1,23557.4,23552.3,23553.2,
2024-06-18T09:58:00+05:30,23553.5,23556,23549.2,23554.5,
2024-06-18T09:59:00+05:30,23553.8,23563.2,23553,23562.5,
2024-06-18T10:00:00+05:30,23562.8,23566.2,23559.9,23560,
2024-06-18T10:01:00+05:30,23561.4,23562,23556.2,23556.2,
2024-06-18T10:02:00+05:30,23556.4,23558.5,23554,23555,
2024-06-18T10:03:00+05:30,23555.3,23564.2,23555.3,23562.3,
2024-06-18T10:04:00+05:30,23562.5,23575.8,23560,23571.5,
2024-06-18T10:05:00+05:30,23573.2,23578.8,23572.7,23576.8,
2024-06-18T10:06:00+05:30,23577,23579,23569.4,23569.8,
2024-06-18T10:07:00+05:30,23571.8,23571.8,23567.8,23569.8,
2024-06-18T10:08:00+05:30,23569.7,23571.2,23565.8,23565.8,
2024-06-18T10:09:00+05:30,23566.3,23568,23561.5,23562.5,
2024-06-18T10:10:00+05:30,23562.7,23563,23557.1,23559.8,
2024-06-18T10:11:00+05:30,23559.2,23560.3,23555.8,23558.8,
2024-06-18T10:12:00+05:30,23559.2,23561.6,23555.3,23560.9,
2024-06-18T10:13:00+05:30,23561.3,23561.6,23553.6,23553.6,
2024-06-18T10:14:00+05:30,23555.1,23555.1,23542.3,23542.3,
2024-06-18T10:15:00+05:30,23542.3,23545.8,23540.4,23545.7,
2024-06-18T10:16:00+05:30,23545.7,23555.5,23544.8,23553.4,
2024-06-18T10:17:00+05:30,23553.8,23556.2,23553.2,23554.2,
2024-06-18T10:18:00+05:30,23553.7,23553.7,23541,23541.4,
2024-06-18T10:19:00+05:30,23541.6,23542.2,23517.2,23521.4,
2024-06-18T10:20:00+05:30,23522,23526,23519.5,23523.5,
2024-06-18T10:21:00+05:30,23522.7,23531.3,23519,23531,
2024-06-18T10:22:00+05:30,23530.5,23531.6,23521.8,23525.1,
2024-06-18T10:23:00+05:30,23524.5,23530.5,23524.5,23525,
2024-06-18T10:24:00+05:30,23526.3,23526.3,23517.3,23517.7,
2024-06-18T10:25:00+05:30,23518.2,23525.2,23512.8,23515.8,
2024-06-18T10:26:00+05:30,23515.3,23522.2,23515,23520.6,
2024-06-18T10:27:00+05:30,23520.3,23527.1,23520.3,23526.9,
2024-06-18T10:28:00+05:30,23526.7,23538.7,23526,23536.2,
2024-06-18T10:29:00+05:30,23536.5,23537,23533.4,23535,
2024-06-18T10:30:00+05:30,23534.8,23544.3,23534.3,23543.3,
2024-06-18T10:31:00+05:30,23542.2,23550.5,23541.8,23548.5,
2024-06-18T10:32:00+05:30,23548.9,23549.5,23545.5,23547.8,
2024-06-18T10:33:00+05:30,23547.2,23550.3,23544.8,23549.2,
2024-06-18T10:34:00+05:30,23549.1,23549.1,23544,23544.5,
2024-06-18T10:35:00+05:30,23544.8,23545.8,23538,23538.8,
2024-06-18T10:36:00+05:30,23538.8,23542.3,23536.3,23538.2,
2024-06-18T10:37:00+05:30,23538.3,23541.8,23538,23541.8,
2024-06-18T10:38:00+05:30,23542.5,23543.5,23540,23540.8,
2024-06-18T10:39:00+05:30,23540.8,23547.2,23540.8,23547.2,
2024-06-18T10:40:00+05:30,23546.6,23548.8,23541.5,23543.4,
2024-06-18T10:41:00+05:30,23542.8,23544.8,23536.7,23538.7,
2024-06-18T10:42:00+05:30,23539.1,23540.3,23535.9,23536.4,
2024-06-18T10:43:00+05:30,23536.7,23541.3,23534.5,23540.4,
2024-06-18T10:44:00+05:30,23540.2,23542.6,23536.3,23536.3,
2024-06-18T10:45:00+05:30,23536,23537.2,23532.8,23532.9,
2024-06-18T10:46:00+05:30,23532.8,23537.8,23532.8,23535.7,
2024-06-18T10:47:00+05:30,23535.3,23541,23534.8,23539.7,
2024-06-18T10:48:00+05:30,23541,23544.9,23540,23540.2,
2024-06-18T10:49:00+05:30,23540.5,23546.7,23539.5,23543.3,
2024-06-18T10:50:00+05:30,23545,23546,23542.5,23542.6,
2024-06-18T10:51:00+05:30,23542.8,23543.9,23540,23540,
2024-06-18T10:52:00+05:30,23541,23545.2,23540.5,23542.2,
2024-06-18T10:53:00+05:30,23542,23544,23537.8,23539.1,
2024-06-18T10:54:00+05:30,23539.2,23540.3,23531.8,23534.5,
2024-06-18T10:55:00+05:30,23534.2,23535.9,23530.8,23531.8,
2024-06-18T10:56:00+05:30,23532.2,23535,23530.8,23534.5,
2024-06-18T10:57:00+05:30,23534.5,23537.7,23534.2,23535.5,
2024-06-18T10:58:00+05:30,23536.1,23540.5,23536,23539.5,
2024-06-18T10:59:00+05:30,23538.7,23542.7,23537.5,23538.2,
2024-06-18T11:00:00+05:30,23537.5,23540.5,23537.5,23539.8,
2024-06-18T11:01:00+05:30,23539.7,23540.1,23535.8,23536.1,
2024-06-18T11:02:00+05:30,23536.4,23538.2,23533.5,23535.2,
2024-06-18T11:03:00+05:30,23535.7,23536.2,23527,23527.6,
2024-06-18T11:04:00+05:30,23527.7,23531.8,23527.4,23531.3,
2024-06-18T11:05:00+05:30,23531.4,23536.7,23531.4,23536.4,
2024-06-18T11:06:00+05:30,23536.2,23539.2,23534.7,23538,
2024-06-18T11:07:00+05:30,23539,23540.5,23537.6,23539,
2024-06-18T11:08:00+05:30,23539.2,23545,23538.9,23542.5,
2024-06-18T11:09:00+05:30,23543.2,23547.5,23542.9,23546.2,
2024-06-18T11:10:00+05:30,23547.4,23551.2,23546.2,23548.3,
2024-06-18T11:11:00+05:30,23548.2,23549.8,23544.1,23544.1,
2024-06-18T11:12:00+05:30,23544.2,23545.5,23541.5,23543.5,
2024-06-18T11:13:00+05:30,23544,23547.5,23543,23544.2,
2024-06-18T11:14:00+05:30,23543.3,23544.5,23540.2,23540.5,
2024-06-18T11:15:00+05:30,23541.3,23545.1,23541.3,23543.7,
2024-06-18T11:16:00+05:30,23544.9,23550.8,23542,23549.3,
2024-06-18T11:17:00+05:30,23550,23551,23545.5,23549.3,
2024-06-18T11:18:00+05:30,23549,23549.2,23544,23544,
2024-06-18T11:19:00+05:30,23544.3,23547.5,23543.5,23546.2,
2024-06-18T11:20:00+05:30,23546.5,23548.2,23544.8,23546,
2024-06-18T11:21:00+05:30,23546.2,23552.5,23546.2,23551.4,
2024-06-18T11:22:00+05:30,23551.8,23557.3,23551.2,23553.5,
2024-06-18T11:23:00+05:30,23553.3,23554.5,23546.5,23547.2,
2024-06-18T11:24:00+05:30,23547.1,23548,23543.7,23545.4,
2024-06-18T11:25:00+05:30,23546.1,23547.3,23542.9,23547.2,
2024-06-18T11:26:00+05:30,23546.8,23548.7,23542.7,23542.7,
2024-06-18T11:27:00+05:30,23543.6,23545.1,23542,23542.9,
2024-06-18T11:28:00+05:30,23543.2,23547.2,23542.8,23545.2,
2024-06-18T11:29:00+05:30,23545.8,23546.8,23543.6,23544.5,
2024-06-18T11:30:00+05:30,23544,23546.7,23542.7,23542.7,
2024-06-18T11:31:00+05:30,23542.3,23543.2,23537.3,23537.6,
2024-06-18T11:32:00+05:30,23538,23542.1,23537.3,23541.7,
2024-06-18T11:33:00+05:30,23542.3,23546.2,23542.3,23543.8,
2024-06-18T11:34:00+05:30,23544.4,23544.4,23539.5,23540.9,
2024-06-18T11:35:00+05:30,23540.8,23545.5,23540.7,23543.9,
2024-06-18T11:36:00+05:30,23543.8,23546.8,23543.6,23544,
2024-06-18T11:37:00+05:30,23543.8,23546.7,23543.8,23545.3,
2024-06-18T11:38:00+05:30,23545.2,23547.2,23545,23545.5,
2024-06-18T11:39:00+05:30,23545.5,23546.8,23542.2,23543.8,
2024-06-18T11:40:00+05:30,23544.3,23546.8,23544.2,23546.3,
2024-06-18T11:41:00+05:30,23546.2,23547.2,23542.2,23543,
2024-06-18T11:42:00+05:30,23543.2,23547.6,23542,23546.3,
2024-06-18T11:43:00+05:30,23546.9,23548.7,23542.5,23542.5,
2024-06-18T11:44:00+05:30,23542.7,23544.3,23541,23542.2,
2024-06-18T11:45:00+05:30,23542.2,23546.2,23541.5,23542.1,
2024-06-18T11:46:00+05:30,23541.4,23542.9,23538.5,23539,
2024-06-18T11:47:00+05:30,23538.3,23539,23536.8,23537.9,
2024-06-18T11:48:00+05:30,23538.5,23540.2,23535.6,23536.3,
2024-06-18T11:49:00+05:30,23538,23540.1,23536.9,23539.3,
2024-06-18T11:50:00+05:30,23541,23543.2,23539.2,23539.7,
2024-06-18T11:51:00+05:30,23539.3,23542.6,23537.7,23541.6,
2024-06-18T11:52:00+05:30,23541.6,23545.2,23541,23544,
2024-06-18T11:53:00+05:30,23543.8,23544.5,23540.1,23541.6,
2024-06-18T11:54:00+05:30,23542.2,23544.3,23541,23542.6,
2024-06-18T11:55:00+05:30,23542.5,23543.8,23541.1,23541.1,
2024-06-18T11:56:00+05:30,23541.9,23544.6,23541,23542.8,
2024-06-18T11:57:00+05:30,23542.5,23542.7,23539.9,23541.1,
2024-06-18T11:58:00+05:30,23541.5,23546.2,23541.5,23543.5,
2024-06-18T11:59:00+05:30,23543.8,23545.1,23540,23540.2,
2024-06-18T12:00:00+05:30,23540.7,23541.8,23538.2,23538.9,
2024-06-18T12:01:00+05:30,23538,23540,23535.4,23536.8,
2024-06-18T12:02:00+05:30,23537.7,23539.7,23536.7,23537.7,
2024-06-18T12:03:00+05:30,23537.3,23539.2,23535.2,23536.5,
2024-06-18T12:04:00+05:30,23536.4,23538.6,23535.3,23538,
2024-06-18T12:05:00+05:30,23538.3,23538.3,23535.9,23536.1,
2024-06-18T12:06:00+05:30,23537.2,23542.8,23537,23541.6,
2024-06-18T12:07:00+05:30,23542.8,23544.2,23541.5,23542.7,
2024-06-18T12:08:00+05:30,23543.2,23545.6,23542.2,23544.2,
2024-06-18T12:09:00+05:30,23544.5,23546.6,23542.8,23544.6,
2024-06-18T12:10:00+05:30,23544.4,23546.7,23543.2,23543.3,
2024-06-18T12:11:00+05:30,23543.5,23543.5,23538,23538,
2024-06-18T12:12:00+05:30,23538.3,23540,23535.3,23535.5,
2024-06-18T12:13:00+05:30,23534.7,23535.5,23532.1,23533.9,
2024-06-18T12:14:00+05:30,23534.6,23535.3,23532,23533.8,
2024-06-18T12:15:00+05:30,23533.9,23536.3,23532.2,23532.6,
2024-06-18T12:16:00+05:30,23530,23534.1,23530,23532.8,
2024-06-18T12:17:00+05:30,23533.5,23537.1,23533.4,23534.8,
2024-06-18T12:18:00+05:30,23534.6,23538,23533.9,23533.9,
2024-06-18T12:19:00+05:30,23534.2,23535.4,23529.3,23530.5,
2024-06-18T12:20:00+05:30,23530.2,23533.5,23530.2,23532.2,
2024-06-18T12:21:00+05:30,23531.6,23535,23529.3,23534.7,
2024-06-18T12:22:00+05:30,23534.7,23536.3,23532.9,23534.7,
2024-06-18T12:23:00+05:30,23535.5,23539.7,23534.3,23538.8,
2024-06-18T12:24:00+05:30,23539.2,23541,23538.3,23538.7,
2024-06-18T12:25:00+05:30,23538.8,23541.4,23537,23537,
2024-06-18T12:26:00+05:30,23537.5,23538.2,23533.1,23536.7,
2024-06-18T12:27:00+05:30,23535.9,23536.4,23530.3,23530.3,
2024-06-18T12:28:00+05:30,23530.3,23532.3,23529.8,23530.6,
2024-06-18T12:29:00+05:30,23530.8,23532.2,23525.2,23525.2,
2024-06-18T12:30:00+05:30,23526,23526.4,23522.2,23524.2,
2024-06-18T12:31:00+05:30,23524.1,23527.3,23523.7,23526,
2024-06-18T12:32:00+05:30,23525.5,23526.5,23517,23517,
2024-06-18T12:33:00+05:30,23516.4,23522,23513.7,23520.5,
2024-06-18T12:34:00+05:30,23520.5,23528.2,23520.5,23528,
2024-06-18T12:35:00+05:30,23527.5,23530.1,23526.2,23529.5,
2024-06-18T12:36:00+05:30,23529.4,23531.9,23528.8,23531.2,
2024-06-18T12:37:00+05:30,23531.7,23532,23529,23530,
2024-06-18T12:38:00+05:30,23530.6,23531.5,23528.8,23530.2,
2024-06-18T12:39:00+05:30,23531.2,23534.9,23529.3,23534.9,
2024-06-18T12:40:00+05:30,23534.5,23535.3,23532.9,23533.3,
2024-06-18T12:41:00+05:30,23533.3,23534,23531.8,23533.2,
2024-06-18T12:42:00+05:30,23532.5,23534.7,23530.4,23530.8,
2024-06-18T12:43:00+05:30,23530.8,23530.8,23527.6,23528.5,
2024-06-18T12:44:00+05:30,23528,23529.4,23525.5,23527.5,
2024-06-18T12:45:00+05:30,23526.1,23527.8,23523.3,23523.8,
2024-06-18T12:46:00+05:30,23523.8,23527.5,23521.6,23525.8,
2024-06-18T12:47:00+05:30,23525.8,23526.5,23521.2,23521.8,
2024-06-18T12:48:00+05:30,23521.3,23523.8,23520.2,23520.8,
2024-06-18T12:49:00+05:30,23521,23525,23521,23524.2,
2024-06-18T12:50:00+05:30,23524.1,23527,23524.1,23526.5,
2024-06-18T12:51:00+05:30,23526.7,23527.3,23524.5,23527,
2024-06-18T12:52:00+05:30,23527.2,23529.4,23526,23527.5,
2024-06-18T12:53:00+05:30,23527.8,23528,23524.2,23524.2,
2024-06-18T12:54:00+05:30,23524.9,23530.1,23524,23529.5,
2024-06-18T12:55:00+05:30,23529.8,23536,23529.5,23534.2,
2024-06-18T12:56:00+05:30,23534.5,23536.6,23532.3,23533.2,
2024-06-18T12:57:00+05:30,23532.6,23534,23531.4,23531.6,
2024-06-18T12:58:00+05:30,23531.8,23532.8,23530.5,23531.8,
2024-06-18T12:59:00+05:30,23531.8,23533.2,23528.8,23528.8,
2024-06-18T13:00:00+05:30,23530,23531.2,23528,23530.8,
2024-06-18T13:01:00+05:30,23530.8,23531.3,23529.2,23531.1,
2024-06-18T13:02:00+05:30,23531,23531,23526.8,23527.2,
2024-06-18T13:03:00+05:30,23527.5,23527.7,23523.5,23524.5,
2024-06-18T13:04:00+05:30,23523.7,23527,23521.6,23525.5,
2024-06-18T13:05:00+05:30,23525.5,23528.8,23523.3,23527.3,
2024-06-18T13:06:00+05:30,23528.3,23528.3,23524,23525.6,
2024-06-18T13:07:00+05:30,23525.7,23526.2,23524,23524.2,
2024-06-18T13:08:00+05:30,23524.9,23528,23523.5,23523.7,
2024-06-18T13:09:00+05:30,23524,23527,23523.2,23525.2,
2024-06-18T13:10:00+05:30,23525.8,23528.8,23524.4,23528.1,
2024-06-18T13:11:00+05:30,23527.8,23529.8,23525.5,23529.8,
2024-06-18T13:12:00+05:30,23529.3,23532.6,23528.6,23531,
2024-06-18T13:13:00+05:30,23531.2,23532.3,23529.3,23530.8,
2024-06-18T13:14:00+05:30,23531.3,23535.8,23530.7,23532.3,
2024-06-18T13:15:00+05:30,23532.6,23536.8,23531.5,23533.1,
2024-06-18T13:16:00+05:30,23534,23534,23530.5,23532.5,
2024-06-18T13:17:00+05:30,23533.2,23535,23530.5,23534.2,
2024-06-18T13:18:00+05:30,23534.6,23537.2,23532.9,23533.8,
2024-06-18T13:19:00+05:30,23533.6,23537.6,23533,23534.2,
2024-06-18T13:20:00+05:30,23534.2,23535.5,23532.5,23534,
2024-06-18T13:21:00+05:30,23534.5,23534.5,23529.5,23529.9,
2024-06-18T13:22:00+05:30,23529.5,23530.5,23527.3,23527.8,
2024-06-18T13:23:00+05:30,23528.2,23529.2,23526.5,23528.2,
2024-06-18T13:24:00+05:30,23528.8,23531.2,23526.1,23527.3,
2024-06-18T13:25:00+05:30,23527.3,23529.2,23523.8,23528.2,
2024-06-18T13:26:00+05:30,23528.3,23530.2,23527.9,23529,
2024-06-18T13:27:00+05:30,23529,23531.2,23527,23530,
2024-06-18T13:28:00+05:30,23530.2,23535.8,23528.2,23533.4,
2024-06-18T13:29:00+05:30,23533.8,23542.8,23533.7,23536.4,
2024-06-18T13:30:00+05:30,23536.7,23537.7,23534.3,23534.7,
2024-06-18T13:31:00+05:30,23535.2,23541,23534.2,23540.2,
2024-06-18T13:32:00+05:30,23539.7,23540,23536.3,23537,
2024-06-18T13:33:00+05:30,23537.2,23540.5,23536.5,23536.9,
2024-06-18T13:34:00+05:30,23536.8,23537.5,23533,23533,
2024-06-18T13:35:00+05:30,23532.7,23534.5,23531.9,23532.8,
2024-06-18T13:36:00+05:30,23532.7,23535,23532.6,23533.3,
2024-06-18T13:37:00+05:30,23533,23534.9,23532.2,23533.2,
2024-06-18T13:38:00+05:30,23533.5,23536.5,23531.5,23535,
2024-06-18T13:39:00+05:30,23535.8,23538.5,23535,23535.1,
2024-06-18T13:40:00+05:30,23535.3,23536.7,23533.5,23533.5,
2024-06-18T13:41:00+05:30,23534.3,23535.4,23532,23535.4,
2024-06-18T13:42:00+05:30,23535.2,23538.2,23534.8,23534.8,
2024-06-18T13:43:00+05:30,23534.5,23537.3,23533.9,23533.9,
2024-06-18T13:44:00+05:30,23533.2,23539.5,23532.8,23538.1,
2024-06-18T13:45:00+05:30,23538.5,23542.1,23537.3,23540,
2024-06-18T13:46:00+05:30,23539.8,23542.7,23538.2,23540.3,
2024-06-18T13:47:00+05:30,23539.9,23540.4,23532.6,23533.8,
2024-06-18T13:48:00+05:30,23533.7,23536.8,23533.7,23535,
2024-06-18T13:49:00+05:30,23534.8,23538.4,23532.5,23532.5,
2024-06-18T13:50:00+05:30,23532.2,23535.5,23531.7,23532.7,
2024-06-18T13:51:00+05:30,23532.4,23534.8,23530.7,23534.8,
2024-06-18T13:52:00+05:30,23534.1,23539,23532.2,23537.5,
2024-06-18T13:53:00+05:30,23537.8,23539,23534.8,23536.5,
2024-06-18T13:54:00+05:30,23536.6,23539.1,23535.7,23535.7,
2024-06-18T13:55:00+05:30,23536.2,23540,23535.8,23537.3,
2024-06-18T13:56:00+05:30,23536.9,23537.8,23533.1,23534.2,
2024-06-18T13:57:00+05:30,23533.5,23535.2,23532.8,23533.8,
2024-06-18T13:58:00+05:30,23533.5,23536.7,23532.4,23535.7,
2024-06-18T13:59:00+05:30,23535.8,23540.2,23535.8,23539.2,
2024-06-18T14:00:00+05:30,23539.5,23541.8,23537.2,23538,
2024-06-18T14:01:00+05:30,23537.9,23541.4,23537.1,23541.4,
2024-06-18T14:02:00+05:30,23541,23544.6,23540.2,23543.8,
2024-06-18T14:03:00+05:30,23543.4,23547.3,23543,23547,
2024-06-18T14:04:00+05:30,23546.8,23549.4,23546.5,23547.2,
2024-06-18T14:05:00+05:30,23547,23547.9,23542.1,23542.5,
2024-06-18T14:06:00+05:30,23542.2,23546.8,23541.7,23546.3,
2024-06-18T14:07:00+05:30,23546.1,23549.5,23545,23548,
2024-06-18T14:08:00+05:30,23547.8,23550.1,23546.4,23546.6,
2024-06-18T14:09:00+05:30,23546.7,23548.2,23544.5,23545.2,
2024-06-18T14:10:00+05:30,23545.2,23545.8,23538,23540,
2024-06-18T14:11:00+05:30,23539.7,23541.1,23536.2,23537.2,
2024-06-18T14:12:00+05:30,23536.5,23538.5,23535.3,23537.5,
2024-06-18T14:13:00+05:30,23537.8,23539.7,23536.2,23537.2,
2024-06-18T14:14:00+05:30,23537.5,23541.5,23536.9,23539.5,
2024-06-18T14:15:00+05:30,23539.5,23542,23538.7,23540.4,
2024-06-18T14:16:00+05:30,23540.2,23541.3,23537.5,23538.7,
2024-06-18T14:17:00+05:30,23538.1,23539.2,23536.4,23537.4,
2024-06-18T14:18:00+05:30,23537,23538.5,23530.7,23531.3,
2024-06-18T14:19:00+05:30,23531.1,23536.8,23531,23535.7,
2024-06-18T14:20:00+05:30,23535.6,23541.2,23535.5,23539.5,
2024-06-18T14:21:00+05:30,23539.2,23541.5,23537.3,23538.7,
2024-06-18T14:22:00+05:30,23538.5,23544.6,23537.1,23544.6,
2024-06-18T14:23:00+05:30,23544.7,23547.3,23543.4,23546.5,
2024-06-18T14:24:00+05:30,23546,23546.8,23540.7,23541.2,
2024-06-18T14:25:00+05:30,23541.2,23542.7,23538.8,23540.3,
2024-06-18T14:26:00+05:30,23540,23545.9,23540,23545.2,
2024-06-18T14:27:00+05:30,23544.8,23546.1,23541.5,23541.9,
2024-06-18T14:28:00+05:30,23541.7,23544,23540.3,23542.2,
2024-06-18T14:29:00+05:30,23542,23543.2,23539.2,23539.7,
2024-06-18T14:30:00+05:30,23539.3,23542,23539.2,23541,
2024-06-18T14:31:00+05:30,23541.3,23542.8,23538.8,23539.4,
2024-06-18T14:32:00+05:30,23539.7,23541,23538.2,23539.4,
2024-06-18T14:33:00+05:30,23539.2,23540,23536,23536,
2024-06-18T14:34:00+05:30,23536.1,23540.7,23533.7,23540.2,
2024-06-18T14:35:00+05:30,23539.4,23542.4,23538.2,23541.3,
2024-06-18T14:36:00+05:30,23540.6,23543.8,23538.7,23543.7,
2024-06-18T14:37:00+05:30,23543.1,23544.2,23535.2,23536,
2024-06-18T14:38:00+05:30,23535.7,23537.2,23532.8,23534.5,
2024-06-18T14:39:00+05:30,23535,23538.5,23529.6,23529.8,
2024-06-18T14:40:00+05:30,23529.4,23533.3,23528.5,23531.8,
2024-06-18T14:41:00+05:30,23531.7,23533.4,23528.1,23528.8,
2024-06-18T14:42:00+05:30,23528.3,23533.2,23528,23532.1,
2024-06-18T14:43:00+05:30,23532,23537.1,23532,23535.5,
2024-06-18T14:44:00+05:30,23535,23536.5,23533.5,23534.5,
2024-06-18T14:45:00+05:30,23535,23538,23533.2,23536.8,
2024-06-18T14:46:00+05:30,23536.5,23539.8,23535.8,23537,
2024-06-18T14:47:00+05:30,23536.8,23538.9,23534.2,23535.5,
2024-06-18T14:48:00+05:30,23535.4,23537.3,23534.5,23537,
2024-06-18T14:49:00+05:30,23536.8,23538.2,23534.4,23536.3,
2024-06-18T14:50:00+05:30,23536.3,23539,23535.3,23535.5,
2024-06-18T14:51:00+05:30,23536.5,23536.7,23533.5,23534.7,
2024-06-18T14:52:00+05:30,23534.9,23535.7,23532,23532,
2024-06-18T14:53:00+05:30,23532.9,23536.7,23531.8,23536.7,
2024-06-18T14:54:00+05:30,23536.8,23539.5,23535.2,23538.5,
2024-06-18T14:55:00+05:30,23537.2,23539.8,23535.7,23536.7,
2024-06-18T14:56:00+05:30,23536.2,23541,23535.2,23540.2,
2024-06-18T14:57:00+05:30,23539,23540.9,23532.4,23535.7,
2024-06-18T14:58:00+05:30,23535.5,23538.2,23533,23536.9,
2024-06-18T14:59:00+05:30,23536.4,23540.6,23534.7,23537.1,
2024-06-18T15:00:00+05:30,23537.5,23553.8,23536.8,23553.7,
2024-06-18T15:01:00+05:30,23554,23554.3,23547.9,23551.7,
2024-06-18T15:02:00+05:30,23550.4,23552.2,23545.8,23547.5,
2024-06-18T15:03:00+05:30,23548.8,23552,23545.8,23550.2,
2024-06-18T15:04:00+05:30,23551,23556.8,23549.8,23554.5,
2024-06-18T15:05:00+05:30,23555.4,23555.8,23546.2,23549,
2024-06-18T15:06:00+05:30,23549,23549.9,23546,23548,
2024-06-18T15:07:00+05:30,23547.7,23552.2,23547.3,23550.8,
2024-06-18T15:08:00+05:30,23550.3,23553.5,23549,23553.5,
2024-06-18T15:09:00+05:30,23553,23554.9,23550.2,23554.5,
2024-06-18T15:10:00+05:30,23555.5,23555.5,23549.8,23551.7,
2024-06-18T15:11:00+05:30,23552.2,23556.7,23551.8,23556,
2024-06-18T15:12:00+05:30,23556.1,23557,23550,23550,
2024-06-18T15:13:00+05:30,23549.8,23550.9,23546.5,23548,
2024-06-18T15:14:00+05:30,23548.9,23556.3,23548.2,23555.8,
2024-06-18T15:15:00+05:30,23556.2,23559.9,23554.5,23559,
2024-06-18T15:16:00+05:30,23558.9,23561.6,23557.5,23559.8,
2024-06-18T15:17:00+05:30,23560.8,23562.3,23559.5,23559.5,
2024-06-18T15:18:00+05:30,23559.7,23561.3,23557.4,23560.3,
2024-06-18T15:19:00+05:30,23560.1,23563,23559,23561.5,
2024-06-18T15:20:00+05:30,23561.8,23565.7,23560.3,23562.1,
2024-06-18T15:21:00+05:30,23560.9,23567.2,23559.5,23565.7,
2024-06-18T15:22:00+05:30,23565.7,23567.5,23564.8,23566.5,
2024-06-18T15:23:00+05:30,23566.4,23567.7,23562.5,23564.1,
2024-06-18T15:24:00+05:30,23564.2,23566.5,23559,23565.6,
2024-06-18T15:25:00+05:30,23565.5,23565.5,23560.8,23562.8,
2024-06-18T15:26:00+05:30,23562.1,23564.3,23559.8,23562.9,
2024-06-18T15:27:00+05:30,23564,23564.3,23559.8,23562,
2024-06-18T15:28:00+05:30,23561.8,23569.9,23560.8,23568,
2024-06-18T15:29:00+05:30,23567,23572.1,23558,23562.3,
2024-06-19T09:15:00+05:30,23629.8,23630.8,23572.7,23580,
2024-06-19T09:16:00+05:30,23579.8,23584.6,23576,23579.8,
2024-06-19T09:17:00+05:30,23579.7,23592.8,23579.2,23591.5,
2024-06-19T09:18:00+05:30,23590.7,23597.8,23590.7,23590.8,
2024-06-19T09:19:00+05:30,23590.3,23592.2,23583.8,23588,
2024-06-19T09:20:00+05:30,23587.2,23588.8,23571.1,23575.5,
2024-06-19T09:21:00+05:30,23573,23592.1,23571.8,23591.4,
2024-06-19T09:22:00+05:30,23591.8,23604.3,23590.2,23597.8,
2024-06-19T09:23:00+05:30,23598.3,23603,23593.8,23596.8,
2024-06-19T09:24:00+05:30,23595.8,23601.5,23590.7,23598.7,
2024-06-19T09:25:00+05:30,23597.3,23598.5,23588.4,23591.5,
2024-06-19T09:26:00+05:30,23592.5,23594.4,23580.9,23583.2,
2024-06-19T09:27:00+05:30,23583,23586,23574.8,23576,
2024-06-19T09:28:00+05:30,23573.5,23577.1,23562.7,23563.9,
2024-06-19T09:29:00+05:30,23564.3,23564.3,23554.3,23556.3,
2024-06-19T09:30:00+05:30,23557.3,23564.8,23536,23536,
2024-06-19T09:31:00+05:30,23534.7,23580.3,23532.1,23570,
2024-06-19T09:32:00+05:30,23570.3,23573.6,23560.2,23568.4,
2024-06-19T09:33:00+05:30,23568,23576,23566.5,23569.3,
2024-06-19T09:34:00+05:30,23569.8,23603.7,23569.8,23601.8,
2024-06-19T09:35:00+05:30,23602.5,23604.7,23587.8,23591,
2024-06-19T09:36:00+05:30,23591,23601.3,23585.2,23601.1,
2024-06-19T09:37:00+05:30,23600,23602.4,23589.8,23590.7,
2024-06-19T09:38:00+05:30,23588.8,23595.2,23588.7,23590.5,
2024-06-19T09:39:00+05:30,23590.8,23593,23577.3,23581.2,
2024-06-19T09:40:00+05:30,23580.8,23580.8,23564.8,23565.8,
2024-06-19T09:41:00+05:30,23565.2,23573,23562.1,23562.1,
2024-06-19T09:42:00+05:30,23560.8,23560.8,23551.5,23553.3,
2024-06-19T09:43:00+05:30,23551.7,23564.3,23550,23560.2,
2024-06-19T09:44:00+05:30,23559.7,23583.2,23556.4,23580.3,
2024-06-19T09:45:00+05:30,23579.7,23584,23562.2,23566.2,
2024-06-19T09:46:00+05:30,23565.5,23571.7,23562,23563,
2024-06-19T09:47:00+05:30,23562.9,23571.5,23560.5,23570,
2024-06-19T09:48:00+05:30,23570.4,23577.5,23565.5,23576.3,
2024-06-19T09:49:00+05:30,23574.2,23578.3,23569.3,23576.8,
2024-06-19T09:50:00+05:30,23576,23580.8,23574.9,23577.8,
2024-06-19T09:51:00+05:30,23577.5,23579.8,23570.3,23572,
2024-06-19T09:52:00+05:30,23571.8,23573.5,23566.5,23569.6,
2024-06-19T09:53:00+05:30,23569.6,23572,23565.1,23569.8,
2024-06-19T09:54:00+05:30,23569.9,23591.8,23567.9,23588.6,
2024-06-19T09:55:00+05:30,23590.4,23593.5,23583.1,23586.2,
2024-06-19T09:56:00+05:30,23587.1,23595.7,23580.3,23593.2,
2024-06-19T09:57:00+05:30,23592.5,23594.5,23579.2,23579.7,
2024-06-19T09:58:00+05:30,23579.7,23584.4,23574.4,23576.2,
2024-06-19T09:59:00+05:30,23576.5,23578.3,23572.3,23574.8,
2024-06-19T10:00:00+05:30,23575.4,23581,23571.1,23578.7,
2024-06-19T10:01:00+05:30,23578.4,23585.2,23572.5,23581.8,
2024-06-19T10:02:00+05:30,23582.5,23588.8,23580.3,23580.3,
2024-06-19T10:03:00+05:30,23580,23581.8,23573.3,23576.5,
2024-06-19T10:04:00+05:30,23576.5,23579.2,23570.1,23570.1,
2024-06-19T10:05:00+05:30,23572.5,23579.3,23568.2,23576.3,
2024-06-19T10:06:00+05:30,23577.6,23578,23566.2,23569.1,
2024-06-19T10:07:00+05:30,23569.9,23572.5,23561.3,23566.6,
2024-06-19T10:08:00+05:30,23565.5,23570.2,23562.7,23568.2,
2024-06-19T10:09:00+05:30,23568.7,23572,23562.2,23571.1,
2024-06-19T10:10:00+05:30,23572.3,23576.6,23566.5,23575.2,
2024-06-19T10:11:00+05:30,23575.2,23575.7,23568,23569.5,
2024-06-19T10:12:00+05:30,23569.8,23570.7,23560.4,23562.7,
2024-06-19T10:13:00+05:30,23561.2,23562.5,23533.8,23533.8,
2024-06-19T10:14:00+05:30,23533.3,23537.3,23523,23523,
2024-06-19T10:15:00+05:30,23523,23526.2,23510.2,23510.2,
2024-06-19T10:16:00+05:30,23511.7,23518.5,23502.2,23502.2,
2024-06-19T10:17:00+05:30,23503.3,23516.5,23501.5,23515.8,
2024-06-19T10:18:00+05:30,23516,23529.4,23515,23526,
2024-06-19T10:19:00+05:30,23526,23531.5,23520,23525.2,
2024-06-19T10:20:00+05:30,23526.2,23532.6,23520.7,23525.6,
2024-06-19T10:21:00+05:30,23525.8,23528.2,23517.1,23517.1,
2024-06-19T10:22:00+05:30,23517.7,23518.2,23509,23509.5,
2024-06-19T10:23:00+05:30,23509.5,23509.5,23489.8,23489.8,
2024-06-19T10:24:00+05:30,23490,23490,23466.8,23467.3,
2024-06-19T10:25:00+05:30,23468.5,23478.7,23454.7,23460.6,
2024-06-19T10:26:00+05:30,23460.5,23478.8,23455.5,23471.2,
2024-06-19T10:27:00+05:30,23471.5,23471.5,23458.5,23458.5,
2024-06-19T10:28:00+05:30,23459,23467,23455.7,23463.1,
2024-06-19T10:29:00+05:30,23463,23464.5,23447.3,23447.3,
2024-06-19T10:30:00+05:30,23448.1,23448.1,23425.3,23427,
2024-06-19T10:31:00+05:30,23427,23434.4,23412.9,23422.8,
2024-06-19T10:32:00+05:30,23424.1,23438.8,23423.2,23437.8,
2024-06-19T10:33:00+05:30,23437.4,23461.7,23436.3,23460.8,
2024-06-19T10:34:00+05:30,23459.2,23467.4,23455.2,23467.4,
2024-06-19T10:35:00+05:30,23467.4,23469.7,23451,23452.5,
2024-06-19T10:36:00+05:30,23450.9,23452.8,23441.5,23442,
2024-06-19T10:37:00+05:30,23442.2,23443,23427.1,23427.1,
2024-06-19T10:38:00+05:30,23427.2,23440.2,23426.9,23439,
2024-06-19T10:39:00+05:30,23439.2,23440.2,23427.3,23432.3,
2024-06-19T10:40:00+05:30,23432.8,23435.6,23427.5,23429.8,
2024-06-19T10:41:00+05:30,23429.8,23448.8,23428,23439.3,
2024-06-19T10:42:00+05:30,23439,23456.4,23439,23456.2,
2024-06-19T10:43:00+05:30,23455.8,23464.3,23454,23460.2,
2024-06-19T10:44:00+05:30,23458.3,23463.7,23455.8,23461,
2024-06-19T10:45:00+05:30,23460.3,23463.4,23452.1,23463.1,
2024-06-19T10:46:00+05:30,23462.5,23466.3,23453.8,23454.2,
2024-06-19T10:47:00+05:30,23452.5,23452.8,23442.8,23444.3,
2024-06-19T10:48:00+05:30,23445,23446.5,23435.5,23437.5,
2024-06-19T10:49:00+05:30,23438,23444.8,23436.5,23440.5,
2024-06-19T10:50:00+05:30,23440.5,23452.2,23439.6,23452.2,
2024-06-19T10:51:00+05:30,23451.9,23452,23444.5,23446.5,
2024-06-19T10:52:00+05:30,23446.9,23455.6,23446.2,23453.2,
2024-06-19T10:53:00+05:30,23452,23454.8,23448.9,23453.2,
2024-06-19T10:54:00+05:30,23453.7,23455.9,23443.5,23446.2,
2024-06-19T10:55:00+05:30,23447.3,23455,23438.3,23452.2,
2024-06-19T10:56:00+05:30,23452.8,23462.7,23449.2,23461.8,
2024-06-19T10:57:00+05:30,23462.3,23473.5,23458.1,23473.5,
2024-06-19T10:58:00+05:30,23473.2,23507.1,23472.3,23506.5,
2024-06-19T10:59:00+05:30,23507.2,23518.2,23499.1,23507.2,
2024-06-19T11:00:00+05:30,23508.2,23515.5,23500.7,23510.8,
2024-06-19T11:01:00+05:30,23512,23513.8,23505.1,23507.9,
2024-06-19T11:02:00+05:30,23507.2,23510.5,23499,23499.8,
2024-06-19T11:03:00+05:30,23500,23518.6,23499.1,23514.8,
2024-06-19T11:04:00+05:30,23513.6,23520.7,23513.6,23518.1,
2024-06-19T11:05:00+05:30,23518,23518.5,23511.3,23513.5,
2024-06-19T11:06:00+05:30,23513.7,23514,23496.5,23499.7,
2024-06-19T11:07:00+05:30,23499.4,23504.8,23493,23493,
2024-06-19T11:08:00+05:30,23492.3,23498.7,23491.9,23494.8,
2024-06-19T11:09:00+05:30,23494.8,23502,23487.9,23490.1,
2024-06-19T11:10:00+05:30,23489.3,23492,23481,23487.2,
2024-06-19T11:11:00+05:30,23487.1,23498.8,23486.3,23498.3,
2024-06-19T11:12:00+05:30,23498.2,23503,23496.4,23501.3,
2024-06-19T11:13:00+05:30,23501.4,23504.3,23499,23503.6,
2024-06-19T11:14:00+05:30,23503.2,23505.5,23500.7,23503.7,
2024-06-19T11:15:00+05:30,23504,23506,23499,23500.7,
2024-06-19T11:16:00+05:30,23500.8,23509.7,23499.7,23503.9,
2024-06-19T11:17:00+05:30,23503.8,23514.1,23503.8,23510.2,
2024-06-19T11:18:00+05:30,23510.9,23513.2,23506.7,23510.5,
2024-06-19T11:19:00+05:30,23509.7,23511.2,23501.5,23501.8,
2024-06-19T11:20:00+05:30,23501.9,23508.9,23501.2,23506.8,
2024-06-19T11:21:00+05:30,23507.5,23509.7,23501.2,23502,
2024-06-19T11:22:00+05:30,23502,23504,23497.6,23498.8,
2024-06-19T11:23:00+05:30,23498.2,23498.2,23478.5,23478.5,
2024-06-19T11:24:00+05:30,23479.2,23490.5,23479.2,23488,
2024-06-19T11:25:00+05:30,23488,23508.6,23488,23507.6,
2024-06-19T11:26:00+05:30,23507.2,23510.2,23502.8,23502.8,
2024-06-19T11:27:00+05:30,23504.3,23508.7,23503.5,23505.5,
2024-06-19T11:28:00+05:30,23505.4,23505.5,23497.8,23499.8,
2024-06-19T11:29:00+05:30,23499.9,23502.5,23497,23500.6,
2024-06-19T11:30:00+05:30,23500.4,23505.1,23497.6,23498.8,
2024-06-19T11:31:00+05:30,23499.2,23501.2,23491.8,23493,
2024-06-19T11:32:00+05:30,23492.1,23497,23489.3,23496.7,
2024-06-19T11:33:00+05:30,23496,23500.9,23496,23498.7,
2024-06-19T11:34:00+05:30,23498.3,23501.8,23496.8,23501.5,
2024-06-19T11:35:00+05:30,23501.7,23502.5,23499.2,23501.5,
2024-06-19T11:36:00+05:30,23501.7,23502.2,23497.9,23499.5,
2024-06-19T11:37:00+05:30,23499.8,23503.7,23496.1,23501.8,
2024-06-19T11:38:00+05:30,23501.4,23506.2,23500.7,23504,
2024-06-19T11:39:00+05:30,23504.2,23505.5,23501.8,23505.3,
2024-06-19T11:40:00+05:30,23505.5,23505.7,23500.7,23504.2,
2024-06-19T11:41:00+05:30,23504.3,23525.3,23504.3,23524,
2024-06-19T11:42:00+05:30,23522.5,23539.7,23521.5,23539.7,
2024-06-19T11:43:00+05:30,23538.8,23546.2,23534.3,23544,
2024-06-19T11:44:00+05:30,23544.3,23544.7,23537.4,23542.1,
2024-06-19T11:45:00+05:30,23542.1,23544.3,23535.7,23537.1,
2024-06-19T11:46:00+05:30,23537.5,23539.5,23535.8,23539.5,
2024-06-19T11:47:00+05:30,23539.5,23553.4,23539.5,23552,
2024-06-19T11:48:00+05:30,23552.5,23553,23544.2,23545,
2024-06-19T11:49:00+05:30,23544.8,23547.2,23538.4,23540.5,
2024-06-19T11:50:00+05:30,23539.2,23541,23536.5,23539.3,
2024-06-19T11:51:00+05:30,23539.3,23540.5,23530.8,23532.8,
2024-06-19T11:52:00+05:30,23532.5,23537.3,23531.4,23537.3,
2024-06-19T11:53:00+05:30,23537.2,23541.5,23532.5,23534.5,
2024-06-19T11:54:00+05:30,23534.7,23536.7,23532.7,23536,
2024-06-19T11:55:00+05:30,23536,23537.4,23530.5,23531.2,
2024-06-19T11:56:00+05:30,23531.2,23533.3,23530,23532.3,
2024-06-19T11:57:00+05:30,23533,23534,23529.2,23531.3,
2024-06-19T11:58:00+05:30,23530.5,23534.8,23529.5,23534.8,
2024-06-19T11:59:00+05:30,23534.9,23536.2,23533.3,23535.5,
2024-06-19T12:00:00+05:30,23536,23540,23530.7,23538.7,
2024-06-19T12:01:00+05:30,23538.9,23542,23537.7,23542,
2024-06-19T12:02:00+05:30,23541.7,23545.2,23541.3,23542.5,
2024-06-19T12:03:00+05:30,23542.6,23544.2,23537,23537.7,
2024-06-19T12:04:00+05:30,23537.7,23537.7,23532.8,23535.7,
2024-06-19T12:05:00+05:30,23535.9,23535.9,23531.7,23535.5,
2024-06-19T12:06:00+05:30,23535.5,23536.9,23529.8,23530.8,
2024-06-19T12:07:00+05:30,23531.1,23531.8,23526.3,23528.8,
2024-06-19T12:08:00+05:30,23528.8,23546.5,23528.8,23545.3,
2024-06-19T12:09:00+05:30,23545.8,23547.7,23543.4,23544.9,
2024-06-19T12:10:00+05:30,23545.7,23552.4,23544.9,23549.2,
2024-06-19T12:11:00+05:30,23548.3,23549.5,23545.2,23549.1,
2024-06-19T12:12:00+05:30,23548.3,23550.2,23545.2,23546.7,
2024-06-19T12:13:00+05:30,23546,23552.6,23541.6,23550.8,
2024-06-19T12:14:00+05:30,23553.1,23556.7,23549,23556.3,
2024-06-19T12:15:00+05:30,23557,23566.7,23557,23565.3,
2024-06-19T12:16:00+05:30,23565,23574.2,23565,23568.4,
2024-06-19T12:17:00+05:30,23568.3,23569.5,23557.3,23559.3,
2024-06-19T12:18:00+05:30,23559.7,23559.7,23547.4,23549,
2024-06-19T12:19:00+05:30,23548.5,23553.8,23543.1,23545.2,
2024-06-19T12:20:00+05:30,23546.8,23550.7,23543,23549.3,
2024-06-19T12:21:00+05:30,23549.3,23552.1,23546.8,23551.1,
2024-06-19T12:22:00+05:30,23551,23552.9,23548.2,23552.2,
2024-06-19T12:23:00+05:30,23551.9,23557.1,23551.6,23557.1,
2024-06-19T12:24:00+05:30,23557.2,23563.6,23557.2,23563.1,
2024-06-19T12:25:00+05:30,23563,23563.8,23558.8,23560.2,
2024-06-19T12:26:00+05:30,23561,23562.8,23555.3,23555.3,
2024-06-19T12:27:00+05:30,23555.3,23557.7,23553,23554.3,
2024-06-19T12:28:00+05:30,23555.3,23560.9,23553.5,23555.4,
2024-06-19T12:29:00+05:30,23554.2,23556.8,23552.2,23553.1,
2024-06-19T12:30:00+05:30,23552.3,23555.5,23550.7,23553.3,
2024-06-19T12:31:00+05:30,23552.5,23564.2,23552.5,23562.2,
2024-06-19T12:32:00+05:30,23560.3,23563.2,23557,23559.2,
2024-06-19T12:33:00+05:30,23558.7,23560.3,23553.5,23553.5,
2024-06-19T12:34:00+05:30,23553.2,23560.3,23553.2,23559.1,
2024-06-19T12:35:00+05:30,23558.6,23562,23557.7,23560.2,
2024-06-19T12:36:00+05:30,23559,23562.5,23557.7,23561,
2024-06-19T12:37:00+05:30,23560.1,23567.8,23559.4,23560.3,
2024-06-19T12:38:00+05:30,23559.4,23563.2,23556.2,23558,
2024-06-19T12:39:00+05:30,23557.2,23558.7,23553.6,23557,
2024-06-19T12:40:00+05:30,23556.3,23558.5,23555.3,23557,
2024-06-19T12:41:00+05:30,23556.7,23562.3,23555.2,23561,
2024-06-19T12:42:00+05:30,23560.8,23569.5,23560.8,23567.5,
2024-06-19T12:43:00+05:30,23567,23570.5,23566.3,23569.4,
2024-06-19T12:44:00+05:30,23569,23570.1,23559,23559.3,
2024-06-19T12:45:00+05:30,23559.7,23562.6,23556.7,23561.5,
2024-06-19T12:46:00+05:30,23562,23562.8,23559.8,23560.7,
2024-06-19T12:47:00+05:30,23560.5,23563,23552.5,23553.5,
2024-06-19T12:48:00+05:30,23553.2,23554,23545.7,23549.2,
2024-06-19T12:49:00+05:30,23549,23549.7,23539,23545.8,
2024-06-19T12:50:00+05:30,23545.2,23546.8,23539.2,23544.8,
2024-06-19T12:51:00+05:30,23543.6,23551.4,23542.1,23549,
2024-06-19T12:52:00+05:30,23548.8,23556.4,23548,23555.8,
2024-06-19T12:53:00+05:30,23555.4,23558.2,23551.8,23555.9,
2024-06-19T12:54:00+05:30,23556,23559.5,23553.3,23558.4,
2024-06-19T12:55:00+05:30,23559.1,23559.2,23555.3,23558.4,
2024-06-19T12:56:00+05:30,23557.5,23557.8,23549,23549,
2024-06-19T12:57:00+05:30,23549,23554,23548.5,23553.8,
2024-06-19T12:58:00+05:30,23554.3,23554.3,23548,23548,
2024-06-19T12:59:00+05:30,23548.4,23550,23540,23541,
2024-06-19T13:00:00+05:30,23540.5,23545.7,23540.5,23544.8,
2024-06-19T13:01:00+05:30,23544.4,23553.1,23543.1,23550.1,
2024-06-19T13:02:00+05:30,23549.7,23555.5,23549,23554.7,
2024-06-19T13:03:00+05:30,23554.2,23556,23553,23553,
2024-06-19T13:04:00+05:30,23553,23555.4,23551,23554.2,
2024-06-19T13:05:00+05:30,23554.7,23555.8,23552.5,23553,
2024-06-19T13:06:00+05:30,23553.3,23555.4,23542.8,23544,
2024-06-19T13:07:00+05:30,23544,23546,23535.8,23542.6,
2024-06-19T13:08:00+05:30,23542.5,23543.2,23537.6,23539.2,
2024-06-19T13:09:00+05:30,23539.1,23539.8,23527,23527.5,
2024-06-19T13:10:00+05:30,23528.2,23534.9,23527.5,23534.2,
2024-06-19T13:11:00+05:30,23533.5,23537.7,23532.3,23533.7,
2024-06-19T13:12:00+05:30,23535.3,23539.8,23534,23538,
2024-06-19T13:13:00+05:30,23539.1,23549.2,23539.1,23547.5,
2024-06-19T13:14:00+05:30,23547.8,23552.6,23546.5,23552.1,
2024-06-19T13:15:00+05:30,23552.1,23555.7,23550.5,23551,
2024-06-19T13:16:00+05:30,23552.1,23555.8,23549,23551.2,
2024-06-19T13:17:00+05:30,23551.5,23552.6,23543.7,23543.7,
2024-06-19T13:18:00+05:30,23544.5,23545.6,23538.5,23540.5,
2024-06-19T13:19:00+05:30,23538.8,23542.6,23531,23534.4,
2024-06-19T13:20:00+05:30,23535.5,23537.2,23533.5,23534.2,
2024-06-19T13:21:00+05:30,23535.2,23539.9,23533.9,23539,
2024-06-19T13:22:00+05:30,23537.7,23540.8,23536.4,23540.6,
2024-06-19T13:23:00+05:30,23540,23543.7,23539.6,23541.5,
2024-06-19T13:24:00+05:30,23541.7,23542.8,23514.5,23517,
2024-06-19T13:25:00+05:30,23515.5,23532,23513.5,23529.1,
2024-06-19T13:26:00+05:30,23529,23534.5,23527.3,23532.2,
2024-06-19T13:27:00+05:30,23531.3,23539.5,23529.8,23537.7,
2024-06-19T13:28:00+05:30,23537.5,23539.7,23531.7,23536,
2024-06-19T13:29:00+05:30,23536.8,23540.5,23534.8,23540.1,
2024-06-19T13:30:00+05:30,23539.8,23542.9,23536.6,23536.6,
2024-06-19T13:31:00+05:30,23536.5,23544.9,23534.5,23542.5,
2024-06-19T13:32:00+05:30,23543.4,23544.1,23531.5,23533,
2024-06-19T13:33:00+05:30,23533.2,23537,23530.8,23530.8,
2024-06-19T13:34:00+05:30,23531.7,23533,23529.6,23531.6,
2024-06-19T13:35:00+05:30,23531.5,23539.2,23528.9,23538.3,
2024-06-19T13:36:00+05:30,23539.7,23540.7,23533.8,23533.8,
2024-06-19T13:37:00+05:30,23533.5,23535.2,23526,23526.2,
2024-06-19T13:38:00+05:30,23526.3,23533.1,23522.8,23531.3,
2024-06-19T13:39:00+05:30,23530.8,23532.7,23527.4,23530.2,
2024-06-19T13:40:00+05:30,23530.5,23533.7,23528.5,23533.1,
2024-06-19T13:41:00+05:30,23533.4,23541.5,23532.2,23541.5,
2024-06-19T13:42:00+05:30,23541.7,23542.1,23536,23537.4,
2024-06-19T13:43:00+05:30,23537.3,23550.7,23535.5,23547.5,
2024-06-19T13:44:00+05:30,23548.3,23549.2,23537.8,23538.9,
2024-06-19T13:45:00+05:30,23538.7,23541.8,23535.6,23535.6,
2024-06-19T13:46:00+05:30,23534.7,23537.5,23527.4,23528.7,
2024-06-19T13:47:00+05:30,23528.1,23535,23521,23522,
2024-06-19T13:48:00+05:30,23521.2,23533.2,23519.2,23531.9,
2024-06-19T13:49:00+05:30,23530.7,23532.6,23529,23531.1,
2024-06-19T13:50:00+05:30,23531,23536.5,23527.7,23534.2,
2024-06-19T13:51:00+05:30,23533.9,23533.9,23527.4,23528.2,
2024-06-19T13:52:00+05:30,23528.4,23529.5,23515.8,23520.5,
2024-06-19T13:53:00+05:30,23521.2,23528.6,23521.2,23525.2,
2024-06-19T13:54:00+05:30,23525.6,23529.1,23523,23526.1,
2024-06-19T13:55:00+05:30,23525.8,23534,23524.3,23532.8,
2024-06-19T13:56:00+05:30,23532.8,23537.3,23530.7,23537.3,
2024-06-19T13:57:00+05:30,23537.2,23547.1,23534.8,23544.8,
2024-06-19T13:58:00+05:30,23545.5,23550,23544.7,23547.5,
2024-06-19T13:59:00+05:30,23547,23557.1,23544.7,23552,
2024-06-19T14:00:00+05:30,23552.3,23564.5,23546.5,23556.5,
2024-06-19T14:01:00+05:30,23555.4,23557.5,23540,23541.3,
2024-06-19T14:02:00+05:30,23542.3,23554.8,23541.7,23550.6,
2024-06-19T14:03:00+05:30,23550.7,23553.8,23549.1,23552.9,
2024-06-19T14:04:00+05:30,23552.5,23556.8,23548.2,23549.4,
2024-06-19T14:05:00+05:30,23549.5,23552,23543.3,23545.3,
2024-06-19T14:06:00+05:30,23546.4,23550,23540.5,23543.3,
2024-06-19T14:07:00+05:30,23544.3,23557.2,23542.3,23557.1,
2024-06-19T14:08:00+05:30,23557.5,23563.4,23552.8,23563.3,
2024-06-19T14:09:00+05:30,23563.8,23566,23554,23554,
2024-06-19T14:10:00+05:30,23555.2,23562.8,23553.8,23562.5,
2024-06-19T14:11:00+05:30,23560.8,23571.5,23560.8,23567.4,
2024-06-19T14:12:00+05:30,23566,23571.2,23560.2,23570.5,
2024-06-19T14:13:00+05:30,23570.2,23570.9,23564.1,23565.3,
2024-06-19T14:14:00+05:30,23564.8,23567.1,23557.5,23560.7,
2024-06-19T14:15:00+05:30,23560.5,23562.3,23553.2,23553.2,
2024-06-19T14:16:00+05:30,23553.7,23559.7,23545.8,23555,
2024-06-19T14:17:00+05:30,23554.3,23558.8,23551.7,23558.1,
2024-06-19T14:18:00+05:30,23558,23562.5,23555,23560,
2024-06-19T14:19:00+05:30,23560.1,23569.8,23558,23567.3,
2024-06-19T14:20:00+05:30,23567.8,23571.9,23563.8,23569.7,
2024-06-19T14:21:00+05:30,23568.7,23583.8,23567.2,23578.3,
2024-06-19T14:22:00+05:30,23578.7,23592.5,23578.7,23591.5,
2024-06-19T14:23:00+05:30,23590.9,23599.2,23588.5,23595.2,
2024-06-19T14:24:00+05:30,23595.7,23600.2,23590.8,23592.7,
2024-06-19T14:25:00+05:30,23591.7,23593,23581.2,23587.1,
2024-06-19T14:26:00+05:30,23587.6,23588.2,23581.2,23587,
2024-06-19T14:27:00+05:30,23591.7,23593.2,23581.4,23583,
2024-06-19T14:28:00+05:30,23584.2,23584.2,23575.2,23579.5,
2024-06-19T14:29:00+05:30,23580.2,23586,23579.5,23584.3,
2024-06-19T14:30:00+05:30,23585.1,23587,23581,23581.2,
2024-06-19T14:31:00+05:30,23582.4,23607.2,23581.5,23607,
2024-06-19T14:32:00+05:30,23606,23619.3,23599,23618.5,
2024-06-19T14:33:00+05:30,23618.3,23632.2,23618.3,23621.5,
2024-06-19T14:34:00+05:30,23620.1,23626,23615.3,23623.9,
2024-06-19T14:35:00+05:30,23623.9,23634.7,23623.9,23631.7,
2024-06-19T14:36:00+05:30,23631.4,23642.9,23630.3,23641,
2024-06-19T14:37:00+05:30,23641,23650.8,23640.6,23649.5,
2024-06-19T14:38:00+05:30,23649.4,23664,23649.4,23655.5,
2024-06-19T14:39:00+05:30,23654,23655,23638,23642,
2024-06-19T14:40:00+05:30,23641.1,23643.4,23624.2,23635.5,
2024-06-19T14:41:00+05:30,23633.3,23644.2,23629.8,23629.8,
2024-06-19T14:42:00+05:30,23628.3,23631,23610.5,23614.8,
2024-06-19T14:43:00+05:30,23614.7,23625.7,23606,23612,
2024-06-19T14:44:00+05:30,23611.5,23615.8,23605.3,23611.5,
2024-06-19T14:45:00+05:30,23611.7,23621.5,23610.7,23616,
2024-06-19T14:46:00+05:30,23615.8,23622.3,23614.8,23622.3,
2024-06-19T14:47:00+05:30,23622.5,23633.8,23619.7,23632.9,
2024-06-19T14:48:00+05:30,23634.5,23635.8,23629.2,23634.2,
2024-06-19T14:49:00+05:30,23633.8,23635.7,23611.3,23613.1,
2024-06-19T14:50:00+05:30,23613.5,23617.8,23594.9,23595.3,
2024-06-19T14:51:00+05:30,23595,23605.1,23584.3,23602.2,
2024-06-19T14:52:00+05:30,23602,23609.5,23595.2,23595.3,
2024-06-19T14:53:00+05:30,23595,23598.2,23587,23590.8,
2024-06-19T14:54:00+05:30,23591.8,23592.2,23579.8,23582.3,
2024-06-19T14:55:00+05:30,23582.2,23582.2,23569.1,23575.2,
2024-06-19T14:56:00+05:30,23575.3,23575.3,23558.4,23560.5,
2024-06-19T14:57:00+05:30,23560.7,23561.2,23549.7,23556.2,
2024-06-19T14:58:00+05:30,23556.2,23569.6,23548.8,23556,
2024-06-19T14:59:00+05:30,23558.7,23564.2,23552,23557.5,
2024-06-19T15:00:00+05:30,23557.3,23563,23530.9,23531.8,
2024-06-19T15:01:00+05:30,23531.8,23536.5,23519.5,23520.2,
2024-06-19T15:02:00+05:30,23518.8,23537.2,23506,23537.2,
2024-06-19T15:03:00+05:30,23538.1,23541.7,23525.5,23529.2,
2024-06-19T15:04:00+05:30,23530.5,23533,23518,23520.8,
2024-06-19T15:05:00+05:30,23517.8,23527.8,23511.2,23517.2,
2024-06-19T15:06:00+05:30,23517.7,23517.7,23492.7,23498.2,
2024-06-19T15:07:00+05:30,23495.2,23497.5,23484.2,23497.5,
2024-06-19T15:08:00+05:30,23496.8,23517.5,23494.5,23507.8,
2024-06-19T15:09:00+05:30,23507,23516,23499,23516,
2024-06-19T15:10:00+05:30,23515.3,23516.3,23500.1,23507.8,
2024-06-19T15:11:00+05:30,23506.8,23514.3,23500.7,23510.8,
2024-06-19T15:12:00+05:30,23509.7,23515,23503.5,23511.3,
2024-06-19T15:13:00+05:30,23510.3,23516.5,23507.8,23510.8,
2024-06-19T15:14:00+05:30,23509.2,23512.4,23506.3,23511,
2024-06-19T15:15:00+05:30,23509.8,23517.3,23507.1,23517.3,
2024-06-19T15:16:00+05:30,23515.8,23525,23514.7,23525,
2024-06-19T15:17:00+05:30,23524.3,23526,23519.5,23523.8,
2024-06-19T15:18:00+05:30,23525,23527.4,23517,23517.8,
2024-06-19T15:19:00+05:30,23517.3,23520.7,23516,23519.3,
2024-06-19T15:20:00+05:30,23519,23523.8,23515.5,23518.2,
2024-06-19T15:21:00+05:30,23516.5,23526,23516.5,23526,
2024-06-19T15:22:00+05:30,23525.2,23528.5,23523.7,23527.5,
2024-06-19T15:23:00+05:30,23527.4,23527.4,23520.3,23521.5,
2024-06-19T15:24:00+05:30,23520.9,23524.3,23518.8,23522.8,
2024-06-19T15:25:00+05:30,23522.2,23522.2,23514.5,23515.5,
2024-06-19T15:26:00+05:30,23515,23515,23504.6,23506,
2024-06-19T15:27:00+05:30,23505.4,23511.2,23504.8,23510.9,
2024-06-19T15:28:00+05:30,23510.9,23513.2,23505.5,23509.9,
2024-06-19T15:29:00+05:30,23508.6,23521.4,23508.6,23521.4,
2024-06-20T09:15:00+05:30,23586.2,23587.7,23512.8,23535,
2024-06-20T09:16:00+05:30,23530.7,23548,23527.2,23546,
2024-06-20T09:17:00+05:30,23546.9,23547.2,23526.7,23526.7,
2024-06-20T09:18:00+05:30,23528.3,23532.3,23506.2,23517,
2024-06-20T09:19:00+05:30,23516,23530.8,23504,23505.7,
2024-06-20T09:20:00+05:30,23504.2,23509.8,23481.4,23490.9,
2024-06-20T09:21:00+05:30,23490.5,23507.5,23490.5,23494,
2024-06-20T09:22:00+05:30,23493.8,23503,23483.4,23490.5,
2024-06-20T09:23:00+05:30,23487.2,23490.2,23465.2,23471,
2024-06-20T09:24:00+05:30,23469.2,23476.7,23462.3,23466.3,
2024-06-20T09:25:00+05:30,23463.4,23490.7,23461.8,23486.7,
2024-06-20T09:26:00+05:30,23485.6,23533,23485.6,23525.2,
2024-06-20T09:27:00+05:30,23524.5,23555.3,23523.5,23534.5,
2024-06-20T09:28:00+05:30,23534.8,23542.7,23503.8,23507.7,
2024-06-20T09:29:00+05:30,23508,23508,23486.5,23499.8,
2024-06-20T09:30:00+05:30,23497.6,23504,23492,23495.9,
2024-06-20T09:31:00+05:30,23495.3,23497.2,23467.5,23468.9,
2024-06-20T09:32:00+05:30,23468,23536.7,23468,23530.7,
2024-06-20T09:33:00+05:30,23529.2,23544.4,23510,23522.3,
2024-06-20T09:34:00+05:30,23523.2,23523.2,23501.6,23514.2,
2024-06-20T09:35:00+05:30,23515,23515.5,23499.5,23501.8,
2024-06-20T09:36:00+05:30,23502,23509,23491.9,23499.3,
2024-06-20T09:37:00+05:30,23499.5,23499.5,23473.9,23474.2,
2024-06-20T09:38:00+05:30,23473.7,23497.2,23470.7,23478.3,
2024-06-20T09:39:00+05:30,23480.2,23495.1,23480.2,23489.3,
2024-06-20T09:40:00+05:30,23489.8,23494.5,23477.5,23492.2,
2024-06-20T09:41:00+05:30,23492.5,23524.8,23488.8,23518.8,
2024-06-20T09:42:00+05:30,23518.8,23521.1,23500.1,23501.8,
2024-06-20T09:43:00+05:30,23503,23508,23496.2,23500.2,
2024-06-20T09:44:00+05:30,23498.9,23514.1,23495.1,23508,
2024-06-20T09:45:00+05:30,23508.6,23518.3,23496,23501.2,
2024-06-20T09:46:00+05:30,23502,23504,23494.5,23500,
2024-06-20T09:47:00+05:30,23499.6,23507.8,23490.5,23497.2,
2024-06-20T09:48:00+05:30,23499.2,23499.2,23479.2,23480.8,
2024-06-20T09:49:00+05:30,23480.7,23489.2,23468,23471.5,
2024-06-20T09:50:00+05:30,23471.5,23491.8,23464.5,23474.5,
2024-06-20T09:51:00+05:30,23473.3,23486.8,23470.5,23480.5,
2024-06-20T09:52:00+05:30,23480.8,23492.8,23475.4,23477.3,
2024-06-20T09:53:00+05:30,23478.3,23484,23472.3,23476.1,
2024-06-20T09:54:00+05:30,23475.2,23481.5,23470.5,23475.1,
2024-06-20T09:55:00+05:30,23474.7,23481,23469.2,23474.7,
2024-06-20T09:56:00+05:30,23474.2,23480.5,23442.6,23453.4,
2024-06-20T09:57:00+05:30,23452.9,23460.5,23448.5,23457.7,
2024-06-20T09:58:00+05:30,23459,23490,23457.8,23490,
2024-06-20T09:59:00+05:30,23490.3,23515.5,23489,23498,
2024-06-20T10:00:00+05:30,23498.3,23505.2,23489.2,23497.4,
2024-06-20T10:01:00+05:30,23498.3,23501.8,23490.2,23496,
2024-06-20T10:02:00+05:30,23495,23502.3,23484.5,23493.8,
2024-06-20T10:03:00+05:30,23494.2,23499.4,23491.5,23495.5,
2024-06-20T10:04:00+05:30,23494.8,23499.1,23485.5,23494.2,
2024-06-20T10:05:00+05:30,23493.7,23500,23472.8,23481.1,
2024-06-20T10:06:00+05:30,23481.2,23486.8,23479.7,23485,
2024-06-20T10:07:00+05:30,23485.4,23499.6,23485.3,23494.7,
2024-06-20T10:08:00+05:30,23494.7,23500.3,23489.2,23493,
2024-06-20T10:09:00+05:30,23492.5,23498.1,23491.2,23496.9,
2024-06-20T10:10:00+05:30,23497.2,23512.1,23496.8,23512,
2024-06-20T10:11:00+05:30,23510.3,23515.2,23497.8,23497.9,
2024-06-20T10:12:00+05:30,23497.3,23504,23484.8,23489.4,
2024-06-20T10:13:00+05:30,23490,23494.7,23484.8,23489.2,
2024-06-20T10:14:00+05:30,23490,23494,23484.3,23487.3,
2024-06-20T10:15:00+05:30,23488.2,23491.6,23483.5,23488.5,
2024-06-20T10:16:00+05:30,23488.3,23489.5,23478,23485.4,
2024-06-20T10:17:00+05:30,23484.3,23495.7,23481.7,23495.7,
2024-06-20T10:18:00+05:30,23495.1,23498.8,23488.4,23496.4,
2024-06-20T10:19:00+05:30,23497,23506,23495.3,23495.3,
2024-06-20T10:20:00+05:30,23496.3,23514.8,23495,23514.8,
2024-06-20T10:21:00+05:30,23514.2,23523.3,23510.5,23513.5,
2024-06-20T10:22:00+05:30,23515.8,23534.9,23515,23525.9,
2024-06-20T10:23:00+05:30,23527,23530.2,23512.8,23515,
2024-06-20T10:24:00+05:30,23516,23516,23503.7,23515.5,
2024-06-20T10:25:00+05:30,23515.5,23517.2,23509,23515.4,
2024-06-20T10:26:00+05:30,23514.8,23519.3,23510.8,23513.7,
2024-06-20T10:27:00+05:30,23514.4,23524.4,23512.1,23521.5,
2024-06-20T10:28:00+05:30,23522.1,23524.9,23516.3,23518.2,
2024-06-20T10:29:00+05:30,23518,23529.3,23516.6,23524.4,
2024-06-20T10:30:00+05:30,23524.5,23539,23518.8,23535.7,
2024-06-20T10:31:00+05:30,23537.2,23537.2,23525,23527.2,
2024-06-20T10:32:00+05:30,23527,23527.5,23516.2,23517,
2024-06-20T10:33:00+05:30,23517.1,23521.8,23508,23510.6,
2024-06-20T10:34:00+05:30,23510,23510,23500.5,23508.9,
2024-06-20T10:35:00+05:30,23510.5,23515.1,23503.4,23512.1,
2024-06-20T10:36:00+05:30,23512.5,23518.6,23508.8,23515.5,
2024-06-20T10:37:00+05:30,23515.8,23516.3,23505,23505.5,
2024-06-20T10:38:00+05:30,23507.2,23514,23506,23509.7,
2024-06-20T10:39:00+05:30,23508.3,23517.2,23506.2,23516,
2024-06-20T10:40:00+05:30,23516.2,23520,23510.7,23514.7,
2024-06-20T10:41:00+05:30,23515.1,23521.7,23514.9,23521,
2024-06-20T10:42:00+05:30,23520.3,23534.2,23520,23532.9,
2024-06-20T10:43:00+05:30,23534.3,23534.8,23526.6,23530,
2024-06-20T10:44:00+05:30,23528.8,23535.5,23524.8,23531.9,
2024-06-20T10:45:00+05:30,23531.8,23534.3,23526.5,23529.2,
2024-06-20T10:46:00+05:30,23529.4,23539.4,23527,23532.8,
2024-06-20T10:47:00+05:30,23533.2,23533.5,23528.2,23531,
2024-06-20T10:48:00+05:30,23531.5,23536.2,23527,23527,
2024-06-20T10:49:00+05:30,23527.2,23528.2,23522,23525.8,
2024-06-20T10:50:00+05:30,23526.1,23532.3,23522.4,23526.8,
2024-06-20T10:51:00+05:30,23527,23527.5,23517.7,23519.8,
2024-06-20T10:52:00+05:30,23520.3,23532.2,23517.3,23530.7,
2024-06-20T10:53:00+05:30,23530.3,23533.8,23528.6,23532.5,
2024-06-20T10:54:00+05:30,23530.7,23532.3,23526,23526.5,
2024-06-20T10:55:00+05:30,23526.4,23529.8,23520,23521.5,
2024-06-20T10:56:00+05:30,23520.9,23525.6,23518.7,23524.8,
2024-06-20T10:57:00+05:30,23524.5,23538.1,23522,23537.2,
2024-06-20T10:58:00+05:30,23537.5,23538.3,23531.1,23538.3,
2024-06-20T10:59:00+05:30,23539.1,23542.5,23534.3,23536.8,
2024-06-20T11:00:00+05:30,23538,23548,23537.7,23546.2,
2024-06-20T11:01:00+05:30,23545.3,23545.9,23539.7,23545.2,
2024-06-20T11:02:00+05:30,23545.2,23557.5,23541.8,23555.9,
2024-06-20T11:03:00+05:30,23557.3,23563.4,23553.6,23557.1,
2024-06-20T11:04:00+05:30,23557.5,23558.2,23550.2,23551.7,
2024-06-20T11:05:00+05:30,23551.8,23553.2,23544.9,23550.3,
2024-06-20T11:06:00+05:30,23549.8,23553.5,23545.8,23553.2,
2024-06-20T11:07:00+05:30,23553.2,23553.2,23541.2,23542.5,
2024-06-20T11:08:00+05:30,23540,23545.2,23538.4,23542,
2024-06-20T11:09:00+05:30,23541.8,23550.7,23541.8,23545,
2024-06-20T11:10:00+05:30,23544.8,23548,23538.8,23547.8,
2024-06-20T11:11:00+05:30,23547.7,23550.8,23544.9,23546.4,
2024-06-20T11:12:00+05:30,23544.5,23550.8,23544.2,23548.8,
2024-06-20T11:13:00+05:30,23549,23552.8,23543,23546.8,
2024-06-20T11:14:00+05:30,23546.2,23549.2,23530.4,23533.7,
2024-06-20T11:15:00+05:30,23533,23539,23529.3,23536.8,
2024-06-20T11:16:00+05:30,23538,23542,23524,23527.9,
2024-06-20T11:17:00+05:30,23527.8,23537,23527.8,23537,
2024-06-20T11:18:00+05:30,23536.6,23539.2,23533.7,23537.8,
2024-06-20T11:19:00+05:30,23538.3,23544.3,23538,23539.7,
2024-06-20T11:20:00+05:30,23540.3,23544.4,23538.8,23541.7,
2024-06-20T11:21:00+05:30,23541.7,23544,23539,23541.2,
2024-06-20T11:22:00+05:30,23541.1,23546.3,23538.3,23546.3,
2024-06-20T11:23:00+05:30,23546.5,23548.4,23544.4,23547.5,
2024-06-20T11:24:00+05:30,23547,23547,23539.7,23540.6,
2024-06-20T11:25:00+05:30,23539.9,23541,23538,23538.6,
2024-06-20T11:26:00+05:30,23538.7,23539.9,23536.8,23539.5,
2024-06-20T11:27:00+05:30,23539,23542.7,23535.5,23541,
2024-06-20T11:28:00+05:30,23540.6,23543,23539.5,23541.5,
2024-06-20T11:29:00+05:30,23541,23541.5,23532.3,23532.3,
2024-06-20T11:30:00+05:30,23532.5,23533.3,23529.5,23530.9,
2024-06-20T11:31:00+05:30,23531.4,23536.5,23530.1,23536.2,
2024-06-20T11:32:00+05:30,23536,23544.8,23534.8,23537.5,
2024-06-20T11:33:00+05:30,23537.4,23539.2,23531,23538.2,
2024-06-20T11:34:00+05:30,23538.3,23543.3,23535.6,23543.3,
2024-06-20T11:35:00+05:30,23542.4,23550.4,23541,23542.5,
2024-06-20T11:36:00+05:30,23542.5,23547,23541.6,23545.3,
2024-06-20T11:37:00+05:30,23545.4,23552.5,23544.3,23548.6,
2024-06-20T11:38:00+05:30,23550,23550,23544.3,23545.2,
2024-06-20T11:39:00+05:30,23545.5,23545.5,23537.2,23541.5,
2024-06-20T11:40:00+05:30,23542.1,23548,23540.7,23547.1,
2024-06-20T11:41:00+05:30,23546.9,23551.2,23546.2,23547.3,
2024-06-20T11:42:00+05:30,23548.3,23554.4,23544.9,23551.2,
2024-06-20T11:43:00+05:30,23550.4,23553.8,23547,23549.2,
2024-06-20T11:44:00+05:30,23549,23556,23547.3,23552.5,
2024-06-20T11:45:00+05:30,23553.3,23562.2,23552.2,23559.5,
2024-06-20T11:46:00+05:30,23559.9,23561.8,23556.8,23559.5,
2024-06-20T11:47:00+05:30,23558.8,23558.8,23550.7,23551.5,
2024-06-20T11:48:00+05:30,23551.7,23553.8,23548.2,23552.5,
2024-06-20T11:49:00+05:30,23552.2,23557.6,23549.5,23557.6,
2024-06-20T11:50:00+05:30,23556.9,23560.3,23554.8,23557.7,
2024-06-20T11:51:00+05:30,23557.9,23558.3,23553,23555.5,
2024-06-20T11:52:00+05:30,23555.8,23563.5,23554,23557.7,
2024-06-20T11:53:00+05:30,23558.8,23559.3,23551.8,23554.8,
2024-06-20T11:54:00+05:30,23555.3,23564.8,23553.4,23562.5,
2024-06-20T11:55:00+05:30,23562.6,23563.2,23558.5,23561,
2024-06-20T11:56:00+05:30,23560.7,23569.3,23556.1,23561.7,
2024-06-20T11:57:00+05:30,23561.7,23561.7,23555.6,23557.5,
2024-06-20T11:58:00+05:30,23557.7,23558.8,23553.9,23555.2,
2024-06-20T11:59:00+05:30,23555.3,23560.5,23553.5,23560,
2024-06-20T12:00:00+05:30,23560.3,23564.5,23558.6,23559.2,
2024-06-20T12:01:00+05:30,23559.3,23561.8,23557.9,23560.2,
2024-06-20T12:02:00+05:30,23560,23560.2,23556.6,23557,
2024-06-20T12:03:00+05:30,23557.1,23557.5,23545.2,23552.2,
2024-06-20T12:04:00+05:30,23552.7,23560.8,23552.3,23559.5,
2024-06-20T12:05:00+05:30,23559.6,23560.5,23557.8,23557.9,
2024-06-20T12:06:00+05:30,23558.5,23564.6,23557.4,23564.3,
2024-06-20T12:07:00+05:30,23565.3,23566,23560.7,23561.8,
2024-06-20T12:08:00+05:30,23561.5,23563.5,23555.2,23555.2,
2024-06-20T12:09:00+05:30,23554.7,23556.7,23552.5,23555.6,
2024-06-20T12:10:00+05:30,23556,23558.8,23550.5,23550.5,
2024-06-20T12:11:00+05:30,23550,23553.3,23546,23547.7,
2024-06-20T12:12:00+05:30,23548,23558.3,23547.7,23557.5,
2024-06-20T12:13:00+05:30,23557.3,23560,23556.6,23558.2,
2024-06-20T12:14:00+05:30,23559.2,23559.3,23554.1,23556.6,
2024-06-20T12:15:00+05:30,23556.9,23559.4,23556.7,23558.9,
2024-06-20T12:16:00+05:30,23559.2,23560,23554.4,23555.9,
2024-06-20T12:17:00+05:30,23554.8,23559.5,23553.3,23557.6,
2024-06-20T12:18:00+05:30,23558.2,23559.8,23555.3,23558,
2024-06-20T12:19:00+05:30,23559,23560.2,23556.8,23557.5,
2024-06-20T12:20:00+05:30,23557.5,23561.6,23557,23557.8,
2024-06-20T12:21:00+05:30,23557.8,23557.8,23550.5,23550.9,
2024-06-20T12:22:00+05:30,23551,23555.8,23551,23554.5,
2024-06-20T12:23:00+05:30,23554.6,23557.7,23553.9,23557.4,
2024-06-20T12:24:00+05:30,23557.7,23562,23557,23561.6,
2024-06-20T12:25:00+05:30,23561.5,23562,23557.9,23561.1,
2024-06-20T12:26:00+05:30,23561,23561.3,23556.6,23557.5,
2024-06-20T12:27:00+05:30,23558.4,23559.7,23554,23554.5,
2024-06-20T12:28:00+05:30,23555,23556.4,23550.4,23553.2,
2024-06-20T12:29:00+05:30,23553.3,23554.5,23549.5,23550,
2024-06-20T12:30:00+05:30,23551.2,23553.3,23544.5,23546.8,
2024-06-20T12:31:00+05:30,23547.2,23548.6,23535,23537.1,
2024-06-20T12:32:00+05:30,23537,23545,23536.7,23544.5,
2024-06-20T12:33:00+05:30,23544.3,23547.7,23542.3,23546.2,
2024-06-20T12:34:00+05:30,23546.2,23548.2,23544.8,23547.6,
2024-06-20T12:35:00+05:30,23548.2,23548.8,23545.4,23548.7,
2024-06-20T12:36:00+05:30,23548.5,23553.5,23546.8,23552.9,
2024-06-20T12:37:00+05:30,23552.8,23556.8,23552.2,23554.7,
2024-06-20T12:38:00+05:30,23554.8,23559.2,23554.3,23558.8,
2024-06-20T12:39:00+05:30,23558.8,23559.1,23547.2,23548.1,
2024-06-20T12:40:00+05:30,23548.8,23551,23541.1,23541.7,
2024-06-20T12:41:00+05:30,23541,23545.5,23537.5,23542.8,
2024-06-20T12:42:00+05:30,23542.7,23546.3,23541.6,23541.8,
2024-06-20T12:43:00+05:30,23542.5,23544.5,23539.2,23540.8,
2024-06-20T12:44:00+05:30,23540.5,23543,23535.7,23538.2,
2024-06-20T12:45:00+05:30,23538.2,23540.6,23532.5,23540,
2024-06-20T12:46:00+05:30,23540.3,23543,23539.3,23541.7,
2024-06-20T12:47:00+05:30,23541.4,23547.5,23540.2,23544.7,
2024-06-20T12:48:00+05:30,23544.5,23545.2,23541,23543.2,
2024-06-20T12:49:00+05:30,23543.7,23547.7,23542,23544.3,
2024-06-20T12:50:00+05:30,23543.2,23549.8,23541.2,23548,
2024-06-20T12:51:00+05:30,23548.5,23548.5,23541.7,23543,
2024-06-20T12:52:00+05:30,23542.3,23545.8,23540.8,23545.8,
2024-06-20T12:53:00+05:30,23545,23550.5,23541.9,23548.2,
2024-06-20T12:54:00+05:30,23547.7,23552.3,23546.2,23550.8,
2024-06-20T12:55:00+05:30,23550.6,23556.9,23549.2,23555.2,
2024-06-20T12:56:00+05:30,23555.3,23557.4,23551.2,23553.9,
2024-06-20T12:57:00+05:30,23554.6,23555,23548.8,23550.2,
2024-06-20T12:58:00+05:30,23550.6,23552.7,23546.9,23548.3,
2024-06-20T12:59:00+05:30,23548.2,23552.1,23545.5,23551.2,
2024-06-20T13:00:00+05:30,23551,23555.8,23550.3,23553.8,
2024-06-20T13:01:00+05:30,23553.7,23572,23552.9,23572,
2024-06-20T13:02:00+05:30,23570.5,23572.4,23564.6,23564.9,
2024-06-20T13:03:00+05:30,23565,23566.7,23560.7,23562.5,
2024-06-20T13:04:00+05:30,23561.5,23564,23559.8,23562.8,
2024-06-20T13:05:00+05:30,23563.2,23565.7,23558.5,23559.7,
2024-06-20T13:06:00+05:30,23559.6,23564.7,23559.2,23560.7,
2024-06-20T13:07:00+05:30,23560.7,23567.2,23560.3,23561,
2024-06-20T13:08:00+05:30,23561,23563,23560,23563,
2024-06-20T13:09:00+05:30,23563.2,23565,23558.5,23562.5,
2024-06-20T13:10:00+05:30,23562.8,23567.9,23560.1,23564.2,
2024-06-20T13:11:00+05:30,23563.3,23567,23561.2,23562.8,
2024-06-20T13:12:00+05:30,23563,23565.7,23560.8,23564.2,
2024-06-20T13:13:00+05:30,23564.2,23566.5,23554.5,23555.2,
2024-06-20T13:14:00+05:30,23555.7,23555.7,23545.1,23552.5,
2024-06-20T13:15:00+05:30,23552.5,23555.8,23551,23555,
2024-06-20T13:16:00+05:30,23555.2,23558,23552.2,23555.4,
2024-06-20T13:17:00+05:30,23556,23560,23554.4,23557.9,
2024-06-20T13:18:00+05:30,23558.1,23558.3,23554.4,23558,
2024-06-20T13:19:00+05:30,23558,23560.8,23553.5,23560.3,
2024-06-20T13:20:00+05:30,23559.5,23602,23558.2,23598.5,
2024-06-20T13:21:00+05:30,23596,23611.5,23587.6,23599.3,
2024-06-20T13:22:00+05:30,23598.2,23615.2,23597.2,23609,
2024-06-20T13:23:00+05:30,23609.3,23612,23605,23610,
2024-06-20T13:24:00+05:30,23612.2,23612.2,23599.2,23608.8,
2024-06-20T13:25:00+05:30,23609.2,23612.9,23601.7,23610.2,
2024-06-20T13:26:00+05:30,23610.5,23613.1,23604.5,23610,
2024-06-20T13:27:00+05:30,23609.7,23624,23606.5,23620.7,
2024-06-20T13:28:00+05:30,23619.8,23620.5,23605.6,23608.3,
2024-06-20T13:29:00+05:30,23607.9,23612.5,23604.3,23607,
2024-06-20T13:30:00+05:30,23608.1,23617.5,23604.8,23614.7,
2024-06-20T13:31:00+05:30,23614.5,23616.1,23607.8,23611.7,
2024-06-20T13:32:00+05:30,23612.5,23622.3,23609.5,23619,
2024-06-20T13:33:00+05:30,23618.7,23618.7,23605.5,23607.5,
2024-06-20T13:34:00+05:30,23607.3,23609.3,23593.8,23608.4,
2024-06-20T13:35:00+05:30,23605.5,23610.2,23603,23605.5,
2024-06-20T13:36:00+05:30,23604.7,23610.7,23602,23602,
2024-06-20T13:37:00+05:30,23603.3,23607.8,23599.2,23605.5,
2024-06-20T13:38:00+05:30,23605,23608.1,23598.7,23601.8,
2024-06-20T13:39:00+05:30,23604,23605,23598.5,23600,
2024-06-20T13:40:00+05:30,23601.5,23606.5,23599.3,23605.7,
2024-06-20T13:41:00+05:30,23605,23608.1,23600.8,23606.3,
2024-06-20T13:42:00+05:30,23605.2,23607,23602.5,23605.2,
2024-06-20T13:43:00+05:30,23603.8,23608.8,23603.1,23607.7,
2024-06-20T13:44:00+05:30,23606.4,23616,23605.5,23612.3,
2024-06-20T13:45:00+05:30,23611.9,23612.2,23607,23608.1,
2024-06-20T13:46:00+05:30,23608.9,23611,23603.6,23604.8,
2024-06-20T13:47:00+05:30,23604.7,23604.8,23583.9,23592.2,
2024-06-20T13:48:00+05:30,23593.6,23596.1,23590.5,23592.9,
2024-06-20T13:49:00+05:30,23594,23605.2,23593.1,23601.5,
2024-06-20T13:50:00+05:30,23601.3,23603.3,23595.7,23598.8,
2024-06-20T13:51:00+05:30,23598.3,23599,23589.2,23590.7,
2024-06-20T13:52:00+05:30,23589.2,23591.3,23582.5,23582.5,
2024-06-20T13:53:00+05:30,23583.8,23586.5,23546.7,23550.3,
2024-06-20T13:54:00+05:30,23550.5,23561.3,23547.3,23555,
2024-06-20T13:55:00+05:30,23555.7,23560.2,23548.8,23552.5,
2024-06-20T13:56:00+05:30,23552,23558.8,23550.2,23557.8,
2024-06-20T13:57:00+05:30,23557.9,23575.7,23555.8,23557.7,
2024-06-20T13:58:00+05:30,23558.8,23558.8,23537,23544,
2024-06-20T13:59:00+05:30,23543.2,23543.2,23535.2,23536.2,
2024-06-20T14:00:00+05:30,23536,23544.1,23532.5,23541.3,
2024-06-20T14:01:00+05:30,23539.1,23552.5,23538.9,23551,
2024-06-20T14:02:00+05:30,23551,23552.2,23541.6,23546.3,
2024-06-20T14:03:00+05:30,23546.4,23554.2,23543.7,23551.8,
2024-06-20T14:04:00+05:30,23552.3,23559.2,23550.3,23556.2,
2024-06-20T14:05:00+05:30,23556.9,23562.9,23552.3,23556,
2024-06-20T14:06:00+05:30,23555.8,23560.2,23550.2,23551.5,
2024-06-20T14:07:00+05:30,23551.2,23555.2,23549.5,23550.5,
2024-06-20T14:08:00+05:30,23550.8,23554.5,23544.7,23544.7,
2024-06-20T14:09:00+05:30,23545.7,23548.5,23537,23537.7,
2024-06-20T14:10:00+05:30,23537.5,23543,23534,23537.2,
2024-06-20T14:11:00+05:30,23537.7,23551.2,23537.1,23548.5,
2024-06-20T14:12:00+05:30,23549.5,23551.7,23544.9,23550.2,
2024-06-20T14:13:00+05:30,23550.2,23559.8,23547.3,23559,
2024-06-20T14:14:00+05:30,23558,23569.7,23556.9,23562.8,
2024-06-20T14:15:00+05:30,23563.3,23569.9,23558.1,23569.9,
2024-06-20T14:16:00+05:30,23570.8,23590,23570.4,23584.8,
2024-06-20T14:17:00+05:30,23585.8,23587.9,23578.8,23585.5,
2024-06-20T14:18:00+05:30,23586,23591.7,23582.2,23591.7,
2024-06-20T14:19:00+05:30,23592.8,23600.5,23591,23599.3,
2024-06-20T14:20:00+05:30,23600.3,23600.3,23589.7,23592.8,
2024-06-20T14:21:00+05:30,23593.6,23593.9,23573.6,23573.6,
2024-06-20T14:22:00+05:30,23573.7,23585.2,23571.3,23580.6,
2024-06-20T14:23:00+05:30,23582,23586.8,23580.2,23586.8,
2024-06-20T14:24:00+05:30,23586.5,23591.4,23584.4,23588.7,
2024-06-20T14:25:00+05:30,23589,23589,23578.8,23582,
2024-06-20T14:26:00+05:30,23581,23584.3,23577.3,23582.3,
2024-06-20T14:27:00+05:30,23582,23589,23580.8,23588.7,
2024-06-20T14:28:00+05:30,23589.5,23593.5,23584,23587.3,
2024-06-20T14:29:00+05:30,23588.8,23590.8,23580.3,23583.5,
2024-06-20T14:30:00+05:30,23583.5,23584.5,23564.9,23565.2,
2024-06-20T14:31:00+05:30,23564.4,23574,23560.2,23571.7,
2024-06-20T14:32:00+05:30,23570.9,23573.5,23565.2,23565.8,
2024-06-20T14:33:00+05:30,23570,23571.8,23560.3,23563.6,
2024-06-20T14:34:00+05:30,23563.8,23566.5,23556.3,23561.1,
2024-06-20T14:35:00+05:30,23560.5,23565.2,23559.2,23565.2,
2024-06-20T14:36:00+05:30,23564.9,23579.3,23563,23579.3,
2024-06-20T14:37:00+05:30,23580.2,23580.9,23574.2,23574.2,
2024-06-20T14:38:00+05:30,23574.3,23577.7,23571,23574.8,
2024-06-20T14:39:00+05:30,23576.2,23580.3,23574.3,23576,
2024-06-20T14:40:00+05:30,23575.7,23576.9,23571.2,23574.3,
2024-06-20T14:41:00+05:30,23574.8,23590.9,23574.2,23589.3,
2024-06-20T14:42:00+05:30,23588.9,23589,23582.2,23584.8,
2024-06-20T14:43:00+05:30,23584.7,23584.7,23568.1,23568.1,
2024-06-20T14:44:00+05:30,23568.5,23582,23568.5,23579.5,
2024-06-20T14:45:00+05:30,23581.2,23581.3,23572.8,23575,
2024-06-20T14:46:00+05:30,23576.8,23579.9,23572.2,23575.2,
2024-06-20T14:47:00+05:30,23574.5,23578.6,23570.8,23571.2,
2024-06-20T14:48:00+05:30,23571.5,23575.8,23564.8,23566.6,
2024-06-20T14:49:00+05:30,23568,23568,23559.3,23562.4,
2024-06-20T14:50:00+05:30,23562.2,23566.2,23554,23556.3,
2024-06-20T14:51:00+05:30,23554.2,23561.3,23554.2,23559.5,
2024-06-20T14:52:00+05:30,23559.2,23559.9,23551.2,23559,
2024-06-20T14:53:00+05:30,23559,23562.4,23555.8,23558.2,
2024-06-20T14:54:00+05:30,23558.8,23566.4,23558.8,23563.8,
2024-06-20T14:55:00+05:30,23565.2,23565.3,23552.8,23552.8,
2024-06-20T14:56:00+05:30,23551.9,23552.5,23537.8,23539.2,
2024-06-20T14:57:00+05:30,23540.5,23553,23536.3,23553,
2024-06-20T14:58:00+05:30,23553,23560.5,23551.8,23560.2,
2024-06-20T14:59:00+05:30,23560.9,23561.5,23555,23557.8,
2024-06-20T15:00:00+05:30,23557.9,23573,23551.8,23569,
2024-06-20T15:01:00+05:30,23569,23569,23554.2,23563.6,
2024-06-20T15:02:00+05:30,23564,23575.5,23564,23570.5,
2024-06-20T15:03:00+05:30,23571,23571,23549.9,23551.3,
2024-06-20T15:04:00+05:30,23551.9,23567.5,23550.8,23566.4,
2024-06-20T15:05:00+05:30,23566.3,23566.3,23558.8,23564.8,
2024-06-20T15:06:00+05:30,23564.9,23566.7,23555,23555.9,
2024-06-20T15:07:00+05:30,23556.2,23556.4,23549.4,23553.3,
2024-06-20T15:08:00+05:30,23553.2,23565.6,23551.9,23565.2,
2024-06-20T15:09:00+05:30,23566,23568.7,23562.8,23565.6,
2024-06-20T15:10:00+05:30,23565.7,23566.5,23555.4,23560.5,
2024-06-20T15:11:00+05:30,23559.9,23568,23559.6,23567.2,
2024-06-20T15:12:00+05:30,23567.3,23568.2,23559.5,23564,
2024-06-20T15:13:00+05:30,23564,23565.5,23554,23558.8,
2024-06-20T15:14:00+05:30,23559.8,23569.1,23558.5,23566.8,
2024-06-20T15:15:00+05:30,23566.2,23570,23564.2,23566.5,
2024-06-20T15:16:00+05:30,23567.5,23567.5,23559.8,23563.8,
2024-06-20T15:17:00+05:30,23564.2,23570,23563.7,23569.2,
2024-06-20T15:18:00+05:30,23570.3,23573.3,23567.6,23570.2,
2024-06-20T15:19:00+05:30,23570.2,23575.2,23569.7,23574.8,
2024-06-20T15:20:00+05:30,23576,23576.1,23568.8,23568.8,
2024-06-20T15:21:00+05:30,23569.2,23573.8,23567.8,23573.8,
2024-06-20T15:22:00+05:30,23573.2,23577.8,23571.7,23575.2,
2024-06-20T15:23:00+05:30,23575.6,23576.2,23571.7,23572.9,
2024-06-20T15:24:00+05:30,23573.2,23577,23572.7,23575.4,
2024-06-20T15:25:00+05:30,23575.5,23580.1,23574.7,23579.7,
2024-06-20T15:26:00+05:30,23579.7,23583,23577.8,23581.4,
2024-06-20T15:27:00+05:30,23581.7,23587.2,23581.2,23587.2,
2024-06-20T15:28:00+05:30,23587,23587.8,23581.7,23581.7,
2024-06-20T15:29:00+05:30,23582.5,23585.8,23576.7,23579.2,
2024-06-21T09:15:00+05:30,23661.2,23667.1,23594.7,23614.2,
2024-06-21T09:16:00+05:30,23612.8,23623.5,23603.7,23609.5,
2024-06-21T09:17:00+05:30,23609.6,23636,23607,23630.4,
2024-06-21T09:18:00+05:30,23632.3,23636,23621.5,23625.4,
2024-06-21T09:19:00+05:30,23626.5,23629.8,23613.2,23614.8,
2024-06-21T09:20:00+05:30,23614.1,23623,23602.3,23609.3,
2024-06-21T09:21:00+05:30,23610.7,23616.8,23595.7,23603.2,
2024-06-21T09:22:00+05:30,23601.6,23609.2,23598.8,23603.3,
2024-06-21T09:23:00+05:30,23603.2,23617.1,23594.2,23617.1,
2024-06-21T09:24:00+05:30,23618.2,23627.1,23598.7,23598.8,
2024-06-21T09:25:00+05:30,23598,23607.5,23594.1,23605.4,
2024-06-21T09:26:00+05:30,23607.5,23621.2,23600.8,23619.5,
2024-06-21T09:27:00+05:30,23619.7,23624.2,23606.5,23607,
2024-06-21T09:28:00+05:30,23607.8,23614.7,23599.2,23602.2,
2024-06-21T09:29:00+05:30,23602.9,23616,23599.8,23609.7,
2024-06-21T09:30:00+05:30,23607.8,23617,23604.2,23610.3,
2024-06-21T09:31:00+05:30,23610.1,23618,23604.9,23615.4,
2024-06-21T09:32:00+05:30,23615,23640.1,23613.2,23639.3,
2024-06-21T09:33:00+05:30,23638.9,23649,23635.3,23647,
2024-06-21T09:34:00+05:30,23648.9,23648.9,23632.2,23639.4,
2024-06-21T09:35:00+05:30,23636.8,23643.6,23635,23640.8,
2024-06-21T09:36:00+05:30,23641.5,23642.2,23633,23637.5,
2024-06-21T09:37:00+05:30,23639,23644.6,23634.1,23639.3,
2024-06-21T09:38:00+05:30,23636.8,23641.3,23620.5,23628.6,
2024-06-21T09:39:00+05:30,23628.9,23635.3,23625.4,23633.1,
2024-06-21T09:40:00+05:30,23634,23634,23621.3,23622.2,
2024-06-21T09:41:00+05:30,23621.4,23623.5,23608.6,23618.9,
2024-06-21T09:42:00+05:30,23619,23619.2,23607.2,23614,
2024-06-21T09:43:00+05:30,23613.5,23616,23581.9,23589,
2024-06-21T09:44:00+05:30,23590.7,23592.1,23576.1,23589.5,
2024-06-21T09:45:00+05:30,23588.4,23596.8,23579.3,23579.3,
2024-06-21T09:46:00+05:30,23579.2,23586.9,23574.1,23581.5,
2024-06-21T09:47:00+05:30,23578.8,23596.2,23577.3,23591.7,
2024-06-21T09:48:00+05:30,23591.9,23598.6,23581.2,23581.3,
2024-06-21T09:49:00+05:30,23581.4,23588,23575.6,23581.8,
2024-06-21T09:50:00+05:30,23579.7,23586,23567,23581.4,
2024-06-21T09:51:00+05:30,23581,23588.9,23579.5,23587,
2024-06-21T09:52:00+05:30,23589.5,23604.2,23586.1,23597.6,
2024-06-21T09:53:00+05:30,23598.5,23605,23589.8,23594.1,
2024-06-21T09:54:00+05:30,23594,23601.8,23590.3,23596.2,
2024-06-21T09:55:00+05:30,23595.5,23611.3,23594.2,23608.2,
2024-06-21T09:56:00+05:30,23608.7,23608.7,23599,23602.2,
2024-06-21T09:57:00+05:30,23602.6,23602.6,23586.3,23595.2,
2024-06-21T09:58:00+05:30,23595.2,23601,23587.8,23597.5,
2024-06-21T09:59:00+05:30,23596.7,23610.2,23596.7,23609.7,
2024-06-21T10:00:00+05:30,23610.5,23619.5,23604.8,23617,
2024-06-21T10:01:00+05:30,23617.5,23622.5,23612.8,23620.8,
2024-06-21T10:02:00+05:30,23621,23621.8,23611,23613.4,
2024-06-21T10:03:00+05:30,23613.6,23617.2,23606.1,23607.8,
2024-06-21T10:04:00+05:30,23607.1,23610.5,23588.7,23588.7,
2024-06-21T10:05:00+05:30,23589,23591.5,23583.2,23584.2,
2024-06-21T10:06:00+05:30,23584.5,23591.2,23575,23588,
2024-06-21T10:07:00+05:30,23587.7,23604.8,23587,23603.2,
2024-06-21T10:08:00+05:30,23603.2,23603.5,23588.2,23590.8,
2024-06-21T10:09:00+05:30,23591.8,23595.3,23587.8,23590.8,
2024-06-21T10:10:00+05:30,23591.3,23595.3,23588.5,23591.5,
2024-06-21T10:11:00+05:30,23591.8,23594.2,23584.7,23592.7,
2024-06-21T10:12:00+05:30,23592.2,23595.8,23588.6,23591.6,
2024-06-21T10:13:00+05:30,23591.4,23591.8,23584.5,23585.5,
2024-06-21T10:14:00+05:30,23585.9,23588.7,23579.2,23584.8,
2024-06-21T10:15:00+05:30,23585.2,23595.2,23583.7,23589.7,
2024-06-21T10:16:00+05:30,23590.5,23601.8,23589.6,23601.7,
2024-06-21T10:17:00+05:30,23601.2,23601.2,23594.5,23596,
2024-06-21T10:18:00+05:30,23595.2,23597.2,23581,23582.4,
2024-06-21T10:19:00+05:30,23583.2,23590,23579,23587.2,
2024-06-21T10:20:00+05:30,23586.5,23601.2,23586.2,23600,
2024-06-21T10:21:00+05:30,23599.2,23601.8,23593.8,23597.8,
2024-06-21T10:22:00+05:30,23597.7,23601.7,23593.7,23601,
2024-06-21T10:23:00+05:30,23601.2,23602.2,23592.8,23597.7,
2024-06-21T10:24:00+05:30,23597.6,23600.2,23592.7,23598.5,
2024-06-21T10:25:00+05:30,23597.8,23603.2,23594.4,23597,
2024-06-21T10:26:00+05:30,23597.5,23601.7,23594.7,23598.8,
2024-06-21T10:27:00+05:30,23597.5,23604.2,23597.5,23600.1,
2024-06-21T10:28:00+05:30,23597.3,23601.5,23594.9,23598.8,
2024-06-21T10:29:00+05:30,23598.8,23609.8,23598.8,23608.8,
2024-06-21T10:30:00+05:30,23609.1,23611,23602.9,23605.6,
2024-06-21T10:31:00+05:30,23605.2,23606.5,23595.3,23598,
2024-06-21T10:32:00+05:30,23598.1,23600,23584.1,23586.8,
2024-06-21T10:33:00+05:30,23586,23592.5,23585.8,23588.9,
2024-06-21T10:34:00+05:30,23587.5,23595.2,23587.5,23594.3,
2024-06-21T10:35:00+05:30,23594.5,23598.5,23588.8,23597.4,
2024-06-21T10:36:00+05:30,23597.9,23603,23595.1,23595.8,
2024-06-21T10:37:00+05:30,23595.8,23598.5,23593.6,23594.5,
2024-06-21T10:38:00+05:30,23596.1,23596.1,23582,23582,
2024-06-21T10:39:00+05:30,23581.5,23590.1,23580.7,23582.5,
2024-06-21T10:40:00+05:30,23584.1,23588.6,23581.2,23583.8,
2024-06-21T10:41:00+05:30,23581.8,23588,23580.5,23582,
2024-06-21T10:42:00+05:30,23582.2,23583.7,23553.2,23556.8,
2024-06-21T10:43:00+05:30,23559.3,23559.3,23541.1,23541.1,
2024-06-21T10:44:00+05:30,23542.1,23551.3,23542,23546.2,
2024-06-21T10:45:00+05:30,23544.8,23547.2,23513.2,23513.2,
2024-06-21T10:46:00+05:30,23512.1,23519.9,23502.3,23511.6,
2024-06-21T10:47:00+05:30,23510.3,23519.5,23506,23507.2,
2024-06-21T10:48:00+05:30,23506.7,23515.7,23494.1,23494.1,
2024-06-21T10:49:00+05:30,23495.5,23517.4,23491.5,23510.5,
2024-06-21T10:50:00+05:30,23509.1,23518.5,23505.2,23513,
2024-06-21T10:51:00+05:30,23514.8,23525.3,23513.8,23520.7,
2024-06-21T10:52:00+05:30,23519.6,23526.3,23515,23521.5,
2024-06-21T10:53:00+05:30,23524,23530.5,23519.5,23524.8,
2024-06-21T10:54:00+05:30,23525.5,23527.8,23519,23527.7,
2024-06-21T10:55:00+05:30,23528,23532.6,23523,23532.5,
2024-06-21T10:56:00+05:30,23532,23535.5,23518.7,23519.7,
2024-06-21T10:57:00+05:30,23519.6,23526.3,23516.2,23523.3,
2024-06-21T10:58:00+05:30,23524,23529.8,23521.8,23529.2,
2024-06-21T10:59:00+05:30,23528.8,23537.5,23528.8,23534,
2024-06-21T11:00:00+05:30,23534.3,23541.7,23532,23536.3,
2024-06-21T11:01:00+05:30,23534.5,23535.7,23526.2,23528.1,
2024-06-21T11:02:00+05:30,23526.4,23532.6,23505,23505.6,
2024-06-21T11:03:00+05:30,23506.6,23514.6,23503.5,23509.4,
2024-06-21T11:04:00+05:30,23509.1,23515.2,23504.5,23513.8,
2024-06-21T11:05:00+05:30,23514.2,23522.2,23510.7,23518,
2024-06-21T11:06:00+05:30,23518.1,23525,23510.2,23524.1,
2024-06-21T11:07:00+05:30,23525.2,23532,23522.2,23527.8,
2024-06-21T11:08:00+05:30,23527.7,23530,23516.7,23517,
2024-06-21T11:09:00+05:30,23518.5,23522.7,23514.8,23518.7,
2024-06-21T11:10:00+05:30,23519.1,23522,23513.6,23517,
2024-06-21T11:11:00+05:30,23517.5,23521.6,23513.4,23517.8,
2024-06-21T11:12:00+05:30,23517.8,23527.5,23517.8,23525.5,
2024-06-21T11:13:00+05:30,23527,23530.8,23525.2,23528.4,
2024-06-21T11:14:00+05:30,23529.2,23533.2,23526.5,23529,
2024-06-21T11:15:00+05:30,23529.5,23532.7,23524.8,23530.2,
2024-06-21T11:16:00+05:30,23530.9,23532.7,23517.7,23521,
2024-06-21T11:17:00+05:30,23520.5,23523.3,23517,23519.5,
2024-06-21T11:18:00+05:30,23519.2,23522.7,23517.5,23519.8,
2024-06-21T11:19:00+05:30,23519.5,23523,23510.2,23513.5,
2024-06-21T11:20:00+05:30,23513.9,23517.2,23510.3,23512.5,
2024-06-21T11:21:00+05:30,23513.5,23525.8,23511.8,23525.3,
2024-06-21T11:22:00+05:30,23524.7,23530.9,23521.7,23529,
2024-06-21T11:23:00+05:30,23528,23529.7,23518.2,23518.2,
2024-06-21T11:24:00+05:30,23517.6,23525,23515.7,23521.5,
2024-06-21T11:25:00+05:30,23521.1,23528.7,23519.3,23524.8,
2024-06-21T11:26:00+05:30,23525.2,23530.3,23521,23525.3,
2024-06-21T11:27:00+05:30,23524.7,23530.2,23521.7,23524.5,
2024-06-21T11:28:00+05:30,23523.3,23528.1,23521.5,23525.2,
2024-06-21T11:29:00+05:30,23522.8,23524,23518.2,23523,
2024-06-21T11:30:00+05:30,23523.1,23524,23515.8,23518.5,
2024-06-21T11:31:00+05:30,23518.7,23525.2,23517.5,23524.5,
2024-06-21T11:32:00+05:30,23525.1,23527.7,23515.8,23515.8,
2024-06-21T11:33:00+05:30,23514.7,23535.7,23507,23534.7,
2024-06-21T11:34:00+05:30,23534.4,23549,23532.2,23539,
2024-06-21T11:35:00+05:30,23538.8,23540.4,23530.9,23536.8,
2024-06-21T11:36:00+05:30,23537,23538.8,23533.3,23537.2,
2024-06-21T11:37:00+05:30,23537.6,23546.1,23533.6,23545.1,
2024-06-21T11:38:00+05:30,23545.6,23557.5,23544,23557.4,
2024-06-21T11:39:00+05:30,23556.5,23556.5,23544.7,23546.9,
2024-06-21T11:40:00+05:30,23546.8,23557.7,23542.7,23557.5,
2024-06-21T11:41:00+05:30,23557.8,23557.8,23550.3,23556.2,
2024-06-21T11:42:00+05:30,23553.9,23561.9,23553.9,23558.5,
2024-06-21T11:43:00+05:30,23557.8,23561.2,23552.7,23554.7,
2024-06-21T11:44:00+05:30,23554.8,23557.3,23548.1,23548.1,
2024-06-21T11:45:00+05:30,23548.2,23550.7,23541.8,23543.5,
2024-06-21T11:46:00+05:30,23544,23544.7,23524.6,23527.2,
2024-06-21T11:47:00+05:30,23530.1,23534.9,23527.9,23533.1,
2024-06-21T11:48:00+05:30,23531.8,23547.4,23531.8,23546,
2024-06-21T11:49:00+05:30,23545.8,23550.7,23545,23550.2,
2024-06-21T11:50:00+05:30,23550.5,23551.5,23541.3,23545.4,
2024-06-21T11:51:00+05:30,23544.8,23547,23538.5,23547,
2024-06-21T11:52:00+05:30,23546.8,23548.5,23545,23547.2,
2024-06-21T11:53:00+05:30,23546.9,23549.3,23545,23546.6,
2024-06-21T11:54:00+05:30,23545.8,23547,23540.3,23540.8,
2024-06-21T11:55:00+05:30,23540.5,23543.2,23536,23538.5,
2024-06-21T11:56:00+05:30,23539.5,23541,23532,23536,
2024-06-21T11:57:00+05:30,23535.8,23544.8,23535,23544.8,
2024-06-21T11:58:00+05:30,23544.7,23546.6,23541.2,23543,
2024-06-21T11:59:00+05:30,23542.1,23543.5,23535.8,23536.5,
2024-06-21T12:00:00+05:30,23538.2,23542,23533.2,23535.3,
2024-06-21T12:01:00+05:30,23534.5,23537,23527.2,23533.1,
2024-06-21T12:02:00+05:30,23530.9,23534.5,23529.4,23534.5,
2024-06-21T12:03:00+05:30,23533.9,23541.4,23533.3,23540.8,
2024-06-21T12:04:00+05:30,23541,23546.4,23538.9,23543.8,
2024-06-21T12:05:00+05:30,23543.5,23547.4,23541.6,23547.1,
2024-06-21T12:06:00+05:30,23546.7,23547.8,23541.5,23543,
2024-06-21T12:07:00+05:30,23541.5,23542.6,23533.5,23538.3,
2024-06-21T12:08:00+05:30,23538.6,23546.7,23537.8,23545.2,
2024-06-21T12:09:00+05:30,23546,23546,23538,23538.5,
2024-06-21T12:10:00+05:30,23538.4,23541.8,23536.5,23539.2,
2024-06-21T12:11:00+05:30,23538.2,23539.5,23532.9,23534.9,
2024-06-21T12:12:00+05:30,23534.9,23540.8,23534.9,23537.3,
2024-06-21T12:13:00+05:30,23536.7,23539.2,23534.5,23536,
2024-06-21T12:14:00+05:30,23536.5,23540.5,23536,23539.3,
2024-06-21T12:15:00+05:30,23539.2,23545.5,23537.8,23542.9,
2024-06-21T12:16:00+05:30,23542.6,23546.3,23533.3,23535.7,
2024-06-21T12:17:00+05:30,23535.5,23539,23531.2,23533.8,
2024-06-21T12:18:00+05:30,23534.4,23538.8,23534,23536.2,
2024-06-21T12:19:00+05:30,23535.8,23537.3,23534,23534,
2024-06-21T12:20:00+05:30,23535,23538.5,23532.2,23536,
2024-06-21T12:21:00+05:30,23536.8,23537,23526.7,23532.5,
2024-06-21T12:22:00+05:30,23532,23535.5,23529.2,23532,
2024-06-21T12:23:00+05:30,23532.8,23542.8,23532.3,23537.8,
2024-06-21T12:24:00+05:30,23538.3,23541,23533.9,23535.2,
2024-06-21T12:25:00+05:30,23536,23538.8,23531.8,23534.5,
2024-06-21T12:26:00+05:30,23535,23536.9,23532.9,23536,
2024-06-21T12:27:00+05:30,23536,23536.2,23530,23530.2,
2024-06-21T12:28:00+05:30,23529.6,23533.4,23528.6,23530.6,
2024-06-21T12:29:00+05:30,23531,23534,23528,23532,
2024-06-21T12:30:00+05:30,23531.8,23535,23530.1,23533.7,
2024-06-21T12:31:00+05:30,23533.3,23534,23510.2,23531.9,
2024-06-21T12:32:00+05:30,23531.8,23533.2,23513,23520.7,
2024-06-21T12:33:00+05:30,23519.1,23523.3,23518,23520.1,
2024-06-21T12:34:00+05:30,23520.2,23524.3,23518.3,23519.6,
2024-06-21T12:35:00+05:30,23519,23521.9,23512.2,23513,
2024-06-21T12:36:00+05:30,23513.1,23517.7,23509.7,23516.8,
2024-06-21T12:37:00+05:30,23516.9,23521,23513.8,23514.3,
2024-06-21T12:38:00+05:30,23513.8,23515.6,23479.7,23479.7,
2024-06-21T12:39:00+05:30,23481,23491.4,23472.2,23483,
2024-06-21T12:40:00+05:30,23484.1,23487.3,23473,23480.5,
2024-06-21T12:41:00+05:30,23480.5,23480.7,23460.8,23463,
2024-06-21T12:42:00+05:30,23464.5,23475.8,23455.5,23460.8,
2024-06-21T12:43:00+05:30,23460.5,23469.4,23457.5,23460.2,
2024-06-21T12:44:00+05:30,23459.6,23465.8,23459.3,23460.3,
2024-06-21T12:45:00+05:30,23460.6,23468.5,23459.9,23466,
2024-06-21T12:46:00+05:30,23466.4,23469.1,23449.3,23450.6,
2024-06-21T12:47:00+05:30,23451.2,23454.7,23442.8,23454.7,
2024-06-21T12:48:00+05:30,23454.5,23456.2,23446.1,23452.3,
2024-06-21T12:49:00+05:30,23453.3,23454.6,23446.5,23452.2,
2024-06-21T12:50:00+05:30,23452.4,23469.3,23449.7,23468.7,
2024-06-21T12:51:00+05:30,23468.3,23473.5,23463,23469,
2024-06-21T12:52:00+05:30,23469,23470.5,23451.5,23458.8,
2024-06-21T12:53:00+05:30,23458.6,23469.8,23456,23469.8,
2024-06-21T12:54:00+05:30,23469.5,23470.5,23460.9,23469.6,
2024-06-21T12:55:00+05:30,23469.7,23472.8,23465.5,23471.5,
2024-06-21T12:56:00+05:30,23469.1,23470.4,23462.4,23463.7,
2024-06-21T12:57:00+05:30,23464.1,23468.4,23463.1,23465.1,
2024-06-21T12:58:00+05:30,23465.2,23473.8,23465.2,23469.2,
2024-06-21T12:59:00+05:30,23468.9,23470.3,23462.5,23465.6,
2024-06-21T13:00:00+05:30,23465.5,23469.3,23460.5,23465.5,
2024-06-21T13:01:00+05:30,23465.6,23468.8,23450.8,23452.6,
2024-06-21T13:02:00+05:30,23452.7,23457.8,23439.3,23440.8,
2024-06-21T13:03:00+05:30,23440.4,23458.2,23437.5,23456.8,
2024-06-21T13:04:00+05:30,23456.6,23458.3,23450.2,23453.3,
2024-06-21T13:05:00+05:30,23453.1,23453.1,23442,23444,
2024-06-21T13:06:00+05:30,23444.5,23449.2,23439.8,23439.8,
2024-06-21T13:07:00+05:30,23432.8,23434.4,23422.4,23434.4,
2024-06-21T13:08:00+05:30,23433.9,23436.3,23425.1,23427.2,
2024-06-21T13:09:00+05:30,23427,23438.2,23426,23438,
2024-06-21T13:10:00+05:30,23437.2,23438.5,23428.8,23431.4,
2024-06-21T13:11:00+05:30,23429.5,23438.4,23426.5,23432,
2024-06-21T13:12:00+05:30,23431.7,23436.2,23430.5,23435.8,
2024-06-21T13:13:00+05:30,23436.6,23451.3,23436.6,23449.3,
2024-06-21T13:14:00+05:30,23449.2,23456,23444.7,23453.2,
2024-06-21T13:15:00+05:30,23452.5,23453.5,23442.2,23445.4,
2024-06-21T13:16:00+05:30,23445.7,23462.5,23445.7,23460.2,
2024-06-21T13:17:00+05:30,23461.3,23465.5,23457.1,23459.5,
2024-06-21T13:18:00+05:30,23459.7,23459.8,23449.2,23455.6,
2024-06-21T13:19:00+05:30,23455.5,23462.3,23451.2,23458.8,
2024-06-21T13:20:00+05:30,23460.5,23462,23455.5,23456.7,
2024-06-21T13:21:00+05:30,23457.5,23466.8,23453,23466.8,
2024-06-21T13:22:00+05:30,23466.6,23486.8,23466.6,23476.5,
2024-06-21T13:23:00+05:30,23479,23489.6,23475.7,23485.5,
2024-06-21T13:24:00+05:30,23483.5,23486.5,23475.3,23479.5,
2024-06-21T13:25:00+05:30,23480.6,23482.7,23471.4,23480.3,
2024-06-21T13:26:00+05:30,23478.2,23489.4,23476.8,23488.9,
2024-06-21T13:27:00+05:30,23488.3,23488.5,23479.3,23482.5,
2024-06-21T13:28:00+05:30,23482.7,23484.8,23476.9,23479.8,
2024-06-21T13:29:00+05:30,23479.3,23479.4,23464.7,23466.7,
2024-06-21T13:30:00+05:30,23466.6,23467.7,23456.9,23460.3,
2024-06-21T13:31:00+05:30,23460.7,23469.7,23454.2,23467.8,
2024-06-21T13:32:00+05:30,23468.7,23471.2,23460.7,23470.4,
2024-06-21T13:33:00+05:30,23470.1,23476.2,23466.6,23468.8,
2024-06-21T13:34:00+05:30,23469.5,23469.7,23463.2,23467,
2024-06-21T13:35:00+05:30,23466,23472.5,23464.8,23469.8,
2024-06-21T13:36:00+05:30,23468.7,23471,23465.3,23470.9,
2024-06-21T13:37:00+05:30,23470,23480.5,23470,23479.5,
2024-06-21T13:38:00+05:30,23478.9,23481.3,23476.5,23478.7,
2024-06-21T13:39:00+05:30,23478.9,23479.2,23470.3,23475.5,
2024-06-21T13:40:00+05:30,23475.8,23479.9,23473.8,23479,
2024-06-21T13:41:00+05:30,23477.3,23479.2,23469.3,23470.2,
2024-06-21T13:42:00+05:30,23469.2,23473.9,23467.6,23467.6,
2024-06-21T13:43:00+05:30,23467.2,23467.2,23458.6,23461.1,
2024-06-21T13:44:00+05:30,23460.5,23468.2,23460,23467.2,
2024-06-21T13:45:00+05:30,23467,23474.3,23462.5,23473.5,
2024-06-21T13:46:00+05:30,23473.3,23476.2,23471.6,23472.5,
2024-06-21T13:47:00+05:30,23472.4,23476,23472,23473.4,
2024-06-21T13:48:00+05:30,23472.8,23473.8,23468,23472.8,
2024-06-21T13:49:00+05:30,23472.8,23478.4,23471.3,23476,
2024-06-21T13:50:00+05:30,23475.9,23479,23471.2,23474.2,
2024-06-21T13:51:00+05:30,23474.2,23488,23473.2,23485,
2024-06-21T13:52:00+05:30,23485.5,23498.2,23483.1,23498.2,
2024-06-21T13:53:00+05:30,23498.7,23507.5,23496.5,23503.3,
2024-06-21T13:54:00+05:30,23503.6,23523.2,23503.6,23521,
2024-06-21T13:55:00+05:30,23521.7,23545.5,23518.3,23538.6,
2024-06-21T13:56:00+05:30,23539.8,23540.2,23526.7,23529,
2024-06-21T13:57:00+05:30,23529.5,23539.8,23529,23531.4,
2024-06-21T13:58:00+05:30,23530.5,23532.8,23525.3,23530.8,
2024-06-21T13:59:00+05:30,23531.2,23531.5,23522.9,23522.9,
2024-06-21T14:00:00+05:30,23524,23526.3,23512.2,23525.3,
2024-06-21T14:01:00+05:30,23525.3,23541.3,23523.5,23538.8,
2024-06-21T14:02:00+05:30,23539,23545.5,23533.5,23534,
2024-06-21T14:03:00+05:30,23533.8,23569,23532.1,23565.7,
2024-06-21T14:04:00+05:30,23564.2,23574.8,23562.8,23573.6,
2024-06-21T14:05:00+05:30,23575.2,23585.7,23568.5,23583.5,
2024-06-21T14:06:00+05:30,23583.7,23583.7,23571.2,23577.5,
2024-06-21T14:07:00+05:30,23577.5,23585,23572.3,23578.3,
2024-06-21T14:08:00+05:30,23578,23581.7,23565.7,23568.2,
2024-06-21T14:09:00+05:30,23567.8,23579.2,23558.6,23579,
2024-06-21T14:10:00+05:30,23578.7,23578.7,23568.8,23569.3,
2024-06-21T14:11:00+05:30,23568.8,23575.2,23564,23575,
2024-06-21T14:12:00+05:30,23575.8,23576.4,23564.7,23564.7,
2024-06-21T14:13:00+05:30,23565.5,23571.8,23561.7,23566.7,
2024-06-21T14:14:00+05:30,23566.8,23571.8,23564.7,23567.2,
2024-06-21T14:15:00+05:30,23567.1,23577.3,23566.4,23575.2,
2024-06-21T14:16:00+05:30,23574.8,23576.2,23553.2,23553.2,
2024-06-21T14:17:00+05:30,23553.6,23561.6,23545.2,23546.2,
2024-06-21T14:18:00+05:30,23546.5,23547.8,23537,23540.5,
2024-06-21T14:19:00+05:30,23541.2,23551.7,23539.9,23549.2,
2024-06-21T14:20:00+05:30,23549.5,23549.5,23542.5,23543.2,
2024-06-21T14:21:00+05:30,23544.1,23547.2,23527.3,23530.8,
2024-06-21T14:22:00+05:30,23531.2,23542.8,23530.4,23537.5,
2024-06-21T14:23:00+05:30,23535.7,23538.3,23514,23517.5,
2024-06-21T14:24:00+05:30,23518.3,23518.3,23488.2,23489.3,
2024-06-21T14:25:00+05:30,23487.9,23489.1,23431.4,23439.6,
2024-06-21T14:26:00+05:30,23440.3,23460.5,23436,23457.2,
2024-06-21T14:27:00+05:30,23455.9,23480.8,23455,23470.3,
2024-06-21T14:28:00+05:30,23470.2,23473.3,23461,23461.8,
2024-06-21T14:29:00+05:30,23461.8,23462.8,23442.3,23447.6,
2024-06-21T14:30:00+05:30,23443.4,23463.3,23440.8,23459,
2024-06-21T14:31:00+05:30,23458.2,23474.2,23457.5,23464.7,
2024-06-21T14:32:00+05:30,23462,23465.5,23452.8,23459.1,
2024-06-21T14:33:00+05:30,23459.2,23460.3,23444.5,23447.9,
2024-06-21T14:34:00+05:30,23447.5,23451.7,23426.7,23426.7,
2024-06-21T14:35:00+05:30,23424.2,23430,23399.6,23409.5,
2024-06-21T14:36:00+05:30,23407.8,23417.1,23402.1,23406.9,
2024-06-21T14:37:00+05:30,23407.5,23413.6,23398.2,23411.5,
2024-06-21T14:38:00+05:30,23409.5,23422.2,23408.6,23421.4,
2024-06-21T14:39:00+05:30,23422.7,23445.7,23422.7,23445.7,
2024-06-21T14:40:00+05:30,23444.9,23450.9,23440.5,23445.1,
2024-06-21T14:41:00+05:30,23444.8,23460,23443.3,23447.7,
2024-06-21T14:42:00+05:30,23448.1,23463.5,23436.8,23463.5,
2024-06-21T14:43:00+05:30,23467.1,23474.1,23459.5,23469.9,
2024-06-21T14:44:00+05:30,23468.3,23471.9,23457.7,23460.5,
2024-06-21T14:45:00+05:30,23460.5,23484.4,23459.7,23480.4,
2024-06-21T14:46:00+05:30,23478.9,23498.4,23477,23484.4,
2024-06-21T14:47:00+05:30,23485.5,23492.7,23482.2,23487.5,
2024-06-21T14:48:00+05:30,23488,23489.9,23481.1,23482.5,
2024-06-21T14:49:00+05:30,23481.8,23486.3,23471.2,23472.2,
2024-06-21T14:50:00+05:30,23473.3,23476.6,23462.9,23466.8,
2024-06-21T14:51:00+05:30,23465.6,23497.8,23465,23497,
2024-06-21T14:52:00+05:30,23496.9,23520.5,23496.9,23520,
2024-06-21T14:53:00+05:30,23519.5,23521.2,23510,23517.5,
2024-06-21T14:54:00+05:30,23517.3,23526,23509.5,23524.5,
2024-06-21T14:55:00+05:30,23524.8,23533.9,23520.5,23523.8,
2024-06-21T14:56:00+05:30,23523.5,23523.7,23504,23505.7,
2024-06-21T14:57:00+05:30,23506,23508.4,23494.9,23500.2,
2024-06-21T14:58:00+05:30,23500.2,23523.5,23495.8,23509.7,
2024-06-21T14:59:00+05:30,23509.8,23522.8,23507,23510,
2024-06-21T15:00:00+05:30,23511.2,23547.5,23510.8,23546.5,
2024-06-21T15:01:00+05:30,23547.2,23561.2,23541,23552.5,
2024-06-21T15:02:00+05:30,23554,23566.2,23550.4,23560.8,
2024-06-21T15:03:00+05:30,23558.6,23558.6,23539.5,23553.6,
2024-06-21T15:04:00+05:30,23553.8,23555.6,23542,23542.2,
2024-06-21T15:05:00+05:30,23545.8,23547.2,23524.7,23531.5,
2024-06-21T15:06:00+05:30,23532.3,23532.3,23506.4,23507.3,
2024-06-21T15:07:00+05:30,23509.8,23516.7,23499.1,23504.1,
2024-06-21T15:08:00+05:30,23506,23507.9,23492.3,23492.5,
2024-06-21T15:09:00+05:30,23493.8,23501.5,23485.3,23499.2,
2024-06-21T15:10:00+05:30,23498.4,23504.8,23488.1,23497.7,
2024-06-21T15:11:00+05:30,23499,23499,23481.9,23484.2,
2024-06-21T15:12:00+05:30,23485.2,23492.2,23481.9,23482.4,
2024-06-21T15:13:00+05:30,23484.3,23488.9,23473.8,23474.5,
2024-06-21T15:14:00+05:30,23475.3,23481.2,23472.7,23476.2,
2024-06-21T15:15:00+05:30,23476.5,23477.8,23469.2,23470.2,
2024-06-21T15:16:00+05:30,23470.1,23480.2,23461.9,23479.2,
2024-06-21T15:17:00+05:30,23482.3,23485.7,23475.8,23476.7,
2024-06-21T15:18:00+05:30,23476.2,23476.2,23461.7,23467.7,
2024-06-21T15:19:00+05:30,23468.5,23482.5,23467,23479.7,
2024-06-21T15:20:00+05:30,23480.7,23483.1,23472.7,23474,
2024-06-21T15:21:00+05:30,23473.4,23478.1,23470.7,23477.7,
2024-06-21T15:22:00+05:30,23478,23478.1,23471.8,23474,
2024-06-21T15:23:00+05:30,23475.2,23482,23474.3,23480.2,
2024-06-21T15:24:00+05:30,23480.9,23489.9,23479.3,23486.9,
2024-06-21T15:25:00+05:30,23489,23489,23482.5,23485.6,
2024-06-21T15:26:00+05:30,23484.6,23484.6,23473.8,23476.8,
2024-06-21T15:27:00+05:30,23476.2,23482.4,23467.8,23474.6,
2024-06-21T15:28:00+05:30,23475.2,23475.2,23445.7,23451.2,
2024-06-21T15:29:00+05:30,23454.3,23458.8,23447.2,23453.2,
2024-06-24T09:15:00+05:30,23382.3,23393,23351.5,23379.5,
2024-06-24T09:16:00+05:30,23380.8,23383.8,23362.5,23377.1,
2024-06-24T09:17:00+05:30,23375.2,23389.8,23370.8,23384.2,
2024-06-24T09:18:00+05:30,23384,23412.6,23383,23406.2,
2024-06-24T09:19:00+05:30,23407.7,23413,23395.9,23395.9,
2024-06-24T09:20:00+05:30,23397.2,23407.8,23382.5,23405.9,
2024-06-24T09:21:00+05:30,23407.2,23415.8,23399.1,23406.2,
2024-06-24T09:22:00+05:30,23405.3,23406.8,23397.8,23399.4,
2024-06-24T09:23:00+05:30,23398.8,23416.2,23395.5,23413.2,
2024-06-24T09:24:00+05:30,23412.3,23426.3,23407.8,23426.3,
2024-06-24T09:25:00+05:30,23424.8,23429.4,23419,23427.5,
2024-06-24T09:26:00+05:30,23427.7,23432.8,23424.2,23426.2,
2024-06-24T09:27:00+05:30,23426.1,23439.2,23423,23437.5,
2024-06-24T09:28:00+05:30,23437.5,23437.5,23405.7,23405.7,
2024-06-24T09:29:00+05:30,23405.5,23413.8,23401,23411,
2024-06-24T09:30:00+05:30,23411.6,23411.6,23388.7,23391.7,
2024-06-24T09:31:00+05:30,23392,23401.4,23383,23387.5,
2024-06-24T09:32:00+05:30,23385.8,23390,23381.2,23381.5,
2024-06-24T09:33:00+05:30,23380.8,23398.8,23379.6,23392.8,
2024-06-24T09:34:00+05:30,23391.1,23396,23384.5,23395.5,
2024-06-24T09:35:00+05:30,23395.3,23395.3,23387.5,23389.5,
2024-06-24T09:36:00+05:30,23390.8,23403.6,23390.8,23393.6,
2024-06-24T09:37:00+05:30,23393.3,23394.9,23384.8,23390.5,
2024-06-24T09:38:00+05:30,23390.5,23394,23385.5,23388.3,
2024-06-24T09:39:00+05:30,23388,23388.3,23368.3,23369.1,
2024-06-24T09:40:00+05:30,23367.8,23369.1,23358.2,23362.3,
2024-06-24T09:41:00+05:30,23362,23362,23350,23356.5,
2024-06-24T09:42:00+05:30,23356,23368,23356,23364.7,
2024-06-24T09:43:00+05:30,23363.4,23376.3,23360.8,23376,
2024-06-24T09:44:00+05:30,23376.5,23391,23376.3,23386.8,
2024-06-24T09:45:00+05:30,23386.4,23402,23383,23401.1,
2024-06-24T09:46:00+05:30,23398.5,23411.7,23394,23395.4,
2024-06-24T09:47:00+05:30,23394.3,23396.2,23390,23394.2,
2024-06-24T09:48:00+05:30,23393.5,23401.2,23392.2,23398.3,
2024-06-24T09:49:00+05:30,23398,23407,23394.9,23400.5,
2024-06-24T09:50:00+05:30,23400.5,23405.7,23396.2,23405.3,
2024-06-24T09:51:00+05:30,23404.1,23410.4,23398,23403.8,
2024-06-24T09:52:00+05:30,23403,23407.6,23401.7,23406.5,
2024-06-24T09:53:00+05:30,23406.9,23413,23406.9,23411.2,
2024-06-24T09:54:00+05:30,23410.8,23415.4,23405.5,23414,
2024-06-24T09:55:00+05:30,23415.2,23430.2,23414.1,23429.2,
2024-06-24T09:56:00+05:30,23431,23447,23430.8,23436,
2024-06-24T09:57:00+05:30,23435,23437,23425,23429.8,
2024-06-24T09:58:00+05:30,23429.5,23432,23425.7,23427.2,
2024-06-24T09:59:00+05:30,23427.3,23429.5,23420.9,23421.8,
2024-06-24T10:00:00+05:30,23421.4,23425.8,23409,23410,
2024-06-24T10:01:00+05:30,23409.5,23412.2,23400.8,23407.8,
2024-06-24T10:02:00+05:30,23407.5,23421.2,23407.2,23410.5,
2024-06-24T10:03:00+05:30,23410,23416.3,23409.7,23414.8,
2024-06-24T10:04:00+05:30,23414,23419.7,23412.9,23419.7,
2024-06-24T10:05:00+05:30,23419.5,23427.5,23418.8,23427.5,
2024-06-24T10:06:00+05:30,23427,23434.8,23422.6,23430.9,
2024-06-24T10:07:00+05:30,23430,23432.3,23425.9,23426.5,
2024-06-24T10:08:00+05:30,23426.7,23432.8,23423.8,23432.8,
2024-06-24T10:09:00+05:30,23433,23454.6,23432.3,23449.8,
2024-06-24T10:10:00+05:30,23450,23450.1,23441,23445,
2024-06-24T10:11:00+05:30,23446.4,23447.2,23436.1,23437.2,
2024-06-24T10:12:00+05:30,23438.7,23446.2,23437.1,23445.7,
2024-06-24T10:13:00+05:30,23445.6,23450.2,23440.2,23441.5,
2024-06-24T10:14:00+05:30,23441.6,23446.6,23438.5,23445.8,
2024-06-24T10:15:00+05:30,23446.2,23456.7,23441.8,23451.5,
2024-06-24T10:16:00+05:30,23451.1,23453.2,23442.2,23442.9,
2024-06-24T10:17:00+05:30,23444.8,23449.6,23442.2,23449.1,
2024-06-24T10:18:00+05:30,23448.8,23456.4,23447.3,23449.8,
2024-06-24T10:19:00+05:30,23449,23451.3,23440.7,23442.2,
2024-06-24T10:20:00+05:30,23442.3,23445,23434.8,23435.8,
2024-06-24T10:21:00+05:30,23434.5,23436.3,23430.8,23432.8,
2024-06-24T10:22:00+05:30,23433.5,23445.7,23433.5,23442.5,
2024-06-24T10:23:00+05:30,23442.4,23448.8,23442.4,23447.5,
2024-06-24T10:24:00+05:30,23448.8,23455.2,23447,23454.9,
2024-06-24T10:25:00+05:30,23455.2,23461.4,23452.5,23452.5,
2024-06-24T10:26:00+05:30,23453.2,23457.3,23450.2,23450.7,
2024-06-24T10:27:00+05:30,23450.5,23453.5,23444.6,23444.6,
2024-06-24T10:28:00+05:30,23445.6,23446.3,23439.7,23442,
2024-06-24T10:29:00+05:30,23442.9,23446,23439.2,23445,
2024-06-24T10:30:00+05:30,23445.8,23448,23444.8,23447,
2024-06-24T10:31:00+05:30,23447.8,23453.8,23446.8,23453.8,
2024-06-24T10:32:00+05:30,23453.5,23464.7,23453,23460.3,
2024-06-24T10:33:00+05:30,23458.9,23460.2,23454.5,23457.7,
2024-06-24T10:34:00+05:30,23457.8,23460.5,23453,23455,
2024-06-24T10:35:00+05:30,23455,23460.6,23451.2,23453.3,
2024-06-24T10:36:00+05:30,23453.3,23455.2,23445.3,23445.9,
2024-06-24T10:37:00+05:30,23446,23455.5,23441.8,23455.1,
2024-06-24T10:38:00+05:30,23454,23459.2,23452.5,23458.4,
2024-06-24T10:39:00+05:30,23458.7,23460.9,23457.5,23459.5,
2024-06-24T10:40:00+05:30,23460,23473.3,23459.5,23471.7,
2024-06-24T10:41:00+05:30,23470.5,23471.9,23467,23467.8,
2024-06-24T10:42:00+05:30,23467.8,23469.7,23461.5,23462.6,
2024-06-24T10:43:00+05:30,23462.8,23468,23459.8,23467.8,
2024-06-24T10:44:00+05:30,23467.4,23481.3,23466.4,23480.1,
2024-06-24T10:45:00+05:30,23479.5,23482.8,23470.8,23472,
2024-06-24T10:46:00+05:30,23471.2,23477.7,23466.9,23477.7,
2024-06-24T10:47:00+05:30,23479.5,23490.7,23478.3,23489.2,
2024-06-24T10:48:00+05:30,23489.2,23494,23485.2,23488.2,
2024-06-24T10:49:00+05:30,23488.2,23488.2,23477.6,23477.6,
2024-06-24T10:50:00+05:30,23476.5,23476.6,23467.2,23468.3,
2024-06-24T10:51:00+05:30,23471.5,23476,23468.9,23474.2,
2024-06-24T10:52:00+05:30,23473.3,23485.9,23472.5,23484.1,
2024-06-24T10:53:00+05:30,23483.3,23486.5,23477.6,23482.8,
2024-06-24T10:54:00+05:30,23482.7,23486.1,23478.8,23479.5,
2024-06-24T10:55:00+05:30,23479.3,23481,23473.5,23473.8,
2024-06-24T10:56:00+05:30,23473.8,23480,23472.8,23474.3,
2024-06-24T10:57:00+05:30,23474.2,23476.5,23468.8,23470,
2024-06-24T10:58:00+05:30,23470.3,23476.6,23470.3,23472.9,
2024-06-24T10:59:00+05:30,23473.3,23473.3,23465.7,23469.8,
2024-06-24T11:00:00+05:30,23470.1,23484.5,23469.5,23484.5,
2024-06-24T11:01:00+05:30,23484.7,23491,23482.2,23491,
2024-06-24T11:02:00+05:30,23490.7,23498.6,23488.3,23498.6,
2024-06-24T11:03:00+05:30,23496.2,23509.8,23496.2,23507.5,
2024-06-24T11:04:00+05:30,23510.3,23514.7,23502.3,23505.8,
2024-06-24T11:05:00+05:30,23505,23509.2,23500.9,23501.7,
2024-06-24T11:06:00+05:30,23501.8,23511.6,23500.6,23511.6,
2024-06-24T11:07:00+05:30,23511.5,23525.2,23511.5,23521.5,
2024-06-24T11:08:00+05:30,23520.9,23523.3,23510.6,23515,
2024-06-24T11:09:00+05:30,23513.8,23517.3,23510.3,23512.5,
2024-06-24T11:10:00+05:30,23513,23522.2,23510,23510.6,
2024-06-24T11:11:00+05:30,23511.5,23512.7,23507.2,23510.3,
2024-06-24T11:12:00+05:30,23508.1,23509.1,23501.1,23502.2,
2024-06-24T11:13:00+05:30,23502.4,23502.4,23495.7,23499.7,
2024-06-24T11:14:00+05:30,23498.5,23504,23496.4,23497,
2024-06-24T11:15:00+05:30,23497.3,23511.2,23496,23508.7,
2024-06-24T11:16:00+05:30,23508.7,23518.8,23508.2,23518.5,
2024-06-24T11:17:00+05:30,23518.5,23521.1,23515.5,23516.3,
2024-06-24T11:18:00+05:30,23516.8,23534.7,23516.7,23534.7,
2024-06-24T11:19:00+05:30,23533.2,23543.8,23530.1,23530.6,
2024-06-24T11:20:00+05:30,23531.2,23544.9,23528.2,23544.9,
2024-06-24T11:21:00+05:30,23542.2,23542.2,23529.5,23531.5,
2024-06-24T11:22:00+05:30,23531.2,23540.8,23530.5,23540.8,
2024-06-24T11:23:00+05:30,23541,23541.5,23526,23530.8,
2024-06-24T11:24:00+05:30,23530,23531.8,23517,23518.3,
2024-06-24T11:25:00+05:30,23518.4,23525,23515.9,23522.8,
2024-06-24T11:26:00+05:30,23522.7,23536.7,23522.1,23533.8,
2024-06-24T11:27:00+05:30,23533.6,23536,23530.6,23533.5,
2024-06-24T11:28:00+05:30,23533.5,23534.8,23524.8,23527.2,
2024-06-24T11:29:00+05:30,23526.5,23529.8,23521,23522.5,
2024-06-24T11:30:00+05:30,23524.1,23527.7,23521.5,23525.8,
2024-06-24T11:31:00+05:30,23527.2,23535,23526.7,23531.7,
2024-06-24T11:32:00+05:30,23532,23536.5,23530.2,23531,
2024-06-24T11:33:00+05:30,23532.3,23533.5,23526.5,23531.4,
2024-06-24T11:34:00+05:30,23531.7,23536.1,23529.8,23533,
2024-06-24T11:35:00+05:30,23533,23533.8,23527,23530.2,
2024-06-24T11:36:00+05:30,23529.8,23531,23525.2,23529.1,
2024-06-24T11:37:00+05:30,23529.5,23533.5,23525.5,23526,
2024-06-24T11:38:00+05:30,23525.5,23525.5,23510.4,23514.7,
2024-06-24T11:39:00+05:30,23516.2,23525.5,23515.8,23523.2,
2024-06-24T11:40:00+05:30,23523.6,23525.2,23515.2,23516,
2024-06-24T11:41:00+05:30,23516.8,23520.4,23503.5,23505.4,
2024-06-24T11:42:00+05:30,23506,23508.2,23500.9,23501.7,
2024-06-24T11:43:00+05:30,23501,23506.3,23500.8,23506.3,
2024-06-24T11:44:00+05:30,23505.1,23510.2,23501.2,23501.9,
2024-06-24T11:45:00+05:30,23501.5,23502.2,23491.5,23494.3,
2024-06-24T11:46:00+05:30,23493.8,23507,23493.8,23506.1,
2024-06-24T11:47:00+05:30,23507,23514.6,23505.3,23513.8,
2024-06-24T11:48:00+05:30,23512.9,23515.9,23510.2,23513,
2024-06-24T11:49:00+05:30,23513,23514.5,23507.4,23509.2,
2024-06-24T11:50:00+05:30,23509.2,23529.8,23509.1,23529.8,
2024-06-24T11:51:00+05:30,23529,23532.7,23525.3,23530.6,
2024-06-24T11:52:00+05:30,23534.7,23534.7,23527,23527.2,
2024-06-24T11:53:00+05:30,23527,23533,23525.3,23532.6,
2024-06-24T11:54:00+05:30,23532.2,23539,23529.9,23535.8,
2024-06-24T11:55:00+05:30,23536.2,23538.1,23532.7,23533.7,
2024-06-24T11:56:00+05:30,23532.5,23534,23527,23528.7,
2024-06-24T11:57:00+05:30,23528.9,23530.7,23525,23527.5,
2024-06-24T11:58:00+05:30,23528.1,23535.8,23527,23533.7,
2024-06-24T11:59:00+05:30,23533.5,23538.3,23531.2,23535,
2024-06-24T12:00:00+05:30,23535.3,23538.2,23533.2,23533.7,
2024-06-24T12:01:00+05:30,23534,23534.7,23529.1,23529.7,
2024-06-24T12:02:00+05:30,23530,23532,23528.9,23529.3,
2024-06-24T12:03:00+05:30,23529.4,23540.3,23529.4,23539.5,
2024-06-24T12:04:00+05:30,23538.8,23543.5,23536.3,23537,
2024-06-24T12:05:00+05:30,23537,23538.7,23531.2,23532,
2024-06-24T12:06:00+05:30,23532,23533,23530,23532.4,
2024-06-24T12:07:00+05:30,23532.2,23539,23530,23536.9,
2024-06-24T12:08:00+05:30,23536.5,23542.5,23536.2,23540.8,
2024-06-24T12:09:00+05:30,23540.8,23542,23532.2,23532.3,
2024-06-24T12:10:00+05:30,23532.2,23535,23530.4,23530.7,
2024-06-24T12:11:00+05:30,23530.8,23531.8,23527.9,23529,
2024-06-24T12:12:00+05:30,23528.9,23537.9,23528.9,23537.8,
2024-06-24T12:13:00+05:30,23538,23539.6,23535.2,23536.2,
2024-06-24T12:14:00+05:30,23536.4,23538.2,23533.5,23534.7,
2024-06-24T12:15:00+05:30,23534.7,23536.9,23531.7,23532.6,
2024-06-24T12:16:00+05:30,23533.2,23536,23531.1,23535.8,
2024-06-24T12:17:00+05:30,23535.8,23537.2,23533.9,23535.2,
2024-06-24T12:18:00+05:30,23534.8,23541.7,23534.8,23540.8,
2024-06-24T12:19:00+05:30,23540.2,23546.3,23538.4,23538.8,
2024-06-24T12:20:00+05:30,23538.6,23542.2,23535,23537.3,
2024-06-24T12:21:00+05:30,23536.7,23537.8,23533.3,23536.4,
2024-06-24T12:22:00+05:30,23535.2,23537.5,23527.6,23527.8,
2024-06-24T12:23:00+05:30,23527.8,23531.2,23523.6,23530.2,
2024-06-24T12:24:00+05:30,23530,23536,23529.2,23535.4,
2024-06-24T12:25:00+05:30,23535.5,23537.2,23532.8,23533.2,
2024-06-24T12:26:00+05:30,23533.2,23541.3,23533.2,23539.7,
2024-06-24T12:27:00+05:30,23539.8,23547.5,23539.4,23545.5,
2024-06-24T12:28:00+05:30,23545.7,23554.2,23545.5,23552.2,
2024-06-24T12:29:00+05:30,23552.4,23552.6,23544.1,23545.1,
2024-06-24T12:30:00+05:30,23544.2,23549.8,23541.6,23547.3,
2024-06-24T12:31:00+05:30,23547.2,23553.9,23547.2,23550.7,
2024-06-24T12:32:00+05:30,23551.1,23552.5,23544.9,23546.9,
2024-06-24T12:33:00+05:30,23548,23552,23545.2,23548.9,
2024-06-24T12:34:00+05:30,23548.7,23558.1,23548.7,23555.6,
2024-06-24T12:35:00+05:30,23555.7,23557.8,23548.3,23548.6,
2024-06-24T12:36:00+05:30,23549,23552,23541,23542,
2024-06-24T12:37:00+05:30,23541.5,23550.9,23540.6,23544.6,
2024-06-24T12:38:00+05:30,23544.2,23546,23537.7,23539.5,
2024-06-24T12:39:00+05:30,23539.5,23542.2,23533.8,23537.3,
2024-06-24T12:40:00+05:30,23537.2,23541.6,23536.3,23539.6,
2024-06-24T12:41:00+05:30,23539.3,23539.3,23532.7,23537,
2024-06-24T12:42:00+05:30,23536.5,23538,23522,23522.4,
2024-06-24T12:43:00+05:30,23522.3,23531.2,23522,23528.4,
2024-06-24T12:44:00+05:30,23528.2,23528.2,23520.2,23522.1,
2024-06-24T12:45:00+05:30,23522.1,23528.3,23516.4,23518,
2024-06-24T12:46:00+05:30,23517.8,23522,23516,23517.8,
2024-06-24T12:47:00+05:30,23517.7,23520.5,23516.5,23516.5,
2024-06-24T12:48:00+05:30,23517,23525.2,23516.5,23518.4,
2024-06-24T12:49:00+05:30,23517.5,23524.5,23513.7,23523.4,
2024-06-24T12:50:00+05:30,23522.5,23529,23522.5,23526.8,
2024-06-24T12:51:00+05:30,23526.5,23536.2,23525.1,23535,
2024-06-24T12:52:00+05:30,23535.5,23536.5,23530.2,23534.5,
2024-06-24T12:53:00+05:30,23534,23537.7,23532.4,23535.3,
2024-06-24T12:54:00+05:30,23535.3,23536.1,23533,23535.7,
2024-06-24T12:55:00+05:30,23535.8,23538.2,23531.5,23533,
2024-06-24T12:56:00+05:30,23533.3,23534.7,23528.8,23531.7,
2024-06-24T12:57:00+05:30,23531.8,23534.3,23526.4,23526.5,
2024-06-24T12:58:00+05:30,23526.1,23528.3,23523.3,23523.6,
2024-06-24T12:59:00+05:30,23524,23528.4,23522.3,23524.8,
2024-06-24T13:00:00+05:30,23524.1,23526.2,23521.7,23523.5,
2024-06-24T13:01:00+05:30,23523.8,23527.2,23519.5,23525.8,
2024-06-24T13:02:00+05:30,23525.5,23528.8,23525.2,23525.2,
2024-06-24T13:03:00+05:30,23525.5,23527,23519.6,23520.5,
2024-06-24T13:04:00+05:30,23520.9,23521.1,23514.2,23514.7,
2024-06-24T13:05:00+05:30,23514.3,23522.9,23513.7,23522.1,
2024-06-24T13:06:00+05:30,23522.7,23529.9,23522.7,23528.6,
2024-06-24T13:07:00+05:30,23529,23530.8,23527.5,23530.2,
2024-06-24T13:08:00+05:30,23528.3,23530.8,23526.2,23529.7,
2024-06-24T13:09:00+05:30,23529.3,23536.9,23529,23535.1,
2024-06-24T13:10:00+05:30,23535.8,23536.8,23530.1,23534,
2024-06-24T13:11:00+05:30,23533.8,23538.1,23531.9,23537.9,
2024-06-24T13:12:00+05:30,23537.3,23546.8,23536.8,23541.5,
2024-06-24T13:13:00+05:30,23541.2,23543.5,23537.8,23540.7,
2024-06-24T13:14:00+05:30,23539.8,23547.6,23539.8,23546.6,
2024-06-24T13:15:00+05:30,23546.5,23549.6,23541,23541.6,
2024-06-24T13:16:00+05:30,23542.6,23544.9,23538,23538,
2024-06-24T13:17:00+05:30,23538.2,23542.3,23536.4,23538.9,
2024-06-24T13:18:00+05:30,23538.2,23540.2,23533.2,23534.8,
2024-06-24T13:19:00+05:30,23534.9,23539.7,23532.2,23535.6,
2024-06-24T13:20:00+05:30,23535.3,23536.8,23532,23535,
2024-06-24T13:21:00+05:30,23534,23542.1,23533,23540.9,
2024-06-24T13:22:00+05:30,23541.5,23545.2,23539,23540.5,
2024-06-24T13:23:00+05:30,23540.2,23542.2,23536.1,23537.3,
2024-06-24T13:24:00+05:30,23537.2,23546.5,23535.6,23545.7,
2024-06-24T13:25:00+05:30,23546.5,23547.8,23542.2,23543.5,
2024-06-24T13:26:00+05:30,23544.1,23551.9,23542.8,23550.5,
2024-06-24T13:27:00+05:30,23550.2,23555.2,23540.2,23541.3,
2024-06-24T13:28:00+05:30,23542.1,23544.8,23537.5,23538.3,
2024-06-24T13:29:00+05:30,23537.5,23539.2,23529.8,23531.3,
2024-06-24T13:30:00+05:30,23531.2,23537.2,23531,23533.3,
2024-06-24T13:31:00+05:30,23533.2,23536,23531.6,23532.8,
2024-06-24T13:32:00+05:30,23533.5,23538.5,23531,23537.3,
2024-06-24T13:33:00+05:30,23537.2,23538.2,23533.7,23535,
2024-06-24T13:34:00+05:30,23535.2,23535.8,23529.4,23529.9,
2024-06-24T13:35:00+05:30,23528.8,23535.6,23527.6,23533.2,
2024-06-24T13:36:00+05:30,23533.2,23538.2,23533.2,23537,
2024-06-24T13:37:00+05:30,23536.9,23539.5,23535.3,23538.5,
2024-06-24T13:38:00+05:30,23538.8,23542,23537.8,23540.6,
2024-06-24T13:39:00+05:30,23540,23542.1,23538.2,23541.2,
2024-06-24T13:40:00+05:30,23541.8,23549.5,23541.5,23547.2,
2024-06-24T13:41:00+05:30,23547.2,23550.1,23545.3,23550,
2024-06-24T13:42:00+05:30,23549.8,23552,23547.6,23550.8,
2024-06-24T13:43:00+05:30,23550.5,23551.5,23542.5,23542.8,
2024-06-24T13:44:00+05:30,23543,23543.8,23536.2,23536.2,
2024-06-24T13:45:00+05:30,23536.6,23542,23535,23540.2,
2024-06-24T13:46:00+05:30,23540,23542.9,23538.2,23540.3,
2024-06-24T13:47:00+05:30,23540.1,23543.2,23537.4,23541.7,
2024-06-24T13:48:00+05:30,23541.8,23543.2,23538.2,23539.1,
2024-06-24T13:49:00+05:30,23539.1,23548.4,23538.5,23546.3,
2024-06-24T13:50:00+05:30,23546.6,23547.5,23542.6,23542.9,
2024-06-24T13:51:00+05:30,23543.5,23547.8,23542.9,23544.8,
2024-06-24T13:52:00+05:30,23545.2,23547.2,23539.5,23540.1,
2024-06-24T13:53:00+05:30,23540.2,23541.7,23536.3,23536.3,
2024-06-24T13:54:00+05:30,23536.1,23539.2,23531.5,23532.2,
2024-06-24T13:55:00+05:30,23532.7,23537,23530.2,23530.2,
2024-06-24T13:56:00+05:30,23529.8,23532,23522.3,23527.4,
2024-06-24T13:57:00+05:30,23527.3,23533.4,23525.8,23529.5,
2024-06-24T13:58:00+05:30,23529.5,23533.8,23526,23531.5,
2024-06-24T13:59:00+05:30,23531.3,23536,23529.7,23535.7,
2024-06-24T14:00:00+05:30,23534.8,23537.7,23533.6,23534.8,
2024-06-24T14:01:00+05:30,23534.8,23535.5,23532.2,23533.7,
2024-06-24T14:02:00+05:30,23534.2,23536.2,23525.8,23526.2,
2024-06-24T14:03:00+05:30,23526.5,23528,23517.2,23520,
2024-06-24T14:04:00+05:30,23519.8,23533,23519.6,23530.4,
2024-06-24T14:05:00+05:30,23530,23532,23525.5,23526.9,
2024-06-24T14:06:00+05:30,23526.5,23528.8,23525,23525.1,
2024-06-24T14:07:00+05:30,23525.2,23525.7,23521,23522.3,
2024-06-24T14:08:00+05:30,23521.9,23526.5,23520.4,23525.1,
2024-06-24T14:09:00+05:30,23525.2,23530.2,23525.2,23528.4,
2024-06-24T14:10:00+05:30,23527.9,23530.3,23524.5,23524.8,
2024-06-24T14:11:00+05:30,23524.5,23525.9,23517.3,23517.9,
2024-06-24T14:12:00+05:30,23517.9,23519.2,23511,23515,
2024-06-24T14:13:00+05:30,23515.3,23525.5,23515.3,23522,
2024-06-24T14:14:00+05:30,23522,23524.5,23518.7,23520,
2024-06-24T14:15:00+05:30,23520.1,23524.3,23520.1,23522.9,
2024-06-24T14:16:00+05:30,23523.2,23527.8,23522,23527.2,
2024-06-24T14:17:00+05:30,23526.5,23529,23524.7,23525.7,
2024-06-24T14:18:00+05:30,23525.5,23527.8,23522,23526.2,
2024-06-24T14:19:00+05:30,23526.5,23531.7,23526.5,23527.3,
2024-06-24T14:20:00+05:30,23527.1,23528.6,23519,23519,
2024-06-24T14:21:00+05:30,23519.8,23520.2,23509.2,23509.5,
2024-06-24T14:22:00+05:30,23509,23516.2,23504.8,23516.2,
2024-06-24T14:23:00+05:30,23515.7,23518.8,23514.7,23515.3,
2024-06-24T14:24:00+05:30,23515.3,23518.9,23515.3,23518.1,
2024-06-24T14:25:00+05:30,23518.7,23526.6,23518.7,23522.7,
2024-06-24T14:26:00+05:30,23522.1,23525.2,23520.5,23521.2,
2024-06-24T14:27:00+05:30,23521.3,23528.3,23521,23527,
2024-06-24T14:28:00+05:30,23526.7,23531.5,23526.4,23529.5,
2024-06-24T14:29:00+05:30,23529,23531.8,23527.8,23528.3,
2024-06-24T14:30:00+05:30,23528.3,23528.5,23524.2,23525.6,
2024-06-24T14:31:00+05:30,23525.8,23530.1,23524,23525.2,
2024-06-24T14:32:00+05:30,23525.5,23527.7,23520.7,23521,
2024-06-24T14:33:00+05:30,23520.8,23520.8,23512.2,23513.5,
2024-06-24T14:34:00+05:30,23513.3,23518,23513.3,23514.5,
2024-06-24T14:35:00+05:30,23515,23517.3,23511.2,23515.1,
2024-06-24T14:36:00+05:30,23516,23522.2,23515.9,23520.5,
2024-06-24T14:37:00+05:30,23520.3,23521.8,23505.8,23507.8,
2024-06-24T14:38:00+05:30,23507,23512,23507,23511.5,
2024-06-24T14:39:00+05:30,23511.7,23513.8,23507.4,23512.3,
2024-06-24T14:40:00+05:30,23512.3,23517.2,23512.3,23517.2,
2024-06-24T14:41:00+05:30,23517.4,23520.2,23515.9,23518.9,
2024-06-24T14:42:00+05:30,23518.7,23518.7,23508.7,23511.8,
2024-06-24T14:43:00+05:30,23511.3,23515.6,23507.8,23507.8,
2024-06-24T14:44:00+05:30,23507.7,23520.4,23504.5,23519.9,
2024-06-24T14:45:00+05:30,23519.6,23519.6,23508.8,23510.8,
2024-06-24T14:46:00+05:30,23510.2,23511,23500,23502.5,
2024-06-24T14:47:00+05:30,23503.8,23511,23500.5,23508,
2024-06-24T14:48:00+05:30,23507,23508.5,23500.2,23500.3,
2024-06-24T14:49:00+05:30,23499.3,23502.3,23492.2,23499.5,
2024-06-24T14:50:00+05:30,23499.5,23509.5,23498.9,23505.8,
2024-06-24T14:51:00+05:30,23506,23517.2,23506,23515,
2024-06-24T14:52:00+05:30,23514.9,23517.5,23511.8,23514.2,
2024-06-24T14:53:00+05:30,23514.2,23515.2,23507.2,23510,
2024-06-24T14:54:00+05:30,23510.8,23512.6,23507,23511.9,
2024-06-24T14:55:00+05:30,23512.2,23515.2,23511.7,23513,
2024-06-24T14:56:00+05:30,23512.2,23514.2,23505.9,23506.6,
2024-06-24T14:57:00+05:30,23507.4,23516,23507,23515.5,
2024-06-24T14:58:00+05:30,23515.2,23517.2,23511.4,23516.9,
2024-06-24T14:59:00+05:30,23516.7,23518.7,23513.4,23513.4,
2024-06-24T15:00:00+05:30,23513.8,23515.6,23504,23505,
2024-06-24T15:01:00+05:30,23506.3,23521.7,23506.3,23521.1,
2024-06-24T15:02:00+05:30,23522,23538.3,23522,23530.2,
2024-06-24T15:03:00+05:30,23530.4,23535.5,23528.6,23529.4,
2024-06-24T15:04:00+05:30,23529.7,23531.3,23526,23526.8,
2024-06-24T15:05:00+05:30,23525.5,23529.3,23515.2,23517,
2024-06-24T15:06:00+05:30,23518,23523.7,23517.3,23523.7,
2024-06-24T15:07:00+05:30,23523.9,23527.3,23522,23523.3,
2024-06-24T15:08:00+05:30,23523.3,23530.7,23522.3,23529.9,
2024-06-24T15:09:00+05:30,23530.4,23538.3,23529.8,23537.2,
2024-06-24T15:10:00+05:30,23536.3,23539.2,23531.7,23537.2,
2024-06-24T15:11:00+05:30,23537.8,23549.5,23537.2,23548.3,
2024-06-24T15:12:00+05:30,23548.7,23548.8,23537.4,23538.5,
2024-06-24T15:13:00+05:30,23539.2,23543,23537.5,23543,
2024-06-24T15:14:00+05:30,23542.5,23550.2,23541.9,23546,
2024-06-24T15:15:00+05:30,23547,23547,23541.8,23542.4,
2024-06-24T15:16:00+05:30,23542.7,23542.7,23532.9,23535.8,
2024-06-24T15:17:00+05:30,23536.4,23542.2,23535.6,23542.2,
2024-06-24T15:18:00+05:30,23541.3,23547.7,23540.5,23547.2,
2024-06-24T15:19:00+05:30,23547.5,23547.8,23538.1,23541.8,
2024-06-24T15:20:00+05:30,23541.7,23542.5,23534.6,23536.3,
2024-06-24T15:21:00+05:30,23537.4,23548.8,23535.7,23547.2,
2024-06-24T15:22:00+05:30,23546.7,23549.3,23545.6,23547.8,
2024-06-24T15:23:00+05:30,23548.2,23549.2,23545,23549,
2024-06-24T15:24:00+05:30,23548.8,23552.5,23545.8,23551.6,
2024-06-24T15:25:00+05:30,23552.7,23553.1,23546.5,23547.3,
2024-06-24T15:26:00+05:30,23546.9,23547,23541.9,23544.2,
2024-06-24T15:27:00+05:30,23545,23548,23542.5,23547.6,
2024-06-24T15:28:00+05:30,23547.6,23552,23544.2,23546.1,
2024-06-24T15:29:00+05:30,23543.2,23552.5,23542.8,23548.7,
2024-06-25T09:15:00+05:30,23577.1,23603.3,23571.6,23583,
2024-06-25T09:16:00+05:30,23585.5,23585.5,23572.9,23575.3,
2024-06-25T09:17:00+05:30,23576.5,23596.7,23575.2,23595.6,
2024-06-25T09:18:00+05:30,23597,23600.3,23587.3,23592.9,
2024-06-25T09:19:00+05:30,23592.1,23597.2,23586.5,23594.9,
2024-06-25T09:20:00+05:30,23594.8,23597.2,23582.2,23583.1,
2024-06-25T09:21:00+05:30,23583.5,23597.3,23582.2,23597.2,
2024-06-25T09:22:00+05:30,23598.3,23601.5,23592.2,23593.8,
2024-06-25T09:23:00+05:30,23593.7,23603.7,23593.2,23595.6,
2024-06-25T09:24:00+05:30,23595.2,23599.8,23592,23593.8,
2024-06-25T09:25:00+05:30,23593.6,23593.8,23578.2,23582.6,
2024-06-25T09:26:00+05:30,23582.5,23590,23581.9,23585.6,
2024-06-25T09:27:00+05:30,23587,23589.3,23579.8,23582.5,
2024-06-25T09:28:00+05:30,23581.3,23587,23578.7,23578.7,
2024-06-25T09:29:00+05:30,23577.4,23581.8,23571,23578.6,
2024-06-25T09:30:00+05:30,23579.8,23589.5,23579.8,23580.8,
2024-06-25T09:31:00+05:30,23580.3,23586.8,23578.4,23582.2,
2024-06-25T09:32:00+05:30,23583.2,23595.8,23581.5,23595.3,
2024-06-25T09:33:00+05:30,23594.3,23601.6,23593.4,23597,
2024-06-25T09:34:00+05:30,23597.2,23598.2,23589,23589.9,
2024-06-25T09:35:00+05:30,23588.8,23594,23588.8,23591.1,
2024-06-25T09:36:00+05:30,23590.3,23591,23583.4,23585,
2024-06-25T09:37:00+05:30,23585,23587.8,23581.8,23582.2,
2024-06-25T09:38:00+05:30,23582.5,23591.5,23581.7,23586.7,
2024-06-25T09:39:00+05:30,23586.4,23590,23574.2,23580.8,
2024-06-25T09:40:00+05:30,23580.6,23581.9,23576.2,23576.2,
2024-06-25T09:41:00+05:30,23576.5,23585.7,23575.8,23585.5,
2024-06-25T09:42:00+05:30,23584.8,23591.6,23582.8,23589.8,
2024-06-25T09:43:00+05:30,23591,23591.3,23586,23589.6,
2024-06-25T09:44:00+05:30,23589.5,23605.8,23586.8,23600.3,
2024-06-25T09:45:00+05:30,23599.1,23602.5,23592.8,23595.7,
2024-06-25T09:46:00+05:30,23594.2,23599,23590,23599,
2024-06-25T09:47:00+05:30,23598.5,23611.5,23596.2,23611.5,
2024-06-25T09:48:00+05:30,23611,23614.7,23608.2,23609.3,
2024-06-25T09:49:00+05:30,23609.7,23618.1,23608.5,23615.7,
2024-06-25T09:50:00+05:30,23615.6,23617.3,23606.8,23607.2,
2024-06-25T09:51:00+05:30,23608.6,23608.8,23598.2,23600.3,
2024-06-25T09:52:00+05:30,23599.5,23603.5,23594.3,23596.5,
2024-06-25T09:53:00+05:30,23597,23597,23589.4,23589.9,
2024-06-25T09:54:00+05:30,23591.5,23593.2,23581.7,23586.7,
2024-06-25T09:55:00+05:30,23585.5,23588.5,23581,23581.9,
2024-06-25T09:56:00+05:30,23581.5,23588.8,23581.5,23588.1,
2024-06-25T09:57:00+05:30,23587.7,23594.7,23587.4,23594.1,
2024-06-25T09:58:00+05:30,23593.5,23596,23584.6,23584.9,
2024-06-25T09:59:00+05:30,23585.5,23587.4,23574.8,23574.8,
2024-06-25T10:00:00+05:30,23574.4,23584.5,23574.4,23583.1,
2024-06-25T10:01:00+05:30,23583,23586.5,23571.4,23571.7,
2024-06-25T10:02:00+05:30,23571.8,23573.5,23567.5,23567.5,
2024-06-25T10:03:00+05:30,23569.7,23575.7,23565,23575.2,
2024-06-25T10:04:00+05:30,23573,23578.8,23573,23573.8,
2024-06-25T10:05:00+05:30,23573.8,23583,23572.7,23580.7,
2024-06-25T10:06:00+05:30,23581.1,23583.2,23577,23580.6,
2024-06-25T10:07:00+05:30,23580,23580.3,23573.1,23574.1,
2024-06-25T10:08:00+05:30,23574.1,23577.7,23570.2,23570.8,
2024-06-25T10:09:00+05:30,23571.5,23575,23571.5,23574.1,
2024-06-25T10:10:00+05:30,23573.7,23580.7,23573.3,23580.5,
2024-06-25T10:11:00+05:30,23580,23585.2,23577.6,23585.2,
2024-06-25T10:12:00+05:30,23584.9,23599.7,23584.4,23598.2,
2024-06-25T10:13:00+05:30,23597.5,23599.3,23594.5,23598.2,
2024-06-25T10:14:00+05:30,23597.5,23597.5,23591.2,23594.8,
2024-06-25T10:15:00+05:30,23594.7,23600.5,23594.3,23598.6,
2024-06-25T10:16:00+05:30,23597.9,23604.4,23597.2,23599.8,
2024-06-25T10:17:00+05:30,23600.3,23600.5,23596.7,23597.3,
2024-06-25T10:18:00+05:30,23597.5,23598.1,23591,23591.5,
2024-06-25T10:19:00+05:30,23591,23593.7,23588,23590.7,
2024-06-25T10:20:00+05:30,23590.8,23592,23586,23586,
2024-06-25T10:21:00+05:30,23586.5,23588.5,23585.2,23587.1,
2024-06-25T10:22:00+05:30,23586.3,23592.9,23585.9,23592.9,
2024-06-25T10:23:00+05:30,23592.6,23594.2,23588.2,23590.2,
2024-06-25T10:24:00+05:30,23589.4,23594.2,23587.7,23591.8,
2024-06-25T10:25:00+05:30,23592.7,23597.3,23590.8,23597,
2024-06-25T10:26:00+05:30,23596.5,23599,23593.2,23594.3,
2024-06-25T10:27:00+05:30,23594,23595.4,23591.7,23594.1,
2024-06-25T10:28:00+05:30,23594.3,23595.9,23587.5,23588.5,
2024-06-25T10:29:00+05:30,23588.7,23595.7,23585.8,23595.7,
2024-06-25T10:30:00+05:30,23594,23597.8,23593,23593.9,
2024-06-25T10:31:00+05:30,23593.8,23593.8,23587.7,23589.7,
2024-06-25T10:32:00+05:30,23589.7,23593,23588.8,23589.7,
2024-06-25T10:33:00+05:30,23589,23592.3,23587.8,23591.3,
2024-06-25T10:34:00+05:30,23591.2,23593,23589.1,23590.5,
2024-06-25T10:35:00+05:30,23590.3,23591.8,23587.2,23588.9,
2024-06-25T10:36:00+05:30,23589,23592.7,23587.7,23589.5,
2024-06-25T10:37:00+05:30,23589.2,23592.5,23588.5,23591.2,
2024-06-25T10:38:00+05:30,23590.2,23593.9,23589.5,23593.5,
2024-06-25T10:39:00+05:30,23592.8,23595.5,23591.2,23595.5,
2024-06-25T10:40:00+05:30,23594.2,23598.7,23592.2,23592.5,
2024-06-25T10:41:00+05:30,23592.3,23594.4,23589.2,23592.8,
2024-06-25T10:42:00+05:30,23593.5,23593.8,23590.3,23591.5,
2024-06-25T10:43:00+05:30,23591.8,23592.8,23589.5,23591.2,
2024-06-25T10:44:00+05:30,23590.8,23592.5,23588,23590.2,
2024-06-25T10:45:00+05:30,23590.2,23599.1,23588.9,23599,
2024-06-25T10:46:00+05:30,23599.3,23610,23597.8,23609.2,
2024-06-25T10:47:00+05:30,23608,23610.4,23606.2,23606.5,
2024-06-25T10:48:00+05:30,23606.6,23610,23605.8,23608.5,
2024-06-25T10:49:00+05:30,23608.3,23610.9,23605.3,23608.2,
2024-06-25T10:50:00+05:30,23608.5,23610.2,23606,23608.2,
2024-06-25T10:51:00+05:30,23607.5,23609.3,23600.8,23600.8,
2024-06-25T10:52:00+05:30,23600.9,23605.7,23598.2,23599.8,
2024-06-25T10:53:00+05:30,23599.3,23602,23598,23600,
2024-06-25T10:54:00+05:30,23599.8,23603.7,23599.7,23603.5,
2024-06-25T10:55:00+05:30,23603.3,23605.4,23598.4,23599.3,
2024-06-25T10:56:00+05:30,23599,23600,23596.1,23597,
2024-06-25T10:57:00+05:30,23597.8,23597.8,23594.9,23597,
2024-06-25T10:58:00+05:30,23597.5,23600.8,23596.2,23600.2,
2024-06-25T10:59:00+05:30,23601,23604.6,23600.7,23603.8,
2024-06-25T11:00:00+05:30,23603.8,23605.5,23596,23599.5,
2024-06-25T11:01:00+05:30,23598.5,23602.9,23596.8,23598.1,
2024-06-25T11:02:00+05:30,23598.2,23599.5,23593.8,23599.5,
2024-06-25T11:03:00+05:30,23599.3,23603,23594.6,23596.5,
2024-06-25T11:04:00+05:30,23595.5,23596.8,23589.2,23591.6,
2024-06-25T11:05:00+05:30,23592,23593.7,23588.2,23588.4,
2024-06-25T11:06:00+05:30,23589.7,23592.5,23587.6,23589,
2024-06-25T11:07:00+05:30,23588.7,23590.2,23583.8,23584.2,
2024-06-25T11:08:00+05:30,23584.1,23586.3,23583.3,23584.2,
2024-06-25T11:09:00+05:30,23583.7,23585.5,23581.6,23585.2,
2024-06-25T11:10:00+05:30,23585,23585.7,23581.4,23585,
2024-06-25T11:11:00+05:30,23585.3,23589,23584.7,23586,
2024-06-25T11:12:00+05:30,23585.8,23586.7,23581.5,23582,
2024-06-25T11:13:00+05:30,23581.8,23583.5,23580,23580.8,
2024-06-25T11:14:00+05:30,23580.8,23585.3,23579.8,23581.2,
2024-06-25T11:15:00+05:30,23580.5,23581.5,23572,23572,
2024-06-25T11:16:00+05:30,23572,23575.8,23568.5,23574.3,
2024-06-25T11:17:00+05:30,23575.7,23576.5,23573,23575.3,
2024-06-25T11:18:00+05:30,23575.4,23575.5,23563.7,23563.7,
2024-06-25T11:19:00+05:30,23564.6,23568.2,23562,23564.5,
2024-06-25T11:20:00+05:30,23565.2,23575.2,23564.4,23574.9,
2024-06-25T11:21:00+05:30,23574.3,23579,23573.8,23578.3,
2024-06-25T11:22:00+05:30,23578.8,23579.5,23574.2,23577.3,
2024-06-25T11:23:00+05:30,23577.7,23583.6,23577.1,23581.9,
2024-06-25T11:24:00+05:30,23581.7,23587.4,23581.2,23585,
2024-06-25T11:25:00+05:30,23585,23587.4,23581.5,23581.5,
2024-06-25T11:26:00+05:30,23581.2,23582.2,23575.7,23578.5,
2024-06-25T11:27:00+05:30,23578.2,23581.7,23574.8,23575.5,
2024-06-25T11:28:00+05:30,23575.3,23576.5,23571,23571.8,
2024-06-25T11:29:00+05:30,23571.8,23574.7,23571,23573.2,
2024-06-25T11:30:00+05:30,23573,23575.2,23571.2,23573.8,
2024-06-25T11:31:00+05:30,23574,23574.1,23567.8,23569.8,
2024-06-25T11:32:00+05:30,23569,23579.3,23568.5,23578.5,
2024-06-25T11:33:00+05:30,23579,23581,23577.3,23579.9,
2024-06-25T11:34:00+05:30,23578.9,23580.3,23570.5,23571,
2024-06-25T11:35:00+05:30,23570.2,23572.7,23569.1,23571.4,
2024-06-25T11:36:00+05:30,23571.9,23574.2,23567.8,23569.3,
2024-06-25T11:37:00+05:30,23568.5,23570.2,23566.3,23568.2,
2024-06-25T11:38:00+05:30,23568.3,23571,23567.5,23567.8,
2024-06-25T11:39:00+05:30,23567.8,23574.7,23567.2,23573.4,
2024-06-25T11:40:00+05:30,23572.3,23575.8,23569.8,23575.2,
2024-06-25T11:41:00+05:30,23573.8,23577.8,23572.5,23577.3,
2024-06-25T11:42:00+05:30,23577.7,23583,23577.6,23579.8,
2024-06-25T11:43:00+05:30,23579.7,23580.2,23576.7,23577.8,
2024-06-25T11:44:00+05:30,23577.6,23582.3,23577.2,23581.3,
2024-06-25T11:45:00+05:30,23581.4,23583.8,23579.5,23579.5,
2024-06-25T11:46:00+05:30,23580,23580,23576.5,23577.1,
2024-06-25T11:47:00+05:30,23577.2,23579.6,23576.3,23579.4,
2024-06-25T11:48:00+05:30,23579,23587.8,23578,23587.2,
2024-06-25T11:49:00+05:30,23586.8,23590.1,23586.5,23587.8,
2024-06-25T11:50:00+05:30,23586.4,23588.2,23584.8,23585.2,
2024-06-25T11:51:00+05:30,23585.1,23587.7,23583.8,23584.8,
2024-06-25T11:52:00+05:30,23584.6,23585,23581.8,23582.2,
2024-06-25T11:53:00+05:30,23582.3,23586.5,23582.1,23586.5,
2024-06-25T11:54:00+05:30,23585,23592.4,23584.9,23590.9,
2024-06-25T11:55:00+05:30,23591,23593.3,23589,23589.7,
2024-06-25T11:56:00+05:30,23589.3,23591.2,23587.7,23590.3,
2024-06-25T11:57:00+05:30,23590.8,23591.8,23585,23589.3,
2024-06-25T11:58:00+05:30,23588.3,23589.8,23585.3,23587.6,
2024-06-25T11:59:00+05:30,23587.8,23589.8,23586.2,23588.4,
2024-06-25T12:00:00+05:30,23588.5,23590.8,23587,23588.3,
2024-06-25T12:01:00+05:30,23588.3,23591.8,23588.1,23590,
2024-06-25T12:02:00+05:30,23589.8,23591.1,23587,23588.2,
2024-06-25T12:03:00+05:30,23586.4,23587.8,23579.5,23581.5,
2024-06-25T12:04:00+05:30,23580.8,23582.3,23579.8,23581.6,
2024-06-25T12:05:00+05:30,23580.8,23585.8,23580,23584.4,
2024-06-25T12:06:00+05:30,23585,23591.4,23584.1,23591.4,
2024-06-25T12:07:00+05:30,23590,23598.9,23589.1,23593.3,
2024-06-25T12:08:00+05:30,23593.2,23597.4,23591.2,23594.5,
2024-06-25T12:09:00+05:30,23594.8,23598.6,23592.7,23595.8,
2024-06-25T12:10:00+05:30,23595.7,23598.5,23591.2,23593.2,
2024-06-25T12:11:00+05:30,23594.5,23599,23594,23595.7,
2024-06-25T12:12:00+05:30,23595.5,23596.6,23586.2,23586.4,
2024-06-25T12:13:00+05:30,23585.2,23589.9,23585.2,23587.8,
2024-06-25T12:14:00+05:30,23588.1,23592,23585.7,23588.5,
2024-06-25T12:15:00+05:30,23587,23592,23587,23590.8,
2024-06-25T12:16:00+05:30,23591.2,23592.8,23587,23588.1,
2024-06-25T12:17:00+05:30,23587.5,23587.8,23582.2,23583.2,
2024-06-25T12:18:00+05:30,23582.1,23587.3,23582.1,23587.1,
2024-06-25T12:19:00+05:30,23586.8,23588.1,23584,23584,
2024-06-25T12:20:00+05:30,23583.8,23585.4,23581.8,23584.8,
2024-06-25T12:21:00+05:30,23584.9,23585.2,23580.7,23582.4,
2024-06-25T12:22:00+05:30,23582.3,23585.8,23580.9,23584.5,
2024-06-25T12:23:00+05:30,23583.9,23587.2,23582.8,23587,
2024-06-25T12:24:00+05:30,23586.5,23589.3,23585.3,23588.7,
2024-06-25T12:25:00+05:30,23586.7,23599.8,23586.3,23599.8,
2024-06-25T12:26:00+05:30,23601.6,23625.3,23601.6,23621.2,
2024-06-25T12:27:00+05:30,23623,23632.8,23621.6,23627.2,
2024-06-25T12:28:00+05:30,23629.5,23629.9,23617.8,23618.3,
2024-06-25T12:29:00+05:30,23616.5,23623.2,23615.1,23622.3,
2024-06-25T12:30:00+05:30,23622,23636.2,23621.5,23636.2,
2024-06-25T12:31:00+05:30,23635.6,23641.2,23630.5,23635.8,
2024-06-25T12:32:00+05:30,23637,23649.3,23634.9,23646.3,
2024-06-25T12:33:00+05:30,23646.7,23655.8,23644.7,23646,
2024-06-25T12:34:00+05:30,23645,23647,23637.3,23644.9,
2024-06-25T12:35:00+05:30,23643.5,23649.1,23642.3,23648,
2024-06-25T12:36:00+05:30,23647.8,23650.2,23643.8,23650.1,
2024-06-25T12:37:00+05:30,23649.2,23649.5,23639.5,23645.5,
2024-06-25T12:38:00+05:30,23646.1,23659,23641.2,23657.5,
2024-06-25T12:39:00+05:30,23656.8,23664,23654.7,23663.4,
2024-06-25T12:40:00+05:30,23662.7,23663.2,23657.3,23659.3,
2024-06-25T12:41:00+05:30,23658.8,23666.2,23658.8,23662.2,
2024-06-25T12:42:00+05:30,23661.8,23664,23656,23656.3,
2024-06-25T12:43:00+05:30,23656.2,23656.7,23647,23652.3,
2024-06-25T12:44:00+05:30,23651.2,23652.6,23643.7,23644.5,
2024-06-25T12:45:00+05:30,23645,23650.9,23641.4,23643,
2024-06-25T12:46:00+05:30,23642.2,23651,23640.8,23645.1,
2024-06-25T12:47:00+05:30,23645.5,23650.3,23643.7,23645.3,
2024-06-25T12:48:00+05:30,23645.5,23656.2,23645.3,23653.9,
2024-06-25T12:49:00+05:30,23653,23668.7,23651.5,23665,
2024-06-25T12:50:00+05:30,23664.2,23667.8,23661.2,23663.2,
2024-06-25T12:51:00+05:30,23664.4,23664.4,23655.4,23656.7,
2024-06-25T12:52:00+05:30,23656,23660.4,23655.1,23658.2,
2024-06-25T12:53:00+05:30,23657.5,23659,23653.1,23653.2,
2024-06-25T12:54:00+05:30,23653.4,23659.7,23653,23658.2,
2024-06-25T12:55:00+05:30,23658.5,23658.5,23652.3,23652.5,
2024-06-25T12:56:00+05:30,23653.7,23661.2,23651.3,23656,
2024-06-25T12:57:00+05:30,23656,23656.7,23650.7,23651.9,
2024-06-25T12:58:00+05:30,23651.5,23657.8,23650.2,23654.8,
2024-06-25T12:59:00+05:30,23654.7,23657.2,23650.7,23655.2,
2024-06-25T13:00:00+05:30,23654.7,23667.5,23653.6,23666,
2024-06-25T13:01:00+05:30,23666,23666,23651.2,23651.6,
2024-06-25T13:02:00+05:30,23651,23652.8,23647,23649.5,
2024-06-25T13:03:00+05:30,23649,23654,23648.3,23653.5,
2024-06-25T13:04:00+05:30,23653.6,23656.1,23651.5,23654.9,
2024-06-25T13:05:00+05:30,23654.5,23654.5,23648.8,23648.8,
2024-06-25T13:06:00+05:30,23648.5,23656,23647.3,23655.7,
2024-06-25T13:07:00+05:30,23654.6,23657.9,23652,23656.2,
2024-06-25T13:08:00+05:30,23655.2,23656.7,23647.2,23647.5,
2024-06-25T13:09:00+05:30,23648.2,23652.3,23646.4,23649.1,
2024-06-25T13:10:00+05:30,23648.2,23655,23648.2,23653.4,
2024-06-25T13:11:00+05:30,23653.8,23662.1,23651.7,23661,
2024-06-25T13:12:00+05:30,23660.1,23669.4,23660.1,23667.2,
2024-06-25T13:13:00+05:30,23667.2,23668.3,23663.8,23665.2,
2024-06-25T13:14:00+05:30,23665.7,23684.1,23665.3,23672.5,
2024-06-25T13:15:00+05:30,23671.6,23679.1,23671.6,23675.6,
2024-06-25T13:16:00+05:30,23675.6,23686.3,23675.2,23680,
2024-06-25T13:17:00+05:30,23679,23681.9,23677.5,23681,
2024-06-25T13:18:00+05:30,23682.8,23691.3,23682.8,23687.1,
2024-06-25T13:19:00+05:30,23686.8,23687.3,23678.7,23679.8,
2024-06-25T13:20:00+05:30,23680,23682.4,23675.8,23676.5,
2024-06-25T13:21:00+05:30,23676.7,23683.7,23674.5,23682.2,
2024-06-25T13:22:00+05:30,23682.5,23686.3,23676.5,23676.9,
2024-06-25T13:23:00+05:30,23676.4,23681.1,23676,23678.5,
2024-06-25T13:24:00+05:30,23678.5,23692.2,23678.5,23687.6,
2024-06-25T13:25:00+05:30,23687.5,23690.3,23686,23688.3,
2024-06-25T13:26:00+05:30,23688.4,23692.2,23684.8,23685.2,
2024-06-25T13:27:00+05:30,23683.8,23684,23677.7,23678.7,
2024-06-25T13:28:00+05:30,23678.1,23682.8,23676,23681,
2024-06-25T13:29:00+05:30,23681.3,23682.5,23678.4,23679.8,
2024-06-25T13:30:00+05:30,23678.8,23681.2,23670.2,23670.2,
2024-06-25T13:31:00+05:30,23670.5,23671.3,23664,23664.8,
2024-06-25T13:32:00+05:30,23665.7,23669.3,23663.3,23663.8,
2024-06-25T13:33:00+05:30,23662.8,23667.5,23661.5,23665.3,
2024-06-25T13:34:00+05:30,23666,23674.2,23664.8,23673.5,
2024-06-25T13:35:00+05:30,23674.1,23674.1,23666.7,23669,
2024-06-25T13:36:00+05:30,23669.6,23676.8,23667,23675.3,
2024-06-25T13:37:00+05:30,23674.5,23678.4,23671.2,23675.1,
2024-06-25T13:38:00+05:30,23675.3,23677.3,23663.3,23665.3,
2024-06-25T13:39:00+05:30,23664.8,23669.8,23663.8,23664.8,
2024-06-25T13:40:00+05:30,23664.3,23676.2,23664.3,23676.2,
2024-06-25T13:41:00+05:30,23676,23680.2,23674.2,23680.2,
2024-06-25T13:42:00+05:30,23680.5,23682.2,23673.3,23676.8,
2024-06-25T13:43:00+05:30,23677,23678.2,23672.3,23676,
2024-06-25T13:44:00+05:30,23676.3,23678.7,23673,23673.5,
2024-06-25T13:45:00+05:30,23673.8,23682.3,23672,23681.3,
2024-06-25T13:46:00+05:30,23680.5,23684,23677.7,23679.7,
2024-06-25T13:47:00+05:30,23679.3,23681.7,23677.3,23677.9,
2024-06-25T13:48:00+05:30,23678.7,23683.8,23677.8,23681.7,
2024-06-25T13:49:00+05:30,23681.3,23685.7,23678.5,23685.7,
2024-06-25T13:50:00+05:30,23685.5,23691.2,23683.5,23689,
2024-06-25T13:51:00+05:30,23688,23688.9,23678,23678.7,
2024-06-25T13:52:00+05:30,23678.5,23679.8,23674.5,23676.3,
2024-06-25T13:53:00+05:30,23676.1,23679.2,23672.6,23675.2,
2024-06-25T13:54:00+05:30,23674.6,23686.1,23674.6,23683.8,
2024-06-25T13:55:00+05:30,23683.3,23684.8,23676.6,23678.5,
2024-06-25T13:56:00+05:30,23678.7,23683.8,23673.3,23683.5,
2024-06-25T13:57:00+05:30,23682.9,23685,23675.3,23679.9,
2024-06-25T13:58:00+05:30,23677.5,23679.2,23671.6,23673.8,
2024-06-25T13:59:00+05:30,23674.5,23683.4,23671.9,23679.3,
2024-06-25T14:00:00+05:30,23678.8,23682,23675.2,23678.8,
2024-06-25T14:01:00+05:30,23678.5,23683.4,23677.8,23681.8,
2024-06-25T14:02:00+05:30,23682.1,23690.4,23679.7,23687.5,
2024-06-25T14:03:00+05:30,23687.3,23688.9,23683.7,23686.6,
2024-06-25T14:04:00+05:30,23686.8,23690.8,23683.4,23687.8,
2024-06-25T14:05:00+05:30,23688,23693.8,23687.2,23688.3,
2024-06-25T14:06:00+05:30,23687.2,23689.2,23684.2,23685.9,
2024-06-25T14:07:00+05:30,23685.7,23687.8,23681.3,23683.2,
2024-06-25T14:08:00+05:30,23683.8,23692.2,23682.2,23692.2,
2024-06-25T14:09:00+05:30,23691.3,23700.2,23691.3,23697,
2024-06-25T14:10:00+05:30,23696.8,23704.5,23696,23699.8,
2024-06-25T14:11:00+05:30,23699.5,23701.2,23696,23698.7,
2024-06-25T14:12:00+05:30,23698.7,23705.3,23698.5,23704.8,
2024-06-25T14:13:00+05:30,23704.3,23710.5,23702,23703.5,
2024-06-25T14:14:00+05:30,23704.3,23704.7,23694.5,23695.2,
2024-06-25T14:15:00+05:30,23695.8,23697.4,23691.8,23695.2,
2024-06-25T14:16:00+05:30,23694.7,23695.7,23687.7,23687.7,
2024-06-25T14:17:00+05:30,23687.5,23689.7,23682.3,23687,
2024-06-25T14:18:00+05:30,23687.3,23692.8,23685.8,23686.8,
2024-06-25T14:19:00+05:30,23687.5,23692.4,23684.8,23686,
2024-06-25T14:20:00+05:30,23686.2,23689.5,23679.1,23680.2,
2024-06-25T14:21:00+05:30,23680,23684,23673,23679.9,
2024-06-25T14:22:00+05:30,23679.8,23685,23677.5,23682.8,
2024-06-25T14:23:00+05:30,23683.2,23690.3,23680.8,23684.1,
2024-06-25T14:24:00+05:30,23683.6,23686.4,23679,23680.6,
2024-06-25T14:25:00+05:30,23681,23682.8,23677.2,23679.4,
2024-06-25T14:26:00+05:30,23678.2,23680.5,23671.5,23677.8,
2024-06-25T14:27:00+05:30,23677.2,23679.5,23672.2,23679.5,
2024-06-25T14:28:00+05:30,23679.9,23692.3,23677.3,23690.9,
2024-06-25T14:29:00+05:30,23691.2,23694.5,23686.8,23692.8,
2024-06-25T14:30:00+05:30,23693.5,23700.5,23692.3,23695.3,
2024-06-25T14:31:00+05:30,23696,23696,23687.1,23689.6,
2024-06-25T14:32:00+05:30,23691.5,23700.8,23687.7,23698.1,
2024-06-25T14:33:00+05:30,23697.8,23698.8,23690.5,23693.2,
2024-06-25T14:34:00+05:30,23693.7,23696,23690,23692.7,
2024-06-25T14:35:00+05:30,23693.2,23697.2,23691.3,23696.5,
2024-06-25T14:36:00+05:30,23695.5,23698.3,23693.3,23696.2,
2024-06-25T14:37:00+05:30,23696.8,23704.5,23696,23701,
2024-06-25T14:38:00+05:30,23700.8,23701.7,23695.2,23695.2,
2024-06-25T14:39:00+05:30,23696.5,23699,23692.5,23696.5,
2024-06-25T14:40:00+05:30,23697.2,23698,23693,23694.8,
2024-06-25T14:41:00+05:30,23694.8,23696.7,23689.4,23691.2,
2024-06-25T14:42:00+05:30,23690.1,23696.5,23689.3,23691.6,
2024-06-25T14:43:00+05:30,23691.2,23691.2,23686.4,23689,
2024-06-25T14:44:00+05:30,23688.3,23692.8,23686.1,23690.3,
2024-06-25T14:45:00+05:30,23690.2,23691.3,23686.5,23688.5,
2024-06-25T14:46:00+05:30,23689,23696.7,23687,23696,
2024-06-25T14:47:00+05:30,23695.9,23700.5,23694.8,23698.2,
2024-06-25T14:48:00+05:30,23696.9,23697.7,23684.3,23685,
2024-06-25T14:49:00+05:30,23685,23689.3,23682.3,23688.5,
2024-06-25T14:50:00+05:30,23687.6,23691.2,23685.6,23689.6,
2024-06-25T14:51:00+05:30,23690,23697.3,23688.2,23696.7,
2024-06-25T14:52:00+05:30,23696.4,23696.5,23691.4,23693.5,
2024-06-25T14:53:00+05:30,23692.8,23692.8,23684.2,23688.8,
2024-06-25T14:54:00+05:30,23688.9,23688.9,23673.7,23681.7,
2024-06-25T14:55:00+05:30,23682.1,23683.8,23679.5,23683,
2024-06-25T14:56:00+05:30,23683,23686.4,23679.1,23683.5,
2024-06-25T14:57:00+05:30,23683.1,23689.2,23680.8,23687.2,
2024-06-25T14:58:00+05:30,23686.3,23687.2,23677.4,23686.4,
2024-06-25T14:59:00+05:30,23687.2,23687.2,23679.9,23684.9,
2024-06-25T15:00:00+05:30,23685.7,23696.8,23685,23687.8,
2024-06-25T15:01:00+05:30,23687.4,23698,23685.8,23687,
2024-06-25T15:02:00+05:30,23687,23696.5,23685.2,23695.5,
2024-06-25T15:03:00+05:30,23695.7,23702.5,23695.7,23701.7,
2024-06-25T15:04:00+05:30,23702.4,23716,23701.2,23715.8,
2024-06-25T15:05:00+05:30,23718.7,23722,23706.5,23707.5,
2024-06-25T15:06:00+05:30,23708.1,23716.5,23705.3,23716,
2024-06-25T15:07:00+05:30,23716.8,23729,23713.9,23728.4,
2024-06-25T15:08:00+05:30,23727.8,23729.8,23713.5,23713.8,
2024-06-25T15:09:00+05:30,23713.2,23718.2,23711.3,23718,
2024-06-25T15:10:00+05:30,23716.7,23721.8,23712.7,23720.6,
2024-06-25T15:11:00+05:30,23721.2,23731,23720.8,23728.3,
2024-06-25T15:12:00+05:30,23728.6,23728.6,23722.8,23723,
2024-06-25T15:13:00+05:30,23723.7,23725.3,23717.8,23720.5,
2024-06-25T15:14:00+05:30,23721.2,23733,23721.1,23731.7,
2024-06-25T15:15:00+05:30,23732.2,23733.6,23726.9,23733.6,
2024-06-25T15:16:00+05:30,23734.2,23735.5,23724.6,23727.5,
2024-06-25T15:17:00+05:30,23727.5,23731.2,23724.5,23728,
2024-06-25T15:18:00+05:30,23728.3,23734.2,23727.8,23731.8,
2024-06-25T15:19:00+05:30,23732.5,23732.5,23728,23728,
2024-06-25T15:20:00+05:30,23728.8,23738.6,23725.8,23732.9,
2024-06-25T15:21:00+05:30,23734.8,23741.9,23733.4,23741.9,
2024-06-25T15:22:00+05:30,23741.7,23754.2,23740.5,23751.8,
2024-06-25T15:23:00+05:30,23753.2,23753.2,23742.2,23743.2,
2024-06-25T15:24:00+05:30,23743.3,23747.3,23740.6,23745.9,
2024-06-25T15:25:00+05:30,23746.9,23747.6,23736.3,23737.5,
2024-06-25T15:26:00+05:30,23738.2,23738.2,23731.9,23734.8,
2024-06-25T15:27:00+05:30,23735.7,23736,23729.5,23730.3,
2024-06-25T15:28:00+05:30,23731,23731.3,23719.3,23720.6,
2024-06-25T15:29:00+05:30,23722.7,23726.2,23715.3,23721.9,
2024-06-26T09:15:00+05:30,23723.1,23749.5,23689.3,23703,
2024-06-26T09:16:00+05:30,23704,23724.8,23697.7,23720,
2024-06-26T09:17:00+05:30,23718.7,23739.3,23713.8,23739.3,
2024-06-26T09:18:00+05:30,23738.8,23742.7,23732.2,23736,
2024-06-26T09:19:00+05:30,23736,23737,23718,23724.5,
2024-06-26T09:20:00+05:30,23722,23722,23712.5,23716.5,
2024-06-26T09:21:00+05:30,23713.8,23725.8,23709.7,23711.3,
2024-06-26T09:22:00+05:30,23710.5,23716.6,23707.6,23712.4,
2024-06-26T09:23:00+05:30,23710.9,23713,23704.1,23710.7,
2024-06-26T09:24:00+05:30,23710.4,23716.4,23703.8,23703.8,
2024-06-26T09:25:00+05:30,23704.8,23716.5,23704.3,23706.7,
2024-06-26T09:26:00+05:30,23706.8,23712.7,23705,23710.5,
2024-06-26T09:27:00+05:30,23710.2,23722.8,23710.1,23719.1,
2024-06-26T09:28:00+05:30,23718.8,23720.1,23712,23713.3,
2024-06-26T09:29:00+05:30,23712.5,23712.5,23695.3,23695.9,
2024-06-26T09:30:00+05:30,23696.5,23699.3,23677.2,23677.2,
2024-06-26T09:31:00+05:30,23678.8,23679.8,23670.5,23679,
2024-06-26T09:32:00+05:30,23678.7,23690.7,23677.8,23690.3,
2024-06-26T09:33:00+05:30,23690.8,23725.2,23688.9,23716.5,
2024-06-26T09:34:00+05:30,23717.4,23717.5,23699.2,23704.5,
2024-06-26T09:35:00+05:30,23703.4,23713,23701.8,23707,
2024-06-26T09:36:00+05:30,23708.5,23711.3,23705.9,23710,
2024-06-26T09:37:00+05:30,23709.2,23718.3,23707.5,23716,
2024-06-26T09:38:00+05:30,23715.6,23718,23713.4,23716.4,
2024-06-26T09:39:00+05:30,23716.7,23718.5,23704.8,23708.2,
2024-06-26T09:40:00+05:30,23709.8,23718.2,23709.3,23716.4,
2024-06-26T09:41:00+05:30,23716.8,23722,23713.3,23721.4,
2024-06-26T09:42:00+05:30,23721,23721.8,23708.4,23712.9,
2024-06-26T09:43:00+05:30,23713,23716.8,23707,23707.8,
2024-06-26T09:44:00+05:30,23709.1,23710.8,23697.5,23701.2,
2024-06-26T09:45:00+05:30,23700,23701.9,23689,23693.1,
2024-06-26T09:46:00+05:30,23693.7,23695.1,23684.3,23686.2,
2024-06-26T09:47:00+05:30,23685.7,23688,23681,23683.2,
2024-06-26T09:48:00+05:30,23684.1,23698,23683.5,23695.3,
2024-06-26T09:49:00+05:30,23695.2,23700,23694,23698.3,
2024-06-26T09:50:00+05:30,23696.2,23710.9,23694.7,23706,
2024-06-26T09:51:00+05:30,23707.7,23707.7,23693,23693.7,
2024-06-26T09:52:00+05:30,23693.8,23702.8,23693.3,23700.5,
2024-06-26T09:53:00+05:30,23700.4,23704.9,23699.8,23704.2,
2024-06-26T09:54:00+05:30,23704,23715.5,23704,23710.7,
2024-06-26T09:55:00+05:30,23710.3,23719,23708.2,23709,
2024-06-26T09:56:00+05:30,23709,23711,23704.4,23708.5,
2024-06-26T09:57:00+05:30,23708.8,23709.5,23700.5,23701.8,
2024-06-26T09:58:00+05:30,23701.8,23708.4,23701.2,23707,
2024-06-26T09:59:00+05:30,23705.8,23707.7,23697,23702.3,
2024-06-26T10:00:00+05:30,23702,23706.7,23699.7,23702,
2024-06-26T10:01:00+05:30,23701.7,23701.8,23693.7,23695.8,
2024-06-26T10:02:00+05:30,23695.2,23700.1,23691.9,23693.6,
2024-06-26T10:03:00+05:30,23693.6,23696.5,23689.4,23690,
2024-06-26T10:04:00+05:30,23689.5,23700.9,23687.8,23698.8,
2024-06-26T10:05:00+05:30,23698,23700,23691.7,23692.8,
2024-06-26T10:06:00+05:30,23693.2,23701.5,23692.1,23692.9,
2024-06-26T10:07:00+05:30,23693.2,23694.2,23690,23692,
2024-06-26T10:08:00+05:30,23691.8,23694,23686.2,23689.2,
2024-06-26T10:09:00+05:30,23689.9,23705,23689.9,23702.7,
2024-06-26T10:10:00+05:30,23702.1,23703.8,23696.7,23701.7,
2024-06-26T10:11:00+05:30,23702,23705.2,23700.4,23702.8,
2024-06-26T10:12:00+05:30,23702.2,23705.8,23699.8,23700.9,
2024-06-26T10:13:00+05:30,23700.2,23701.5,23697.5,23698.2,
2024-06-26T10:14:00+05:30,23698.9,23700.9,23691.4,23693.2,
2024-06-26T10:15:00+05:30,23693.2,23707.1,23693.2,23705.8,
2024-06-26T10:16:00+05:30,23706.6,23723.2,23705.5,23721.8,
2024-06-26T10:17:00+05:30,23721,23722,23711.5,23715.4,
2024-06-26T10:18:00+05:30,23716.5,23732.9,23716.2,23730.5,
2024-06-26T10:19:00+05:30,23731,23736,23728.9,23732.3,
2024-06-26T10:20:00+05:30,23732.2,23741.5,23731.7,23741.5,
2024-06-26T10:21:00+05:30,23743.6,23751,23743.6,23749,
2024-06-26T10:22:00+05:30,23748.6,23748.7,23732.8,23734.5,
2024-06-26T10:23:00+05:30,23734.3,23736.2,23726,23726.9,
2024-06-26T10:24:00+05:30,23726,23727.5,23720.3,23720.3,
2024-06-26T10:25:00+05:30,23718.3,23722.2,23714.2,23721,
2024-06-26T10:26:00+05:30,23721.2,23723.8,23715.5,23717.9,
2024-06-26T10:27:00+05:30,23717.8,23727.2,23716.6,23725.1,
2024-06-26T10:28:00+05:30,23724.1,23730.5,23724,23730.5,
2024-06-26T10:29:00+05:30,23730.5,23737.4,23730.5,23731.8,
2024-06-26T10:30:00+05:30,23732.3,23737.7,23731.1,23735.8,
2024-06-26T10:31:00+05:30,23735.8,23742.2,23735.8,23742.2,
2024-06-26T10:32:00+05:30,23741.8,23741.8,23730.5,23733,
2024-06-26T10:33:00+05:30,23732.8,23732.8,23724.3,23726.7,
2024-06-26T10:34:00+05:30,23726.1,23729.6,23724.1,23725.2,
2024-06-26T10:35:00+05:30,23724.8,23729.8,23722.8,23727.8,
2024-06-26T10:36:00+05:30,23728.6,23729.7,23725.5,23726,
2024-06-26T10:37:00+05:30,23725.9,23725.9,23717.7,23719,
2024-06-26T10:38:00+05:30,23718.5,23720.3,23716.1,23719.3,
2024-06-26T10:39:00+05:30,23719.3,23727,23718.5,23723.8,
2024-06-26T10:40:00+05:30,23724,23726.5,23722,23724.5,
2024-06-26T10:41:00+05:30,23725,23736,23724.4,23734,
2024-06-26T10:42:00+05:30,23734.2,23737.8,23730.7,23732.4,
2024-06-26T10:43:00+05:30,23732.8,23732.8,23723.8,23727.6,
2024-06-26T10:44:00+05:30,23727.6,23730.2,23723.2,23725,
2024-06-26T10:45:00+05:30,23724.5,23733.5,23722.3,23732.3,
2024-06-26T10:46:00+05:30,23733,23741.4,23731.3,23739.3,
2024-06-26T10:47:00+05:30,23740.3,23740.3,23734,23734.2,
2024-06-26T10:48:00+05:30,23733.2,23735.3,23729.9,23733.3,
2024-06-26T10:49:00+05:30,23733,23738.2,23731.3,23736.4,
2024-06-26T10:50:00+05:30,23736.6,23739,23733.5,23734.3,
2024-06-26T10:51:00+05:30,23735.5,23741.7,23733,23733.3,
2024-06-26T10:52:00+05:30,23733.8,23739.3,23732.5,23738.8,
2024-06-26T10:53:00+05:30,23738.5,23749.2,23738.4,23747,
2024-06-26T10:54:00+05:30,23747.2,23747.2,23740.9,23743.8,
2024-06-26T10:55:00+05:30,23745.7,23748.8,23743.8,23746.6,
2024-06-26T10:56:00+05:30,23746.1,23749.2,23743.9,23749,
2024-06-26T10:57:00+05:30,23748.8,23766.2,23748.2,23763,
2024-06-26T10:58:00+05:30,23763.2,23768.3,23761.4,23768.3,
2024-06-26T10:59:00+05:30,23766.8,23769.8,23763.5,23764.3,
2024-06-26T11:00:00+05:30,23764.3,23782.2,23764.2,23779.8,
2024-06-26T11:01:00+05:30,23780.7,23783.5,23772.4,23776.3,
2024-06-26T11:02:00+05:30,23776,23776.1,23770.9,23771.2,
2024-06-26T11:03:00+05:30,23771,23774.2,23765.7,23773.3,
2024-06-26T11:04:00+05:30,23774,23778.1,23773.2,23774.5,
2024-06-26T11:05:00+05:30,23774.9,23778.5,23771.2,23778.5,
2024-06-26T11:06:00+05:30,23776.8,23785.1,23774.5,23777.5,
2024-06-26T11:07:00+05:30,23777.4,23781,23774.1,23780.3,
2024-06-26T11:08:00+05:30,23779.6,23790.5,23778.5,23784.1,
2024-06-26T11:09:00+05:30,23784.6,23784.6,23776,23776.2,
2024-06-26T11:10:00+05:30,23775.7,23781.7,23775.3,23781,
2024-06-26T11:11:00+05:30,23781.5,23782.7,23773.7,23775.9,
2024-06-26T11:12:00+05:30,23776.3,23776.8,23772.3,23772.6,
2024-06-26T11:13:00+05:30,23772.7,23775.8,23767.2,23767.8,
2024-06-26T11:14:00+05:30,23768,23775.1,23767.8,23774.5,
2024-06-26T11:15:00+05:30,23773.8,23781.1,23772.6,23780,
2024-06-26T11:16:00+05:30,23780.3,23790.6,23780,23789.3,
2024-06-26T11:17:00+05:30,23789.8,23791.7,23784,23784,
2024-06-26T11:18:00+05:30,23784.1,23784.1,23779.2,23781.9,
2024-06-26T11:19:00+05:30,23781.9,23783.9,23777,23778,
2024-06-26T11:20:00+05:30,23778.2,23787.2,23777.8,23781.2,
2024-06-26T11:21:00+05:30,23782.5,23788.7,23781.7,23786,
2024-06-26T11:22:00+05:30,23786.2,23788.5,23784.2,23786.5,
2024-06-26T11:23:00+05:30,23787.3,23791.6,23784.5,23790.9,
2024-06-26T11:24:00+05:30,23791.4,23794.7,23790,23790,
2024-06-26T11:25:00+05:30,23790.9,23795.5,23789,23790.8,
2024-06-26T11:26:00+05:30,23791.8,23792.8,23785.8,23790.4,
2024-06-26T11:27:00+05:30,23791.2,23805.8,23790.5,23805.8,
2024-06-26T11:28:00+05:30,23805.5,23807.8,23801.2,23803.1,
2024-06-26T11:29:00+05:30,23802.8,23813.2,23802.6,23806.5,
2024-06-26T11:30:00+05:30,23807.1,23811,23804.7,23811,
2024-06-26T11:31:00+05:30,23810.8,23812.2,23806.7,23810.1,
2024-06-26T11:32:00+05:30,23810,23816,23807.1,23813,
2024-06-26T11:33:00+05:30,23812,23819.3,23810.5,23819.3,
2024-06-26T11:34:00+05:30,23817.9,23824.3,23814.8,23824.3,
2024-06-26T11:35:00+05:30,23824.8,23825.8,23806.5,23808.7,
2024-06-26T11:36:00+05:30,23809.6,23815.4,23807.3,23809.1,
2024-06-26T11:37:00+05:30,23809.2,23812.7,23807.8,23807.9,
2024-06-26T11:38:00+05:30,23807.8,23809.3,23799.7,23800.7,
2024-06-26T11:39:00+05:30,23801.1,23807,23800.2,23802.7,
2024-06-26T11:40:00+05:30,23803,23805,23801.2,23804,
2024-06-26T11:41:00+05:30,23803.5,23810.7,23797.9,23799.1,
2024-06-26T11:42:00+05:30,23800,23802.7,23791.2,23791.5,
2024-06-26T11:43:00+05:30,23792.2,23804.2,23792.1,23803.2,
2024-06-26T11:44:00+05:30,23803,23807.7,23802.5,23805.4,
2024-06-26T11:45:00+05:30,23806.2,23808,23803.3,23806.5,
2024-06-26T11:46:00+05:30,23807.5,23812.4,23804.8,23808.6,
2024-06-26T11:47:00+05:30,23808.3,23815,23808.2,23814.5,
2024-06-26T11:48:00+05:30,23814.7,23819,23813,23814.7,
2024-06-26T11:49:00+05:30,23814.6,23818,23812.7,23816.8,
2024-06-26T11:50:00+05:30,23817.2,23819.2,23814.2,23814.7,
2024-06-26T11:51:00+05:30,23815,23821.9,23814.2,23819.5,
2024-06-26T11:52:00+05:30,23819.2,23821.2,23816.3,23817.2,
2024-06-26T11:53:00+05:30,23818.1,23818.8,23814.9,23817.5,
2024-06-26T11:54:00+05:30,23817.1,23819.5,23815.9,23818.4,
2024-06-26T11:55:00+05:30,23818.2,23824.5,23818,23824.5,
2024-06-26T11:56:00+05:30,23823.9,23825.2,23814.6,23816.1,
2024-06-26T11:57:00+05:30,23815.9,23825,23813.9,23822.8,
2024-06-26T11:58:00+05:30,23822.6,23827.5,23821.3,23825.9,
2024-06-26T11:59:00+05:30,23826,23826.8,23821.7,23826.3,
2024-06-26T12:00:00+05:30,23827.1,23842.5,23824.9,23842.5,
2024-06-26T12:01:00+05:30,23841.2,23842.9,23836.2,23836.2,
2024-06-26T12:02:00+05:30,23836.6,23838.8,23832.5,23833.3,
2024-06-26T12:03:00+05:30,23833.1,23834,23821.8,23822.5,
2024-06-26T12:04:00+05:30,23822.2,23823.1,23818.2,23821.5,
2024-06-26T12:05:00+05:30,23822,23822.5,23817.8,23819.2,
2024-06-26T12:06:00+05:30,23819,23824.3,23818.8,23822.9,
2024-06-26T12:07:00+05:30,23823.8,23826.3,23818.8,23825,
2024-06-26T12:08:00+05:30,23825.4,23826,23819.5,23823.3,
2024-06-26T12:09:00+05:30,23821.9,23834.2,23821.1,23832.7,
2024-06-26T12:10:00+05:30,23832.7,23835.8,23828.3,23835.8,
2024-06-26T12:11:00+05:30,23835.2,23838.2,23833.6,23835.2,
2024-06-26T12:12:00+05:30,23835.8,23835.8,23831.5,23832.1,
2024-06-26T12:13:00+05:30,23831.5,23833,23829.5,23830.7,
2024-06-26T12:14:00+05:30,23830.5,23832.5,23828.1,23828.8,
2024-06-26T12:15:00+05:30,23830.2,23833.8,23827.2,23832.5,
2024-06-26T12:16:00+05:30,23832.2,23832.8,23829.3,23832.8,
2024-06-26T12:17:00+05:30,23831.3,23836.8,23830.1,23835.4,
2024-06-26T12:18:00+05:30,23836.1,23847,23834,23845.5,
2024-06-26T12:19:00+05:30,23845.8,23847.2,23842.1,23843,
2024-06-26T12:20:00+05:30,23843.2,23844.5,23840.7,23842.8,
2024-06-26T12:21:00+05:30,23842.4,23845.5,23840.9,23843.5,
2024-06-26T12:22:00+05:30,23844.3,23851,23843.6,23846,
2024-06-26T12:23:00+05:30,23845.5,23846.9,23832.5,23836.2,
2024-06-26T12:24:00+05:30,23836.9,23842,23835.5,23841,
2024-06-26T12:25:00+05:30,23841.5,23843.2,23838,23839.3,
2024-06-26T12:26:00+05:30,23840.4,23849.6,23839.5,23847.5,
2024-06-26T12:27:00+05:30,23848.2,23858.8,23848.2,23857.2,
2024-06-26T12:28:00+05:30,23857.6,23859.5,23848.3,23848.3,
2024-06-26T12:29:00+05:30,23849.1,23850.5,23834.6,23835.3,
2024-06-26T12:30:00+05:30,23834.7,23837,23829.8,23830.7,
2024-06-26T12:31:00+05:30,23831.3,23837,23831.3,23836,
2024-06-26T12:32:00+05:30,23836.9,23846,23836.2,23845.2,
2024-06-26T12:33:00+05:30,23845.7,23846.7,23841.6,23846.2,
2024-06-26T12:34:00+05:30,23845.8,23849.5,23843.6,23846.3,
2024-06-26T12:35:00+05:30,23847.8,23849.9,23845.2,23847.2,
2024-06-26T12:36:00+05:30,23847,23848,23841.8,23842.7,
2024-06-26T12:37:00+05:30,23844,23845,23836.4,23838.7,
2024-06-26T12:38:00+05:30,23838.2,23840.5,23837,23837.2,
2024-06-26T12:39:00+05:30,23837.2,23846,23834.8,23844,
2024-06-26T12:40:00+05:30,23844.2,23845.3,23841.3,23842.7,
2024-06-26T12:41:00+05:30,23842,23844.8,23838,23839.5,
2024-06-26T12:42:00+05:30,23839,23843.8,23836.5,23842.8,
2024-06-26T12:43:00+05:30,23843.2,23845.7,23839.9,23844,
2024-06-26T12:44:00+05:30,23844,23846,23842.8,23844.2,
2024-06-26T12:45:00+05:30,23843.8,23845.3,23838.4,23838.4,
2024-06-26T12:46:00+05:30,23838.9,23839.3,23832.1,23834.2,
2024-06-26T12:47:00+05:30,23835.7,23844.1,23834.5,23842.8,
2024-06-26T12:48:00+05:30,23843.1,23845.8,23841,23844.2,
2024-06-26T12:49:00+05:30,23843.3,23845,23839.5,23842,
2024-06-26T12:50:00+05:30,23843.3,23850.5,23841.5,23846.7,
2024-06-26T12:51:00+05:30,23847.6,23849.6,23839.6,23841.5,
2024-06-26T12:52:00+05:30,23841.2,23843.2,23837.5,23838,
2024-06-26T12:53:00+05:30,23837.7,23840.8,23832.8,23834,
2024-06-26T12:54:00+05:30,23833.8,23840,23833.8,23838.5,
2024-06-26T12:55:00+05:30,23837.8,23838.3,23833.5,23836.6,
2024-06-26T12:56:00+05:30,23836.6,23837,23827.2,23827.2,
2024-06-26T12:57:00+05:30,23827.3,23830.5,23816.8,23830.4,
2024-06-26T12:58:00+05:30,23830.1,23834.5,23827,23828.2,
2024-06-26T12:59:00+05:30,23828.2,23833.3,23828.2,23830.2,
2024-06-26T13:00:00+05:30,23831.4,23832.2,23826.2,23827,
2024-06-26T13:01:00+05:30,23826,23829,23809.5,23810.8,
2024-06-26T13:02:00+05:30,23810.8,23822.8,23810.2,23820.3,
2024-06-26T13:03:00+05:30,23821,23823,23807.7,23808.5,
2024-06-26T13:04:00+05:30,23808,23814.2,23803.8,23804.3,
2024-06-26T13:05:00+05:30,23805.7,23813.3,23803.8,23811.5,
2024-06-26T13:06:00+05:30,23811.9,23818.7,23809.2,23817,
2024-06-26T13:07:00+05:30,23817,23825.5,23814.9,23823.6,
2024-06-26T13:08:00+05:30,23823.8,23833.5,23822.4,23830.8,
2024-06-26T13:09:00+05:30,23831.7,23831.8,23825.5,23829.7,
2024-06-26T13:10:00+05:30,23830,23844.7,23829.7,23838.5,
2024-06-26T13:11:00+05:30,23838,23839.5,23832.2,23836.2,
2024-06-26T13:12:00+05:30,23837,23837,23827.5,23828.9,
2024-06-26T13:13:00+05:30,23829.3,23829.3,23823,23827,
2024-06-26T13:14:00+05:30,23827.2,23830.4,23826.5,23828.2,
2024-06-26T13:15:00+05:30,23828.6,23829.2,23825.1,23825.4,
2024-06-26T13:16:00+05:30,23827.2,23834,23825.2,23832.3,
2024-06-26T13:17:00+05:30,23833,23845,23832.5,23840.3,
2024-06-26T13:18:00+05:30,23841.3,23842.5,23837.4,23838,
2024-06-26T13:19:00+05:30,23838.9,23839.2,23835,23838.8,
2024-06-26T13:20:00+05:30,23838.3,23840.5,23835.2,23836.2,
2024-06-26T13:21:00+05:30,23837.7,23844.3,23836.5,23844.3,
2024-06-26T13:22:00+05:30,23844,23848.2,23842.1,23847.9,
2024-06-26T13:23:00+05:30,23846.2,23853.7,23846.2,23849.3,
2024-06-26T13:24:00+05:30,23848.5,23851.2,23846.6,23848.8,
2024-06-26T13:25:00+05:30,23849,23850.7,23844.3,23845.5,
2024-06-26T13:26:00+05:30,23843.8,23858.5,23843.8,23853.8,
2024-06-26T13:27:00+05:30,23854.5,23855.8,23848.6,23853.7,
2024-06-26T13:28:00+05:30,23853.8,23856.3,23851.8,23855.8,
2024-06-26T13:29:00+05:30,23855.8,23856.7,23846.3,23847.1,
2024-06-26T13:30:00+05:30,23846.2,23847.5,23838.8,23839.5,
2024-06-26T13:31:00+05:30,23839.5,23847.9,23839.5,23845.3,
2024-06-26T13:32:00+05:30,23846.4,23847.3,23839.2,23847.3,
2024-06-26T13:33:00+05:30,23847.2,23849.3,23844,23847,
2024-06-26T13:34:00+05:30,23845.5,23846.2,23839.8,23840.8,
2024-06-26T13:35:00+05:30,23841,23848.2,23838.9,23847.2,
2024-06-26T13:36:00+05:30,23847,23848,23844.7,23846.7,
2024-06-26T13:37:00+05:30,23846.5,23849.5,23844.3,23845.3,
2024-06-26T13:38:00+05:30,23844.5,23846,23841,23842.5,
2024-06-26T13:39:00+05:30,23842.2,23849.8,23842.2,23849.2,
2024-06-26T13:40:00+05:30,23848.8,23853.5,23848.1,23850.7,
2024-06-26T13:41:00+05:30,23850.9,23858.7,23850.7,23856.8,
2024-06-26T13:42:00+05:30,23857.2,23857.5,23849.8,23849.8,
2024-06-26T13:43:00+05:30,23850.8,23852.3,23840.6,23842,
2024-06-26T13:44:00+05:30,23841.2,23845.7,23839.6,23844.1,
2024-06-26T13:45:00+05:30,23844.8,23850.7,23843.5,23848.8,
2024-06-26T13:46:00+05:30,23848.5,23851.8,23847.7,23849.2,
2024-06-26T13:47:00+05:30,23849.5,23851.8,23848.6,23850.7,
2024-06-26T13:48:00+05:30,23850.8,23854,23848.1,23852.8,
2024-06-26T13:49:00+05:30,23853.3,23855.7,23850,23850.3,
2024-06-26T13:50:00+05:30,23850.2,23851,23844.6,23846,
2024-06-26T13:51:00+05:30,23845.5,23852.3,23845.2,23849,
2024-06-26T13:52:00+05:30,23848.7,23851.4,23847.3,23848.6,
2024-06-26T13:53:00+05:30,23848.7,23853.3,23847.3,23849.7,
2024-06-26T13:54:00+05:30,23850.2,23853.5,23849.5,23852,
2024-06-26T13:55:00+05:30,23851.6,23856.4,23851.3,23855.4,
2024-06-26T13:56:00+05:30,23855.8,23863.8,23855.3,23858,
2024-06-26T13:57:00+05:30,23858.2,23861.8,23857.4,23858.5,
2024-06-26T13:58:00+05:30,23859.3,23859.3,23845.7,23848.8,
2024-06-26T13:59:00+05:30,23848.4,23854.1,23847,23851.7,
2024-06-26T14:00:00+05:30,23851.8,23857.5,23850.6,23856.2,
2024-06-26T14:01:00+05:30,23856.6,23859,23855.5,23856.7,
2024-06-26T14:02:00+05:30,23856.1,23857,23853.2,23854.5,
2024-06-26T14:03:00+05:30,23855.2,23858.4,23854.8,23857.5,
2024-06-26T14:04:00+05:30,23857.5,23861.6,23855,23856.7,
2024-06-26T14:05:00+05:30,23856.8,23860.5,23855.8,23858.9,
2024-06-26T14:06:00+05:30,23859.1,23861.9,23858.5,23860,
2024-06-26T14:07:00+05:30,23860,23864.8,23859.7,23860.5,
2024-06-26T14:08:00+05:30,23860.8,23861.8,23857,23861,
2024-06-26T14:09:00+05:30,23860.7,23863.5,23858.6,23863.3,
2024-06-26T14:10:00+05:30,23863.3,23867.7,23861.2,23863.5,
2024-06-26T14:11:00+05:30,23864.2,23871.9,23863.8,23870.3,
2024-06-26T14:12:00+05:30,23870.6,23871.7,23863.2,23864.5,
2024-06-26T14:13:00+05:30,23864.5,23873.9,23863.5,23873.9,
2024-06-26T14:14:00+05:30,23872.2,23874.5,23869.5,23872.2,
2024-06-26T14:15:00+05:30,23873,23873,23865,23868.8,
2024-06-26T14:16:00+05:30,23868.1,23871.5,23867.5,23869.3,
2024-06-26T14:17:00+05:30,23869.3,23877,23869.3,23876.2,
2024-06-26T14:18:00+05:30,23876.3,23880.3,23873.9,23880.3,
2024-06-26T14:19:00+05:30,23879,23880.5,23873.2,23873.6,
2024-06-26T14:20:00+05:30,23874.4,23875.9,23866,23867,
2024-06-26T14:21:00+05:30,23868,23868,23857.7,23860.9,
2024-06-26T14:22:00+05:30,23861.4,23862.2,23859,23859,
2024-06-26T14:23:00+05:30,23858.8,23860.6,23850,23851.7,
2024-06-26T14:24:00+05:30,23852.4,23864.1,23851,23862.3,
2024-06-26T14:25:00+05:30,23863,23864.8,23856.7,23862.9,
2024-06-26T14:26:00+05:30,23862.7,23869.8,23861.9,23867,
2024-06-26T14:27:00+05:30,23869.1,23873.2,23867.3,23871.5,
2024-06-26T14:28:00+05:30,23872.2,23875.9,23871.8,23873.2,
2024-06-26T14:29:00+05:30,23873.4,23874.8,23863.2,23865.3,
2024-06-26T14:30:00+05:30,23866.3,23867.5,23857.8,23861.8,
2024-06-26T14:31:00+05:30,23861.3,23864,23858.9,23860.2,
2024-06-26T14:32:00+05:30,23861.7,23873.7,23860.2,23871.5,
2024-06-26T14:33:00+05:30,23871.8,23878.3,23870.2,23878,
2024-06-26T14:34:00+05:30,23878.3,23878.7,23867.8,23869.6,
2024-06-26T14:35:00+05:30,23870.5,23873,23867.9,23870.8,
2024-06-26T14:36:00+05:30,23871.5,23881.2,23869.6,23877.9,
2024-06-26T14:37:00+05:30,23878.4,23879.2,23873.6,23873.7,
2024-06-26T14:38:00+05:30,23875,23882,23874,23878.2,
2024-06-26T14:39:00+05:30,23878.9,23880.7,23869,23869.5,
2024-06-26T14:40:00+05:30,23871.3,23880.8,23869.5,23878.6,
2024-06-26T14:41:00+05:30,23878.2,23882.5,23872.3,23874.8,
2024-06-26T14:42:00+05:30,23875.3,23876.2,23871.9,23875.3,
2024-06-26T14:43:00+05:30,23876,23879,23872.6,23877.5,
2024-06-26T14:44:00+05:30,23878.3,23879,23870.2,23872.9,
2024-06-26T14:45:00+05:30,23871.5,23876.3,23867.2,23867.5,
2024-06-26T14:46:00+05:30,23866.5,23871.7,23864.7,23865.5,
2024-06-26T14:47:00+05:30,23867.2,23870.7,23864.8,23869.5,
2024-06-26T14:48:00+05:30,23869.6,23873,23868.3,23870.6,
2024-06-26T14:49:00+05:30,23870.7,23877,23867.6,23874.9,
2024-06-26T14:50:00+05:30,23877.2,23879.8,23873.6,23873.7,
2024-06-26T14:51:00+05:30,23876.2,23876.2,23869.2,23870.7,
2024-06-26T14:52:00+05:30,23871.2,23872.4,23865,23868.7,
2024-06-26T14:53:00+05:30,23867.7,23875.2,23857,23875.2,
2024-06-26T14:54:00+05:30,23874.5,23884.2,23872.2,23881,
2024-06-26T14:55:00+05:30,23882.6,23885.5,23881,23881.3,
2024-06-26T14:56:00+05:30,23882,23883,23876.6,23876.8,
2024-06-26T14:57:00+05:30,23877.5,23879.4,23874.3,23874.5,
2024-06-26T14:58:00+05:30,23874.8,23880.3,23874,23878,
2024-06-26T14:59:00+05:30,23878,23879.4,23873.1,23874,
2024-06-26T15:00:00+05:30,23873.3,23874.9,23860.8,23868,
2024-06-26T15:01:00+05:30,23866.2,23867.8,23855.2,23865.1,
2024-06-26T15:02:00+05:30,23864.5,23874.9,23862.5,23873.5,
2024-06-26T15:03:00+05:30,23874.8,23876.5,23871.2,23874.5,
2024-06-26T15:04:00+05:30,23873.3,23875.2,23864.2,23864.2,
2024-06-26T15:05:00+05:30,23862.7,23864.4,23853.5,23855.8,
2024-06-26T15:06:00+05:30,23856.3,23859.3,23851.3,23858,
2024-06-26T15:07:00+05:30,23857.8,23859.2,23850.2,23850.2,
2024-06-26T15:08:00+05:30,23849,23855.1,23843.2,23855.1,
2024-06-26T15:09:00+05:30,23855.2,23879.2,23855.2,23879.2,
2024-06-26T15:10:00+05:30,23879.5,23880.2,23876.7,23878.7,
2024-06-26T15:11:00+05:30,23879.5,23884.6,23877.8,23882.8,
2024-06-26T15:12:00+05:30,23883.3,23889.9,23883.3,23888.8,
2024-06-26T15:13:00+05:30,23889.4,23889.4,23881.2,23882.4,
2024-06-26T15:14:00+05:30,23882.2,23883,23870.8,23875.2,
2024-06-26T15:15:00+05:30,23873.5,23879.8,23871,23872.1,
2024-06-26T15:16:00+05:30,23872,23872,23865.8,23866.8,
2024-06-26T15:17:00+05:30,23866.7,23867.9,23862.7,23865.3,
2024-06-26T15:18:00+05:30,23866.2,23873.5,23865.5,23871.5,
2024-06-26T15:19:00+05:30,23870.8,23877.2,23869,23877.2,
2024-06-26T15:20:00+05:30,23878.1,23886,23873.1,23881.1,
2024-06-26T15:21:00+05:30,23879,23887,23877.7,23880,
2024-06-26T15:22:00+05:30,23880.5,23883.3,23871.3,23871.3,
2024-06-26T15:23:00+05:30,23871.7,23872.7,23867,23867.7,
2024-06-26T15:24:00+05:30,23868,23868.2,23860.7,23864.8,
2024-06-26T15:25:00+05:30,23865.3,23867,23861.7,23865.1,
2024-06-26T15:26:00+05:30,23866.9,23869.8,23860.7,23865,
2024-06-26T15:27:00+05:30,23867.3,23867.3,23854.2,23855.5,
2024-06-26T15:28:00+05:30,23856,23859.6,23848.8,23850.8,
2024-06-26T15:29:00+05:30,23852.6,23854.2,23839.6,23840.2,
2024-06-27T09:15:00+05:30,23881.5,23887.5,23821.3,23834.2,
2024-06-27T09:16:00+05:30,23833.5,23841.2,23828.2,23831.7,
2024-06-27T09:17:00+05:30,23832.2,23841.3,23825.3,23835.5,
2024-06-27T09:18:00+05:30,23829.5,23842,23828.2,23834.5,
2024-06-27T09:19:00+05:30,23834.8,23847.1,23830.7,23841.5,
2024-06-27T09:20:00+05:30,23842.2,23852.6,23842,23849.5,
2024-06-27T09:21:00+05:30,23848.6,23850.4,23841.5,23844.4,
2024-06-27T09:22:00+05:30,23843.4,23858.2,23843,23852.5,
2024-06-27T09:23:00+05:30,23853,23863.2,23851.2,23861.5,
2024-06-27T09:24:00+05:30,23860.8,23863.1,23850,23850,
2024-06-27T09:25:00+05:30,23851,23852.6,23833.4,23835,
2024-06-27T09:26:00+05:30,23833,23839.3,23829.2,23836.8,
2024-06-27T09:27:00+05:30,23837.1,23839.5,23830,23832.4,
2024-06-27T09:28:00+05:30,23832.6,23833,23817.8,23821.2,
2024-06-27T09:29:00+05:30,23820.8,23821.3,23813.5,23819.7,
2024-06-27T09:30:00+05:30,23819.7,23828.1,23812.3,23821.6,
2024-06-27T09:31:00+05:30,23822,23825.2,23807.7,23816.5,
2024-06-27T09:32:00+05:30,23817.3,23830,23817,23823,
2024-06-27T09:33:00+05:30,23822.8,23824.7,23813.2,23814.7,
2024-06-27T09:34:00+05:30,23812.9,23817.7,23805.4,23817.3,
2024-06-27T09:35:00+05:30,23816.2,23824.5,23814.4,23822.3,
2024-06-27T09:36:00+05:30,23822.5,23828.2,23818.8,23820.2,
2024-06-27T09:37:00+05:30,23820.7,23826.9,23812.7,23816.8,
2024-06-27T09:38:00+05:30,23817.5,23857.7,23816.2,23847.7,
2024-06-27T09:39:00+05:30,23847.6,23854.3,23843.2,23847.8,
2024-06-27T09:40:00+05:30,23846.5,23862,23845.8,23861.8,
2024-06-27T09:41:00+05:30,23861.6,23865,23855.8,23863.8,
2024-06-27T09:42:00+05:30,23863.6,23864.2,23851.5,23857.6,
2024-06-27T09:43:00+05:30,23857.3,23861.8,23852,23860.7,
2024-06-27T09:44:00+05:30,23859.8,23862.3,23855.4,23857.3,
2024-06-27T09:45:00+05:30,23859.6,23872.5,23856,23871.4,
2024-06-27T09:46:00+05:30,23871.9,23879.8,23870.6,23873.8,
2024-06-27T09:47:00+05:30,23874.4,23876.1,23864.1,23864.2,
2024-06-27T09:48:00+05:30,23864.3,23864.8,23857.4,23860.5,
2024-06-27T09:49:00+05:30,23859.8,23876.7,23859.8,23875,
2024-06-27T09:50:00+05:30,23875.5,23882.3,23875.2,23877,
2024-06-27T09:51:00+05:30,23876.8,23880.4,23874.6,23876.2,
2024-06-27T09:52:00+05:30,23876.1,23876.1,23858.4,23858.5,
2024-06-27T09:53:00+05:30,23858.9,23861.8,23855,23857.7,
2024-06-27T09:54:00+05:30,23856.8,23868,23856.8,23865.7,
2024-06-27T09:55:00+05:30,23867.2,23871,23863.3,23867.3,
2024-06-27T09:56:00+05:30,23868,23889.3,23862.2,23889.3,
2024-06-27T09:57:00+05:30,23890.2,23908.1,23889.3,23905.9,
2024-06-27T09:58:00+05:30,23906,23913.8,23906,23907.8,
2024-06-27T09:59:00+05:30,23909.8,23915.9,23907.7,23913.6,
2024-06-27T10:00:00+05:30,23915.4,23920.3,23907.8,23920.3,
2024-06-27T10:01:00+05:30,23919,23935.6,23919,23935.6,
2024-06-27T10:02:00+05:30,23934.6,23946.8,23934.6,23942.7,
2024-06-27T10:03:00+05:30,23944.7,23952.8,23939.8,23943.3,
2024-06-27T10:04:00+05:30,23944.9,23951.7,23940.2,23951,
2024-06-27T10:05:00+05:30,23951.2,23958,23943.7,23948,
2024-06-27T10:06:00+05:30,23947.8,23953.3,23945.7,23952.8,
2024-06-27T10:07:00+05:30,23951.8,23962.2,23944.8,23947.8,
2024-06-27T10:08:00+05:30,23948,23958.9,23947.8,23953.2,
2024-06-27T10:09:00+05:30,23954.2,23958.5,23951.1,23952.8,
2024-06-27T10:10:00+05:30,23953,23960.8,23952.3,23953,
2024-06-27T10:11:00+05:30,23953.2,23966.4,23952.8,23958.3,
2024-06-27T10:12:00+05:30,23959.8,23965.4,23954.5,23960.8,
2024-06-27T10:13:00+05:30,23960.9,23960.9,23941.1,23943.9,
2024-06-27T10:14:00+05:30,23943.4,23950.7,23942.8,23946,
2024-06-27T10:15:00+05:30,23946.1,23953.8,23940.2,23953.8,
2024-06-27T10:16:00+05:30,23954.2,23954.2,23938.3,23944.3,
2024-06-27T10:17:00+05:30,23943.7,23947.2,23937.9,23942,
2024-06-27T10:18:00+05:30,23941.7,23951,23940.8,23947.8,
2024-06-27T10:19:00+05:30,23947.9,23954.3,23947.2,23952.2,
2024-06-27T10:20:00+05:30,23952.2,23956.1,23944.5,23948.9,
2024-06-27T10:21:00+05:30,23950.3,23955.3,23948.2,23953.7,
2024-06-27T10:22:00+05:30,23953.4,23956.5,23946.2,23949,
2024-06-27T10:23:00+05:30,23950.5,23951.8,23943,23944.1,
2024-06-27T10:24:00+05:30,23944.7,23945.8,23937.6,23941.2,
2024-06-27T10:25:00+05:30,23942.1,23946.3,23937.7,23941.7,
2024-06-27T10:26:00+05:30,23941.5,23946.8,23940,23946.5,
2024-06-27T10:27:00+05:30,23947.2,23966.5,23946.8,23961.9,
2024-06-27T10:28:00+05:30,23962.2,23974.7,23962.2,23970.8,
2024-06-27T10:29:00+05:30,23969.8,23971.5,23964.8,23970.8,
2024-06-27T10:30:00+05:30,23967.7,23973.9,23966.2,23970.8,
2024-06-27T10:31:00+05:30,23969.9,23970.3,23961.3,23962.4,
2024-06-27T10:32:00+05:30,23962,23964.4,23953.7,23954.9,
2024-06-27T10:33:00+05:30,23956.5,23957.5,23891.5,23905.3,
2024-06-27T10:34:00+05:30,23906.8,23916.2,23899.5,23899.5,
2024-06-27T10:35:00+05:30,23897.4,23912.7,23892.2,23910.8,
2024-06-27T10:36:00+05:30,23912,23912.8,23904.1,23909,
2024-06-27T10:37:00+05:30,23908.8,23923.8,23906.2,23921.7,
2024-06-27T10:38:00+05:30,23923,23927.2,23910.5,23920,
2024-06-27T10:39:00+05:30,23920.1,23920.5,23909.9,23912,
2024-06-27T10:40:00+05:30,23913.5,23917.5,23904.8,23910.6,
2024-06-27T10:41:00+05:30,23909.9,23910.7,23897.2,23897.3,
2024-06-27T10:42:00+05:30,23899.6,23907.8,23899.2,23901.6,
2024-06-27T10:43:00+05:30,23901.2,23905.8,23856.7,23856.7,
2024-06-27T10:44:00+05:30,23857,23859.5,23844.2,23851,
2024-06-27T10:45:00+05:30,23849.8,23851.6,23834.3,23844.7,
2024-06-27T10:46:00+05:30,23845,23854.7,23841.7,23850.3,
2024-06-27T10:47:00+05:30,23849,23849.2,23838.5,23838.9,
2024-06-27T10:48:00+05:30,23839.2,23845.8,23838.2,23839.5,
2024-06-27T10:49:00+05:30,23838.3,23863,23836.8,23863,
2024-06-27T10:50:00+05:30,23862.9,23877.7,23856.3,23874.2,
2024-06-27T10:51:00+05:30,23874.8,23887.2,23874.2,23883.1,
2024-06-27T10:52:00+05:30,23883.1,23883.1,23872.7,23875.3,
2024-06-27T10:53:00+05:30,23874.2,23875.8,23866.6,23868.5,
2024-06-27T10:54:00+05:30,23869.5,23870.2,23851.2,23852,
2024-06-27T10:55:00+05:30,23852.5,23864.2,23851,23861,
2024-06-27T10:56:00+05:30,23861.5,23874.8,23861.3,23871.7,
2024-06-27T10:57:00+05:30,23872.1,23882.8,23871.3,23877.5,
2024-06-27T10:58:00+05:30,23879.8,23887,23877.5,23883.8,
2024-06-27T10:59:00+05:30,23883.2,23891,23877.8,23889.3,
2024-06-27T11:00:00+05:30,23888.1,23899.7,23886,23892.2,
2024-06-27T11:01:00+05:30,23893.3,23902,23887.5,23890.3,
2024-06-27T11:02:00+05:30,23890.6,23894,23883.7,23887.2,
2024-06-27T11:03:00+05:30,23887.2,23891.1,23880.9,23880.9,
2024-06-27T11:04:00+05:30,23879.9,23883.3,23875.5,23879.2,
2024-06-27T11:05:00+05:30,23881.2,23889,23879.1,23886.7,
2024-06-27T11:06:00+05:30,23886.7,23891.8,23882.6,23886.6,
2024-06-27T11:07:00+05:30,23886.4,23889.2,23882.2,23888,
2024-06-27T11:08:00+05:30,23888,23889.7,23882.3,23888.1,
2024-06-27T11:09:00+05:30,23887.2,23890.9,23885.8,23889.5,
2024-06-27T11:10:00+05:30,23889.6,23899.4,23886.3,23898.3,
2024-06-27T11:11:00+05:30,23897.7,23901,23896.1,23900.8,
2024-06-27T11:12:00+05:30,23901.2,23911.5,23899,23909.9,
2024-06-27T11:13:00+05:30,23912.8,23925,23912.8,23924.6,
2024-06-27T11:14:00+05:30,23925.3,23925.3,23916.6,23922,
2024-06-27T11:15:00+05:30,23921.5,23921.5,23912.3,23918.2,
2024-06-27T11:16:00+05:30,23918.1,23922.2,23916.2,23921.8,
2024-06-27T11:17:00+05:30,23922.1,23931.2,23919,23919,
2024-06-27T11:18:00+05:30,23920.3,23922.2,23908.2,23908.2,
2024-06-27T11:19:00+05:30,23908.7,23909.2,23894.2,23895.8,
2024-06-27T11:20:00+05:30,23895.5,23903.5,23895.5,23902.2,
2024-06-27T11:21:00+05:30,23902.2,23905.1,23895.4,23902.8,
2024-06-27T11:22:00+05:30,23903.2,23913,23903.2,23911.2,
2024-06-27T11:23:00+05:30,23910.2,23919.3,23909.4,23919.3,
2024-06-27T11:24:00+05:30,23919.5,23929.5,23915.2,23925.7,
2024-06-27T11:25:00+05:30,23924.5,23928.7,23921.3,23924.5,
2024-06-27T11:26:00+05:30,23923.8,23931.8,23922.7,23923.8,
2024-06-27T11:27:00+05:30,23923.7,23925,23920.3,23924.8,
2024-06-27T11:28:00+05:30,23924.3,23926.8,23920.6,23923,
2024-06-27T11:29:00+05:30,23923.2,23923.2,23912.1,23918.2,
2024-06-27T11:30:00+05:30,23918,23924,23915.7,23922.8,
2024-06-27T11:31:00+05:30,23922.5,23931.5,23921,23928.4,
2024-06-27T11:32:00+05:30,23929.3,23933.4,23926.7,23928.2,
2024-06-27T11:33:00+05:30,23928,23928,23919.5,23925.2,
2024-06-27T11:34:00+05:30,23925.1,23925.5,23917.3,23919.1,
2024-06-27T11:35:00+05:30,23917.8,23923.2,23914.5,23922.5,
2024-06-27T11:36:00+05:30,23921.8,23927.1,23920.5,23923.1,
2024-06-27T11:37:00+05:30,23923.2,23924.8,23906.5,23909.7,
2024-06-27T11:38:00+05:30,23909.7,23917.2,23906.1,23916.1,
2024-06-27T11:39:00+05:30,23915.4,23923.9,23915.4,23923.9,
2024-06-27T11:40:00+05:30,23923.5,23927.5,23920.8,23926.4,
2024-06-27T11:41:00+05:30,23926.2,23933.4,23926,23933.4,
2024-06-27T11:42:00+05:30,23932.5,23950,23931.5,23949,
2024-06-27T11:43:00+05:30,23948.7,23952.8,23945.9,23949.1,
2024-06-27T11:44:00+05:30,23948.8,23949.7,23942.2,23947.5,
2024-06-27T11:45:00+05:30,23947.8,23952.8,23944.7,23945.2,
2024-06-27T11:46:00+05:30,23947.4,23950.8,23945,23949.7,
2024-06-27T11:47:00+05:30,23948.7,23954.5,23946.3,23949.6,
2024-06-27T11:48:00+05:30,23948.1,23950.2,23944.7,23945.5,
2024-06-27T11:49:00+05:30,23944.2,23948.2,23940.9,23941,
2024-06-27T11:50:00+05:30,23941,23944.3,23934,23935.6,
2024-06-27T11:51:00+05:30,23935.7,23945,23931.7,23944.7,
2024-06-27T11:52:00+05:30,23944.7,23950.2,23943,23944.2,
2024-06-27T11:53:00+05:30,23944.2,23944.2,23933.3,23936.2,
2024-06-27T11:54:00+05:30,23936.2,23936.8,23931.2,23933.2,
2024-06-27T11:55:00+05:30,23933.7,23938.2,23931.2,23934,
2024-06-27T11:56:00+05:30,23936,23943.1,23934.5,23939.2,
2024-06-27T11:57:00+05:30,23938.6,23947,23938.6,23946.7,
2024-06-27T11:58:00+05:30,23946.5,23948.8,23943.2,23947.5,
2024-06-27T11:59:00+05:30,23947.5,23954.8,23944.8,23953.7,
2024-06-27T12:00:00+05:30,23953.4,23958.9,23950.8,23954.3,
2024-06-27T12:01:00+05:30,23955.3,23955.3,23947.1,23947.7,
2024-06-27T12:02:00+05:30,23948.6,23956.7,23947.2,23956.5,
2024-06-27T12:03:00+05:30,23956.4,23959.8,23949.6,23956.3,
2024-06-27T12:04:00+05:30,23956.8,23960.6,23953.9,23957.3,
2024-06-27T12:05:00+05:30,23957.3,23962.1,23955,23959.3,
2024-06-27T12:06:00+05:30,23959.7,23961.5,23950.2,23950.8,
2024-06-27T12:07:00+05:30,23951,23956.1,23947.8,23956.1,
2024-06-27T12:08:00+05:30,23956.2,23961.1,23949.3,23949.6,
2024-06-27T12:09:00+05:30,23949.8,23951.8,23944.2,23947.5,
2024-06-27T12:10:00+05:30,23948.2,23953.3,23946.5,23952.8,
2024-06-27T12:11:00+05:30,23952.9,23959.2,23950.4,23957.2,
2024-06-27T12:12:00+05:30,23959,23989.7,23956.5,23987.2,
2024-06-27T12:13:00+05:30,23988.5,23996.1,23984.8,23990.5,
2024-06-27T12:14:00+05:30,23992.3,24006.2,23990.3,24006.2,
2024-06-27T12:15:00+05:30,24006.4,24015.2,24002,24002.8,
2024-06-27T12:16:00+05:30,24004,24004,23996,23998.8,
2024-06-27T12:17:00+05:30,23998.2,24007.9,23990.8,24007.9,
2024-06-27T12:18:00+05:30,24004.7,24009.2,23994.8,23996.2,
2024-06-27T12:19:00+05:30,23997.5,24002.7,23993.8,24000,
2024-06-27T12:20:00+05:30,24000.8,24001.7,23996.5,23999.3,
2024-06-27T12:21:00+05:30,23999.5,24000,23987.8,23990,
2024-06-27T12:22:00+05:30,23991,23995,23985.9,23987.3,
2024-06-27T12:23:00+05:30,23989,23996.9,23987.7,23996.9,
2024-06-27T12:24:00+05:30,23995.3,24003.3,23994.2,24002.2,
2024-06-27T12:25:00+05:30,24001.3,24003.1,23993.5,23995,
2024-06-27T12:26:00+05:30,23995.9,23995.9,23989.8,23993.5,
2024-06-27T12:27:00+05:30,23994.1,23996.3,23980.2,23980.8,
2024-06-27T12:28:00+05:30,23983.3,23986.8,23976.9,23983.5,
2024-06-27T12:29:00+05:30,23984.9,23989.4,23979.2,23981,
2024-06-27T12:30:00+05:30,23981.9,23986.6,23975.8,23985.5,
2024-06-27T12:31:00+05:30,23985.2,23990.2,23984.7,23989.5,
2024-06-27T12:32:00+05:30,23989.8,23990.3,23981,23981,
2024-06-27T12:33:00+05:30,23980.8,23985.2,23976,23983.1,
2024-06-27T12:34:00+05:30,23984.3,23993.8,23982.6,23991.2,
2024-06-27T12:35:00+05:30,23991.8,23993,23988,23992,
2024-06-27T12:36:00+05:30,23991.5,23996.8,23989.6,23991.7,
2024-06-27T12:37:00+05:30,23992,23997.4,23983.5,23996.5,
2024-06-27T12:38:00+05:30,23996.7,23996.7,23984.8,23986.8,
2024-06-27T12:39:00+05:30,23987,23988.7,23978.2,23981.7,
2024-06-27T12:40:00+05:30,23982,23991.2,23975.2,23980.3,
2024-06-27T12:41:00+05:30,23980.4,23983.8,23975.2,23981.7,
2024-06-27T12:42:00+05:30,23982.3,23987.2,23978.8,23983.2,
2024-06-27T12:43:00+05:30,23984.2,23987,23976.8,23986.3,
2024-06-27T12:44:00+05:30,23986.7,23994.1,23984.7,23991.7,
2024-06-27T12:45:00+05:30,23991.2,23996.3,23987.9,23990.3,
2024-06-27T12:46:00+05:30,23990.7,23992.1,23980.5,23981.5,
2024-06-27T12:47:00+05:30,23982,23985.8,23978.8,23982.3,
2024-06-27T12:48:00+05:30,23981.7,23989.6,23981.5,23986.7,
2024-06-27T12:49:00+05:30,23987.3,24002.2,23985.3,24002.2,
2024-06-27T12:50:00+05:30,24004.2,24012,23999.1,24009.7,
2024-06-27T12:51:00+05:30,24011.1,24036.6,24010.7,24023,
2024-06-27T12:52:00+05:30,24022.8,24024.2,24013.8,24016.3,
2024-06-27T12:53:00+05:30,24019.5,24027.9,24018.8,24018.8,
2024-06-27T12:54:00+05:30,24020.4,24022.8,24000,24000,
2024-06-27T12:55:00+05:30,24001.8,24003.8,23986.8,23988,
2024-06-27T12:56:00+05:30,23989,23997.8,23988.2,23991.8,
2024-06-27T12:57:00+05:30,23992.5,23994.9,23984.3,23986.4,
2024-06-27T12:58:00+05:30,23986.3,23989.8,23979,23980.8,
2024-06-27T12:59:00+05:30,23981.8,23981.8,23946.2,23950.2,
2024-06-27T13:00:00+05:30,23950.7,23964.1,23949.8,23959.1,
2024-06-27T13:01:00+05:30,23959.6,23962.8,23941.5,23941.5,
2024-06-27T13:02:00+05:30,23943,23951.3,23943,23946.3,
2024-06-27T13:03:00+05:30,23947.2,23954.8,23941.5,23954.8,
2024-06-27T13:04:00+05:30,23955.2,23961.3,23955,23959.6,
2024-06-27T13:05:00+05:30,23959.7,23961.5,23956.4,23960.7,
2024-06-27T13:06:00+05:30,23962,23963.1,23958.1,23959.8,
2024-06-27T13:07:00+05:30,23961,23962,23951,23951.2,
2024-06-27T13:08:00+05:30,23951.9,23972.2,23951,23972.2,
2024-06-27T13:09:00+05:30,23972.5,23972.5,23963.2,23964.1,
2024-06-27T13:10:00+05:30,23964.5,23964.5,23959.8,23963,
2024-06-27T13:11:00+05:30,23964.2,23968,23962.7,23965.1,
2024-06-27T13:12:00+05:30,23965.2,23965.8,23953.8,23953.8,
2024-06-27T13:13:00+05:30,23954.3,23954.3,23949.8,23952.2,
2024-06-27T13:14:00+05:30,23952.3,23961.8,23950.4,23961.8,
2024-06-27T13:15:00+05:30,23961.8,23962.7,23957,23957,
2024-06-27T13:16:00+05:30,23957.6,23963.2,23952.6,23960.2,
2024-06-27T13:17:00+05:30,23961,23972.3,23955.2,23970.4,
2024-06-27T13:18:00+05:30,23970.6,23971.3,23962.6,23964,
2024-06-27T13:19:00+05:30,23965,23977.8,23960,23977.8,
2024-06-27T13:20:00+05:30,23976.8,23992.2,23974.2,23990,
2024-06-27T13:21:00+05:30,23990,23990.3,23983.8,23985.5,
2024-06-27T13:22:00+05:30,23986.6,23991,23983.3,23983.8,
2024-06-27T13:23:00+05:30,23984.5,23987.5,23975.6,23978.8,
2024-06-27T13:24:00+05:30,23979.2,23984.3,23976.8,23976.8,
2024-06-27T13:25:00+05:30,23975.2,23977.6,23967.3,23974.3,
2024-06-27T13:26:00+05:30,23975.3,23975.3,23956.2,23966.2,
2024-06-27T13:27:00+05:30,23967.5,23971.1,23952.8,23956.7,
2024-06-27T13:28:00+05:30,23958.2,23961.8,23949,23956,
2024-06-27T13:29:00+05:30,23956.7,23961.5,23946.3,23955,
2024-06-27T13:30:00+05:30,23954.8,23959,23945.7,23946.8,
2024-06-27T13:31:00+05:30,23948.8,23953.6,23944.1,23952,
2024-06-27T13:32:00+05:30,23949.2,23949.2,23933.9,23943,
2024-06-27T13:33:00+05:30,23944.2,23949.2,23931.2,23940.5,
2024-06-27T13:34:00+05:30,23941.6,23950.4,23939.3,23948.2,
2024-06-27T13:35:00+05:30,23949.5,23953.2,23946,23948.5,
2024-06-27T13:36:00+05:30,23950.3,23960.5,23949.8,23956.7,
2024-06-27T13:37:00+05:30,23957,23958,23934.3,23934.3,
2024-06-27T13:38:00+05:30,23934.9,23943.5,23932.2,23938.2,
2024-06-27T13:39:00+05:30,23939.3,23951.2,23939.1,23948.5,
2024-06-27T13:40:00+05:30,23948.8,23956.8,23944,23951.3,
2024-06-27T13:41:00+05:30,23951.2,23959.3,23950.2,23955.9,
2024-06-27T13:42:00+05:30,23955.7,23962,23952,23956.2,
2024-06-27T13:43:00+05:30,23957.8,23964.3,23955.8,23959.2,
2024-06-27T13:44:00+05:30,23959.7,23960.2,23954,23954.8,
2024-06-27T13:45:00+05:30,23955.4,23961.5,23951,23955.2,
2024-06-27T13:46:00+05:30,23956.2,23962.2,23953.9,23962.2,
2024-06-27T13:47:00+05:30,23961.5,23966.6,23957.5,23966.1,
2024-06-27T13:48:00+05:30,23966.2,23967.8,23957.1,23959,
2024-06-27T13:49:00+05:30,23959.1,23959.3,23942.4,23946,
2024-06-27T13:50:00+05:30,23946.4,23948.5,23939.5,23943.5,
2024-06-27T13:51:00+05:30,23944,23953.3,23943.1,23947.2,
2024-06-27T13:52:00+05:30,23949.5,23958.3,23947.2,23956,
2024-06-27T13:53:00+05:30,23957,23961,23955.2,23959,
2024-06-27T13:54:00+05:30,23958.3,23961.5,23955.3,23959.2,
2024-06-27T13:55:00+05:30,23960,23968.1,23957.6,23967.7,
2024-06-27T13:56:00+05:30,23967.8,23975,23966.2,23974,
2024-06-27T13:57:00+05:30,23973.5,23975,23968,23973.4,
2024-06-27T13:58:00+05:30,23974,23976.9,23964.8,23968.3,
2024-06-27T13:59:00+05:30,23968.7,23971.6,23963.1,23970.9,
2024-06-27T14:00:00+05:30,23974.2,23984.8,23967.3,23983.9,
2024-06-27T14:01:00+05:30,23986.1,23991.8,23983.9,23991.8,
2024-06-27T14:02:00+05:30,23993.2,23995.3,23982.7,23982.7,
2024-06-27T14:03:00+05:30,23983,23985.2,23964.6,23969.2,
2024-06-27T14:04:00+05:30,23968.8,23972.7,23960.6,23965.5,
2024-06-27T14:05:00+05:30,23967.2,23968.5,23959.7,23960.4,
2024-06-27T14:06:00+05:30,23960.3,23960.4,23953,23957.2,
2024-06-27T14:07:00+05:30,23957.3,23959.7,23948.1,23949.7,
2024-06-27T14:08:00+05:30,23950.8,23960.1,23950.2,23957.4,
2024-06-27T14:09:00+05:30,23957.8,23960,23939.8,23945.5,
2024-06-27T14:10:00+05:30,23945.8,23946,23936,23943.3,
2024-06-27T14:11:00+05:30,23942.9,23945.6,23930,23935.4,
2024-06-27T14:12:00+05:30,23938.1,23951,23938.1,23948.4,
2024-06-27T14:13:00+05:30,23947.5,23953.4,23946,23950.5,
2024-06-27T14:14:00+05:30,23951.7,23955.3,23950.1,23954.3,
2024-06-27T14:15:00+05:30,23955.3,23961.9,23953.2,23957.7,
2024-06-27T14:16:00+05:30,23958,23964.2,23948.8,23961.9,
2024-06-27T14:17:00+05:30,23961.4,23961.8,23945.6,23952,
2024-06-27T14:18:00+05:30,23951.5,23958.2,23949,23958,
2024-06-27T14:19:00+05:30,23959.5,23959.5,23947,23951.5,
2024-06-27T14:20:00+05:30,23949.8,23953.5,23946,23949.4,
2024-06-27T14:21:00+05:30,23950.3,23957.3,23944,23948.3,
2024-06-27T14:22:00+05:30,23949.5,23963.2,23949.5,23961,
2024-06-27T14:23:00+05:30,23960.6,23964.2,23955.4,23960.5,
2024-06-27T14:24:00+05:30,23961.5,23966.8,23946.7,23948,
2024-06-27T14:25:00+05:30,23948.5,23954,23945.7,23950.5,
2024-06-27T14:26:00+05:30,23951.7,23954.4,23946.4,23949.6,
2024-06-27T14:27:00+05:30,23947,23952.3,23938.8,23943.8,
2024-06-27T14:28:00+05:30,23942.8,23947.5,23927.2,23931.5,
2024-06-27T14:29:00+05:30,23933.3,23946.2,23931.5,23943.5,
2024-06-27T14:30:00+05:30,23945,23949.8,23938.2,23938.7,
2024-06-27T14:31:00+05:30,23940.6,23941.3,23925.1,23928.8,
2024-06-27T14:32:00+05:30,23933.7,23933.8,23915.8,23918.8,
2024-06-27T14:33:00+05:30,23919.8,23927.1,23913.7,23917.3,
2024-06-27T14:34:00+05:30,23918,23929,23914.8,23924.5,
2024-06-27T14:35:00+05:30,23922.7,23932,23920.8,23931.2,
2024-06-27T14:36:00+05:30,23929.5,23934.8,23924.7,23930.3,
2024-06-27T14:37:00+05:30,23930.8,23950.8,23929.2,23948.8,
2024-06-27T14:38:00+05:30,23951.8,23962.4,23950.2,23958.8,
2024-06-27T14:39:00+05:30,23960.4,23965.5,23952.3,23958.8,
2024-06-27T14:40:00+05:30,23959.7,23963.2,23957.3,23959.8,
2024-06-27T14:41:00+05:30,23960.2,23969.7,23959.2,23962.2,
2024-06-27T14:42:00+05:30,23962.8,23964.8,23955,23957.7,
2024-06-27T14:43:00+05:30,23959,23969.3,23958.3,23968.3,
2024-06-27T14:44:00+05:30,23968.5,23983,23966.5,23981.3,
2024-06-27T14:45:00+05:30,23981,23985.2,23971.2,23973.5,
2024-06-27T14:46:00+05:30,23974.7,23998.5,23971.5,23998.3,
2024-06-27T14:47:00+05:30,23999,24008,23994.2,24002.6,
2024-06-27T14:48:00+05:30,24004.8,24016.5,23996.8,24011.7,
2024-06-27T14:49:00+05:30,24012.8,24015.1,24005.7,24006.6,
2024-06-27T14:50:00+05:30,24007.5,24016.5,24002.2,24014.1,
2024-06-27T14:51:00+05:30,24015,24019.3,24003.3,24016.4,
2024-06-27T14:52:00+05:30,24017.5,24021.2,24012,24014.3,
2024-06-27T14:53:00+05:30,24015.7,24025.6,24015,24022.5,
2024-06-27T14:54:00+05:30,24024.8,24031,24018.5,24019.5,
2024-06-27T14:55:00+05:30,24021.2,24022.6,24012.1,24016.2,
2024-06-27T14:56:00+05:30,24016.2,24026,24013.2,24023,
2024-06-27T14:57:00+05:30,24022.2,24034.9,24022.2,24030.5,
2024-06-27T14:58:00+05:30,24031.3,24033.8,24022.2,24025.4,
2024-06-27T14:59:00+05:30,24027.5,24029.8,23999.4,24029.8,
2024-06-27T15:00:00+05:30,24029.3,24045.8,24028.6,24030.8,
2024-06-27T15:01:00+05:30,24029.7,24034.5,24020.4,24022.2,
2024-06-27T15:02:00+05:30,24019.9,24022.8,24008.8,24013,
2024-06-27T15:03:00+05:30,24015,24021.8,24009.7,24010.3,
2024-06-27T15:04:00+05:30,24009.3,24019.2,24007.2,24016.5,
2024-06-27T15:05:00+05:30,24015.3,24025.3,24014.6,24019.9,
2024-06-27T15:06:00+05:30,24019,24028.5,24018.7,24021,
2024-06-27T15:07:00+05:30,24021.3,24030.5,24020.7,24027.5,
2024-06-27T15:08:00+05:30,24026.5,24034,24026.5,24030.8,
2024-06-27T15:09:00+05:30,24029.5,24033.2,24021.2,24026.2,
2024-06-27T15:10:00+05:30,24024.8,24034.8,24024.4,24032.5,
2024-06-27T15:11:00+05:30,24031.8,24035.5,24031,24033,
2024-06-27T15:12:00+05:30,24033.3,24039.5,24029.5,24037.2,
2024-06-27T15:13:00+05:30,24037,24047.2,24037,24041,
2024-06-27T15:14:00+05:30,24040.4,24049,24040.2,24045.6,
2024-06-27T15:15:00+05:30,24045.4,24053.9,24043.6,24050.5,
2024-06-27T15:16:00+05:30,24050.2,24057.8,24049.7,24055.5,
2024-06-27T15:17:00+05:30,24055.8,24068.8,24054,24066,
2024-06-27T15:18:00+05:30,24064.3,24066,24058.8,24066,
2024-06-27T15:19:00+05:30,24063.8,24077.5,24063.8,24074.9,
2024-06-27T15:20:00+05:30,24075,24087.5,24074.1,24086.3,
2024-06-27T15:21:00+05:30,24085,24086,24077.9,24078.5,
2024-06-27T15:22:00+05:30,24078.3,24079.8,24072.2,24072.7,
2024-06-27T15:23:00+05:30,24072.7,24074,24067.7,24069,
2024-06-27T15:24:00+05:30,24068.9,24074.5,24068.5,24072.2,
2024-06-27T15:25:00+05:30,24071.8,24071.8,24063.5,24065.3,
2024-06-27T15:26:00+05:30,24065.1,24068.8,24063.9,24067.2,
2024-06-27T15:27:00+05:30,24067,24067,24058.8,24061.3,
2024-06-27T15:28:00+05:30,24058.7,24062,24046,24046.6,
2024-06-27T15:29:00+05:30,24046.8,24047.8,24036.1,24036.1,
2024-06-28T09:15:00+05:30,24085.9,24120.1,24062.8,24113.2,
2024-06-28T09:16:00+05:30,24116.2,24124.1,24096.2,24114,
2024-06-28T09:17:00+05:30,24116.6,24116.6,24093.3,24093.3,
2024-06-28T09:18:00+05:30,24096.3,24111.5,24096.3,24102.1,
2024-06-28T09:19:00+05:30,24102,24118.3,24096.8,24113.5,
2024-06-28T09:20:00+05:30,24110.2,24113.7,24098.8,24100.2,
2024-06-28T09:21:00+05:30,24099.8,24101.8,24091.3,24099,
2024-06-28T09:22:00+05:30,24099.8,24119.1,24099.1,24116.8,
2024-06-28T09:23:00+05:30,24116.7,24124.2,24109.2,24121.6,
2024-06-28T09:24:00+05:30,24119.8,24121.3,24113.9,24117,
2024-06-28T09:25:00+05:30,24116.4,24122.3,24114.5,24120.7,
2024-06-28T09:26:00+05:30,24121,24123,24114.3,24115.8,
2024-06-28T09:27:00+05:30,24116.5,24126,24115.2,24123.7,
2024-06-28T09:28:00+05:30,24125,24126.9,24113.8,24122.8,
2024-06-28T09:29:00+05:30,24122.5,24137.5,24122.2,24136.6,
2024-06-28T09:30:00+05:30,24132,24136,24120.5,24121.5,
2024-06-28T09:31:00+05:30,24121.2,24122.5,24115.2,24122.3,
2024-06-28T09:32:00+05:30,24123.2,24131.4,24120.2,24121.2,
2024-06-28T09:33:00+05:30,24121.1,24125.3,24115.3,24125.2,
2024-06-28T09:34:00+05:30,24125.5,24127.3,24117.7,24120.8,
2024-06-28T09:35:00+05:30,24123,24123.8,24109.3,24116.9,
2024-06-28T09:36:00+05:30,24117,24121.5,24111.9,24118.3,
2024-06-28T09:37:00+05:30,24117.3,24131,24117.3,24130.1,
2024-06-28T09:38:00+05:30,24130,24136.2,24122.9,24135.7,
2024-06-28T09:39:00+05:30,24135.3,24148.2,24135.3,24143.1,
2024-06-28T09:40:00+05:30,24144.3,24159.3,24142.5,24156.2,
2024-06-28T09:41:00+05:30,24155.3,24168.2,24151.8,24165.3,
2024-06-28T09:42:00+05:30,24165.5,24174,24160.2,24161.9,
2024-06-28T09:43:00+05:30,24161.3,24163.3,24144.8,24150.2,
2024-06-28T09:44:00+05:30,24151.2,24157.1,24148.3,24155.5,
2024-06-28T09:45:00+05:30,24155,24157,24149,24149,
2024-06-28T09:46:00+05:30,24149.4,24155.8,24143.8,24154.6,
2024-06-28T09:47:00+05:30,24155.7,24161.2,24154.7,24161.2,
2024-06-28T09:48:00+05:30,24161.2,24163.4,24154.2,24156.7,
2024-06-28T09:49:00+05:30,24157.2,24158.8,24147.6,24158.8,
2024-06-28T09:50:00+05:30,24158.6,24164.3,24154.8,24156.1,
2024-06-28T09:51:00+05:30,24155.8,24156.6,24149.6,24155.5,
2024-06-28T09:52:00+05:30,24154.3,24165.2,24152.6,24160.2,
2024-06-28T09:53:00+05:30,24161.2,24164.6,24157.4,24158.9,
2024-06-28T09:54:00+05:30,24158.4,24162.9,24155.3,24159.9,
2024-06-28T09:55:00+05:30,24158.9,24161.7,24155.2,24160.3,
2024-06-28T09:56:00+05:30,24159.5,24171.9,24159,24169.3,
2024-06-28T09:57:00+05:30,24169,24171.5,24158.7,24158.9,
2024-06-28T09:58:00+05:30,24157.4,24157.4,24126.3,24143.7,
2024-06-28T09:59:00+05:30,24144.7,24158.3,24135.2,24135.7,
2024-06-28T10:00:00+05:30,24134.5,24144.2,24132.5,24138.3,
2024-06-28T10:01:00+05:30,24138,24151.8,24137.2,24148.3,
2024-06-28T10:02:00+05:30,24149.3,24151.1,24141.5,24143.1,
2024-06-28T10:03:00+05:30,24143.9,24144.9,24137,24138.5,
2024-06-28T10:04:00+05:30,24137.8,24142,24128,24128,
2024-06-28T10:05:00+05:30,24129,24136.8,24127,24133.8,
2024-06-28T10:06:00+05:30,24134.2,24139.2,24132.3,24134.2,
2024-06-28T10:07:00+05:30,24135,24135.7,24130.4,24130.4,
2024-06-28T10:08:00+05:30,24131,24137.5,24124,24134.3,
2024-06-28T10:09:00+05:30,24135.8,24139.2,24128.9,24129,
2024-06-28T10:10:00+05:30,24129.6,24135,24126.4,24132.3,
2024-06-28T10:11:00+05:30,24132.6,24137.6,24129.3,24135.8,
2024-06-28T10:12:00+05:30,24136,24141.8,24128.2,24141,
2024-06-28T10:13:00+05:30,24141,24143.5,24128.2,24131.3,
2024-06-28T10:14:00+05:30,24130.5,24134.6,24129.1,24133.2,
2024-06-28T10:15:00+05:30,24134,24143.3,24133.3,24137.9,
2024-06-28T10:16:00+05:30,24138,24138,24127.5,24128.3,
2024-06-28T10:17:00+05:30,24128,24130.8,24125.3,24125.9,
2024-06-28T10:18:00+05:30,24126.9,24126.9,24118.5,24118.5,
2024-06-28T10:19:00+05:30,24118,24120,24111.7,24114.1,
2024-06-28T10:20:00+05:30,24113.3,24113.5,24105.8,24110.7,
2024-06-28T10:21:00+05:30,24110.6,24114.4,24105.2,24113,
2024-06-28T10:22:00+05:30,24112.8,24123.7,24112.7,24122.8,
2024-06-28T10:23:00+05:30,24122.7,24131,24122.7,24126.9,
2024-06-28T10:24:00+05:30,24125.5,24127.6,24121,24126,
2024-06-28T10:25:00+05:30,24125.5,24131.5,24121.6,24129.2,
2024-06-28T10:26:00+05:30,24128.4,24128.7,24117.8,24117.8,
2024-06-28T10:27:00+05:30,24118.2,24131.8,24116.7,24131.8,
2024-06-28T10:28:00+05:30,24132.5,24139.8,24129,24133.6,
2024-06-28T10:29:00+05:30,24133,24140.9,24128.2,24140.9,
2024-06-28T10:30:00+05:30,24140.8,24146.2,24139.2,24141.2,
2024-06-28T10:31:00+05:30,24140.7,24148.7,24137.9,24146.2,
2024-06-28T10:32:00+05:30,24146.5,24150.9,24144,24146,
2024-06-28T10:33:00+05:30,24145.9,24149.2,24143,24145.2,
2024-06-28T10:34:00+05:30,24145,24145,24137.8,24138.4,
2024-06-28T10:35:00+05:30,24138.1,24140.3,24133.7,24138.3,
2024-06-28T10:36:00+05:30,24139.1,24142.2,24134.2,24136.7,
2024-06-28T10:37:00+05:30,24136.3,24143,24133.9,24140.8,
2024-06-28T10:38:00+05:30,24140.3,24145,24136,24144.2,
2024-06-28T10:39:00+05:30,24143.5,24144.2,24137.3,24139,
2024-06-28T10:40:00+05:30,24140.2,24144.7,24138.4,24143,
2024-06-28T10:41:00+05:30,24142.6,24149.4,24140.7,24148.2,
2024-06-28T10:42:00+05:30,24147.5,24147.5,24136,24137,
2024-06-28T10:43:00+05:30,24136.8,24144.5,24136.7,24140.8,
2024-06-28T10:44:00+05:30,24140.2,24140.2,24134.7,24138.8,
2024-06-28T10:45:00+05:30,24138.7,24145,24138.7,24141.4,
2024-06-28T10:46:00+05:30,24140.9,24144.6,24136.3,24143,
2024-06-28T10:47:00+05:30,24145.7,24146.8,24140.2,24141.5,
2024-06-28T10:48:00+05:30,24141.5,24141.5,24127.5,24129.1,
2024-06-28T10:49:00+05:30,24128.8,24135.2,24127.6,24130.7,
2024-06-28T10:50:00+05:30,24130.4,24130.8,24125.2,24128.5,
2024-06-28T10:51:00+05:30,24127.8,24130.2,24126.5,24127,
2024-06-28T10:52:00+05:30,24126.7,24133.5,24124.8,24132.8,
2024-06-28T10:53:00+05:30,24132.2,24133.2,24127.5,24128.5,
2024-06-28T10:54:00+05:30,24128.5,24129.2,24124.5,24126.5,
2024-06-28T10:55:00+05:30,24126.5,24131.9,24126.1,24130.8,
2024-06-28T10:56:00+05:30,24131.2,24131.2,24124,24127.8,
2024-06-28T10:57:00+05:30,24126.8,24133.3,24125.5,24130.9,
2024-06-28T10:58:00+05:30,24130.8,24132.5,24127.5,24128.2,
2024-06-28T10:59:00+05:30,24126.6,24134.6,24126.4,24134.6,
2024-06-28T11:00:00+05:30,24133.8,24140.2,24133.8,24138.3,
2024-06-28T11:01:00+05:30,24137.8,24143.5,24137.1,24143,
2024-06-28T11:02:00+05:30,24142.8,24142.8,24138.4,24142.6,
2024-06-28T11:03:00+05:30,24142.9,24148.2,24141,24148,
2024-06-28T11:04:00+05:30,24148.9,24151.2,24147.5,24149,
2024-06-28T11:05:00+05:30,24149.3,24150.2,24143.5,24145.2,
2024-06-28T11:06:00+05:30,24145.1,24147,24142.5,24144.7,
2024-06-28T11:07:00+05:30,24144.2,24149.7,24143,24143,
2024-06-28T11:08:00+05:30,24143.8,24144.3,24129.5,24135.2,
2024-06-28T11:09:00+05:30,24135.8,24143.8,24133.8,24142.2,
2024-06-28T11:10:00+05:30,24143,24146.5,24139.7,24141.3,
2024-06-28T11:11:00+05:30,24141.1,24143,24137.9,24141.2,
2024-06-28T11:12:00+05:30,24141.5,24142.5,24137.5,24141.3,
2024-06-28T11:13:00+05:30,24141.5,24145.7,24139.2,24143.5,
2024-06-28T11:14:00+05:30,24142.8,24147.8,24141.2,24147.8,
2024-06-28T11:15:00+05:30,24147.6,24150.5,24145.8,24147.6,
2024-06-28T11:16:00+05:30,24148,24148,24132.8,24134,
2024-06-28T11:17:00+05:30,24133.8,24133.8,24121.5,24130.2,
2024-06-28T11:18:00+05:30,24131,24131,24121.2,24125.8,
2024-06-28T11:19:00+05:30,24126.1,24130.3,24125.9,24127.8,
2024-06-28T11:20:00+05:30,24128,24129.5,24124.3,24126.7,
2024-06-28T11:21:00+05:30,24127.6,24127.8,24119.3,24124,
2024-06-28T11:22:00+05:30,24123.5,24128.5,24121.9,24128.5,
2024-06-28T11:23:00+05:30,24129.8,24138.5,24129.2,24138.5,
2024-06-28T11:24:00+05:30,24137.7,24139.3,24132.2,24133.8,
2024-06-28T11:25:00+05:30,24133.9,24139.6,24130.7,24137,
2024-06-28T11:26:00+05:30,24135,24137.3,24130.4,24131.2,
2024-06-28T11:27:00+05:30,24132.2,24134.6,24130.3,24131.3,
2024-06-28T11:28:00+05:30,24131.8,24132.5,24127,24128.5,
2024-06-28T11:29:00+05:30,24128.2,24128.2,24111.5,24113.4,
2024-06-28T11:30:00+05:30,24112,24112.8,24103.7,24110.6,
2024-06-28T11:31:00+05:30,24111.4,24123,24111.4,24121.8,
2024-06-28T11:32:00+05:30,24120.2,24126.8,24119.3,24122.5,
2024-06-28T11:33:00+05:30,24122.5,24131.5,24122.5,24126.2,
2024-06-28T11:34:00+05:30,24126.5,24133.1,24125.3,24133.1,
2024-06-28T11:35:00+05:30,24131.8,24142.2,24131,24140.4,
2024-06-28T11:36:00+05:30,24139.7,24149.3,24138.9,24146,
2024-06-28T11:37:00+05:30,24146.3,24147.5,24141.5,24145.9,
2024-06-28T11:38:00+05:30,24146.5,24146.5,24137.5,24140.2,
2024-06-28T11:39:00+05:30,24140,24140.2,24135.8,24136.2,
2024-06-28T11:40:00+05:30,24136.5,24141,24136,24139.5,
2024-06-28T11:41:00+05:30,24138.6,24140,24133.5,24139,
2024-06-28T11:42:00+05:30,24138,24139.4,24135.2,24136.2,
2024-06-28T11:43:00+05:30,24135.9,24136.2,24132.2,24133,
2024-06-28T11:44:00+05:30,24134.5,24140.6,24133.1,24140.5,
2024-06-28T11:45:00+05:30,24140.2,24143.4,24137.5,24138.8,
2024-06-28T11:46:00+05:30,24138.9,24144,24134,24142.3,
2024-06-28T11:47:00+05:30,24142.2,24142.2,24137.3,24138.2,
2024-06-28T11:48:00+05:30,24137.8,24137.8,24133.7,24135.2,
2024-06-28T11:49:00+05:30,24135.2,24135.2,24128.2,24129,
2024-06-28T11:50:00+05:30,24128.1,24129,24125.2,24125.5,
2024-06-28T11:51:00+05:30,24125.3,24127.3,24122,24124,
2024-06-28T11:52:00+05:30,24123.9,24125.7,24122.7,24124.4,
2024-06-28T11:53:00+05:30,24124.2,24124.2,24118.2,24119.2,
2024-06-28T11:54:00+05:30,24119.5,24124.3,24118.3,24122.9,
2024-06-28T11:55:00+05:30,24123.2,24123.7,24117.5,24120.3,
2024-06-28T11:56:00+05:30,24120.5,24123.8,24120,24120.3,
2024-06-28T11:57:00+05:30,24119.9,24120.2,24114.1,24115.4,
2024-06-28T11:58:00+05:30,24114.7,24115.5,24106.5,24111,
2024-06-28T11:59:00+05:30,24111.2,24113.3,24106.5,24108.8,
2024-06-28T12:00:00+05:30,24108.5,24110.1,24105.1,24107.8,
2024-06-28T12:01:00+05:30,24107.2,24118.2,24106.8,24116.6,
2024-06-28T12:02:00+05:30,24116.2,24119,24114.9,24115.1,
2024-06-28T12:03:00+05:30,24115.3,24116,24105.4,24106.7,
2024-06-28T12:04:00+05:30,24106.2,24120.9,24105.6,24119.8,
2024-06-28T12:05:00+05:30,24119.7,24122.5,24118,24119.9,
2024-06-28T12:06:00+05:30,24119.8,24121.3,24115.5,24119.3,
2024-06-28T12:07:00+05:30,24119,24122.8,24115,24118.8,
2024-06-28T12:08:00+05:30,24118.5,24123,24117.3,24122.2,
2024-06-28T12:09:00+05:30,24122,24122,24114.4,24116.6,
2024-06-28T12:10:00+05:30,24116.5,24120.7,24112.8,24115.4,
2024-06-28T12:11:00+05:30,24116.5,24116.8,24108.8,24108.8,
2024-06-28T12:12:00+05:30,24109.1,24111.8,24107.6,24109.5,
2024-06-28T12:13:00+05:30,24109.9,24112.7,24105.2,24110.2,
2024-06-28T12:14:00+05:30,24110.3,24112.2,24108.8,24110.9,
2024-06-28T12:15:00+05:30,24111.8,24115,24110.7,24112.9,
2024-06-28T12:16:00+05:30,24112.9,24114.5,24108.7,24108.7,
2024-06-28T12:17:00+05:30,24107.3,24107.3,24072.7,24080.8,
2024-06-28T12:18:00+05:30,24080.2,24084.5,24074,24084,
2024-06-28T12:19:00+05:30,24083.6,24090.5,24081.8,24083.2,
2024-06-28T12:20:00+05:30,24084.8,24084.9,24053.7,24055.1,
2024-06-28T12:21:00+05:30,24055.6,24055.6,24032.1,24036,
2024-06-28T12:22:00+05:30,24035.2,24046.8,24035.2,24043.5,
2024-06-28T12:23:00+05:30,24044,24045.3,24034.9,24041.9,
2024-06-28T12:24:00+05:30,24040.7,24059.8,24036.8,24057.4,
2024-06-28T12:25:00+05:30,24058.5,24059.5,24042.7,24047.7,
2024-06-28T12:26:00+05:30,24045.5,24053.5,24045.5,24053.5,
2024-06-28T12:27:00+05:30,24054.9,24074.2,24054.9,24074,
2024-06-28T12:28:00+05:30,24074.3,24074.3,24064.8,24065.8,
2024-06-28T12:29:00+05:30,24065.7,24066.2,24050.5,24052.8,
2024-06-28T12:30:00+05:30,24052.9,24056,24050.5,24055.7,
2024-06-28T12:31:00+05:30,24055,24061.7,24050.8,24059.7,
2024-06-28T12:32:00+05:30,24060.8,24066.7,24059.8,24066,
2024-06-28T12:33:00+05:30,24066.5,24066.8,24046.8,24049,
2024-06-28T12:34:00+05:30,24049.2,24050.9,24034,24039.5,
2024-06-28T12:35:00+05:30,24039.7,24052.5,24034,24051.8,
2024-06-28T12:36:00+05:30,24051.6,24054.5,24042,24042.2,
2024-06-28T12:37:00+05:30,24042.5,24044,24032,24034.8,
2024-06-28T12:38:00+05:30,24035.5,24048.7,24032.2,24045.7,
2024-06-28T12:39:00+05:30,24045.5,24046.3,24033,24033.7,
2024-06-28T12:40:00+05:30,24033.7,24038,24032.2,24035.7,
2024-06-28T12:41:00+05:30,24034.7,24048.9,24033.7,24046.4,
2024-06-28T12:42:00+05:30,24047.2,24050.2,24038.2,24038.2,
2024-06-28T12:43:00+05:30,24037.8,24040,24033.1,24039.7,
2024-06-28T12:44:00+05:30,24040.5,24049.5,24038.8,24046.7,
2024-06-28T12:45:00+05:30,24046.8,24051.7,24043.6,24049.1,
2024-06-28T12:46:00+05:30,24049.3,24059.4,24048.3,24054,
2024-06-28T12:47:00+05:30,24054,24054,24038.2,24039.3,
2024-06-28T12:48:00+05:30,24039.5,24043.9,24033,24033.7,
2024-06-28T12:49:00+05:30,24034.2,24034.2,24024.2,24029,
2024-06-28T12:50:00+05:30,24029.5,24031.5,24009.2,24013.1,
2024-06-28T12:51:00+05:30,24013.2,24029.4,24011.7,24028.2,
2024-06-28T12:52:00+05:30,24029,24029,24020.4,24021.5,
2024-06-28T12:53:00+05:30,24021.2,24027.2,24019.4,24022.6,
2024-06-28T12:54:00+05:30,24023,24024.8,24019.2,24020,
2024-06-28T12:55:00+05:30,24020.3,24029,24018.6,24029,
2024-06-28T12:56:00+05:30,24029.5,24033.8,24028.2,24032,
2024-06-28T12:57:00+05:30,24032.2,24040.6,24031.5,24038.5,
2024-06-28T12:58:00+05:30,24038.4,24038.4,24028.2,24028.2,
2024-06-28T12:59:00+05:30,24027.7,24035.3,24024.7,24034.9,
2024-06-28T13:00:00+05:30,24035.6,24037.8,24033.2,24035.5,
2024-06-28T13:01:00+05:30,24036,24036,24024.5,24032.2,
2024-06-28T13:02:00+05:30,24032.6,24036.6,24031.2,24031.8,
2024-06-28T13:03:00+05:30,24032.2,24041.9,24030.7,24041,
2024-06-28T13:04:00+05:30,24041.3,24044.8,24038,24044.5,
2024-06-28T13:05:00+05:30,24044.9,24052.2,24044.1,24044.8,
2024-06-28T13:06:00+05:30,24042.9,24044.7,24040.2,24043,
2024-06-28T13:07:00+05:30,24044,24044,24038.4,24040.2,
2024-06-28T13:08:00+05:30,24040.7,24044.4,24032,24035,
2024-06-28T13:09:00+05:30,24034.2,24042.7,24033.5,24037.7,
2024-06-28T13:10:00+05:30,24038.2,24038.2,24030.7,24031.5,
2024-06-28T13:11:00+05:30,24031.3,24037.2,24031.3,24036.6,
2024-06-28T13:12:00+05:30,24036.2,24047,24035.4,24046.5,
2024-06-28T13:13:00+05:30,24047,24052.5,24042.7,24045.1,
2024-06-28T13:14:00+05:30,24044.8,24062.8,24042.5,24060.8,
2024-06-28T13:15:00+05:30,24061,24075.4,24056.9,24074.5,
2024-06-28T13:16:00+05:30,24076.5,24079,24066.8,24067.4,
2024-06-28T13:17:00+05:30,24067.5,24070.2,24061.1,24063,
2024-06-28T13:18:00+05:30,24063,24064.2,24059.7,24062.1,
2024-06-28T13:19:00+05:30,24062.6,24062.6,24051,24052,
2024-06-28T13:20:00+05:30,24052,24057.8,24049.7,24051,
2024-06-28T13:21:00+05:30,24051.7,24055.8,24050.2,24052.2,
2024-06-28T13:22:00+05:30,24052,24052,24046.1,24048,
2024-06-28T13:23:00+05:30,24047.9,24054.8,24047.5,24051.6,
2024-06-28T13:24:00+05:30,24052.5,24061.8,24049.5,24061.3,
2024-06-28T13:25:00+05:30,24062.2,24067.5,24059.8,24063.8,
2024-06-28T13:26:00+05:30,24063.8,24063.8,24051.2,24053.2,
2024-06-28T13:27:00+05:30,24054.8,24067.7,24051.3,24066.4,
2024-06-28T13:28:00+05:30,24067.2,24072.8,24065,24069,
2024-06-28T13:29:00+05:30,24069.5,24071.3,24061.5,24062.2,
2024-06-28T13:30:00+05:30,24061.9,24067.4,24060.5,24067,
2024-06-28T13:31:00+05:30,24069,24075.3,24066.9,24070.6,
2024-06-28T13:32:00+05:30,24070.2,24070.2,24058.3,24058.5,
2024-06-28T13:33:00+05:30,24058.3,24058.3,24052.9,24055.7,
2024-06-28T13:34:00+05:30,24055.5,24055.7,24052.1,24052.8,
2024-06-28T13:35:00+05:30,24053.2,24059.3,24044.8,24059.3,
2024-06-28T13:36:00+05:30,24059,24065.3,24058.5,24064,
2024-06-28T13:37:00+05:30,24062.6,24064.4,24059.8,24061.8,
2024-06-28T13:38:00+05:30,24061.3,24065.5,24056.3,24062.8,
2024-06-28T13:39:00+05:30,24063.2,24069.5,24061.8,24066.7,
2024-06-28T13:40:00+05:30,24067.2,24070.2,24062.2,24064.9,
2024-06-28T13:41:00+05:30,24065,24073.7,24064.1,24071.8,
2024-06-28T13:42:00+05:30,24072.2,24086.5,24070,24085.9,
2024-06-28T13:43:00+05:30,24085.8,24091.5,24079.8,24079.8,
2024-06-28T13:44:00+05:30,24079.5,24083.8,24077.6,24080,
2024-06-28T13:45:00+05:30,24081.2,24088,24077.7,24083.7,
2024-06-28T13:46:00+05:30,24083.5,24088.1,24079.9,24086.2,
2024-06-28T13:47:00+05:30,24086,24090,24080.9,24080.9,
2024-06-28T13:48:00+05:30,24082.8,24087.3,24080.9,24087,
2024-06-28T13:49:00+05:30,24086.2,24086.2,24077,24081.8,
2024-06-28T13:50:00+05:30,24082,24087,24079.1,24079.9,
2024-06-28T13:51:00+05:30,24079.4,24083.3,24075,24082.3,
2024-06-28T13:52:00+05:30,24082.3,24088,24081.5,24082.1,
2024-06-28T13:53:00+05:30,24082.8,24083.6,24074,24077.8,
2024-06-28T13:54:00+05:30,24077.2,24083.5,24077.2,24083.2,
2024-06-28T13:55:00+05:30,24084.1,24089.3,24080.3,24081.4,
2024-06-28T13:56:00+05:30,24081,24086.5,24079.8,24081,
2024-06-28T13:57:00+05:30,24081.5,24086,24080,24084.9,
2024-06-28T13:58:00+05:30,24085.1,24093.1,24084.7,24086.8,
2024-06-28T13:59:00+05:30,24087.3,24089.5,24081.2,24089.5,
2024-06-28T14:00:00+05:30,24089.5,24094.8,24085.5,24090.8,
2024-06-28T14:01:00+05:30,24090.5,24092.3,24084.2,24089.8,
2024-06-28T14:02:00+05:30,24089.5,24093.2,24087.1,24089.6,
2024-06-28T14:03:00+05:30,24090.2,24109.4,24089.8,24104.7,
2024-06-28T14:04:00+05:30,24105.9,24105.9,24098.4,24102.9,
2024-06-28T14:05:00+05:30,24102.2,24107.5,24100.8,24102.5,
2024-06-28T14:06:00+05:30,24102,24109.6,24101.3,24109.2,
2024-06-28T14:07:00+05:30,24110,24118.5,24109.6,24115.8,
2024-06-28T14:08:00+05:30,24118,24120.5,24114.2,24115.4,
2024-06-28T14:09:00+05:30,24115.2,24127.5,24115.2,24125.8,
2024-06-28T14:10:00+05:30,24126.8,24135.5,24125.8,24127.8,
2024-06-28T14:11:00+05:30,24127.3,24129,24115.5,24123.2,
2024-06-28T14:12:00+05:30,24123.1,24127.2,24121.8,24123.7,
2024-06-28T14:13:00+05:30,24123,24131,24119.5,24120.7,
2024-06-28T14:14:00+05:30,24120.2,24122,24111.4,24117.2,
2024-06-28T14:15:00+05:30,24117,24129.7,24115.2,24129,
2024-06-28T14:16:00+05:30,24128.5,24132.9,24123.2,24123.8,
2024-06-28T14:17:00+05:30,24123.3,24126.7,24115.7,24116.8,
2024-06-28T14:18:00+05:30,24117.5,24119.1,24108.9,24112.7,
2024-06-28T14:19:00+05:30,24112,24123.1,24112,24121.2,
2024-06-28T14:20:00+05:30,24121.3,24128,24121.2,24123.5,
2024-06-28T14:21:00+05:30,24123,24128.2,24114.4,24127.5,
2024-06-28T14:22:00+05:30,24127.7,24127.7,24115.2,24116.5,
2024-06-28T14:23:00+05:30,24116.8,24121.2,24114.8,24116.5,
2024-06-28T14:24:00+05:30,24116.7,24125,24112.3,24115.5,
2024-06-28T14:25:00+05:30,24116,24118,24112.8,24115.4,
2024-06-28T14:26:00+05:30,24114.7,24120.8,24108.9,24111.2,
2024-06-28T14:27:00+05:30,24111.7,24122.7,24111.7,24119,
2024-06-28T14:28:00+05:30,24118.5,24119,24106.2,24109.8,
2024-06-28T14:29:00+05:30,24109.8,24110.3,24093.5,24096.5,
2024-06-28T14:30:00+05:30,24096.5,24109.8,24095.6,24107.8,
2024-06-28T14:31:00+05:30,24106.7,24109.1,24082.5,24083.5,
2024-06-28T14:32:00+05:30,24082.2,24082.2,24050.5,24058.1,
2024-06-28T14:33:00+05:30,24058,24068.8,24050,24053.5,
2024-06-28T14:34:00+05:30,24052.7,24065.6,24044.9,24059.7,
2024-06-28T14:35:00+05:30,24058.5,24070.8,24052.2,24069.9,
2024-06-28T14:36:00+05:30,24070,24073.3,24054.7,24057.1,
2024-06-28T14:37:00+05:30,24055.4,24067,24054.9,24060,
2024-06-28T14:38:00+05:30,24059.5,24065.5,24054.3,24065.5,
2024-06-28T14:39:00+05:30,24064.9,24068.8,24056.5,24063.7,
2024-06-28T14:40:00+05:30,24063.2,24072.5,24056.8,24062.5,
2024-06-28T14:41:00+05:30,24061.3,24064.5,24051.1,24053.8,
2024-06-28T14:42:00+05:30,24052.5,24056,24041,24041,
2024-06-28T14:43:00+05:30,24041.5,24056.9,24041.5,24055.8,
2024-06-28T14:44:00+05:30,24055.6,24071.8,24054,24071.2,
2024-06-28T14:45:00+05:30,24070.3,24084.7,24070.3,24081.3,
2024-06-28T14:46:00+05:30,24080.7,24093.8,24077.5,24093.8,
2024-06-28T14:47:00+05:30,24093.7,24097.8,24086.6,24090.9,
2024-06-28T14:48:00+05:30,24088.8,24093,24078.7,24092.3,
2024-06-28T14:49:00+05:30,24093.2,24098.8,24091.4,24097.2,
2024-06-28T14:50:00+05:30,24096.5,24102.5,24088,24102.2,
2024-06-28T14:51:00+05:30,24102.4,24108.1,24092.7,24098.3,
2024-06-28T14:52:00+05:30,24097.4,24099.5,24092.8,24092.9,
2024-06-28T14:53:00+05:30,24093.1,24098.8,24088,24094.8,
2024-06-28T14:54:00+05:30,24094.8,24102,24094.7,24096.6,
2024-06-28T14:55:00+05:30,24096.3,24101.2,24087.2,24094.7,
2024-06-28T14:56:00+05:30,24094.5,24097,24089.8,24090.9,
2024-06-28T14:57:00+05:30,24091.8,24098.2,24085.2,24087.4,
2024-06-28T14:58:00+05:30,24086.3,24088.2,24072.2,24072.6,
2024-06-28T14:59:00+05:30,24073.5,24083.9,24063.1,24063.1,
2024-06-28T15:00:00+05:30,24064.5,24074.7,24051.3,24055.2,
2024-06-28T15:01:00+05:30,24054.8,24055.5,24033.8,24034.5,
2024-06-28T15:02:00+05:30,24034.7,24036.5,24026.5,24030.2,
2024-06-28T15:03:00+05:30,24031,24031.3,24020.7,24022.8,
2024-06-28T15:04:00+05:30,24022.8,24026.2,24013.2,24013.5,
2024-06-28T15:05:00+05:30,24012.4,24032.3,24008.8,24032.3,
2024-06-28T15:06:00+05:30,24031.2,24035.6,24014,24014,
2024-06-28T15:07:00+05:30,24014.8,24021.5,24013.8,24014.7,
2024-06-28T15:08:00+05:30,24014.5,24028.2,24013.8,24027,
2024-06-28T15:09:00+05:30,24026.8,24039.5,24026.8,24037.3,
2024-06-28T15:10:00+05:30,24036.1,24037,24015.6,24015.6,
2024-06-28T15:11:00+05:30,24016.5,24017.1,24003.8,24007.8,
2024-06-28T15:12:00+05:30,24007.7,24015.2,23994.9,23998,
2024-06-28T15:13:00+05:30,23997.6,23998.3,23990.8,23993.2,
2024-06-28T15:14:00+05:30,23992.5,23999.6,23988.9,23988.9,
2024-06-28T15:15:00+05:30,23988.2,23992.6,23985.8,23989.4,
2024-06-28T15:16:00+05:30,23989.5,23991.7,23986.1,23987.7,
2024-06-28T15:17:00+05:30,23988.3,24004.2,23987.8,24001.5,
2024-06-28T15:18:00+05:30,24000.4,24003,23988.3,23988.7,
2024-06-28T15:19:00+05:30,23989.5,24002.7,23989.3,24001.9,
2024-06-28T15:20:00+05:30,24002.8,24002.9,23991.3,23993.9,
2024-06-28T15:21:00+05:30,23994.2,24000.6,23994,23999.7,
2024-06-28T15:22:00+05:30,23999.5,24007.3,23999.5,24007.2,
2024-06-28T15:23:00+05:30,24008.8,24009.7,24005.5,24008.8,
2024-06-28T15:24:00+05:30,24009.2,24009.8,24004.2,24005.6,
2024-06-28T15:25:00+05:30,24005.4,24006.7,24003.8,24006.3,
2024-06-28T15:26:00+05:30,24006.6,24007.7,24003.8,24005,
2024-06-28T15:27:00+05:30,24005.5,24009.9,24001.5,24002.7,
2024-06-28T15:28:00+05:30,24005.2,24013,24003,24007.9,
2024-06-28T15:29:00+05:30,24007.2,24012.5,24005.5,24009.8,
