time,open,high,low,close,volume
2018-05-02T09:15:00+05:30,25607.05,25626.75,25566.45,25612,
2018-05-02T09:20:00+05:30,25612.65,25612.65,25564.6,25595.45,
2018-05-02T09:25:00+05:30,25594.4,25627.6,25591.15,25627.55,
2018-05-02T09:30:00+05:30,25628.7,25647.75,25614.65,25619.75,
2018-05-02T09:35:00+05:30,25621,25635.2,25605.9,25605.9,
2018-05-02T09:40:00+05:30,25610.8,25617.55,25580,25588.9,
2018-05-02T09:45:00+05:30,25589.05,25605.7,25565.7,25587.6,
2018-05-02T09:50:00+05:30,25592.7,25596.3,25544.2,25554.2,
2018-05-02T09:55:00+05:30,25554.45,25567.75,25546.7,25548.65,
2018-05-02T10:00:00+05:30,25549.4,25554.95,25524.7,25550.75,
2018-05-02T10:05:00+05:30,25551.25,25553.6,25526.8,25535.85,
2018-05-02T10:10:00+05:30,25536.35,25536.8,25508,25508.4,
2018-05-02T10:15:00+05:30,25511.4,25528.35,25508.3,25526.6,
2018-05-02T10:20:00+05:30,25526.6,25543.5,25513.5,25542.5,
2018-05-02T10:25:00+05:30,25541.3,25542.9,25527.9,25530.35,
2018-05-02T10:30:00+05:30,25532.6,25542.15,25521.45,25536.1,
2018-05-02T10:35:00+05:30,25538.15,25563.15,25531.65,25555.7,
2018-05-02T10:40:00+05:30,25558.35,25562.85,25541.75,25559.35,
2018-05-02T10:45:00+05:30,25559.05,25579,25558.1,25576,
2018-05-02T10:50:00+05:30,25576.45,25577,25546.35,25564.45,
2018-05-02T10:55:00+05:30,25568.25,25577.55,25554.25,25554.45,
2018-05-02T11:00:00+05:30,25556.3,25584.25,25554.3,25580.2,
2018-05-02T11:05:00+05:30,25581.65,25592.8,25573.1,25581.7,
2018-05-02T11:10:00+05:30,25579.25,25582.95,25554.45,25571.5,
2018-05-02T11:15:00+05:30,25573.2,25588.6,25563.15,25579.15,
2018-05-02T11:20:00+05:30,25578.75,25579.75,25558.5,25571.45,
2018-05-02T11:25:00+05:30,25572.35,25583.35,25564.2,25578.15,
2018-05-02T11:30:00+05:30,25574.35,25591.55,25574.1,25590.05,
2018-05-02T11:35:00+05:30,25589.05,25592.5,25581.7,25585.85,
2018-05-02T11:40:00+05:30,25585.8,25592.8,25564.55,25574.3,
2018-05-02T11:45:00+05:30,25574.6,25600.45,25574.4,25598.05,
2018-05-02T11:50:00+05:30,25598.25,25625.35,25594.35,25624.7,
2018-05-02T11:55:00+05:30,25626,25628.55,25613.7,25625.65,
2018-05-02T12:00:00+05:30,25625.95,25633.35,25615.35,25620.9,
2018-05-02T12:05:00+05:30,25621.15,25649.15,25618.6,25633.3,
2018-05-02T12:10:00+05:30,25635.5,25676.1,25627.1,25667.9,
2018-05-02T12:15:00+05:30,25669.05,25686.35,25663.8,25684.9,
2018-05-02T12:20:00+05:30,25684.35,25697.55,25674.4,25694.7,
2018-05-02T12:25:00+05:30,25693.7,25699.55,25664.5,25664.5,
2018-05-02T12:30:00+05:30,25663.6,25666.75,25630.2,25639.6,
2018-05-02T12:35:00+05:30,25640.9,25663.15,25631.55,25662.1,
2018-05-02T12:40:00+05:30,25661.05,25663.65,25624.45,25633.9,
2018-05-02T12:45:00+05:30,25634.15,25647.85,25614.15,25645.05,
2018-05-02T12:50:00+05:30,25646,25661,25637.65,25656.15,
2018-05-02T12:55:00+05:30,25654.25,25674.1,25647.05,25673.8,
2018-05-02T13:00:00+05:30,25674.85,25695.95,25672.8,25695.95,
2018-05-02T13:05:00+05:30,25696.35,25705.15,25685.25,25696.45,
2018-05-02T13:10:00+05:30,25697.9,25711.8,25687.05,25689,
2018-05-02T13:15:00+05:30,25691.1,25701.85,25676.1,25699,
2018-05-02T13:20:00+05:30,25699.55,25716,25688.15,25695.25,
2018-05-02T13:25:00+05:30,25695.7,25704.7,25684.1,25686.4,
2018-05-02T13:30:00+05:30,25687.45,25705.65,25685.6,25703.6,
2018-05-02T13:35:00+05:30,25703.8,25711.2,25697.7,25700.85,
2018-05-02T13:40:00+05:30,25702.9,25710.7,25688.65,25698.15,
2018-05-02T13:45:00+05:30,25699.5,25706.75,25691.7,25704.05,
2018-05-02T13:50:00+05:30,25708.35,25708.45,25665,25666.5,
2018-05-02T13:55:00+05:30,25672.1,25673.75,25640.75,25646.8,
2018-05-02T14:00:00+05:30,25646.75,25654.35,25623.4,25653.75,
2018-05-02T14:05:00+05:30,25650.95,25667.4,25625.2,25630.1,
2018-05-02T14:10:00+05:30,25633,25633,25571.4,25575.45,
2018-05-02T14:15:00+05:30,25588.7,25595.45,25553.25,25574.25,
2018-05-02T14:20:00+05:30,25574.75,25592.5,25561.75,25563.35,
2018-05-02T14:25:00+05:30,25566.35,25575.85,25542.7,25546.8,
2018-05-02T14:30:00+05:30,25548.3,25600.85,25540.15,25599.15,
2018-05-02T14:35:00+05:30,25600.8,25601.05,25562.45,25581.2,
2018-05-02T14:40:00+05:30,25583.4,25585.65,25547.3,25553.55,
2018-05-02T14:45:00+05:30,25556.3,25558.35,25501.7,25522.15,
2018-05-02T14:50:00+05:30,25520.3,25549.1,25511.1,25547.55,
2018-05-02T14:55:00+05:30,25546.6,25560.3,25526.45,25545.95,
2018-05-02T15:00:00+05:30,25546.5,25570.5,25530.3,25570.3,
2018-05-02T15:05:00+05:30,25570.5,25577.85,25546.5,25551.65,
2018-05-02T15:10:00+05:30,25548.9,25587,25536.5,25582.85,
2018-05-02T15:15:00+05:30,25585,25595.9,25566.65,25595.9,
2018-05-02T15:20:00+05:30,25596.2,25596.2,25566.35,25578.55,
2018-05-02T15:25:00+05:30,25578.3,25590.55,25567.9,25579.25,
2018-05-03T09:15:00+05:30,25547.9,25548.4,25476.4,25484.65,
2018-05-03T09:20:00+05:30,25484.45,25521.9,25469.9,25510.45,
2018-05-03T09:25:00+05:30,25509.8,25535.7,25507.15,25512.55,
2018-05-03T09:30:00+05:30,25514.85,25518,25481.25,25481.25,
2018-05-03T09:35:00+05:30,25481.75,25540.05,25480.55,25531.55,
2018-05-03T09:40:00+05:30,25531.15,25547.6,25510.8,25514.25,
2018-05-03T09:45:00+05:30,25514.6,25561.5,25508.55,25552.9,
2018-05-03T09:50:00+05:30,25553.7,25570.85,25545.2,25565.1,
2018-05-03T09:55:00+05:30,25562.95,25581.3,25546.4,25550,
2018-05-03T10:00:00+05:30,25548.4,25578.8,25546.7,25569.95,
2018-05-03T10:05:00+05:30,25569.3,25575.85,25540.3,25541.35,
2018-05-03T10:10:00+05:30,25542.85,25551.4,25521.65,25525.95,
2018-05-03T10:15:00+05:30,25524.95,25536.6,25508.85,25513.7,
2018-05-03T10:20:00+05:30,25515.15,25536.05,25511.15,25526.25,
2018-05-03T10:25:00+05:30,25523.65,25545.2,25516.65,25541,
2018-05-03T10:30:00+05:30,25542.8,25544.25,25502.25,25509.95,
2018-05-03T10:35:00+05:30,25510.3,25531.75,25500.35,25522.6,
2018-05-03T10:40:00+05:30,25523.75,25534.7,25509.25,25531.75,
2018-05-03T10:45:00+05:30,25532.9,25539.2,25523.75,25537.75,
2018-05-03T10:50:00+05:30,25538.35,25547.45,25519.3,25544.15,
2018-05-03T10:55:00+05:30,25545.3,25554,25537.65,25550.6,
2018-05-03T11:00:00+05:30,25548.25,25559.1,25527.25,25540.95,
2018-05-03T11:05:00+05:30,25542.2,25551.2,25511.35,25517.8,
2018-05-03T11:10:00+05:30,25516.75,25517.45,25494.6,25513.3,
2018-05-03T11:15:00+05:30,25514.05,25525.55,25503.7,25511.55,
2018-05-03T11:20:00+05:30,25515.15,25520.7,25506.25,25509.4,
2018-05-03T11:25:00+05:30,25510.35,25531.15,25506.5,25511.8,
2018-05-03T11:30:00+05:30,25513.2,25535,25507,25522.05,
2018-05-03T11:35:00+05:30,25525.1,25543.4,25518.85,25535.65,
2018-05-03T11:40:00+05:30,25535.35,25544.15,25518.9,25520,
2018-05-03T11:45:00+05:30,25519.8,25522.1,25496.4,25510.7,
2018-05-03T11:50:00+05:30,25510.85,25520.3,25498.9,25514.85,
2018-05-03T11:55:00+05:30,25514.85,25545.75,25513.2,25514.3,
2018-05-03T12:00:00+05:30,25515.15,25526.9,25509.4,25524.8,
2018-05-03T12:05:00+05:30,25524.15,25528.8,25501.9,25516.5,
2018-05-03T12:10:00+05:30,25515,25524.25,25510.1,25511.2,
2018-05-03T12:15:00+05:30,25513.15,25531.1,25511.8,25519.25,
2018-05-03T12:20:00+05:30,25520.3,25522.45,25494.75,25495.15,
2018-05-03T12:25:00+05:30,25494.75,25511.2,25492.65,25499.9,
2018-05-03T12:30:00+05:30,25501.05,25525.65,25500.25,25518.05,
2018-05-03T12:35:00+05:30,25517.6,25537.95,25516.6,25537.05,
2018-05-03T12:40:00+05:30,25538,25548.95,25520.25,25522.9,
2018-05-03T12:45:00+05:30,25522.9,25555.05,25517.85,25551.7,
2018-05-03T12:50:00+05:30,25551.15,25559.4,25529.75,25530.65,
2018-05-03T12:55:00+05:30,25530.9,25536.7,25519.45,25534.95,
2018-05-03T13:00:00+05:30,25537.85,25565.45,25537.85,25552.65,
2018-05-03T13:05:00+05:30,25557.8,25560.1,25540.65,25543.4,
2018-05-03T13:10:00+05:30,25547.75,25550.65,25538.65,25542,
2018-05-03T13:15:00+05:30,25548.3,25604.1,25542.4,25597.5,
2018-05-03T13:20:00+05:30,25603.5,25617.3,25582.5,25612.75,
2018-05-03T13:25:00+05:30,25609.35,25650.6,25598.75,25648.4,
2018-05-03T13:30:00+05:30,25648.7,25652.95,25587.95,25600.1,
2018-05-03T13:35:00+05:30,25600.45,25608.3,25588.95,25599.15,
2018-05-03T13:40:00+05:30,25599.15,25614.45,25593.8,25608.9,
2018-05-03T13:45:00+05:30,25608.85,25630.95,25608.85,25611.65,
2018-05-03T13:50:00+05:30,25613.25,25619.85,25581.35,25592.45,
2018-05-03T13:55:00+05:30,25599.8,25607.6,25584.2,25588.4,
2018-05-03T14:00:00+05:30,25588.95,25631.55,25588.75,25627.85,
2018-05-03T14:05:00+05:30,25631.55,25644.45,25617.5,25631.6,
2018-05-03T14:10:00+05:30,25632.05,25651.55,25626.9,25628,
2018-05-03T14:15:00+05:30,25627.75,25640.35,25611.7,25632.65,
2018-05-03T14:20:00+05:30,25632.05,25636.45,25615.45,25634.4,
2018-05-03T14:25:00+05:30,25638.65,25653.3,25629,25637.05,
2018-05-03T14:30:00+05:30,25644.75,25645.9,25548.75,25548.75,
2018-05-03T14:35:00+05:30,25554.95,25580.1,25541.55,25561.05,
2018-05-03T14:40:00+05:30,25566.45,25573.55,25549.1,25567.3,
2018-05-03T14:45:00+05:30,25574.25,25630.8,25569.45,25621.75,
2018-05-03T14:50:00+05:30,25621.75,25651.5,25618.5,25640.7,
2018-05-03T14:55:00+05:30,25640.05,25651.45,25608.8,25614.75,
2018-05-03T15:00:00+05:30,25606.45,25637.25,25605.5,25608.65,
2018-05-03T15:05:00+05:30,25611.9,25626.55,25601.7,25621.65,
2018-05-03T15:10:00+05:30,25623.4,25625,25596.05,25599.5,
2018-05-03T15:15:00+05:30,25599.35,25620.8,25594.4,25602.85,
2018-05-03T15:20:00+05:30,25604,25605,25585.5,25594.2,
2018-05-03T15:25:00+05:30,25593.25,25611.95,25590.65,25603.25,
2018-05-04T09:15:00+05:30,25632.3,25632.3,25540.7,25569.9,
2018-05-04T09:20:00+05:30,25570.4,25610.6,25558.7,25567.6,
2018-05-04T09:25:00+05:30,25566.55,25602.25,25552.75,25597.75,
2018-05-04T09:30:00+05:30,25601.4,25647.85,25598.6,25608.7,
2018-05-04T09:35:00+05:30,25608.05,25608.55,25582.45,25598.05,
2018-05-04T09:40:00+05:30,25598.35,25626.1,25597.95,25622.3,
2018-05-04T09:45:00+05:30,25621.95,25645.15,25604.2,25604.75,
2018-05-04T09:50:00+05:30,25607,25628.3,25597.05,25597.05,
2018-05-04T09:55:00+05:30,25596.75,25633,25594.9,25629,
2018-05-04T10:00:00+05:30,25630.8,25634.05,25604.65,25613.6,
2018-05-04T10:05:00+05:30,25614.25,25632.3,25612.7,25630.6,
2018-05-04T10:10:00+05:30,25629.4,25645.9,25624.55,25633.2,
2018-05-04T10:15:00+05:30,25632.9,25650.45,25624.9,25640.9,
2018-05-04T10:20:00+05:30,25640.3,25647.1,25629.7,25630.4,
2018-05-04T10:25:00+05:30,25630.15,25640.25,25620.9,25631.85,
2018-05-04T10:30:00+05:30,25630.8,25631.35,25609.65,25609.65,
2018-05-04T10:35:00+05:30,25611.85,25635,25610.35,25624.1,
2018-05-04T10:40:00+05:30,25622.6,25624.55,25601.05,25621.6,
2018-05-04T10:45:00+05:30,25621.6,25628.5,25602.95,25611.75,
2018-05-04T10:50:00+05:30,25609.75,25613.35,25597.2,25608.5,
2018-05-04T10:55:00+05:30,25610.35,25626.6,25607.2,25611.35,
2018-05-04T11:00:00+05:30,25611.75,25618.5,25601.05,25612.6,
2018-05-04T11:05:00+05:30,25612.7,25631.1,25611.65,25625.2,
2018-05-04T11:10:00+05:30,25624.5,25628.6,25609.3,25619.7,
2018-05-04T11:15:00+05:30,25620.65,25632.65,25614.75,25621.85,
2018-05-04T11:20:00+05:30,25621.45,25635.75,25608.3,25633.5,
2018-05-04T11:25:00+05:30,25633.6,25633.6,25614.75,25619.65,
2018-05-04T11:30:00+05:30,25619.5,25625.15,25597.6,25598.85,
2018-05-04T11:35:00+05:30,25599.5,25628.35,25591.7,25594.8,
2018-05-04T11:40:00+05:30,25594.15,25594.55,25538.2,25549.75,
2018-05-04T11:45:00+05:30,25549.15,25585.2,25548,25576,
2018-05-04T11:50:00+05:30,25576.85,25582.6,25556.25,25563.25,
2018-05-04T11:55:00+05:30,25564.35,25581.45,25557.05,25569.1,
2018-05-04T12:00:00+05:30,25571.9,25574.85,25559.05,25571.5,
2018-05-04T12:05:00+05:30,25571.35,25576.45,25564.35,25566.7,
2018-05-04T12:10:00+05:30,25567.3,25601.35,25566.45,25592,
2018-05-04T12:15:00+05:30,25592,25634,25587.15,25631.75,
2018-05-04T12:20:00+05:30,25631.45,25631.55,25604.35,25630.9,
2018-05-04T12:25:00+05:30,25627.2,25633.25,25610.05,25615.7,
2018-05-04T12:30:00+05:30,25612.35,25633.75,25607.35,25626.85,
2018-05-04T12:35:00+05:30,25625.1,25647.45,25616.7,25616.85,
2018-05-04T12:40:00+05:30,25616.5,25630.7,25610.4,25618.05,
2018-05-04T12:45:00+05:30,25617.85,25631.45,25597.65,25623.35,
2018-05-04T12:50:00+05:30,25621.55,25632.1,25611.55,25615.35,
2018-05-04T12:55:00+05:30,25612,25631.65,25611.85,25622.75,
2018-05-04T13:00:00+05:30,25620.3,25624.05,25590.95,25600.4,
2018-05-04T13:05:00+05:30,25596.45,25621.35,25594.5,25598.9,
2018-05-04T13:10:00+05:30,25597.55,25610.5,25586.7,25603.35,
2018-05-04T13:15:00+05:30,25603.6,25625.35,25588.65,25615.05,
2018-05-04T13:20:00+05:30,25615.05,25638.55,25609.4,25624.5,
2018-05-04T13:25:00+05:30,25625.1,25642,25613.4,25618.8,
2018-05-04T13:30:00+05:30,25619.9,25636.15,25618.25,25629.9,
2018-05-04T13:35:00+05:30,25629.2,25638.9,25607.8,25613.6,
2018-05-04T13:40:00+05:30,25613.05,25635.7,25603.35,25629,
2018-05-04T13:45:00+05:30,25631.35,25653.4,25631.35,25643.15,
2018-05-04T13:50:00+05:30,25643.15,25656.2,25640.2,25646.45,
2018-05-04T13:55:00+05:30,25645,25650.9,25628.8,25644.05,
2018-05-04T14:00:00+05:30,25641.9,25680.3,25641.9,25650.75,
2018-05-04T14:05:00+05:30,25649.6,25657.2,25613.7,25614.35,
2018-05-04T14:10:00+05:30,25614.35,25621.4,25593.65,25614.4,
2018-05-04T14:15:00+05:30,25611.65,25636.8,25610.05,25636.8,
2018-05-04T14:20:00+05:30,25634.2,25639.65,25617.8,25618.55,
2018-05-04T14:25:00+05:30,25616.25,25630.1,25610.65,25610.8,
2018-05-04T14:30:00+05:30,25609.85,25624.15,25604.95,25607.6,
2018-05-04T14:35:00+05:30,25607.8,25620.55,25596.1,25597.75,
2018-05-04T14:40:00+05:30,25596,25601.35,25575.6,25579.2,
2018-05-04T14:45:00+05:30,25577.6,25621.3,25559.45,25612.25,
2018-05-04T14:50:00+05:30,25611.85,25633.95,25601.35,25614.7,
2018-05-04T14:55:00+05:30,25611.15,25648,25611.15,25639.05,
2018-05-04T15:00:00+05:30,25639.85,25659.1,25630.5,25645.85,
2018-05-04T15:05:00+05:30,25644.85,25660.25,25642.6,25655.5,
2018-05-04T15:10:00+05:30,25655.6,25662.6,25632.7,25635.6,
2018-05-04T15:15:00+05:30,25634.05,25649.65,25621.8,25646.2,
2018-05-04T15:20:00+05:30,25646.2,25655.4,25626.4,25652.3,
2018-05-04T15:25:00+05:30,25650.85,25659.1,25638.85,25644.8,
2018-05-07T09:15:00+05:30,25676.25,25764.85,25676.25,25745.6,
2018-05-07T09:20:00+05:30,25742.45,25770.05,25733.45,25737.6,
2018-05-07T09:25:00+05:30,25738.85,25747.5,25717.6,25742.7,
2018-05-07T09:30:00+05:30,25741.2,25752.7,25718.2,25721.2,
2018-05-07T09:35:00+05:30,25720.45,25720.45,25686.65,25712.45,
2018-05-07T09:40:00+05:30,25712.15,25729.4,25709,25716.15,
2018-05-07T09:45:00+05:30,25718.25,25720.1,25698.25,25707.6,
2018-05-07T09:50:00+05:30,25707.3,25721.85,25694.7,25721.8,
2018-05-07T09:55:00+05:30,25719.8,25730.3,25716,25721,
2018-05-07T10:00:00+05:30,25721.65,25744.1,25719.9,25736,
2018-05-07T10:05:00+05:30,25735.35,25735.35,25708.5,25712,
2018-05-07T10:10:00+05:30,25711.55,25721.7,25706,25717.85,
2018-05-07T10:15:00+05:30,25718.7,25740.25,25716.3,25737.9,
2018-05-07T10:20:00+05:30,25738.7,25752.9,25735.7,25740.15,
2018-05-07T10:25:00+05:30,25742.55,25747.95,25728.4,25729.15,
2018-05-07T10:30:00+05:30,25728.3,25752.15,25727.6,25746,
2018-05-07T10:35:00+05:30,25744.7,25754.55,25741.1,25745.45,
2018-05-07T10:40:00+05:30,25744.1,25745.35,25730.7,25737.7,
2018-05-07T10:45:00+05:30,25736.6,25755.2,25728.05,25740.15,
2018-05-07T10:50:00+05:30,25739.5,25740.45,25720,25725.65,
2018-05-07T10:55:00+05:30,25726,25735.7,25718.8,25735.25,
2018-05-07T11:00:00+05:30,25735.25,25747.5,25730.4,25746.1,
2018-05-07T11:05:00+05:30,25746.1,25751.3,25734.7,25749.85,
2018-05-07T11:10:00+05:30,25747.45,25759.15,25746,25752.6,
2018-05-07T11:15:00+05:30,25748.5,25756.25,25742.95,25751.2,
2018-05-07T11:20:00+05:30,25751.9,25760.15,25742.4,25749.25,
2018-05-07T11:25:00+05:30,25753.85,25761.25,25739.05,25741.45,
2018-05-07T11:30:00+05:30,25743.05,25758.8,25730.15,25746.4,
2018-05-07T11:35:00+05:30,25746.45,25753.4,25733.65,25742,
2018-05-07T11:40:00+05:30,25741.1,25753.4,25737.15,25743.7,
2018-05-07T11:45:00+05:30,25744.95,25759.75,25738.85,25754.9,
2018-05-07T11:50:00+05:30,25754.95,25763.25,25748.7,25751.95,
2018-05-07T11:55:00+05:30,25752.05,25758.2,25739.4,25740.7,
2018-05-07T12:00:00+05:30,25739.25,25756.65,25739.25,25752.25,
2018-05-07T12:05:00+05:30,25752,25764,25746.75,25757.4,
2018-05-07T12:10:00+05:30,25757.7,25764.15,25752.05,25761.4,
2018-05-07T12:15:00+05:30,25762.4,25777.15,25758.6,25766.65,
2018-05-07T12:20:00+05:30,25765.75,25782.75,25762.9,25772.9,
2018-05-07T12:25:00+05:30,25773.3,25788.35,25764.8,25778.15,
2018-05-07T12:30:00+05:30,25777.5,25792.05,25768.25,25781.35,
2018-05-07T12:35:00+05:30,25780.35,25799,25780.05,25785.3,
2018-05-07T12:40:00+05:30,25781.2,25807.35,25778.3,25800.8,
2018-05-07T12:45:00+05:30,25802.2,25823.65,25795.5,25810.05,
2018-05-07T12:50:00+05:30,25809.8,25838.95,25809.05,25824.85,
2018-05-07T12:55:00+05:30,25823.35,25828.7,25809.1,25814.25,
2018-05-07T13:00:00+05:30,25813.95,25831.5,25811.05,25821.2,
2018-05-07T13:05:00+05:30,25821.25,25834.3,25809.15,25824.6,
2018-05-07T13:10:00+05:30,25824.1,25839.1,25819.65,25827.7,
2018-05-07T13:15:00+05:30,25833.8,25846.15,25821.05,25827.6,
2018-05-07T13:20:00+05:30,25837.2,25844.1,25816.85,25821.05,
2018-05-07T13:25:00+05:30,25820.45,25821.7,25805.55,25808.3,
2018-05-07T13:30:00+05:30,25816.55,25819.95,25794.25,25812.9,
2018-05-07T13:35:00+05:30,25821.35,25833.35,25815.4,25823.45,
2018-05-07T13:40:00+05:30,25826.05,25835.85,25814.1,25825.25,
2018-05-07T13:45:00+05:30,25824.3,25837.9,25822.35,25828.25,
2018-05-07T13:50:00+05:30,25829.2,25838.15,25820.9,25827.45,
2018-05-07T13:55:00+05:30,25822.75,25833,25816.35,25821.15,
2018-05-07T14:00:00+05:30,25822.2,25843.25,25822.2,25833.65,
2018-05-07T14:05:00+05:30,25834.05,25848.65,25830.3,25834.3,
2018-05-07T14:10:00+05:30,25836.55,25841.9,25819.15,25830.35,
2018-05-07T14:15:00+05:30,25828.65,25845.15,25826.7,25832.1,
2018-05-07T14:20:00+05:30,25830.7,25846.15,25825.6,25827.55,
2018-05-07T14:25:00+05:30,25827,25856.8,25826.55,25847.35,
2018-05-07T14:30:00+05:30,25844.6,25861,25813.9,25825.45,
2018-05-07T14:35:00+05:30,25829.9,25846.9,25822.6,25826.1,
2018-05-07T14:40:00+05:30,25827.7,25851.8,25820.6,25838.05,
2018-05-07T14:45:00+05:30,25839.8,25850.9,25828.25,25837.8,
2018-05-07T14:50:00+05:30,25836.05,25856.35,25832.95,25850,
2018-05-07T14:55:00+05:30,25856.95,25858.1,25823,25824.75,
2018-05-07T15:00:00+05:30,25825.2,25832.75,25798.75,25798.75,
2018-05-07T15:05:00+05:30,25799.8,25832.6,25798.8,25831.7,
2018-05-07T15:10:00+05:30,25827.15,25845.45,25826.4,25840.55,
2018-05-07T15:15:00+05:30,25836.95,25850.4,25826.9,25834.1,
2018-05-07T15:20:00+05:30,25834.05,25879.5,25830.75,25867.25,
2018-05-07T15:25:00+05:30,25869.55,25901.35,25861.5,25895,
2018-05-08T09:15:00+05:30,26074.15,26078.45,25960.1,25976.25,
2018-05-08T09:20:00+05:30,25971.85,26018.6,25955.6,26007.2,
2018-05-08T09:25:00+05:30,26010.95,26019.95,26002.75,26011.9,
2018-05-08T09:30:00+05:30,26011.75,26037.75,26000.95,26031.4,
2018-05-08T09:35:00+05:30,26029.8,26060.5,26028.45,26036.15,
2018-05-08T09:40:00+05:30,26035.45,26035.45,26006.45,26019.45,
2018-05-08T09:45:00+05:30,26015.45,26018.8,25990.45,25994.95,
2018-05-08T09:50:00+05:30,25997.6,25998.1,25964.05,25987.5,
2018-05-08T09:55:00+05:30,25984.4,26006.2,25982.5,26001.1,
2018-05-08T10:00:00+05:30,25999.6,26000.65,25967.25,25991.2,
2018-05-08T10:05:00+05:30,25992.65,25999.7,25976.7,25980.7,
2018-05-08T10:10:00+05:30,25984.9,25993.95,25971.55,25983.2,
2018-05-08T10:15:00+05:30,25982.05,26009.4,25982.05,26006.7,
2018-05-08T10:20:00+05:30,26004.7,26011.1,25995.25,26002.5,
2018-05-08T10:25:00+05:30,26004.3,26018.75,26000.55,26008.85,
2018-05-08T10:30:00+05:30,26009.1,26029.6,26003.35,26024.1,
2018-05-08T10:35:00+05:30,26018.5,26048.4,26018.5,26032.8,
2018-05-08T10:40:00+05:30,26032,26053.9,26030.25,26040.95,
2018-05-08T10:45:00+05:30,26041.7,26058.15,26032.05,26040.35,
2018-05-08T10:50:00+05:30,26040,26052.4,26032.9,26033.65,
2018-05-08T10:55:00+05:30,26032.3,26033.5,26011.2,26012.45,
2018-05-08T11:00:00+05:30,26011.85,26023.5,26007.85,26011.45,
2018-05-08T11:05:00+05:30,26010.55,26012.45,25995.25,25998.1,
2018-05-08T11:10:00+05:30,25997.95,26039.05,25997.2,26024.95,
2018-05-08T11:15:00+05:30,26024.25,26037.9,26019.8,26031.5,
2018-05-08T11:20:00+05:30,26031.05,26037.15,26013.45,26015.65,
2018-05-08T11:25:00+05:30,26015.6,26024.8,26008.25,26021.05,
2018-05-08T11:30:00+05:30,26020.3,26036.35,26018.55,26028.95,
2018-05-08T11:35:00+05:30,26029.25,26038.3,26022.7,26032,
2018-05-08T11:40:00+05:30,26033.05,26038.3,26024.6,26036.65,
2018-05-08T11:45:00+05:30,26034,26052.9,26033.7,26051.25,
2018-05-08T11:50:00+05:30,26049.8,26053.9,26032.35,26045.3,
2018-05-08T11:55:00+05:30,26044.05,26046.5,26031.75,26038.3,
2018-05-08T12:00:00+05:30,26036.6,26058.8,26033.8,26055.85,
2018-05-08T12:05:00+05:30,26056.95,26065.65,26047.7,26065.15,
2018-05-08T12:10:00+05:30,26064.95,26071,26054.2,26059.75,
2018-05-08T12:15:00+05:30,26059.45,26087.6,26059.45,26080.25,
2018-05-08T12:20:00+05:30,26078.85,26097.5,26073.85,26075.95,
2018-05-08T12:25:00+05:30,26075.75,26095,26069.7,26088.4,
2018-05-08T12:30:00+05:30,26085.7,26099.5,26081.2,26085.45,
2018-05-08T12:35:00+05:30,26083.5,26090.8,26071.25,26076.75,
2018-05-08T12:40:00+05:30,26077.3,26079.3,26061.85,26068.55,
2018-05-08T12:45:00+05:30,26070.25,26075.75,26053.85,26063.05,
2018-05-08T12:50:00+05:30,26060.55,26069.9,26055.6,26058.5,
2018-05-08T12:55:00+05:30,26058.5,26063.9,26012.95,26013.65,
2018-05-08T13:00:00+05:30,26014.05,26020.15,25980.45,26005.5,
2018-05-08T13:05:00+05:30,26002.15,26032.7,25986.9,26028.3,
2018-05-08T13:10:00+05:30,26028.9,26042.45,26019.35,26024.75,
2018-05-08T13:15:00+05:30,26023.5,26049.1,26023.5,26037.05,
2018-05-08T13:20:00+05:30,26037.55,26047.1,26024.75,26031.05,
2018-05-08T13:25:00+05:30,26029.55,26052.45,26029.55,26040.1,
2018-05-08T13:30:00+05:30,26040.4,26053.25,26030.55,26030.6,
2018-05-08T13:35:00+05:30,26030.85,26043.4,26001.4,26016.65,
2018-05-08T13:40:00+05:30,26016.3,26041.2,26015.9,26018,
2018-05-08T13:45:00+05:30,26018.65,26033.05,26012.9,26029,
2018-05-08T13:50:00+05:30,26028.5,26046.15,26026.35,26032.65,
2018-05-08T13:55:00+05:30,26031.8,26043.7,26022.85,26029.9,
2018-05-08T14:00:00+05:30,26031.45,26065.1,26031.35,26059.8,
2018-05-08T14:05:00+05:30,26057.75,26064.5,26041.1,26055.05,
2018-05-08T14:10:00+05:30,26055.85,26067.35,26035.95,26035.95,
2018-05-08T14:15:00+05:30,26037.65,26058.95,26028.6,26048,
2018-05-08T14:20:00+05:30,26048.4,26074.95,26048.4,26050.3,
2018-05-08T14:25:00+05:30,26052.6,26077.6,26052.6,26060.35,
2018-05-08T14:30:00+05:30,26058.45,26065.1,26021.5,26025.95,
2018-05-08T14:35:00+05:30,26025.5,26035.75,26006.45,26023.7,
2018-05-08T14:40:00+05:30,26024.9,26047.5,26023.4,26035.7,
2018-05-08T14:45:00+05:30,26035.85,26041.75,26015.4,26031.9,
2018-05-08T14:50:00+05:30,26032.65,26069.05,26032.65,26059.55,
2018-05-08T14:55:00+05:30,26059.7,26073.3,26056.45,26068.45,
2018-05-08T15:00:00+05:30,26067.5,26074.85,26049.8,26060.85,
2018-05-08T15:05:00+05:30,26059.95,26087.75,26054.45,26087.75,
2018-05-08T15:10:00+05:30,26086.3,26104.9,26085.95,26089.25,
2018-05-08T15:15:00+05:30,26091,26104.8,26081,26101.7,
2018-05-08T15:20:00+05:30,26101.25,26114.3,26091.35,26108.9,
2018-05-08T15:25:00+05:30,26103.75,26108.55,26088.1,26090.6,
2018-05-09T09:15:00+05:30,25988.1,25998.3,25953.05,25988.75,
2018-05-09T09:20:00+05:30,25989.1,25989.1,25946.75,25975.55,
2018-05-09T09:25:00+05:30,25976.45,26035.7,25976.45,26005.25,
2018-05-09T09:30:00+05:30,26008.05,26066.75,26008.05,26057.15,
2018-05-09T09:35:00+05:30,26056.4,26091.25,26050,26076,
2018-05-09T09:40:00+05:30,26076.35,26082.6,26034.05,26054.35,
2018-05-09T09:45:00+05:30,26054.75,26055.85,26025.35,26030.2,
2018-05-09T09:50:00+05:30,26030.8,26072.4,26027.3,26069.6,
2018-05-09T09:55:00+05:30,26068.4,26077,26050.75,26068.95,
2018-05-09T10:00:00+05:30,26070.55,26102.25,26069,26099.4,
2018-05-09T10:05:00+05:30,26098.8,26099.45,26076.9,26078.25,
2018-05-09T10:10:00+05:30,26079,26081.4,26062,26062.6,
2018-05-09T10:15:00+05:30,26061.65,26070,26055.9,26065.4,
2018-05-09T10:20:00+05:30,26064.2,26067.35,26052,26063.05,
2018-05-09T10:25:00+05:30,26057.65,26067.7,26048.1,26061.8,
2018-05-09T10:30:00+05:30,26062.5,26097.25,26061.15,26097.25,
2018-05-09T10:35:00+05:30,26097.95,26116.05,26067.65,26098.35,
2018-05-09T10:40:00+05:30,26097.65,26120.3,26097.65,26100.55,
2018-05-09T10:45:00+05:30,26099.25,26106.3,26095.5,26105.4,
2018-05-09T10:50:00+05:30,26105.9,26120.95,26105.9,26114.75,
2018-05-09T10:55:00+05:30,26113.95,26129.7,26112.4,26124.45,
2018-05-09T11:00:00+05:30,26123.5,26130.2,26114,26119.5,
2018-05-09T11:05:00+05:30,26119.15,26130.2,26109.45,26129.8,
2018-05-09T11:10:00+05:30,26129.35,26136.5,26121.6,26123.55,
2018-05-09T11:15:00+05:30,26123.5,26123.7,26102.4,26109.85,
2018-05-09T11:20:00+05:30,26110,26110,26094.9,26103.6,
2018-05-09T11:25:00+05:30,26105.1,26105.1,26084.95,26086.3,
2018-05-09T11:30:00+05:30,26086.4,26092.5,26070.25,26091,
2018-05-09T11:35:00+05:30,26090.55,26124.7,26088.9,26110.6,
2018-05-09T11:40:00+05:30,26111.55,26118.65,26097.1,26107.15,
2018-05-09T11:45:00+05:30,26106.75,26110.9,26092.55,26094.7,
2018-05-09T11:50:00+05:30,26094.75,26096.8,26084.45,26089.4,
2018-05-09T11:55:00+05:30,26087.5,26092.25,26074.3,26077.75,
2018-05-09T12:00:00+05:30,26077.2,26093.6,26072.15,26093.6,
2018-05-09T12:05:00+05:30,26093.9,26098.5,26076.5,26080.8,
2018-05-09T12:10:00+05:30,26082.75,26106.3,26081.05,26104.3,
2018-05-09T12:15:00+05:30,26103.75,26110.8,26098.65,26103.1,
2018-05-09T12:20:00+05:30,26105,26115.4,26103.6,26110.15,
2018-05-09T12:25:00+05:30,26109.25,26110.2,26096.4,26103.45,
2018-05-09T12:30:00+05:30,26104.65,26116.9,26103.4,26108.75,
2018-05-09T12:35:00+05:30,26109.55,26139.05,26109.55,26135.6,
2018-05-09T12:40:00+05:30,26135.55,26139.4,26114.95,26123.6,
2018-05-09T12:45:00+05:30,26123.35,26126.55,26109.6,26110.65,
2018-05-09T12:50:00+05:30,26110,26126.1,26110,26119.6,
2018-05-09T12:55:00+05:30,26120.1,26137.3,26119.8,26126,
2018-05-09T13:00:00+05:30,26127.2,26146.75,26125.95,26144.6,
2018-05-09T13:05:00+05:30,26145.6,26164.95,26134.6,26158.45,
2018-05-09T13:10:00+05:30,26163.65,26168.5,26149.6,26163.25,
2018-05-09T13:15:00+05:30,26164.4,26167.95,26149.5,26161.55,
2018-05-09T13:20:00+05:30,26161.7,26172.6,26151.6,26161.9,
2018-05-09T13:25:00+05:30,26162.3,26171.9,26151,26154.7,
2018-05-09T13:30:00+05:30,26154.95,26168.85,26146.15,26147.7,
2018-05-09T13:35:00+05:30,26147.9,26157.4,26139.35,26151.65,
2018-05-09T13:40:00+05:30,26152.15,26165.25,26138.45,26142.7,
2018-05-09T13:45:00+05:30,26144,26162.25,26143.3,26147.15,
2018-05-09T13:50:00+05:30,26146.55,26163.05,26142.75,26151.75,
2018-05-09T13:55:00+05:30,26151.55,26161.95,26143.85,26157.6,
2018-05-09T14:00:00+05:30,26154.2,26162,26134.6,26138.4,
2018-05-09T14:05:00+05:30,26138.4,26142.35,26118.5,26137.75,
2018-05-09T14:10:00+05:30,26138.65,26162.4,26134.2,26160.05,
2018-05-09T14:15:00+05:30,26160.75,26168.45,26148.1,26163.1,
2018-05-09T14:20:00+05:30,26166.7,26175.05,26154.2,26157.65,
2018-05-09T14:25:00+05:30,26156.85,26163.7,26145,26163.7,
2018-05-09T14:30:00+05:30,26163.15,26205.55,26160.45,26182.8,
2018-05-09T14:35:00+05:30,26186.7,26188.15,26147.3,26149.8,
2018-05-09T14:40:00+05:30,26148.55,26158.45,26128.15,26149.4,
2018-05-09T14:45:00+05:30,26150.1,26152.45,26120.65,26128.45,
2018-05-09T14:50:00+05:30,26126.7,26136.15,26118.35,26130.35,
2018-05-09T14:55:00+05:30,26129.55,26148.6,26123.35,26132.85,
2018-05-09T15:00:00+05:30,26129.4,26140.55,26110.9,26127.5,
2018-05-09T15:05:00+05:30,26127.4,26144.3,26127.4,26134.55,
2018-05-09T15:10:00+05:30,26134.9,26163.2,26133.65,26159.6,
2018-05-09T15:15:00+05:30,26159.75,26175.5,26153.6,26159.15,
2018-05-09T15:20:00+05:30,26158.7,26168.85,26153.6,26156,
2018-05-09T15:25:00+05:30,26155,26170.75,26135.3,26155.5,
2018-05-10T09:15:00+05:30,26216.1,26246.75,26206.3,26220.5,
2018-05-10T09:20:00+05:30,26218.55,26265.4,26208.15,26246.8,
2018-05-10T09:25:00+05:30,26246.8,26259.05,26212.75,26217.45,
2018-05-10T09:30:00+05:30,26218.95,26233.55,26197.3,26205.5,
2018-05-10T09:35:00+05:30,26205.95,26223.65,26192.6,26209.6,
2018-05-10T09:40:00+05:30,26210.2,26237.25,26194.95,26234.95,
2018-05-10T09:45:00+05:30,26235.85,26246.1,26228.75,26240.6,
2018-05-10T09:50:00+05:30,26239.05,26240.4,26218.35,26230.15,
2018-05-10T09:55:00+05:30,26226,26233.4,26219.85,26227,
2018-05-10T10:00:00+05:30,26226.1,26231.4,26201.45,26203.15,
2018-05-10T10:05:00+05:30,26207,26217.4,26196.6,26210.7,
2018-05-10T10:10:00+05:30,26210.85,26231.25,26201.2,26227.5,
2018-05-10T10:15:00+05:30,26228.25,26231.55,26202.55,26214.05,
2018-05-10T10:20:00+05:30,26212.1,26218.35,26200.6,26206.7,
2018-05-10T10:25:00+05:30,26204.45,26208.05,26183.35,26193.95,
2018-05-10T10:30:00+05:30,26193.55,26215.05,26193,26209.3,
2018-05-10T10:35:00+05:30,26209,26221.5,26204.65,26205.65,
2018-05-10T10:40:00+05:30,26206.25,26209.25,26197.15,26207.6,
2018-05-10T10:45:00+05:30,26208.45,26213.3,26179.6,26179.6,
2018-05-10T10:50:00+05:30,26181.65,26197.8,26170.6,26195.05,
2018-05-10T10:55:00+05:30,26195.45,26199.05,26179.5,26189.4,
2018-05-10T11:00:00+05:30,26189,26195.85,26164.6,26164.6,
2018-05-10T11:05:00+05:30,26164.45,26185.6,26162.95,26178.55,
2018-05-10T11:10:00+05:30,26179.4,26199.35,26177.6,26197.7,
2018-05-10T11:15:00+05:30,26197.65,26217.75,26194.8,26205.8,
2018-05-10T11:20:00+05:30,26206.7,26207.65,26190.25,26190.6,
2018-05-10T11:25:00+05:30,26191.45,26192.15,26171.75,26181.45,
2018-05-10T11:30:00+05:30,26182.85,26186.45,26168.65,26170.95,
2018-05-10T11:35:00+05:30,26170.05,26182.55,26165.35,26179.5,
2018-05-10T11:40:00+05:30,26180.25,26184.5,26165.05,26170.9,
2018-05-10T11:45:00+05:30,26170.1,26189.8,26169.75,26177.9,
2018-05-10T11:50:00+05:30,26177.75,26203.7,26175.65,26200.2,
2018-05-10T11:55:00+05:30,26198.7,26207.8,26182.75,26189.1,
2018-05-10T12:00:00+05:30,26188.65,26199.4,26185.3,26189.8,
2018-05-10T12:05:00+05:30,26188.55,26189.75,26168.5,26177.05,
2018-05-10T12:10:00+05:30,26176.6,26178.5,26169.05,26175.1,
2018-05-10T12:15:00+05:30,26174.1,26177.7,26164.5,26166.6,
2018-05-10T12:20:00+05:30,26168.15,26186.7,26164.6,26184.4,
2018-05-10T12:25:00+05:30,26186.15,26186.85,26170.1,26175.15,
2018-05-10T12:30:00+05:30,26175.55,26176.9,26156.5,26157.45,
2018-05-10T12:35:00+05:30,26156.9,26161.65,26141.7,26151.65,
2018-05-10T12:40:00+05:30,26152.8,26173.3,26151.65,26161,
2018-05-10T12:45:00+05:30,26161,26185.75,26149.4,26178,
2018-05-10T12:50:00+05:30,26177.15,26182.4,26160.05,26162.85,
2018-05-10T12:55:00+05:30,26162.7,26170.65,26148.45,26152.35,
2018-05-10T13:00:00+05:30,26153.1,26163.3,26122.85,26127.1,
2018-05-10T13:05:00+05:30,26127.7,26147.6,26121.2,26142.5,
2018-05-10T13:10:00+05:30,26142.7,26146.25,26120.1,26133.45,
2018-05-10T13:15:00+05:30,26134.1,26167.3,26132.25,26166.4,
2018-05-10T13:20:00+05:30,26166.7,26178,26145.1,26148.3,
2018-05-10T13:25:00+05:30,26148.8,26167.95,26148.8,26155.95,
2018-05-10T13:30:00+05:30,26157.5,26171.85,26155.75,26162,
2018-05-10T13:35:00+05:30,26161.95,26201.75,26161.95,26192.85,
2018-05-10T13:40:00+05:30,26192.8,26200.25,26171.95,26171.95,
2018-05-10T13:45:00+05:30,26173,26203.25,26166.95,26193.45,
2018-05-10T13:50:00+05:30,26194.55,26223.2,26192.85,26204.05,
2018-05-10T13:55:00+05:30,26207.95,26210.6,26192.6,26200.9,
2018-05-10T14:00:00+05:30,26199.35,26204.35,26169.15,26178.55,
2018-05-10T14:05:00+05:30,26178.8,26203,26174.25,26199.9,
2018-05-10T14:10:00+05:30,26199.9,26213.6,26193.9,26197.3,
2018-05-10T14:15:00+05:30,26198.05,26210.1,26191.2,26206,
2018-05-10T14:20:00+05:30,26201.65,26208.1,26190.7,26196.9,
2018-05-10T14:25:00+05:30,26197,26220.4,26189.05,26220.4,
2018-05-10T14:30:00+05:30,26219.25,26245.85,26219.25,26232.05,
2018-05-10T14:35:00+05:30,26227.95,26232.55,26202.4,26213.5,
2018-05-10T14:40:00+05:30,26213.3,26220.45,26195.35,26197.1,
2018-05-10T14:45:00+05:30,26197.55,26210.05,26190.6,26208.4,
2018-05-10T14:50:00+05:30,26210.05,26217.25,26205.35,26212.6,
2018-05-10T14:55:00+05:30,26212.4,26212.85,26174.95,26174.95,
2018-05-10T15:00:00+05:30,26178.3,26178.8,26136.45,26155,
2018-05-10T15:05:00+05:30,26161.45,26165.3,26144.75,26147.25,
2018-05-10T15:10:00+05:30,26149.55,26152.65,26137.05,26142.9,
2018-05-10T15:15:00+05:30,26140.25,26140.25,26090.35,26116.05,
2018-05-10T15:20:00+05:30,26114.65,26136.95,26105.1,26131.95,
2018-05-10T15:25:00+05:30,26130.2,26132.35,26062.7,26062.7,
2018-05-11T09:15:00+05:30,26173.7,26215.15,26164.05,26188.1,
2018-05-11T09:20:00+05:30,26188.05,26198.6,26138.55,26151.8,
2018-05-11T09:25:00+05:30,26152.3,26174.15,26149.75,26155.35,
2018-05-11T09:30:00+05:30,26157.15,26176.5,26151.05,26160.45,
2018-05-11T09:35:00+05:30,26160.95,26163.1,26112.7,26115.55,
2018-05-11T09:40:00+05:30,26114.65,26134.05,26108,26109.8,
2018-05-11T09:45:00+05:30,26110.05,26129.9,26099.85,26121.8,
2018-05-11T09:50:00+05:30,26122.05,26162.8,26122.05,26153.9,
2018-05-11T09:55:00+05:30,26154.4,26168.05,26147.25,26163.95,
2018-05-11T10:00:00+05:30,26163.15,26180.25,26149.85,26167.15,
2018-05-11T10:05:00+05:30,26167.35,26183.05,26159.5,26180.85,
2018-05-11T10:10:00+05:30,26182.2,26182.75,26156.85,26168.9,
2018-05-11T10:15:00+05:30,26171.8,26227.95,26167.35,26217.35,
2018-05-11T10:20:00+05:30,26213.8,26222.6,26202.6,26218.25,
2018-05-11T10:25:00+05:30,26217.4,26223.6,26197.05,26211.8,
2018-05-11T10:30:00+05:30,26213.05,26213.5,26189.1,26204.35,
2018-05-11T10:35:00+05:30,26205.05,26226.5,26203.05,26222.85,
2018-05-11T10:40:00+05:30,26224.3,26244.8,26223.4,26241.45,
2018-05-11T10:45:00+05:30,26240.5,26254.55,26228.05,26246.95,
2018-05-11T10:50:00+05:30,26247.75,26260.65,26231,26234.5,
2018-05-11T10:55:00+05:30,26237.35,26237.35,26215.8,26222.6,
2018-05-11T11:00:00+05:30,26222.85,26244.35,26222.85,26239.4,
2018-05-11T11:05:00+05:30,26238.2,26241.55,26222.7,26228.05,
2018-05-11T11:10:00+05:30,26227.6,26230.4,26218.45,26227.35,
2018-05-11T11:15:00+05:30,26226.75,26232.1,26217.55,26224.5,
2018-05-11T11:20:00+05:30,26224.75,26226.9,26214.1,26215.5,
2018-05-11T11:25:00+05:30,26216.3,26217.45,26196.7,26203.85,
2018-05-11T11:30:00+05:30,26204.05,26211.5,26194.35,26208,
2018-05-11T11:35:00+05:30,26209.15,26213.1,26202.15,26202.15,
2018-05-11T11:40:00+05:30,26203.1,26209.95,26200.2,26204.2,
2018-05-11T11:45:00+05:30,26203.2,26215.25,26202,26210.65,
2018-05-11T11:50:00+05:30,26211.3,26217.55,26200.55,26214.55,
2018-05-11T11:55:00+05:30,26214.4,26217.35,26176.9,26179.35,
2018-05-11T12:00:00+05:30,26181.55,26202.35,26176.25,26199.25,
2018-05-11T12:05:00+05:30,26197.45,26200.4,26189.8,26199.85,
2018-05-11T12:10:00+05:30,26198.7,26211.55,26198.3,26208.5,
2018-05-11T12:15:00+05:30,26209.35,26216.65,26203.7,26215.6,
2018-05-11T12:20:00+05:30,26214.4,26220.35,26209.75,26215.65,
2018-05-11T12:25:00+05:30,26215.95,26226.65,26212.9,26221.05,
2018-05-11T12:30:00+05:30,26221,26226.3,26211.3,26213.6,
2018-05-11T12:35:00+05:30,26213.4,26224.25,26200.85,26206.6,
2018-05-11T12:40:00+05:30,26206.8,26219.6,26201.2,26217.15,
2018-05-11T12:45:00+05:30,26217.3,26233.7,26211.5,26227.1,
2018-05-11T12:50:00+05:30,26231.5,26239.85,26220.9,26222.3,
2018-05-11T12:55:00+05:30,26222.5,26233.65,26221.15,26231.75,
2018-05-11T13:00:00+05:30,26232.5,26242.65,26224.75,26235.15,
2018-05-11T13:05:00+05:30,26237.6,26238.95,26185.75,26185.75,
2018-05-11T13:10:00+05:30,26185.2,26204.95,26169.2,26190.3,
2018-05-11T13:15:00+05:30,26190.95,26210.75,26190.95,26206.6,
2018-05-11T13:20:00+05:30,26205.95,26216.8,26188.05,26210.4,
2018-05-11T13:25:00+05:30,26210.9,26224.55,26201.75,26211.5,
2018-05-11T13:30:00+05:30,26210.6,26220.45,26195,26195.95,
2018-05-11T13:35:00+05:30,26202.7,26216.6,26194.5,26206.25,
2018-05-11T13:40:00+05:30,26205.25,26226.1,26201.65,26221.15,
2018-05-11T13:45:00+05:30,26220.9,26234.55,26212.95,26226.6,
2018-05-11T13:50:00+05:30,26226.5,26239.4,26214.4,26215.65,
2018-05-11T13:55:00+05:30,26218.9,26239.5,26214.45,26216.8,
2018-05-11T14:00:00+05:30,26220.2,26249.8,26217.3,26234.2,
2018-05-11T14:05:00+05:30,26235.05,26247.85,26221.85,26235.75,
2018-05-11T14:10:00+05:30,26235.15,26258.45,26235.15,26246.65,
2018-05-11T14:15:00+05:30,26248.8,26256.35,26198.95,26214.65,
2018-05-11T14:20:00+05:30,26221.1,26240.2,26214.75,26233.45,
2018-05-11T14:25:00+05:30,26234.5,26260.95,26232.5,26256.9,
2018-05-11T14:30:00+05:30,26256.3,26287.65,26256.3,26275.85,
2018-05-11T14:35:00+05:30,26273.05,26289.55,26266.15,26271,
2018-05-11T14:40:00+05:30,26269.1,26288.25,26266.15,26282.1,
2018-05-11T14:45:00+05:30,26283.75,26300.25,26279.55,26295.5,
2018-05-11T14:50:00+05:30,26297.25,26349.5,26297.25,26329.1,
2018-05-11T14:55:00+05:30,26329.5,26367.4,26329.5,26366.1,
2018-05-11T15:00:00+05:30,26362.35,26421.95,26362.35,26421,
2018-05-11T15:05:00+05:30,26420.4,26428.4,26407.2,26415.25,
2018-05-11T15:10:00+05:30,26414.9,26425.1,26382.05,26384.7,
2018-05-11T15:15:00+05:30,26385.35,26418.7,26385.35,26409.25,
2018-05-11T15:20:00+05:30,26408.45,26435.75,26401.8,26418.6,
2018-05-11T15:25:00+05:30,26415.9,26417.1,26392,26408.45,
2018-05-14T09:15:00+05:30,26404.45,26477.2,26360.85,26464.9,
2018-05-14T09:20:00+05:30,26466.95,26486.55,26452.2,26475.2,
2018-05-14T09:25:00+05:30,26473.65,26510.65,26470.95,26499.65,
2018-05-14T09:30:00+05:30,26503.15,26506.6,26470.95,26471.45,
2018-05-14T09:35:00+05:30,26468.9,26475.7,26446.45,26475.7,
2018-05-14T09:40:00+05:30,26475.55,26487.35,26468.75,26483.35,
2018-05-14T09:45:00+05:30,26482.6,26483.3,26460.15,26466.75,
2018-05-14T09:50:00+05:30,26466.45,26478.35,26459.35,26466.75,
2018-05-14T09:55:00+05:30,26469.5,26471.55,26452.55,26462.15,
2018-05-14T10:00:00+05:30,26462.4,26477.75,26456.9,26468.7,
2018-05-14T10:05:00+05:30,26469,26474.2,26457.1,26474.2,
2018-05-14T10:10:00+05:30,26474.2,26505.05,26473.85,26502.5,
2018-05-14T10:15:00+05:30,26502.7,26524.35,26500.1,26511.05,
2018-05-14T10:20:00+05:30,26510.7,26553.7,26506.35,26545.5,
2018-05-14T10:25:00+05:30,26546.25,26553.7,26529.55,26542.65,
2018-05-14T10:30:00+05:30,26542.4,26564.5,26542.2,26544.95,
2018-05-14T10:35:00+05:30,26543.65,26547.95,26534.3,26540.9,
2018-05-14T10:40:00+05:30,26540.7,26541.75,26518.9,26529.95,
2018-05-14T10:45:00+05:30,26526.35,26550.3,26523.95,26536.1,
2018-05-14T10:50:00+05:30,26536.85,26544.65,26529.55,26532.2,
2018-05-14T10:55:00+05:30,26532.4,26532.6,26488.5,26493.5,
2018-05-14T11:00:00+05:30,26495.55,26505.7,26474.9,26495.45,
2018-05-14T11:05:00+05:30,26494.3,26511.85,26479.8,26481,
2018-05-14T11:10:00+05:30,26478.95,26494.75,26472.15,26482.2,
2018-05-14T11:15:00+05:30,26482.2,26497.9,26469.2,26491.45,
2018-05-14T11:20:00+05:30,26490.55,26495.75,26476.35,26494.75,
2018-05-14T11:25:00+05:30,26494.2,26494.85,26463.1,26465.45,
2018-05-14T11:30:00+05:30,26465.45,26472.65,26448.65,26450.5,
2018-05-14T11:35:00+05:30,26450.6,26463.25,26399.85,26401.35,
2018-05-14T11:40:00+05:30,26402,26435.4,26399.05,26426.55,
2018-05-14T11:45:00+05:30,26426.4,26443.05,26403.75,26433.15,
2018-05-14T11:50:00+05:30,26433,26436.7,26415.4,26421.75,
2018-05-14T11:55:00+05:30,26420.7,26431.2,26414.7,26430.15,
2018-05-14T12:00:00+05:30,26430.05,26434.7,26417.65,26419.1,
2018-05-14T12:05:00+05:30,26418.05,26421.6,26405.75,26406.45,
2018-05-14T12:10:00+05:30,26407.05,26411.95,26366.55,26373.7,
2018-05-14T12:15:00+05:30,26373.1,26394.35,26338.25,26394.3,
2018-05-14T12:20:00+05:30,26393,26429.8,26390.75,26400.35,
2018-05-14T12:25:00+05:30,26400.3,26410.6,26381.9,26384.6,
2018-05-14T12:30:00+05:30,26385.3,26396.6,26370.85,26391.1,
2018-05-14T12:35:00+05:30,26393.3,26432.75,26385.85,26416.9,
2018-05-14T12:40:00+05:30,26417.05,26429.5,26410.25,26419.75,
2018-05-14T12:45:00+05:30,26420.55,26433.3,26411.6,26415.9,
2018-05-14T12:50:00+05:30,26418.45,26425.35,26407.15,26412.55,
2018-05-14T12:55:00+05:30,26412.8,26417.15,26395.4,26411.2,
2018-05-14T13:00:00+05:30,26410.3,26425.6,26403.1,26407.5,
2018-05-14T13:05:00+05:30,26407.4,26416.4,26397.4,26398.65,
2018-05-14T13:10:00+05:30,26401.65,26412.6,26396.6,26405.6,
2018-05-14T13:15:00+05:30,26405.35,26412.25,26397.15,26399.9,
2018-05-14T13:20:00+05:30,26399.9,26411.9,26398.3,26400.85,
2018-05-14T13:25:00+05:30,26399.65,26404.45,26369.45,26370.85,
2018-05-14T13:30:00+05:30,26370.05,26391.85,26365.7,26378.05,
2018-05-14T13:35:00+05:30,26375.75,26420.55,26367.5,26419.95,
2018-05-14T13:40:00+05:30,26419.9,26424.1,26399.55,26399.55,
2018-05-14T13:45:00+05:30,26402.4,26422.9,26389.7,26418.05,
2018-05-14T13:50:00+05:30,26418.75,26443.15,26408.85,26416.05,
2018-05-14T13:55:00+05:30,26416.05,26423.2,26405.8,26408.9,
2018-05-14T14:00:00+05:30,26409.1,26430.75,26409.1,26417.65,
2018-05-14T14:05:00+05:30,26418.35,26439.75,26413.1,26437.6,
2018-05-14T14:10:00+05:30,26438.1,26448.15,26421.55,26421.55,
2018-05-14T14:15:00+05:30,26420,26440.2,26412.25,26437.25,
2018-05-14T14:20:00+05:30,26437.25,26438.7,26420.9,26429.3,
2018-05-14T14:25:00+05:30,26428.9,26431.95,26400.4,26408.5,
2018-05-14T14:30:00+05:30,26407.25,26471.2,26404.05,26470,
2018-05-14T14:35:00+05:30,26469.5,26470.7,26451.6,26459.45,
2018-05-14T14:40:00+05:30,26457.7,26498.95,26457.7,26484.05,
2018-05-14T14:45:00+05:30,26484.05,26485.4,26462.1,26473.55,
2018-05-14T14:50:00+05:30,26472.85,26484.95,26462.45,26476.4,
2018-05-14T14:55:00+05:30,26476.5,26476.65,26442.55,26443.5,
2018-05-14T15:00:00+05:30,26442.35,26466.65,26442.35,26466.65,
2018-05-14T15:05:00+05:30,26466.4,26493.2,26466.25,26490.9,
2018-05-14T15:10:00+05:30,26492.8,26504.35,26484.3,26490,
2018-05-14T15:15:00+05:30,26489.8,26497.75,26477.6,26479.1,
2018-05-14T15:20:00+05:30,26479.35,26489.3,26459.1,26461.15,
2018-05-14T15:25:00+05:30,26461,26462.35,26433.55,26447.6,
2018-05-15T09:15:00+05:30,26494.9,26494.9,26408.75,26433.1,
2018-05-15T09:20:00+05:30,26433.35,26589.5,26429.7,26585.55,
2018-05-15T09:25:00+05:30,26584.2,26725,26573,26677.4,
2018-05-15T09:30:00+05:30,26679,26682.8,26550.55,26638.8,
2018-05-15T09:35:00+05:30,26638.5,26692.95,26628.15,26682.75,
2018-05-15T09:40:00+05:30,26681.15,26744.55,26661.7,26708.8,
2018-05-15T09:45:00+05:30,26707.35,26751.05,26707.35,26742.9,
2018-05-15T09:50:00+05:30,26747.5,26821.7,26747.5,26819.45,
2018-05-15T09:55:00+05:30,26820.25,26873.6,26811.55,26872.75,
2018-05-15T10:00:00+05:30,26871.3,26880.75,26840.65,26855.1,
2018-05-15T10:05:00+05:30,26856.75,26914.25,26855.55,26913.25,
2018-05-15T10:10:00+05:30,26911.35,26960.55,26911.35,26947.15,
2018-05-15T10:15:00+05:30,26946.3,26961.15,26905.15,26920.95,
2018-05-15T10:20:00+05:30,26919,26966.35,26914.75,26950.4,
2018-05-15T10:25:00+05:30,26951.05,26971.2,26902.95,26903.85,
2018-05-15T10:30:00+05:30,26900.2,26918.25,26876.9,26881.8,
2018-05-15T10:35:00+05:30,26885.25,26887,26852.15,26877.15,
2018-05-15T10:40:00+05:30,26878.5,26900.5,26870.35,26894.15,
2018-05-15T10:45:00+05:30,26894.3,26896.95,26865.7,26895.95,
2018-05-15T10:50:00+05:30,26896.45,26918.1,26893.4,26900.1,
2018-05-15T10:55:00+05:30,26900.6,26926.2,26879.15,26886.05,
2018-05-15T11:00:00+05:30,26884.25,26886.75,26868.3,26882.2,
2018-05-15T11:05:00+05:30,26882.8,26890.25,26879.7,26881.5,
2018-05-15T11:10:00+05:30,26881.5,26898.8,26876.6,26887.6,
2018-05-15T11:15:00+05:30,26887.65,26895,26858.75,26862,
2018-05-15T11:20:00+05:30,26865.5,26875.5,26850.75,26858.15,
2018-05-15T11:25:00+05:30,26855.75,26874.65,26847.55,26867.9,
2018-05-15T11:30:00+05:30,26868.1,26872.05,26851.7,26855.6,
2018-05-15T11:35:00+05:30,26854.5,26858.9,26826.2,26838.85,
2018-05-15T11:40:00+05:30,26839.05,26853.1,26836.7,26838.9,
2018-05-15T11:45:00+05:30,26839.25,26843.55,26818,26830.2,
2018-05-15T11:50:00+05:30,26830.2,26838.75,26810.6,26817.65,
2018-05-15T11:55:00+05:30,26818.4,26823.5,26794.3,26803.7,
2018-05-15T12:00:00+05:30,26802.55,26802.8,26739.3,26739.3,
2018-05-15T12:05:00+05:30,26739.3,26755.25,26690.3,26701.8,
2018-05-15T12:10:00+05:30,26703.1,26722.35,26670.7,26715.95,
2018-05-15T12:15:00+05:30,26716.7,26723.55,26693.1,26711.55,
2018-05-15T12:20:00+05:30,26709,26718.05,26696.8,26699.4,
2018-05-15T12:25:00+05:30,26703.8,26722.95,26681,26719.05,
2018-05-15T12:30:00+05:30,26719.7,26727.25,26700.45,26701.8,
2018-05-15T12:35:00+05:30,26700.9,26707.85,26684.1,26695.6,
2018-05-15T12:40:00+05:30,26696.15,26748.05,26695.25,26723.5,
2018-05-15T12:45:00+05:30,26724.05,26747.55,26715.2,26736.05,
2018-05-15T12:50:00+05:30,26735.7,26738.35,26720.25,26723.7,
2018-05-15T12:55:00+05:30,26721.65,26732,26696,26699.05,
2018-05-15T13:00:00+05:30,26700.9,26702.85,26676.5,26678,
2018-05-15T13:05:00+05:30,26675.95,26680.75,26652.65,26672.85,
2018-05-15T13:10:00+05:30,26674.5,26676.25,26595.4,26611.05,
2018-05-15T13:15:00+05:30,26608.7,26631.5,26584.9,26627.85,
2018-05-15T13:20:00+05:30,26624.1,26674.35,26622.05,26633.3,
2018-05-15T13:25:00+05:30,26631.95,26631.95,26603.35,26606.4,
2018-05-15T13:30:00+05:30,26603.55,26655.55,26589.55,26649.95,
2018-05-15T13:35:00+05:30,26650.2,26650.2,26614.5,26624.1,
2018-05-15T13:40:00+05:30,26623.6,26648.55,26617.8,26623.35,
2018-05-15T13:45:00+05:30,26622.7,26624.55,26596.25,26611.05,
2018-05-15T13:50:00+05:30,26609.45,26612.1,26568.55,26568.55,
2018-05-15T13:55:00+05:30,26569.1,26591.8,26551.05,26574.3,
2018-05-15T14:00:00+05:30,26575.95,26594.2,26552.85,26594.15,
2018-05-15T14:05:00+05:30,26594.2,26619.8,26582.9,26619.25,
2018-05-15T14:10:00+05:30,26618.35,26618.35,26552.45,26555.15,
2018-05-15T14:15:00+05:30,26551.25,26562.3,26485.65,26486.35,
2018-05-15T14:20:00+05:30,26487.05,26532.2,26485.2,26487.65,
2018-05-15T14:25:00+05:30,26483.3,26484.65,26409.5,26439.1,
2018-05-15T14:30:00+05:30,26436.85,26505.45,26436.65,26500.75,
2018-05-15T14:35:00+05:30,26502.3,26540.2,26454.85,26502.7,
2018-05-15T14:40:00+05:30,26501.05,26516.05,26476.95,26494.1,
2018-05-15T14:45:00+05:30,26494.55,26501.9,26457.8,26483.35,
2018-05-15T14:50:00+05:30,26481.95,26502,26473.8,26480.3,
2018-05-15T14:55:00+05:30,26480.25,26531.35,26467.9,26524.2,
2018-05-15T15:00:00+05:30,26522.6,26565.95,26505.3,26526.15,
2018-05-15T15:05:00+05:30,26530.75,26539.6,26516.5,26530.8,
2018-05-15T15:10:00+05:30,26529.5,26531.6,26488.05,26502.2,
2018-05-15T15:15:00+05:30,26504.65,26511.25,26453,26464.5,
2018-05-15T15:20:00+05:30,26470.65,26470.65,26422.05,26438.45,
2018-05-15T15:25:00+05:30,26442.6,26461.45,26429.6,26444.6,
2018-05-16T09:15:00+05:30,26269.35,26313.95,26260,26283.05,
2018-05-16T09:20:00+05:30,26282.35,26291.85,26252.3,26290.85,
2018-05-16T09:25:00+05:30,26291.8,26308.35,26209.75,26211.3,
2018-05-16T09:30:00+05:30,26213.1,26225,26186.95,26204.05,
2018-05-16T09:35:00+05:30,26203.45,26205.05,26175.65,26193.55,
2018-05-16T09:40:00+05:30,26194.85,26214.5,26165.9,26165.9,
2018-05-16T09:45:00+05:30,26172.45,26187.55,26163.65,26184.05,
2018-05-16T09:50:00+05:30,26184.65,26184.65,26117.95,26134.95,
2018-05-16T09:55:00+05:30,26135.85,26158.25,26121.35,26124.6,
2018-05-16T10:00:00+05:30,26127.2,26133.95,26112.1,26126.1,
2018-05-16T10:05:00+05:30,26127.3,26148.65,26126.55,26148.65,
2018-05-16T10:10:00+05:30,26145.95,26172.7,26132.55,26172.7,
2018-05-16T10:15:00+05:30,26180.2,26207.75,26169.7,26193.85,
2018-05-16T10:20:00+05:30,26193.85,26204.4,26184.25,26202.65,
2018-05-16T10:25:00+05:30,26202,26240.7,26198.85,26237.2,
2018-05-16T10:30:00+05:30,26237.55,26245.35,26168.2,26172.5,
2018-05-16T10:35:00+05:30,26172.4,26182.5,26156.85,26166,
2018-05-16T10:40:00+05:30,26167.8,26172.25,26147.55,26167.9,
2018-05-16T10:45:00+05:30,26168.15,26193.15,26165.6,26176.4,
2018-05-16T10:50:00+05:30,26176.8,26209,26174,26203.4,
2018-05-16T10:55:00+05:30,26205.6,26205.6,26189.95,26189.95,
2018-05-16T11:00:00+05:30,26190.45,26222.45,26182.85,26218.95,
2018-05-16T11:05:00+05:30,26218.95,26244.05,26206.25,26221.55,
2018-05-16T11:10:00+05:30,26223.3,26236.85,26220.1,26227.35,
2018-05-16T11:15:00+05:30,26228.55,26252.15,26227.25,26250.6,
2018-05-16T11:20:00+05:30,26250.7,26275.8,26250.5,26266.5,
2018-05-16T11:25:00+05:30,26265.9,26291.65,26256.95,26289.55,
2018-05-16T11:30:00+05:30,26288.4,26347.75,26287.05,26295.4,
2018-05-16T11:35:00+05:30,26296.55,26313.85,26292.25,26309.2,
2018-05-16T11:40:00+05:30,26310.35,26321.8,26271,26271,
2018-05-16T11:45:00+05:30,26275.3,26278.85,26247.95,26272.8,
2018-05-16T11:50:00+05:30,26275.2,26299.3,26262.35,26286.05,
2018-05-16T11:55:00+05:30,26288.35,26302.15,26262.6,26265.95,
2018-05-16T12:00:00+05:30,26265.3,26281.4,26264.9,26281.15,
2018-05-16T12:05:00+05:30,26280.95,26284.6,26259.35,26260.55,
2018-05-16T12:10:00+05:30,26260.95,26277.35,26242.5,26277.35,
2018-05-16T12:15:00+05:30,26278.95,26306.75,26261.9,26291.1,
2018-05-16T12:20:00+05:30,26290.55,26319.1,26289.95,26308.15,
2018-05-16T12:25:00+05:30,26306.05,26330.65,26304.25,26318.15,
2018-05-16T12:30:00+05:30,26317.8,26322.1,26286.8,26301.55,
2018-05-16T12:35:00+05:30,26300,26329.05,26296.3,26323.65,
2018-05-16T12:40:00+05:30,26320.35,26339.2,26312.35,26333.85,
2018-05-16T12:45:00+05:30,26330.4,26335.6,26319,26321.75,
2018-05-16T12:50:00+05:30,26322.95,26340.55,26315.1,26338.45,
2018-05-16T12:55:00+05:30,26335.45,26340.75,26314.1,26330.45,
2018-05-16T13:00:00+05:30,26329.15,26383.75,26327.55,26370.3,
2018-05-16T13:05:00+05:30,26370.15,26391.85,26348.15,26368.55,
2018-05-16T13:10:00+05:30,26365.6,26388.7,26352.7,26365.4,
2018-05-16T13:15:00+05:30,26366.4,26416.2,26362.3,26410.8,
2018-05-16T13:20:00+05:30,26408.95,26428.15,26380.35,26385.95,
2018-05-16T13:25:00+05:30,26389,26409.85,26358.3,26364.9,
2018-05-16T13:30:00+05:30,26365.15,26401.9,26364.9,26397.65,
2018-05-16T13:35:00+05:30,26395.2,26411.25,26384.15,26385.9,
2018-05-16T13:40:00+05:30,26385.8,26392.6,26343.05,26347.15,
2018-05-16T13:45:00+05:30,26346.25,26375.85,26343.8,26368.75,
2018-05-16T13:50:00+05:30,26369.45,26371.05,26321.3,26327.75,
2018-05-16T13:55:00+05:30,26322.1,26322.65,26259.4,26274.25,
2018-05-16T14:00:00+05:30,26268.95,26270.55,26210.75,26213.15,
2018-05-16T14:05:00+05:30,26209.8,26247.05,26176.1,26240.05,
2018-05-16T14:10:00+05:30,26241.3,26241.35,26196.95,26196.95,
2018-05-16T14:15:00+05:30,26196.95,26205.35,26177.05,26190.3,
2018-05-16T14:20:00+05:30,26190.6,26216.85,26182.2,26206,
2018-05-16T14:25:00+05:30,26204.95,26245.35,26196.05,26224.6,
2018-05-16T14:30:00+05:30,26223.85,26231.75,26202.05,26218.7,
2018-05-16T14:35:00+05:30,26217.55,26218.75,26163,26167.8,
2018-05-16T14:40:00+05:30,26170.05,26196.85,26167.5,26173,
2018-05-16T14:45:00+05:30,26172.2,26173.75,26140,26143.95,
2018-05-16T14:50:00+05:30,26142.95,26142.95,26103.05,26115.55,
2018-05-16T14:55:00+05:30,26115.65,26149.95,26112.05,26143.25,
2018-05-16T15:00:00+05:30,26143.7,26170.05,26131.05,26161.9,
2018-05-16T15:05:00+05:30,26163.8,26207.45,26161.2,26206.25,
2018-05-16T15:10:00+05:30,26206.3,26209.85,26175.9,26185.65,
2018-05-16T15:15:00+05:30,26185.35,26194,26172.85,26186.7,
2018-05-16T15:20:00+05:30,26187.5,26199.3,26181.5,26190.05,
2018-05-16T15:25:00+05:30,26190.6,26207.3,26168.65,26201.55,
2018-05-17T09:15:00+05:30,26233.2,26260.9,26189.65,26202.85,
2018-05-17T09:20:00+05:30,26196.65,26265.85,26196.65,26241.9,
2018-05-17T09:25:00+05:30,26241.8,26267.5,26234.9,26262.85,
2018-05-17T09:30:00+05:30,26266.05,26283.1,26248.75,26277.65,
2018-05-17T09:35:00+05:30,26278.35,26281.2,26240.75,26251.1,
2018-05-17T09:40:00+05:30,26249.75,26265.8,26233.6,26244.35,
2018-05-17T09:45:00+05:30,26245.9,26248.95,26221.5,26239.1,
2018-05-17T09:50:00+05:30,26239.55,26243.05,26208.2,26210.75,
2018-05-17T09:55:00+05:30,26209.45,26229.8,26204.9,26211.6,
2018-05-17T10:00:00+05:30,26214,26214.6,26184.25,26185.65,
2018-05-17T10:05:00+05:30,26187.75,26189,26164.55,26173.5,
2018-05-17T10:10:00+05:30,26173.3,26178.9,26154.55,26167.25,
2018-05-17T10:15:00+05:30,26167.15,26190.65,26161.15,26189.05,
2018-05-17T10:20:00+05:30,26192.4,26211.05,26185.2,26194.75,
2018-05-17T10:25:00+05:30,26194.75,26229.7,26183,26219.95,
2018-05-17T10:30:00+05:30,26219.2,26225,26179.15,26179.15,
2018-05-17T10:35:00+05:30,26181.35,26187.25,26156.85,26157.8,
2018-05-17T10:40:00+05:30,26156.55,26169.7,26140.25,26157.65,
2018-05-17T10:45:00+05:30,26159.45,26172.8,26145.4,26146.65,
2018-05-17T10:50:00+05:30,26147.35,26153.45,26111.9,26116.2,
2018-05-17T10:55:00+05:30,26121.05,26142.65,26109.7,26140.45,
2018-05-17T11:00:00+05:30,26143.9,26156,26137.25,26154.95,
2018-05-17T11:05:00+05:30,26155.75,26164.65,26137.45,26143,
2018-05-17T11:10:00+05:30,26146.25,26149.95,26121.65,26133.85,
2018-05-17T11:15:00+05:30,26133.1,26138.3,26123.6,26137.2,
2018-05-17T11:20:00+05:30,26137.2,26144.35,26123,26139.5,
2018-05-17T11:25:00+05:30,26139.95,26146.1,26134.65,26142.4,
2018-05-17T11:30:00+05:30,26143.6,26143.6,26112.2,26116.45,
2018-05-17T11:35:00+05:30,26118.1,26134.8,26111.2,26132.15,
2018-05-17T11:40:00+05:30,26132.9,26134.7,26091.1,26091.1,
2018-05-17T11:45:00+05:30,26091.3,26115,26077.2,26113.15,
2018-05-17T11:50:00+05:30,26113.75,26124.7,26106.45,26109.7,
2018-05-17T11:55:00+05:30,26109.9,26110.3,26083.15,26092.55,
2018-05-17T12:00:00+05:30,26096.25,26121.55,26089.45,26102.05,
2018-05-17T12:05:00+05:30,26106.9,26108.65,26083.4,26087.3,
2018-05-17T12:10:00+05:30,26086.95,26088.35,26067.35,26077.8,
2018-05-17T12:15:00+05:30,26078.8,26091.8,26068.65,26074.65,
2018-05-17T12:20:00+05:30,26074.7,26087.45,26064.75,26082.4,
2018-05-17T12:25:00+05:30,26083.15,26098.5,26076.7,26094.65,
2018-05-17T12:30:00+05:30,26094.65,26117.45,26087.1,26102.8,
2018-05-17T12:35:00+05:30,26102.9,26132.2,26098.15,26128.6,
2018-05-17T12:40:00+05:30,26127.45,26128.25,26105.7,26116.35,
2018-05-17T12:45:00+05:30,26116.75,26145.5,26114.5,26130.9,
2018-05-17T12:50:00+05:30,26132.15,26164,26126.9,26148.15,
2018-05-17T12:55:00+05:30,26146.4,26151.85,26120.9,26121.6,
2018-05-17T13:00:00+05:30,26121.45,26125.6,26097.7,26108.2,
2018-05-17T13:05:00+05:30,26108.55,26141,26108.55,26127,
2018-05-17T13:10:00+05:30,26128.7,26168.7,26126.65,26139.2,
2018-05-17T13:15:00+05:30,26141.75,26148.15,26121.9,26131,
2018-05-17T13:20:00+05:30,26131.35,26152.05,26127.8,26143.5,
2018-05-17T13:25:00+05:30,26143.45,26155.45,26125,26125.1,
2018-05-17T13:30:00+05:30,26127.55,26134.3,26112.25,26118.95,
2018-05-17T13:35:00+05:30,26119,26133.15,26092.5,26097.3,
2018-05-17T13:40:00+05:30,26098.5,26115.85,26088.7,26109.85,
2018-05-17T13:45:00+05:30,26110.1,26115.7,26083.65,26095.85,
2018-05-17T13:50:00+05:30,26095.15,26104.4,26093.8,26102.25,
2018-05-17T13:55:00+05:30,26101,26105.5,26031.1,26042.55,
2018-05-17T14:00:00+05:30,26044.55,26078.1,26036.8,26060.6,
2018-05-17T14:05:00+05:30,26059.4,26069.4,26045.25,26056.85,
2018-05-17T14:10:00+05:30,26057,26077.7,26052.65,26059.6,
2018-05-17T14:15:00+05:30,26057.85,26076.5,26055.9,26067.9,
2018-05-17T14:20:00+05:30,26064.45,26077.9,26058.1,26066.75,
2018-05-17T14:25:00+05:30,26067.15,26099.95,26065.1,26098.7,
2018-05-17T14:30:00+05:30,26103.2,26114.45,26092.05,26105.95,
2018-05-17T14:35:00+05:30,26106.1,26127.25,26099.7,26118.85,
2018-05-17T14:40:00+05:30,26118.55,26121.75,26088,26092.15,
2018-05-17T14:45:00+05:30,26091.25,26091.25,26055.6,26086.45,
2018-05-17T14:50:00+05:30,26086.25,26091.6,26048.95,26069.1,
2018-05-17T14:55:00+05:30,26069.95,26120.8,26063.4,26107.65,
2018-05-17T15:00:00+05:30,26111.15,26123.05,26103.25,26114.9,
2018-05-17T15:05:00+05:30,26114.85,26118.05,26055.4,26055.4,
2018-05-17T15:10:00+05:30,26056,26062.2,26012.8,26025.5,
2018-05-17T15:15:00+05:30,26029.45,26060.5,26017.55,26053.15,
2018-05-17T15:20:00+05:30,26055.2,26070.15,26038.35,26058.8,
2018-05-17T15:25:00+05:30,26059.2,26117.55,26053.55,26095.4,
2018-05-18T09:15:00+05:30,26025.6,26025.6,25966.6,25995.25,
2018-05-18T09:20:00+05:30,26001.55,26004.95,25939.8,25952.45,
2018-05-18T09:25:00+05:30,25951.45,25988.4,25946.3,25956.85,
2018-05-18T09:30:00+05:30,25958.8,25958.8,25917.35,25937.65,
2018-05-18T09:35:00+05:30,25941.35,25966.45,25934.25,25939.6,
2018-05-18T09:40:00+05:30,25938.9,25958.8,25917.5,25931.45,
2018-05-18T09:45:00+05:30,25931,25955.85,25922.3,25947.7,
2018-05-18T09:50:00+05:30,25947.1,25957.2,25932.65,25954.65,
2018-05-18T09:55:00+05:30,25954.55,25970.9,25935.15,25935.4,
2018-05-18T10:00:00+05:30,25934.45,25947.75,25917.05,25941.35,
2018-05-18T10:05:00+05:30,25943.4,25955.25,25933.1,25940.6,
2018-05-18T10:10:00+05:30,25940.6,25942.8,25911.75,25913.7,
2018-05-18T10:15:00+05:30,25913.3,25932.8,25884.35,25930.2,
2018-05-18T10:20:00+05:30,25932.65,25933.35,25909.25,25917.85,
2018-05-18T10:25:00+05:30,25913.15,25919.05,25900.95,25911.85,
2018-05-18T10:30:00+05:30,25911.85,25931.1,25906.35,25925.3,
2018-05-18T10:35:00+05:30,25928.75,25928.75,25902.15,25914.85,
2018-05-18T10:40:00+05:30,25914.75,25915.75,25883.6,25902.15,
2018-05-18T10:45:00+05:30,25899.1,25933.45,25896.75,25923.7,
2018-05-18T10:50:00+05:30,25924.3,25938.4,25914.9,25936.2,
2018-05-18T10:55:00+05:30,25938.35,25961.3,25933.6,25956.6,
2018-05-18T11:00:00+05:30,25955.9,25966.15,25941.45,25945.35,
2018-05-18T11:05:00+05:30,25943.95,25945.35,25927.45,25932.4,
2018-05-18T11:10:00+05:30,25932.75,25943.1,25917.7,25940.1,
2018-05-18T11:15:00+05:30,25939.5,25942.35,25912.25,25920.15,
2018-05-18T11:20:00+05:30,25921.5,25923.95,25904.1,25919.8,
2018-05-18T11:25:00+05:30,25917.85,25938.8,25913.9,25914.75,
2018-05-18T11:30:00+05:30,25913,25917.45,25897.4,25899.15,
2018-05-18T11:35:00+05:30,25897.7,25923.6,25894.15,25914,
2018-05-18T11:40:00+05:30,25914.05,25925.95,25907.85,25913.15,
2018-05-18T11:45:00+05:30,25912.75,25913.55,25890.3,25899.95,
2018-05-18T11:50:00+05:30,25895.9,25904.85,25873.1,25881.95,
2018-05-18T11:55:00+05:30,25878.6,25911.1,25876.85,25892.65,
2018-05-18T12:00:00+05:30,25891.2,25903.5,25886.05,25889.55,
2018-05-18T12:05:00+05:30,25885.55,25892.25,25866.6,25881.2,
2018-05-18T12:10:00+05:30,25877.2,25911.95,25874.7,25903.95,
2018-05-18T12:15:00+05:30,25901.95,25904.95,25886.6,25902.95,
2018-05-18T12:20:00+05:30,25902.1,25930.95,25902.1,25925.7,
2018-05-18T12:25:00+05:30,25921.35,25944.2,25920.95,25926.1,
2018-05-18T12:30:00+05:30,25925.95,25949.95,25919.65,25945.8,
2018-05-18T12:35:00+05:30,25944.7,25967.6,25944.7,25953.7,
2018-05-18T12:40:00+05:30,25955.4,25964.85,25933.55,25940.5,
2018-05-18T12:45:00+05:30,25940.3,25946.25,25917.8,25919.45,
2018-05-18T12:50:00+05:30,25917.75,25923.6,25909.25,25912.8,
2018-05-18T12:55:00+05:30,25910.85,25921.6,25895.55,25895.55,
2018-05-18T13:00:00+05:30,25893.9,25897.95,25871.45,25885.45,
2018-05-18T13:05:00+05:30,25882.65,25896.4,25869.6,25872.75,
2018-05-18T13:10:00+05:30,25873.1,25894.9,25866.75,25875,
2018-05-18T13:15:00+05:30,25872.3,25884.15,25854.95,25862.4,
2018-05-18T13:20:00+05:30,25861.3,25870.95,25845.05,25859.8,
2018-05-18T13:25:00+05:30,25862,25882.7,25859.8,25876.75,
2018-05-18T13:30:00+05:30,25875.55,25895.1,25869.25,25886.25,
2018-05-18T13:35:00+05:30,25882,25894.1,25859.15,25859.9,
2018-05-18T13:40:00+05:30,25863.25,25882.5,25858.15,25864.15,
2018-05-18T13:45:00+05:30,25863.2,25876.75,25851.2,25852.4,
2018-05-18T13:50:00+05:30,25852,25889.85,25849.6,25865.6,
2018-05-18T13:55:00+05:30,25864.4,25887.25,25852.05,25859.45,
2018-05-18T14:00:00+05:30,25853.4,25893.2,25850.45,25879.8,
2018-05-18T14:05:00+05:30,25879.7,25887.4,25855.55,25873.7,
2018-05-18T14:10:00+05:30,25873.5,25892.1,25869.8,25877.6,
2018-05-18T14:15:00+05:30,25877.85,25897.05,25873.7,25887.35,
2018-05-18T14:20:00+05:30,25884.85,25910.35,25881.55,25900.45,
2018-05-18T14:25:00+05:30,25900.1,25911.95,25886.25,25904.4,
2018-05-18T14:30:00+05:30,25905.2,25949.6,25905.2,25928.8,
2018-05-18T14:35:00+05:30,25928.85,25938.1,25891.8,25898.35,
2018-05-18T14:40:00+05:30,25894.4,25907.65,25870.7,25881.7,
2018-05-18T14:45:00+05:30,25879.3,25898,25869.85,25872.45,
2018-05-18T14:50:00+05:30,25869.8,25876.75,25849.45,25863.65,
2018-05-18T14:55:00+05:30,25865.8,25888.3,25860.2,25861.65,
2018-05-18T15:00:00+05:30,25859.5,25872.85,25843.95,25850.1,
2018-05-18T15:05:00+05:30,25847.75,25868.6,25840.15,25863.35,
2018-05-18T15:10:00+05:30,25861.5,25891.3,25859.2,25885.7,
2018-05-18T15:15:00+05:30,25887.65,25897.45,25883.45,25895.25,
2018-05-18T15:20:00+05:30,25895.55,25906.4,25884.05,25899.65,
2018-05-18T15:25:00+05:30,25901.65,25938.65,25895.55,25928,
2018-05-21T09:15:00+05:30,26017.5,26034.3,25901.65,25926.4,
2018-05-21T09:20:00+05:30,25926.4,25979.05,25926.4,25962.05,
2018-05-21T09:25:00+05:30,25962.05,25971.55,25946.45,25958.25,
2018-05-21T09:30:00+05:30,25958.6,26004.8,25955.8,25985.35,
2018-05-21T09:35:00+05:30,25986.25,26061.6,25979.65,26061.6,
2018-05-21T09:40:00+05:30,26055,26066.4,26039.85,26049.2,
2018-05-21T09:45:00+05:30,26045.15,26051.65,26008.25,26026,
2018-05-21T09:50:00+05:30,26026.55,26034.9,25990.4,25996.2,
2018-05-21T09:55:00+05:30,25994.55,25995.95,25927.8,25946.35,
2018-05-21T10:00:00+05:30,25949.15,25960.25,25878.55,25895.4,
2018-05-21T10:05:00+05:30,25896.35,25908.6,25869.5,25894.4,
2018-05-21T10:10:00+05:30,25895,25895,25844.5,25853.75,
2018-05-21T10:15:00+05:30,25853.8,25873.75,25850.2,25860.1,
2018-05-21T10:20:00+05:30,25860.1,25899.7,25853.95,25888.9,
2018-05-21T10:25:00+05:30,25888.75,25896.85,25866.65,25868.7,
2018-05-21T10:30:00+05:30,25868.65,25869.35,25797.85,25814.95,
2018-05-21T10:35:00+05:30,25815.35,25825.45,25803.1,25810.35,
2018-05-21T10:40:00+05:30,25815.3,25848.95,25810.2,25830.95,
2018-05-21T10:45:00+05:30,25830.95,25833.3,25804.3,25818.1,
2018-05-21T10:50:00+05:30,25817.9,25820.25,25785.65,25791.2,
2018-05-21T10:55:00+05:30,25791.2,25809.3,25786.75,25787.4,
2018-05-21T11:00:00+05:30,25787.8,25799.75,25778.85,25788.6,
2018-05-21T11:05:00+05:30,25785.7,25826.05,25785.7,25815.55,
2018-05-21T11:10:00+05:30,25816.45,25821.35,25809.1,25819.65,
2018-05-21T11:15:00+05:30,25821.9,25822.3,25792,25806.95,
2018-05-21T11:20:00+05:30,25807.35,25815,25791.75,25796.5,
2018-05-21T11:25:00+05:30,25796.85,25803,25779.75,25795.9,
2018-05-21T11:30:00+05:30,25796.05,25796.05,25750.8,25761.4,
2018-05-21T11:35:00+05:30,25755.5,25768.05,25742.85,25750.75,
2018-05-21T11:40:00+05:30,25751.2,25756.3,25741.25,25748.2,
2018-05-21T11:45:00+05:30,25748,25767.45,25742.15,25742.45,
2018-05-21T11:50:00+05:30,25743.25,25754.2,25737.9,25742.95,
2018-05-21T11:55:00+05:30,25741.65,25758.9,25729.65,25736.4,
2018-05-21T12:00:00+05:30,25736.5,25745.1,25728.85,25732.55,
2018-05-21T12:05:00+05:30,25732.5,25738.3,25702.95,25712.05,
2018-05-21T12:10:00+05:30,25712.1,25727.1,25705.85,25711.7,
2018-05-21T12:15:00+05:30,25715.15,25724.2,25698.95,25719.25,
2018-05-21T12:20:00+05:30,25713,25720.65,25692.35,25692.35,
2018-05-21T12:25:00+05:30,25690.05,25715.7,25687.95,25712.8,
2018-05-21T12:30:00+05:30,25713.2,25745.95,25713.2,25736.35,
2018-05-21T12:35:00+05:30,25736.05,25742.9,25717.95,25730.4,
2018-05-21T12:40:00+05:30,25731.25,25738.5,25718.3,25725.95,
2018-05-21T12:45:00+05:30,25725.5,25727.7,25708.45,25715.25,
2018-05-21T12:50:00+05:30,25715.45,25734.35,25707.9,25730.95,
2018-05-21T12:55:00+05:30,25728.85,25755.55,25728.55,25734.4,
2018-05-21T13:00:00+05:30,25734.3,25740.95,25722.55,25724.8,
2018-05-21T13:05:00+05:30,25724.15,25740.05,25714.15,25720.4,
2018-05-21T13:10:00+05:30,25719.8,25738.85,25715.4,25716.55,
2018-05-21T13:15:00+05:30,25722.65,25722.65,25686.3,25711.8,
2018-05-21T13:20:00+05:30,25711.9,25713.75,25688.6,25704.95,
2018-05-21T13:25:00+05:30,25704.85,25730.15,25701.6,25722.7,
2018-05-21T13:30:00+05:30,25722.55,25751.25,25707.5,25742.85,
2018-05-21T13:35:00+05:30,25748.15,25770.85,25737.25,25755.7,
2018-05-21T13:40:00+05:30,25755.5,25791.8,25740.95,25786.2,
2018-05-21T13:45:00+05:30,25786.35,25803.55,25759.6,25760.1,
2018-05-21T13:50:00+05:30,25760.8,25770.5,25744.8,25749.95,
2018-05-21T13:55:00+05:30,25749.65,25757.85,25718.25,25738.6,
2018-05-21T14:00:00+05:30,25740.7,25769,25739.85,25759.55,
2018-05-21T14:05:00+05:30,25759.1,25760.1,25734.5,25746,
2018-05-21T14:10:00+05:30,25747.1,25758.25,25718.2,25734.7,
2018-05-21T14:15:00+05:30,25738.25,25751.75,25727.5,25732.75,
2018-05-21T14:20:00+05:30,25732.65,25763.05,25729.05,25745.25,
2018-05-21T14:25:00+05:30,25746.7,25748.65,25710.7,25721.45,
2018-05-21T14:30:00+05:30,25722.05,25751.8,25713.55,25735.35,
2018-05-21T14:35:00+05:30,25735.45,25782.65,25733.1,25775.95,
2018-05-21T14:40:00+05:30,25776.55,25787.85,25753.45,25762.35,
2018-05-21T14:45:00+05:30,25763.25,25764,25741.75,25747.3,
2018-05-21T14:50:00+05:30,25747.85,25777.15,25747.85,25763.85,
2018-05-21T14:55:00+05:30,25764.2,25775.75,25739.25,25747.1,
2018-05-21T15:00:00+05:30,25745.75,25768.4,25745.4,25753.95,
2018-05-21T15:05:00+05:30,25754.55,25767,25746.05,25746.05,
2018-05-21T15:10:00+05:30,25746.75,25758.25,25736.75,25750.2,
2018-05-21T15:15:00+05:30,25752.25,25757.2,25742.3,25744.45,
2018-05-21T15:20:00+05:30,25748.7,25752.4,25732.55,25740.05,
2018-05-21T15:25:00+05:30,25735.2,25760.3,25723.95,25760.3,
2018-05-22T09:15:00+05:30,25780.25,25813.9,25745.65,25750.15,
2018-05-22T09:20:00+05:30,25749.8,25789.1,25733.2,25735.4,
2018-05-22T09:25:00+05:30,25734.7,25747.15,25717.6,25733.1,
2018-05-22T09:30:00+05:30,25733.95,25739.15,25702.05,25710.95,
2018-05-22T09:35:00+05:30,25712.9,25754.35,25707.2,25754.35,
2018-05-22T09:40:00+05:30,25749.8,25814.55,25741.5,25811.9,
2018-05-22T09:45:00+05:30,25812.45,25883.8,25800.25,25877.85,
2018-05-22T09:50:00+05:30,25874.1,25905.6,25855.7,25901.2,
2018-05-22T09:55:00+05:30,25892.95,25937.9,25889.65,25931.6,
2018-05-22T10:00:00+05:30,25934.7,25943.6,25876.6,25880.7,
2018-05-22T10:05:00+05:30,25881.45,25900.3,25872.05,25888.55,
2018-05-22T10:10:00+05:30,25889.45,25889.45,25851.2,25860.45,
2018-05-22T10:15:00+05:30,25863.3,25892.5,25850.25,25892.15,
2018-05-22T10:20:00+05:30,25892.65,25896.55,25869.95,25875.05,
2018-05-22T10:25:00+05:30,25873.65,25898.95,25871.35,25894.15,
2018-05-22T10:30:00+05:30,25891.6,25912.05,25891.6,25909.95,
2018-05-22T10:35:00+05:30,25910.05,25911.35,25882.75,25888.9,
2018-05-22T10:40:00+05:30,25889.5,25891.2,25868.65,25890.7,
2018-05-22T10:45:00+05:30,25893.9,25894.8,25867.6,25868,
2018-05-22T10:50:00+05:30,25867.4,25873.2,25844.5,25851.9,
2018-05-22T10:55:00+05:30,25850.45,25874.1,25847.25,25859.15,
2018-05-22T11:00:00+05:30,25858.95,25863.6,25850.45,25855.25,
2018-05-22T11:05:00+05:30,25852.5,25856.25,25782.2,25793.6,
2018-05-22T11:10:00+05:30,25792.9,25795.85,25717.55,25735.1,
2018-05-22T11:15:00+05:30,25730.45,25781.15,25730.45,25752.75,
2018-05-22T11:20:00+05:30,25748.55,25784.5,25746.1,25776.1,
2018-05-22T11:25:00+05:30,25775.45,25786.2,25765.8,25784.5,
2018-05-22T11:30:00+05:30,25783.7,25794.9,25758.65,25772.15,
2018-05-22T11:35:00+05:30,25761.05,25765.95,25735.9,25756.75,
2018-05-22T11:40:00+05:30,25755.6,25763.95,25744.4,25755.7,
2018-05-22T11:45:00+05:30,25754.7,25770.75,25750.7,25767.85,
2018-05-22T11:50:00+05:30,25767.45,25772,25755.5,25763.45,
2018-05-22T11:55:00+05:30,25763.5,25767.55,25737.4,25758.3,
2018-05-22T12:00:00+05:30,25757.7,25768.25,25741.55,25749.3,
2018-05-22T12:05:00+05:30,25748.65,25753.3,25734.15,25747.35,
2018-05-22T12:10:00+05:30,25748.75,25763.2,25745.7,25755.3,
2018-05-22T12:15:00+05:30,25755,25759.5,25742.1,25752.05,
2018-05-22T12:20:00+05:30,25751.35,25765.55,25741.05,25763.6,
2018-05-22T12:25:00+05:30,25762.85,25815.25,25762.85,25814.7,
2018-05-22T12:30:00+05:30,25812.5,25822.85,25789.6,25804.55,
2018-05-22T12:35:00+05:30,25803.45,25821.75,25796.6,25819.4,
2018-05-22T12:40:00+05:30,25818.25,25844.3,25818.25,25824.05,
2018-05-22T12:45:00+05:30,25821.6,25871.35,25811,25857.3,
2018-05-22T12:50:00+05:30,25855.1,25863.6,25826.15,25833.4,
2018-05-22T12:55:00+05:30,25833.65,25849.7,25817.65,25848.95,
2018-05-22T13:00:00+05:30,25848.4,25851.25,25822.05,25827.6,
2018-05-22T13:05:00+05:30,25827.05,25847.85,25821.55,25829.1,
2018-05-22T13:10:00+05:30,25829.55,25837.15,25774.55,25802.9,
2018-05-22T13:15:00+05:30,25804.6,25806.65,25782.85,25794.15,
2018-05-22T13:20:00+05:30,25794.25,25834.5,25791.95,25833.9,
2018-05-22T13:25:00+05:30,25833.6,25845.4,25795.95,25799.1,
2018-05-22T13:30:00+05:30,25800.4,25828.6,25790.15,25828.6,
2018-05-22T13:35:00+05:30,25825.95,25828.15,25798.4,25819.35,
2018-05-22T13:40:00+05:30,25817.2,25836.3,25811.6,25834.65,
2018-05-22T13:45:00+05:30,25831.7,25837.15,25800.55,25806.9,
2018-05-22T13:50:00+05:30,25808.45,25833.9,25806.05,25829.25,
2018-05-22T13:55:00+05:30,25831.05,25877.7,25783.45,25812.15,
2018-05-22T14:00:00+05:30,25808.5,25849.05,25788.05,25848.1,
2018-05-22T14:05:00+05:30,25848.5,25896.85,25796.05,25877.1,
2018-05-22T14:10:00+05:30,25878.7,25894.6,25840.65,25847.15,
2018-05-22T14:15:00+05:30,25847.85,25847.85,25791.25,25807.4,
2018-05-22T14:20:00+05:30,25803.35,25838.45,25798.75,25810.05,
2018-05-22T14:25:00+05:30,25810.85,25821.9,25789.2,25792.45,
2018-05-22T14:30:00+05:30,25792.55,25801.1,25727.45,25772.65,
2018-05-22T14:35:00+05:30,25770.75,25782.9,25747.05,25770.3,
2018-05-22T14:40:00+05:30,25771,25800.2,25767,25767,
2018-05-22T14:45:00+05:30,25769.7,25791.15,25760.5,25769.7,
2018-05-22T14:50:00+05:30,25771.6,25792.95,25761.7,25787.7,
2018-05-22T14:55:00+05:30,25787.55,25824.65,25787.55,25790.3,
2018-05-22T15:00:00+05:30,25790.45,25804.5,25758.5,25761.55,
2018-05-22T15:05:00+05:30,25761.75,25783.6,25760.35,25773.25,
2018-05-22T15:10:00+05:30,25777.15,25789.15,25763.45,25763.9,
2018-05-22T15:15:00+05:30,25766.55,25786.15,25758.5,25774,
2018-05-22T15:20:00+05:30,25775.55,25803.8,25770.15,25794.65,
2018-05-22T15:25:00+05:30,25796.5,25808.4,25780.95,25808.4,
2018-05-23T09:15:00+05:30,25726.95,25827.95,25715.7,25819.35,
2018-05-23T09:20:00+05:30,25817.95,25833.85,25798.8,25813.95,
2018-05-23T09:25:00+05:30,25813.75,25813.8,25769.4,25797.9,
2018-05-23T09:30:00+05:30,25797.9,25830.05,25786.6,25826.3,
2018-05-23T09:35:00+05:30,25829.9,25862.05,25826.85,25854.05,
2018-05-23T09:40:00+05:30,25846.85,25849,25806.45,25815.65,
2018-05-23T09:45:00+05:30,25816.15,25831.7,25810,25814.4,
2018-05-23T09:50:00+05:30,25814.2,25820.7,25800,25816.45,
2018-05-23T09:55:00+05:30,25818.55,25826.25,25780.7,25794.3,
2018-05-23T10:00:00+05:30,25793.8,25817.1,25784.8,25791.8,
2018-05-23T10:05:00+05:30,25791.1,25806.9,25780,25792.35,
2018-05-23T10:10:00+05:30,25793.8,25798.25,25746.6,25781.05,
2018-05-23T10:15:00+05:30,25781.5,25782.15,25761,25761,
2018-05-23T10:20:00+05:30,25761.3,25783.3,25740.6,25777.1,
2018-05-23T10:25:00+05:30,25777.4,25778.05,25760.05,25765.8,
2018-05-23T10:30:00+05:30,25765.7,25788.95,25762.05,25781.95,
2018-05-23T10:35:00+05:30,25781.95,25799.95,25776.7,25798.2,
2018-05-23T10:40:00+05:30,25798.7,25824.7,25793.05,25819.05,
2018-05-23T10:45:00+05:30,25821.15,25821.35,25802.35,25806.8,
2018-05-23T10:50:00+05:30,25805.95,25808.9,25794,25798.85,
2018-05-23T10:55:00+05:30,25798.85,25805.85,25782.3,25793.75,
2018-05-23T11:00:00+05:30,25792.7,25811.95,25790.35,25803.8,
2018-05-23T11:05:00+05:30,25803.3,25816.9,25797.45,25799.7,
2018-05-23T11:10:00+05:30,25799.2,25819,25796.05,25818.2,
2018-05-23T11:15:00+05:30,25817.4,25842.45,25813.45,25837,
2018-05-23T11:20:00+05:30,25837.4,25846.6,25831,25831.85,
2018-05-23T11:25:00+05:30,25831.85,25833.7,25811.3,25819.8,
2018-05-23T11:30:00+05:30,25820.6,25833.5,25816.45,25833.1,
2018-05-23T11:35:00+05:30,25834.95,25839.15,25824.35,25825.55,
2018-05-23T11:40:00+05:30,25828.4,25843.4,25825.85,25836.35,
2018-05-23T11:45:00+05:30,25838.4,25846.15,25825.15,25841.75,
2018-05-23T11:50:00+05:30,25843.95,25861.8,25834.3,25853.6,
2018-05-23T11:55:00+05:30,25856.9,25880.35,25854.75,25864.75,
2018-05-23T12:00:00+05:30,25866.75,25889.85,25864.8,25878.6,
2018-05-23T12:05:00+05:30,25880,25902.9,25877.05,25888.5,
2018-05-23T12:10:00+05:30,25885.2,25893.45,25874.9,25884.05,
2018-05-23T12:15:00+05:30,25883.8,25887.75,25865.95,25883.6,
2018-05-23T12:20:00+05:30,25883.4,25899.2,25873.85,25876.95,
2018-05-23T12:25:00+05:30,25876.75,25882.25,25858.6,25865.7,
2018-05-23T12:30:00+05:30,25864.3,25879.9,25862.95,25875.6,
2018-05-23T12:35:00+05:30,25877.95,25881.6,25867.1,25867.1,
2018-05-23T12:40:00+05:30,25870.25,25870.85,25852.1,25857.35,
2018-05-23T12:45:00+05:30,25858.85,25858.85,25834.9,25851.05,
2018-05-23T12:50:00+05:30,25854.8,25872.35,25852.95,25864.25,
2018-05-23T12:55:00+05:30,25864.1,25867.8,25853.45,25863.25,
2018-05-23T13:00:00+05:30,25863.15,25864.4,25839.3,25851.6,
2018-05-23T13:05:00+05:30,25852.3,25878.5,25850.35,25868.95,
2018-05-23T13:10:00+05:30,25874.65,25886.05,25865.05,25866.3,
2018-05-23T13:15:00+05:30,25871.2,25900.55,25866.7,25888.8,
2018-05-23T13:20:00+05:30,25889.6,25893.55,25858.7,25859.85,
2018-05-23T13:25:00+05:30,25861.45,25882.7,25854.95,25872.4,
2018-05-23T13:30:00+05:30,25872.15,25875.15,25842.6,25851.75,
2018-05-23T13:35:00+05:30,25851.75,25857.05,25838.6,25847.9,
2018-05-23T13:40:00+05:30,25849.55,25853.7,25815.6,25816.45,
2018-05-23T13:45:00+05:30,25815.85,25822.75,25782.2,25792.35,
2018-05-23T13:50:00+05:30,25792.35,25801.35,25751.95,25763.85,
2018-05-23T13:55:00+05:30,25767.05,25798.3,25754.8,25795.4,
2018-05-23T14:00:00+05:30,25795.1,25820.2,25790.6,25800.4,
2018-05-23T14:05:00+05:30,25799.3,25822.95,25786.5,25813.6,
2018-05-23T14:10:00+05:30,25813.15,25847.15,25813.15,25827.95,
2018-05-23T14:15:00+05:30,25829.8,25829.8,25798.65,25815.9,
2018-05-23T14:20:00+05:30,25814.6,25817.9,25784.8,25794.8,
2018-05-23T14:25:00+05:30,25794.9,25802.05,25787.15,25788.5,
2018-05-23T14:30:00+05:30,25787.8,25791.05,25756.6,25775.5,
2018-05-23T14:35:00+05:30,25774.9,25802.65,25772.2,25800.15,
2018-05-23T14:40:00+05:30,25798.45,25815.6,25760.25,25762.5,
2018-05-23T14:45:00+05:30,25766.9,25779.2,25751.85,25755.2,
2018-05-23T14:50:00+05:30,25758.3,25758.3,25732.7,25735.95,
2018-05-23T14:55:00+05:30,25735.55,25756.65,25734.4,25755.15,
2018-05-23T15:00:00+05:30,25757.5,25757.5,25711.7,25717.3,
2018-05-23T15:05:00+05:30,25717.7,25724,25677.1,25686.75,
2018-05-23T15:10:00+05:30,25688.95,25694.15,25671.35,25676.1,
2018-05-23T15:15:00+05:30,25674.25,25698.45,25661.85,25696.9,
2018-05-23T15:20:00+05:30,25699,25699,25645.75,25645.75,
2018-05-23T15:25:00+05:30,25646.5,25655.25,25632.75,25632.8,
2018-05-24T09:15:00+05:30,25722.9,25761.75,25695.65,25752.05,
2018-05-24T09:20:00+05:30,25755.3,25755.3,25733.5,25739.75,
2018-05-24T09:25:00+05:30,25739.6,25751.35,25719.65,25750.05,
2018-05-24T09:30:00+05:30,25747.2,25763.25,25713.35,25721.65,
2018-05-24T09:35:00+05:30,25722,25741.7,25713.05,25729.25,
2018-05-24T09:40:00+05:30,25728.15,25736.5,25709.1,25713.55,
2018-05-24T09:45:00+05:30,25714.2,25732.15,25684.2,25688.25,
2018-05-24T09:50:00+05:30,25687,25698.55,25659.15,25667.3,
2018-05-24T09:55:00+05:30,25671.3,25698.55,25667.35,25685.55,
2018-05-24T10:00:00+05:30,25686.9,25715.75,25661.7,25715.75,
2018-05-24T10:05:00+05:30,25715.95,25731.35,25700.25,25702.45,
2018-05-24T10:10:00+05:30,25703.55,25744.3,25703.55,25738,
2018-05-24T10:15:00+05:30,25738.25,25767.65,25733.15,25755.1,
2018-05-24T10:20:00+05:30,25754.35,25761.3,25732.75,25744.1,
2018-05-24T10:25:00+05:30,25743.5,25756.55,25732.7,25750.5,
2018-05-24T10:30:00+05:30,25750.75,25758.65,25738.35,25740.7,
2018-05-24T10:35:00+05:30,25739.9,25755.65,25732,25738.75,
2018-05-24T10:40:00+05:30,25738.3,25744.9,25734.65,25738.95,
2018-05-24T10:45:00+05:30,25736.8,25757,25736.35,25749.55,
2018-05-24T10:50:00+05:30,25749.55,25771.4,25749.3,25771.4,
2018-05-24T10:55:00+05:30,25771.4,25783.5,25761.85,25777.55,
2018-05-24T11:00:00+05:30,25779.1,25794.55,25747.05,25747.05,
2018-05-24T11:05:00+05:30,25747.25,25770.1,25747.2,25765.65,
2018-05-24T11:10:00+05:30,25765.5,25772.6,25753.2,25760,
2018-05-24T11:15:00+05:30,25759.85,25759.85,25737.85,25742.95,
2018-05-24T11:20:00+05:30,25744,25758.2,25743.25,25749.8,
2018-05-24T11:25:00+05:30,25749.1,25788.95,25742.85,25784.1,
2018-05-24T11:30:00+05:30,25783.7,25791.95,25747.95,25761.35,
2018-05-24T11:35:00+05:30,25760.7,25772.95,25759.4,25761.65,
2018-05-24T11:40:00+05:30,25762.45,25775.15,25760.1,25765.25,
2018-05-24T11:45:00+05:30,25765.95,25768.95,25738.75,25753.4,
2018-05-24T11:50:00+05:30,25754.85,25769.25,25750.4,25750.4,
2018-05-24T11:55:00+05:30,25751,25755.1,25736.3,25750.45,
2018-05-24T12:00:00+05:30,25751.5,25757,25738.65,25743.4,
2018-05-24T12:05:00+05:30,25743.85,25744.8,25731.15,25744.8,
2018-05-24T12:10:00+05:30,25744.65,25766.45,25740.3,25766.45,
2018-05-24T12:15:00+05:30,25766.45,25794.25,25761.4,25791.35,
2018-05-24T12:20:00+05:30,25792.05,25798.95,25773.45,25779.85,
2018-05-24T12:25:00+05:30,25778.4,25783.1,25760.85,25776.55,
2018-05-24T12:30:00+05:30,25776.15,25777.4,25751.05,25759.75,
2018-05-24T12:35:00+05:30,25762.4,25786.75,25758.7,25774.15,
2018-05-24T12:40:00+05:30,25774.45,25789.3,25774.05,25781.1,
2018-05-24T12:45:00+05:30,25779.5,25799.5,25778.25,25796.1,
2018-05-24T12:50:00+05:30,25796.8,25803.1,25784.05,25795.65,
2018-05-24T12:55:00+05:30,25793.35,25793.35,25774.35,25784.3,
2018-05-24T13:00:00+05:30,25783.6,25796.45,25777.65,25789.15,
2018-05-24T13:05:00+05:30,25788.45,25811.75,25788.45,25802.05,
2018-05-24T13:10:00+05:30,25802.75,25808.65,25790.25,25791.05,
2018-05-24T13:15:00+05:30,25791,25844.65,25788.7,25844.65,
2018-05-24T13:20:00+05:30,25842.05,25868.45,25842.05,25866.4,
2018-05-24T13:25:00+05:30,25866.4,25906.4,25865.7,25895.4,
2018-05-24T13:30:00+05:30,25895.1,25923.5,25886.95,25887.6,
2018-05-24T13:35:00+05:30,25888.2,25912.5,25876.65,25877.4,
2018-05-24T13:40:00+05:30,25872.45,25877.3,25842.55,25859.15,
2018-05-24T13:45:00+05:30,25862.35,25877.9,25832.45,25834.55,
2018-05-24T13:50:00+05:30,25836.45,25862.7,25831,25857.05,
2018-05-24T13:55:00+05:30,25858.1,25871.55,25836.6,25838.8,
2018-05-24T14:00:00+05:30,25837.8,25848.25,25785.4,25793.65,
2018-05-24T14:05:00+05:30,25788.9,25807.8,25772.75,25804.4,
2018-05-24T14:10:00+05:30,25804.15,25810.85,25776.4,25784.2,
2018-05-24T14:15:00+05:30,25782.85,25827.15,25780.2,25817.8,
2018-05-24T14:20:00+05:30,25816.5,25852.15,25813.3,25822.45,
2018-05-24T14:25:00+05:30,25822.1,25860.2,25816.45,25859.15,
2018-05-24T14:30:00+05:30,25860.25,25890.6,25845.85,25884.2,
2018-05-24T14:35:00+05:30,25883.95,25889.75,25858.5,25874.95,
2018-05-24T14:40:00+05:30,25874.5,25874.5,25843.5,25866.05,
2018-05-24T14:45:00+05:30,25866.85,25910.75,25866.85,25909.95,
2018-05-24T14:50:00+05:30,25907.65,25942.85,25899.55,25902.5,
2018-05-24T14:55:00+05:30,25901.25,25910.8,25882,25902.1,
2018-05-24T15:00:00+05:30,25897.2,25949.75,25883,25949.75,
2018-05-24T15:05:00+05:30,25952.85,25979.9,25951.2,25974.05,
2018-05-24T15:10:00+05:30,25973.85,26030.95,25973.85,26020.1,
2018-05-24T15:15:00+05:30,26018.65,26059.5,26015.05,26055,
2018-05-24T15:20:00+05:30,26049.4,26070.8,26034.4,26056.75,
2018-05-24T15:25:00+05:30,26057.7,26065.2,26029.8,26065.2,
2018-05-25T09:15:00+05:30,26066.75,26099.7,26031.45,26093.65,
2018-05-25T09:20:00+05:30,26093.85,26159.3,26093.85,26140.15,
2018-05-25T09:25:00+05:30,26147.95,26178.2,26136.95,26157.8,
2018-05-25T09:30:00+05:30,26155.55,26186.85,26155.55,26173.7,
2018-05-25T09:35:00+05:30,26176.05,26176.25,26143.65,26157,
2018-05-25T09:40:00+05:30,26156.8,26161.15,26125.15,26147.5,
2018-05-25T09:45:00+05:30,26147.25,26185.95,26133.4,26168.85,
2018-05-25T09:50:00+05:30,26168.85,26181.65,26147.9,26149.45,
2018-05-25T09:55:00+05:30,26149.5,26155.2,26141,26152.55,
2018-05-25T10:00:00+05:30,26152.7,26166.95,26148.4,26158.3,
2018-05-25T10:05:00+05:30,26159.4,26159.85,26123,26135.35,
2018-05-25T10:10:00+05:30,26135.75,26145.3,26119.5,26128.25,
2018-05-25T10:15:00+05:30,26132.25,26145.05,26124.5,26135.55,
2018-05-25T10:20:00+05:30,26134.9,26138.85,26117.75,26135.7,
2018-05-25T10:25:00+05:30,26134.45,26140.5,26120.75,26120.75,
2018-05-25T10:30:00+05:30,26120.15,26152.25,26120.15,26145.4,
2018-05-25T10:35:00+05:30,26143.85,26177.95,26143.85,26169.05,
2018-05-25T10:40:00+05:30,26169.65,26190.1,26169.45,26178.95,
2018-05-25T10:45:00+05:30,26180.15,26208.9,26177.85,26180.75,
2018-05-25T10:50:00+05:30,26181.45,26205.15,26170.9,26180.45,
2018-05-25T10:55:00+05:30,26180.45,26182.85,26160.65,26177.55,
2018-05-25T11:00:00+05:30,26177.35,26182.8,26164.5,26177.2,
2018-05-25T11:05:00+05:30,26176.75,26177.7,26156.1,26174.85,
2018-05-25T11:10:00+05:30,26174.25,26181.2,26164.45,26174.55,
2018-05-25T11:15:00+05:30,26173.8,26177.7,26146.05,26157.2,
2018-05-25T11:20:00+05:30,26156.7,26160.85,26143,26148.75,
2018-05-25T11:25:00+05:30,26150.55,26165.55,26142.85,26152.8,
2018-05-25T11:30:00+05:30,26152.05,26178.7,26152.05,26176.9,
2018-05-25T11:35:00+05:30,26176.7,26185.4,26166.75,26177.65,
2018-05-25T11:40:00+05:30,26178.35,26184.75,26163.15,26168.6,
2018-05-25T11:45:00+05:30,26168.1,26175.2,26138.15,26153.1,
2018-05-25T11:50:00+05:30,26154.1,26160.2,26133.95,26154.5,
2018-05-25T11:55:00+05:30,26154.7,26162.65,26139.3,26141.2,
2018-05-25T12:00:00+05:30,26142.1,26169.85,26139.35,26163.4,
2018-05-25T12:05:00+05:30,26162.7,26177.45,26162.45,26169.25,
2018-05-25T12:10:00+05:30,26169.25,26178.35,26160.2,26168.2,
2018-05-25T12:15:00+05:30,26168.2,26171.15,26152.9,26163.85,
2018-05-25T12:20:00+05:30,26164.55,26176,26159.15,26170.15,
2018-05-25T12:25:00+05:30,26170.35,26176.75,26148.35,26150.25,
2018-05-25T12:30:00+05:30,26151.4,26167.25,26143.7,26157.05,
2018-05-25T12:35:00+05:30,26156.2,26164.35,26146.15,26148.75,
2018-05-25T12:40:00+05:30,26148.95,26151.7,26130.9,26134.2,
2018-05-25T12:45:00+05:30,26135.45,26147.85,26131.85,26133.75,
2018-05-25T12:50:00+05:30,26134.35,26157.15,26131.1,26138.45,
2018-05-25T12:55:00+05:30,26138.5,26152.8,26132.85,26142.65,
2018-05-25T13:00:00+05:30,26147.7,26175.05,26144,26155.55,
2018-05-25T13:05:00+05:30,26155.15,26162.25,26132,26145.95,
2018-05-25T13:10:00+05:30,26146.15,26187.3,26146.15,26176.8,
2018-05-25T13:15:00+05:30,26177.65,26195.25,26167.4,26174.3,
2018-05-25T13:20:00+05:30,26173.75,26183.3,26156,26158.4,
2018-05-25T13:25:00+05:30,26155.3,26181.4,26153.55,26175.4,
2018-05-25T13:30:00+05:30,26175.8,26179.85,26158.6,26158.6,
2018-05-25T13:35:00+05:30,26159.3,26187.45,26159.3,26170.95,
2018-05-25T13:40:00+05:30,26172.15,26222.9,26172.15,26213.85,
2018-05-25T13:45:00+05:30,26212.35,26237.7,26212.35,26220.55,
2018-05-25T13:50:00+05:30,26219.9,26235.2,26214.85,26218.55,
2018-05-25T13:55:00+05:30,26219.85,26254.1,26200.4,26247.45,
2018-05-25T14:00:00+05:30,26249.45,26260.65,26235.35,26253.05,
2018-05-25T14:05:00+05:30,26257.05,26291.65,26253.8,26281.9,
2018-05-25T14:10:00+05:30,26277.15,26298.1,26268.5,26268.5,
2018-05-25T14:15:00+05:30,26270.35,26278.05,26238.5,26241.9,
2018-05-25T14:20:00+05:30,26243.4,26305.05,26237.75,26287.75,
2018-05-25T14:25:00+05:30,26290.05,26299.15,26276,26276,
2018-05-25T14:30:00+05:30,26277.3,26289.35,26256.05,26279.3,
2018-05-25T14:35:00+05:30,26281.05,26299.65,26270.9,26295.85,
2018-05-25T14:40:00+05:30,26296.5,26313.2,26282.8,26306,
2018-05-25T14:45:00+05:30,26306.25,26315.65,26256.3,26257.75,
2018-05-25T14:50:00+05:30,26258.95,26292.65,26258.95,26273.75,
2018-05-25T14:55:00+05:30,26274.65,26280.35,26262.7,26265.85,
2018-05-25T15:00:00+05:30,26265.95,26273.6,26249.8,26267.25,
2018-05-25T15:05:00+05:30,26267.3,26271.15,26225.4,26226.25,
2018-05-25T15:10:00+05:30,26226.95,26255.1,26226.95,26243.15,
2018-05-25T15:15:00+05:30,26240.65,26277.3,26236.35,26269.15,
2018-05-25T15:20:00+05:30,26269.85,26325.55,26267.25,26319.15,
2018-05-25T15:25:00+05:30,26317.3,26322.95,26282.25,26294.9,
2018-05-28T09:15:00+05:30,26291.65,26437.95,26289.35,26430.25,
2018-05-28T09:20:00+05:30,26434,26455.4,26429.95,26439.4,
2018-05-28T09:25:00+05:30,26440.8,26482.05,26437.4,26473.25,
2018-05-28T09:30:00+05:30,26474.05,26493.05,26465.35,26470.8,
2018-05-28T09:35:00+05:30,26471.75,26482.7,26454.25,26459.95,
2018-05-28T09:40:00+05:30,26462.25,26494.65,26461.7,26471.1,
2018-05-28T09:45:00+05:30,26470.7,26477.8,26455.4,26456.35,
2018-05-28T09:50:00+05:30,26458.65,26462.1,26441.2,26462.1,
2018-05-28T09:55:00+05:30,26462.8,26478.15,26452.2,26469.55,
2018-05-28T10:00:00+05:30,26470.25,26488,26463.9,26485.9,
2018-05-28T10:05:00+05:30,26486.2,26489.5,26461.25,26472.35,
2018-05-28T10:10:00+05:30,26472.8,26487.35,26466.2,26487.35,
2018-05-28T10:15:00+05:30,26486.5,26501.85,26475.95,26492.65,
2018-05-28T10:20:00+05:30,26493.05,26533.8,26493.05,26533.45,
2018-05-28T10:25:00+05:30,26534.5,26536.4,26512.9,26523.7,
2018-05-28T10:30:00+05:30,26524,26551.85,26523.7,26542.3,
2018-05-28T10:35:00+05:30,26543.2,26549.25,26534.1,26546.3,
2018-05-28T10:40:00+05:30,26547.1,26548.9,26513.1,26538.35,
2018-05-28T10:45:00+05:30,26539.55,26552.85,26530.95,26540.65,
2018-05-28T10:50:00+05:30,26544,26547.05,26526.55,26529.75,
2018-05-28T10:55:00+05:30,26526.9,26528.4,26509.65,26509.9,
2018-05-28T11:00:00+05:30,26510.8,26521.5,26499.6,26501.7,
2018-05-28T11:05:00+05:30,26502.65,26510.35,26483.2,26509.95,
2018-05-28T11:10:00+05:30,26509.4,26519.65,26502.5,26511.8,
2018-05-28T11:15:00+05:30,26512.25,26518.7,26503.05,26509.6,
2018-05-28T11:20:00+05:30,26504.35,26529.5,26500.7,26515.55,
2018-05-28T11:25:00+05:30,26515.45,26523.5,26505.45,26516,
2018-05-28T11:30:00+05:30,26515.15,26521.8,26505.95,26517.6,
2018-05-28T11:35:00+05:30,26517.6,26523.95,26506.25,26510.7,
2018-05-28T11:40:00+05:30,26510.3,26510.3,26489.55,26493.65,
2018-05-28T11:45:00+05:30,26492.65,26510.3,26485.5,26510.3,
2018-05-28T11:50:00+05:30,26510.05,26522.3,26505.95,26511.7,
2018-05-28T11:55:00+05:30,26512.25,26543.75,26501.25,26534.3,
2018-05-28T12:00:00+05:30,26534.3,26535.5,26521.8,26522.1,
2018-05-28T12:05:00+05:30,26522.1,26551.5,26518.2,26549.7,
2018-05-28T12:10:00+05:30,26550.5,26567.8,26546.05,26556.6,
2018-05-28T12:15:00+05:30,26558.2,26565.25,26545.35,26564.25,
2018-05-28T12:20:00+05:30,26566,26591.6,26554.9,26590.9,
2018-05-28T12:25:00+05:30,26591.05,26598.25,26581.5,26588.85,
2018-05-28T12:30:00+05:30,26588.25,26605.35,26587.9,26604.4,
2018-05-28T12:35:00+05:30,26605.4,26623.8,26595.05,26619.35,
2018-05-28T12:40:00+05:30,26619.85,26620.05,26593.8,26602.5,
2018-05-28T12:45:00+05:30,26602.15,26617.85,26602.15,26617.25,
2018-05-28T12:50:00+05:30,26616.45,26634.3,26614.6,26620,
2018-05-28T12:55:00+05:30,26620.9,26634.55,26607.05,26611.9,
2018-05-28T13:00:00+05:30,26613.75,26615.65,26603.7,26608.95,
2018-05-28T13:05:00+05:30,26608.3,26623.85,26604.4,26620,
2018-05-28T13:10:00+05:30,26620.75,26640,26612.2,26630.7,
2018-05-28T13:15:00+05:30,26633.5,26633.5,26607.05,26619.5,
2018-05-28T13:20:00+05:30,26621.55,26625.2,26601.5,26609.55,
2018-05-28T13:25:00+05:30,26606.7,26614.95,26594.1,26601.4,
2018-05-28T13:30:00+05:30,26600.4,26612.25,26589.35,26611.3,
2018-05-28T13:35:00+05:30,26612.2,26630.4,26607.95,26625.7,
2018-05-28T13:40:00+05:30,26620.95,26629.6,26610.3,26621.95,
2018-05-28T13:45:00+05:30,26621.6,26630.2,26616.25,26627.6,
2018-05-28T13:50:00+05:30,26627.2,26630.75,26617.35,26618.8,
2018-05-28T13:55:00+05:30,26620.15,26623.75,26599.2,26599.2,
2018-05-28T14:00:00+05:30,26599.8,26622,26599.8,26619.05,
2018-05-28T14:05:00+05:30,26615.7,26645.65,26615.6,26636.95,
2018-05-28T14:10:00+05:30,26636.95,26659.45,26636.4,26646.45,
2018-05-28T14:15:00+05:30,26646.35,26670.1,26643.85,26670.1,
2018-05-28T14:20:00+05:30,26669.8,26683.45,26648.55,26661.9,
2018-05-28T14:25:00+05:30,26659.95,26667.6,26643.85,26645.7,
2018-05-28T14:30:00+05:30,26645.8,26659.65,26636.65,26653.1,
2018-05-28T14:35:00+05:30,26652.3,26672.45,26645.75,26665.05,
2018-05-28T14:40:00+05:30,26664.75,26673.5,26651.1,26670.15,
2018-05-28T14:45:00+05:30,26668.5,26701.35,26664.55,26695.25,
2018-05-28T14:50:00+05:30,26693.95,26701.6,26674,26682.6,
2018-05-28T14:55:00+05:30,26680,26690.9,26670.1,26690.9,
2018-05-28T15:00:00+05:30,26691.2,26712.05,26679.5,26683.5,
2018-05-28T15:05:00+05:30,26680.9,26693.95,26648.2,26650.8,
2018-05-28T15:10:00+05:30,26656.05,26662.75,26615.9,26631,
2018-05-28T15:15:00+05:30,26631.1,26631.1,26596.15,26606.3,
2018-05-28T15:20:00+05:30,26606.9,26609.9,26583.9,26588.75,
2018-05-28T15:25:00+05:30,26587.95,26589.4,26573.1,26585.65,
2018-05-29T09:15:00+05:30,26567.25,26567.25,26468.9,26490.6,
2018-05-29T09:20:00+05:30,26491.05,26491.05,26444.2,26462.25,
2018-05-29T09:25:00+05:30,26463.15,26486.35,26453.2,26466.85,
2018-05-29T09:30:00+05:30,26466.05,26467.65,26429.5,26449.95,
2018-05-29T09:35:00+05:30,26451.8,26478,26446.95,26473.85,
2018-05-29T09:40:00+05:30,26478.85,26489,26465.55,26484.65,
2018-05-29T09:45:00+05:30,26484.45,26506.35,26480.65,26482.6,
2018-05-29T09:50:00+05:30,26481.9,26508.1,26481.05,26498.9,
2018-05-29T09:55:00+05:30,26500.35,26500.95,26455.8,26466,
2018-05-29T10:00:00+05:30,26465.6,26474.95,26454.3,26455.7,
2018-05-29T10:05:00+05:30,26456.05,26481,26454.5,26472.5,
2018-05-29T10:10:00+05:30,26470,26496.05,26468.75,26492.6,
2018-05-29T10:15:00+05:30,26491.6,26499.2,26466.45,26488.65,
2018-05-29T10:20:00+05:30,26488.2,26493.8,26472.8,26481.65,
2018-05-29T10:25:00+05:30,26481.25,26485.25,26468.15,26481.1,
2018-05-29T10:30:00+05:30,26481.2,26498,26479.2,26492.5,
2018-05-29T10:35:00+05:30,26493.55,26518.95,26485.3,26518,
2018-05-29T10:40:00+05:30,26512.95,26554.65,26505.35,26543.4,
2018-05-29T10:45:00+05:30,26543.4,26546.35,26496.3,26504.7,
2018-05-29T10:50:00+05:30,26501.6,26516.6,26499.35,26507.35,
2018-05-29T10:55:00+05:30,26506.55,26521.5,26501,26510.85,
2018-05-29T11:00:00+05:30,26510.85,26524.15,26507,26514.8,
2018-05-29T11:05:00+05:30,26514.7,26524.35,26489.55,26495.8,
2018-05-29T11:10:00+05:30,26495.85,26514.85,26493.45,26508.45,
2018-05-29T11:15:00+05:30,26508.75,26520.15,26507.35,26512.7,
2018-05-29T11:20:00+05:30,26515.15,26533.3,26512.25,26532.15,
2018-05-29T11:25:00+05:30,26532.45,26555.5,26526.2,26551.4,
2018-05-29T11:30:00+05:30,26552.7,26570.05,26545.65,26551.75,
2018-05-29T11:35:00+05:30,26553.7,26554.2,26530.15,26538.15,
2018-05-29T11:40:00+05:30,26538.45,26544.95,26519.6,26539.75,
2018-05-29T11:45:00+05:30,26543,26546.3,26519.2,26528.25,
2018-05-29T11:50:00+05:30,26523.8,26543,26514.65,26520.3,
2018-05-29T11:55:00+05:30,26521.85,26526.6,26491.65,26491.65,
2018-05-29T12:00:00+05:30,26491.3,26495.55,26458.35,26466,
2018-05-29T12:05:00+05:30,26465.7,26470.85,26446.4,26458.6,
2018-05-29T12:10:00+05:30,26458.8,26458.8,26418.35,26425.85,
2018-05-29T12:15:00+05:30,26425.8,26442.6,26395.35,26430.2,
2018-05-29T12:20:00+05:30,26431.6,26443.5,26412.75,26436.55,
2018-05-29T12:25:00+05:30,26436.65,26453,26431.95,26446.65,
2018-05-29T12:30:00+05:30,26447.35,26448.45,26424.45,26430.8,
2018-05-29T12:35:00+05:30,26430.8,26449.9,26420.9,26432.1,
2018-05-29T12:40:00+05:30,26431.25,26453.8,26427.65,26452.9,
2018-05-29T12:45:00+05:30,26453.25,26464.1,26441.75,26455.05,
2018-05-29T12:50:00+05:30,26455.05,26469.85,26452.75,26463.35,
2018-05-29T12:55:00+05:30,26463.75,26464.2,26429.55,26455.85,
2018-05-29T13:00:00+05:30,26456.25,26458.9,26421.35,26427,
2018-05-29T13:05:00+05:30,26427.25,26430.4,26383.5,26386.1,
2018-05-29T13:10:00+05:30,26387.75,26406.65,26368.95,26405.15,
2018-05-29T13:15:00+05:30,26403.7,26403.7,26355.2,26369.3,
2018-05-29T13:20:00+05:30,26370.6,26394.75,26366.95,26382.85,
2018-05-29T13:25:00+05:30,26382.05,26414.75,26374.6,26400.15,
2018-05-29T13:30:00+05:30,26400.85,26408.25,26373.8,26405.45,
2018-05-29T13:35:00+05:30,26405.45,26424.75,26399.85,26417.65,
2018-05-29T13:40:00+05:30,26418.25,26430.3,26400.05,26411.1,
2018-05-29T13:45:00+05:30,26411.25,26411.3,26376.1,26394.1,
2018-05-29T13:50:00+05:30,26393.6,26397.35,26363.75,26367.45,
2018-05-29T13:55:00+05:30,26368.3,26369.25,26329.75,26330.3,
2018-05-29T14:00:00+05:30,26332.4,26332.4,26291.9,26316.6,
2018-05-29T14:05:00+05:30,26317.85,26321.6,26298.65,26303.7,
2018-05-29T14:10:00+05:30,26300.4,26302.15,26265.2,26270.5,
2018-05-29T14:15:00+05:30,26270.35,26285.55,26248.65,26282.85,
2018-05-29T14:20:00+05:30,26284,26309.55,26277.1,26288.3,
2018-05-29T14:25:00+05:30,26288.1,26301.7,26276.8,26289,
2018-05-29T14:30:00+05:30,26288.65,26288.65,26240.35,26250.9,
2018-05-29T14:35:00+05:30,26248.45,26262.3,26231.4,26232.5,
2018-05-29T14:40:00+05:30,26233.5,26271.05,26221.5,26270.9,
2018-05-29T14:45:00+05:30,26271.75,26273.25,26241.25,26245.55,
2018-05-29T14:50:00+05:30,26246.45,26266.3,26242.35,26259.3,
2018-05-29T14:55:00+05:30,26257.65,26305.15,26250.5,26284.85,
2018-05-29T15:00:00+05:30,26284,26293.5,26251.85,26260.8,
2018-05-29T15:05:00+05:30,26259.5,26270.5,26236.1,26240.9,
2018-05-29T15:10:00+05:30,26238.45,26269,26226.7,26265.65,
2018-05-29T15:15:00+05:30,26269.2,26272.1,26248.7,26268.75,
2018-05-29T15:20:00+05:30,26268.05,26273,26255.85,26263.15,
2018-05-29T15:25:00+05:30,26263.25,26266.65,26227.95,26237.65,
2018-05-30T09:15:00+05:30,26039.9,26071.8,25985.35,26020.45,
2018-05-30T09:20:00+05:30,26020.45,26061,26017.95,26019.45,
2018-05-30T09:25:00+05:30,26025.95,26035.35,25989.9,26012.45,
2018-05-30T09:30:00+05:30,26010.6,26043.5,25997.3,26032.45,
2018-05-30T09:35:00+05:30,26033,26055.15,26029.2,26047.25,
2018-05-30T09:40:00+05:30,26047.8,26072.05,26026.75,26059.95,
2018-05-30T09:45:00+05:30,26048.8,26155.45,26048.8,26141.3,
2018-05-30T09:50:00+05:30,26138.6,26195.7,26124.95,26183.75,
2018-05-30T09:55:00+05:30,26183.6,26192.8,26150.7,26174.45,
2018-05-30T10:00:00+05:30,26173.75,26187.4,26165.15,26167.35,
2018-05-30T10:05:00+05:30,26166.85,26176.7,26152,26152.8,
2018-05-30T10:10:00+05:30,26155.05,26158.45,26136.2,26147.4,
2018-05-30T10:15:00+05:30,26147.7,26150.25,26125.65,26125.65,
2018-05-30T10:20:00+05:30,26125.7,26127.55,26104.85,26116.1,
2018-05-30T10:25:00+05:30,26117.7,26144.25,26112.05,26139.2,
2018-05-30T10:30:00+05:30,26141.3,26141.3,26098.5,26106.55,
2018-05-30T10:35:00+05:30,26105.15,26110.55,26089.65,26100.05,
2018-05-30T10:40:00+05:30,26099.3,26107.45,26087.65,26088.85,
2018-05-30T10:45:00+05:30,26089.7,26114.55,26088.75,26109.6,
2018-05-30T10:50:00+05:30,26110.45,26130.55,26097.05,26098.15,
2018-05-30T10:55:00+05:30,26099.05,26111.65,26098.1,26108.75,
2018-05-30T11:00:00+05:30,26108.4,26112.8,26091,26109.6,
2018-05-30T11:05:00+05:30,26106.95,26123.25,26103.25,26118.1,
2018-05-30T11:10:00+05:30,26117.15,26122.65,26108.2,26113,
2018-05-30T11:15:00+05:30,26113.25,26123.25,26106.25,26111.7,
2018-05-30T11:20:00+05:30,26111.8,26139.3,26106.4,26129.5,
2018-05-30T11:25:00+05:30,26128,26150.25,26123.85,26148.6,
2018-05-30T11:30:00+05:30,26148.85,26153,26134.4,26140.05,
2018-05-30T11:35:00+05:30,26140.45,26164.4,26132.8,26164.4,
2018-05-30T11:40:00+05:30,26165.2,26173.6,26156.6,26162.05,
2018-05-30T11:45:00+05:30,26162.25,26180.4,26158.6,26179.05,
2018-05-30T11:50:00+05:30,26177.85,26211.45,26177.85,26192.15,
2018-05-30T11:55:00+05:30,26194.55,26194.55,26151.2,26156.5,
2018-05-30T12:00:00+05:30,26154.95,26163.3,26144.85,26147,
2018-05-30T12:05:00+05:30,26144.75,26184.4,26144.75,26182.95,
2018-05-30T12:10:00+05:30,26182.35,26192.95,26163.35,26174,
2018-05-30T12:15:00+05:30,26173.95,26187.75,26150.95,26153.65,
2018-05-30T12:20:00+05:30,26153.2,26168.8,26144.55,26163.65,
2018-05-30T12:25:00+05:30,26161.25,26186.8,26161.25,26181.65,
2018-05-30T12:30:00+05:30,26182.7,26198.5,26165.75,26196.65,
2018-05-30T12:35:00+05:30,26194.85,26206.25,26180.8,26203.1,
2018-05-30T12:40:00+05:30,26201.25,26234.7,26201.25,26213.4,
2018-05-30T12:45:00+05:30,26213.2,26230.05,26213.2,26221.5,
2018-05-30T12:50:00+05:30,26221.9,26260.1,26214,26252.9,
2018-05-30T12:55:00+05:30,26252.3,26288.4,26249.05,26278,
2018-05-30T13:00:00+05:30,26274.95,26314.85,26274.95,26310.4,
2018-05-30T13:05:00+05:30,26309.4,26366.35,26305.75,26362.35,
2018-05-30T13:10:00+05:30,26362.3,26402.3,26350.4,26389.8,
2018-05-30T13:15:00+05:30,26387.05,26395.3,26337.05,26338.9,
2018-05-30T13:20:00+05:30,26340.1,26340.9,26274.45,26316.65,
2018-05-30T13:25:00+05:30,26318.7,26323.4,26290.25,26295.95,
2018-05-30T13:30:00+05:30,26295.85,26330.7,26295.85,26318.05,
2018-05-30T13:35:00+05:30,26318.1,26345.65,26317.6,26320.95,
2018-05-30T13:40:00+05:30,26320.55,26338.6,26304.3,26324.25,
2018-05-30T13:45:00+05:30,26327.2,26334.75,26306.95,26316.5,
2018-05-30T13:50:00+05:30,26317.8,26332.2,26220.35,26232.2,
2018-05-30T13:55:00+05:30,26232.9,26255.3,26211.55,26243.75,
2018-05-30T14:00:00+05:30,26243.75,26249.1,26214.2,26214.8,
2018-05-30T14:05:00+05:30,26214.8,26217.7,26179.8,26195.5,
2018-05-30T14:10:00+05:30,26196.2,26215.05,26157.15,26161,
2018-05-30T14:15:00+05:30,26159.2,26191.8,26137.05,26184.75,
2018-05-30T14:20:00+05:30,26184.1,26261,26172.65,26250.1,
2018-05-30T14:25:00+05:30,26250.85,26266.8,26226.65,26244.3,
2018-05-30T14:30:00+05:30,26245,26301.9,26237.25,26290.1,
2018-05-30T14:35:00+05:30,26287.8,26315.2,26272.65,26299.2,
2018-05-30T14:40:00+05:30,26300.55,26309.65,26237.15,26237.15,
2018-05-30T14:45:00+05:30,26237.15,26288.1,26209.6,26265.1,
2018-05-30T14:50:00+05:30,26268.3,26286.7,26222.7,26249.25,
2018-05-30T14:55:00+05:30,26249.25,26271.4,26232.7,26265.3,
2018-05-30T15:00:00+05:30,26264.3,26276.3,26248.25,26258.25,
2018-05-30T15:05:00+05:30,26257.65,26296.95,26249.3,26292.2,
2018-05-30T15:10:00+05:30,26292.65,26333.15,26278.35,26332.85,
2018-05-30T15:15:00+05:30,26334.4,26357.65,26326.75,26348.05,
2018-05-30T15:20:00+05:30,26349.5,26374.4,26344.9,26347.7,
2018-05-30T15:25:00+05:30,26347.55,26354.65,26333.25,26336.75,
2018-05-31T09:15:00+05:30,26587,26645.75,26440.3,26444.9,
2018-05-31T09:20:00+05:30,26449.2,26471.9,26418.85,26435.75,
2018-05-31T09:25:00+05:30,26436.15,26461.6,26425.2,26445.75,
2018-05-31T09:30:00+05:30,26446.05,26460.85,26437.05,26445.35,
2018-05-31T09:35:00+05:30,26443.55,26448.35,26389.5,26404.15,
2018-05-31T09:40:00+05:30,26404.05,26407.1,26383.35,26389.45,
2018-05-31T09:45:00+05:30,26388.3,26399.95,26368.65,26392.4,
2018-05-31T09:50:00+05:30,26394.95,26429.9,26386.95,26413.25,
2018-05-31T09:55:00+05:30,26412.95,26422.1,26384.15,26385.15,
2018-05-31T10:00:00+05:30,26385.8,26392.2,26355.05,26377.65,
2018-05-31T10:05:00+05:30,26371.8,26391.75,26362.05,26364.7,
2018-05-31T10:10:00+05:30,26366.6,26396.65,26366.3,26369.85,
2018-05-31T10:15:00+05:30,26369.6,26402.3,26360.35,26390.95,
2018-05-31T10:20:00+05:30,26392.55,26431.35,26389.4,26412.7,
2018-05-31T10:25:00+05:30,26410.8,26435.95,26405.25,26409.95,
2018-05-31T10:30:00+05:30,26409,26432.8,26404.05,26427.4,
2018-05-31T10:35:00+05:30,26428.75,26446.15,26428.75,26441.85,
2018-05-31T10:40:00+05:30,26442.4,26448.7,26425.9,26428.2,
2018-05-31T10:45:00+05:30,26428.3,26456.2,26428,26450.25,
2018-05-31T10:50:00+05:30,26451.15,26466.55,26437.65,26449.2,
2018-05-31T10:55:00+05:30,26447,26476.7,26446.65,26468.05,
2018-05-31T11:00:00+05:30,26468.65,26473.7,26433.15,26446.3,
2018-05-31T11:05:00+05:30,26446.85,26457.5,26440.5,26447.75,
2018-05-31T11:10:00+05:30,26448.45,26450.9,26435.8,26449.05,
2018-05-31T11:15:00+05:30,26448.5,26451.65,26429.45,26444.75,
2018-05-31T11:20:00+05:30,26443.75,26474.85,26442.7,26458.8,
2018-05-31T11:25:00+05:30,26460.45,26476,26455.05,26463.7,
2018-05-31T11:30:00+05:30,26463.25,26464.65,26443.15,26443.15,
2018-05-31T11:35:00+05:30,26443.45,26466.05,26442.05,26459.35,
2018-05-31T11:40:00+05:30,26458.85,26460.5,26446,26454.75,
2018-05-31T11:45:00+05:30,26454.8,26467.3,26450,26452.45,
2018-05-31T11:50:00+05:30,26451.95,26458.4,26443.35,26449.05,
2018-05-31T11:55:00+05:30,26449.5,26484.4,26448.4,26482.75,
2018-05-31T12:00:00+05:30,26483.2,26498.1,26476.9,26485.65,
2018-05-31T12:05:00+05:30,26487.05,26517.95,26485.6,26494.9,
2018-05-31T12:10:00+05:30,26494.65,26502.25,26480,26486.35,
2018-05-31T12:15:00+05:30,26487.15,26502.2,26486.05,26498.8,
2018-05-31T12:20:00+05:30,26499.3,26509.25,26490.15,26508.4,
2018-05-31T12:25:00+05:30,26507.8,26516.8,26504.7,26512.95,
2018-05-31T12:30:00+05:30,26515.45,26526.3,26508.95,26514.85,
2018-05-31T12:35:00+05:30,26514.35,26516.6,26472.05,26485.6,
2018-05-31T12:40:00+05:30,26481.35,26488.85,26473.55,26479.15,
2018-05-31T12:45:00+05:30,26478.4,26506.8,26473.5,26501.4,
2018-05-31T12:50:00+05:30,26500.6,26512.2,26487.85,26493.45,
2018-05-31T12:55:00+05:30,26493.45,26504.55,26483.2,26496.3,
2018-05-31T13:00:00+05:30,26496.25,26499.35,26490.05,26494.55,
2018-05-31T13:05:00+05:30,26494.15,26550.1,26492.45,26539.9,
2018-05-31T13:10:00+05:30,26539.1,26547.15,26525.15,26535.55,
2018-05-31T13:15:00+05:30,26534.95,26568.3,26532.3,26558,
2018-05-31T13:20:00+05:30,26557.45,26584.6,26555.85,26563,
2018-05-31T13:25:00+05:30,26561.45,26575,26539.95,26570.8,
2018-05-31T13:30:00+05:30,26570.4,26572.4,26494.15,26522.7,
2018-05-31T13:35:00+05:30,26522.4,26551.2,26510.75,26541.9,
2018-05-31T13:40:00+05:30,26541.75,26565,26533,26555.6,
2018-05-31T13:45:00+05:30,26555.05,26557.25,26534.3,26547.2,
2018-05-31T13:50:00+05:30,26548.8,26556.4,26534.85,26549.75,
2018-05-31T13:55:00+05:30,26549.8,26549.85,26517.9,26532.75,
2018-05-31T14:00:00+05:30,26532.35,26532.95,26496,26529.7,
2018-05-31T14:05:00+05:30,26530.05,26548.75,26522.1,26546.45,
2018-05-31T14:10:00+05:30,26544.15,26552.55,26524.85,26533.05,
2018-05-31T14:15:00+05:30,26533,26551.45,26519.2,26525.4,
2018-05-31T14:20:00+05:30,26525.75,26548.1,26516.7,26540.25,
2018-05-31T14:25:00+05:30,26541.45,26545.2,26527.3,26544.75,
2018-05-31T14:30:00+05:30,26544.75,26601.9,26544,26598.9,
2018-05-31T14:35:00+05:30,26597.85,26623.6,26574.5,26615.8,
2018-05-31T14:40:00+05:30,26613.7,26649.35,26613,26627.95,
2018-05-31T14:45:00+05:30,26631.95,26650.7,26625.45,26634.05,
2018-05-31T14:50:00+05:30,26635.55,26700.2,26633.25,26699.65,
2018-05-31T14:55:00+05:30,26698.75,26757.5,26684.3,26737.7,
2018-05-31T15:00:00+05:30,26739.9,26897.95,26739.9,26896.75,
2018-05-31T15:05:00+05:30,26894.8,27162.65,26894.8,26936.95,
2018-05-31T15:10:00+05:30,26947.2,26976.15,26893.85,26901.65,
2018-05-31T15:15:00+05:30,26904.3,27004.15,26901.45,26975,
2018-05-31T15:20:00+05:30,26976.65,27069.05,26941.55,26992.2,
2018-05-31T15:25:00+05:30,26991.95,27009.75,26874.4,26874.4,
