time,open,high,low,close,volume
2024-07-01T09:15:00+05:30,52351.15,52417.55,52245.25,52290.7,
2024-07-01T09:20:00+05:30,52288.6,52300.5,52166.4,52204.35,
2024-07-01T09:25:00+05:30,52204.55,52285.85,52166.05,52281.6,
2024-07-01T09:30:00+05:30,52279.7,52409.9,52276,52328.35,
2024-07-01T09:35:00+05:30,52329.3,52470.75,52313,52442.5,
2024-07-01T09:40:00+05:30,52443,52515.75,52436.35,52507.65,
2024-07-01T09:45:00+05:30,52511.25,52511.25,52441.3,52451.65,
2024-07-01T09:50:00+05:30,52450.7,52522.25,52444.05,52499.3,
2024-07-01T09:55:00+05:30,52496.35,52545.2,52465.2,52484.35,
2024-07-01T10:00:00+05:30,52481.55,52512.35,52452.85,52491.85,
2024-07-01T10:05:00+05:30,52485.35,52516.3,52451.15,52516.3,
2024-07-01T10:10:00+05:30,52515.25,52515.25,52373.35,52396.1,
2024-07-01T10:15:00+05:30,52396.05,52453.05,52393.6,52419.1,
2024-07-01T10:20:00+05:30,52422.15,52483.1,52417,52476.7,
2024-07-01T10:25:00+05:30,52473.95,52476.35,52437.75,52439.15,
2024-07-01T10:30:00+05:30,52435.9,52457.25,52412.1,52442.05,
2024-07-01T10:35:00+05:30,52436.3,52459,52422.7,52448.25,
2024-07-01T10:40:00+05:30,52444.2,52446.35,52411.75,52416.95,
2024-07-01T10:45:00+05:30,52415.7,52424.95,52338.8,52377.3,
2024-07-01T10:50:00+05:30,52380.4,52429.2,52363.4,52418.75,
2024-07-01T10:55:00+05:30,52418.95,52418.95,52382.8,52386.75,
2024-07-01T11:00:00+05:30,52387.05,52404.95,52381.7,52397.8,
2024-07-01T11:05:00+05:30,52398.4,52437.95,52384.65,52419.85,
2024-07-01T11:10:00+05:30,52418.05,52423.45,52397.6,52413.5,
2024-07-01T11:15:00+05:30,52410.85,52501.45,52395.45,52489.1,
2024-07-01T11:20:00+05:30,52487.95,52570.65,52483.25,52566.2,
2024-07-01T11:25:00+05:30,52565.65,52599.85,52547.45,52578.85,
2024-07-01T11:30:00+05:30,52573.9,52581.85,52517,52534.05,
2024-07-01T11:35:00+05:30,52532.6,52555.3,52511.55,52550.55,
2024-07-01T11:40:00+05:30,52548.55,52570.85,52540.3,52566.55,
2024-07-01T11:45:00+05:30,52567.2,52607.55,52559,52580,
2024-07-01T11:50:00+05:30,52571.25,52581.4,52523.55,52527.1,
2024-07-01T11:55:00+05:30,52527.5,52562.25,52524.75,52545.1,
2024-07-01T12:00:00+05:30,52545.7,52561.9,52543.3,52557.95,
2024-07-01T12:05:00+05:30,52558.75,52572.45,52539.05,52546.6,
2024-07-01T12:10:00+05:30,52545.85,52563.9,52534.45,52549.55,
2024-07-01T12:15:00+05:30,52549.3,52572.8,52527.35,52564.45,
2024-07-01T12:20:00+05:30,52563.05,52589.65,52555.2,52589.5,
2024-07-01T12:25:00+05:30,52588.45,52616.9,52562.95,52565.95,
2024-07-01T12:30:00+05:30,52565,52578.65,52534.95,52567.05,
2024-07-01T12:35:00+05:30,52561.75,52571.15,52524.8,52555.7,
2024-07-01T12:40:00+05:30,52555.05,52564,52529,52562.25,
2024-07-01T12:45:00+05:30,52560.8,52574.35,52554.8,52569.65,
2024-07-01T12:50:00+05:30,52566.95,52578.3,52557.05,52573.65,
2024-07-01T12:55:00+05:30,52571.35,52576.75,52552.65,52561.75,
2024-07-01T13:00:00+05:30,52560.7,52573.05,52540.3,52550.55,
2024-07-01T13:05:00+05:30,52549.4,52572.9,52537.8,52569.25,
2024-07-01T13:10:00+05:30,52568.35,52593.4,52562,52579.95,
2024-07-01T13:15:00+05:30,52582,52605.1,52575.65,52591.25,
2024-07-01T13:20:00+05:30,52590.65,52600.7,52532.1,52571.3,
2024-07-01T13:25:00+05:30,52571,52580.05,52554.25,52565.25,
2024-07-01T13:30:00+05:30,52566.55,52601.45,52552.05,52591.35,
2024-07-01T13:35:00+05:30,52589.8,52613.1,52587.6,52609.35,
2024-07-01T13:40:00+05:30,52607.45,52630.95,52599.25,52610.75,
2024-07-01T13:45:00+05:30,52611.9,52615.9,52569.1,52593.1,
2024-07-01T13:50:00+05:30,52592.55,52632.15,52585.95,52623.65,
2024-07-01T13:55:00+05:30,52621.85,52633.5,52606.8,52614.3,
2024-07-01T14:00:00+05:30,52613.7,52638.45,52544,52571.1,
2024-07-01T14:05:00+05:30,52566.95,52596.4,52551.9,52560.6,
2024-07-01T14:10:00+05:30,52553.95,52593.35,52552.55,52582.95,
2024-07-01T14:15:00+05:30,52583.75,52602.5,52559.9,52596.25,
2024-07-01T14:20:00+05:30,52595.15,52600.95,52563.1,52579.7,
2024-07-01T14:25:00+05:30,52577.4,52590.75,52522.05,52556.1,
2024-07-01T14:30:00+05:30,52560.05,52572.35,52525.95,52548.5,
2024-07-01T14:35:00+05:30,52548.25,52565.05,52528.65,52555.85,
2024-07-01T14:40:00+05:30,52541.75,52559.1,52487.95,52516.75,
2024-07-01T14:45:00+05:30,52516.65,52551.25,52498.4,52539.3,
2024-07-01T14:50:00+05:30,52537.85,52572.75,52513.1,52549.2,
2024-07-01T14:55:00+05:30,52560.3,52563.85,52529.4,52547.35,
2024-07-01T15:00:00+05:30,52552.5,52591.1,52497.6,52574.3,
2024-07-01T15:05:00+05:30,52572.7,52654.55,52564.3,52652.2,
2024-07-01T15:10:00+05:30,52651.95,52656.15,52576.25,52613.4,
2024-07-01T15:15:00+05:30,52611.1,52630,52565.55,52571.6,
2024-07-01T15:20:00+05:30,52563.85,52569.55,52523.6,52538.95,
2024-07-01T15:25:00+05:30,52538.85,52558.55,52504.55,52521.45,
2024-07-02T09:15:00+05:30,52793.75,52828.45,52604.1,52685.75,
2024-07-02T09:20:00+05:30,52686.7,52687.3,52535.45,52554.75,
2024-07-02T09:25:00+05:30,52554.3,52579.6,52438.25,52463.1,
2024-07-02T09:30:00+05:30,52466.4,52471.9,52373,52428.75,
2024-07-02T09:35:00+05:30,52427.6,52448.6,52351.1,52374.65,
2024-07-02T09:40:00+05:30,52382.9,52413.95,52209.1,52209.1,
2024-07-02T09:45:00+05:30,52214.35,52250.05,52120.25,52232.1,
2024-07-02T09:50:00+05:30,52236.05,52304,52227.4,52233.15,
2024-07-02T09:55:00+05:30,52226.25,52298,52217.8,52239.5,
2024-07-02T10:00:00+05:30,52235.3,52325.1,52215.6,52318.45,
2024-07-02T10:05:00+05:30,52316.5,52390.35,52304.25,52335,
2024-07-02T10:10:00+05:30,52332.8,52337.45,52232,52256.55,
2024-07-02T10:15:00+05:30,52255.15,52297.35,52252.9,52288.2,
2024-07-02T10:20:00+05:30,52287.6,52337.85,52280.5,52305.05,
2024-07-02T10:25:00+05:30,52299.75,52341.7,52263.7,52283.15,
2024-07-02T10:30:00+05:30,52274.9,52315.55,52270.95,52283.35,
2024-07-02T10:35:00+05:30,52286.8,52346.2,52285.35,52321.65,
2024-07-02T10:40:00+05:30,52321.35,52352.7,52291.55,52303.35,
2024-07-02T10:45:00+05:30,52301.55,52332.55,52277.2,52321.8,
2024-07-02T10:50:00+05:30,52322.9,52336.25,52289.5,52294.2,
2024-07-02T10:55:00+05:30,52296.35,52340.9,52286.95,52340.9,
2024-07-02T11:00:00+05:30,52339,52352.3,52313.2,52336.05,
2024-07-02T11:05:00+05:30,52335.55,52344.85,52305.5,52319.9,
2024-07-02T11:10:00+05:30,52326.2,52371.45,52289.25,52364.1,
2024-07-02T11:15:00+05:30,52357.5,52412.65,52355.55,52364,
2024-07-02T11:20:00+05:30,52370.45,52379.55,52345.35,52350.2,
2024-07-02T11:25:00+05:30,52350.9,52370.1,52328.6,52353.6,
2024-07-02T11:30:00+05:30,52354.95,52363.7,52317.9,52321.25,
2024-07-02T11:35:00+05:30,52325.65,52342.35,52203.5,52245.55,
2024-07-02T11:40:00+05:30,52243.2,52243.6,52057.3,52095.4,
2024-07-02T11:45:00+05:30,52094.3,52151.8,52079.85,52136.75,
2024-07-02T11:50:00+05:30,52135.7,52155.25,52112.2,52132.45,
2024-07-02T11:55:00+05:30,52131.55,52196.3,52129.1,52171.95,
2024-07-02T12:00:00+05:30,52174.3,52225.15,52168.25,52198.75,
2024-07-02T12:05:00+05:30,52197.25,52205.15,52150.45,52180.6,
2024-07-02T12:10:00+05:30,52178.65,52191.6,52136.3,52142,
2024-07-02T12:15:00+05:30,52141,52190,52132.7,52174.7,
2024-07-02T12:20:00+05:30,52176.45,52184.65,52131.4,52155.6,
2024-07-02T12:25:00+05:30,52156.15,52162,52109.75,52155.35,
2024-07-02T12:30:00+05:30,52155.9,52186.35,52144.75,52173.75,
2024-07-02T12:35:00+05:30,52172.9,52180.15,52099.35,52106.9,
2024-07-02T12:40:00+05:30,52108.35,52118.75,52070.5,52099.95,
2024-07-02T12:45:00+05:30,52105.1,52115.2,52019.05,52042.95,
2024-07-02T12:50:00+05:30,52048.05,52072.45,52039.45,52062.75,
2024-07-02T12:55:00+05:30,52065.3,52073.3,51999.6,52022,
2024-07-02T13:00:00+05:30,52016.65,52065,51996.65,52052.1,
2024-07-02T13:05:00+05:30,52052.05,52074.45,52032.4,52068.55,
2024-07-02T13:10:00+05:30,52069.4,52175.8,52045.95,52147.85,
2024-07-02T13:15:00+05:30,52146.15,52157.45,52117.45,52131.2,
2024-07-02T13:20:00+05:30,52136.6,52200.8,52120.25,52174.4,
2024-07-02T13:25:00+05:30,52181.1,52212.7,52135.5,52138.15,
2024-07-02T13:30:00+05:30,52143,52156.85,52109.6,52123.1,
2024-07-02T13:35:00+05:30,52131.05,52203.45,52120.9,52195.55,
2024-07-02T13:40:00+05:30,52194.8,52251.35,52186.8,52213.75,
2024-07-02T13:45:00+05:30,52213.45,52231.85,52187,52196.7,
2024-07-02T13:50:00+05:30,52195.55,52225.8,52158.6,52164.4,
2024-07-02T13:55:00+05:30,52160.8,52199.45,52131.45,52197.7,
2024-07-02T14:00:00+05:30,52198.85,52218.55,52160.05,52167.95,
2024-07-02T14:05:00+05:30,52165.4,52183.8,52126.2,52151.55,
2024-07-02T14:10:00+05:30,52147.4,52173.15,52119.05,52132.6,
2024-07-02T14:15:00+05:30,52132.6,52171.8,52125.75,52151.55,
2024-07-02T14:20:00+05:30,52153.6,52175.25,52136.25,52159.4,
2024-07-02T14:25:00+05:30,52157.6,52165.45,52126.3,52155.7,
2024-07-02T14:30:00+05:30,52157.45,52190.25,52136,52184.85,
2024-07-02T14:35:00+05:30,52182.05,52217.95,52172.8,52190.1,
2024-07-02T14:40:00+05:30,52188.9,52227.1,52166.1,52197.05,
2024-07-02T14:45:00+05:30,52194.5,52209.3,52163.45,52197.05,
2024-07-02T14:50:00+05:30,52196.7,52215.05,52179.05,52188.8,
2024-07-02T14:55:00+05:30,52194,52222.75,52179.2,52200.2,
2024-07-02T15:00:00+05:30,52207.15,52215.15,52146.2,52164.15,
2024-07-02T15:05:00+05:30,52165.45,52178.8,52148.05,52171.25,
2024-07-02T15:10:00+05:30,52171.2,52178.2,52141.4,52164.4,
2024-07-02T15:15:00+05:30,52164.5,52170.9,52144.25,52168.1,
2024-07-02T15:20:00+05:30,52168.75,52200.7,52167.5,52187.35,
2024-07-02T15:25:00+05:30,52187.5,52191.55,52131.2,52148.1,
2024-07-03T09:15:00+05:30,52872.3,52876.7,52482.65,52600.6,
2024-07-03T09:20:00+05:30,52593.6,52954.15,52593.6,52872.3,
2024-07-03T09:25:00+05:30,52867,52944,52799.6,52814.65,
2024-07-03T09:30:00+05:30,52810.6,52973.9,52807.85,52961.55,
2024-07-03T09:35:00+05:30,52956.2,53020.3,52915.8,52967.85,
2024-07-03T09:40:00+05:30,52969,53110.75,52959.05,53110.75,
2024-07-03T09:45:00+05:30,53105.5,53195.15,53077.6,53162.2,
2024-07-03T09:50:00+05:30,53161.3,53201.5,53119.85,53183.5,
2024-07-03T09:55:00+05:30,53182.4,53182.4,53075.4,53097.75,
2024-07-03T10:00:00+05:30,53092.2,53124.25,53046.05,53078.65,
2024-07-03T10:05:00+05:30,53080.35,53137.15,53072.35,53098.65,
2024-07-03T10:10:00+05:30,53096.5,53123.7,53060.15,53074.4,
2024-07-03T10:15:00+05:30,53078.95,53095.05,53054.1,53065.4,
2024-07-03T10:20:00+05:30,53066.35,53073.85,53008.65,53050.95,
2024-07-03T10:25:00+05:30,53051.25,53233.1,53041,53211.75,
2024-07-03T10:30:00+05:30,53219.9,53256.7,53133.7,53151.75,
2024-07-03T10:35:00+05:30,53157.05,53173.2,53122.2,53136.1,
2024-07-03T10:40:00+05:30,53137.3,53165.55,53117.55,53158.75,
2024-07-03T10:45:00+05:30,53158.75,53164.3,53104.6,53115.85,
2024-07-03T10:50:00+05:30,53114.45,53167.7,53106.1,53117.6,
2024-07-03T10:55:00+05:30,53118.5,53144.15,53114.75,53142,
2024-07-03T11:00:00+05:30,53131.85,53151,53029.85,53102.75,
2024-07-03T11:05:00+05:30,53100.05,53104.4,53066.85,53080.65,
2024-07-03T11:10:00+05:30,53079.7,53092,53025.3,53046.9,
2024-07-03T11:15:00+05:30,53045.5,53078.3,53043.45,53066.5,
2024-07-03T11:20:00+05:30,53069,53085.75,53010.15,53027.25,
2024-07-03T11:25:00+05:30,53023.6,53052.35,52967.4,53045.4,
2024-07-03T11:30:00+05:30,53049.15,53107.7,53032.45,53083.25,
2024-07-03T11:35:00+05:30,53086.45,53103.15,53066.8,53076.55,
2024-07-03T11:40:00+05:30,53078,53087.1,53057.05,53083.25,
2024-07-03T11:45:00+05:30,53085,53102.6,53067.95,53099.3,
2024-07-03T11:50:00+05:30,53102.5,53119.5,53076.65,53093.65,
2024-07-03T11:55:00+05:30,53096.1,53100.55,53066.2,53070,
2024-07-03T12:00:00+05:30,53073.15,53089.85,53050.05,53074.4,
2024-07-03T12:05:00+05:30,53074.7,53080.75,53044.6,53055.7,
2024-07-03T12:10:00+05:30,53057.8,53091.75,53046.1,53078.35,
2024-07-03T12:15:00+05:30,53079.5,53105.25,53075.15,53099.85,
2024-07-03T12:20:00+05:30,53100.75,53118.4,53069.95,53114.1,
2024-07-03T12:25:00+05:30,53117.45,53144.8,53088.25,53100.1,
2024-07-03T12:30:00+05:30,53100,53143.5,53097.5,53137.1,
2024-07-03T12:35:00+05:30,53136.8,53143.9,53113.15,53124.8,
2024-07-03T12:40:00+05:30,53124.45,53137.35,53096.65,53102.35,
2024-07-03T12:45:00+05:30,53104.15,53118.25,53095.45,53109,
2024-07-03T12:50:00+05:30,53113.85,53130.6,53098.5,53116.45,
2024-07-03T12:55:00+05:30,53115.7,53125.1,53092.5,53109.55,
2024-07-03T13:00:00+05:30,53106.55,53108.75,53065.25,53106.85,
2024-07-03T13:05:00+05:30,53105.9,53108.05,53063.15,53068.9,
2024-07-03T13:10:00+05:30,53071.5,53091.65,53057.95,53084.15,
2024-07-03T13:15:00+05:30,53087.75,53107.65,53070.95,53098.85,
2024-07-03T13:20:00+05:30,53099.2,53115.4,53082.05,53109.35,
2024-07-03T13:25:00+05:30,53109.95,53124.75,53098.55,53114.35,
2024-07-03T13:30:00+05:30,53113.75,53133.2,53103.85,53113.5,
2024-07-03T13:35:00+05:30,53113.95,53134.55,53099.9,53120.8,
2024-07-03T13:40:00+05:30,53119.85,53157.45,53110,53151.9,
2024-07-03T13:45:00+05:30,53150.05,53191.3,53136.95,53164.6,
2024-07-03T13:50:00+05:30,53164.15,53184.25,53156.6,53177.15,
2024-07-03T13:55:00+05:30,53176.75,53177.55,53109.25,53139.8,
2024-07-03T14:00:00+05:30,53132.7,53138.9,53095.7,53106.15,
2024-07-03T14:05:00+05:30,53105.05,53133.1,53091.15,53118.95,
2024-07-03T14:10:00+05:30,53124.15,53124.15,53089.3,53096.5,
2024-07-03T14:15:00+05:30,53101.1,53134.4,53070.75,53108.75,
2024-07-03T14:20:00+05:30,53110.1,53121.3,53089.85,53100.85,
2024-07-03T14:25:00+05:30,53103.85,53103.85,53053.1,53083.65,
2024-07-03T14:30:00+05:30,53085.15,53107.05,53063.15,53107,
2024-07-03T14:35:00+05:30,53106.45,53143,53094.8,53109.85,
2024-07-03T14:40:00+05:30,53110.15,53123.95,53094.65,53109,
2024-07-03T14:45:00+05:30,53113.1,53121.25,53080.8,53090.75,
2024-07-03T14:50:00+05:30,53098.4,53105.35,53065.4,53097.9,
2024-07-03T14:55:00+05:30,53107.35,53111.35,53061.85,53069.7,
2024-07-03T15:00:00+05:30,53070.5,53100.05,53047.1,53089.7,
2024-07-03T15:05:00+05:30,53091.45,53112.15,53049.9,53103.85,
2024-07-03T15:10:00+05:30,53103.8,53115.25,53078.15,53110,
2024-07-03T15:15:00+05:30,53108.15,53120.2,53058.8,53106.15,
2024-07-03T15:20:00+05:30,53104,53145.4,53078.8,53078.8,
2024-07-03T15:25:00+05:30,53079.05,53124.55,53025.7,53042.15,
2024-07-04T09:15:00+05:30,53357.7,53357.7,53054.3,53066.35,
2024-07-04T09:20:00+05:30,53069.75,53170.35,53044.5,53123.35,
2024-07-04T09:25:00+05:30,53123.7,53150.8,53109.3,53147.3,
2024-07-04T09:30:00+05:30,53146.1,53190.75,53123.65,53165.05,
2024-07-04T09:35:00+05:30,53162.1,53169.15,53083.55,53097.45,
2024-07-04T09:40:00+05:30,53098.95,53190.85,53089.3,53190.85,
2024-07-04T09:45:00+05:30,53189.85,53194.55,53158.05,53180.3,
2024-07-04T09:50:00+05:30,53177,53225.85,53143.4,53163.7,
2024-07-04T09:55:00+05:30,53161.45,53206.85,53151.9,53204.6,
2024-07-04T10:00:00+05:30,53204.3,53222.1,53180.3,53182.7,
2024-07-04T10:05:00+05:30,53185.3,53206.65,53173.25,53205.85,
2024-07-04T10:10:00+05:30,53207.95,53213.7,53180.05,53180.05,
2024-07-04T10:15:00+05:30,53180.8,53202.3,53109,53154.35,
2024-07-04T10:20:00+05:30,53154.3,53161.05,53028.2,53054.4,
2024-07-04T10:25:00+05:30,53057.85,53093.9,53006.4,53066.75,
2024-07-04T10:30:00+05:30,53067.8,53078.3,52939.2,52954.3,
2024-07-04T10:35:00+05:30,52944.95,52952.65,52892.35,52898.05,
2024-07-04T10:40:00+05:30,52898.3,52929.25,52864,52911.9,
2024-07-04T10:45:00+05:30,52910.2,52916.3,52815.9,52879.85,
2024-07-04T10:50:00+05:30,52874.35,52896.7,52858.7,52868.95,
2024-07-04T10:55:00+05:30,52869.75,52900.4,52842.25,52860.3,
2024-07-04T11:00:00+05:30,52861.6,52876.3,52823,52871.6,
2024-07-04T11:05:00+05:30,52868.7,52893.55,52831.15,52876.55,
2024-07-04T11:10:00+05:30,52874.95,52903.15,52866.7,52881.2,
2024-07-04T11:15:00+05:30,52881.35,52897.25,52863,52890.2,
2024-07-04T11:20:00+05:30,52887.3,52911.95,52870.95,52905.8,
2024-07-04T11:25:00+05:30,52905.65,52925.2,52881.6,52924.65,
2024-07-04T11:30:00+05:30,52922.55,52947.85,52889.7,52890.95,
2024-07-04T11:35:00+05:30,52892.35,52932.8,52870.1,52908.9,
2024-07-04T11:40:00+05:30,52909.75,52920.55,52898.9,52912.45,
2024-07-04T11:45:00+05:30,52914.05,52936.55,52897.15,52935.85,
2024-07-04T11:50:00+05:30,52935.4,52937.05,52915,52922.25,
2024-07-04T11:55:00+05:30,52922.2,52924.65,52880.85,52895.15,
2024-07-04T12:00:00+05:30,52898.45,52913.4,52888.45,52896.4,
2024-07-04T12:05:00+05:30,52894.8,52944.15,52894.8,52941.25,
2024-07-04T12:10:00+05:30,52942.2,52959.95,52921.75,52942,
2024-07-04T12:15:00+05:30,52941.15,52971.95,52938.35,52939.55,
2024-07-04T12:20:00+05:30,52940.3,52962,52922.15,52950.3,
2024-07-04T12:25:00+05:30,52948.35,52981.7,52948.35,52976.65,
2024-07-04T12:30:00+05:30,52975,52980,52949.25,52966.05,
2024-07-04T12:35:00+05:30,52966.1,52970,52948.4,52969.85,
2024-07-04T12:40:00+05:30,52969.95,52980.55,52949.3,52959.9,
2024-07-04T12:45:00+05:30,52960.35,53000.6,52956.8,52999.55,
2024-07-04T12:50:00+05:30,52997.35,53015.6,52985.25,53006.8,
2024-07-04T12:55:00+05:30,53005.55,53016.85,52986.75,52993.6,
2024-07-04T13:00:00+05:30,52991.15,53009.25,52984.6,53006.8,
2024-07-04T13:05:00+05:30,53004.95,53028.2,52997.9,53024.9,
2024-07-04T13:10:00+05:30,53023.7,53026.7,52983.25,52996.2,
2024-07-04T13:15:00+05:30,52995.25,53019.45,52982,53016.85,
2024-07-04T13:20:00+05:30,53013.35,53016.25,52970.6,52973.65,
2024-07-04T13:25:00+05:30,52970.1,52982.05,52948.65,52967.8,
2024-07-04T13:30:00+05:30,52967.3,52975,52925.75,52947.15,
2024-07-04T13:35:00+05:30,52946.4,52972.55,52942.95,52957.85,
2024-07-04T13:40:00+05:30,52958.45,52967.8,52943.9,52955.2,
2024-07-04T13:45:00+05:30,52954.95,52965.6,52923.95,52945.55,
2024-07-04T13:50:00+05:30,52942.15,52978.45,52934.25,52975,
2024-07-04T13:55:00+05:30,52974.1,52989.75,52971.45,52983.45,
2024-07-04T14:00:00+05:30,52984.3,52986.55,52955.65,52962.3,
2024-07-04T14:05:00+05:30,52962.2,53050.3,52950.05,53050.3,
2024-07-04T14:10:00+05:30,53052.4,53092.85,53031.85,53031.85,
2024-07-04T14:15:00+05:30,53032.85,53054.85,52996.05,53013.65,
2024-07-04T14:20:00+05:30,53011.85,53050.45,52984.8,53033.7,
2024-07-04T14:25:00+05:30,53033.7,53072.1,53033.6,53072,
2024-07-04T14:30:00+05:30,53071.75,53174.4,53071.75,53157.3,
2024-07-04T14:35:00+05:30,53156.8,53186.95,53134.95,53157.8,
2024-07-04T14:40:00+05:30,53153.55,53167.7,53122.45,53163.55,
2024-07-04T14:45:00+05:30,53160.55,53188.05,53142.6,53169.1,
2024-07-04T14:50:00+05:30,53167.75,53174.7,53125.3,53127.8,
2024-07-04T14:55:00+05:30,53127.75,53137.45,53101.95,53104.9,
2024-07-04T15:00:00+05:30,53109.5,53145.05,53109.5,53135.55,
2024-07-04T15:05:00+05:30,53142.1,53142.1,53063.6,53073.05,
2024-07-04T15:10:00+05:30,53078.3,53119.95,53068.5,53108,
2024-07-04T15:15:00+05:30,53107.15,53123,53087.85,53115,
2024-07-04T15:20:00+05:30,53115.6,53117.15,53089.15,53109.05,
2024-07-04T15:25:00+05:30,53108.3,53117.45,53072.85,53083.75,
2024-07-05T09:15:00+05:30,52560.1,52817.85,52506.5,52692.05,
2024-07-05T09:20:00+05:30,52688.3,52693.75,52567.9,52600.65,
2024-07-05T09:25:00+05:30,52596.55,52603.5,52517.2,52517.2,
2024-07-05T09:30:00+05:30,52515.7,52523.9,52290.45,52378.2,
2024-07-05T09:35:00+05:30,52378.7,52426.15,52341.85,52403.3,
2024-07-05T09:40:00+05:30,52406.25,52475.15,52389.35,52396.5,
2024-07-05T09:45:00+05:30,52397.75,52424.25,52368.45,52400.55,
2024-07-05T09:50:00+05:30,52399,52399,52295.05,52317.25,
2024-07-05T09:55:00+05:30,52320.4,52380.6,52290.05,52360.2,
2024-07-05T10:00:00+05:30,52370.1,52412.3,52354.55,52399.2,
2024-07-05T10:05:00+05:30,52400.95,52451.65,52386.45,52406.55,
2024-07-05T10:10:00+05:30,52402.65,52409.15,52358.1,52385.8,
2024-07-05T10:15:00+05:30,52384.4,52391.25,52339.2,52359.2,
2024-07-05T10:20:00+05:30,52360.4,52408.35,52357.15,52378.75,
2024-07-05T10:25:00+05:30,52379.95,52478.25,52368,52457.95,
2024-07-05T10:30:00+05:30,52457.6,52494,52441.05,52472.45,
2024-07-05T10:35:00+05:30,52474,52515.5,52468.35,52502.8,
2024-07-05T10:40:00+05:30,52505.3,52523.5,52479,52511.45,
2024-07-05T10:45:00+05:30,52510.85,52609.95,52507,52606.3,
2024-07-05T10:50:00+05:30,52603.45,52663.55,52601.3,52602.15,
2024-07-05T10:55:00+05:30,52599.25,52606.9,52570.25,52596.4,
2024-07-05T11:00:00+05:30,52595,52611.3,52574.3,52575.5,
2024-07-05T11:05:00+05:30,52576,52589.2,52548.3,52557.35,
2024-07-05T11:10:00+05:30,52555.15,52577.05,52539.8,52552.3,
2024-07-05T11:15:00+05:30,52553.9,52584.75,52549.65,52555.4,
2024-07-05T11:20:00+05:30,52556,52610.05,52552.95,52603.85,
2024-07-05T11:25:00+05:30,52608.6,52642.85,52593.9,52609.55,
2024-07-05T11:30:00+05:30,52605.55,52644.05,52595.2,52627.5,
2024-07-05T11:35:00+05:30,52625.45,52660.6,52614.35,52648.5,
2024-07-05T11:40:00+05:30,52648.15,52653.9,52605.75,52627.35,
2024-07-05T11:45:00+05:30,52626.35,52638.85,52609.9,52620.1,
2024-07-05T11:50:00+05:30,52620.6,52640.75,52591.45,52593.25,
2024-07-05T11:55:00+05:30,52592.25,52620.9,52571.15,52574,
2024-07-05T12:00:00+05:30,52574.6,52587.95,52553.3,52576.3,
2024-07-05T12:05:00+05:30,52574.6,52605.1,52558.7,52558.7,
2024-07-05T12:10:00+05:30,52564.95,52571.85,52547.8,52551.05,
2024-07-05T12:15:00+05:30,52548.3,52567.15,52545.4,52558.55,
2024-07-05T12:20:00+05:30,52557.2,52611.5,52554.55,52611.4,
2024-07-05T12:25:00+05:30,52599.8,52612.65,52575.4,52578.15,
2024-07-05T12:30:00+05:30,52578.35,52624.05,52577.85,52614.95,
2024-07-05T12:35:00+05:30,52614,52618.95,52579.35,52582.6,
2024-07-05T12:40:00+05:30,52585.95,52606.25,52571.1,52601.6,
2024-07-05T12:45:00+05:30,52598.05,52616.4,52584.4,52609.95,
2024-07-05T12:50:00+05:30,52609.15,52614.9,52566.1,52583.65,
2024-07-05T12:55:00+05:30,52586.9,52593.6,52568.7,52582.3,
2024-07-05T13:00:00+05:30,52582.4,52608.95,52580.5,52598.95,
2024-07-05T13:05:00+05:30,52600.8,52601.35,52551.35,52551.35,
2024-07-05T13:10:00+05:30,52551.8,52564.4,52485.45,52500.55,
2024-07-05T13:15:00+05:30,52499.85,52511.95,52484.9,52502.95,
2024-07-05T13:20:00+05:30,52503.05,52528.05,52497.55,52512.45,
2024-07-05T13:25:00+05:30,52509.9,52541.05,52509.1,52521,
2024-07-05T13:30:00+05:30,52521.4,52568.9,52517.9,52564.75,
2024-07-05T13:35:00+05:30,52566.55,52581.2,52552.15,52559.35,
2024-07-05T13:40:00+05:30,52559.15,52567.4,52493.6,52505.65,
2024-07-05T13:45:00+05:30,52506.05,52509.45,52478.9,52483.45,
2024-07-05T13:50:00+05:30,52483.45,52501.2,52465.7,52500.15,
2024-07-05T13:55:00+05:30,52505,52509.2,52489.75,52490.7,
2024-07-05T14:00:00+05:30,52493.9,52520.95,52484.3,52502.2,
2024-07-05T14:05:00+05:30,52500.85,52513.8,52494.5,52503.95,
2024-07-05T14:10:00+05:30,52499.35,52520.75,52482.25,52512.65,
2024-07-05T14:15:00+05:30,52512.5,52533.7,52489.3,52513.45,
2024-07-05T14:20:00+05:30,52512.85,52525.75,52475.75,52475.75,
2024-07-05T14:25:00+05:30,52482,52493.4,52431.45,52471.35,
2024-07-05T14:30:00+05:30,52470.75,52494,52463,52488.6,
2024-07-05T14:35:00+05:30,52487.8,52529.2,52485.6,52517.6,
2024-07-05T14:40:00+05:30,52514,52523.6,52489.65,52498.8,
2024-07-05T14:45:00+05:30,52498,52512.75,52484.65,52489.4,
2024-07-05T14:50:00+05:30,52487.3,52492.65,52464.25,52481.65,
2024-07-05T14:55:00+05:30,52488.6,52510.5,52473.9,52503.9,
2024-07-05T15:00:00+05:30,52504.3,52638.8,52504.3,52620.9,
2024-07-05T15:05:00+05:30,52623.85,52720.45,52617.15,52720.05,
2024-07-05T15:10:00+05:30,52721.9,52732.6,52673.8,52685.8,
2024-07-05T15:15:00+05:30,52687.05,52715.05,52643,52675.9,
2024-07-05T15:20:00+05:30,52676,52684.85,52651.95,52671.95,
2024-07-05T15:25:00+05:30,52668.5,52677.55,52621.6,52633.15,
2024-07-08T09:15:00+05:30,52533.1,52534.1,52321.2,52386.2,
2024-07-08T09:20:00+05:30,52384.35,52642.4,52370.1,52606.5,
2024-07-08T09:25:00+05:30,52606.45,52656.55,52555.65,52599.45,
2024-07-08T09:30:00+05:30,52601.15,52640.95,52573.4,52630.1,
2024-07-08T09:35:00+05:30,52625.1,52710.8,52624.85,52624.85,
2024-07-08T09:40:00+05:30,52625.3,52635.55,52433.4,52461.45,
2024-07-08T09:45:00+05:30,52459.95,52482.1,52394.4,52457.15,
2024-07-08T09:50:00+05:30,52456.15,52477.7,52435.2,52437.85,
2024-07-08T09:55:00+05:30,52437.25,52464.4,52423.95,52446.3,
2024-07-08T10:00:00+05:30,52438.35,52628.8,52424.9,52588.6,
2024-07-08T10:05:00+05:30,52585,52616.85,52563.3,52566.15,
2024-07-08T10:10:00+05:30,52559.1,52589.05,52536.15,52561.35,
2024-07-08T10:15:00+05:30,52561.9,52591.9,52555.95,52584.8,
2024-07-08T10:20:00+05:30,52585.35,52607.9,52557.25,52604.6,
2024-07-08T10:25:00+05:30,52603.15,52688,52587.5,52657.8,
2024-07-08T10:30:00+05:30,52657.5,52676.55,52461.35,52498.35,
2024-07-08T10:35:00+05:30,52496.85,52576.1,52488.55,52557.3,
2024-07-08T10:40:00+05:30,52552.4,52580.9,52520,52563.25,
2024-07-08T10:45:00+05:30,52562.55,52564.9,52527.6,52553.2,
2024-07-08T10:50:00+05:30,52551.05,52558.5,52501.4,52516.3,
2024-07-08T10:55:00+05:30,52516.9,52522,52463.6,52509.25,
2024-07-08T11:00:00+05:30,52509.45,52523.2,52467.15,52473.7,
2024-07-08T11:05:00+05:30,52473.7,52500.4,52418.85,52449.4,
2024-07-08T11:10:00+05:30,52447.3,52452.35,52388.75,52450.7,
2024-07-08T11:15:00+05:30,52447.85,52469.7,52422.65,52445.85,
2024-07-08T11:20:00+05:30,52445.15,52461.25,52412.85,52439.2,
2024-07-08T11:25:00+05:30,52438.7,52447,52418.4,52436.45,
2024-07-08T11:30:00+05:30,52433.15,52444.8,52401.85,52439.3,
2024-07-08T11:35:00+05:30,52440.15,52444.15,52416.05,52422.15,
2024-07-08T11:40:00+05:30,52425.05,52425.05,52300.75,52326.3,
2024-07-08T11:45:00+05:30,52328.3,52363.15,52319.35,52354.5,
2024-07-08T11:50:00+05:30,52354.45,52423.65,52338.05,52409.65,
2024-07-08T11:55:00+05:30,52407.8,52439.7,52381,52391,
2024-07-08T12:00:00+05:30,52391.7,52416.4,52362.55,52395.3,
2024-07-08T12:05:00+05:30,52398.6,52416.2,52360.6,52365,
2024-07-08T12:10:00+05:30,52365.1,52371.6,52252.45,52283.65,
2024-07-08T12:15:00+05:30,52285.1,52363.55,52246.7,52347.6,
2024-07-08T12:20:00+05:30,52347,52357.3,52329.35,52356.5,
2024-07-08T12:25:00+05:30,52352.4,52357.25,52316.25,52334.6,
2024-07-08T12:30:00+05:30,52340.5,52357.05,52319.1,52345.7,
2024-07-08T12:35:00+05:30,52345.9,52382.4,52338.8,52347.1,
2024-07-08T12:40:00+05:30,52347.65,52371.6,52337,52350.9,
2024-07-08T12:45:00+05:30,52350.6,52377.05,52340.95,52354.7,
2024-07-08T12:50:00+05:30,52356.15,52392.45,52351.35,52378.25,
2024-07-08T12:55:00+05:30,52380.3,52416.55,52373.25,52410.3,
2024-07-08T13:00:00+05:30,52410.55,52423.05,52369.85,52391.75,
2024-07-08T13:05:00+05:30,52394.8,52433.65,52381.05,52410.45,
2024-07-08T13:10:00+05:30,52415.2,52437.1,52387.6,52389.8,
2024-07-08T13:15:00+05:30,52395.25,52447.15,52383.95,52414.45,
2024-07-08T13:20:00+05:30,52415.85,52437.25,52406.55,52432.45,
2024-07-08T13:25:00+05:30,52434.45,52435.9,52365.4,52370.15,
2024-07-08T13:30:00+05:30,52371.3,52383.1,52333.8,52365.6,
2024-07-08T13:35:00+05:30,52367.8,52390.55,52348.15,52384.9,
2024-07-08T13:40:00+05:30,52386,52396.4,52365.05,52379.6,
2024-07-08T13:45:00+05:30,52379.45,52408.8,52364.15,52404.5,
2024-07-08T13:50:00+05:30,52405.7,52514.5,52395.2,52511.05,
2024-07-08T13:55:00+05:30,52502.45,52518.25,52443.3,52472.25,
2024-07-08T14:00:00+05:30,52474.9,52502.7,52423.65,52461.95,
2024-07-08T14:05:00+05:30,52470.15,52485.75,52440.05,52449.45,
2024-07-08T14:10:00+05:30,52451,52455.1,52416.5,52430.85,
2024-07-08T14:15:00+05:30,52436.45,52485.25,52423.45,52442.3,
2024-07-08T14:20:00+05:30,52445.85,52466.65,52410.85,52449.4,
2024-07-08T14:25:00+05:30,52447.9,52498.65,52440.9,52498.65,
2024-07-08T14:30:00+05:30,52498.75,52508.95,52464.6,52480.7,
2024-07-08T14:35:00+05:30,52480.25,52481,52432.85,52471.95,
2024-07-08T14:40:00+05:30,52473.75,52473.75,52377.35,52382.3,
2024-07-08T14:45:00+05:30,52384.05,52413.85,52348.75,52367.1,
2024-07-08T14:50:00+05:30,52371.2,52403.45,52352.75,52385.85,
2024-07-08T14:55:00+05:30,52386.65,52447.55,52367.4,52396.85,
2024-07-08T15:00:00+05:30,52393.85,52480.7,52386.35,52404.7,
2024-07-08T15:05:00+05:30,52403.8,52432.65,52392.95,52418.6,
2024-07-08T15:10:00+05:30,52420.8,52424,52383.95,52400.55,
2024-07-08T15:15:00+05:30,52401.1,52421.85,52377.3,52395.25,
2024-07-08T15:20:00+05:30,52396.35,52483.95,52394.2,52480.9,
2024-07-08T15:25:00+05:30,52479.75,52507.8,52456.15,52470.05,
2024-07-09T09:15:00+05:30,52390.5,52586.3,52292.95,52559.6,
2024-07-09T09:20:00+05:30,52558.8,52564.15,52478.25,52555.65,
2024-07-09T09:25:00+05:30,52555.5,52572.6,52494.25,52503.35,
2024-07-09T09:30:00+05:30,52501.5,52553.65,52442.65,52545.3,
2024-07-09T09:35:00+05:30,52541.65,52562.05,52498.4,52562.05,
2024-07-09T09:40:00+05:30,52556.75,52568.15,52527.9,52529.05,
2024-07-09T09:45:00+05:30,52526.7,52545.35,52435.05,52450.4,
2024-07-09T09:50:00+05:30,52453.5,52474.6,52422.5,52454.1,
2024-07-09T09:55:00+05:30,52453.4,52494.35,52447.15,52488.45,
2024-07-09T10:00:00+05:30,52493.45,52520.7,52473.75,52478.7,
2024-07-09T10:05:00+05:30,52479.95,52491.45,52416.35,52446.35,
2024-07-09T10:10:00+05:30,52443.25,52523.3,52442.2,52490.15,
2024-07-09T10:15:00+05:30,52490.85,52534.55,52488.7,52495,
2024-07-09T10:20:00+05:30,52494.45,52515.35,52475,52485,
2024-07-09T10:25:00+05:30,52479.7,52511.8,52477.65,52503.8,
2024-07-09T10:30:00+05:30,52503.2,52525.35,52497.45,52501.85,
2024-07-09T10:35:00+05:30,52501.3,52545.6,52493.9,52534.7,
2024-07-09T10:40:00+05:30,52532.75,52568.25,52529.65,52552.75,
2024-07-09T10:45:00+05:30,52554.3,52571.25,52541.6,52551.15,
2024-07-09T10:50:00+05:30,52547.45,52574.55,52541.8,52566.6,
2024-07-09T10:55:00+05:30,52562,52570.5,52533.7,52539.15,
2024-07-09T11:00:00+05:30,52539.55,52568.5,52526.05,52535.5,
2024-07-09T11:05:00+05:30,52537.1,52557.5,52502.85,52530.45,
2024-07-09T11:10:00+05:30,52531.05,52548.85,52496.9,52527.9,
2024-07-09T11:15:00+05:30,52529.75,52538.3,52512.8,52527.85,
2024-07-09T11:20:00+05:30,52528.15,52562.55,52522.75,52533.65,
2024-07-09T11:25:00+05:30,52526.3,52548.5,52515.4,52517.8,
2024-07-09T11:30:00+05:30,52516.75,52554.7,52512.95,52543.65,
2024-07-09T11:35:00+05:30,52545.75,52557.5,52535.4,52547.65,
2024-07-09T11:40:00+05:30,52544.6,52620,52537.5,52617,
2024-07-09T11:45:00+05:30,52615.85,52626.6,52582.1,52593.35,
2024-07-09T11:50:00+05:30,52588.15,52597.7,52579.15,52587.15,
2024-07-09T11:55:00+05:30,52588.25,52609,52581.45,52593.75,
2024-07-09T12:00:00+05:30,52590.35,52596.6,52566.75,52566.75,
2024-07-09T12:05:00+05:30,52567.8,52594,52558,52565.45,
2024-07-09T12:10:00+05:30,52562.25,52572.05,52544.85,52560.8,
2024-07-09T12:15:00+05:30,52557.9,52566.3,52526.1,52527.4,
2024-07-09T12:20:00+05:30,52528.25,52549,52526.3,52537,
2024-07-09T12:25:00+05:30,52536.95,52558.4,52532.45,52557.1,
2024-07-09T12:30:00+05:30,52552.75,52562.65,52534.45,52551,
2024-07-09T12:35:00+05:30,52550.7,52567.15,52541.05,52544.45,
2024-07-09T12:40:00+05:30,52544.6,52558.6,52483.7,52493.95,
2024-07-09T12:45:00+05:30,52492,52540.4,52491.05,52523.2,
2024-07-09T12:50:00+05:30,52525.6,52549.4,52523.05,52538.95,
2024-07-09T12:55:00+05:30,52538.95,52552.2,52526.9,52537.05,
2024-07-09T13:00:00+05:30,52538.25,52567.1,52525.5,52545.45,
2024-07-09T13:05:00+05:30,52546,52569.65,52543,52565.3,
2024-07-09T13:10:00+05:30,52560.35,52573.15,52553.4,52558.75,
2024-07-09T13:15:00+05:30,52558.05,52576.35,52548.95,52550.65,
2024-07-09T13:20:00+05:30,52552,52563.3,52550.95,52556.5,
2024-07-09T13:25:00+05:30,52556.2,52583.4,52535.95,52566.05,
2024-07-09T13:30:00+05:30,52565.95,52569.2,52542.25,52550.1,
2024-07-09T13:35:00+05:30,52548.2,52556.35,52534.1,52547.35,
2024-07-09T13:40:00+05:30,52547.35,52564,52541.35,52550.5,
2024-07-09T13:45:00+05:30,52549.5,52569.95,52548.3,52561.5,
2024-07-09T13:50:00+05:30,52557.9,52577.75,52555.25,52564.4,
2024-07-09T13:55:00+05:30,52563.9,52594.2,52560.1,52588.6,
2024-07-09T14:00:00+05:30,52586.15,52592.4,52566.15,52576.35,
2024-07-09T14:05:00+05:30,52579.2,52585.55,52563.05,52571.45,
2024-07-09T14:10:00+05:30,52574.15,52595.5,52568.85,52581.15,
2024-07-09T14:15:00+05:30,52578.7,52582.3,52540.05,52542.35,
2024-07-09T14:20:00+05:30,52541.75,52566.15,52529.85,52564.1,
2024-07-09T14:25:00+05:30,52565,52566.5,52525.5,52527.5,
2024-07-09T14:30:00+05:30,52526.6,52548.75,52523.55,52541.95,
2024-07-09T14:35:00+05:30,52546.05,52556,52536.05,52545.8,
2024-07-09T14:40:00+05:30,52546.1,52560.9,52511.9,52548,
2024-07-09T14:45:00+05:30,52543.3,52555.4,52500.95,52509.6,
2024-07-09T14:50:00+05:30,52506.8,52553.65,52506.8,52526,
2024-07-09T14:55:00+05:30,52526.25,52540.9,52505.15,52525.95,
2024-07-09T15:00:00+05:30,52532.45,52603,52524.35,52593.75,
2024-07-09T15:05:00+05:30,52595.1,52602.1,52533.4,52560.15,
2024-07-09T15:10:00+05:30,52559.4,52601.2,52555.2,52567,
2024-07-09T15:15:00+05:30,52567.25,52607.65,52562.55,52603.5,
2024-07-09T15:20:00+05:30,52591.9,52600.55,52537.55,52538.8,
2024-07-09T15:25:00+05:30,52542.55,52564.5,52488.4,52521.4,
2024-07-10T09:15:00+05:30,52528.8,52528.8,52175.2,52255.7,
2024-07-10T09:20:00+05:30,52252.5,52296.65,52185.7,52281,
2024-07-10T09:25:00+05:30,52270.1,52319.25,52249.8,52265.8,
2024-07-10T09:30:00+05:30,52274.4,52320.25,52262.15,52287.7,
2024-07-10T09:35:00+05:30,52283.8,52325.25,52256.3,52315.3,
2024-07-10T09:40:00+05:30,52312.45,52354.6,52292.55,52299.4,
2024-07-10T09:45:00+05:30,52299.05,52299.45,52201.85,52284.2,
2024-07-10T09:50:00+05:30,52284.55,52385.65,52266.95,52359.2,
2024-07-10T09:55:00+05:30,52357.1,52386.4,52343.15,52362.7,
2024-07-10T10:00:00+05:30,52362.75,52369.5,52316.35,52337.4,
2024-07-10T10:05:00+05:30,52336.9,52348.95,52255.65,52272.55,
2024-07-10T10:10:00+05:30,52263.85,52300.25,52234,52284.55,
2024-07-10T10:15:00+05:30,52278.7,52300.95,52254.75,52266.05,
2024-07-10T10:20:00+05:30,52266.55,52266.55,52166.95,52176.15,
2024-07-10T10:25:00+05:30,52175.95,52219.8,52171.85,52196.85,
2024-07-10T10:30:00+05:30,52196.45,52228.9,52179.6,52192.05,
2024-07-10T10:35:00+05:30,52187.6,52187.6,52108.5,52133.35,
2024-07-10T10:40:00+05:30,52128.45,52165.75,52077.9,52151.15,
2024-07-10T10:45:00+05:30,52150.15,52160.65,52118.05,52136.7,
2024-07-10T10:50:00+05:30,52134.7,52156.5,52102.3,52114.65,
2024-07-10T10:55:00+05:30,52113.8,52156.35,52110.9,52136.55,
2024-07-10T11:00:00+05:30,52135.6,52152.5,52105.4,52148.15,
2024-07-10T11:05:00+05:30,52149.55,52160.05,52125.75,52126.2,
2024-07-10T11:10:00+05:30,52127.85,52158.15,52102.35,52124,
2024-07-10T11:15:00+05:30,52123.7,52143,52082.15,52132.6,
2024-07-10T11:20:00+05:30,52134.65,52155.6,52128.95,52140.15,
2024-07-10T11:25:00+05:30,52139.95,52147.7,52117.6,52133.7,
2024-07-10T11:30:00+05:30,52137.25,52152.35,52123.15,52143.45,
2024-07-10T11:35:00+05:30,52145.05,52168.55,52124.95,52138.1,
2024-07-10T11:40:00+05:30,52134.9,52158.7,52125.45,52145.3,
2024-07-10T11:45:00+05:30,52145.9,52152.65,52123.45,52134.45,
2024-07-10T11:50:00+05:30,52141.15,52183.15,52116.45,52161.1,
2024-07-10T11:55:00+05:30,52156,52172.55,52145.25,52148.85,
2024-07-10T12:00:00+05:30,52151.65,52175.3,52146.8,52173.45,
2024-07-10T12:05:00+05:30,52173.05,52187.75,52152.15,52169.3,
2024-07-10T12:10:00+05:30,52160.85,52172.6,52141.55,52153.75,
2024-07-10T12:15:00+05:30,52156.25,52168.55,52137.15,52145.5,
2024-07-10T12:20:00+05:30,52145.85,52165.9,52133.4,52159.45,
2024-07-10T12:25:00+05:30,52159.5,52168.8,52128.35,52146.4,
2024-07-10T12:30:00+05:30,52142.8,52147.9,52125.9,52139.15,
2024-07-10T12:35:00+05:30,52139.15,52152.15,52132.15,52144.95,
2024-07-10T12:40:00+05:30,52146,52154.45,52111.65,52113.1,
2024-07-10T12:45:00+05:30,52116.45,52148.45,52107.75,52142.75,
2024-07-10T12:50:00+05:30,52143.1,52167.3,52135.75,52161.25,
2024-07-10T12:55:00+05:30,52159.25,52162.3,52115.3,52140,
2024-07-10T13:00:00+05:30,52139.85,52159.85,52123.3,52132.6,
2024-07-10T13:05:00+05:30,52132.85,52147.75,52120.05,52132.6,
2024-07-10T13:10:00+05:30,52131,52139.9,52107.9,52129.3,
2024-07-10T13:15:00+05:30,52128.2,52134.2,52107.4,52123,
2024-07-10T13:20:00+05:30,52123.15,52128.8,52097.2,52113,
2024-07-10T13:25:00+05:30,52116.1,52128.5,52103.4,52108.4,
2024-07-10T13:30:00+05:30,52109.8,52147.85,52105.85,52134.05,
2024-07-10T13:35:00+05:30,52133.6,52141.7,52116.05,52118.6,
2024-07-10T13:40:00+05:30,52115.15,52126.8,52107.25,52114.3,
2024-07-10T13:45:00+05:30,52117.7,52123.35,52100.3,52105.55,
2024-07-10T13:50:00+05:30,52105.4,52118,52092.9,52114.3,
2024-07-10T13:55:00+05:30,52114.25,52127.85,52107.85,52109.45,
2024-07-10T14:00:00+05:30,52110.6,52121.7,52085.4,52104.65,
2024-07-10T14:05:00+05:30,52105.1,52114.65,52075.4,52102.8,
2024-07-10T14:10:00+05:30,52100.95,52133.05,52088.95,52120.35,
2024-07-10T14:15:00+05:30,52121.7,52151.1,52108.3,52141.25,
2024-07-10T14:20:00+05:30,52142.05,52164.4,52123.4,52133.9,
2024-07-10T14:25:00+05:30,52134.5,52150.9,52124.55,52140.1,
2024-07-10T14:30:00+05:30,52142.75,52213,52139.2,52164.45,
2024-07-10T14:35:00+05:30,52165.75,52234.7,52163.8,52211.9,
2024-07-10T14:40:00+05:30,52222.55,52235.95,52183.4,52199.85,
2024-07-10T14:45:00+05:30,52197.65,52220.05,52150.6,52167.05,
2024-07-10T14:50:00+05:30,52164,52172.3,52116.1,52125.25,
2024-07-10T14:55:00+05:30,52123.55,52144.6,52100.1,52140.15,
2024-07-10T15:00:00+05:30,52139.2,52203.75,52139.2,52183.6,
2024-07-10T15:05:00+05:30,52181.25,52238.55,52171.05,52233.7,
2024-07-10T15:10:00+05:30,52231.8,52234.75,52168.85,52174.4,
2024-07-10T15:15:00+05:30,52172.7,52228.35,52162.1,52182.25,
2024-07-10T15:20:00+05:30,52184.4,52193.4,52160.15,52188.6,
2024-07-10T15:25:00+05:30,52187.55,52234.5,52183.2,52217.3,
2024-07-11T09:15:00+05:30,52316.9,52400.3,52250.35,52250.35,
2024-07-11T09:20:00+05:30,52244.9,52273.65,52169.7,52180.4,
2024-07-11T09:25:00+05:30,52183.65,52230.25,52172.6,52203.05,
2024-07-11T09:30:00+05:30,52200.55,52233.55,52115.55,52138.45,
2024-07-11T09:35:00+05:30,52138.35,52159.1,52110,52143.5,
2024-07-11T09:40:00+05:30,52138.75,52195.1,52133.05,52142.5,
2024-07-11T09:45:00+05:30,52143.5,52216.4,52119.4,52210.7,
2024-07-11T09:50:00+05:30,52213.95,52264.7,52212.55,52257.7,
2024-07-11T09:55:00+05:30,52256,52263.05,52186.35,52207.35,
2024-07-11T10:00:00+05:30,52212.05,52264.6,52206.3,52257.8,
2024-07-11T10:05:00+05:30,52256.65,52305.7,52248.25,52283.45,
2024-07-11T10:10:00+05:30,52290,52298.1,52138,52140.65,
2024-07-11T10:15:00+05:30,52141.55,52142.85,51922.95,51950.65,
2024-07-11T10:20:00+05:30,51953.25,51990.45,51889.95,51902.55,
2024-07-11T10:25:00+05:30,51893.65,51944.15,51857.95,51857.95,
2024-07-11T10:30:00+05:30,51857.9,51919.25,51824.2,51912.5,
2024-07-11T10:35:00+05:30,51909.55,51947.85,51892.1,51920.3,
2024-07-11T10:40:00+05:30,51922,51927.95,51844.7,51848,
2024-07-11T10:45:00+05:30,51850.65,51870.6,51811.8,51839.25,
2024-07-11T10:50:00+05:30,51837.2,51850.2,51816.65,51820.1,
2024-07-11T10:55:00+05:30,51816.95,51849,51811,51811,
2024-07-11T11:00:00+05:30,51805.4,51837.45,51766.2,51785.7,
2024-07-11T11:05:00+05:30,51781.9,51812.7,51763.55,51772.5,
2024-07-11T11:10:00+05:30,51769.7,51801.5,51749.45,51801.5,
2024-07-11T11:15:00+05:30,51796.6,51840,51779.1,51824.35,
2024-07-11T11:20:00+05:30,51821.9,51855.35,51801.5,51852.1,
2024-07-11T11:25:00+05:30,51852.15,51877.6,51832.15,51837.1,
2024-07-11T11:30:00+05:30,51836.3,51854.65,51822.5,51846.95,
2024-07-11T11:35:00+05:30,51849.35,51894.2,51846.35,51888.3,
2024-07-11T11:40:00+05:30,51884.45,51928.35,51870.9,51891.6,
2024-07-11T11:45:00+05:30,51890.9,51896.05,51863.3,51868.15,
2024-07-11T11:50:00+05:30,51870.15,51894.35,51861.9,51869.45,
2024-07-11T11:55:00+05:30,51869.85,51920.95,51859.85,51903.35,
2024-07-11T12:00:00+05:30,51900.6,51918.55,51768.35,51794.75,
2024-07-11T12:05:00+05:30,51795.15,51832,51781.65,51825.2,
2024-07-11T12:10:00+05:30,51826.75,51906.35,51820.3,51882.85,
2024-07-11T12:15:00+05:30,51883.5,51894.65,51863.5,51886.9,
2024-07-11T12:20:00+05:30,51886.2,51947.7,51881.7,51911.95,
2024-07-11T12:25:00+05:30,51922.35,51944.95,51907.45,51930.6,
2024-07-11T12:30:00+05:30,51927.9,51960.8,51918.9,51954,
2024-07-11T12:35:00+05:30,51956.45,51960,51893.25,51929.15,
2024-07-11T12:40:00+05:30,51928.2,51939.85,51910.15,51929.2,
2024-07-11T12:45:00+05:30,51930.65,51965.7,51923.8,51956.85,
2024-07-11T12:50:00+05:30,51956.1,51958.25,51924.5,51926.3,
2024-07-11T12:55:00+05:30,51928.45,51928.8,51886.15,51912.4,
2024-07-11T13:00:00+05:30,51912,51950.55,51908.2,51934.9,
2024-07-11T13:05:00+05:30,51934.6,51958.8,51930.8,51950,
2024-07-11T13:10:00+05:30,51950.25,51961.75,51930.1,51933.1,
2024-07-11T13:15:00+05:30,51933.85,51950,51923.6,51932.7,
2024-07-11T13:20:00+05:30,51932.4,51955.95,51898.1,51921.25,
2024-07-11T13:25:00+05:30,51924.35,51935.9,51908.55,51911.8,
2024-07-11T13:30:00+05:30,51912.45,51913.7,51885.4,51894.7,
2024-07-11T13:35:00+05:30,51888.7,51902.75,51877.95,51892.25,
2024-07-11T13:40:00+05:30,51894.6,51930.7,51889.95,51920.25,
2024-07-11T13:45:00+05:30,51919.05,51976.9,51915.85,51967.8,
2024-07-11T13:50:00+05:30,51968.4,52083.9,51962.3,52072.3,
2024-07-11T13:55:00+05:30,52070.75,52099.5,52044.75,52069.3,
2024-07-11T14:00:00+05:30,52074.8,52244.7,52074.8,52229.9,
2024-07-11T14:05:00+05:30,52231.95,52231.95,52154.45,52169.1,
2024-07-11T14:10:00+05:30,52168.9,52179.4,52121.8,52168.7,
2024-07-11T14:15:00+05:30,52170.5,52215.6,52162.25,52192.2,
2024-07-11T14:20:00+05:30,52193.55,52196.25,52134.55,52174.75,
2024-07-11T14:25:00+05:30,52174.45,52175.15,52142.2,52157,
2024-07-11T14:30:00+05:30,52154.3,52171.05,52131.25,52160.2,
2024-07-11T14:35:00+05:30,52160.35,52186.55,52145.45,52171.6,
2024-07-11T14:40:00+05:30,52170.85,52185.05,52143.6,52148.6,
2024-07-11T14:45:00+05:30,52146.8,52173.55,52132,52161.4,
2024-07-11T14:50:00+05:30,52162.05,52295.7,52157.15,52277.8,
2024-07-11T14:55:00+05:30,52283.6,52343.3,52269.2,52311.25,
2024-07-11T15:00:00+05:30,52309.45,52324.2,52221.7,52236.9,
2024-07-11T15:05:00+05:30,52234.65,52268.75,52224.7,52260.8,
2024-07-11T15:10:00+05:30,52260.3,52297.55,52257.4,52287.6,
2024-07-11T15:15:00+05:30,52288.85,52294.4,52254.85,52272.9,
2024-07-11T15:20:00+05:30,52269.7,52324.7,52257.6,52317.7,
2024-07-11T15:25:00+05:30,52317.9,52335.2,52284.9,52305.65,
2024-07-12T09:15:00+05:30,52272.65,52361.95,52216.2,52225.2,
2024-07-12T09:20:00+05:30,52228.5,52251.5,52193.8,52251.05,
2024-07-12T09:25:00+05:30,52238.9,52482.25,52229.8,52465.15,
2024-07-12T09:30:00+05:30,52464.85,52489.55,52438.85,52469.1,
2024-07-12T09:35:00+05:30,52469.25,52473.2,52399.25,52435.95,
2024-07-12T09:40:00+05:30,52436.75,52510.75,52408.6,52490.25,
2024-07-12T09:45:00+05:30,52487.85,52491.1,52437.85,52442.45,
2024-07-12T09:50:00+05:30,52445.8,52445.8,52303.35,52316.6,
2024-07-12T09:55:00+05:30,52315.25,52315.25,52171.15,52269.05,
2024-07-12T10:00:00+05:30,52268.7,52321.3,52238.5,52276.8,
2024-07-12T10:05:00+05:30,52276.75,52358,52260.35,52268.45,
2024-07-12T10:10:00+05:30,52267.45,52274.25,52234.25,52237,
2024-07-12T10:15:00+05:30,52232.15,52330.1,52224.9,52301.65,
2024-07-12T10:20:00+05:30,52304,52352.65,52263.7,52274.2,
2024-07-12T10:25:00+05:30,52274.3,52335.6,52268.4,52332.35,
2024-07-12T10:30:00+05:30,52331.8,52332.05,52276.5,52312.1,
2024-07-12T10:35:00+05:30,52314.2,52320.1,52288.95,52293.15,
2024-07-12T10:40:00+05:30,52291.45,52296.35,52242.5,52292.15,
2024-07-12T10:45:00+05:30,52292.3,52312.4,52265.05,52267.9,
2024-07-12T10:50:00+05:30,52267.2,52503.55,52253.8,52493.55,
2024-07-12T10:55:00+05:30,52495.4,52605.8,52472.95,52594,
2024-07-12T11:00:00+05:30,52601.3,52757.3,52591.4,52757.3,
2024-07-12T11:05:00+05:30,52756.25,52794.55,52667.5,52679.3,
2024-07-12T11:10:00+05:30,52675.6,52696.8,52626.8,52649.8,
2024-07-12T11:15:00+05:30,52647.4,52659.45,52579.3,52612.65,
2024-07-12T11:20:00+05:30,52609.2,52630.9,52540.8,52560.5,
2024-07-12T11:25:00+05:30,52559.8,52578.95,52505.5,52544.2,
2024-07-12T11:30:00+05:30,52543.65,52574.8,52509.35,52532.45,
2024-07-12T11:35:00+05:30,52535.9,52535.95,52448.4,52505.5,
2024-07-12T11:40:00+05:30,52505.85,52555.7,52496.7,52524.8,
2024-07-12T11:45:00+05:30,52525.45,52577.4,52512.95,52570,
2024-07-12T11:50:00+05:30,52569.55,52571.7,52506.85,52539.95,
2024-07-12T11:55:00+05:30,52540.55,52540.8,52495.1,52504.5,
2024-07-12T12:00:00+05:30,52507.2,52511.45,52468.5,52496.9,
2024-07-12T12:05:00+05:30,52496.35,52533.3,52491.1,52528.05,
2024-07-12T12:10:00+05:30,52527.15,52576.6,52526.65,52551.5,
2024-07-12T12:15:00+05:30,52554.85,52562.4,52502.1,52513.95,
2024-07-12T12:20:00+05:30,52517.2,52524,52490.6,52496.35,
2024-07-12T12:25:00+05:30,52496.35,52515,52479.2,52509.7,
2024-07-12T12:30:00+05:30,52508.6,52514.8,52469.3,52483.7,
2024-07-12T12:35:00+05:30,52482.2,52507.35,52470.85,52501.3,
2024-07-12T12:40:00+05:30,52501.7,52522.5,52476.6,52479.45,
2024-07-12T12:45:00+05:30,52478.05,52489.8,52444.65,52486.35,
2024-07-12T12:50:00+05:30,52478.9,52515.65,52466.05,52507.45,
2024-07-12T12:55:00+05:30,52508.9,52560.6,52506.2,52538.8,
2024-07-12T13:00:00+05:30,52541.25,52556,52509.1,52553.4,
2024-07-12T13:05:00+05:30,52553.1,52573.35,52539.15,52571.3,
2024-07-12T13:10:00+05:30,52572.25,52586.5,52543.25,52554.65,
2024-07-12T13:15:00+05:30,52555.55,52632.1,52548.75,52626.85,
2024-07-12T13:20:00+05:30,52624.8,52637.35,52589.65,52594.2,
2024-07-12T13:25:00+05:30,52594.25,52601.35,52546.1,52554.2,
2024-07-12T13:30:00+05:30,52551.9,52616.7,52543.35,52585.7,
2024-07-12T13:35:00+05:30,52581.25,52592.65,52537,52541.1,
2024-07-12T13:40:00+05:30,52540.85,52564.15,52538.3,52546.3,
2024-07-12T13:45:00+05:30,52547.15,52586.25,52537.25,52581.25,
2024-07-12T13:50:00+05:30,52578,52586.15,52532,52544.6,
2024-07-12T13:55:00+05:30,52543.65,52576.1,52540.25,52558.35,
2024-07-12T14:00:00+05:30,52558.95,52576.65,52549.25,52563.1,
2024-07-12T14:05:00+05:30,52557.6,52580.65,52544.85,52558.8,
2024-07-12T14:10:00+05:30,52557.85,52573.65,52542.35,52562.15,
2024-07-12T14:15:00+05:30,52562.3,52582.3,52526.3,52548.85,
2024-07-12T14:20:00+05:30,52547.05,52552.85,52497.85,52510.1,
2024-07-12T14:25:00+05:30,52515.75,52538.55,52493.15,52529.5,
2024-07-12T14:30:00+05:30,52525.1,52542.6,52481.35,52497.2,
2024-07-12T14:35:00+05:30,52499.8,52515.85,52444.85,52452.55,
2024-07-12T14:40:00+05:30,52450.55,52456.8,52404.55,52437,
2024-07-12T14:45:00+05:30,52437.65,52439.8,52382.75,52408.9,
2024-07-12T14:50:00+05:30,52406,52420.85,52383.4,52400.55,
2024-07-12T14:55:00+05:30,52397.6,52420.1,52369.6,52381.85,
2024-07-12T15:00:00+05:30,52385.95,52387.3,52265.75,52336.65,
2024-07-12T15:05:00+05:30,52334.5,52343.55,52283.85,52286.6,
2024-07-12T15:10:00+05:30,52287.75,52304.15,52226.05,52228.45,
2024-07-12T15:15:00+05:30,52224.75,52282.75,52193.3,52272.55,
2024-07-12T15:20:00+05:30,52273.35,52330.85,52265.95,52320.95,
2024-07-12T15:25:00+05:30,52321.9,52350.65,52257.2,52348.7,
2024-07-15T09:15:00+05:30,52330.05,52395.85,52275.2,52355.75,
2024-07-15T09:20:00+05:30,52348.5,52361.95,52259.3,52269.4,
2024-07-15T09:25:00+05:30,52272.7,52444.9,52271.8,52415,
2024-07-15T09:30:00+05:30,52416,52439.6,52344.2,52359.95,
2024-07-15T09:35:00+05:30,52357.95,52375.2,52278.3,52283.65,
2024-07-15T09:40:00+05:30,52285.25,52329.05,52219.95,52272.15,
2024-07-15T09:45:00+05:30,52273.45,52291.25,52233.35,52269.7,
2024-07-15T09:50:00+05:30,52267.85,52307.75,52240.5,52265.8,
2024-07-15T09:55:00+05:30,52264.65,52275.05,52230.45,52232.1,
2024-07-15T10:00:00+05:30,52231.25,52251.4,52167.25,52213.2,
2024-07-15T10:05:00+05:30,52212.8,52247.8,52184.75,52247.8,
2024-07-15T10:10:00+05:30,52249.95,52358.15,52249.2,52313,
2024-07-15T10:15:00+05:30,52313.5,52338.25,52294.25,52336.8,
2024-07-15T10:20:00+05:30,52337.75,52337.75,52228.8,52264.15,
2024-07-15T10:25:00+05:30,52262.6,52266.95,52237.6,52260.9,
2024-07-15T10:30:00+05:30,52264.8,52300.5,52260.05,52296.15,
2024-07-15T10:35:00+05:30,52291.2,52307.95,52265.95,52306.1,
2024-07-15T10:40:00+05:30,52307.95,52516.4,52301.35,52446.45,
2024-07-15T10:45:00+05:30,52447.75,52462.95,52418.3,52446.3,
2024-07-15T10:50:00+05:30,52445.9,52473.1,52385.5,52423.4,
2024-07-15T10:55:00+05:30,52423.25,52436.3,52406,52422.25,
2024-07-15T11:00:00+05:30,52421.55,52464.4,52405.25,52434.9,
2024-07-15T11:05:00+05:30,52432.2,52451.95,52411.55,52435.6,
2024-07-15T11:10:00+05:30,52434.05,52465.4,52419.5,52426.7,
2024-07-15T11:15:00+05:30,52426.6,52431.5,52403.35,52408.45,
2024-07-15T11:20:00+05:30,52406.95,52413.05,52372.5,52403.15,
2024-07-15T11:25:00+05:30,52403.15,52417.05,52394.35,52406.75,
2024-07-15T11:30:00+05:30,52407.15,52412.3,52367.5,52382.55,
2024-07-15T11:35:00+05:30,52382.65,52435,52381.15,52408.2,
2024-07-15T11:40:00+05:30,52407.9,52423.15,52391.05,52406.3,
2024-07-15T11:45:00+05:30,52403.85,52437.9,52391,52408.9,
2024-07-15T11:50:00+05:30,52408.4,52445.9,52396.05,52414,
2024-07-15T11:55:00+05:30,52413.25,52436.65,52154,52400.5,
2024-07-15T12:00:00+05:30,52406.1,52428.45,52366.9,52376.75,
2024-07-15T12:05:00+05:30,52377.65,52377.65,52302.55,52313.3,
2024-07-15T12:10:00+05:30,52312.7,52362.45,52304.6,52358.3,
2024-07-15T12:15:00+05:30,52357.85,52363.5,52315.6,52322.8,
2024-07-15T12:20:00+05:30,52318.25,52336.35,52265.7,52275.45,
2024-07-15T12:25:00+05:30,52275.75,52307.75,52256.3,52270.95,
2024-07-15T12:30:00+05:30,52267.65,52294.9,52259.85,52283.05,
2024-07-15T12:35:00+05:30,52283.25,52310.65,52274.05,52279.25,
2024-07-15T12:40:00+05:30,52278.45,52296.5,52263.7,52289.2,
2024-07-15T12:45:00+05:30,52286.55,52343.8,52275.25,52316.85,
2024-07-15T12:50:00+05:30,52313.4,52337.4,52298.85,52308.65,
2024-07-15T12:55:00+05:30,52306.75,52361.7,52303.85,52317.7,
2024-07-15T13:00:00+05:30,52317.15,52344.95,52309.75,52331.55,
2024-07-15T13:05:00+05:30,52332,52367.55,52320.3,52361.3,
2024-07-15T13:10:00+05:30,52361.5,52441.9,52353.5,52434.6,
2024-07-15T13:15:00+05:30,52438.5,52569.75,52426.8,52541.3,
2024-07-15T13:20:00+05:30,52543.05,52602.15,52536.75,52548.9,
2024-07-15T13:25:00+05:30,52548.65,52582.5,52534.5,52579.9,
2024-07-15T13:30:00+05:30,52578.35,52622.85,52565.7,52588.65,
2024-07-15T13:35:00+05:30,52592.3,52613.25,52572,52599.8,
2024-07-15T13:40:00+05:30,52600.45,52611.2,52552,52552.5,
2024-07-15T13:45:00+05:30,52555.85,52662.25,52543.3,52625.25,
2024-07-15T13:50:00+05:30,52627.05,52637,52575.25,52582.6,
2024-07-15T13:55:00+05:30,52583.3,52599.15,52563.45,52583.85,
2024-07-15T14:00:00+05:30,52584.05,52609.9,52571.2,52599,
2024-07-15T14:05:00+05:30,52598.05,52614.05,52571.45,52592.45,
2024-07-15T14:10:00+05:30,52592.3,52602.2,52515.95,52545.2,
2024-07-15T14:15:00+05:30,52542.05,52562,52510.8,52545.85,
2024-07-15T14:20:00+05:30,52544,52567.5,52536.15,52554.15,
2024-07-15T14:25:00+05:30,52556.2,52614.15,52552.4,52594.55,
2024-07-15T14:30:00+05:30,52595.05,52606.95,52523.85,52547.65,
2024-07-15T14:35:00+05:30,52544.55,52558.95,52524.5,52531.5,
2024-07-15T14:40:00+05:30,52529.65,52564,52522.35,52523.9,
2024-07-15T14:45:00+05:30,52522.55,52586.2,52519.7,52571.3,
2024-07-15T14:50:00+05:30,52571.05,52585.9,52518.35,52536.65,
2024-07-15T14:55:00+05:30,52535.4,52545.5,52447.75,52506.75,
2024-07-15T15:00:00+05:30,52512.45,52520.3,52427.7,52435.1,
2024-07-15T15:05:00+05:30,52435.85,52504.7,52424.65,52463.95,
2024-07-15T15:10:00+05:30,52465.8,52481.05,52436,52448.95,
2024-07-15T15:15:00+05:30,52442.9,52470.9,52442.65,52460.65,
2024-07-15T15:20:00+05:30,52461.05,52469.7,52432.9,52447.05,
2024-07-15T15:25:00+05:30,52441.75,52486.65,52422.65,52484.4,
2024-07-16T09:15:00+05:30,52466.7,52619.05,52466.25,52583.6,
2024-07-16T09:20:00+05:30,52572.4,52610.6,52556.15,52592.8,
2024-07-16T09:25:00+05:30,52592.9,52592.9,52499.1,52512.7,
2024-07-16T09:30:00+05:30,52514.1,52564.85,52465.1,52564.85,
2024-07-16T09:35:00+05:30,52563.55,52581.65,52482.4,52491.2,
2024-07-16T09:40:00+05:30,52487,52548.15,52459.05,52510.3,
2024-07-16T09:45:00+05:30,52508.1,52517,52441.05,52462.65,
2024-07-16T09:50:00+05:30,52466.05,52487.2,52359.75,52369.4,
2024-07-16T09:55:00+05:30,52367,52477.75,52357.5,52477.75,
2024-07-16T10:00:00+05:30,52470.5,52495.75,52399.35,52425.7,
2024-07-16T10:05:00+05:30,52428.75,52476.25,52417.05,52443.1,
2024-07-16T10:10:00+05:30,52446.5,52466.85,52406.1,52448.1,
2024-07-16T10:15:00+05:30,52450.05,52502.45,52440.55,52499.35,
2024-07-16T10:20:00+05:30,52497.15,52509.15,52449.3,52449.3,
2024-07-16T10:25:00+05:30,52448.25,52485.4,52448.25,52480.25,
2024-07-16T10:30:00+05:30,52476.7,52516.95,52443.75,52509.15,
2024-07-16T10:35:00+05:30,52516.35,52522.1,52477.65,52495.6,
2024-07-16T10:40:00+05:30,52498,52526.4,52482.35,52502.3,
2024-07-16T10:45:00+05:30,52501.25,52507.9,52480.5,52504.3,
2024-07-16T10:50:00+05:30,52503.9,52510.25,52474.05,52482.15,
2024-07-16T10:55:00+05:30,52481.6,52514.65,52478.85,52507.3,
2024-07-16T11:00:00+05:30,52506.9,52512.3,52482.25,52507.6,
2024-07-16T11:05:00+05:30,52506.55,52515.8,52481.6,52485.95,
2024-07-16T11:10:00+05:30,52487.7,52501.1,52435.75,52499,
2024-07-16T11:15:00+05:30,52497.45,52510,52486.5,52493.25,
2024-07-16T11:20:00+05:30,52489,52496.15,52473.7,52492.55,
2024-07-16T11:25:00+05:30,52492.25,52507.55,52487.25,52499.6,
2024-07-16T11:30:00+05:30,52494.4,52512.7,52477.25,52484.85,
2024-07-16T11:35:00+05:30,52481.2,52499.1,52481.2,52492.65,
2024-07-16T11:40:00+05:30,52493.2,52494.6,52457.7,52475.85,
2024-07-16T11:45:00+05:30,52475.55,52480.95,52457.95,52470.75,
2024-07-16T11:50:00+05:30,52471.05,52471.55,52435.35,52440,
2024-07-16T11:55:00+05:30,52439.5,52465.9,52427.4,52462.75,
2024-07-16T12:00:00+05:30,52460.65,52478.85,52426.2,52442,
2024-07-16T12:05:00+05:30,52442.85,52457.4,52431.5,52448.2,
2024-07-16T12:10:00+05:30,52448.6,52458.1,52435.6,52436,
2024-07-16T12:15:00+05:30,52436.9,52453.5,52423.7,52437.95,
2024-07-16T12:20:00+05:30,52438.7,52465.95,52434.45,52463.5,
2024-07-16T12:25:00+05:30,52463.65,52470.7,52450.95,52457.25,
2024-07-16T12:30:00+05:30,52455.45,52471.35,52443.95,52451.15,
2024-07-16T12:35:00+05:30,52450.55,52492.85,52450.1,52482,
2024-07-16T12:40:00+05:30,52476.5,52487.5,52468.4,52468.75,
2024-07-16T12:45:00+05:30,52469.9,52507.45,52469.2,52497.7,
2024-07-16T12:50:00+05:30,52495.75,52507.25,52458.75,52498.55,
2024-07-16T12:55:00+05:30,52496.6,52500.15,52468.15,52498.4,
2024-07-16T13:00:00+05:30,52497.2,52513.85,52457.2,52460.75,
2024-07-16T13:05:00+05:30,52461.15,52487.35,52451.8,52458.6,
2024-07-16T13:10:00+05:30,52459.7,52468.2,52428.25,52461.55,
2024-07-16T13:15:00+05:30,52461.5,52476.85,52439.35,52445.8,
2024-07-16T13:20:00+05:30,52442.45,52449.15,52407.5,52408.9,
2024-07-16T13:25:00+05:30,52409.75,52424.7,52379.15,52414.25,
2024-07-16T13:30:00+05:30,52415.35,52423.25,52387.6,52392.2,
2024-07-16T13:35:00+05:30,52394.25,52434.1,52375.5,52393.95,
2024-07-16T13:40:00+05:30,52395.75,52412.75,52382.6,52396.4,
2024-07-16T13:45:00+05:30,52395.1,52422.85,52389.4,52408.55,
2024-07-16T13:50:00+05:30,52408.1,52427.6,52399.6,52424.1,
2024-07-16T13:55:00+05:30,52423.4,52425.8,52403.3,52412.3,
2024-07-16T14:00:00+05:30,52413.7,52434.05,52400.9,52424.75,
2024-07-16T14:05:00+05:30,52424.45,52436.7,52396.5,52399.9,
2024-07-16T14:10:00+05:30,52400.5,52417.8,52389.1,52416.1,
2024-07-16T14:15:00+05:30,52419.05,52419.05,52397.55,52409.5,
2024-07-16T14:20:00+05:30,52409.55,52418.05,52398.35,52407.5,
2024-07-16T14:25:00+05:30,52407.95,52414.7,52381.65,52387.55,
2024-07-16T14:30:00+05:30,52387.5,52394.3,52335.35,52341.55,
2024-07-16T14:35:00+05:30,52336.8,52409.15,52331.6,52401.55,
2024-07-16T14:40:00+05:30,52399.7,52412.15,52379.85,52394.65,
2024-07-16T14:45:00+05:30,52392.7,52419.3,52374.3,52382.3,
2024-07-16T14:50:00+05:30,52380.1,52400.6,52378.15,52396.5,
2024-07-16T14:55:00+05:30,52400.85,52409.45,52381.95,52389.2,
2024-07-16T15:00:00+05:30,52391.35,52442.7,52387.6,52416.55,
2024-07-16T15:05:00+05:30,52415.45,52456.7,52381.9,52435.45,
2024-07-16T15:10:00+05:30,52433.9,52434.05,52378.65,52407.5,
2024-07-16T15:15:00+05:30,52407.25,52410.05,52365.85,52386.75,
2024-07-16T15:20:00+05:30,52387.1,52431.1,52370.9,52427.4,
2024-07-16T15:25:00+05:30,52432.65,52454.35,52397.2,52399.95,
2024-07-18T09:15:00+05:30,52215.05,52344.6,52168.65,52314.2,
2024-07-18T09:20:00+05:30,52310.95,52384.45,52289.35,52292.3,
2024-07-18T09:25:00+05:30,52294.7,52312.65,52254.6,52275.7,
2024-07-18T09:30:00+05:30,52274.85,52331.9,52258,52327.45,
2024-07-18T09:35:00+05:30,52325.45,52376.4,52307.25,52348.85,
2024-07-18T09:40:00+05:30,52349.5,52426.4,52314.65,52402.7,
2024-07-18T09:45:00+05:30,52408.7,52589.65,52403.95,52587.25,
2024-07-18T09:50:00+05:30,52588.5,52609.3,52544,52587.5,
2024-07-18T09:55:00+05:30,52588.95,52604.45,52530.7,52530.7,
2024-07-18T10:00:00+05:30,52529.15,52597.55,52528.75,52589.05,
2024-07-18T10:05:00+05:30,52587.05,52621.1,52552.6,52580.75,
2024-07-18T10:10:00+05:30,52581.6,52668.8,52579.7,52608,
2024-07-18T10:15:00+05:30,52602.4,52631.05,52583.9,52587.75,
2024-07-18T10:20:00+05:30,52582.6,52598.9,52544.3,52580.1,
2024-07-18T10:25:00+05:30,52576.5,52591.2,52543.45,52560.15,
2024-07-18T10:30:00+05:30,52557,52580.8,52526.3,52540.65,
2024-07-18T10:35:00+05:30,52541.1,52555.15,52479.35,52502.1,
2024-07-18T10:40:00+05:30,52501,52534.5,52467,52513.85,
2024-07-18T10:45:00+05:30,52519.6,52539.6,52445.55,52449.4,
2024-07-18T10:50:00+05:30,52444.65,52468.95,52407.3,52417.05,
2024-07-18T10:55:00+05:30,52417.15,52447.45,52361.3,52361.3,
2024-07-18T11:00:00+05:30,52359.8,52403.35,52336.25,52384.95,
2024-07-18T11:05:00+05:30,52382.8,52437.15,52381.35,52399.75,
2024-07-18T11:10:00+05:30,52400,52409.25,52267.65,52272.95,
2024-07-18T11:15:00+05:30,52273.6,52301.25,52226.6,52267.65,
2024-07-18T11:20:00+05:30,52270.1,52298.75,52250.55,52282.55,
2024-07-18T11:25:00+05:30,52283.45,52316.05,52261.15,52291.7,
2024-07-18T11:30:00+05:30,52289.3,52314.8,52185.7,52240.6,
2024-07-18T11:35:00+05:30,52239.6,52257.4,52193.55,52234.1,
2024-07-18T11:40:00+05:30,52232.95,52245.55,52208.65,52239.75,
2024-07-18T11:45:00+05:30,52238.05,52260.65,52204.35,52219.85,
2024-07-18T11:50:00+05:30,52218.8,52267.5,52218.8,52255.85,
2024-07-18T11:55:00+05:30,52256.55,52281.35,52240.95,52281.35,
2024-07-18T12:00:00+05:30,52279.9,52316.2,52263.3,52280.45,
2024-07-18T12:05:00+05:30,52282.1,52334.35,52278.85,52329.7,
2024-07-18T12:10:00+05:30,52330.25,52436.35,52306.25,52427.85,
2024-07-18T12:15:00+05:30,52424.05,52489.15,52397.45,52398.8,
2024-07-18T12:20:00+05:30,52395.35,52425.85,52374.25,52403,
2024-07-18T12:25:00+05:30,52398.1,52436.55,52362.15,52362.25,
2024-07-18T12:30:00+05:30,52364.3,52426.95,52359.9,52424.3,
2024-07-18T12:35:00+05:30,52427.05,52430.6,52365.35,52381.5,
2024-07-18T12:40:00+05:30,52380.45,52442.5,52372.95,52433.1,
2024-07-18T12:45:00+05:30,52436.05,52440.45,52402.55,52435.9,
2024-07-18T12:50:00+05:30,52436.8,52436.8,52403.8,52413.1,
2024-07-18T12:55:00+05:30,52411.8,52421.8,52381.7,52387.1,
2024-07-18T13:00:00+05:30,52386.25,52401.3,52375.7,52390.45,
2024-07-18T13:05:00+05:30,52388.55,52438.05,52352.7,52428.9,
2024-07-18T13:10:00+05:30,52428.05,52583.4,52414.85,52557.8,
2024-07-18T13:15:00+05:30,52562.25,52590.1,52505.95,52514.95,
2024-07-18T13:20:00+05:30,52514.75,52587.75,52514.75,52549.7,
2024-07-18T13:25:00+05:30,52550.5,52599.1,52548.8,52590.9,
2024-07-18T13:30:00+05:30,52591.25,52623.3,52551.2,52559.6,
2024-07-18T13:35:00+05:30,52563.8,52594.15,52525.8,52525.8,
2024-07-18T13:40:00+05:30,52527.7,52557.6,52526.75,52546.85,
2024-07-18T13:45:00+05:30,52548.6,52589.3,52540.25,52563,
2024-07-18T13:50:00+05:30,52560.4,52627.8,52534.55,52619.3,
2024-07-18T13:55:00+05:30,52616.45,52637.35,52597.55,52602.55,
2024-07-18T14:00:00+05:30,52598.55,52719.55,52598.55,52719.55,
2024-07-18T14:05:00+05:30,52715.6,52720.45,52659.55,52659.9,
2024-07-18T14:10:00+05:30,52662.55,52754.05,52658.15,52734.6,
2024-07-18T14:15:00+05:30,52730.95,52766.35,52710.65,52744.05,
2024-07-18T14:20:00+05:30,52739.8,52747,52687.5,52712.5,
2024-07-18T14:25:00+05:30,52712.1,52782.75,52702.6,52731.6,
2024-07-18T14:30:00+05:30,52731.9,52739.95,52650.2,52692.25,
2024-07-18T14:35:00+05:30,52689.5,52700.45,52661.35,52677.65,
2024-07-18T14:40:00+05:30,52677.45,52755.6,52676.45,52738.8,
2024-07-18T14:45:00+05:30,52736.75,52766.15,52716.45,52731.7,
2024-07-18T14:50:00+05:30,52729.65,52757.35,52677.55,52682.4,
2024-07-18T14:55:00+05:30,52679.65,52694.3,52635.8,52659.95,
2024-07-18T15:00:00+05:30,52661.9,52668.4,52614.3,52637.95,
2024-07-18T15:05:00+05:30,52641,52684.5,52607.05,52619.1,
2024-07-18T15:10:00+05:30,52616.8,52691.65,52609.7,52630.1,
2024-07-18T15:15:00+05:30,52631.1,52653.05,52594.85,52610.3,
2024-07-18T15:20:00+05:30,52608.25,52623,52590.55,52610.05,
2024-07-18T15:25:00+05:30,52613.55,52625.3,52558.25,52559.25,
2024-07-19T09:15:00+05:30,52531.55,52586.75,52388.65,52417.4,
2024-07-19T09:20:00+05:30,52416.75,52418.35,52339.95,52386.9,
2024-07-19T09:25:00+05:30,52388.5,52539.75,52380.4,52523.8,
2024-07-19T09:30:00+05:30,52525.55,52539.65,52482.2,52518.7,
2024-07-19T09:35:00+05:30,52517.3,52547.4,52495.9,52533.3,
2024-07-19T09:40:00+05:30,52533.3,52562.9,52526.65,52551.85,
2024-07-19T09:45:00+05:30,52551.85,52554,52430.5,52460.9,
2024-07-19T09:50:00+05:30,52462.5,52462.5,52404.6,52439,
2024-07-19T09:55:00+05:30,52438.4,52474.3,52382.85,52389.8,
2024-07-19T10:00:00+05:30,52390.1,52426.35,52356.1,52396.85,
2024-07-19T10:05:00+05:30,52392.25,52422.45,52357.7,52382.25,
2024-07-19T10:10:00+05:30,52381.2,52381.2,52317.5,52362.4,
2024-07-19T10:15:00+05:30,52360.65,52405.5,52344.4,52391.65,
2024-07-19T10:20:00+05:30,52392.6,52443,52390.5,52419.5,
2024-07-19T10:25:00+05:30,52423.15,52475.45,52402.5,52425.55,
2024-07-19T10:30:00+05:30,52423.75,52434.7,52396.45,52423.1,
2024-07-19T10:35:00+05:30,52422.9,52440.6,52378.2,52388,
2024-07-19T10:40:00+05:30,52389.75,52414.1,52354.25,52385.6,
2024-07-19T10:45:00+05:30,52384.35,52399.25,52332.05,52359.2,
2024-07-19T10:50:00+05:30,52355.8,52372.3,52339,52348.15,
2024-07-19T10:55:00+05:30,52348.3,52349.1,52210.3,52229.8,
2024-07-19T11:00:00+05:30,52229.4,52295.45,52146.3,52284.55,
2024-07-19T11:05:00+05:30,52278.1,52316.8,52254.75,52303.95,
2024-07-19T11:10:00+05:30,52300.35,52307.1,52250,52298.1,
2024-07-19T11:15:00+05:30,52297.2,52314.1,52257.95,52314.1,
2024-07-19T11:20:00+05:30,52312,52344.05,52280.95,52341.95,
2024-07-19T11:25:00+05:30,52337.4,52356.85,52308,52330.7,
2024-07-19T11:30:00+05:30,52330.6,52397.75,52320.65,52351.2,
2024-07-19T11:35:00+05:30,52348.05,52353.1,52320.05,52326.95,
2024-07-19T11:40:00+05:30,52327.35,52327.35,52282.1,52306.75,
2024-07-19T11:45:00+05:30,52307.65,52326.95,52277.7,52296.4,
2024-07-19T11:50:00+05:30,52297.3,52328.6,52292.2,52309.5,
2024-07-19T11:55:00+05:30,52309.45,52352.8,52309.45,52325.1,
2024-07-19T12:00:00+05:30,52325.3,52352.4,52312.3,52351.6,
2024-07-19T12:05:00+05:30,52350.4,52381,52349.2,52366.75,
2024-07-19T12:10:00+05:30,52363.2,52376.35,52340.65,52344.1,
2024-07-19T12:15:00+05:30,52342.9,52376.1,52322.1,52328.75,
2024-07-19T12:20:00+05:30,52325.95,52325.95,52278.05,52285.85,
2024-07-19T12:25:00+05:30,52281.1,52313.25,52265.9,52309,
2024-07-19T12:30:00+05:30,52311.4,52318.8,52213.6,52215,
2024-07-19T12:35:00+05:30,52215.65,52258.15,52200.2,52241.85,
2024-07-19T12:40:00+05:30,52243.8,52273.65,52230.7,52261.7,
2024-07-19T12:45:00+05:30,52261.5,52276.45,52248.9,52260.15,
2024-07-19T12:50:00+05:30,52260.15,52277.9,52248.65,52274.65,
2024-07-19T12:55:00+05:30,52275.65,52278.15,52206.05,52211.95,
2024-07-19T13:00:00+05:30,52213.55,52247.55,52182.3,52241.2,
2024-07-19T13:05:00+05:30,52242.2,52271.4,52237.35,52245.15,
2024-07-19T13:10:00+05:30,52238.5,52261.95,52219.25,52255.4,
2024-07-19T13:15:00+05:30,52250,52257.65,52217.85,52220.1,
2024-07-19T13:20:00+05:30,52225.55,52296.7,52217.25,52296.25,
2024-07-19T13:25:00+05:30,52296.8,52338.15,52289.1,52308.3,
2024-07-19T13:30:00+05:30,52306.05,52356.3,52287.95,52301.25,
2024-07-19T13:35:00+05:30,52297.1,52344.75,52295.4,52332.95,
2024-07-19T13:40:00+05:30,52322.5,52361.7,52290.95,52303.65,
2024-07-19T13:45:00+05:30,52306.65,52347.3,52298.8,52344.45,
2024-07-19T13:50:00+05:30,52342.3,52384.4,52310.3,52329.6,
2024-07-19T13:55:00+05:30,52331.95,52347,52317.1,52333.4,
2024-07-19T14:00:00+05:30,52328.95,52368,52301.35,52306.7,
2024-07-19T14:05:00+05:30,52312.3,52328.1,52292.45,52318.7,
2024-07-19T14:10:00+05:30,52320.25,52321.2,52246.75,52263.9,
2024-07-19T14:15:00+05:30,52264.8,52289.25,52234.75,52285.8,
2024-07-19T14:20:00+05:30,52286.4,52316.05,52261.1,52266.85,
2024-07-19T14:25:00+05:30,52266.85,52310.25,52243.75,52305.95,
2024-07-19T14:30:00+05:30,52309.25,52324.7,52263.4,52269.2,
2024-07-19T14:35:00+05:30,52267.9,52296.25,52248.6,52266.45,
2024-07-19T14:40:00+05:30,52264.45,52302.25,52264.45,52290.65,
2024-07-19T14:45:00+05:30,52290.35,52341.15,52275.15,52322.25,
2024-07-19T14:50:00+05:30,52325.45,52332.85,52282.95,52293.7,
2024-07-19T14:55:00+05:30,52295.35,52332.1,52251.5,52312.6,
2024-07-19T15:00:00+05:30,52310.4,52339.55,52282.25,52292.9,
2024-07-19T15:05:00+05:30,52297.65,52314.65,52257.75,52280.25,
2024-07-19T15:10:00+05:30,52279.05,52308.2,52251.8,52277.05,
2024-07-19T15:15:00+05:30,52281.6,52287.45,52206,52240,
2024-07-19T15:20:00+05:30,52244.85,52256.3,52207.25,52255.05,
2024-07-19T15:25:00+05:30,52250.95,52263.45,52195.35,52222.95,
2024-07-22T09:15:00+05:30,52145.6,52229.3,51874.55,51962.1,
2024-07-22T09:20:00+05:30,51948,52000.5,51928.95,51990.9,
2024-07-22T09:25:00+05:30,51988.75,52055.9,51940.5,52047.55,
2024-07-22T09:30:00+05:30,52051.5,52185.7,52028.85,52157.5,
2024-07-22T09:35:00+05:30,52157.9,52262.15,52153.6,52262.15,
2024-07-22T09:40:00+05:30,52257.5,52334.05,52233.7,52274.95,
2024-07-22T09:45:00+05:30,52269.65,52314,52248.65,52286.75,
2024-07-22T09:50:00+05:30,52292.4,52319.35,52272.9,52287.85,
2024-07-22T09:55:00+05:30,52288.75,52345.8,52268.35,52345.8,
2024-07-22T10:00:00+05:30,52342,52344.15,52275.7,52325.5,
2024-07-22T10:05:00+05:30,52326.6,52364.45,52312.25,52331.9,
2024-07-22T10:10:00+05:30,52333.45,52369.05,52311.7,52365.45,
2024-07-22T10:15:00+05:30,52364.6,52384.15,52341.3,52349.1,
2024-07-22T10:20:00+05:30,52350.05,52402.85,52316.7,52402.85,
2024-07-22T10:25:00+05:30,52402.9,52426,52376.8,52394.1,
2024-07-22T10:30:00+05:30,52394.2,52424.8,52376,52411.9,
2024-07-22T10:35:00+05:30,52412.05,52413.5,52348.75,52396.2,
2024-07-22T10:40:00+05:30,52400,52427,52378.95,52392.75,
2024-07-22T10:45:00+05:30,52391.85,52399.6,52363.2,52396.5,
2024-07-22T10:50:00+05:30,52395.75,52417.8,52343.15,52359.35,
2024-07-22T10:55:00+05:30,52360.55,52375.85,52334.95,52338.45,
2024-07-22T11:00:00+05:30,52338.75,52345.55,52267.55,52296.05,
2024-07-22T11:05:00+05:30,52296.95,52356.9,52274.65,52346.4,
2024-07-22T11:10:00+05:30,52345.05,52351.9,52306.2,52313.9,
2024-07-22T11:15:00+05:30,52314.2,52331.05,52274.25,52293.05,
2024-07-22T11:20:00+05:30,52293.05,52303.35,52272.15,52297.65,
2024-07-22T11:25:00+05:30,52296.35,52329.7,52285.85,52305.1,
2024-07-22T11:30:00+05:30,52305.75,52325.8,52288.8,52312.95,
2024-07-22T11:35:00+05:30,52313.2,52329.45,52280.8,52295.9,
2024-07-22T11:40:00+05:30,52294.4,52304.85,52254.1,52291.8,
2024-07-22T11:45:00+05:30,52291.15,52307.35,52267.95,52277.95,
2024-07-22T11:50:00+05:30,52279.9,52298.65,52261.5,52262.85,
2024-07-22T11:55:00+05:30,52263.35,52303.6,52254.6,52266.85,
2024-07-22T12:00:00+05:30,52269.85,52275.4,52238.5,52243.35,
2024-07-22T12:05:00+05:30,52242.5,52265.85,52230,52256.4,
2024-07-22T12:10:00+05:30,52257.25,52275.25,52238.9,52263.55,
2024-07-22T12:15:00+05:30,52264.45,52272.15,52238.65,52256.25,
2024-07-22T12:20:00+05:30,52255.55,52267.2,52240.75,52251,
2024-07-22T12:25:00+05:30,52253.2,52259.25,52189.95,52208,
2024-07-22T12:30:00+05:30,52207,52217.9,52165.8,52190.65,
2024-07-22T12:35:00+05:30,52190.2,52202.3,52167.5,52184.9,
2024-07-22T12:40:00+05:30,52188.15,52261.7,52175.9,52237,
2024-07-22T12:45:00+05:30,52234.3,52268.65,52231.55,52257.9,
2024-07-22T12:50:00+05:30,52258.55,52267.4,52217.6,52226.6,
2024-07-22T12:55:00+05:30,52226,52253.55,52204.8,52227.25,
2024-07-22T13:00:00+05:30,52228.25,52237.45,52194.4,52206.25,
2024-07-22T13:05:00+05:30,52207.3,52231.35,52199,52225.5,
2024-07-22T13:10:00+05:30,52225.65,52266.15,52224.1,52241.9,
2024-07-22T13:15:00+05:30,52242.4,52265.9,52237.5,52247.3,
2024-07-22T13:20:00+05:30,52246.15,52272.6,52242.05,52269.75,
2024-07-22T13:25:00+05:30,52269.75,52314.05,52262.85,52291.75,
2024-07-22T13:30:00+05:30,52291.3,52324.85,52287,52305.75,
2024-07-22T13:35:00+05:30,52303.75,52312,52269.6,52277.45,
2024-07-22T13:40:00+05:30,52274.65,52294.9,52263.05,52290.05,
2024-07-22T13:45:00+05:30,52291.6,52309.9,52282.1,52294.6,
2024-07-22T13:50:00+05:30,52295.25,52313.9,52289.75,52307.05,
2024-07-22T13:55:00+05:30,52307.4,52320.7,52263.85,52267.3,
2024-07-22T14:00:00+05:30,52267.9,52287.6,52235.6,52270.8,
2024-07-22T14:05:00+05:30,52272.25,52276.5,52236.2,52241.05,
2024-07-22T14:10:00+05:30,52242.75,52261.35,52231.45,52243.75,
2024-07-22T14:15:00+05:30,52244.85,52261.25,52220.95,52235.05,
2024-07-22T14:20:00+05:30,52234.2,52280.3,52217.65,52265,
2024-07-22T14:25:00+05:30,52268.4,52277.9,52246.7,52268.85,
2024-07-22T14:30:00+05:30,52272.55,52303.15,52248,52285.9,
2024-07-22T14:35:00+05:30,52288.2,52294.6,52257.45,52289.3,
2024-07-22T14:40:00+05:30,52292.05,52321.15,52281.95,52292.8,
2024-07-22T14:45:00+05:30,52290.2,52295.3,52228.8,52240.5,
2024-07-22T14:50:00+05:30,52236.65,52258.8,52227.75,52253.2,
2024-07-22T14:55:00+05:30,52253.25,52279.8,52226.35,52270.6,
2024-07-22T15:00:00+05:30,52265,52303.2,52239.55,52250.75,
2024-07-22T15:05:00+05:30,52249.85,52301,52231.2,52295.7,
2024-07-22T15:10:00+05:30,52299.75,52332.55,52277.3,52309.8,
2024-07-22T15:15:00+05:30,52312.75,52318.7,52267.05,52288.9,
2024-07-22T15:20:00+05:30,52289.6,52301.4,52262.75,52295.35,
2024-07-22T15:25:00+05:30,52294.7,52332.55,52279.4,52328.6,
2024-07-23T09:15:00+05:30,52511,52547.55,52324.2,52371.45,
2024-07-23T09:20:00+05:30,52362.25,52427.6,52320.7,52354.4,
2024-07-23T09:25:00+05:30,52362.95,52375,52275.65,52347.3,
2024-07-23T09:30:00+05:30,52346.5,52362.4,52315.05,52327.95,
2024-07-23T09:35:00+05:30,52327.6,52360.95,52308.6,52319.65,
2024-07-23T09:40:00+05:30,52319.95,52321.4,52088.55,52218.5,
2024-07-23T09:45:00+05:30,52220.4,52286.45,52190.6,52204.65,
2024-07-23T09:50:00+05:30,52203.15,52279.2,52195.25,52251.45,
2024-07-23T09:55:00+05:30,52252.4,52269.75,52159,52232.75,
2024-07-23T10:00:00+05:30,52234.3,52242.15,52156.3,52212.7,
2024-07-23T10:05:00+05:30,52210.65,52242.65,52195.65,52215.75,
2024-07-23T10:10:00+05:30,52214.55,52237.3,52182.5,52219.95,
2024-07-23T10:15:00+05:30,52215.1,52227.35,52124.45,52193.4,
2024-07-23T10:20:00+05:30,52194.15,52257.65,52189.4,52201.65,
2024-07-23T10:25:00+05:30,52201.8,52228.8,52152.55,52172.75,
2024-07-23T10:30:00+05:30,52176.55,52335.2,52164.7,52218.7,
2024-07-23T10:35:00+05:30,52217.85,52250.65,52154.3,52178.9,
2024-07-23T10:40:00+05:30,52167.2,52222.3,52167.2,52209.15,
2024-07-23T10:45:00+05:30,52208.75,52251.2,52190.35,52219.9,
2024-07-23T10:50:00+05:30,52219.15,52277.75,52202.35,52258.5,
2024-07-23T10:55:00+05:30,52255.25,52308.45,52244.4,52272.1,
2024-07-23T11:00:00+05:30,52274.35,52395.95,52273.8,52333.25,
2024-07-23T11:05:00+05:30,52335.3,52427.45,52326.2,52387.1,
2024-07-23T11:10:00+05:30,52388.4,52405.9,52297.95,52351.1,
2024-07-23T11:15:00+05:30,52350.5,52370.5,51801.1,52142.6,
2024-07-23T11:20:00+05:30,52144.65,52323.5,52083.95,52204.8,
2024-07-23T11:25:00+05:30,52208,52250.95,52135.1,52206.6,
2024-07-23T11:30:00+05:30,52206.35,52244.4,52078.4,52153.6,
2024-07-23T11:35:00+05:30,52149.8,52196.85,52061.25,52170.05,
2024-07-23T11:40:00+05:30,52169.15,52194.65,52073,52130.55,
2024-07-23T11:45:00+05:30,52129.55,52158.35,52084.65,52146.2,
2024-07-23T11:50:00+05:30,52144.75,52157.15,52018.6,52085.35,
2024-07-23T11:55:00+05:30,52083.55,52217.9,52021.5,52122.45,
2024-07-23T12:00:00+05:30,52111.45,52143.85,52078.65,52100.95,
2024-07-23T12:05:00+05:30,52103.2,52249.1,52101.7,52165.2,
2024-07-23T12:10:00+05:30,52163.4,52196.75,52145.9,52163.4,
2024-07-23T12:15:00+05:30,52167.8,52197.25,51857,51889.3,
2024-07-23T12:20:00+05:30,51877.3,52000.9,51711.8,51749.75,
2024-07-23T12:25:00+05:30,51754.35,51940.4,51599.75,51632.15,
2024-07-23T12:30:00+05:30,51630.85,51958.3,51554.85,51954.85,
2024-07-23T12:35:00+05:30,51943.3,52034,51797.45,51835.5,
2024-07-23T12:40:00+05:30,51837.8,52061.85,51788.6,51909.75,
2024-07-23T12:45:00+05:30,51910.6,51910.6,51778.65,51797.25,
2024-07-23T12:50:00+05:30,51797.3,51913.1,51789.5,51859.5,
2024-07-23T12:55:00+05:30,51862.2,51882.55,51641.7,51664.3,
2024-07-23T13:00:00+05:30,51675,51707.4,51610.75,51659.15,
2024-07-23T13:05:00+05:30,51652.65,51681.3,51481.9,51498.35,
2024-07-23T13:10:00+05:30,51498.15,51544.9,51342.65,51359.75,
2024-07-23T13:15:00+05:30,51363.45,51463.25,51363.45,51455.8,
2024-07-23T13:20:00+05:30,51461,51528.1,51421.1,51470.65,
2024-07-23T13:25:00+05:30,51464.4,51703.1,51455.25,51637.1,
2024-07-23T13:30:00+05:30,51638.25,51672.05,51528.5,51570.6,
2024-07-23T13:35:00+05:30,51571.25,51696.85,51557.45,51659.5,
2024-07-23T13:40:00+05:30,51659.7,51693.05,51621.5,51631.55,
2024-07-23T13:45:00+05:30,51639.75,51660.35,51559.25,51649.75,
2024-07-23T13:50:00+05:30,51645.35,51755.75,51600.65,51699.45,
2024-07-23T13:55:00+05:30,51700.95,51778.4,51692.9,51749.85,
2024-07-23T14:00:00+05:30,51749.7,51791.5,51715.1,51782.25,
2024-07-23T14:05:00+05:30,51782.6,51901.05,51751.9,51879.95,
2024-07-23T14:10:00+05:30,51883.05,51917.8,51835.6,51849.15,
2024-07-23T14:15:00+05:30,51850.35,51868.6,51726.4,51743.65,
2024-07-23T14:20:00+05:30,51738.9,51763.55,51688.6,51760.5,
2024-07-23T14:25:00+05:30,51761.6,51765.05,51670.5,51712.7,
2024-07-23T14:30:00+05:30,51710.05,51943.4,51692.3,51939.55,
2024-07-23T14:35:00+05:30,51951.05,52057.65,51897.75,52048.15,
2024-07-23T14:40:00+05:30,52048.9,52086.35,51924.9,52048.25,
2024-07-23T14:45:00+05:30,52046.65,52054.7,51977.2,51986.45,
2024-07-23T14:50:00+05:30,51987.5,52020.6,51934.95,52000.25,
2024-07-23T14:55:00+05:30,51993.6,51995.85,51796.85,51804.9,
2024-07-23T15:00:00+05:30,51809.1,51887.55,51767.85,51872.95,
2024-07-23T15:05:00+05:30,51876.65,51881.65,51756,51857.95,
2024-07-23T15:10:00+05:30,51860.3,51860.3,51749.55,51752.3,
2024-07-23T15:15:00+05:30,51747.8,51778.5,51685.75,51687.75,
2024-07-23T15:20:00+05:30,51685.35,51707.25,51661,51705.2,
2024-07-23T15:25:00+05:30,51704.35,51764,51694.8,51757.15,
2024-07-24T09:15:00+05:30,51657.65,51741.7,51526.55,51712.85,
2024-07-24T09:20:00+05:30,51715.15,51831.1,51657.45,51694,
2024-07-24T09:25:00+05:30,51696.05,51787.35,51677.5,51702.85,
2024-07-24T09:30:00+05:30,51698.85,51889.95,51658.4,51882.75,
2024-07-24T09:35:00+05:30,51879.5,51937.65,51503.8,51503.8,
2024-07-24T09:40:00+05:30,51507.8,51643.6,51469.8,51619.75,
2024-07-24T09:45:00+05:30,51612.15,51642.9,51551.7,51570.4,
2024-07-24T09:50:00+05:30,51556.5,51887.5,51556.5,51830.35,
2024-07-24T09:55:00+05:30,51827.45,51944.65,51741.1,51848.6,
2024-07-24T10:00:00+05:30,51842.6,51862.6,51638.55,51690.9,
2024-07-24T10:05:00+05:30,51691.85,51756.6,51644.55,51686.3,
2024-07-24T10:10:00+05:30,51685.2,51744.5,51671.6,51703.35,
2024-07-24T10:15:00+05:30,51701.05,51831.4,51684.9,51720.4,
2024-07-24T10:20:00+05:30,51720.7,51731.55,51669.4,51721.65,
2024-07-24T10:25:00+05:30,51719.3,51720.25,51361.35,51392.75,
2024-07-24T10:30:00+05:30,51388.75,51585.45,51388.75,51523.9,
2024-07-24T10:35:00+05:30,51526.55,51530.3,51406.15,51497.95,
2024-07-24T10:40:00+05:30,51491.15,51498.75,51405.05,51458.15,
2024-07-24T10:45:00+05:30,51461.3,51494.75,51389.1,51446.95,
2024-07-24T10:50:00+05:30,51445.05,51530.4,51406.05,51530.4,
2024-07-24T10:55:00+05:30,51527.65,51527.65,51277.6,51376.2,
2024-07-24T11:00:00+05:30,51374.2,51398.35,51320.7,51366.25,
2024-07-24T11:05:00+05:30,51359.85,51360.5,51209.4,51264.7,
2024-07-24T11:10:00+05:30,51268.5,51296.55,51153.6,51190.6,
2024-07-24T11:15:00+05:30,51190.15,51236.95,51136.2,51214.25,
2024-07-24T11:20:00+05:30,51200.95,51218.6,51113.05,51156.85,
2024-07-24T11:25:00+05:30,51153.75,51173,51033.4,51060.9,
2024-07-24T11:30:00+05:30,51057.4,51131.2,51018.6,51052.75,
2024-07-24T11:35:00+05:30,51057.5,51125.2,51032.5,51095.15,
2024-07-24T11:40:00+05:30,51089.3,51131.9,51009.1,51048.65,
2024-07-24T11:45:00+05:30,51045.1,51143.7,51040.75,51111.7,
2024-07-24T11:50:00+05:30,51107.25,51171,51068.55,51133.15,
2024-07-24T11:55:00+05:30,51130,51141.55,51057.05,51098.9,
2024-07-24T12:00:00+05:30,51100.65,51147.5,51082.15,51134.85,
2024-07-24T12:05:00+05:30,51130.35,51144.9,51050.4,51111.25,
2024-07-24T12:10:00+05:30,51108.25,51118.9,51035.8,51071.15,
2024-07-24T12:15:00+05:30,51071.85,51082.05,50887.1,50902.6,
2024-07-24T12:20:00+05:30,50904.75,50914.5,50784.25,50881.7,
2024-07-24T12:25:00+05:30,50880.3,50910.8,50834.6,50871.1,
2024-07-24T12:30:00+05:30,50871.35,50919.4,50847.05,50877.45,
2024-07-24T12:35:00+05:30,50880.2,50933.4,50826.05,50876.1,
2024-07-24T12:40:00+05:30,50876.35,50918.5,50855.2,50876.85,
2024-07-24T12:45:00+05:30,50871.4,50967,50865.65,50939.55,
2024-07-24T12:50:00+05:30,50941.95,50955.95,50880.7,50889.8,
2024-07-24T12:55:00+05:30,50890.6,50961.25,50885.2,50921.8,
2024-07-24T13:00:00+05:30,50924.75,50962,50890.95,50929,
2024-07-24T13:05:00+05:30,50925.8,51004.25,50924.7,50974.3,
2024-07-24T13:10:00+05:30,50980.55,51120.55,50954.8,51102.65,
2024-07-24T13:15:00+05:30,51103,51115.7,51029.7,51046.4,
2024-07-24T13:20:00+05:30,51048.15,51200.1,51012.55,51163.6,
2024-07-24T13:25:00+05:30,51163.5,51184.3,51117.7,51124.35,
2024-07-24T13:30:00+05:30,51125,51201.2,51104.4,51152.3,
2024-07-24T13:35:00+05:30,51147.6,51316.35,51129,51297.25,
2024-07-24T13:40:00+05:30,51301.4,51515.55,51280.45,51490.25,
2024-07-24T13:45:00+05:30,51487.25,51491.45,51325.85,51328.8,
2024-07-24T13:50:00+05:30,51328.6,51389.85,51321.35,51352.75,
2024-07-24T13:55:00+05:30,51359.6,51360.6,51189.05,51193.4,
2024-07-24T14:00:00+05:30,51193.05,51209.15,51044.3,51113,
2024-07-24T14:05:00+05:30,51115.9,51124.05,51054.85,51074.9,
2024-07-24T14:10:00+05:30,51075.55,51081.5,51006.95,51034.95,
2024-07-24T14:15:00+05:30,51039.35,51100.7,51023.2,51042.15,
2024-07-24T14:20:00+05:30,51041,51106.35,50994.1,51094.3,
2024-07-24T14:25:00+05:30,51097.3,51192.35,51077.65,51173.4,
2024-07-24T14:30:00+05:30,51173.85,51334.8,51170.8,51265.4,
2024-07-24T14:35:00+05:30,51267.75,51280.55,51124.55,51161.05,
2024-07-24T14:40:00+05:30,51162.7,51262.2,51145.6,51183.55,
2024-07-24T14:45:00+05:30,51180.45,51250.55,51175.85,51213.55,
2024-07-24T14:50:00+05:30,51207.8,51317.3,51202.3,51285.85,
2024-07-24T14:55:00+05:30,51285.5,51324.8,51219.9,51291.15,
2024-07-24T15:00:00+05:30,51293.3,51293.3,51208.4,51246.1,
2024-07-24T15:05:00+05:30,51248.8,51299.65,51242.2,51299.65,
2024-07-24T15:10:00+05:30,51293.3,51328.2,51237.85,51314.45,
2024-07-24T15:15:00+05:30,51314.7,51353.8,51260.15,51343.35,
2024-07-24T15:20:00+05:30,51346.95,51462.15,51346.45,51450.8,
2024-07-24T15:25:00+05:30,51450.95,51459.1,51406.55,51429.75,
2024-07-25T09:15:00+05:30,50762.3,51006.1,50705.65,50745.15,
2024-07-25T09:20:00+05:30,50742.75,50829.1,50702.25,50770.3,
2024-07-25T09:25:00+05:30,50772.9,50807.25,50734.1,50790,
2024-07-25T09:30:00+05:30,50795.4,50860.15,50784.4,50818.95,
2024-07-25T09:35:00+05:30,50819.95,50856.9,50750.4,50848.05,
2024-07-25T09:40:00+05:30,50847.3,50882.65,50796.05,50800.15,
2024-07-25T09:45:00+05:30,50795.55,50799.25,50618.7,50671.55,
2024-07-25T09:50:00+05:30,50672.3,50711.95,50645.7,50691.3,
2024-07-25T09:55:00+05:30,50694.5,50710.3,50618.1,50628.8,
2024-07-25T10:00:00+05:30,50631.3,50685.4,50572,50685.4,
2024-07-25T10:05:00+05:30,50677.75,50683.15,50629.75,50650.6,
2024-07-25T10:10:00+05:30,50648.6,50670.6,50623.7,50636.05,
2024-07-25T10:15:00+05:30,50638.05,50707.75,50605.4,50622.3,
2024-07-25T10:20:00+05:30,50620.8,50644.9,50565.85,50571.65,
2024-07-25T10:25:00+05:30,50572.95,50621.9,50559.9,50585.2,
2024-07-25T10:30:00+05:30,50588.2,50668.85,50573.85,50620.65,
2024-07-25T10:35:00+05:30,50623.05,50700,50623.05,50652.8,
2024-07-25T10:40:00+05:30,50652.7,50699.25,50629.9,50692.75,
2024-07-25T10:45:00+05:30,50687.35,50731.7,50658.45,50682.4,
2024-07-25T10:50:00+05:30,50678.95,50708.55,50651.25,50670.85,
2024-07-25T10:55:00+05:30,50671.5,50730.45,50660.35,50717.7,
2024-07-25T11:00:00+05:30,50722.65,50766.8,50711.65,50750.1,
2024-07-25T11:05:00+05:30,50747.85,50760.8,50715.35,50743.25,
2024-07-25T11:10:00+05:30,50745.55,50768.25,50721.7,50737.25,
2024-07-25T11:15:00+05:30,50736.35,50746.35,50696.55,50712,
2024-07-25T11:20:00+05:30,50701.6,50764.15,50700.7,50764.15,
2024-07-25T11:25:00+05:30,50762.35,50812.65,50756.1,50781.8,
2024-07-25T11:30:00+05:30,50780.05,50816.7,50771,50800.8,
2024-07-25T11:35:00+05:30,50799.55,50846.6,50793.9,50814.85,
2024-07-25T11:40:00+05:30,50815.2,50879.15,50812.4,50839.75,
2024-07-25T11:45:00+05:30,50838.8,50862.85,50831.15,50850.5,
2024-07-25T11:50:00+05:30,50848.95,50851.9,50811,50840.35,
2024-07-25T11:55:00+05:30,50838.25,50865.35,50826.3,50844.85,
2024-07-25T12:00:00+05:30,50839.85,50855.8,50816.7,50853.85,
2024-07-25T12:05:00+05:30,50854.75,50869.05,50783.95,50803.25,
2024-07-25T12:10:00+05:30,50797.8,50841.35,50791.8,50839.65,
2024-07-25T12:15:00+05:30,50837.25,50845.55,50815,50822.95,
2024-07-25T12:20:00+05:30,50821.9,50844.8,50810.8,50832.45,
2024-07-25T12:25:00+05:30,50830.65,50849.85,50818.05,50823.65,
2024-07-25T12:30:00+05:30,50818.95,50857.15,50817,50840.45,
2024-07-25T12:35:00+05:30,50839.5,50853.05,50813.5,50813.5,
2024-07-25T12:40:00+05:30,50812.3,50814.3,50778.9,50793.1,
2024-07-25T12:45:00+05:30,50793.65,50855.1,50791.65,50840.4,
2024-07-25T12:50:00+05:30,50840.7,50861.05,50831.05,50845.5,
2024-07-25T12:55:00+05:30,50845.5,50860.65,50826.1,50859.25,
2024-07-25T13:00:00+05:30,50859.95,50879.55,50844.2,50848.65,
2024-07-25T13:05:00+05:30,50847.6,50864.9,50823.65,50864.9,
2024-07-25T13:10:00+05:30,50862.8,50866.85,50825.1,50833.25,
2024-07-25T13:15:00+05:30,50831.35,50848.65,50827.85,50830.5,
2024-07-25T13:20:00+05:30,50829.9,50839.85,50811.7,50831.85,
2024-07-25T13:25:00+05:30,50829.05,50864.6,50829.05,50844.9,
2024-07-25T13:30:00+05:30,50843.3,50851.85,50776.1,50809.5,
2024-07-25T13:35:00+05:30,50807.75,50827.7,50784.4,50795.55,
2024-07-25T13:40:00+05:30,50794.65,50833.85,50781.45,50790.15,
2024-07-25T13:45:00+05:30,50792.15,50828.35,50785.05,50805.25,
2024-07-25T13:50:00+05:30,50803.95,50837.75,50797.9,50821.9,
2024-07-25T13:55:00+05:30,50824.1,50861.25,50821,50856.6,
2024-07-25T14:00:00+05:30,50860,50921.7,50848.35,50917.3,
2024-07-25T14:05:00+05:30,50915.1,50917.85,50867.25,50901.55,
2024-07-25T14:10:00+05:30,50902.05,50904,50857.3,50890.4,
2024-07-25T14:15:00+05:30,50894.4,50904.55,50872.25,50904,
2024-07-25T14:20:00+05:30,50903.35,50919.9,50896.05,50916.05,
2024-07-25T14:25:00+05:30,50916.75,50936.25,50893.05,50900.7,
2024-07-25T14:30:00+05:30,50901.4,50924,50873.9,50878.4,
2024-07-25T14:35:00+05:30,50879.65,50902.1,50859.35,50884.9,
2024-07-25T14:40:00+05:30,50887.45,50913.5,50847.45,50855.9,
2024-07-25T14:45:00+05:30,50855.8,50893.9,50855.8,50886.4,
2024-07-25T14:50:00+05:30,50886.05,50894.7,50858.3,50862.6,
2024-07-25T14:55:00+05:30,50861.3,50892.7,50841.45,50852.4,
2024-07-25T15:00:00+05:30,50857.3,50908.65,50857.3,50900.85,
2024-07-25T15:05:00+05:30,50899.45,50926.45,50873.2,50914.65,
2024-07-25T15:10:00+05:30,50915,50928.35,50888.1,50897.9,
2024-07-25T15:15:00+05:30,50898.55,50898.55,50853.8,50858.95,
2024-07-25T15:20:00+05:30,50857.55,50895.75,50853.85,50890,
2024-07-25T15:25:00+05:30,50893.1,50897.8,50861.6,50886.55,
2024-07-26T09:15:00+05:30,50456.1,50796.15,50438.3,50796.15,
2024-07-26T09:20:00+05:30,50793.65,50876.4,50748.4,50751.15,
2024-07-26T09:25:00+05:30,50752.7,50804.85,50708.95,50724.9,
2024-07-26T09:30:00+05:30,50723.3,50763.55,50680.3,50698.6,
2024-07-26T09:35:00+05:30,50696.8,50842.65,50696.35,50810.2,
2024-07-26T09:40:00+05:30,50810.9,50824.85,50711.7,50770.95,
2024-07-26T09:45:00+05:30,50772.15,50786.35,50717.35,50722.2,
2024-07-26T09:50:00+05:30,50723.6,50731.75,50616.95,50724.65,
2024-07-26T09:55:00+05:30,50725.9,50772.8,50706.5,50759.5,
2024-07-26T10:00:00+05:30,50755.95,50818.15,50736.1,50744.75,
2024-07-26T10:05:00+05:30,50743.5,50770.4,50707,50707.85,
2024-07-26T10:10:00+05:30,50710.75,50744.45,50693.8,50722.15,
2024-07-26T10:15:00+05:30,50722.4,50781.85,50721.2,50777.8,
2024-07-26T10:20:00+05:30,50780.9,50785.65,50739.7,50770.85,
2024-07-26T10:25:00+05:30,50769.8,50776.55,50726.7,50750,
2024-07-26T10:30:00+05:30,50747.85,50785.8,50743.4,50770.85,
2024-07-26T10:35:00+05:30,50771.15,50776.6,50749.85,50770.8,
2024-07-26T10:40:00+05:30,50770.05,50772.9,50737.45,50740.35,
2024-07-26T10:45:00+05:30,50745.9,50745.9,50706.4,50729.85,
2024-07-26T10:50:00+05:30,50731.2,50756.5,50711.25,50743.95,
2024-07-26T10:55:00+05:30,50742.3,50749.4,50717.45,50737.55,
2024-07-26T11:00:00+05:30,50739.4,50833.15,50728.4,50825.15,
2024-07-26T11:05:00+05:30,50826.2,50904.4,50797.85,50885,
2024-07-26T11:10:00+05:30,50890.5,50950.45,50883.35,50895.3,
2024-07-26T11:15:00+05:30,50891.45,50922.75,50886,50905.95,
2024-07-26T11:20:00+05:30,50905.85,50912.65,50885.45,50904.15,
2024-07-26T11:25:00+05:30,50907.6,50923,50890.85,50896.55,
2024-07-26T11:30:00+05:30,50899.5,50908.45,50854.05,50857.15,
2024-07-26T11:35:00+05:30,50857.8,50898.9,50851.5,50873.35,
2024-07-26T11:40:00+05:30,50875.45,50924.4,50871,50916.55,
2024-07-26T11:45:00+05:30,50916.3,50937.7,50911.3,50915,
2024-07-26T11:50:00+05:30,50911.95,50923.8,50900.85,50904.7,
2024-07-26T11:55:00+05:30,50907.8,50978.05,50900.2,50960.15,
2024-07-26T12:00:00+05:30,50960.45,50987.25,50934.15,50942.25,
2024-07-26T12:05:00+05:30,50940.95,50951.2,50918.05,50928.5,
2024-07-26T12:10:00+05:30,50929.45,50943.05,50873.55,50878.85,
2024-07-26T12:15:00+05:30,50878.15,50907.5,50863,50897.55,
2024-07-26T12:20:00+05:30,50895.1,50917.35,50884.3,50887.45,
2024-07-26T12:25:00+05:30,50889.35,50923.1,50887,50912.85,
2024-07-26T12:30:00+05:30,50916.05,50998.55,50910.7,50985.5,
2024-07-26T12:35:00+05:30,50982.55,51004.2,50960,50986.6,
2024-07-26T12:40:00+05:30,50986.05,51064.45,50974.2,51064.45,
2024-07-26T12:45:00+05:30,51061.3,51081.65,51037.1,51042.9,
2024-07-26T12:50:00+05:30,51042.75,51066.05,51023.15,51066.05,
2024-07-26T12:55:00+05:30,51066.5,51078.6,51044.4,51062.75,
2024-07-26T13:00:00+05:30,51062.15,51099.5,51062.15,51069.35,
2024-07-26T13:05:00+05:30,51069.55,51122.4,51048.85,51122.4,
2024-07-26T13:10:00+05:30,51119.95,51201.55,51103,51201.55,
2024-07-26T13:15:00+05:30,51205.15,51221.35,51160.3,51171.4,
2024-07-26T13:20:00+05:30,51181.25,51221.6,51173.55,51204.15,
2024-07-26T13:25:00+05:30,51206,51225.7,51178.75,51186.9,
2024-07-26T13:30:00+05:30,51188.2,51205.55,51160.55,51180.25,
2024-07-26T13:35:00+05:30,51179.9,51275.9,51179.9,51259.8,
2024-07-26T13:40:00+05:30,51260.5,51277.2,51220.1,51232.25,
2024-07-26T13:45:00+05:30,51228.8,51322.2,51225.1,51303.15,
2024-07-26T13:50:00+05:30,51304.4,51319.45,51274.55,51303.7,
2024-07-26T13:55:00+05:30,51304.4,51304.4,51178.95,51238.85,
2024-07-26T14:00:00+05:30,51229.1,51242.15,51188.5,51209.1,
2024-07-26T14:05:00+05:30,51208.9,51259.8,51205.75,51221.05,
2024-07-26T14:10:00+05:30,51220.2,51244.65,51179,51222.75,
2024-07-26T14:15:00+05:30,51223.8,51248.9,51189.9,51210.6,
2024-07-26T14:20:00+05:30,51206.1,51224.3,51136.95,51140.95,
2024-07-26T14:25:00+05:30,51145.05,51221.75,51141.8,51195.2,
2024-07-26T14:30:00+05:30,51197.8,51234.7,51185.9,51218.75,
2024-07-26T14:35:00+05:30,51223.7,51249.15,51200.75,51239.55,
2024-07-26T14:40:00+05:30,51239.85,51256.6,51201.6,51249.45,
2024-07-26T14:45:00+05:30,51248.1,51280.05,51233.3,51262.75,
2024-07-26T14:50:00+05:30,51262.05,51282.65,51250.25,51273.15,
2024-07-26T14:55:00+05:30,51270.7,51339.1,51254.15,51328.9,
2024-07-26T15:00:00+05:30,51325.3,51345.45,51283.85,51299.65,
2024-07-26T15:05:00+05:30,51297.2,51302.7,51230.15,51254.65,
2024-07-26T15:10:00+05:30,51255.1,51335.1,51246.4,51321.25,
2024-07-26T15:15:00+05:30,51319.5,51328.45,51277.9,51297.05,
2024-07-26T15:20:00+05:30,51302.05,51321.45,51264.9,51316.75,
2024-07-26T15:25:00+05:30,51318.9,51398.6,51302.75,51352.75,
2024-07-29T09:15:00+05:30,51546.65,51838.15,51433.9,51733.9,
2024-07-29T09:20:00+05:30,51731.6,51849.4,51715.8,51785.2,
2024-07-29T09:25:00+05:30,51776.4,51815.15,51699.65,51759.25,
2024-07-29T09:30:00+05:30,51763.45,51830.95,51741.95,51816.05,
2024-07-29T09:35:00+05:30,51816.75,51909.8,51803.15,51875.05,
2024-07-29T09:40:00+05:30,51879.7,51939.8,51874.7,51930.3,
2024-07-29T09:45:00+05:30,51931.3,51940.65,51890.55,51922.3,
2024-07-29T09:50:00+05:30,51919.9,51954.4,51751.15,51834.45,
2024-07-29T09:55:00+05:30,51840.3,51861.4,51774.1,51814.45,
2024-07-29T10:00:00+05:30,51814.7,51879.05,51754.05,51871.55,
2024-07-29T10:05:00+05:30,51870.9,51880.9,51789.85,51816.65,
2024-07-29T10:10:00+05:30,51817.5,51835.9,51770,51798.95,
2024-07-29T10:15:00+05:30,51798.5,51839.15,51778.75,51830.65,
2024-07-29T10:20:00+05:30,51839.75,51881.4,51817.6,51870.05,
2024-07-29T10:25:00+05:30,51866.4,51896.75,51857.4,51879.95,
2024-07-29T10:30:00+05:30,51876.85,51898.6,51834.3,51875.75,
2024-07-29T10:35:00+05:30,51874.05,51879.5,51839.55,51850.9,
2024-07-29T10:40:00+05:30,51851.45,51881.65,51842.35,51867.4,
2024-07-29T10:45:00+05:30,51865.65,51993.95,51865.3,51971.15,
2024-07-29T10:50:00+05:30,51975.95,52009.45,51959.1,51992.7,
2024-07-29T10:55:00+05:30,51994.85,52113.25,51987.1,52097.55,
2024-07-29T11:00:00+05:30,52099.9,52183,52099.9,52138.2,
2024-07-29T11:05:00+05:30,52140.85,52147.25,52110.5,52129.25,
2024-07-29T11:10:00+05:30,52130.1,52168.5,52120.1,52130.35,
2024-07-29T11:15:00+05:30,52130.45,52184.35,52125.7,52161.55,
2024-07-29T11:20:00+05:30,52158.6,52195.6,52147.9,52175.25,
2024-07-29T11:25:00+05:30,52175.05,52185.55,52102.15,52137.9,
2024-07-29T11:30:00+05:30,52137.1,52146.2,52104.4,52135.4,
2024-07-29T11:35:00+05:30,52134.7,52167.3,52128.75,52153.15,
2024-07-29T11:40:00+05:30,52153.3,52244.45,52146.65,52229.6,
2024-07-29T11:45:00+05:30,52232.9,52340.25,52228.75,52310.6,
2024-07-29T11:50:00+05:30,52307.3,52314.8,52262.1,52291.25,
2024-07-29T11:55:00+05:30,52290.75,52298.5,52238.55,52256.75,
2024-07-29T12:00:00+05:30,52266,52308.4,52241.35,52292.35,
2024-07-29T12:05:00+05:30,52293.2,52300.35,52163.6,52186.05,
2024-07-29T12:10:00+05:30,52186.15,52188.1,51737,51833.8,
2024-07-29T12:15:00+05:30,51829.15,51866.9,51186.95,51337.65,
2024-07-29T12:20:00+05:30,51341,51596.15,51266.2,51392.9,
2024-07-29T12:25:00+05:30,51398.05,51593.8,51388.45,51586.25,
2024-07-29T12:30:00+05:30,51586.95,51626.2,51491.5,51528.9,
2024-07-29T12:35:00+05:30,51529.55,51653.45,51496.65,51633.1,
2024-07-29T12:40:00+05:30,51631.8,51742.1,51622.8,51687.15,
2024-07-29T12:45:00+05:30,51688.25,51762.65,51684.65,51716.9,
2024-07-29T12:50:00+05:30,51721.25,51752.8,51587.3,51601.25,
2024-07-29T12:55:00+05:30,51593.95,51743.55,51592.35,51736.85,
2024-07-29T13:00:00+05:30,51737.6,51778.45,51720.4,51738.9,
2024-07-29T13:05:00+05:30,51737.85,51774.7,51708.9,51725.15,
2024-07-29T13:10:00+05:30,51719.65,51728.9,51512.3,51516.85,
2024-07-29T13:15:00+05:30,51521.9,51595,51512.3,51589.15,
2024-07-29T13:20:00+05:30,51589.1,51676.7,51584.8,51655.3,
2024-07-29T13:25:00+05:30,51656.8,51682.95,51624.4,51647.5,
2024-07-29T13:30:00+05:30,51645,51687.35,51619.65,51678.8,
2024-07-29T13:35:00+05:30,51681.2,51717.65,51648.15,51657.95,
2024-07-29T13:40:00+05:30,51660.15,51697.25,51644.8,51677.45,
2024-07-29T13:45:00+05:30,51673.75,51687.05,51532.15,51586.4,
2024-07-29T13:50:00+05:30,51593.05,51647.5,51563.75,51580.65,
2024-07-29T13:55:00+05:30,51581.05,51613.2,51468.7,51479.2,
2024-07-29T14:00:00+05:30,51480.3,51496.2,51376.25,51401.45,
2024-07-29T14:05:00+05:30,51402.9,51470.1,51368.95,51459.55,
2024-07-29T14:10:00+05:30,51460.1,51476.75,51343.75,51345.35,
2024-07-29T14:15:00+05:30,51345.9,51403.85,51264.65,51276.8,
2024-07-29T14:20:00+05:30,51285.1,51372.3,51282.95,51330.25,
2024-07-29T14:25:00+05:30,51328.2,51453.05,51324.65,51453.05,
2024-07-29T14:30:00+05:30,51452.5,51548.65,51435.55,51530,
2024-07-29T14:35:00+05:30,51530.4,51535.75,51427.45,51446.6,
2024-07-29T14:40:00+05:30,51446.35,51500.7,51426.6,51481.8,
2024-07-29T14:45:00+05:30,51484.55,51570.65,51458.55,51565.85,
2024-07-29T14:50:00+05:30,51564.2,51590.35,51513.05,51547.05,
2024-07-29T14:55:00+05:30,51545.8,51569.85,51505.7,51553.05,
2024-07-29T15:00:00+05:30,51553.8,51617.85,51352.3,51356.7,
2024-07-29T15:05:00+05:30,51353.55,51389,51283.35,51323.3,
2024-07-29T15:10:00+05:30,51327.1,51370.6,51298.25,51311.85,
2024-07-29T15:15:00+05:30,51311.35,51384.95,51293.45,51377.65,
2024-07-29T15:20:00+05:30,51378.65,51380.9,51296.5,51337.8,
2024-07-29T15:25:00+05:30,51337.9,51395.05,51333.5,51389.6,
2024-07-30T09:15:00+05:30,51383.9,51501.9,51260.05,51415.05,
2024-07-30T09:20:00+05:30,51402.5,51434.85,51352.6,51402.95,
2024-07-30T09:25:00+05:30,51405.15,51454.6,51330.25,51370.2,
2024-07-30T09:30:00+05:30,51372.3,51528.1,51370.4,51515.45,
2024-07-30T09:35:00+05:30,51516.85,51518.35,51432.2,51476.2,
2024-07-30T09:40:00+05:30,51476.8,51599.65,51460.4,51588.25,
2024-07-30T09:45:00+05:30,51584.05,51601.55,51345.55,51396.1,
2024-07-30T09:50:00+05:30,51395.85,51525.35,51389.2,51485.05,
2024-07-30T09:55:00+05:30,51484.55,51501.55,51397.3,51438.3,
2024-07-30T10:00:00+05:30,51440.4,51456.45,51369.5,51391.65,
2024-07-30T10:05:00+05:30,51395.9,51402.25,51305.15,51365.95,
2024-07-30T10:10:00+05:30,51366.55,51486.75,51364.1,51470.1,
2024-07-30T10:15:00+05:30,51472.05,51514.2,51448.15,51508.1,
2024-07-30T10:20:00+05:30,51508.4,51560.75,51495.7,51543,
2024-07-30T10:25:00+05:30,51541.3,51615.5,51526.2,51590.85,
2024-07-30T10:30:00+05:30,51591.6,51611.45,51516.55,51579.85,
2024-07-30T10:35:00+05:30,51580.35,51661.8,51560.9,51645.85,
2024-07-30T10:40:00+05:30,51652.2,51692.45,51643.95,51667.6,
2024-07-30T10:45:00+05:30,51676.9,51676.9,51576.65,51630.7,
2024-07-30T10:50:00+05:30,51630.25,51666.55,51596,51652.7,
2024-07-30T10:55:00+05:30,51649.3,51703,51637.85,51698.45,
2024-07-30T11:00:00+05:30,51700.05,51700.05,51652.05,51670.3,
2024-07-30T11:05:00+05:30,51672.5,51688.5,51610.6,51641.65,
2024-07-30T11:10:00+05:30,51641.35,51681.95,51629.7,51645.1,
2024-07-30T11:15:00+05:30,51645.2,51692.15,51642.25,51681.65,
2024-07-30T11:20:00+05:30,51679.25,51696.5,51655.65,51664.05,
2024-07-30T11:25:00+05:30,51664.8,51710.9,51650.65,51682.4,
2024-07-30T11:30:00+05:30,51682.35,51762.55,51677.8,51747.35,
2024-07-30T11:35:00+05:30,51746.85,51784.6,51734.45,51747.4,
2024-07-30T11:40:00+05:30,51746.2,51774.25,51734.05,51758.1,
2024-07-30T11:45:00+05:30,51761.05,51762.65,51725.7,51734.6,
2024-07-30T11:50:00+05:30,51735.5,51756.9,51691.35,51718.1,
2024-07-30T11:55:00+05:30,51716.75,51739.45,51666.85,51704.05,
2024-07-30T12:00:00+05:30,51704.1,51708.75,51654.15,51694.5,
2024-07-30T12:05:00+05:30,51692,51718.75,51649.75,51685.9,
2024-07-30T12:10:00+05:30,51685.55,51694.5,51663.4,51689.15,
2024-07-30T12:15:00+05:30,51690.6,51736,51683.35,51700.35,
2024-07-30T12:20:00+05:30,51702.85,51708.4,51671.75,51693.25,
2024-07-30T12:25:00+05:30,51693.55,51719.7,51688.55,51708.2,
2024-07-30T12:30:00+05:30,51706.95,51751.3,51695.1,51720.6,
2024-07-30T12:35:00+05:30,51722.15,51738.15,51714.4,51732.5,
2024-07-30T12:40:00+05:30,51727.75,51734.3,51689.95,51706.5,
2024-07-30T12:45:00+05:30,51698.3,51721.65,51676.15,51709.2,
2024-07-30T12:50:00+05:30,51699.55,51730.05,51682.15,51724.8,
2024-07-30T12:55:00+05:30,51719.4,51736.1,51697.1,51712.8,
2024-07-30T13:00:00+05:30,51714.7,51743.85,51698.95,51718.7,
2024-07-30T13:05:00+05:30,51720,51957.3,51715.65,51910.1,
2024-07-30T13:10:00+05:30,51900.65,51957.75,51794.85,51802.6,
2024-07-30T13:15:00+05:30,51797.3,51838.45,51627.75,51673.85,
2024-07-30T13:20:00+05:30,51673.4,51706.85,51628.65,51661.8,
2024-07-30T13:25:00+05:30,51662,51688.9,51647.7,51678.25,
2024-07-30T13:30:00+05:30,51678.95,51693.6,51642.05,51680.2,
2024-07-30T13:35:00+05:30,51682.05,51706.35,51664.45,51683.1,
2024-07-30T13:40:00+05:30,51685.4,51817,51682.65,51814.05,
2024-07-30T13:45:00+05:30,51809.25,51836.9,51782.95,51801.4,
2024-07-30T13:50:00+05:30,51801.9,51862.1,51796.55,51837.85,
2024-07-30T13:55:00+05:30,51835.4,51866.5,51823.3,51840.45,
2024-07-30T14:00:00+05:30,51844.8,51862.85,51812.95,51833.15,
2024-07-30T14:05:00+05:30,51834.4,51841.2,51784.85,51819.55,
2024-07-30T14:10:00+05:30,51815.85,51820.25,51768.1,51795.5,
2024-07-30T14:15:00+05:30,51795.85,51863.65,51795.85,51854.4,
2024-07-30T14:20:00+05:30,51848.45,51892.85,51842.25,51873.9,
2024-07-30T14:25:00+05:30,51873.65,51891.6,51813.75,51840.3,
2024-07-30T14:30:00+05:30,51842.35,51850.2,51809.35,51839.4,
2024-07-30T14:35:00+05:30,51839.95,51895.45,51814.85,51894.45,
2024-07-30T14:40:00+05:30,51894.6,51922.55,51847.05,51875.55,
2024-07-30T14:45:00+05:30,51871.3,51876.95,51819.45,51838.4,
2024-07-30T14:50:00+05:30,51838.5,51839.55,51779.4,51807.4,
2024-07-30T14:55:00+05:30,51804.95,51825.15,51686.25,51714.5,
2024-07-30T15:00:00+05:30,51715.8,51719.45,51522.9,51522.9,
2024-07-30T15:05:00+05:30,51518.75,51587.45,51470.55,51476.85,
2024-07-30T15:10:00+05:30,51475.15,51511.35,51413.2,51462.35,
2024-07-30T15:15:00+05:30,51460.9,51510.85,51442.15,51457.7,
2024-07-30T15:20:00+05:30,51458.3,51462.85,51413.5,51419.6,
2024-07-30T15:25:00+05:30,51419.2,51443.9,51390.6,51426.15,
2024-07-31T09:15:00+05:30,51583.45,51587.95,51482.05,51498.5,
2024-07-31T09:20:00+05:30,51496.35,51538.6,51444.8,51456.7,
2024-07-31T09:25:00+05:30,51455.4,51555.2,51452.1,51549.3,
2024-07-31T09:30:00+05:30,51549.6,51552.65,51392.85,51445.45,
2024-07-31T09:35:00+05:30,51446.45,51540.95,51431.9,51514.3,
2024-07-31T09:40:00+05:30,51515.05,51525.5,51458.55,51472.45,
2024-07-31T09:45:00+05:30,51475.85,51520.55,51441.55,51481.95,
2024-07-31T09:50:00+05:30,51468.85,51497.3,51445.35,51468.35,
2024-07-31T09:55:00+05:30,51468.25,51526.3,51439.05,51518.55,
2024-07-31T10:00:00+05:30,51515.05,51565.25,51488.45,51545.65,
2024-07-31T10:05:00+05:30,51545.1,51570.75,51520.75,51535.35,
2024-07-31T10:10:00+05:30,51534.85,51621.75,51533.2,51606.85,
2024-07-31T10:15:00+05:30,51603.35,51657.45,51582.5,51650.6,
2024-07-31T10:20:00+05:30,51649.7,51661.85,51578.1,51578.1,
2024-07-31T10:25:00+05:30,51575.65,51614.45,51530.2,51588.1,
2024-07-31T10:30:00+05:30,51587.15,51592.5,51562,51589.45,
2024-07-31T10:35:00+05:30,51584.7,51595.3,51568.1,51583.3,
2024-07-31T10:40:00+05:30,51580.05,51610.25,51575.8,51592.1,
2024-07-31T10:45:00+05:30,51591.8,51612.7,51547.35,51581.2,
2024-07-31T10:50:00+05:30,51579.95,51602.25,51567.5,51590.85,
2024-07-31T10:55:00+05:30,51591.25,51593.65,51537.8,51552.45,
2024-07-31T11:00:00+05:30,51552.6,51585.5,51549.45,51576.35,
2024-07-31T11:05:00+05:30,51575.35,51579.05,51549.45,51559.05,
2024-07-31T11:10:00+05:30,51554.65,51589.85,51523.2,51557.15,
2024-07-31T11:15:00+05:30,51555.45,51569.4,51541.55,51560.9,
2024-07-31T11:20:00+05:30,51561.65,51571.85,51542.95,51555.3,
2024-07-31T11:25:00+05:30,51561.2,51567.3,51404.9,51405.45,
2024-07-31T11:30:00+05:30,51411.45,51459.8,51400.1,51457.1,
2024-07-31T11:35:00+05:30,51456.3,51512.55,51448.4,51479.65,
2024-07-31T11:40:00+05:30,51480.7,51505.05,51469.9,51493.2,
2024-07-31T11:45:00+05:30,51488.3,51511.95,51478.8,51478.8,
2024-07-31T11:50:00+05:30,51480.3,51499,51462.5,51488.9,
2024-07-31T11:55:00+05:30,51486.45,51504.65,51464.8,51469.5,
2024-07-31T12:00:00+05:30,51467.9,51511.25,51458.3,51477,
2024-07-31T12:05:00+05:30,51475.75,51494.5,51463.05,51466.65,
2024-07-31T12:10:00+05:30,51464.4,51487.1,51448.05,51475.9,
2024-07-31T12:15:00+05:30,51475.6,51498.35,51472.6,51479.4,
2024-07-31T12:20:00+05:30,51479.15,51488.85,51449.3,51483.3,
2024-07-31T12:25:00+05:30,51485.1,51495.55,51471.55,51493.55,
2024-07-31T12:30:00+05:30,51488.5,51497.5,51444.9,51457.5,
2024-07-31T12:35:00+05:30,51455.35,51486.45,51451.55,51461.8,
2024-07-31T12:40:00+05:30,51459.05,51480.8,51452.45,51475.35,
2024-07-31T12:45:00+05:30,51469.5,51579.8,51463.55,51557.35,
2024-07-31T12:50:00+05:30,51552.3,51569.9,51475.35,51492.4,
2024-07-31T12:55:00+05:30,51489.5,51502.7,51481.6,51498.4,
2024-07-31T13:00:00+05:30,51494.45,51501.55,51480.15,51484.9,
2024-07-31T13:05:00+05:30,51480.85,51509.95,51480.85,51504.3,
2024-07-31T13:10:00+05:30,51496.5,51515.85,51460.3,51498.05,
2024-07-31T13:15:00+05:30,51491.05,51506.15,51484.5,51494.8,
2024-07-31T13:20:00+05:30,51491.4,51535.35,51489.45,51518.6,
2024-07-31T13:25:00+05:30,51517.7,51529.55,51497.85,51511,
2024-07-31T13:30:00+05:30,51509.05,51540.7,51504.3,51533.25,
2024-07-31T13:35:00+05:30,51532.25,51541.25,51511.95,51520.75,
2024-07-31T13:40:00+05:30,51520.3,51534.7,51348.75,51426.65,
2024-07-31T13:45:00+05:30,51424.25,51470.35,51423.85,51458.6,
2024-07-31T13:50:00+05:30,51455.35,51461.85,51404.6,51451.9,
2024-07-31T13:55:00+05:30,51450.6,51462.55,51437.45,51445.5,
2024-07-31T14:00:00+05:30,51443.65,51448.1,51391.35,51429.95,
2024-07-31T14:05:00+05:30,51429.35,51430.45,51361.2,51369,
2024-07-31T14:10:00+05:30,51362.8,51403.45,51335.7,51385.7,
2024-07-31T14:15:00+05:30,51385.65,51408.25,51365.2,51394.9,
2024-07-31T14:20:00+05:30,51395.1,51410,51363.4,51390.9,
2024-07-31T14:25:00+05:30,51390.55,51458,51373.85,51445.9,
2024-07-31T14:30:00+05:30,51442.25,51504.55,51419.65,51421.45,
2024-07-31T14:35:00+05:30,51422.35,51485,51420.9,51479.1,
2024-07-31T14:40:00+05:30,51485.4,51487.15,51425.95,51459.1,
2024-07-31T14:45:00+05:30,51460.45,51511,51436.45,51480.55,
2024-07-31T14:50:00+05:30,51481.05,51520.15,51444.95,51459,
2024-07-31T14:55:00+05:30,51455.65,51490.75,51445.8,51480.65,
2024-07-31T15:00:00+05:30,51476.2,51538.15,51469.05,51486.25,
2024-07-31T15:05:00+05:30,51479.9,51536.95,51470.65,51527.8,
2024-07-31T15:10:00+05:30,51532.75,51583.45,51500.75,51547.45,
2024-07-31T15:15:00+05:30,51549,51626.05,51542.65,51607.2,
2024-07-31T15:20:00+05:30,51605.3,51645.75,51576.05,51640.1,
2024-07-31T15:25:00+05:30,51634.5,51663.1,51618.45,51620.8,
